model,layer,roi,split,subject,metric,n_features_1_model,n_features_2_brain,score,test_scores_list,alphas,train_set_train_split_score_mean,ridgecv_val_mse,train_set_train_split_mse,train_set_val_split_mse
timm/resnet50.a1_in1k,layer1.0,V1,train,sub-07,linear_predictivity,5919,420,0.04506778514907051,,"[31622.776601683796, 31622.776601683796, 31622.776601683796, 31622.776601683796, 31622.776601683796]",0.24085425459401852,1.1637002660641513,0.7589028303216432,0.9502089943948429
timm/resnet50.a1_in1k,layer1.0,V1,test,sub-07,linear_predictivity,5919,420,0.05163052862997534,"[0.05366210527120058, 0.05758309629093758, 0.048918643442352784, 0.0497974700287696, 0.048191328116616125]",,,,,
timm/resnet50.a1_in1k,layer1.0,V2,train,sub-07,linear_predictivity,5919,470,0.020002871286647912,,"[31622.776601683796, 31622.776601683796, 31622.776601683796, 31622.776601683796, 31622.776601683796]",0.2216319040738246,1.1772522769568823,0.7780961162360499,0.9747258812788535
timm/resnet50.a1_in1k,layer1.0,V2,test,sub-07,linear_predictivity,5919,470,0.03604992970954514,"[0.040839056574048106, 0.04015938156019193, 0.03960998695950311, 0.02765031931517797, 0.031990904138804586]",,,,,
timm/resnet50.a1_in1k,layer1.0,V3,train,sub-07,linear_predictivity,5919,348,0.0029469754811023863,,"[100000.0, 31622.776601683796, 100000.0, 100000.0, 100000.0]",0.11744433281250659,1.1978340171219148,0.8819327961891379,0.9910910374058567
timm/resnet50.a1_in1k,layer1.0,V3,test,sub-07,linear_predictivity,5919,348,0.013199030931101596,"[0.01790486808379145, 0.02063516026477549, 0.010790743543592713, 0.007429399581957034, 0.009234983181391297]",,,,,
timm/resnet50.a1_in1k,layer1.0,V4,train,sub-07,linear_predictivity,5919,451,0.007684887794063689,,"[100000.0, 31622.776601683796, 100000.0, 100000.0, 31622.776601683796]",0.14027932611890784,1.1943166453165521,0.8589488753549503,0.9867306651065432
timm/resnet50.a1_in1k,layer1.0,V4,test,sub-07,linear_predictivity,5919,451,0.011458638700459439,"[0.011202465982803897, 0.024698745406635657, 0.006749208925866725, 0.0043800003972527665, 0.01026277278973815]",,,,,
timm/resnet50.a1_in1k,layer1.0,V3A,train,sub-07,linear_predictivity,5919,55,-0.0016982456453521041,,"[100000.0, 100000.0, 100000.0, 100000.0, 100000.0]",0.08532329535100139,1.2124557409775647,0.9143777038343668,0.9959204817740719
timm/resnet50.a1_in1k,layer1.0,V3A,test,sub-07,linear_predictivity,5919,55,0.011159158515964145,"[0.00883321681430222, 0.004340079067921136, 0.01800429517867861, 0.013409622153874111, 0.011208579365044647]",,,,,
timm/resnet50.a1_in1k,layer1.0,V3B,train,sub-07,linear_predictivity,5919,103,0.019340025615345605,,"[31622.776601683796, 31622.776601683796, 31622.776601683796, 100000.0, 31622.776601683796]",0.1914783330619485,1.1957643730900271,0.8081936582988718,0.9744737277624008
timm/resnet50.a1_in1k,layer1.0,V3B,test,sub-07,linear_predictivity,5919,103,0.04921274811140276,"[0.0455482312216759, 0.045130521760687534, 0.06203641285390353, 0.049905564338200994, 0.043443010382545846]",,,,,
timm/resnet50.a1_in1k,layer1.0,V6,train,sub-07,linear_predictivity,5919,94,-0.01214273862147162,,"[316227.7660168379, 1000000.0, 316227.7660168379, 1000000.0, 316227.7660168379]",0.024213129173443353,1.209648186839441,0.9753613465883229,1.004350650172443
timm/resnet50.a1_in1k,layer1.0,V6,test,sub-07,linear_predictivity,5919,94,0.0028469973738279855,"[0.003176201736773308, 0.0009517472848541312, 0.006013473426958666, 0.001834445181050546, 0.002259119239503276]",,,,,
timm/resnet50.a1_in1k,layer1.0,V6A,train,sub-07,linear_predictivity,5919,63,-0.004956540754058546,,"[100000.0, 100000.0, 316227.7660168379, 100000.0, 100000.0]",0.07809030793893082,1.1996873676441606,0.9215372584852772,0.9969323135395902
timm/resnet50.a1_in1k,layer1.0,V6A,test,sub-07,linear_predictivity,5919,63,0.033512629245340174,"[0.0332514446100681, 0.04408060127527839, 0.02158763972112566, 0.033414821068438245, 0.03522863955179047]",,,,,
timm/resnet50.a1_in1k,layer1.0,V7,train,sub-07,linear_predictivity,5919,37,-0.0006297513598814326,,"[100000.0, 100000.0, 100000.0, 100000.0, 100000.0]",0.08914418420099932,1.2002963076927078,0.9104524312551897,0.993036168864187
timm/resnet50.a1_in1k,layer1.0,V7,test,sub-07,linear_predictivity,5919,37,0.036059000573481784,"[0.038731611808484626, 0.04060459273358193, 0.037134924211467205, 0.033547494903672884, 0.030276379210202264]",,,,,
timm/resnet50.a1_in1k,layer1.0,V8,train,sub-07,linear_predictivity,5919,80,0.023646482126497503,,"[31622.776601683796, 31622.776601683796, 31622.776601683796, 31622.776601683796, 100000.0]",0.19899107255725876,1.182566597639426,0.800462932959382,0.9690417006708085
timm/resnet50.a1_in1k,layer1.0,V8,test,sub-07,linear_predictivity,5919,80,0.04436190072027714,"[0.03912027939093511, 0.052460616151141434, 0.04138652576993869, 0.04328156246056271, 0.04556051982880775]",,,,,
timm/resnet50.a1_in1k,layer1.0,FFC,train,sub-07,linear_predictivity,5919,265,0.03195349708345315,,"[31622.776601683796, 31622.776601683796, 31622.776601683796, 31622.776601683796, 31622.776601683796]",0.23171930638295773,1.156134590771894,0.7679743631722891,0.9624041638053085
timm/resnet50.a1_in1k,layer1.0,FFC,test,sub-07,linear_predictivity,5919,265,0.06307765084553787,"[0.056240372977397125, 0.07102128435975617, 0.06284517353814843, 0.059809182706751625, 0.06547224064563603]",,,,,
timm/resnet50.a1_in1k,layer1.0,PIT,train,sub-07,linear_predictivity,5919,101,0.027350713529196238,,"[31622.776601683796, 31622.776601683796, 31622.776601683796, 31622.776601683796, 31622.776601683796]",0.22217591087840693,1.1729944426293675,0.7775347906842404,0.9673043375551611
timm/resnet50.a1_in1k,layer1.0,PIT,test,sub-07,linear_predictivity,5919,101,0.055491445817358306,"[0.04830783547966733, 0.07940459097147781, 0.04287426492834044, 0.05524718558238597, 0.05162335212492]",,,,,
timm/resnet50.a1_in1k,layer1.0,IPS1,train,sub-07,linear_predictivity,5919,191,-0.003497250672415855,,"[100000.0, 100000.0, 100000.0, 100000.0, 100000.0]",0.08888162842390364,1.2048525251929545,0.9107329455395472,0.9962845666035516
timm/resnet50.a1_in1k,layer1.0,IPS1,test,sub-07,linear_predictivity,5919,191,0.014952816400393306,"[0.016068041807660537, 0.009410209955240303, 0.025580267665405793, 0.010584208397019236, 0.01312135417664066]",,,,,
timm/resnet50.a1_in1k,layer1.0,MST,train,sub-07,linear_predictivity,5919,149,0.01682023956138518,,"[31622.776601683796, 31622.776601683796, 31622.776601683796, 31622.776601683796, 31622.776601683796]",0.215999018322676,1.180963796013401,0.7837909053387117,0.9791802555420139
timm/resnet50.a1_in1k,layer1.0,MST,test,sub-07,linear_predictivity,5919,149,0.07655907508811635,"[0.07963078410284581, 0.08147325149369031, 0.06763675006216996, 0.07929760299130795, 0.07475698679056772]",,,,,
timm/resnet50.a1_in1k,layer1.0,MT,train,sub-07,linear_predictivity,5919,100,0.01838178584632597,,"[31622.776601683796, 31622.776601683796, 31622.776601683796, 31622.776601683796, 31622.776601683796]",0.21821104183086368,1.167764211549204,0.7815488899851134,0.977318645446131
timm/resnet50.a1_in1k,layer1.0,MT,test,sub-07,linear_predictivity,5919,100,0.06954524517178502,"[0.07143354361042299, 0.07745069496416773, 0.06075358886693949, 0.07701818581829513, 0.06107021259909981]",,,,,
timm/resnet50.a1_in1k,layer1.0,FST,train,sub-07,linear_predictivity,5919,167,0.0007193916167809124,,"[100000.0, 100000.0, 100000.0, 100000.0, 100000.0]",0.09003447896170617,1.2109054303888072,0.9096327454901607,0.9929835524028882
timm/resnet50.a1_in1k,layer1.0,FST,test,sub-07,linear_predictivity,5919,167,0.034383423286069685,"[0.03370795533525105, 0.02792555568165732, 0.035649255818409435, 0.03675415675587083, 0.037880192839159804]",,,,,
timm/resnet50.a1_in1k,layer1.0,LO1,train,sub-07,linear_predictivity,5919,80,0.02662770754540312,,"[31622.776601683796, 31622.776601683796, 31622.776601683796, 31622.776601683796, 31622.776601683796]",0.22944157513154448,1.149721380055118,0.7701292985957018,0.9640120906394649
timm/resnet50.a1_in1k,layer1.0,LO1,test,sub-07,linear_predictivity,5919,80,0.05784384628790869,"[0.04868982499967222, 0.07612257106794433, 0.042676611236339104, 0.0659248566574393, 0.05580536747814846]",,,,,
timm/resnet50.a1_in1k,layer1.0,LO2,train,sub-07,linear_predictivity,5919,67,0.018073503355698954,,"[31622.776601683796, 31622.776601683796, 31622.776601683796, 31622.776601683796, 31622.776601683796]",0.21454368323733686,1.1736763382969413,0.7851419369551245,0.9763576781290123
timm/resnet50.a1_in1k,layer1.0,LO2,test,sub-07,linear_predictivity,5919,67,0.042108041569153,"[0.038665818033147316, 0.06630376327789811, 0.026896897867368923, 0.039489619318645024, 0.0391841093487056]",,,,,
timm/resnet50.a1_in1k,layer1.0,LO3,train,sub-07,linear_predictivity,5919,125,0.031214970502452987,,"[31622.776601683796, 31622.776601683796, 31622.776601683796, 31622.776601683796, 31622.776601683796]",0.2375839249658597,1.122388081827812,0.7620850288843839,0.9626023370745701
timm/resnet50.a1_in1k,layer1.0,LO3,test,sub-07,linear_predictivity,5919,125,0.05439935590991627,"[0.05229887871000415, 0.059418611273914186, 0.041905605897677625, 0.05794328849806353, 0.06043039516992187]",,,,,
timm/resnet50.a1_in1k,layer1.0,V7,train,sub-07,linear_predictivity,5919,37,-0.0006297513598814326,,"[100000.0, 100000.0, 100000.0, 100000.0, 100000.0]",0.08914418420099932,1.2002963076927078,0.9104524312551897,0.993036168864187
timm/resnet50.a1_in1k,layer1.0,V7,test,sub-07,linear_predictivity,5919,37,0.036059000573481784,"[0.038731611808484626, 0.04060459273358193, 0.037134924211467205, 0.033547494903672884, 0.030276379210202264]",,,,,
timm/resnet50.a1_in1k,layer1.0,IP0,train,sub-07,linear_predictivity,5919,73,0.0017523426453455563,,"[100000.0, 100000.0, 100000.0, 100000.0, 100000.0]",0.0937977386834015,1.20637167312116,0.905763267155009,0.9899574906998764
timm/resnet50.a1_in1k,layer1.0,IP0,test,sub-07,linear_predictivity,5919,73,0.015388414214713004,"[0.022974778768054697, 0.005082264251902522, 0.018933942201187468, 0.013600898105762345, 0.016350187746657995]",,,,,
timm/resnet50.a1_in1k,layer1.0,IP1,train,sub-07,linear_predictivity,5919,94,-0.005720959584703001,,"[1000000.0, 316227.7660168379, 1000000000.0, 316227.7660168379, 1000000000.0]",0.014797453791272345,1.213535655654423,0.9849562207645504,1.002467279814427
timm/resnet50.a1_in1k,layer1.0,IP1,test,sub-07,linear_predictivity,5919,94,-0.009444963265686798,"[-0.006290867715717941, -0.02097010498690479, -0.004974396272793623, -0.013475382069157766, -0.0015140652838598748]",,,,,
timm/resnet50.a1_in1k,layer1.0,MIP,train,sub-07,linear_predictivity,5919,71,-0.011363225569786839,,"[316227.7660168379, 316227.7660168379, 316227.7660168379, 100000.0, 316227.7660168379]",0.0440204553721098,1.2243430798055122,0.9555471338202933,1.0027365981961776
timm/resnet50.a1_in1k,layer1.0,MIP,test,sub-07,linear_predictivity,5919,71,-0.005155395172365018,"[-7.631502162999564e-05, -0.012573456191828137, 0.002296972074890568, -0.012541184720237691, -0.002882992003019836]",,,,,
timm/resnet50.a1_in1k,layer1.0,VIP,train,sub-07,linear_predictivity,5919,91,-0.005759522387952028,,"[316227.7660168379, 316227.7660168379, 316227.7660168379, 316227.7660168379, 100000.0]",0.04484090186776246,1.2079724546570474,0.9548010371517017,0.999735449047004
timm/resnet50.a1_in1k,layer1.0,VIP,test,sub-07,linear_predictivity,5919,91,0.014013755892400965,"[0.014422201570325286, 0.010339319065986594, 0.01642085211977825, 0.01239466306912539, 0.01649174363678931]",,,,,
timm/resnet50.a1_in1k,layer1.0,LIPd,train,sub-07,linear_predictivity,5919,65,-0.0075220394611560555,,"[1000000.0, 3162277.6601683795, 3162277.6601683795, 1000000.0, 1000000.0]",0.008255572729297698,1.2153883253511042,0.9914251470469326,1.0024463666388406
timm/resnet50.a1_in1k,layer1.0,LIPd,test,sub-07,linear_predictivity,5919,65,-0.00102188717793981,"[0.003148118030495699, -0.009551638755639929, -0.0027221737311538515, 0.003991791962185706, 2.446660441332443e-05]",,,,,
timm/resnet50.a1_in1k,layer1.0,LIPv,train,sub-07,linear_predictivity,5919,95,-0.010501405538310518,,"[316227.7660168379, 316227.7660168379, 316227.7660168379, 316227.7660168379, 100000.0]",0.04377629990832869,1.2150291013992784,0.9555523128360287,1.001839836184652
timm/resnet50.a1_in1k,layer1.0,LIPv,test,sub-07,linear_predictivity,5919,95,0.008996916970566683,"[0.009325453906309306, 0.0025426208013554752, 0.007541232678266517, 0.009594845708890147, 0.01598043175801197]",,,,,
timm/resnet50.a1_in1k,layer1.0,AIP,train,sub-07,linear_predictivity,5919,224,-0.009093178534719202,,"[316227.7660168379, 1000000.0, 1000000.0, 316227.7660168379, 316227.7660168379]",0.02417435197815886,1.2300666622770193,0.9754511232653975,1.0022842348930554
timm/resnet50.a1_in1k,layer1.0,AIP,test,sub-07,linear_predictivity,5919,224,0.0025667735284369037,"[0.0020143822978957357, -0.0030539039811291217, 0.0015636780457950878, 0.009203938203512877, 0.0031057730761099383]",,,,,
timm/resnet50.a1_in1k,layer1.0,7Pm,train,sub-07,linear_predictivity,5919,5,-0.006945640123483828,,"[1000000000.0, 1000000000.0, 1000000000.0, 316227.7660168379, 1000000.0]",0.00907951294789311,1.2268193469918527,0.9907377984600656,1.0034019595166614
timm/resnet50.a1_in1k,layer1.0,7Pm,test,sub-07,linear_predictivity,5919,5,-0.00023555700169422422,"[-0.0028465435287091, -0.0028379506548706244, -0.0013104163405960989, 0.0056063800367181175, 0.0002107454789865848]",,,,,
timm/resnet50.a1_in1k,layer1.0,7PL,train,sub-07,linear_predictivity,5919,40,-0.013413737268858568,,"[316227.7660168379, 316227.7660168379, 100000.0, 100000.0, 316227.7660168379]",0.05495398845114284,1.2041044767949038,0.9445051167627755,1.0038955217344636
timm/resnet50.a1_in1k,layer1.0,7PL,test,sub-07,linear_predictivity,5919,40,0.016542223207629853,"[0.013899150910845464, 0.005182836041376942, 0.025923651973956872, 0.02007493096122253, 0.017630546150747446]",,,,,
timm/resnet50.a1_in1k,layer1.0,7PC,train,sub-07,linear_predictivity,5919,153,-0.008419452223717297,,"[316227.7660168379, 316227.7660168379, 316227.7660168379, 316227.7660168379, 100000.0]",0.045129966665756825,1.222739176628507,0.9542296803701202,1.000449561394934
timm/resnet50.a1_in1k,layer1.0,7PC,test,sub-07,linear_predictivity,5919,153,0.02699610408064946,"[0.023074695697651547, 0.02084189061172237, 0.023881280294078672, 0.0198265907679445, 0.0473560630318502]",,,,,
timm/resnet50.a1_in1k,layer1.0,7Am,train,sub-07,linear_predictivity,5919,78,-0.010994864911745445,,"[316227.7660168379, 316227.7660168379, 316227.7660168379, 100000.0, 316227.7660168379]",0.043889994080066407,1.2115104458469104,0.9555567911036515,1.0025787059576583
timm/resnet50.a1_in1k,layer1.0,7Am,test,sub-07,linear_predictivity,5919,78,0.015877350850198233,"[0.012867746724474154, 0.011810893260975697, 0.01804813456242186, 0.023257169791438492, 0.013402809911680956]",,,,,
timm/resnet50.a1_in1k,layer1.0,7AL,train,sub-07,linear_predictivity,5919,64,-0.012726018861880668,,"[3162277.6601683795, 1000000000.0, 1000000.0, 316227.7660168379, 1000000000.0]",0.009562273203922672,1.2105096445662595,0.9898478157005058,1.0049752490136803
timm/resnet50.a1_in1k,layer1.0,7AL,test,sub-07,linear_predictivity,5919,64,0.00039623663047313985,"[-0.0005263532063605816, -0.004835013580294319, 0.002146253965912507, 0.007861666631780482, -0.0026653706586723894]",,,,,
timm/resnet50.a1_in1k,layer1.0,VVC,train,sub-07,linear_predictivity,5919,157,0.010774557445484795,,"[100000.0, 31622.776601683796, 31622.776601683796, 100000.0, 31622.776601683796]",0.16875786128992817,1.1964000309642473,0.830672821566575,0.9829315503275928
timm/resnet50.a1_in1k,layer1.0,VVC,test,sub-07,linear_predictivity,5919,157,0.004292013677898606,"[0.012272909333446215, 0.008002986057737438, -0.0038110898364619745, 0.00596452349509728, -0.0009692606603259299]",,,,,
timm/resnet50.a1_in1k,layer1.0,VMV2,train,sub-07,linear_predictivity,5919,66,0.026016250384020456,,"[31622.776601683796, 31622.776601683796, 31622.776601683796, 100000.0, 31622.776601683796]",0.20117133071239834,1.1870952003033628,0.7987477165381197,0.9688331627240213
timm/resnet50.a1_in1k,layer1.0,VMV2,test,sub-07,linear_predictivity,5919,66,0.0505036947260049,"[0.05177222530430882, 0.04580487288627643, 0.0407032596093377, 0.05970651915125195, 0.05453159667884963]",,,,,
timm/resnet50.a1_in1k,layer1.0,VMV3,train,sub-07,linear_predictivity,5919,82,0.012391627880423625,,"[100000.0, 31622.776601683796, 31622.776601683796, 100000.0, 100000.0]",0.14601234208685215,1.1935896016565732,0.8536890769921299,0.9814354157616474
timm/resnet50.a1_in1k,layer1.0,VMV3,test,sub-07,linear_predictivity,5919,82,0.02236862412613604,"[0.03273646773393532, 0.020016251187850907, 0.007286461913173754, 0.023728143690093337, 0.028075796105626886]",,,,,
timm/resnet50.a1_in1k,layer1.0,VMV1,train,sub-07,linear_predictivity,5919,27,0.0007761529184150159,,"[100000.0, 100000.0, 100000.0, 100000.0, 100000.0]",0.08972140827679312,1.235972869429398,0.9100342206057471,0.995069736639716
timm/resnet50.a1_in1k,layer1.0,VMV1,test,sub-07,linear_predictivity,5919,27,0.011061250687694034,"[0.010943291370317612, 0.00949376941251134, 0.013023964993646985, 0.012169337087953314, 0.009675890574040917]",,,,,
timm/resnet50.a1_in1k,layer1.0,PHA2,train,sub-07,linear_predictivity,5919,55,-0.0033810976387766683,,"[100000.0, 100000.0, 100000.0, 100000.0, 100000.0]",0.09065050535535688,1.2095504856532568,0.9088922868314558,0.9947512657624438
timm/resnet50.a1_in1k,layer1.0,PHA2,test,sub-07,linear_predictivity,5919,55,0.014434517442744012,"[0.01759187762277774, 0.013819993080259368, 0.009863709867867972, 0.011374650521356357, 0.01952235612145863]",,,,,
timm/resnet50.a1_in1k,layer1.0,PHA3,train,sub-07,linear_predictivity,5919,149,0.006118537768198976,,"[100000.0, 31622.776601683796, 31622.776601683796, 100000.0, 100000.0]",0.1465751866844138,1.1957283261441254,0.8529843915431803,0.9857902623063204
timm/resnet50.a1_in1k,layer1.0,PHA3,test,sub-07,linear_predictivity,5919,149,0.02272674010736202,"[0.033927408170765956, 0.010388248239614997, 0.015225150053588356, 0.02119184405427212, 0.03290105001856867]",,,,,
timm/resnet50.a1_in1k,layer1.0,PH,train,sub-07,linear_predictivity,5919,304,-0.0006964100698870361,,"[100000.0, 100000.0, 100000.0, 100000.0, 100000.0]",0.09003955487701995,1.2125251373529153,0.909629227171585,0.9943580332557078
timm/resnet50.a1_in1k,layer1.0,PH,test,sub-07,linear_predictivity,5919,304,0.01028421107065926,"[0.01112833889679216, 0.0013215954447130882, 0.013694995872508331, 0.014931657698378774, 0.01034446744090394]",,,,,
timm/resnet50.a1_in1k,layer1.1,V1,train,sub-07,linear_predictivity,5919,420,0.050621915017486425,,"[31622.776601683796, 31622.776601683796, 31622.776601683796, 31622.776601683796, 31622.776601683796]",0.25696344188014913,1.1246877306788394,0.7427913405757197,0.9446484158404724
timm/resnet50.a1_in1k,layer1.1,V1,test,sub-07,linear_predictivity,5919,420,0.06456494339048698,"[0.06552894234061815, 0.07044762313568514, 0.05921030098607909, 0.06817079542104976, 0.05946705506900272]",,,,,
timm/resnet50.a1_in1k,layer1.1,V2,train,sub-07,linear_predictivity,5919,470,0.026530622959203186,,"[31622.776601683796, 31622.776601683796, 31622.776601683796, 31622.776601683796, 31622.776601683796]",0.2391494846952269,1.1398843362827147,0.7605723444054504,0.9681007985817616
timm/resnet50.a1_in1k,layer1.1,V2,test,sub-07,linear_predictivity,5919,470,0.05381801132254975,"[0.05521665496489457, 0.05810401155524041, 0.05654603803637225, 0.05149192524387791, 0.047731426812363593]",,,,,
timm/resnet50.a1_in1k,layer1.1,V3,train,sub-07,linear_predictivity,5919,348,0.005710722398883826,,"[100000.0, 31622.776601683796, 100000.0, 31622.776601683796, 31622.776601683796]",0.17531679091961333,1.1590990892452437,0.823526192872348,0.9883124532471367
timm/resnet50.a1_in1k,layer1.1,V3,test,sub-07,linear_predictivity,5919,348,0.025625342721059503,"[0.025586552067615863, 0.03615761991472361, 0.0192127092306762, 0.02488493798098494, 0.02228489441129689]",,,,,
timm/resnet50.a1_in1k,layer1.1,V4,train,sub-07,linear_predictivity,5919,451,0.01437925070996074,,"[31622.776601683796, 31622.776601683796, 31622.776601683796, 31622.776601683796, 31622.776601683796]",0.22462112996412592,1.1595865307697681,0.7751007861998509,0.9798073931985669
timm/resnet50.a1_in1k,layer1.1,V4,test,sub-07,linear_predictivity,5919,451,0.029266450242429,"[0.027899700832804044, 0.04325713019017452, 0.02473650007239393, 0.02316462842177335, 0.027274291694999148]",,,,,
timm/resnet50.a1_in1k,layer1.1,V3A,train,sub-07,linear_predictivity,5919,55,-0.001131035980808786,,"[100000.0, 100000.0, 100000.0, 100000.0, 100000.0]",0.09113721854587184,1.1731526254956628,0.908564397579978,0.9953415168860034
timm/resnet50.a1_in1k,layer1.1,V3A,test,sub-07,linear_predictivity,5919,55,0.013180451729077069,"[0.00907634442450457, 0.010730088176244558, 0.018889399315955967, 0.015756266859466628, 0.011450159869213614]",,,,,
timm/resnet50.a1_in1k,layer1.1,V3B,train,sub-07,linear_predictivity,5919,103,0.025446364230576227,,"[31622.776601683796, 31622.776601683796, 31622.776601683796, 31622.776601683796, 31622.776601683796]",0.2304324875761738,1.1590338104425182,0.7692811005381023,0.9683523720871323
timm/resnet50.a1_in1k,layer1.1,V3B,test,sub-07,linear_predictivity,5919,103,0.05059948238404133,"[0.04501470597585091, 0.050893407092287846, 0.06191051605414236, 0.05289285910757372, 0.04228592369035181]",,,,,
timm/resnet50.a1_in1k,layer1.1,V6,train,sub-07,linear_predictivity,5919,94,-0.011693162196482544,,"[316227.7660168379, 316227.7660168379, 316227.7660168379, 316227.7660168379, 316227.7660168379]",0.03401094166940039,1.1787862396987254,0.9655186960031841,1.0038795611563938
timm/resnet50.a1_in1k,layer1.1,V6,test,sub-07,linear_predictivity,5919,94,0.005885239601538605,"[0.0031087554621588792, 0.00532062839341209, 0.008148154082613946, 0.010268672249814398, 0.0025799878196937098]",,,,,
timm/resnet50.a1_in1k,layer1.1,V6A,train,sub-07,linear_predictivity,5919,63,-0.004087919786452484,,"[100000.0, 100000.0, 100000.0, 100000.0, 31622.776601683796]",0.11921016044743908,1.1586596041028174,0.8801663118129956,0.9960464844201488
timm/resnet50.a1_in1k,layer1.1,V6A,test,sub-07,linear_predictivity,5919,63,0.03560330485320869,"[0.0330255689565933, 0.043329016213902075, 0.0401464395762636, 0.03082890550602029, 0.030686594013264186]",,,,,
timm/resnet50.a1_in1k,layer1.1,V7,train,sub-07,linear_predictivity,5919,37,-0.0006366975274083729,,"[100000.0, 100000.0, 100000.0, 100000.0, 31622.776601683796]",0.12027857821796609,1.1567308686094866,0.8790349757931833,0.9928819829802912
timm/resnet50.a1_in1k,layer1.1,V7,test,sub-07,linear_predictivity,5919,37,0.03317271954537314,"[0.0362759538265945, 0.03937816152536453, 0.036651409850582066, 0.03091506020682614, 0.022643012317498438]",,,,,
timm/resnet50.a1_in1k,layer1.1,V8,train,sub-07,linear_predictivity,5919,80,0.028918840975088074,,"[31622.776601683796, 31622.776601683796, 31622.776601683796, 31622.776601683796, 31622.776601683796]",0.23638221356907785,1.1453763230743128,0.7632548174853149,0.9635664683677236
timm/resnet50.a1_in1k,layer1.1,V8,test,sub-07,linear_predictivity,5919,80,0.06059199063301207,"[0.050028383918209726, 0.07081360100892624, 0.057976940521097774, 0.0636997840132132, 0.06044124370361341]",,,,,
timm/resnet50.a1_in1k,layer1.1,FFC,train,sub-07,linear_predictivity,5919,265,0.03664473930387709,,"[31622.776601683796, 31622.776601683796, 31622.776601683796, 31622.776601683796, 31622.776601683796]",0.2469636014463891,1.1239247986468155,0.7527290299280518,0.9576550574129609
timm/resnet50.a1_in1k,layer1.1,FFC,test,sub-07,linear_predictivity,5919,265,0.08073570837700902,"[0.06913590876750512, 0.08727792941344276, 0.08126706112663183, 0.08182020428595516, 0.08417743829151023]",,,,,
timm/resnet50.a1_in1k,layer1.1,PIT,train,sub-07,linear_predictivity,5919,101,0.03438679324034852,,"[31622.776601683796, 31622.776601683796, 31622.776601683796, 31622.776601683796, 31622.776601683796]",0.24032724955956608,1.1350277049607367,0.7593848275972246,0.960191898963861
timm/resnet50.a1_in1k,layer1.1,PIT,test,sub-07,linear_predictivity,5919,101,0.06450545883744088,"[0.05621266403385819, 0.08392131269274801, 0.05388176449921254, 0.06560659778181209, 0.06290495517957356]",,,,,
timm/resnet50.a1_in1k,layer1.1,IPS1,train,sub-07,linear_predictivity,5919,191,-0.002116808130474941,,"[100000.0, 100000.0, 100000.0, 100000.0, 100000.0]",0.09451867008886297,1.168418168619818,0.9051036511983197,0.9950279673601754
timm/resnet50.a1_in1k,layer1.1,IPS1,test,sub-07,linear_predictivity,5919,191,0.018403223363091057,"[0.02089435967334064, 0.012704975449299322, 0.028074951889531272, 0.015295765128733887, 0.015046064674550169]",,,,,
timm/resnet50.a1_in1k,layer1.1,MST,train,sub-07,linear_predictivity,5919,149,0.019789195451978478,,"[31622.776601683796, 31622.776601683796, 31622.776601683796, 31622.776601683796, 31622.776601683796]",0.23078669710907063,1.138373865723219,0.7690057208897338,0.976254396405389
timm/resnet50.a1_in1k,layer1.1,MST,test,sub-07,linear_predictivity,5919,149,0.07842162121274214,"[0.07898561067513016, 0.08391477777581048, 0.07231982744216521, 0.08008562656964624, 0.07680226360095864]",,,,,
timm/resnet50.a1_in1k,layer1.1,MT,train,sub-07,linear_predictivity,5919,100,0.020288556262330892,,"[31622.776601683796, 31622.776601683796, 31622.776601683796, 31622.776601683796, 31622.776601683796]",0.23289721881150371,1.1415420193458066,0.766865291179332,0.9754052884229854
timm/resnet50.a1_in1k,layer1.1,MT,test,sub-07,linear_predictivity,5919,100,0.07210823623762726,"[0.0703035316106021, 0.08369951625604913, 0.06305435397860058, 0.07882983177792481, 0.06465394756495968]",,,,,
timm/resnet50.a1_in1k,layer1.1,FST,train,sub-07,linear_predictivity,5919,167,0.0029124956981876906,,"[100000.0, 100000.0, 100000.0, 100000.0, 100000.0]",0.09638985093383691,1.166472955972268,0.9032710879834165,0.9907253418980619
timm/resnet50.a1_in1k,layer1.1,FST,test,sub-07,linear_predictivity,5919,167,0.034296173109635744,"[0.03402361319064409, 0.027873371573112725, 0.036021868468225436, 0.03676832073951525, 0.03679369157668125]",,,,,
timm/resnet50.a1_in1k,layer1.1,LO1,train,sub-07,linear_predictivity,5919,80,0.036657005832458775,,"[31622.776601683796, 31622.776601683796, 31622.776601683796, 31622.776601683796, 31622.776601683796]",0.24974606937882213,1.1074299040103535,0.749812787277194,0.9538279288247908
timm/resnet50.a1_in1k,layer1.1,LO1,test,sub-07,linear_predictivity,5919,80,0.07313023376806574,"[0.06678789112432351, 0.0892525550734828, 0.05976091309051061, 0.08003133552116096, 0.06981847403085077]",,,,,
timm/resnet50.a1_in1k,layer1.1,LO2,train,sub-07,linear_predictivity,5919,67,0.023757625627635892,,"[31622.776601683796, 31622.776601683796, 31622.776601683796, 31622.776601683796, 31622.776601683796]",0.2313921325528124,1.1364289260686917,0.7682878390391878,0.9705200532076435
timm/resnet50.a1_in1k,layer1.1,LO2,test,sub-07,linear_predictivity,5919,67,0.05121159671191089,"[0.045440323381636484, 0.07238009874530382, 0.03809327864288943, 0.05137991892630308, 0.04876436386342161]",,,,,
timm/resnet50.a1_in1k,layer1.1,LO3,train,sub-07,linear_predictivity,5919,125,0.036660097773150824,,"[31622.776601683796, 31622.776601683796, 31622.776601683796, 31622.776601683796, 31622.776601683796]",0.2526750234600603,1.0869398932922798,0.7469845008743381,0.9570372787348498
timm/resnet50.a1_in1k,layer1.1,LO3,test,sub-07,linear_predictivity,5919,125,0.06747997594169956,"[0.06174625249114404, 0.07481650275248965, 0.055355555377313244, 0.07081204088544316, 0.07466952820210777]",,,,,
timm/resnet50.a1_in1k,layer1.1,V7,train,sub-07,linear_predictivity,5919,37,-0.0006366975274083729,,"[100000.0, 100000.0, 100000.0, 100000.0, 31622.776601683796]",0.12027857821796609,1.1567308686094866,0.8790349757931833,0.9928819829802912
timm/resnet50.a1_in1k,layer1.1,V7,test,sub-07,linear_predictivity,5919,37,0.03317271954537314,"[0.0362759538265945, 0.03937816152536453, 0.036651409850582066, 0.03091506020682614, 0.022643012317498438]",,,,,
timm/resnet50.a1_in1k,layer1.1,IP0,train,sub-07,linear_predictivity,5919,73,0.0025825715199406987,,"[100000.0, 100000.0, 100000.0, 100000.0, 100000.0]",0.0989503756964096,1.1693382693596133,0.9006215693940535,0.9892309262986896
timm/resnet50.a1_in1k,layer1.1,IP0,test,sub-07,linear_predictivity,5919,73,0.01899326774031799,"[0.027495025775165074, 0.01000899053322403, 0.022411094883354337, 0.01686210996853017, 0.018189117541316326]",,,,,
timm/resnet50.a1_in1k,layer1.1,IP1,train,sub-07,linear_predictivity,5919,94,-0.005758263838014973,,"[1000000000.0, 316227.7660168379, 1000000000.0, 316227.7660168379, 31622776.60168379]",0.01303661582861965,1.1889385526269391,0.9867173321467175,1.0024914562721126
timm/resnet50.a1_in1k,layer1.1,IP1,test,sub-07,linear_predictivity,5919,94,-0.009166161851447238,"[-0.006596751569112492, -0.020174358465356156, -0.004974526253675014, -0.012335553142365301, -0.0017496198267272294]",,,,,
timm/resnet50.a1_in1k,layer1.1,MIP,train,sub-07,linear_predictivity,5919,71,-0.010664859164957938,,"[316227.7660168379, 316227.7660168379, 100000.0, 100000.0, 316227.7660168379]",0.05666262709274252,1.1949825260469686,0.9430251004025614,1.0019854880020709
timm/resnet50.a1_in1k,layer1.1,MIP,test,sub-07,linear_predictivity,5919,71,-0.005837471014035663,"[0.00013429125445199155, -0.012255770447427317, -0.0028299423462912953, -0.011099039375260465, -0.003136894155651228]",,,,,
timm/resnet50.a1_in1k,layer1.1,VIP,train,sub-07,linear_predictivity,5919,91,-0.0050341101330421125,,"[316227.7660168379, 316227.7660168379, 316227.7660168379, 100000.0, 100000.0]",0.058267182348139004,1.1810627308758317,0.941339436200832,0.9989967953292925
timm/resnet50.a1_in1k,layer1.1,VIP,test,sub-07,linear_predictivity,5919,91,0.01243336421473334,"[0.013641819313347452, 0.008914379804679132, 0.014528216991079455, 0.011164263989118194, 0.013918140975442457]",,,,,
timm/resnet50.a1_in1k,layer1.1,LIPd,train,sub-07,linear_predictivity,5919,65,-0.007607298345713975,,"[1000000.0, 31622776.60168379, 1000000.0, 1000000.0, 1000000.0]",0.009124093635546586,1.1875641050026966,0.9905457566985991,1.0025316849193957
timm/resnet50.a1_in1k,layer1.1,LIPd,test,sub-07,linear_predictivity,5919,65,-0.0016413826233630552,"[0.0020553854802956976, -0.011468490479328448, -0.0011042610220217241, 0.003126366899265574, -0.0008159139950263747]",,,,,
timm/resnet50.a1_in1k,layer1.1,LIPv,train,sub-07,linear_predictivity,5919,95,-0.010678691740170696,,"[100000.0, 316227.7660168379, 316227.7660168379, 316227.7660168379, 100000.0]",0.0566460839923547,1.17877031610966,0.9426437330264446,1.0020443109400867
timm/resnet50.a1_in1k,layer1.1,LIPv,test,sub-07,linear_predictivity,5919,95,0.0073073089233581644,"[0.007662791668610437, 0.0010923222601106465, 0.006362796469455886, 0.007520662239896061, 0.013897971978717795]",,,,,
timm/resnet50.a1_in1k,layer1.1,AIP,train,sub-07,linear_predictivity,5919,224,-0.00810818170732923,,"[316227.7660168379, 316227.7660168379, 316227.7660168379, 316227.7660168379, 316227.7660168379]",0.03373635694063809,1.197948527990916,0.9658660187483872,1.0013030398462532
timm/resnet50.a1_in1k,layer1.1,AIP,test,sub-07,linear_predictivity,5919,224,0.0032354488169736365,"[0.0016419598123521828, -0.00011955971130589983, 0.004375156369835255, 0.008155806922475195, 0.0021238806915114474]",,,,,
timm/resnet50.a1_in1k,layer1.1,7Pm,train,sub-07,linear_predictivity,5919,5,-0.00677414031299649,,"[1000000000.0, 1000000000.0, 1000000000.0, 316227.7660168379, 1000000.0]",0.009103175301741984,1.2098615211638029,0.9907130859900871,1.0032382494254455
timm/resnet50.a1_in1k,layer1.1,7Pm,test,sub-07,linear_predictivity,5919,5,-0.0005791742861575644,"[-0.002847860869082064, -0.0028385563306195572, -0.0013111544205842928, 0.004105208639381797, -3.5084498837045785e-06]",,,,,
timm/resnet50.a1_in1k,layer1.1,7PL,train,sub-07,linear_predictivity,5919,40,-0.012982406491506126,,"[316227.7660168379, 316227.7660168379, 100000.0, 100000.0, 316227.7660168379]",0.05701473386771151,1.18731335795438,0.9424410257592941,1.0034409887588178
timm/resnet50.a1_in1k,layer1.1,7PL,test,sub-07,linear_predictivity,5919,40,0.013674764530868836,"[0.011844237126553867, 0.0025365468539949145, 0.022841916095073272, 0.017474426444286394, 0.013676696134435732]",,,,,
timm/resnet50.a1_in1k,layer1.1,7PC,train,sub-07,linear_predictivity,5919,153,-0.005212049752825278,,"[100000.0, 100000.0, 100000.0, 316227.7660168379, 100000.0]",0.08107582545845839,1.1816274747570956,0.9180577513755097,0.9973687015843886
timm/resnet50.a1_in1k,layer1.1,7PC,test,sub-07,linear_predictivity,5919,153,0.03401805931527208,"[0.03410159594448852, 0.03633762835857314, 0.03816647305204093, 0.018158694087884276, 0.04332590513337353]",,,,,
timm/resnet50.a1_in1k,layer1.1,7Am,train,sub-07,linear_predictivity,5919,78,-0.010601207238129797,,"[316227.7660168379, 100000.0, 100000.0, 100000.0, 316227.7660168379]",0.06735791740870914,1.192597207606807,0.9319660827038941,1.0022250364428609
timm/resnet50.a1_in1k,layer1.1,7Am,test,sub-07,linear_predictivity,5919,78,0.020701760892837782,"[0.013039037306878333, 0.022611426616389943, 0.03086246590422711, 0.02503070334362425, 0.01196517129306927]",,,,,
timm/resnet50.a1_in1k,layer1.1,7AL,train,sub-07,linear_predictivity,5919,64,-0.012667135329892523,,"[1000000.0, 1000000000.0, 1000000.0, 316227.7660168379, 1000000000.0]",0.011293531055082065,1.1901442352171874,0.98809639642015,1.0049149836571245
timm/resnet50.a1_in1k,layer1.1,7AL,test,sub-07,linear_predictivity,5919,64,0.0009686150753238938,"[0.002191140401458706, -0.00483514807616384, 0.001530166566763115, 0.008623106092618425, -0.0026661896080569375]",,,,,
timm/resnet50.a1_in1k,layer1.1,VVC,train,sub-07,linear_predictivity,5919,157,0.012832930295651433,,"[31622.776601683796, 31622.776601683796, 31622.776601683796, 100000.0, 31622.776601683796]",0.20372278255320397,1.1651790941401639,0.7958671990090028,0.9808254765892575
timm/resnet50.a1_in1k,layer1.1,VVC,test,sub-07,linear_predictivity,5919,157,0.014116765820603899,"[0.008799524887744171, 0.02113637592991671, 0.01142858123628573, 0.01451515549641276, 0.014704191552660124]",,,,,
timm/resnet50.a1_in1k,layer1.1,VMV2,train,sub-07,linear_predictivity,5919,66,0.03666469179237259,,"[31622.776601683796, 31622.776601683796, 31622.776601683796, 31622.776601683796, 31622.776601683796]",0.24221999263620667,1.1466271193849795,0.7575429332179948,0.9582932762614031
timm/resnet50.a1_in1k,layer1.1,VMV2,test,sub-07,linear_predictivity,5919,66,0.05883210970232783,"[0.059684595565996576, 0.06223573012338359, 0.04990729151087552, 0.060342448146893025, 0.06199048316449045]",,,,,
timm/resnet50.a1_in1k,layer1.1,VMV3,train,sub-07,linear_predictivity,5919,82,0.02038463875170367,,"[31622.776601683796, 31622.776601683796, 31622.776601683796, 31622.776601683796, 31622.776601683796]",0.23122116490729822,1.1549591579845895,0.7685200405356661,0.9734531152464638
timm/resnet50.a1_in1k,layer1.1,VMV3,test,sub-07,linear_predictivity,5919,82,0.03282034316540752,"[0.03849745320223379, 0.038599582864934194, 0.02576311855085796, 0.027554928228016327, 0.03368663298099533]",,,,,
timm/resnet50.a1_in1k,layer1.1,VMV1,train,sub-07,linear_predictivity,5919,27,0.003445421260797561,,"[100000.0, 100000.0, 100000.0, 100000.0, 100000.0]",0.09631324319372878,1.1867033164307317,0.9034393717272018,0.9923934362109401
timm/resnet50.a1_in1k,layer1.1,VMV1,test,sub-07,linear_predictivity,5919,27,0.01466800209659187,"[0.014898207163541786, 0.012332167337698173, 0.015944137651427506, 0.016645739876597405, 0.013519758453694476]",,,,,
timm/resnet50.a1_in1k,layer1.1,PHA2,train,sub-07,linear_predictivity,5919,55,-0.0035945552881068046,,"[100000.0, 100000.0, 100000.0, 100000.0, 100000.0]",0.0947865020001685,1.1797072175437016,0.9047626717613104,0.9950256779723125
timm/resnet50.a1_in1k,layer1.1,PHA2,test,sub-07,linear_predictivity,5919,55,0.018031540501801523,"[0.02258490901542695, 0.017507392270681477, 0.014302711577327508, 0.014562035892512001, 0.02120065375305968]",,,,,
timm/resnet50.a1_in1k,layer1.1,PHA3,train,sub-07,linear_predictivity,5919,149,0.009822017891531778,,"[31622.776601683796, 31622.776601683796, 31622.776601683796, 100000.0, 31622.776601683796]",0.20377571048452497,1.1640265702737673,0.7957788301954942,0.9822057617200313
timm/resnet50.a1_in1k,layer1.1,PHA3,test,sub-07,linear_predictivity,5919,149,0.024058040002641883,"[0.029045639875566586, 0.0209378185467518, 0.022168750237415297, 0.02540892219337578, 0.02272906916009994]",,,,,
timm/resnet50.a1_in1k,layer1.1,PH,train,sub-07,linear_predictivity,5919,304,0.0018805384257385856,,"[100000.0, 100000.0, 100000.0, 100000.0, 100000.0]",0.09686479008027338,1.1695989651520768,0.9028029779156007,0.9918165240015879
timm/resnet50.a1_in1k,layer1.1,PH,test,sub-07,linear_predictivity,5919,304,0.014112172632237999,"[0.014366671703622812, 0.005579187609148409, 0.01649406964714596, 0.019232050191791732, 0.014888884009481069]",,,,,
timm/resnet50.a1_in1k,layer1.2,V1,train,sub-07,linear_predictivity,5919,420,0.05105489486641946,,"[31622.776601683796, 31622.776601683796, 31622.776601683796, 31622.776601683796, 31622.776601683796]",0.2675647945066815,1.0971590541498901,0.732189428759395,0.9442131202281223
timm/resnet50.a1_in1k,layer1.2,V1,test,sub-07,linear_predictivity,5919,420,0.06380762150586103,"[0.0649282707793336, 0.07487458052408831, 0.056904790562992386, 0.06666482641035053, 0.05566563925254029]",,,,,
timm/resnet50.a1_in1k,layer1.2,V2,train,sub-07,linear_predictivity,5919,470,0.027243084535695596,,"[31622.776601683796, 31622.776601683796, 31622.776601683796, 31622.776601683796, 31622.776601683796]",0.2501653736349263,1.1165472964949514,0.7495609969775162,0.9674318331556899
timm/resnet50.a1_in1k,layer1.2,V2,test,sub-07,linear_predictivity,5919,470,0.055869799174720194,"[0.05653275143428347, 0.06437105422263265, 0.058569060409381174, 0.05228059803083656, 0.04759553177646708]",,,,,
timm/resnet50.a1_in1k,layer1.2,V3,train,sub-07,linear_predictivity,5919,348,0.009038634742412878,,"[31622.776601683796, 31622.776601683796, 31622.776601683796, 31622.776601683796, 31622.776601683796]",0.2341515315001108,1.13758152081316,0.7655268848250674,0.9846543976551771
timm/resnet50.a1_in1k,layer1.2,V3,test,sub-07,linear_predictivity,5919,348,0.028803680879318568,"[0.03179309954710964, 0.04156376315931119, 0.026433480298009047, 0.023716746902974668, 0.020511314489188297]",,,,,
timm/resnet50.a1_in1k,layer1.2,V4,train,sub-07,linear_predictivity,5919,451,0.013963274729702876,,"[31622.776601683796, 31622.776601683796, 31622.776601683796, 31622.776601683796, 31622.776601683796]",0.23512156312759375,1.1382854215302174,0.764597337180257,0.9801674372302267
timm/resnet50.a1_in1k,layer1.2,V4,test,sub-07,linear_predictivity,5919,451,0.03327126895885511,"[0.031582776743542686, 0.04970586470224367, 0.025178058523691964, 0.02779261407184874, 0.03209703075294851]",,,,,
timm/resnet50.a1_in1k,layer1.2,V3A,train,sub-07,linear_predictivity,5919,55,-0.0016368761038172695,,"[100000.0, 100000.0, 100000.0, 100000.0, 100000.0]",0.09424503313829415,1.1395727539355567,0.9054540649319833,0.9958153003711757
timm/resnet50.a1_in1k,layer1.2,V3A,test,sub-07,linear_predictivity,5919,55,0.014506274971404023,"[0.011743722878063297, 0.012665821437241195, 0.01785868330330698, 0.016618722560194022, 0.013644424678214624]",,,,,
timm/resnet50.a1_in1k,layer1.2,V3B,train,sub-07,linear_predictivity,5919,103,0.02527939920357715,,"[31622.776601683796, 31622.776601683796, 31622.776601683796, 31622.776601683796, 31622.776601683796]",0.2409214478483343,1.122734158753996,0.758791248071858,0.9684682652115854
timm/resnet50.a1_in1k,layer1.2,V3B,test,sub-07,linear_predictivity,5919,103,0.05269263203539894,"[0.05087967752953946, 0.05655776475863038, 0.05387121836061108, 0.05355757660634694, 0.04859692292186683]",,,,,
timm/resnet50.a1_in1k,layer1.2,V6,train,sub-07,linear_predictivity,5919,94,-0.011602589749195194,,"[316227.7660168379, 316227.7660168379, 316227.7660168379, 316227.7660168379, 316227.7660168379]",0.035099001907493134,1.1581522201996997,0.964430686136377,1.0037890532486202
timm/resnet50.a1_in1k,layer1.2,V6,test,sub-07,linear_predictivity,5919,94,0.0045477129130706275,"[0.001947605288324068, 0.004519394276446208, 0.006435116942265232, 0.008060593068179384, 0.0017758549901382456]",,,,,
timm/resnet50.a1_in1k,layer1.2,V6A,train,sub-07,linear_predictivity,5919,63,-0.005259867808852023,,"[100000.0, 100000.0, 100000.0, 100000.0, 31622.776601683796]",0.12429832697632967,1.1315185041418707,0.8750714005203107,0.9972204390450026
timm/resnet50.a1_in1k,layer1.2,V6A,test,sub-07,linear_predictivity,5919,63,0.03462195940157457,"[0.031672012241999316, 0.040624664249920145, 0.036884401815915235, 0.03033665914205084, 0.03359205955798736]",,,,,
timm/resnet50.a1_in1k,layer1.2,V7,train,sub-07,linear_predictivity,5919,37,-0.002192771675780924,,"[100000.0, 100000.0, 100000.0, 100000.0, 31622.776601683796]",0.1250784667421063,1.1393306719505998,0.8742174092893606,0.9944249624486432
timm/resnet50.a1_in1k,layer1.2,V7,test,sub-07,linear_predictivity,5919,37,0.032847480120935434,"[0.03588826403431859, 0.03897905799246981, 0.033102044091394764, 0.029579671907970232, 0.02668836257852377]",,,,,
timm/resnet50.a1_in1k,layer1.2,V8,train,sub-07,linear_predictivity,5919,80,0.03057292952524973,,"[31622.776601683796, 31622.776601683796, 31622.776601683796, 31622.776601683796, 31622.776601683796]",0.24808684920772625,1.1269174584642965,0.7515566675876223,0.9619301991353659
timm/resnet50.a1_in1k,layer1.2,V8,test,sub-07,linear_predictivity,5919,80,0.061761713298109144,"[0.049775456943952384, 0.073515755234862, 0.05879212249627663, 0.06710240599544251, 0.05962282582001218]",,,,,
timm/resnet50.a1_in1k,layer1.2,FFC,train,sub-07,linear_predictivity,5919,265,0.039722580444072876,,"[31622.776601683796, 31622.776601683796, 31622.776601683796, 31622.776601683796, 31622.776601683796]",0.2599717384306669,1.1038369575469114,0.7397282886900539,0.9546350616993451
timm/resnet50.a1_in1k,layer1.2,FFC,test,sub-07,linear_predictivity,5919,265,0.08426541377214077,"[0.07135858705885594, 0.09040408805571247, 0.0860990867488399, 0.0858523916905445, 0.08761291530675103]",,,,,
timm/resnet50.a1_in1k,layer1.2,PIT,train,sub-07,linear_predictivity,5919,101,0.03365227744330426,,"[31622.776601683796, 31622.776601683796, 31622.776601683796, 31622.776601683796, 31622.776601683796]",0.25070620184861303,1.1175730965713375,0.7490250108456554,0.9610820791825956
timm/resnet50.a1_in1k,layer1.2,PIT,test,sub-07,linear_predictivity,5919,101,0.06653721971339029,"[0.0572036665674107, 0.08737246843411813, 0.05344530148727281, 0.0688826870322671, 0.06578197504588269]",,,,,
timm/resnet50.a1_in1k,layer1.2,IPS1,train,sub-07,linear_predictivity,5919,191,-0.0020543136814364996,,"[100000.0, 100000.0, 31622.776601683796, 100000.0, 100000.0]",0.12436016046190149,1.139840406883127,0.8758443409415694,0.9948754458462069
timm/resnet50.a1_in1k,layer1.2,IPS1,test,sub-07,linear_predictivity,5919,191,0.02120716878668035,"[0.024530644576135425, 0.0177840581665658, 0.026828640112724914, 0.017457638462147686, 0.019434862615827928]",,,,,
timm/resnet50.a1_in1k,layer1.2,MST,train,sub-07,linear_predictivity,5919,149,0.02156424913441751,,"[31622.776601683796, 31622.776601683796, 31622.776601683796, 31622.776601683796, 31622.776601683796]",0.2440796647613947,1.1223394797068558,0.7557254264285782,0.9746262854573198
timm/resnet50.a1_in1k,layer1.2,MST,test,sub-07,linear_predictivity,5919,149,0.0742254821916063,"[0.0737871789839023, 0.07994780694952801, 0.07012240023464841, 0.07497758608359029, 0.07229243870636251]",,,,,
timm/resnet50.a1_in1k,layer1.2,MT,train,sub-07,linear_predictivity,5919,100,0.0244620000682112,,"[31622.776601683796, 31622.776601683796, 31622.776601683796, 31622.776601683796, 31622.776601683796]",0.2473043951822052,1.117629171251197,0.7524688428126559,0.9714364289354711
timm/resnet50.a1_in1k,layer1.2,MT,test,sub-07,linear_predictivity,5919,100,0.06658732402895833,"[0.06483945888368438, 0.08053415212924137, 0.059282074244213695, 0.06971585137488398, 0.05856508351276824]",,,,,
timm/resnet50.a1_in1k,layer1.2,FST,train,sub-07,linear_predictivity,5919,167,0.0022019420252840784,,"[100000.0, 100000.0, 100000.0, 100000.0, 100000.0]",0.10079875487358043,1.1392478034080158,0.898859678195793,0.9914068991051648
timm/resnet50.a1_in1k,layer1.2,FST,test,sub-07,linear_predictivity,5919,167,0.03501118076472198,"[0.034872458246791, 0.029036670082872355, 0.03511215679592511, 0.038626197821678636, 0.037408420876342795]",,,,,
timm/resnet50.a1_in1k,layer1.2,LO1,train,sub-07,linear_predictivity,5919,80,0.035711317800017316,,"[31622.776601683796, 31622.776601683796, 31622.776601683796, 31622.776601683796, 31622.776601683796]",0.2606272091467903,1.090807990413368,0.7389294813024421,0.954790499013793
timm/resnet50.a1_in1k,layer1.2,LO1,test,sub-07,linear_predictivity,5919,80,0.07318912467097494,"[0.06924754674937539, 0.08848467120213024, 0.05781518067371112, 0.07741005217559413, 0.07298817255406378]",,,,,
timm/resnet50.a1_in1k,layer1.2,LO2,train,sub-07,linear_predictivity,5919,67,0.02231173423406826,,"[31622.776601683796, 31622.776601683796, 31622.776601683796, 31622.776601683796, 31622.776601683796]",0.2415857448959004,1.1232781632380227,0.7581178776986849,0.9720929442687913
timm/resnet50.a1_in1k,layer1.2,LO2,test,sub-07,linear_predictivity,5919,67,0.052594904503977954,"[0.04453495674568293, 0.07683112339287944, 0.037972367739990395, 0.05270106949451561, 0.050935005146821415]",,,,,
timm/resnet50.a1_in1k,layer1.2,LO3,train,sub-07,linear_predictivity,5919,125,0.040381831850258385,,"[10000.0, 10000.0, 10000.0, 10000.0, 31622.776601683796]",0.4413920190232255,1.0670185713392464,0.5584159518263896,0.9528898808712949
timm/resnet50.a1_in1k,layer1.2,LO3,test,sub-07,linear_predictivity,5919,125,0.060031415892685035,"[0.044060342045070006, 0.0696071556323827, 0.050502483618351864, 0.061873600700660204, 0.07411349746696042]",,,,,
timm/resnet50.a1_in1k,layer1.2,V7,train,sub-07,linear_predictivity,5919,37,-0.002192771675780924,,"[100000.0, 100000.0, 100000.0, 100000.0, 31622.776601683796]",0.1250784667421063,1.1393306719505998,0.8742174092893606,0.9944249624486432
timm/resnet50.a1_in1k,layer1.2,V7,test,sub-07,linear_predictivity,5919,37,0.032847480120935434,"[0.03588826403431859, 0.03897905799246981, 0.033102044091394764, 0.029579671907970232, 0.02668836257852377]",,,,,
timm/resnet50.a1_in1k,layer1.2,IP0,train,sub-07,linear_predictivity,5919,73,0.004976304848618652,,"[31622.776601683796, 31622.776601683796, 31622.776601683796, 31622.776601683796, 31622.776601683796]",0.23097331892795764,1.1375481117393065,0.7686475270095064,0.9867823075858742
timm/resnet50.a1_in1k,layer1.2,IP0,test,sub-07,linear_predictivity,5919,73,0.0025895605878460373,"[0.007649725641856355, -0.00039929399931046917, 0.007196201361215591, -0.0029669293886789355, 0.0014680993241476452]",,,,,
timm/resnet50.a1_in1k,layer1.2,IP1,train,sub-07,linear_predictivity,5919,94,-0.005728479684210663,,"[100000000.0, 316227.7660168379, 1000000000.0, 316227.7660168379, 1000000000.0]",0.013326222899705701,1.1639131496158168,0.9864258989004785,1.002473459280364
timm/resnet50.a1_in1k,layer1.2,IP1,test,sub-07,linear_predictivity,5919,94,-0.007972564017496611,"[-0.006596337794206503, -0.017062047154038296, -0.0049740601893331965, -0.00971813379065509, -0.0015122411592499718]",,,,,
timm/resnet50.a1_in1k,layer1.2,MIP,train,sub-07,linear_predictivity,5919,71,-0.009637673182236376,,"[100000.0, 316227.7660168379, 100000.0, 100000.0, 100000.0]",0.08240740654588916,1.1607567279018975,0.9171850035379567,1.0009652916388097
timm/resnet50.a1_in1k,layer1.2,MIP,test,sub-07,linear_predictivity,5919,71,-0.009102618242559347,"[-0.010425723984262216, -0.011724518008133589, -0.004379136764042765, -0.00997092143632956, -0.009012791020028603]",,,,,
timm/resnet50.a1_in1k,layer1.2,VIP,train,sub-07,linear_predictivity,5919,91,-0.005775686905999939,,"[316227.7660168379, 316227.7660168379, 316227.7660168379, 100000.0, 100000.0]",0.060019399605157994,1.1542154073339213,0.9395857238784957,0.9997430291838303
timm/resnet50.a1_in1k,layer1.2,VIP,test,sub-07,linear_predictivity,5919,91,0.012254407100807331,"[0.01220865927141265, 0.008650989943194978, 0.01281403785418922, 0.012457426662041486, 0.015140921773198321]",,,,,
timm/resnet50.a1_in1k,layer1.2,LIPd,train,sub-07,linear_predictivity,5919,65,-0.007196467515192786,,"[316227.7660168379, 1000000.0, 316227.7660168379, 1000000.0, 316227.7660168379]",0.0248463377391012,1.148667540618009,0.9748486769649437,1.0021004050038815
timm/resnet50.a1_in1k,layer1.2,LIPd,test,sub-07,linear_predictivity,5919,65,0.0011978602644970155,"[0.005020766916442325, -0.007307086761370895, 0.001992854937425634, 0.0025630901294553116, 0.003719676100532702]",,,,,
timm/resnet50.a1_in1k,layer1.2,LIPv,train,sub-07,linear_predictivity,5919,95,-0.009508369485094871,,"[100000.0, 100000.0, 100000.0, 316227.7660168379, 100000.0]",0.08239275841325301,1.1508788981629867,0.9169641783842042,1.0009062884726212
timm/resnet50.a1_in1k,layer1.2,LIPv,test,sub-07,linear_predictivity,5919,95,0.011773275236713893,"[0.011507943143709246, 0.011505759435286325, 0.011485806694174183, 0.007800685863462406, 0.016566181046937304]",,,,,
timm/resnet50.a1_in1k,layer1.2,AIP,train,sub-07,linear_predictivity,5919,224,-0.008835080212935015,,"[316227.7660168379, 316227.7660168379, 316227.7660168379, 316227.7660168379, 100000.0]",0.04637355484512917,1.1609893196766794,0.9530919075147416,1.0019777736791033
timm/resnet50.a1_in1k,layer1.2,AIP,test,sub-07,linear_predictivity,5919,224,0.0030647179935795405,"[0.001655796594937395, -5.9178837714920755e-05, 0.003953119809706509, 0.007581057026904576, 0.0021927953740641408]",,,,,
timm/resnet50.a1_in1k,layer1.2,7Pm,train,sub-07,linear_predictivity,5919,5,-0.006595840187089477,,"[1000000000.0, 1000000000.0, 1000000000.0, 316227.7660168379, 1000000.0]",0.009303060019171982,1.182971804565171,0.9905148572961637,1.003065387152811
timm/resnet50.a1_in1k,layer1.2,7Pm,test,sub-07,linear_predictivity,5919,5,-0.0012455626788675821,"[-0.002849244994212352, -0.0028402581221914414, -0.0013125914276764573, 0.0011862076912067866, -0.00041192654146444686]",,,,,
timm/resnet50.a1_in1k,layer1.2,7PL,train,sub-07,linear_predictivity,5919,40,-0.01123398407295748,,"[316227.7660168379, 100000.0, 100000.0, 100000.0, 100000.0]",0.08286605390051499,1.150453272644346,0.916542172055858,1.0017317070393656
timm/resnet50.a1_in1k,layer1.2,7PL,test,sub-07,linear_predictivity,5919,40,0.014052537521493425,"[0.009660201999475149, 0.007814450666215745, 0.019852481737133536, 0.016164246191020925, 0.016771307013621763]",,,,,
timm/resnet50.a1_in1k,layer1.2,7PC,train,sub-07,linear_predictivity,5919,153,-0.006165727517876055,,"[100000.0, 100000.0, 100000.0, 316227.7660168379, 100000.0]",0.08425075577147197,1.1568474714340944,0.9148606741977561,0.9983111342571034
timm/resnet50.a1_in1k,layer1.2,7PC,test,sub-07,linear_predictivity,5919,153,0.032336681303620655,"[0.03257902097824757, 0.03473379382698409, 0.03587243317087333, 0.01639512807762337, 0.042103030464374934]",,,,,
timm/resnet50.a1_in1k,layer1.2,7Am,train,sub-07,linear_predictivity,5919,78,-0.010507767691338316,,"[316227.7660168379, 100000.0, 100000.0, 100000.0, 316227.7660168379]",0.06967803963172656,1.165153483285924,0.92963907855056,1.0021428454342343
timm/resnet50.a1_in1k,layer1.2,7Am,test,sub-07,linear_predictivity,5919,78,0.017110181732822916,"[0.009936666770778015, 0.017843125436982212, 0.02688274038480704, 0.021519573403712907, 0.00936880266783441]",,,,,
timm/resnet50.a1_in1k,layer1.2,7AL,train,sub-07,linear_predictivity,5919,64,-0.01283657166088345,,"[1000000.0, 1000000000.0, 1000000.0, 316227.7660168379, 1000000000.0]",0.011542475533462703,1.1646267792770262,0.9878448200790302,1.0050772615802726
timm/resnet50.a1_in1k,layer1.2,7AL,test,sub-07,linear_predictivity,5919,64,0.0005935351643266713,"[0.0013486248134871905, -0.004835944169596328, 0.00113610510894838, 0.007985828199213549, -0.0026669381304194346]",,,,,
timm/resnet50.a1_in1k,layer1.2,VVC,train,sub-07,linear_predictivity,5919,157,0.01402334647946321,,"[31622.776601683796, 31622.776601683796, 31622.776601683796, 31622.776601683796, 31622.776601683796]",0.23912411052673735,1.139877213422734,0.7605711094798738,0.9796416426168264
timm/resnet50.a1_in1k,layer1.2,VVC,test,sub-07,linear_predictivity,5919,157,0.020423317583046854,"[0.017228022107960816, 0.03241174762509208, 0.019209364631136774, 0.009990019529506278, 0.02327743402153833]",,,,,
timm/resnet50.a1_in1k,layer1.2,VMV2,train,sub-07,linear_predictivity,5919,66,0.03750528259597445,,"[31622.776601683796, 31622.776601683796, 31622.776601683796, 31622.776601683796, 31622.776601683796]",0.25235352764832386,1.1164496476118881,0.7474140730136904,0.9574822267669727
timm/resnet50.a1_in1k,layer1.2,VMV2,test,sub-07,linear_predictivity,5919,66,0.06216045505887058,"[0.06348058151965096, 0.06548613486243422, 0.051595590004704955, 0.0644992463617419, 0.06574072254582088]",,,,,
timm/resnet50.a1_in1k,layer1.2,VMV3,train,sub-07,linear_predictivity,5919,82,0.019178157078896474,,"[31622.776601683796, 31622.776601683796, 31622.776601683796, 31622.776601683796, 31622.776601683796]",0.24066586319227462,1.1276250016109526,0.7590744367469962,0.9746547085745888
timm/resnet50.a1_in1k,layer1.2,VMV3,test,sub-07,linear_predictivity,5919,82,0.035737893048013614,"[0.04164273297720892, 0.043246459679784924, 0.02412595640686231, 0.03187785739833185, 0.037796458777880085]",,,,,
timm/resnet50.a1_in1k,layer1.2,VMV1,train,sub-07,linear_predictivity,5919,27,0.0025687775780776955,,"[100000.0, 100000.0, 100000.0, 100000.0, 100000.0]",0.09963228600911075,1.1594099138513865,0.9001224328225206,0.9932877350400305
timm/resnet50.a1_in1k,layer1.2,VMV1,test,sub-07,linear_predictivity,5919,27,0.015094692029006183,"[0.01639465105129845, 0.013029121255201491, 0.01605546631569929, 0.016740654989886954, 0.01325356653294473]",,,,,
timm/resnet50.a1_in1k,layer1.2,PHA2,train,sub-07,linear_predictivity,5919,55,-0.003976189947894568,,"[100000.0, 100000.0, 100000.0, 100000.0, 100000.0]",0.09820620177462089,1.1479250355839743,0.90134388619358,0.9954255116682396
timm/resnet50.a1_in1k,layer1.2,PHA2,test,sub-07,linear_predictivity,5919,55,0.020385344330324483,"[0.02325107243045403, 0.02053081455932191, 0.017029901305187035, 0.01730601606282856, 0.023808917293830896]",,,,,
timm/resnet50.a1_in1k,layer1.2,PHA3,train,sub-07,linear_predictivity,5919,149,0.010580613114157731,,"[31622.776601683796, 31622.776601683796, 31622.776601683796, 31622.776601683796, 31622.776601683796]",0.23880903239236986,1.137572879963054,0.7608459533945121,0.9814887104671379
timm/resnet50.a1_in1k,layer1.2,PHA3,test,sub-07,linear_predictivity,5919,149,0.02773212649677112,"[0.036343194944085055, 0.02940079929192995, 0.026328389685310143, 0.01606337563786603, 0.030524872924664406]",,,,,
timm/resnet50.a1_in1k,layer1.2,PH,train,sub-07,linear_predictivity,5919,304,0.0013997004267963143,,"[100000.0, 100000.0, 100000.0, 100000.0, 31622.776601683796]",0.1273344810033452,1.1388073249731585,0.8716517473907593,0.9921338023071609
timm/resnet50.a1_in1k,layer1.2,PH,test,sub-07,linear_predictivity,5919,304,0.01795605980354833,"[0.019906492603875992, 0.011476910459099087, 0.018311758183472342, 0.023170473688516373, 0.016914664082777857]",,,,,
timm/resnet50.a1_in1k,layer2.0,V1,train,sub-07,linear_predictivity,5919,420,0.056057719670019684,,"[31622.776601683796, 31622.776601683796, 31622.776601683796, 31622.776601683796, 31622.776601683796]",0.27690327460610165,1.097864227120936,0.7228541625738273,0.9392439695388788
timm/resnet50.a1_in1k,layer2.0,V1,test,sub-07,linear_predictivity,5919,420,0.07252737921216872,"[0.07827021993742897, 0.078275884268749, 0.062064169548751984, 0.07949700365099649, 0.06452961865491712]",,,,,
timm/resnet50.a1_in1k,layer2.0,V2,train,sub-07,linear_predictivity,5919,470,0.03480632334054558,,"[31622.776601683796, 31622.776601683796, 31622.776601683796, 31622.776601683796, 31622.776601683796]",0.26141085951131504,1.1021434890698276,0.7383191771513464,0.9599246769596915
timm/resnet50.a1_in1k,layer2.0,V2,test,sub-07,linear_predictivity,5919,470,0.06765735370308575,"[0.07271728789812851, 0.07178360039584131, 0.06642603029115297, 0.06691190228306136, 0.060447947647244524]",,,,,
timm/resnet50.a1_in1k,layer2.0,V3,train,sub-07,linear_predictivity,5919,348,0.014953233726445993,,"[31622.776601683796, 31622.776601683796, 31622.776601683796, 31622.776601683796, 31622.776601683796]",0.2439262651491728,1.1250007503197454,0.7557659593579069,0.9789053853107014
timm/resnet50.a1_in1k,layer2.0,V3,test,sub-07,linear_predictivity,5919,348,0.039626880076689554,"[0.04739975857580127, 0.04589682873886181, 0.0335213431590281, 0.036451782206261794, 0.034864687703494775]",,,,,
timm/resnet50.a1_in1k,layer2.0,V4,train,sub-07,linear_predictivity,5919,451,0.018628270090965796,,"[31622.776601683796, 31622.776601683796, 31622.776601683796, 31622.776601683796, 31622.776601683796]",0.24371034137989925,1.1311797274390967,0.7560027822054656,0.9753843856352035
timm/resnet50.a1_in1k,layer2.0,V4,test,sub-07,linear_predictivity,5919,451,0.04539472238099072,"[0.04640879539190388, 0.058139450309540985, 0.03947980863265203, 0.03613798570784676, 0.04680757186300993]",,,,,
timm/resnet50.a1_in1k,layer2.0,V3A,train,sub-07,linear_predictivity,5919,55,-0.001842045765772737,,"[100000.0, 31622.776601683796, 100000.0, 100000.0, 100000.0]",0.1238371975937689,1.157647440796068,0.8754431792471159,0.9956674533080612
timm/resnet50.a1_in1k,layer2.0,V3A,test,sub-07,linear_predictivity,5919,55,0.028139194848266498,"[0.02452531035415365, 0.034942602897540864, 0.03044833630864638, 0.026545680364855332, 0.02423404431613626]",,,,,
timm/resnet50.a1_in1k,layer2.0,V3B,train,sub-07,linear_predictivity,5919,103,0.024194467416768638,,"[31622.776601683796, 31622.776601683796, 31622.776601683796, 31622.776601683796, 31622.776601683796]",0.24455425542978548,1.1450374881710021,0.7551624713368443,0.9695704530310681
timm/resnet50.a1_in1k,layer2.0,V3B,test,sub-07,linear_predictivity,5919,103,0.07582255871967526,"[0.0758848605174831, 0.07837738688080356, 0.07349652421792714, 0.07788682679821868, 0.07346719518394385]",,,,,
timm/resnet50.a1_in1k,layer2.0,V6,train,sub-07,linear_predictivity,5919,94,-0.01197211444458617,,"[316227.7660168379, 1000000.0, 100000.0, 316227.7660168379, 316227.7660168379]",0.04227204309520999,1.1533253762369937,0.9574154091068611,1.004163777132194
timm/resnet50.a1_in1k,layer2.0,V6,test,sub-07,linear_predictivity,5919,94,0.002394278173340008,"[0.001288331697490521, -0.0014525422069823662, 0.007427841789120159, 0.005939264956384402, -0.0012315053693126754]",,,,,
timm/resnet50.a1_in1k,layer2.0,V6A,train,sub-07,linear_predictivity,5919,63,-0.004521037873901118,,"[100000.0, 100000.0, 100000.0, 100000.0, 31622.776601683796]",0.12760329233276868,1.1462184389766352,0.8717598026343654,0.9965503465045007
timm/resnet50.a1_in1k,layer2.0,V6A,test,sub-07,linear_predictivity,5919,63,0.04426154556618556,"[0.037769345004939406, 0.05103232685235536, 0.03999323769178624, 0.03660882267376378, 0.05590399560808301]",,,,,
timm/resnet50.a1_in1k,layer2.0,V7,train,sub-07,linear_predictivity,5919,37,-0.002077700758812604,,"[100000.0, 31622.776601683796, 100000.0, 100000.0, 31622.776601683796]",0.15705587244559896,1.1417480283851578,0.8417955823271696,0.9939755805839934
timm/resnet50.a1_in1k,layer2.0,V7,test,sub-07,linear_predictivity,5919,37,0.04696029200412033,"[0.043412274806379124, 0.07010100240489346, 0.03840749853126193, 0.035056924166646714, 0.04782376011142043]",,,,,
timm/resnet50.a1_in1k,layer2.0,V8,train,sub-07,linear_predictivity,5919,80,0.033221042697075646,,"[31622.776601683796, 31622.776601683796, 31622.776601683796, 31622.776601683796, 31622.776601683796]",0.2563244106715029,1.1188137441247163,0.7433249296850646,0.9593209683660181
timm/resnet50.a1_in1k,layer2.0,V8,test,sub-07,linear_predictivity,5919,80,0.08783117683745015,"[0.08098974023672957, 0.09442843733111132, 0.08134974050676946, 0.08920552282037128, 0.09318244329226913]",,,,,
timm/resnet50.a1_in1k,layer2.0,FFC,train,sub-07,linear_predictivity,5919,265,0.04689364375064097,,"[31622.776601683796, 31622.776601683796, 31622.776601683796, 31622.776601683796, 31622.776601683796]",0.27120371854174047,1.0960954807554637,0.7285019737506533,0.9475077264264445
timm/resnet50.a1_in1k,layer2.0,FFC,test,sub-07,linear_predictivity,5919,265,0.09808830670302397,"[0.08326624448136029, 0.10274161004078118, 0.10082459328054659, 0.09527829938309595, 0.10833078632933588]",,,,,
timm/resnet50.a1_in1k,layer2.0,PIT,train,sub-07,linear_predictivity,5919,101,0.0379283151212922,,"[31622.776601683796, 31622.776601683796, 31622.776601683796, 31622.776601683796, 31622.776601683796]",0.25846548754095466,1.1071594939737885,0.7412649725042767,0.9567001378009545
timm/resnet50.a1_in1k,layer2.0,PIT,test,sub-07,linear_predictivity,5919,101,0.08120826469434439,"[0.07490869540813502, 0.10141652715817977, 0.06977225957371612, 0.07322517231535254, 0.08671866901633851]",,,,,
timm/resnet50.a1_in1k,layer2.0,IPS1,train,sub-07,linear_predictivity,5919,191,-0.0016165490090296441,,"[100000.0, 100000.0, 100000.0, 100000.0, 100000.0]",0.09992293781617442,1.1548864848506086,0.8997047517884127,0.9945805863829271
timm/resnet50.a1_in1k,layer2.0,IPS1,test,sub-07,linear_predictivity,5919,191,0.032189844260003944,"[0.03622906687983468, 0.02951836437192374, 0.034771073835220774, 0.028950765014042992, 0.03147995119899758]",,,,,
timm/resnet50.a1_in1k,layer2.0,MST,train,sub-07,linear_predictivity,5919,149,0.023321972083930203,,"[31622.776601683796, 31622.776601683796, 31622.776601683796, 31622.776601683796, 31622.776601683796]",0.2515090878413499,1.1234650189925393,0.7482899608269682,0.9728225057516248
timm/resnet50.a1_in1k,layer2.0,MST,test,sub-07,linear_predictivity,5919,149,0.09146825221398294,"[0.08653546943629876, 0.09701027434743267, 0.08327404562442878, 0.09241216041847024, 0.09810931124328427]",,,,,
timm/resnet50.a1_in1k,layer2.0,MT,train,sub-07,linear_predictivity,5919,100,0.026163548394466465,,"[31622.776601683796, 31622.776601683796, 31622.776601683796, 31622.776601683796, 31622.776601683796]",0.2545630106374571,1.1172173070289482,0.7451925594438835,0.9694655172028579
timm/resnet50.a1_in1k,layer2.0,MT,test,sub-07,linear_predictivity,5919,100,0.0864851487092743,"[0.08636603510643318, 0.09807594697146527, 0.07276425814531695, 0.08916443278378577, 0.08605507053937039]",,,,,
timm/resnet50.a1_in1k,layer2.0,FST,train,sub-07,linear_predictivity,5919,167,0.00407578616913019,,"[100000.0, 100000.0, 100000.0, 100000.0, 100000.0]",0.10400623395766673,1.1433736070650777,0.8956408034920234,0.9894638004424205
timm/resnet50.a1_in1k,layer2.0,FST,test,sub-07,linear_predictivity,5919,167,0.038917478914179494,"[0.03914762689421993, 0.03584032229548366, 0.036065590908801196, 0.040363103165450054, 0.04317075130694265]",,,,,
timm/resnet50.a1_in1k,layer2.0,LO1,train,sub-07,linear_predictivity,5919,80,0.043285805790241765,,"[31622.776601683796, 31622.776601683796, 31622.776601683796, 31622.776601683796, 31622.776601683796]",0.2710751316401421,1.0964384735856691,0.7284773478834684,0.9471346716745158
timm/resnet50.a1_in1k,layer2.0,LO1,test,sub-07,linear_predictivity,5919,80,0.09953251719241493,"[0.08896524745413788, 0.11799357463200488, 0.08462614636820669, 0.10020813330410325, 0.1058694842036219]",,,,,
timm/resnet50.a1_in1k,layer2.0,LO2,train,sub-07,linear_predictivity,5919,67,0.02844715433614119,,"[31622.776601683796, 31622.776601683796, 31622.776601683796, 31622.776601683796, 31622.776601683796]",0.2505955636853475,1.1136566883436063,0.7491059999804203,0.9656911156863363
timm/resnet50.a1_in1k,layer2.0,LO2,test,sub-07,linear_predictivity,5919,67,0.06977905564697826,"[0.06708195939331049, 0.08983681007752968, 0.055856993713288554, 0.06103704186914952, 0.07508247318161297]",,,,,
timm/resnet50.a1_in1k,layer2.0,LO3,train,sub-07,linear_predictivity,5919,125,0.05067506726764362,,"[10000.0, 10000.0, 10000.0, 31622.776601683796, 10000.0]",0.4570431311540781,1.0701684595842238,0.5437648978955385,0.9428855758605625
timm/resnet50.a1_in1k,layer2.0,LO3,test,sub-07,linear_predictivity,5919,125,0.09200802780098781,"[0.06701545068960651, 0.09905570420654218, 0.07322180166975954, 0.10601531855625262, 0.11473186388277816]",,,,,
timm/resnet50.a1_in1k,layer2.0,V7,train,sub-07,linear_predictivity,5919,37,-0.002077700758812604,,"[100000.0, 31622.776601683796, 100000.0, 100000.0, 31622.776601683796]",0.15705587244559896,1.1417480283851578,0.8417955823271696,0.9939755805839934
timm/resnet50.a1_in1k,layer2.0,V7,test,sub-07,linear_predictivity,5919,37,0.04696029200412033,"[0.043412274806379124, 0.07010100240489346, 0.03840749853126193, 0.035056924166646714, 0.04782376011142043]",,,,,
timm/resnet50.a1_in1k,layer2.0,IP0,train,sub-07,linear_predictivity,5919,73,0.003449280908906191,,"[100000.0, 100000.0, 31622.776601683796, 100000.0, 100000.0]",0.13180505406836096,1.1550109807877675,0.8683265025443847,0.9885210695932187
timm/resnet50.a1_in1k,layer2.0,IP0,test,sub-07,linear_predictivity,5919,73,0.026716277189673177,"[0.03614655473715876, 0.018541850466295667, 0.01840991470819398, 0.028421489895149265, 0.032061576141568224]",,,,,
timm/resnet50.a1_in1k,layer2.0,IP1,train,sub-07,linear_predictivity,5919,94,-0.0052067603827204755,,"[316227.7660168379, 316227.7660168379, 10000000.0, 316227.7660168379, 1000000.0]",0.022998798689974207,1.1710980089978955,0.9767565861151948,1.0019639428599116
timm/resnet50.a1_in1k,layer2.0,IP1,test,sub-07,linear_predictivity,5919,94,-0.012362273644594687,"[-0.011289619963261707, -0.023071299863220367, -0.005386954165009521, -0.013819904257098878, -0.00824358997438297]",,,,,
timm/resnet50.a1_in1k,layer2.0,MIP,train,sub-07,linear_predictivity,5919,71,-0.011538372886412074,,"[316227.7660168379, 1000000.0, 100000.0, 100000.0, 316227.7660168379]",0.05460144501684485,1.1709425963246523,0.9451203776529835,1.0028795165538005
timm/resnet50.a1_in1k,layer2.0,MIP,test,sub-07,linear_predictivity,5919,71,-0.003344261415696783,"[0.0021441536127508845, -0.013045019156704002, -0.0012491509340271962, -0.003848474918974588, -0.0007228156815290127]",,,,,
timm/resnet50.a1_in1k,layer2.0,VIP,train,sub-07,linear_predictivity,5919,91,-0.004131225393749782,,"[100000.0, 100000.0, 100000.0, 100000.0, 100000.0]",0.09703999815848623,1.161986889022317,0.9026338005375167,0.9980532336847776
timm/resnet50.a1_in1k,layer2.0,VIP,test,sub-07,linear_predictivity,5919,91,0.02094487830084214,"[0.02277490369776606, 0.020048892467144724, 0.023491176232100508, 0.018250344441962503, 0.020159074665236913]",,,,,
timm/resnet50.a1_in1k,layer2.0,LIPd,train,sub-07,linear_predictivity,5919,65,-0.007309725832395469,,"[316227.7660168379, 1000000000.0, 316227.7660168379, 316227.7660168379, 1000000.0]",0.02266901138597509,1.1546993171750966,0.9770222934212327,1.0022567042747295
timm/resnet50.a1_in1k,layer2.0,LIPd,test,sub-07,linear_predictivity,5919,65,-0.00043442120873915557,"[0.0060751438875469915, -0.011673939686623669, 0.00012137771257929074, 0.005007290728336235, -0.0017019786855346263]",,,,,
timm/resnet50.a1_in1k,layer2.0,LIPv,train,sub-07,linear_predictivity,5919,95,-0.008302260504817843,,"[100000.0, 100000.0, 100000.0, 316227.7660168379, 100000.0]",0.08451439669053581,1.1593158954622913,0.9148351130471772,0.9997089405181094
timm/resnet50.a1_in1k,layer2.0,LIPv,test,sub-07,linear_predictivity,5919,95,0.015624165290509261,"[0.02151498227417093, 0.015166370281678282, 0.013124912806189059, 0.008013604270637915, 0.020300956819870125]",,,,,
timm/resnet50.a1_in1k,layer2.0,AIP,train,sub-07,linear_predictivity,5919,224,-0.008079004459467035,,"[316227.7660168379, 316227.7660168379, 316227.7660168379, 316227.7660168379, 316227.7660168379]",0.035539201035393354,1.1649951365680962,0.9640617313116492,1.0012515320951476
timm/resnet50.a1_in1k,layer2.0,AIP,test,sub-07,linear_predictivity,5919,224,0.003224528231138001,"[0.0018539031517465791, 0.0006459942656534907, 0.0028235574413588427, 0.008093693337371364, 0.0027054929595597293]",,,,,
timm/resnet50.a1_in1k,layer2.0,7Pm,train,sub-07,linear_predictivity,5919,5,-0.0062664635601079426,,"[1000000000.0, 1000000000.0, 1000000000.0, 1000000.0, 1000000.0]",0.004684298312560879,1.1824943672617316,0.9951179998663189,1.002731520536579
timm/resnet50.a1_in1k,layer2.0,7Pm,test,sub-07,linear_predictivity,5919,5,-0.001619591515783041,"[-0.0028480397025067994, -0.002839511184258825, -0.0013130117658362694, -0.0009185966005357038, -0.00017879832577760713]",,,,,
timm/resnet50.a1_in1k,layer2.0,7PL,train,sub-07,linear_predictivity,5919,40,-0.013474250069428172,,"[316227.7660168379, 316227.7660168379, 100000.0, 100000.0, 316227.7660168379]",0.05981848578937408,1.1713901824355442,0.9396399399464672,1.0039575684656856
timm/resnet50.a1_in1k,layer2.0,7PL,test,sub-07,linear_predictivity,5919,40,0.014360725561929766,"[0.010816408589663127, 0.002637520300579471, 0.024173278531921187, 0.022158607229944362, 0.012017813157540677]",,,,,
timm/resnet50.a1_in1k,layer2.0,7PC,train,sub-07,linear_predictivity,5919,153,-0.005770984717196489,,"[100000.0, 100000.0, 100000.0, 316227.7660168379, 100000.0]",0.08775238861373517,1.157899954731535,0.911331987761085,0.9979206675572666
timm/resnet50.a1_in1k,layer2.0,7PC,test,sub-07,linear_predictivity,5919,153,0.032501737709737424,"[0.033975462183757174, 0.03756242636050955, 0.032243008206004724, 0.016556766689988674, 0.04217102510842702]",,,,,
timm/resnet50.a1_in1k,layer2.0,7Am,train,sub-07,linear_predictivity,5919,78,-0.010245637596902545,,"[316227.7660168379, 316227.7660168379, 100000.0, 100000.0, 316227.7660168379]",0.05915781125408609,1.1705912239292933,0.9402604225097351,1.0018577666083568
timm/resnet50.a1_in1k,layer2.0,7Am,test,sub-07,linear_predictivity,5919,78,0.01774562941271001,"[0.012441824752108234, 0.012027892478997868, 0.027001104750762686, 0.027092320437294138, 0.010165004644387137]",,,,,
timm/resnet50.a1_in1k,layer2.0,7AL,train,sub-07,linear_predictivity,5919,64,-0.01233421268281098,,"[1000000.0, 1000000000.0, 1000000.0, 316227.7660168379, 1000000000.0]",0.011707438943437837,1.1694126392102218,0.9876794730143701,1.0046170170977828
timm/resnet50.a1_in1k,layer2.0,7AL,test,sub-07,linear_predictivity,5919,64,1.3220649962953842e-05,"[0.0011743037161308957, -0.004835715504131404, 0.00015752437883669382, 0.006238270880414147, -0.002668280221435563]",,,,,
timm/resnet50.a1_in1k,layer2.0,VVC,train,sub-07,linear_predictivity,5919,157,0.01369821859530106,,"[31622.776601683796, 31622.776601683796, 31622.776601683796, 31622.776601683796, 31622.776601683796]",0.2453995261342748,1.1341369159487118,0.754300122022493,0.9799787847011199
timm/resnet50.a1_in1k,layer2.0,VVC,test,sub-07,linear_predictivity,5919,157,0.03920618450867912,"[0.03674632337583767, 0.05015907359722217, 0.03726223963663626, 0.030513387863482056, 0.041349898070217446]",,,,,
timm/resnet50.a1_in1k,layer2.0,VMV2,train,sub-07,linear_predictivity,5919,66,0.038981505884028995,,"[31622.776601683796, 31622.776601683796, 31622.776601683796, 31622.776601683796, 31622.776601683796]",0.259584203544769,1.123598057903841,0.7401789819048555,0.9558746548258776
timm/resnet50.a1_in1k,layer2.0,VMV2,test,sub-07,linear_predictivity,5919,66,0.09497340506653117,"[0.09439303222603786, 0.09406711151658234, 0.08576688753872205, 0.09957904298710789, 0.10106095106420564]",,,,,
timm/resnet50.a1_in1k,layer2.0,VMV3,train,sub-07,linear_predictivity,5919,82,0.02236280000273515,,"[31622.776601683796, 31622.776601683796, 31622.776601683796, 31622.776601683796, 31622.776601683796]",0.24839110028458705,1.1327691096100208,0.7513241615071479,0.9711452333339109
timm/resnet50.a1_in1k,layer2.0,VMV3,test,sub-07,linear_predictivity,5919,82,0.07003267257205507,"[0.07313901427292326, 0.07487430332844208, 0.06178782002533402, 0.07225735839956499, 0.06810486683401108]",,,,,
timm/resnet50.a1_in1k,layer2.0,VMV1,train,sub-07,linear_predictivity,5919,27,0.004078884432822968,,"[100000.0, 100000.0, 100000.0, 100000.0, 31622.776601683796]",0.12909032253898528,1.156925780785401,0.8707032393920782,0.9918404505861655
timm/resnet50.a1_in1k,layer2.0,VMV1,test,sub-07,linear_predictivity,5919,27,0.024443539236478108,"[0.02838327822103461, 0.024348313134142638, 0.02788298310946905, 0.028528263567755868, 0.013074858149988376]",,,,,
timm/resnet50.a1_in1k,layer2.0,PHA2,train,sub-07,linear_predictivity,5919,55,-0.004557250370190345,,"[100000.0, 100000.0, 100000.0, 100000.0, 100000.0]",0.10002116709984747,1.1534162152826741,0.8995312514845415,0.9959888773066783
timm/resnet50.a1_in1k,layer2.0,PHA2,test,sub-07,linear_predictivity,5919,55,0.028619270707856886,"[0.03337551597298482, 0.023815410894922152, 0.024467634731832187, 0.02811380960956148, 0.03332398232998379]",,,,,
timm/resnet50.a1_in1k,layer2.0,PHA3,train,sub-07,linear_predictivity,5919,149,0.007748660881449809,,"[100000.0, 31622.776601683796, 31622.776601683796, 31622.776601683796, 31622.776601683796]",0.21827161403375434,1.1382095797456349,0.7811960073850542,0.9842749349052944
timm/resnet50.a1_in1k,layer2.0,PHA3,test,sub-07,linear_predictivity,5919,149,0.04791001078961987,"[0.0489068052897934, 0.04458096466682635, 0.04631851045313043, 0.04361045157103001, 0.056133321967319176]",,,,,
timm/resnet50.a1_in1k,layer2.0,PH,train,sub-07,linear_predictivity,5919,304,0.0037033478174328593,,"[100000.0, 100000.0, 100000.0, 100000.0, 100000.0]",0.10484974454803293,1.1500944389254046,0.8948102980858973,0.9899590719695872
timm/resnet50.a1_in1k,layer2.0,PH,test,sub-07,linear_predictivity,5919,304,0.023961643636238077,"[0.025703994706149157, 0.017071469177797716, 0.02324324790577541, 0.025196899375773452, 0.028592607015694653]",,,,,
timm/resnet50.a1_in1k,layer2.1,V1,train,sub-07,linear_predictivity,5919,420,0.058932077680484155,,"[31622.776601683796, 31622.776601683796, 31622.776601683796, 31622.776601683796, 31622.776601683796]",0.29327050053442155,1.0824431815990738,0.7064904555887627,0.9364130676643742
timm/resnet50.a1_in1k,layer2.1,V1,test,sub-07,linear_predictivity,5919,420,0.07195593290231642,"[0.07840552538385441, 0.08092553406941477, 0.05830472340854592, 0.07665597452674199, 0.06548790712302499]",,,,,
timm/resnet50.a1_in1k,layer2.1,V2,train,sub-07,linear_predictivity,5919,470,0.03761869427122138,,"[31622.776601683796, 31622.776601683796, 31622.776601683796, 31622.776601683796, 31622.776601683796]",0.27833823407291763,1.0891380589037822,0.721398569517488,0.9571562315327722
timm/resnet50.a1_in1k,layer2.1,V2,test,sub-07,linear_predictivity,5919,470,0.07403845026106926,"[0.07824398469782004, 0.08044456013691345, 0.07207199945597233, 0.0732306706798861, 0.06620103633475435]",,,,,
timm/resnet50.a1_in1k,layer2.1,V3,train,sub-07,linear_predictivity,5919,348,0.01688213198434783,,"[31622.776601683796, 31622.776601683796, 31622.776601683796, 31622.776601683796, 31622.776601683796]",0.2609521970553192,1.1135434354389657,0.7387427020365497,0.9769326557368625
timm/resnet50.a1_in1k,layer2.1,V3,test,sub-07,linear_predictivity,5919,348,0.04441707782645193,"[0.04938041487906908, 0.05304002503066764, 0.039506119268406255, 0.04272695942765465, 0.03743187052646201]",,,,,
timm/resnet50.a1_in1k,layer2.1,V4,train,sub-07,linear_predictivity,5919,451,0.017144356322373728,,"[31622.776601683796, 31622.776601683796, 31622.776601683796, 31622.776601683796, 31622.776601683796]",0.25948662964949226,1.1251137426380893,0.7402256017305455,0.9767712398198632
timm/resnet50.a1_in1k,layer2.1,V4,test,sub-07,linear_predictivity,5919,451,0.04016071338751781,"[0.039891564128552846, 0.0536693891582016, 0.034912107719405394, 0.03294230391104554, 0.03938820202038368]",,,,,
timm/resnet50.a1_in1k,layer2.1,V3A,train,sub-07,linear_predictivity,5919,55,-0.0018341087572507425,,"[100000.0, 100000.0, 100000.0, 100000.0, 100000.0]",0.10241563332339583,1.1491233345607696,0.897266289548277,0.9958021039879361
timm/resnet50.a1_in1k,layer2.1,V3A,test,sub-07,linear_predictivity,5919,55,0.0243756399524356,"[0.02145583199201742, 0.02680493209845703, 0.02809145017414108, 0.02287608505791765, 0.022649900439644835]",,,,,
timm/resnet50.a1_in1k,layer2.1,V3B,train,sub-07,linear_predictivity,5919,103,0.021606067755486114,,"[31622.776601683796, 31622.776601683796, 31622.776601683796, 31622.776601683796, 31622.776601683796]",0.2603016476794834,1.1306784808770132,0.7394177993608272,0.9720981680252679
timm/resnet50.a1_in1k,layer2.1,V3B,test,sub-07,linear_predictivity,5919,103,0.07262299713494332,"[0.07303917935959715, 0.07668832517209061, 0.06891078134688594, 0.074845028629214, 0.06963167116692887]",,,,,
timm/resnet50.a1_in1k,layer2.1,V6,train,sub-07,linear_predictivity,5919,94,-0.011838154970636757,,"[100000.0, 316227.7660168379, 100000.0, 316227.7660168379, 100000.0]",0.07498592797330764,1.1422216495049216,0.9247179956794767,1.0040912634426327
timm/resnet50.a1_in1k,layer2.1,V6,test,sub-07,linear_predictivity,5919,94,0.00594058476369745,"[0.007131168684770184, 0.002410346992567095, 0.011991558995031341, 0.006534094147594391, 0.0016357549985242372]",,,,,
timm/resnet50.a1_in1k,layer2.1,V6A,train,sub-07,linear_predictivity,5919,63,-0.005765234444100473,,"[100000.0, 100000.0, 100000.0, 100000.0, 31622.776601683796]",0.13624569637782025,1.1331603543295725,0.8630990186399135,0.9977276278349738
timm/resnet50.a1_in1k,layer2.1,V6A,test,sub-07,linear_predictivity,5919,63,0.0347624447564435,"[0.031611567337220946, 0.04029994283635037, 0.03249324759809892, 0.03070114968288205, 0.038706316327665226]",,,,,
timm/resnet50.a1_in1k,layer2.1,V7,train,sub-07,linear_predictivity,5919,37,-0.004670826449771571,,"[100000.0, 31622.776601683796, 100000.0, 100000.0, 31622.776601683796]",0.16758461038290948,1.1308848447730226,0.8312039065890489,0.9964198295890361
timm/resnet50.a1_in1k,layer2.1,V7,test,sub-07,linear_predictivity,5919,37,0.03675222294842158,"[0.03532111224050934, 0.05418638577482374, 0.031797778240645225, 0.029277598855755354, 0.03317823963037424]",,,,,
timm/resnet50.a1_in1k,layer2.1,V8,train,sub-07,linear_predictivity,5919,80,0.03545019796289624,,"[31622.776601683796, 31622.776601683796, 31622.776601683796, 31622.776601683796, 31622.776601683796]",0.2737566812633586,1.116697729783612,0.7259037629645574,0.9571132457205568
timm/resnet50.a1_in1k,layer2.1,V8,test,sub-07,linear_predictivity,5919,80,0.08189450423982163,"[0.07476098199288232, 0.09152131877384657, 0.07332417071218897, 0.08162519789026326, 0.08824085182992703]",,,,,
timm/resnet50.a1_in1k,layer2.1,FFC,train,sub-07,linear_predictivity,5919,265,0.04943702934550233,,"[31622.776601683796, 31622.776601683796, 31622.776601683796, 31622.776601683796, 31622.776601683796]",0.28908496479240864,1.085058360354505,0.7106336936407455,0.9450937832546542
timm/resnet50.a1_in1k,layer2.1,FFC,test,sub-07,linear_predictivity,5919,265,0.09426580673702337,"[0.08257439850575013, 0.10061510020734267, 0.09618783101348281, 0.08855693431233384, 0.10339476964620731]",,,,,
timm/resnet50.a1_in1k,layer2.1,PIT,train,sub-07,linear_predictivity,5919,101,0.040391070474507004,,"[31622.776601683796, 31622.776601683796, 31622.776601683796, 31622.776601683796, 31622.776601683796]",0.2773921471644463,1.0976351369800388,0.7223562057438297,0.9543781039061118
timm/resnet50.a1_in1k,layer2.1,PIT,test,sub-07,linear_predictivity,5919,101,0.06750446043662034,"[0.06180199907348439, 0.08988431072404557, 0.0539960382974501, 0.05928462081564692, 0.0725553332724747]",,,,,
timm/resnet50.a1_in1k,layer2.1,IPS1,train,sub-07,linear_predictivity,5919,191,-0.0033723958148021067,,"[100000.0, 100000.0, 100000.0, 100000.0, 100000.0]",0.1051778097055355,1.1440010195310397,0.8944501627104241,0.9963130325860566
timm/resnet50.a1_in1k,layer2.1,IPS1,test,sub-07,linear_predictivity,5919,191,0.025787827985637612,"[0.0296143855993054, 0.023729071552705115, 0.028015522973472005, 0.02144984089834168, 0.02613031890436387]",,,,,
timm/resnet50.a1_in1k,layer2.1,MST,train,sub-07,linear_predictivity,5919,149,0.027455700264979083,,"[31622.776601683796, 31622.776601683796, 31622.776601683796, 31622.776601683796, 31622.776601683796]",0.271926378831353,1.1025066160550316,0.7278751962550281,0.9687791743021024
timm/resnet50.a1_in1k,layer2.1,MST,test,sub-07,linear_predictivity,5919,149,0.09425886191213963,"[0.09244239824504073, 0.10191706312959864, 0.08503697803390928, 0.09252288829374555, 0.09937498185840395]",,,,,
timm/resnet50.a1_in1k,layer2.1,MT,train,sub-07,linear_predictivity,5919,100,0.03137744520339578,,"[31622.776601683796, 31622.776601683796, 31622.776601683796, 31622.776601683796, 31622.776601683796]",0.27521043150927593,1.0961549686804575,0.7245492027537254,0.9644339190448665
timm/resnet50.a1_in1k,layer2.1,MT,test,sub-07,linear_predictivity,5919,100,0.09652447530690442,"[0.09955175693179719, 0.10926157307700864, 0.08090533208199341, 0.09728512584254018, 0.09561858860118272]",,,,,
timm/resnet50.a1_in1k,layer2.1,FST,train,sub-07,linear_predictivity,5919,167,0.0031079218395452346,,"[100000.0, 100000.0, 100000.0, 100000.0, 100000.0]",0.11043510042974322,1.125734475644731,0.8892204496294541,0.9904877786410251
timm/resnet50.a1_in1k,layer2.1,FST,test,sub-07,linear_predictivity,5919,167,0.032599324034046015,"[0.03332374650125071, 0.02862660923975358, 0.029463300727794045, 0.034592763729564366, 0.03699019997186739]",,,,,
timm/resnet50.a1_in1k,layer2.1,LO1,train,sub-07,linear_predictivity,5919,80,0.044197096259833535,,"[31622.776601683796, 31622.776601683796, 31622.776601683796, 31622.776601683796, 31622.776601683796]",0.29030314087058406,1.0853106402844372,0.709253244373583,0.9462167272078637
timm/resnet50.a1_in1k,layer2.1,LO1,test,sub-07,linear_predictivity,5919,80,0.08801973875198132,"[0.08176182409946813, 0.10225135619481543, 0.07556330508707705, 0.08849325951333824, 0.09202894886520777]",,,,,
timm/resnet50.a1_in1k,layer2.1,LO2,train,sub-07,linear_predictivity,5919,67,0.030867728605491647,,"[31622.776601683796, 31622.776601683796, 31622.776601683796, 31622.776601683796, 31622.776601683796]",0.26998297807966865,1.101904166346833,0.7297343433714504,0.9633279405132115
timm/resnet50.a1_in1k,layer2.1,LO2,test,sub-07,linear_predictivity,5919,67,0.05844547468418868,"[0.05411011362932493, 0.0802918624233224, 0.04271956127696865, 0.053332210657304785, 0.06177362543402268]",,,,,
timm/resnet50.a1_in1k,layer2.1,LO3,train,sub-07,linear_predictivity,5919,125,0.05939988117217594,,"[10000.0, 10000.0, 10000.0, 31622.776601683796, 10000.0]",0.4878649090229897,1.0611768278777867,0.5130039304784726,0.9342857279710154
timm/resnet50.a1_in1k,layer2.1,LO3,test,sub-07,linear_predictivity,5919,125,0.10898370695530224,"[0.09569230770845553, 0.11612761498808252, 0.09377834217922269, 0.11421847367068086, 0.12510179623006956]",,,,,
timm/resnet50.a1_in1k,layer2.1,V7,train,sub-07,linear_predictivity,5919,37,-0.004670826449771571,,"[100000.0, 31622.776601683796, 100000.0, 100000.0, 31622.776601683796]",0.16758461038290948,1.1308848447730226,0.8312039065890489,0.9964198295890361
timm/resnet50.a1_in1k,layer2.1,V7,test,sub-07,linear_predictivity,5919,37,0.03675222294842158,"[0.03532111224050934, 0.05418638577482374, 0.031797778240645225, 0.029277598855755354, 0.03317823963037424]",,,,,
timm/resnet50.a1_in1k,layer2.1,IP0,train,sub-07,linear_predictivity,5919,73,0.00218485491392898,,"[100000.0, 100000.0, 31622.776601683796, 31622.776601683796, 100000.0]",0.16795293677340525,1.1396594531865496,0.8319292986853842,0.9896387973829196
timm/resnet50.a1_in1k,layer2.1,IP0,test,sub-07,linear_predictivity,5919,73,0.024932579116171527,"[0.03106099791428265, 0.015515160916607719, 0.020682399590374965, 0.02637126257296487, 0.03103307458662743]",,,,,
timm/resnet50.a1_in1k,layer2.1,IP1,train,sub-07,linear_predictivity,5919,94,-0.00527122801201117,,"[316227.7660168379, 316227.7660168379, 1000000000.0, 316227.7660168379, 1000000000.0]",0.020922294713982655,1.161658425233096,0.9788221790579843,1.002038351816824
timm/resnet50.a1_in1k,layer2.1,IP1,test,sub-07,linear_predictivity,5919,94,-0.008939103438252662,"[-0.011648030145017004, -0.016265476161589052, -0.0049727239366096215, -0.010300584610296232, -0.0015087023377513978]",,,,,
timm/resnet50.a1_in1k,layer2.1,MIP,train,sub-07,linear_predictivity,5919,71,-0.011654832872833096,,"[316227.7660168379, 316227.7660168379, 100000.0, 100000.0, 316227.7660168379]",0.062063982219443384,1.159657988622597,0.9376550478050654,1.0030260576385113
timm/resnet50.a1_in1k,layer2.1,MIP,test,sub-07,linear_predictivity,5919,71,-0.005071561155665079,"[-4.487729442503706e-05, -0.010623895412960391, -0.004227702036687376, -0.008423586803796568, -0.002037744230456027]",,,,,
timm/resnet50.a1_in1k,layer2.1,VIP,train,sub-07,linear_predictivity,5919,91,-0.0057779092439130845,,"[100000.0, 100000.0, 100000.0, 100000.0, 100000.0]",0.10204930424201697,1.1544931789167965,0.8976246045769329,0.9996753952871007
timm/resnet50.a1_in1k,layer2.1,VIP,test,sub-07,linear_predictivity,5919,91,0.01506078029876634,"[0.0163667427058446, 0.015181000115079632, 0.016988092025568932, 0.012327716807547266, 0.01444034983979127]",,,,,
timm/resnet50.a1_in1k,layer2.1,LIPd,train,sub-07,linear_predictivity,5919,65,-0.006549445546124099,,"[316227.7660168379, 316227.7660168379, 316227.7660168379, 316227.7660168379, 316227.7660168379]",0.03561091520731274,1.1513229452325686,0.9640902980415623,1.0015009038530747
timm/resnet50.a1_in1k,layer2.1,LIPd,test,sub-07,linear_predictivity,5919,65,0.001039519600789762,"[0.003435404815940347, -0.005917215033513217, 0.00013084809391721125, 0.004528289000610056, 0.0030202711269944134]",,,,,
timm/resnet50.a1_in1k,layer2.1,LIPv,train,sub-07,linear_predictivity,5919,95,-0.00927299005096616,,"[100000.0, 100000.0, 100000.0, 316227.7660168379, 100000.0]",0.08983844069649431,1.152132235476547,0.9095026493649137,1.000688272613317
timm/resnet50.a1_in1k,layer2.1,LIPv,test,sub-07,linear_predictivity,5919,95,0.010854739015251125,"[0.015352913091793327, 0.010322602974792837, 0.008821776006118491, 0.0057727712818566035, 0.01400363172169437]",,,,,
timm/resnet50.a1_in1k,layer2.1,AIP,train,sub-07,linear_predictivity,5919,224,-0.008829666040361119,,"[100000.0, 316227.7660168379, 316227.7660168379, 316227.7660168379, 100000.0]",0.06254710786014998,1.1476057474617738,0.9369587182751096,1.0019746561266873
timm/resnet50.a1_in1k,layer2.1,AIP,test,sub-07,linear_predictivity,5919,224,0.0025069631375132127,"[-0.00032364377377238837, -0.00031642877526372675, 0.0012238334626964724, 0.005915845787788748, 0.006035208986116958]",,,,,
timm/resnet50.a1_in1k,layer2.1,7Pm,train,sub-07,linear_predictivity,5919,5,-0.005928929897732494,,"[3162277.6601683795, 1000000000.0, 1000000000.0, 1000000.0, 3162277.6601683795]",0.003969807186423888,1.1736000374975306,0.9958088101459908,1.0023755301590458
timm/resnet50.a1_in1k,layer2.1,7Pm,test,sub-07,linear_predictivity,5919,5,-0.001689668567802731,"[-0.0019262727065464391, -0.0028398580953322484, -0.001313050501119939, -0.002147869351091436, -0.00022129218492359382]",,,,,
timm/resnet50.a1_in1k,layer2.1,7PL,train,sub-07,linear_predictivity,5919,40,-0.013511008819409776,,"[316227.7660168379, 316227.7660168379, 100000.0, 100000.0, 316227.7660168379]",0.0629373928021871,1.1539177022465232,0.9365194111324424,1.0039927095572463
timm/resnet50.a1_in1k,layer2.1,7PL,test,sub-07,linear_predictivity,5919,40,0.011344533396308292,"[0.008193661025136892, 0.0015237946983615662, 0.02057745192969911, 0.016525785865088443, 0.009901973463255451]",,,,,
timm/resnet50.a1_in1k,layer2.1,7PC,train,sub-07,linear_predictivity,5919,153,-0.006643728178899259,,"[100000.0, 100000.0, 100000.0, 316227.7660168379, 100000.0]",0.09281899056788873,1.1486223346597408,0.9062359841262377,0.9987908865725916
timm/resnet50.a1_in1k,layer2.1,7PC,test,sub-07,linear_predictivity,5919,153,0.026195446651035403,"[0.027210515262917897, 0.030012906571570516, 0.025750523000653596, 0.013032762321066404, 0.03497052609896862]",,,,,
timm/resnet50.a1_in1k,layer2.1,7Am,train,sub-07,linear_predictivity,5919,78,-0.011049409332461808,,"[316227.7660168379, 316227.7660168379, 100000.0, 100000.0, 316227.7660168379]",0.06144585475653077,1.1483871684345857,0.9379663130685181,1.0026487604636811
timm/resnet50.a1_in1k,layer2.1,7Am,test,sub-07,linear_predictivity,5919,78,0.016575944825270375,"[0.011011085929460459, 0.01034223787106323, 0.027228151209668337, 0.025289925592129756, 0.009008323524030094]",,,,,
timm/resnet50.a1_in1k,layer2.1,7AL,train,sub-07,linear_predictivity,5919,64,-0.012408873465084774,,"[1000000.0, 1000000000.0, 1000000.0, 316227.7660168379, 1000000000.0]",0.01202801053594213,1.147740028832711,0.9873557549058773,1.0046897089549538
timm/resnet50.a1_in1k,layer2.1,7AL,test,sub-07,linear_predictivity,5919,64,-0.0008382702155206954,"[5.6215214311924194e-05, -0.004836735503169102, -0.00039636969815011816, 0.0036552108994672896, -0.0026696719900634706]",,,,,
timm/resnet50.a1_in1k,layer2.1,VVC,train,sub-07,linear_predictivity,5919,157,0.014432244506904687,,"[31622.776601683796, 31622.776601683796, 31622.776601683796, 31622.776601683796, 31622.776601683796]",0.2627639883657663,1.1227049104920177,0.7369419137489353,0.9792562098097021
timm/resnet50.a1_in1k,layer2.1,VVC,test,sub-07,linear_predictivity,5919,157,0.032095256234930446,"[0.028428728530076046, 0.04271982850085064, 0.029004958227530783, 0.025226122922059682, 0.035096642994135105]",,,,,
timm/resnet50.a1_in1k,layer2.1,VMV2,train,sub-07,linear_predictivity,5919,66,0.03954404828901934,,"[31622.776601683796, 31622.776601683796, 31622.776601683796, 31622.776601683796, 31622.776601683796]",0.2760475841122253,1.1024395851538173,0.7237201522469314,0.9552726903777847
timm/resnet50.a1_in1k,layer2.1,VMV2,test,sub-07,linear_predictivity,5919,66,0.08911419018584847,"[0.08890085233135195, 0.08962795181347867, 0.08274016793527306, 0.09301795280156955, 0.0912840260475691]",,,,,
timm/resnet50.a1_in1k,layer2.1,VMV3,train,sub-07,linear_predictivity,5919,82,0.01953948450153262,,"[31622.776601683796, 31622.776601683796, 31622.776601683796, 31622.776601683796, 31622.776601683796]",0.2630959348973599,1.1184934176341574,0.7366225639987034,0.974006584530349
timm/resnet50.a1_in1k,layer2.1,VMV3,test,sub-07,linear_predictivity,5919,82,0.062451654650569025,"[0.06566539169508641, 0.06488920660551344, 0.05555944748247454, 0.06717339933991312, 0.05897082812985761]",,,,,
timm/resnet50.a1_in1k,layer2.1,VMV1,train,sub-07,linear_predictivity,5919,27,0.005542497236592836,,"[100000.0, 100000.0, 31622.776601683796, 100000.0, 31622.776601683796]",0.1650934483128932,1.1431922292263248,0.834770525040937,0.9903625905574638
timm/resnet50.a1_in1k,layer2.1,VMV1,test,sub-07,linear_predictivity,5919,27,0.02123780417543488,"[0.027215979434683686, 0.02393744132951925, 0.01856952356086678, 0.02576508055961275, 0.010700995992491948]",,,,,
timm/resnet50.a1_in1k,layer2.1,PHA2,train,sub-07,linear_predictivity,5919,55,-0.00527835175058432,,"[100000.0, 100000.0, 100000.0, 100000.0, 100000.0]",0.10505290571298251,1.1441811533967603,0.8945083213301894,0.9968315106541809
timm/resnet50.a1_in1k,layer2.1,PHA2,test,sub-07,linear_predictivity,5919,55,0.026625922499676047,"[0.03046227783242758, 0.024156300273794784, 0.020180823398900878, 0.02896321185338785, 0.029366999139869156]",,,,,
timm/resnet50.a1_in1k,layer2.1,PHA3,train,sub-07,linear_predictivity,5919,149,0.005286502175031742,,"[100000.0, 31622.776601683796, 31622.776601683796, 31622.776601683796, 31622.776601683796]",0.2317526062199014,1.1278398584217888,0.7677077657993172,0.9866694861400924
timm/resnet50.a1_in1k,layer2.1,PHA3,test,sub-07,linear_predictivity,5919,149,0.040570078577780076,"[0.04243922821178596, 0.03873629963149679, 0.034595803080972154, 0.04219674022610425, 0.044882321738541224]",,,,,
timm/resnet50.a1_in1k,layer2.1,PH,train,sub-07,linear_predictivity,5919,304,0.0035113428605861364,,"[100000.0, 100000.0, 100000.0, 100000.0, 100000.0]",0.11141416008729751,1.1348417668700277,0.8882486394796076,0.99017849574595
timm/resnet50.a1_in1k,layer2.1,PH,test,sub-07,linear_predictivity,5919,304,0.019156931912023636,"[0.020767658639158228, 0.013036230710092465, 0.017544360303296397, 0.020938907576579926, 0.023497502330991172]",,,,,
timm/resnet50.a1_in1k,layer2.2,V1,train,sub-07,linear_predictivity,5919,420,0.058978722651917476,,"[31622.776601683796, 31622.776601683796, 31622.776601683796, 31622.776601683796, 31622.776601683796]",0.2962506016281515,1.0764197794313244,0.70351129954036,0.9364215075283528
timm/resnet50.a1_in1k,layer2.2,V1,test,sub-07,linear_predictivity,5919,420,0.07741770911461718,"[0.08341371023558584, 0.08346006733512153, 0.06693055537173632, 0.0826567335986211, 0.07062747903202117]",,,,,
timm/resnet50.a1_in1k,layer2.2,V2,train,sub-07,linear_predictivity,5919,470,0.03825289493441502,,"[31622.776601683796, 31622.776601683796, 31622.776601683796, 31622.776601683796, 31622.776601683796]",0.28185146764221425,1.0847169117011761,0.7178861494072466,0.9565957883107815
timm/resnet50.a1_in1k,layer2.2,V2,test,sub-07,linear_predictivity,5919,470,0.07331883493499938,"[0.0770043178218036, 0.07786689334274749, 0.07225975522173132, 0.07340092619484571, 0.06606228209386876]",,,,,
timm/resnet50.a1_in1k,layer2.2,V3,train,sub-07,linear_predictivity,5919,348,0.017039305957162337,,"[31622.776601683796, 31622.776601683796, 31622.776601683796, 31622.776601683796, 31622.776601683796]",0.2645782589323529,1.1109186899631287,0.7351131986022811,0.9768090175858977
timm/resnet50.a1_in1k,layer2.2,V3,test,sub-07,linear_predictivity,5919,348,0.046565520338625925,"[0.05068458168560976, 0.053165300032421446, 0.04389261866164253, 0.04597698929299194, 0.03910811202046396]",,,,,
timm/resnet50.a1_in1k,layer2.2,V4,train,sub-07,linear_predictivity,5919,451,0.019079354217083982,,"[31622.776601683796, 31622.776601683796, 31622.776601683796, 31622.776601683796, 31622.776601683796]",0.26486073701069984,1.1228147825899994,0.7348509151692381,0.974882814897405
timm/resnet50.a1_in1k,layer2.2,V4,test,sub-07,linear_predictivity,5919,451,0.04863474075934025,"[0.0495680680122475, 0.06107853292902287, 0.0430650982727002, 0.041536559287534705, 0.04792544529519597]",,,,,
timm/resnet50.a1_in1k,layer2.2,V3A,train,sub-07,linear_predictivity,5919,55,-0.0014862940979884266,,"[100000.0, 31622.776601683796, 31622.776601683796, 100000.0, 31622.776601683796]",0.19246759865008206,1.1402328846968852,0.8070419608836159,0.9951962934681584
timm/resnet50.a1_in1k,layer2.2,V3A,test,sub-07,linear_predictivity,5919,55,0.028113372865675862,"[0.020402671511347285, 0.03893198114552845, 0.032330667628080074, 0.022657355634895897, 0.0262441884085276]",,,,,
timm/resnet50.a1_in1k,layer2.2,V3B,train,sub-07,linear_predictivity,5919,103,0.02520304126146076,,"[31622.776601683796, 31622.776601683796, 31622.776601683796, 31622.776601683796, 31622.776601683796]",0.26643957941296736,1.1245525328647183,0.7332767149474483,0.9685094843097708
timm/resnet50.a1_in1k,layer2.2,V3B,test,sub-07,linear_predictivity,5919,103,0.08210628797333892,"[0.08391936043398845, 0.08707495156611829, 0.07871693230035859, 0.08455411092061398, 0.07626608464561527]",,,,,
timm/resnet50.a1_in1k,layer2.2,V6,train,sub-07,linear_predictivity,5919,94,-0.012008719857412345,,"[100000.0, 316227.7660168379, 100000.0, 316227.7660168379, 100000.0]",0.07587390908628941,1.135669966545029,0.9238365577788477,1.004281632156051
timm/resnet50.a1_in1k,layer2.2,V6,test,sub-07,linear_predictivity,5919,94,0.004267828207424347,"[0.0024083442458781687, 0.0012303446028863604, 0.010842393068974934, 0.005646000334718945, 0.0012120587846633241]",,,,,
timm/resnet50.a1_in1k,layer2.2,V6A,train,sub-07,linear_predictivity,5919,63,-0.0049164830298203885,,"[31622.776601683796, 31622.776601683796, 100000.0, 100000.0, 31622.776601683796]",0.19874791052336044,1.1223717410745018,0.8010877452343251,0.9968597274775555
timm/resnet50.a1_in1k,layer2.2,V6A,test,sub-07,linear_predictivity,5919,63,0.037827873403533704,"[0.039912418051784596, 0.05597297773152386, 0.0305384668935052, 0.027914951847040122, 0.03480055249381476]",,,,,
timm/resnet50.a1_in1k,layer2.2,V7,train,sub-07,linear_predictivity,5919,37,-0.001865440143330095,,"[31622.776601683796, 31622.776601683796, 100000.0, 100000.0, 31622.776601683796]",0.200299138630219,1.1198570224990085,0.798772585110515,0.9937884675252102
timm/resnet50.a1_in1k,layer2.2,V7,test,sub-07,linear_predictivity,5919,37,0.038899172047332495,"[0.04613673218452533, 0.05481989545836735, 0.03078017937639386, 0.027921405305836797, 0.034837647911539114]",,,,,
timm/resnet50.a1_in1k,layer2.2,V8,train,sub-07,linear_predictivity,5919,80,0.03559317402047875,,"[31622.776601683796, 31622.776601683796, 31622.776601683796, 31622.776601683796, 31622.776601683796]",0.2779115942521465,1.1105549747916308,0.7217451944738926,0.9569838046028588
timm/resnet50.a1_in1k,layer2.2,V8,test,sub-07,linear_predictivity,5919,80,0.08908567078945762,"[0.08184249436623026, 0.09729454609154102, 0.08289246681029798, 0.08686614791191691, 0.09653269876730185]",,,,,
timm/resnet50.a1_in1k,layer2.2,FFC,train,sub-07,linear_predictivity,5919,265,0.05206311411088593,,"[31622.776601683796, 31622.776601683796, 31622.776601683796, 31622.776601683796, 31622.776601683796]",0.2941066913789175,1.0777073634299241,0.7056156935064182,0.9425618467356827
timm/resnet50.a1_in1k,layer2.2,FFC,test,sub-07,linear_predictivity,5919,265,0.10166650908822647,"[0.08951715296816638, 0.1072141060485934, 0.10275845863822478, 0.09741413231582957, 0.11142869547031829]",,,,,
timm/resnet50.a1_in1k,layer2.2,PIT,train,sub-07,linear_predictivity,5919,101,0.04067617919904868,,"[31622.776601683796, 31622.776601683796, 31622.776601683796, 31622.776601683796, 31622.776601683796]",0.2813076845666095,1.0959992465118022,0.7184473887115332,0.9541406594790487
timm/resnet50.a1_in1k,layer2.2,PIT,test,sub-07,linear_predictivity,5919,101,0.0716837705658585,"[0.0678662354019376, 0.08967851549155731, 0.058858890293625614, 0.06493329112927232, 0.07708192051289972]",,,,,
timm/resnet50.a1_in1k,layer2.2,IPS1,train,sub-07,linear_predictivity,5919,191,-0.0017696248660736302,,"[100000.0, 100000.0, 100000.0, 100000.0, 100000.0]",0.10754249757928935,1.1312273644503223,0.8920862798619209,0.9947497710788825
timm/resnet50.a1_in1k,layer2.2,IPS1,test,sub-07,linear_predictivity,5919,191,0.026376967296112573,"[0.029851909633138753, 0.02512014583158232, 0.02826295794700173, 0.022107315035807467, 0.02654250803303261]",,,,,
timm/resnet50.a1_in1k,layer2.2,MST,train,sub-07,linear_predictivity,5919,149,0.029411155277652236,,"[31622.776601683796, 31622.776601683796, 31622.776601683796, 31622.776601683796, 31622.776601683796]",0.27655193482141016,1.1029391212395647,0.7232539773571999,0.9668938855483645
timm/resnet50.a1_in1k,layer2.2,MST,test,sub-07,linear_predictivity,5919,149,0.09046690890629835,"[0.08727962133158289, 0.09856855833890979, 0.08424551096534977, 0.08896329361121601, 0.09327756028443336]",,,,,
timm/resnet50.a1_in1k,layer2.2,MT,train,sub-07,linear_predictivity,5919,100,0.03442800804743384,,"[31622.776601683796, 31622.776601683796, 31622.776601683796, 31622.776601683796, 31622.776601683796]",0.280635497846842,1.090631740760778,0.7191262995973023,0.9614583787551838
timm/resnet50.a1_in1k,layer2.2,MT,test,sub-07,linear_predictivity,5919,100,0.09704054947890378,"[0.09986280286585911, 0.109011329328006, 0.08560907977564038, 0.09629503377065231, 0.09442450165436111]",,,,,
timm/resnet50.a1_in1k,layer2.2,FST,train,sub-07,linear_predictivity,5919,167,0.003919108463323697,,"[31622.776601683796, 31622.776601683796, 100000.0, 100000.0, 31622.776601683796]",0.2021205954635846,1.122218231005815,0.7963806881170684,0.9895721100575956
timm/resnet50.a1_in1k,layer2.2,FST,test,sub-07,linear_predictivity,5919,167,0.04259261289904697,"[0.04495811906536695, 0.04730405672657339, 0.031006647719030323, 0.034636393895723074, 0.05505784708854112]",,,,,
timm/resnet50.a1_in1k,layer2.2,LO1,train,sub-07,linear_predictivity,5919,80,0.041941505241629734,,"[31622.776601683796, 10000.0, 31622.776601683796, 31622.776601683796, 31622.776601683796]",0.34317042396489045,1.0823693947753972,0.6557038290333268,0.9478135770522712
timm/resnet50.a1_in1k,layer2.2,LO1,test,sub-07,linear_predictivity,5919,80,0.085588274411953,"[0.08132408275944211, 0.09703219137220236, 0.07467645653343837, 0.08529350010960368, 0.0896151412850785]",,,,,
timm/resnet50.a1_in1k,layer2.2,LO2,train,sub-07,linear_predictivity,5919,67,0.02937031609567451,,"[31622.776601683796, 31622.776601683796, 31622.776601683796, 31622.776601683796, 31622.776601683796]",0.2730472388228205,1.1094711979203886,0.7266715944173139,0.9647793454103015
timm/resnet50.a1_in1k,layer2.2,LO2,test,sub-07,linear_predictivity,5919,67,0.06270923997061723,"[0.061068298899373125, 0.08121047662918686, 0.04927284801728474, 0.056753886455238725, 0.06524068985200267]",,,,,
timm/resnet50.a1_in1k,layer2.2,LO3,train,sub-07,linear_predictivity,5919,125,0.0725797302355389,,"[10000.0, 10000.0, 10000.0, 10000.0, 10000.0]",0.544695258064116,1.051155645701975,0.4550978313716983,0.9214429314980503
timm/resnet50.a1_in1k,layer2.2,LO3,test,sub-07,linear_predictivity,5919,125,0.11987939700667412,"[0.10641594814649676, 0.12168142051013697, 0.11045756962247787, 0.12323960157465386, 0.13760244517960513]",,,,,
timm/resnet50.a1_in1k,layer2.2,V7,train,sub-07,linear_predictivity,5919,37,-0.001865440143330095,,"[31622.776601683796, 31622.776601683796, 100000.0, 100000.0, 31622.776601683796]",0.200299138630219,1.1198570224990085,0.798772585110515,0.9937884675252102
timm/resnet50.a1_in1k,layer2.2,V7,test,sub-07,linear_predictivity,5919,37,0.038899172047332495,"[0.04613673218452533, 0.05481989545836735, 0.03078017937639386, 0.027921405305836797, 0.034837647911539114]",,,,,
timm/resnet50.a1_in1k,layer2.2,IP0,train,sub-07,linear_predictivity,5919,73,0.0033498246140488274,,"[31622.776601683796, 100000.0, 31622.776601683796, 31622.776601683796, 100000.0]",0.19905263067300424,1.1364727938777601,0.8012674698338851,0.9883838262555467
timm/resnet50.a1_in1k,layer2.2,IP0,test,sub-07,linear_predictivity,5919,73,0.02750186445427033,"[0.02954685791046756, 0.01811933718668774, 0.025695138457612707, 0.031658727034264755, 0.032489261682318894]",,,,,
timm/resnet50.a1_in1k,layer2.2,IP1,train,sub-07,linear_predictivity,5919,94,-0.005406116762389116,,"[316227.7660168379, 316227.7660168379, 1000000000.0, 316227.7660168379, 1000000000.0]",0.0209605448519641,1.1523884461015803,0.9787850426498942,1.0021706547993738
timm/resnet50.a1_in1k,layer2.2,IP1,test,sub-07,linear_predictivity,5919,94,-0.008200077311635636,"[-0.010956843982307982, -0.014178818635231063, -0.004972297921298177, -0.009384505446081493, -0.0015079205732594619]",,,,,
timm/resnet50.a1_in1k,layer2.2,MIP,train,sub-07,linear_predictivity,5919,71,-0.011064894167271605,,"[100000.0, 316227.7660168379, 100000.0, 100000.0, 316227.7660168379]",0.07602555566803713,1.148946799955594,0.923678216126504,1.0024360119214673
timm/resnet50.a1_in1k,layer2.2,MIP,test,sub-07,linear_predictivity,5919,71,-0.004301685761751435,"[-0.002310713595994012, -0.009940535909594764, -0.002656929112083518, -0.004858557306659583, -0.0017416928844252988]",,,,,
timm/resnet50.a1_in1k,layer2.2,VIP,train,sub-07,linear_predictivity,5919,91,-0.003831098572931057,,"[100000.0, 100000.0, 100000.0, 100000.0, 100000.0]",0.10453798304439092,1.1353289386449603,0.8951390524251664,0.9977745605047614
timm/resnet50.a1_in1k,layer2.2,VIP,test,sub-07,linear_predictivity,5919,91,0.01599927486240312,"[0.016801190491782376, 0.016703163909645574, 0.017343394820330812, 0.013960201611292558, 0.015188423478964265]",,,,,
timm/resnet50.a1_in1k,layer2.2,LIPd,train,sub-07,linear_predictivity,5919,65,-0.007315933478569525,,"[316227.7660168379, 1000000.0, 316227.7660168379, 1000000.0, 316227.7660168379]",0.02608259780851991,1.149844323415516,0.9736126432869536,1.0022313589739038
timm/resnet50.a1_in1k,layer2.2,LIPd,test,sub-07,linear_predictivity,5919,65,-0.00022080159670885089,"[0.003693095043798364, -0.009015228501391347, 0.00031624287330660303, 0.0005664289655926896, 0.003335453635149435]",,,,,
timm/resnet50.a1_in1k,layer2.2,LIPv,train,sub-07,linear_predictivity,5919,95,-0.006771164145179979,,"[100000.0, 100000.0, 100000.0, 100000.0, 100000.0]",0.10443824056275275,1.1363481443251127,0.8950814557671052,0.9981315216722187
timm/resnet50.a1_in1k,layer2.2,LIPv,test,sub-07,linear_predictivity,5919,95,0.014225731501011321,"[0.017728984179300113, 0.01286841610703041, 0.011433995619844366, 0.012536867871568994, 0.016560393727312727]",,,,,
timm/resnet50.a1_in1k,layer2.2,AIP,train,sub-07,linear_predictivity,5919,224,-0.007825772766604611,,"[100000.0, 100000.0, 316227.7660168379, 316227.7660168379, 100000.0]",0.07707940342712304,1.1357558376063606,0.9223437656831889,1.0009645240341647
timm/resnet50.a1_in1k,layer2.2,AIP,test,sub-07,linear_predictivity,5919,224,0.003871862175592042,"[0.0002863864686799109, 0.004621489126572253, 0.0015092662922559905, 0.0054347628644073115, 0.007507406126044743]",,,,,
timm/resnet50.a1_in1k,layer2.2,7Pm,train,sub-07,linear_predictivity,5919,5,-0.006474505461234241,,"[3162277.6601683795, 1000000000.0, 1000000000.0, 316227.7660168379, 1000000.0]",0.01041496550418628,1.1564825649066175,0.9893919598565827,1.0029372411053517
timm/resnet50.a1_in1k,layer2.2,7Pm,test,sub-07,linear_predictivity,5919,5,-0.0003456278780235288,"[-0.0016967076388883617, -0.0028395533750046552, -0.0013125512807383721, 0.003872683487693651, 0.0002479894168200936]",,,,,
timm/resnet50.a1_in1k,layer2.2,7PL,train,sub-07,linear_predictivity,5919,40,-0.01282874997236961,,"[100000.0, 316227.7660168379, 100000.0, 100000.0, 316227.7660168379]",0.07656169862253054,1.1450307499693337,0.9229853940868005,1.0032884227746577
timm/resnet50.a1_in1k,layer2.2,7PL,test,sub-07,linear_predictivity,5919,40,0.011795629349615937,"[0.011152506361765166, 0.0002694865750721892, 0.021882383636077384, 0.017675971993912375, 0.007997798181252569]",,,,,
timm/resnet50.a1_in1k,layer2.2,7PC,train,sub-07,linear_predictivity,5919,153,-0.004998872457373991,,"[100000.0, 100000.0, 100000.0, 100000.0, 31622.776601683796]",0.13795100148897288,1.1321142781164963,0.8611023380506811,0.9967377419081449
timm/resnet50.a1_in1k,layer2.2,7PC,test,sub-07,linear_predictivity,5919,153,0.03242984970260081,"[0.02831324980437149, 0.03242907742961419, 0.027467794385765163, 0.02766522802340819, 0.046273898869844975]",,,,,
timm/resnet50.a1_in1k,layer2.2,7Am,train,sub-07,linear_predictivity,5919,78,-0.009621162682200046,,"[100000.0, 100000.0, 100000.0, 100000.0, 316227.7660168379]",0.08776589819148148,1.1362244435037323,0.9115825383452145,1.0012835480453401
timm/resnet50.a1_in1k,layer2.2,7Am,test,sub-07,linear_predictivity,5919,78,0.01951693706910026,"[0.019505369032664498, 0.02140128494761802, 0.026312407215602882, 0.02280124638249729, 0.0075643777671185845]",,,,,
timm/resnet50.a1_in1k,layer2.2,7AL,train,sub-07,linear_predictivity,5919,64,-0.012060150322844203,,"[316227.7660168379, 10000000.0, 316227.7660168379, 316227.7660168379, 1000000000.0]",0.021861207655028452,1.1342049674086554,0.9774174651636593,1.0043457615210318
timm/resnet50.a1_in1k,layer2.2,7AL,test,sub-07,linear_predictivity,5919,64,2.368861661888426e-05,"[0.002197101900171085, -0.004647490852291136, 0.0028870559749459897, 0.00235191026987127, -0.0026701342096027876]",,,,,
timm/resnet50.a1_in1k,layer2.2,VVC,train,sub-07,linear_predictivity,5919,157,0.014751455845941815,,"[31622.776601683796, 31622.776601683796, 31622.776601683796, 31622.776601683796, 31622.776601683796]",0.26649876716929405,1.1239264842108736,0.7332119565729777,0.9789906597650472
timm/resnet50.a1_in1k,layer2.2,VVC,test,sub-07,linear_predictivity,5919,157,0.041478210011901925,"[0.040264141961337645, 0.0508226243589665, 0.03717269353066249, 0.03283912234883348, 0.04629246785970949]",,,,,
timm/resnet50.a1_in1k,layer2.2,VMV2,train,sub-07,linear_predictivity,5919,66,0.0459492890812952,,"[31622.776601683796, 31622.776601683796, 31622.776601683796, 31622.776601683796, 31622.776601683796]",0.28360191707685883,1.0956637345673204,0.7161629513867999,0.9489057377937765
timm/resnet50.a1_in1k,layer2.2,VMV2,test,sub-07,linear_predictivity,5919,66,0.10658695990887641,"[0.10625675967290119, 0.10944880983397011, 0.1001901378129759, 0.1106739385990283, 0.10636515362550664]",,,,,
timm/resnet50.a1_in1k,layer2.2,VMV3,train,sub-07,linear_predictivity,5919,82,0.025280687576290144,,"[31622.776601683796, 31622.776601683796, 31622.776601683796, 31622.776601683796, 31622.776601683796]",0.2708664372493025,1.1155165872862554,0.7288536088523656,0.9684488303333602
timm/resnet50.a1_in1k,layer2.2,VMV3,test,sub-07,linear_predictivity,5919,82,0.08349855484506138,"[0.08575459143855826, 0.08673346218765524, 0.07650949266669799, 0.0860250752082135, 0.08247015272418189]",,,,,
timm/resnet50.a1_in1k,layer2.2,VMV1,train,sub-07,linear_predictivity,5919,27,0.006992298469634464,,"[31622.776601683796, 31622.776601683796, 31622.776601683796, 100000.0, 31622.776601683796]",0.22567833338108362,1.1326886065269284,0.7739861177207555,0.9888541416579306
timm/resnet50.a1_in1k,layer2.2,VMV1,test,sub-07,linear_predictivity,5919,27,0.02588852249792966,"[0.02822948958495743, 0.024160532469342983, 0.026876302666830255, 0.029774494533019252, 0.020401793235498386]",,,,,
timm/resnet50.a1_in1k,layer2.2,PHA2,train,sub-07,linear_predictivity,5919,55,-0.004892270507400608,,"[100000.0, 100000.0, 100000.0, 100000.0, 100000.0]",0.10619329467437907,1.1427026261999487,0.8933641119298276,0.9964157567412617
timm/resnet50.a1_in1k,layer2.2,PHA2,test,sub-07,linear_predictivity,5919,55,0.02902529961752298,"[0.03297748039201789, 0.026624915299036545, 0.02355961017956141, 0.029518787981553957, 0.03244570423544511]",,,,,
timm/resnet50.a1_in1k,layer2.2,PHA3,train,sub-07,linear_predictivity,5919,149,0.009346626259260186,,"[31622.776601683796, 31622.776601683796, 31622.776601683796, 31622.776601683796, 31622.776601683796]",0.2659292341316554,1.1227928872418567,0.7337259653857081,0.9825922857234403
timm/resnet50.a1_in1k,layer2.2,PHA3,test,sub-07,linear_predictivity,5919,149,0.05676141634097873,"[0.06771124135185635, 0.05445847875313299, 0.04930669789165615, 0.05157683821567599, 0.06075382549257222]",,,,,
timm/resnet50.a1_in1k,layer2.2,PH,train,sub-07,linear_predictivity,5919,304,0.004096126733881908,,"[100000.0, 31622.776601683796, 31622.776601683796, 100000.0, 31622.776601683796]",0.20247273857475867,1.125470294783853,0.7964942561708253,0.9895556546748511
timm/resnet50.a1_in1k,layer2.2,PH,test,sub-07,linear_predictivity,5919,304,0.02855610681699359,"[0.023533461856360297, 0.02864924950164022, 0.0265601515898937, 0.024489497141232556, 0.03954817399584115]",,,,,
timm/resnet50.a1_in1k,layer2.3,V1,train,sub-07,linear_predictivity,5919,420,0.06085435966361436,,"[31622.776601683796, 31622.776601683796, 31622.776601683796, 31622.776601683796, 31622.776601683796]",0.298251660187548,1.0742484688125444,0.7015075917956389,0.9345437282878644
timm/resnet50.a1_in1k,layer2.3,V1,test,sub-07,linear_predictivity,5919,420,0.08342051356435261,"[0.09187125681651954, 0.0907730735689204, 0.07334830475464972, 0.0896996865646674, 0.07141024611700594]",,,,,
timm/resnet50.a1_in1k,layer2.3,V2,train,sub-07,linear_predictivity,5919,470,0.04040160957942786,,"[31622.776601683796, 31622.776601683796, 31622.776601683796, 31622.776601683796, 31622.776601683796]",0.28427486291143644,1.085328558512942,0.7154610947252324,0.9544315502143276
timm/resnet50.a1_in1k,layer2.3,V2,test,sub-07,linear_predictivity,5919,470,0.07953888140060998,"[0.08341750374827131, 0.08508054636531981, 0.07806606430108265, 0.08129395558419451, 0.06983633700418165]",,,,,
timm/resnet50.a1_in1k,layer2.3,V3,train,sub-07,linear_predictivity,5919,348,0.019903034380641987,,"[31622.776601683796, 31622.776601683796, 31622.776601683796, 31622.776601683796, 31622.776601683796]",0.2674312232962105,1.107789826912983,0.7322562801896609,0.9739088627197274
timm/resnet50.a1_in1k,layer2.3,V3,test,sub-07,linear_predictivity,5919,348,0.053157775972988985,"[0.05644409943827579, 0.06140152312801115, 0.05050003026673891, 0.054433938265459995, 0.043009288766459056]",,,,,
timm/resnet50.a1_in1k,layer2.3,V4,train,sub-07,linear_predictivity,5919,451,0.022736063673008074,,"[31622.776601683796, 31622.776601683796, 31622.776601683796, 31622.776601683796, 31622.776601683796]",0.2689812052837927,1.1099623209834935,0.730734920885386,0.9713110427441789
timm/resnet50.a1_in1k,layer2.3,V4,test,sub-07,linear_predictivity,5919,451,0.05911701498668157,"[0.05795865863280034, 0.07369232455133908, 0.05579253523971942, 0.05216678136948917, 0.05597477514005982]",,,,,
timm/resnet50.a1_in1k,layer2.3,V3A,train,sub-07,linear_predictivity,5919,55,0.005847805430072598,,"[31622.776601683796, 31622.776601683796, 31622.776601683796, 31622.776601683796, 31622.776601683796]",0.25498065819060745,1.1245706243701092,0.7447390490246947,0.9878787619091236
timm/resnet50.a1_in1k,layer2.3,V3A,test,sub-07,linear_predictivity,5919,55,0.04341950628895837,"[0.03726040715813008, 0.054975327700377816, 0.048331314101011956, 0.04027592140012134, 0.03625456108515063]",,,,,
timm/resnet50.a1_in1k,layer2.3,V3B,train,sub-07,linear_predictivity,5919,103,0.030828422116893146,,"[31622.776601683796, 31622.776601683796, 31622.776601683796, 31622.776601683796, 31622.776601683796]",0.27096540455972956,1.109775306798666,0.7287593143731208,0.9630165095535951
timm/resnet50.a1_in1k,layer2.3,V3B,test,sub-07,linear_predictivity,5919,103,0.08894736862626106,"[0.08779795173726021, 0.09658819360840967, 0.08885341626491355, 0.08829914284546914, 0.0831981386752527]",,,,,
timm/resnet50.a1_in1k,layer2.3,V6,train,sub-07,linear_predictivity,5919,94,-0.010414884195801784,,"[100000.0, 100000.0, 100000.0, 316227.7660168379, 100000.0]",0.08972850888592336,1.1390046454648868,0.909779787710771,1.0027060275183834
timm/resnet50.a1_in1k,layer2.3,V6,test,sub-07,linear_predictivity,5919,94,0.0024021071362815252,"[0.0017656421213049069, -0.0008816362112673748, 0.006987505165842984, 0.00496844448386067, -0.000829419878333561]",,,,,
timm/resnet50.a1_in1k,layer2.3,V6A,train,sub-07,linear_predictivity,5919,63,0.0020436461875030206,,"[31622.776601683796, 31622.776601683796, 31622.776601683796, 100000.0, 31622.776601683796]",0.2326595107036963,1.109004130835518,0.7670018298444315,0.9900690429391947
timm/resnet50.a1_in1k,layer2.3,V6A,test,sub-07,linear_predictivity,5919,63,0.04714126118497939,"[0.045534505528877764, 0.06551141863509363, 0.053087283747105814, 0.029222208406961093, 0.04235088960685863]",,,,,
timm/resnet50.a1_in1k,layer2.3,V7,train,sub-07,linear_predictivity,5919,37,0.00477234053337836,,"[31622.776601683796, 31622.776601683796, 31622.776601683796, 100000.0, 31622.776601683796]",0.23341552744140087,1.1094559385433143,0.7659687435535061,0.9873172045557356
timm/resnet50.a1_in1k,layer2.3,V7,test,sub-07,linear_predictivity,5919,37,0.04674485284701803,"[0.05118122147735573, 0.06171113286114105, 0.054308828423978994, 0.02937194067230279, 0.037151140800311594]",,,,,
timm/resnet50.a1_in1k,layer2.3,V8,train,sub-07,linear_predictivity,5919,80,0.039501369256211456,,"[31622.776601683796, 31622.776601683796, 31622.776601683796, 31622.776601683796, 31622.776601683796]",0.28159364109087465,1.1043508412392107,0.7180691950753852,0.9532111258451978
timm/resnet50.a1_in1k,layer2.3,V8,test,sub-07,linear_predictivity,5919,80,0.09987017875233614,"[0.09431466904207764, 0.1092712304356263, 0.09386919142134743, 0.09528185452059489, 0.1066139483420345]",,,,,
timm/resnet50.a1_in1k,layer2.3,FFC,train,sub-07,linear_predictivity,5919,265,0.05556914119875636,,"[31622.776601683796, 31622.776601683796, 31622.776601683796, 31622.776601683796, 31622.776601683796]",0.2981298810545508,1.0731082149484377,0.7016008685484753,0.9391852153921334
timm/resnet50.a1_in1k,layer2.3,FFC,test,sub-07,linear_predictivity,5919,265,0.11027933113693864,"[0.09956876613683964, 0.11380551834945175, 0.11268666989886425, 0.1047289872129002, 0.12060671408663738]",,,,,
timm/resnet50.a1_in1k,layer2.3,PIT,train,sub-07,linear_predictivity,5919,101,0.04375423064093508,,"[31622.776601683796, 31622.776601683796, 31622.776601683796, 31622.776601683796, 31622.776601683796]",0.28459331475417243,1.0823690281912977,0.7151550024418551,0.9510437258289084
timm/resnet50.a1_in1k,layer2.3,PIT,test,sub-07,linear_predictivity,5919,101,0.07786390745045704,"[0.07321004162377878, 0.09363315336693562, 0.06771190342318452, 0.07098602621103538, 0.08377841262735092]",,,,,
timm/resnet50.a1_in1k,layer2.3,IPS1,train,sub-07,linear_predictivity,5919,191,-0.0012947450249257187,,"[100000.0, 31622.776601683796, 31622.776601683796, 100000.0, 100000.0]",0.16851357941507228,1.1237162401855882,0.8315644524514502,0.9943783622786988
timm/resnet50.a1_in1k,layer2.3,IPS1,test,sub-07,linear_predictivity,5919,191,0.036003404756451515,"[0.03389223180468266, 0.04844697145347978, 0.04238257350478794, 0.025505011651299002, 0.029790235368008216]",,,,,
timm/resnet50.a1_in1k,layer2.3,MST,train,sub-07,linear_predictivity,5919,149,0.035967718329376494,,"[31622.776601683796, 31622.776601683796, 31622.776601683796, 31622.776601683796, 31622.776601683796]",0.28234664919419966,1.0873278539026494,0.7174570177909121,0.9603267341234993
timm/resnet50.a1_in1k,layer2.3,MST,test,sub-07,linear_predictivity,5919,149,0.09904014068324496,"[0.09552859139690868, 0.10780749787670593, 0.09255132169968734, 0.09801982190097028, 0.10129347054195256]",,,,,
timm/resnet50.a1_in1k,layer2.3,MT,train,sub-07,linear_predictivity,5919,100,0.042157153315743316,,"[31622.776601683796, 10000.0, 31622.776601683796, 31622.776601683796, 10000.0]",0.3834536837244174,1.0779115980123686,0.6160118205033898,0.9535376442368326
timm/resnet50.a1_in1k,layer2.3,MT,test,sub-07,linear_predictivity,5919,100,0.114160018007566,"[0.10637552981314453, 0.14915211764974848, 0.09556501887165586, 0.1053686322164047, 0.11433879148687645]",,,,,
timm/resnet50.a1_in1k,layer2.3,FST,train,sub-07,linear_predictivity,5919,167,0.00649966559895579,,"[31622.776601683796, 31622.776601683796, 31622.776601683796, 100000.0, 31622.776601683796]",0.23501373227593714,1.1123158295787259,0.7638638531003232,0.9870914807254279
timm/resnet50.a1_in1k,layer2.3,FST,test,sub-07,linear_predictivity,5919,167,0.05229731242976828,"[0.054170060726175674, 0.053682827444570216, 0.052421540316105145, 0.03822679777827968, 0.06298533588371072]",,,,,
timm/resnet50.a1_in1k,layer2.3,LO1,train,sub-07,linear_predictivity,5919,80,0.04896012022824415,,"[31622.776601683796, 10000.0, 31622.776601683796, 31622.776601683796, 10000.0]",0.39644864598865703,1.0598091854664147,0.6015570430631213,0.9410539431956426
timm/resnet50.a1_in1k,layer2.3,LO1,test,sub-07,linear_predictivity,5919,80,0.10519425571712253,"[0.09468374122376348, 0.13862201106646074, 0.09236298705158781, 0.09867109668824167, 0.10163144255555896]",,,,,
timm/resnet50.a1_in1k,layer2.3,LO2,train,sub-07,linear_predictivity,5919,67,0.03335554137920408,,"[31622.776601683796, 31622.776601683796, 31622.776601683796, 31622.776601683796, 31622.776601683796]",0.2770280874064072,1.0918798396787246,0.7226849460915171,0.9607779157891747
timm/resnet50.a1_in1k,layer2.3,LO2,test,sub-07,linear_predictivity,5919,67,0.07178933522386668,"[0.06838258939705617, 0.08826808069696904, 0.06067895073000378, 0.06499497036158823, 0.0766220849337162]",,,,,
timm/resnet50.a1_in1k,layer2.3,LO3,train,sub-07,linear_predictivity,5919,125,0.09154790586546767,,"[10000.0, 10000.0, 10000.0, 10000.0, 10000.0]",0.5552869005820154,1.0344792789110357,0.44451991624910525,0.9027982409899702
timm/resnet50.a1_in1k,layer2.3,LO3,test,sub-07,linear_predictivity,5919,125,0.1434790326613632,"[0.12780987501285826, 0.15384268052561018, 0.1358304100670559, 0.14178646928963437, 0.1581257284116573]",,,,,
timm/resnet50.a1_in1k,layer2.3,V7,train,sub-07,linear_predictivity,5919,37,0.00477234053337836,,"[31622.776601683796, 31622.776601683796, 31622.776601683796, 100000.0, 31622.776601683796]",0.23341552744140087,1.1094559385433143,0.7659687435535061,0.9873172045557356
timm/resnet50.a1_in1k,layer2.3,V7,test,sub-07,linear_predictivity,5919,37,0.04674485284701803,"[0.05118122147735573, 0.06171113286114105, 0.054308828423978994, 0.02937194067230279, 0.037151140800311594]",,,,,
timm/resnet50.a1_in1k,layer2.3,IP0,train,sub-07,linear_predictivity,5919,73,0.005596908796918061,,"[31622.776601683796, 100000.0, 31622.776601683796, 31622.776601683796, 31622.776601683796]",0.23041107095858587,1.1291078976535533,0.7695978710947181,0.9863013638491118
timm/resnet50.a1_in1k,layer2.3,IP0,test,sub-07,linear_predictivity,5919,73,0.02833878880946607,"[0.0287944149246015, 0.020782954358469132, 0.026747256495934877, 0.02901956889374992, 0.03634974937457493]",,,,,
timm/resnet50.a1_in1k,layer2.3,IP1,train,sub-07,linear_predictivity,5919,94,-0.005385443736350721,,"[316227.7660168379, 316227.7660168379, 1000000000.0, 316227.7660168379, 1000000000.0]",0.02097331093719062,1.1491584732655142,0.9787718602070236,1.0021497193407278
timm/resnet50.a1_in1k,layer2.3,IP1,test,sub-07,linear_predictivity,5919,94,-0.00803139513544962,"[-0.011026059609683326, -0.013668639522997818, -0.004972130551416883, -0.008982325539233874, -0.0015078204539162015]",,,,,
timm/resnet50.a1_in1k,layer2.3,MIP,train,sub-07,linear_predictivity,5919,71,-0.010911023471371403,,"[100000.0, 316227.7660168379, 100000.0, 100000.0, 316227.7660168379]",0.07626873277566935,1.1473525379400715,0.9234369423505809,1.0022736935530867
timm/resnet50.a1_in1k,layer2.3,MIP,test,sub-07,linear_predictivity,5919,71,-0.0037665163865981317,"[-0.001488005002881908, -0.009872315985220887, -0.000951310254994557, -0.004874322117022187, -0.001646628572871118]",,,,,
timm/resnet50.a1_in1k,layer2.3,VIP,train,sub-07,linear_predictivity,5919,91,-0.0031405820062333314,,"[100000.0, 100000.0, 100000.0, 100000.0, 100000.0]",0.10548557373125966,1.1312756479860107,0.8941925593433888,0.9971005985578602
timm/resnet50.a1_in1k,layer2.3,VIP,test,sub-07,linear_predictivity,5919,91,0.020117163636539762,"[0.021261926250481726, 0.020731934730292712, 0.020157624028926773, 0.01890114393593931, 0.019533189237058282]",,,,,
timm/resnet50.a1_in1k,layer2.3,LIPd,train,sub-07,linear_predictivity,5919,65,-0.007205149957055361,,"[316227.7660168379, 1000000.0, 316227.7660168379, 1000000.0, 316227.7660168379]",0.02628914928505169,1.143212824750719,0.9734057146888077,1.0021183692086024
timm/resnet50.a1_in1k,layer2.3,LIPd,test,sub-07,linear_predictivity,5919,65,-0.0007446476026550306,"[0.003185674511543498, -0.009340833464461235, -0.00031677114182498197, 0.00031165226010368207, 0.0024370398213638834]",,,,,
timm/resnet50.a1_in1k,layer2.3,LIPv,train,sub-07,linear_predictivity,5919,95,-0.006141433374880074,,"[100000.0, 100000.0, 100000.0, 100000.0, 100000.0]",0.10530628201206285,1.1318363670454246,0.8942137883536729,0.9975185088709374
timm/resnet50.a1_in1k,layer2.3,LIPv,test,sub-07,linear_predictivity,5919,95,0.016251365668856634,"[0.019895135475637316, 0.01509154888385122, 0.01311874312455, 0.014335994563325627, 0.018815406296919003]",,,,,
timm/resnet50.a1_in1k,layer2.3,AIP,train,sub-07,linear_predictivity,5919,224,-0.007672076547535969,,"[100000.0, 100000.0, 316227.7660168379, 316227.7660168379, 100000.0]",0.07760814847239432,1.132239709263237,0.9218119444756253,1.000815587668271
timm/resnet50.a1_in1k,layer2.3,AIP,test,sub-07,linear_predictivity,5919,224,0.00455384864303641,"[0.0020286837291859116, 0.005027296845585243, 0.0017949444940351875, 0.005522770618994917, 0.00839554752738079]",,,,,
timm/resnet50.a1_in1k,layer2.3,7Pm,train,sub-07,linear_predictivity,5919,5,-0.0063527121213749855,,"[3162277.6601683795, 3162277.6601683795, 1000000000.0, 316227.7660168379, 1000000.0]",0.011276016423968822,1.1512201421986916,0.9885266826701772,1.0028157929981218
timm/resnet50.a1_in1k,layer2.3,7Pm,test,sub-07,linear_predictivity,5919,5,-0.000232331958804166,"[-0.0017168761327969184, -0.0020536141926756233, -0.0013125037945448613, 0.003314113086369974, 0.0006072212396265985]",,,,,
timm/resnet50.a1_in1k,layer2.3,7PL,train,sub-07,linear_predictivity,5919,40,-0.011086953097304673,,"[100000.0, 100000.0, 100000.0, 100000.0, 100000.0]",0.1030939644096323,1.1415925490154577,0.8963976555793269,1.0015655968694426
timm/resnet50.a1_in1k,layer2.3,7PL,test,sub-07,linear_predictivity,5919,40,0.01818968858472341,"[0.014759021653557603, 0.015041910273312257, 0.025142119158502018, 0.018997489070090946, 0.017007902768154226]",,,,,
timm/resnet50.a1_in1k,layer2.3,7PC,train,sub-07,linear_predictivity,5919,153,-0.004571479838792485,,"[100000.0, 31622.776601683796, 100000.0, 100000.0, 31622.776601683796]",0.1693245484551892,1.1230526351285226,0.829320095490609,0.9963680416963664
timm/resnet50.a1_in1k,layer2.3,7PC,test,sub-07,linear_predictivity,5919,153,0.03839602066920089,"[0.03134476761371316, 0.05011432386282633, 0.029510587271662905, 0.028810097527745302, 0.052200327070056764]",,,,,
timm/resnet50.a1_in1k,layer2.3,7Am,train,sub-07,linear_predictivity,5919,78,-0.008303303549962126,,"[100000.0, 100000.0, 100000.0, 100000.0, 100000.0]",0.10115266267662071,1.1348835165222975,0.898376966282077,0.9999310890242381
timm/resnet50.a1_in1k,layer2.3,7Am,test,sub-07,linear_predictivity,5919,78,0.02260764609055537,"[0.021502835465727583, 0.021065046587030345, 0.02781573958393132, 0.02364170466288346, 0.019012904153204176]",,,,,
timm/resnet50.a1_in1k,layer2.3,7AL,train,sub-07,linear_predictivity,5919,64,-0.011910966131703222,,"[316227.7660168379, 1000000.0, 1000000.0, 316227.7660168379, 1000000000.0]",0.019307654796087724,1.1327463250779228,0.9800391915081776,1.0041965941954623
timm/resnet50.a1_in1k,layer2.3,7AL,test,sub-07,linear_predictivity,5919,64,-0.0005502491967104148,"[0.0022904420104653232, -0.003517064564818132, -0.0009204830942237622, 0.0020659741499794767, -0.00267011448495498]",,,,,
timm/resnet50.a1_in1k,layer2.3,VVC,train,sub-07,linear_predictivity,5919,157,0.018611316799739066,,"[31622.776601683796, 31622.776601683796, 31622.776601683796, 31622.776601683796, 31622.776601683796]",0.27009979311958954,1.1177056604737512,0.7296161860173667,0.9751935961739207
timm/resnet50.a1_in1k,layer2.3,VVC,test,sub-07,linear_predictivity,5919,157,0.05202399018496864,"[0.05253790087672177, 0.06097643012883062, 0.04817245303117254, 0.0436095257873924, 0.05482364110072585]",,,,,
timm/resnet50.a1_in1k,layer2.3,VMV2,train,sub-07,linear_predictivity,5919,66,0.052717382517325995,,"[31622.776601683796, 31622.776601683796, 31622.776601683796, 31622.776601683796, 31622.776601683796]",0.2890967375660104,1.0838918233120372,0.7106701915453575,0.9422495323973855
timm/resnet50.a1_in1k,layer2.3,VMV2,test,sub-07,linear_predictivity,5919,66,0.12213295381654554,"[0.12344320223634236, 0.12603152666000986, 0.11554957690968952, 0.12314058410203527, 0.12249987917465069]",,,,,
timm/resnet50.a1_in1k,layer2.3,VMV3,train,sub-07,linear_predictivity,5919,82,0.03194788636468491,,"[31622.776601683796, 31622.776601683796, 31622.776601683796, 31622.776601683796, 31622.776601683796]",0.2773633112905201,1.1004253428427058,0.722360956184559,0.9619728640141204
timm/resnet50.a1_in1k,layer2.3,VMV3,test,sub-07,linear_predictivity,5919,82,0.09694681260879223,"[0.10010436324990275, 0.10246598982054665, 0.08986312553675574, 0.0968242996157627, 0.09547628482099335]",,,,,
timm/resnet50.a1_in1k,layer2.3,VMV1,train,sub-07,linear_predictivity,5919,27,0.009772277787679737,,"[31622.776601683796, 31622.776601683796, 31622.776601683796, 31622.776601683796, 31622.776601683796]",0.25755832909062015,1.131313363818288,0.7422362127130038,0.9860432953295414
timm/resnet50.a1_in1k,layer2.3,VMV1,test,sub-07,linear_predictivity,5919,27,0.0351653029867967,"[0.040914988683014714, 0.03362223184598596, 0.037398369110952574, 0.032880963560624366, 0.03100996173340591]",,,,,
timm/resnet50.a1_in1k,layer2.3,PHA2,train,sub-07,linear_predictivity,5919,55,-0.004176098903503632,,"[100000.0, 100000.0, 31622.776601683796, 100000.0, 100000.0]",0.13747038716024013,1.1325398276177467,0.8629315182160479,0.9957011741480659
timm/resnet50.a1_in1k,layer2.3,PHA2,test,sub-07,linear_predictivity,5919,55,0.032674329319249344,"[0.03694096891316127, 0.029734667739653498, 0.0302691780093169, 0.032108790108142805, 0.03431804182597225]",,,,,
timm/resnet50.a1_in1k,layer2.3,PHA3,train,sub-07,linear_predictivity,5919,149,0.015251906115055688,,"[31622.776601683796, 31622.776601683796, 31622.776601683796, 31622.776601683796, 31622.776601683796]",0.27053588547727275,1.1084679723665811,0.729126773275004,0.9767981274040357
timm/resnet50.a1_in1k,layer2.3,PHA3,test,sub-07,linear_predictivity,5919,149,0.06651058884752453,"[0.08024679203112114, 0.06382948527409207, 0.060228862172315344, 0.05942087668174208, 0.06882692807835199]",,,,,
timm/resnet50.a1_in1k,layer2.3,PH,train,sub-07,linear_predictivity,5919,304,0.00920185871113886,,"[31622.776601683796, 31622.776601683796, 31622.776601683796, 31622.776601683796, 31622.776601683796]",0.2657142035699713,1.1168406733944667,0.7340009291262447,0.9842171952841294
timm/resnet50.a1_in1k,layer2.3,PH,test,sub-07,linear_predictivity,5919,304,0.03625195046601142,"[0.03395873645820702, 0.0334977049337406, 0.03452832690532192, 0.03474600513333642, 0.04452897889945115]",,,,,
timm/resnet50.a1_in1k,layer3.1,V1,train,sub-07,linear_predictivity,5919,420,0.06177088495038068,,"[31622.776601683796, 31622.776601683796, 31622.776601683796, 31622.776601683796, 31622.776601683796]",0.30249119373045097,1.0750652432714445,0.6972767828242019,0.9337754485281895
timm/resnet50.a1_in1k,layer3.1,V1,test,sub-07,linear_predictivity,5919,420,0.09811907185933788,"[0.10586260472964952, 0.10294571218101883, 0.08888075192077168, 0.09843010309406708, 0.09447618737118228]",,,,,
timm/resnet50.a1_in1k,layer3.1,V2,train,sub-07,linear_predictivity,5919,470,0.04533152848460576,,"[31622.776601683796, 31622.776601683796, 31622.776601683796, 31622.776601683796, 31622.776601683796]",0.29207993189751447,1.0851986027038805,0.7076761990083525,0.9497559146680455
timm/resnet50.a1_in1k,layer3.1,V2,test,sub-07,linear_predictivity,5919,470,0.1083701235711672,"[0.11197609691597378, 0.11549954437417337, 0.10459024752133472, 0.10704141159787917, 0.10274331744647493]",,,,,
timm/resnet50.a1_in1k,layer3.1,V3,train,sub-07,linear_predictivity,5919,348,0.02372139339070845,,"[31622.776601683796, 31622.776601683796, 31622.776601683796, 31622.776601683796, 31622.776601683796]",0.2756298330158541,1.0998021853462074,0.7240766612731491,0.9703219027098031
timm/resnet50.a1_in1k,layer3.1,V3,test,sub-07,linear_predictivity,5919,348,0.08647307911552918,"[0.09003687836526934, 0.08964245800373369, 0.08187422115716401, 0.08542551567081484, 0.08538632238066401]",,,,,
timm/resnet50.a1_in1k,layer3.1,V4,train,sub-07,linear_predictivity,5919,451,0.031848613363705765,,"[31622.776601683796, 31622.776601683796, 31622.776601683796, 31622.776601683796, 31622.776601683796]",0.2808121208227937,1.088899248840337,0.7189056143487342,0.9621850481745635
timm/resnet50.a1_in1k,layer3.1,V4,test,sub-07,linear_predictivity,5919,451,0.09924979857709278,"[0.0960372968675481, 0.10537758535960988, 0.09877651789317708, 0.09158362406398252, 0.1044739687011463]",,,,,
timm/resnet50.a1_in1k,layer3.1,V3A,train,sub-07,linear_predictivity,5919,55,0.01600828680102683,,"[31622.776601683796, 31622.776601683796, 31622.776601683796, 31622.776601683796, 31622.776601683796]",0.26661856617876556,1.1140612425219911,0.7331182515686853,0.9779394255161316
timm/resnet50.a1_in1k,layer3.1,V3A,test,sub-07,linear_predictivity,5919,55,0.08082578110381675,"[0.07785844919629605, 0.08412577428591997, 0.0899912764833894, 0.0723435232264647, 0.07980988232701358]",,,,,
timm/resnet50.a1_in1k,layer3.1,V3B,train,sub-07,linear_predictivity,5919,103,0.04539427680322149,,"[31622.776601683796, 31622.776601683796, 31622.776601683796, 31622.776601683796, 31622.776601683796]",0.28460889601295924,1.094566663442082,0.7151144114532302,0.9484541738019121
timm/resnet50.a1_in1k,layer3.1,V3B,test,sub-07,linear_predictivity,5919,103,0.11191404980384041,"[0.1135785111161973, 0.11399773475360578, 0.11844429039640941, 0.10813039363058688, 0.10541931912240264]",,,,,
timm/resnet50.a1_in1k,layer3.1,V6,train,sub-07,linear_predictivity,5919,94,-0.010380284813154901,,"[100000.0, 316227.7660168379, 100000.0, 100000.0, 100000.0]",0.09134886288311446,1.1487796175807816,0.9084305158667629,1.0026422614736332
timm/resnet50.a1_in1k,layer3.1,V6,test,sub-07,linear_predictivity,5919,94,0.009118546513903269,"[0.007475953306220761, 0.002275775961376964, 0.01075783953162585, 0.01643763590294691, 0.008645527867345853]",,,,,
timm/resnet50.a1_in1k,layer3.1,V6A,train,sub-07,linear_predictivity,5919,63,0.013918059886624071,,"[31622.776601683796, 31622.776601683796, 31622.776601683796, 31622.776601683796, 31622.776601683796]",0.2715588418679854,1.0991467098620884,0.7280878970596654,0.9780501665432133
timm/resnet50.a1_in1k,layer3.1,V6A,test,sub-07,linear_predictivity,5919,63,0.07358795150223305,"[0.06861157676644258, 0.08057725940202784, 0.07267311322210564, 0.06748066994051745, 0.07859713818007173]",,,,,
timm/resnet50.a1_in1k,layer3.1,V7,train,sub-07,linear_predictivity,5919,37,0.011041054240214634,,"[31622.776601683796, 31622.776601683796, 31622.776601683796, 31622.776601683796, 31622.776601683796]",0.2695331498906342,1.1105898000048153,0.7301207360439858,0.9810069887541305
timm/resnet50.a1_in1k,layer3.1,V7,test,sub-07,linear_predictivity,5919,37,0.062269521635489364,"[0.05739617051214772, 0.06216790148336896, 0.06396947750647496, 0.06459676545851413, 0.06321729321694107]",,,,,
timm/resnet50.a1_in1k,layer3.1,V8,train,sub-07,linear_predictivity,5919,80,0.0511318070558807,,"[31622.776601683796, 31622.776601683796, 31622.776601683796, 31622.776601683796, 31622.776601683796]",0.2942903031355608,1.0816223543837524,0.7053663397361231,0.9415246334140308
timm/resnet50.a1_in1k,layer3.1,V8,test,sub-07,linear_predictivity,5919,80,0.13613235857916234,"[0.1324669149743315, 0.13632179611970616, 0.13216852703473564, 0.1370170259365012, 0.1426875288305372]",,,,,
timm/resnet50.a1_in1k,layer3.1,FFC,train,sub-07,linear_predictivity,5919,265,0.07486140361873947,,"[31622.776601683796, 31622.776601683796, 31622.776601683796, 31622.776601683796, 31622.776601683796]",0.31552398596397363,1.0619187745442287,0.6842001636853852,0.9199153867417328
timm/resnet50.a1_in1k,layer3.1,FFC,test,sub-07,linear_predictivity,5919,265,0.15890551001477907,"[0.15575500353390134, 0.1553055800388819, 0.1552375897686405, 0.15952325698227088, 0.16870611975020067]",,,,,
timm/resnet50.a1_in1k,layer3.1,PIT,train,sub-07,linear_predictivity,5919,101,0.053838476404560444,,"[31622.776601683796, 31622.776601683796, 31622.776601683796, 31622.776601683796, 10000.0]",0.3447016853819916,1.0650281993987225,0.6545105018293604,0.9403470477216178
timm/resnet50.a1_in1k,layer3.1,PIT,test,sub-07,linear_predictivity,5919,101,0.12116522253370443,"[0.11197022872741112, 0.11859104042112398, 0.10687784587841025, 0.12087168024059709, 0.1475153174009797]",,,,,
timm/resnet50.a1_in1k,layer3.1,IPS1,train,sub-07,linear_predictivity,5919,191,0.010119640870581275,,"[31622.776601683796, 31622.776601683796, 31622.776601683796, 31622.776601683796, 31622.776601683796]",0.2674210278101209,1.1168836139683562,0.732266698986819,0.9829709309168022
timm/resnet50.a1_in1k,layer3.1,IPS1,test,sub-07,linear_predictivity,5919,191,0.06786361980372323,"[0.07031810041318219, 0.07046384952903002, 0.07406892187053826, 0.05434640819044736, 0.07012081901541833]",,,,,
timm/resnet50.a1_in1k,layer3.1,MST,train,sub-07,linear_predictivity,5919,149,0.04864516557884413,,"[10000.0, 31622.776601683796, 31622.776601683796, 31622.776601683796, 10000.0]",0.3920479163521139,1.0699101199802767,0.6069967517742614,0.9471912488709002
timm/resnet50.a1_in1k,layer3.1,MST,test,sub-07,linear_predictivity,5919,149,0.12850532026840014,"[0.13564839473658138, 0.12278618476760608, 0.10596348530645004, 0.12922073508464413, 0.14890780144671897]",,,,,
timm/resnet50.a1_in1k,layer3.1,MT,train,sub-07,linear_predictivity,5919,100,0.05478607713807672,,"[10000.0, 31622.776601683796, 31622.776601683796, 31622.776601683796, 10000.0]",0.3966452258187577,1.0652180375836267,0.6020277425961253,0.9405348741006557
timm/resnet50.a1_in1k,layer3.1,MT,test,sub-07,linear_predictivity,5919,100,0.14947532101304054,"[0.1661174700039567, 0.1354323591040668, 0.1277747625084564, 0.14831255167560906, 0.16973946177311366]",,,,,
timm/resnet50.a1_in1k,layer3.1,FST,train,sub-07,linear_predictivity,5919,167,0.020400689507053715,,"[31622.776601683796, 31622.776601683796, 31622.776601683796, 31622.776601683796, 31622.776601683796]",0.27495234985059774,1.1025691288230532,0.7247679157371778,0.9731440637712343
timm/resnet50.a1_in1k,layer3.1,FST,test,sub-07,linear_predictivity,5919,167,0.07471760396152739,"[0.07470664348665036, 0.07197536684005473, 0.06809663998363057, 0.08335296023117918, 0.07545640926612213]",,,,,
timm/resnet50.a1_in1k,layer3.1,LO1,train,sub-07,linear_predictivity,5919,80,0.07666610600181174,,"[10000.0, 10000.0, 10000.0, 10000.0, 10000.0]",0.5540960472761717,1.0307046014911188,0.4456370555831386,0.9131936354734453
timm/resnet50.a1_in1k,layer3.1,LO1,test,sub-07,linear_predictivity,5919,80,0.16894499727953458,"[0.15902077264167505, 0.17470525171439322, 0.15484607959004265, 0.17100618233821113, 0.18514670011335094]",,,,,
timm/resnet50.a1_in1k,layer3.1,LO2,train,sub-07,linear_predictivity,5919,67,0.04560539699169063,,"[31622.776601683796, 31622.776601683796, 31622.776601683796, 31622.776601683796, 10000.0]",0.3395536609757291,1.0694719044167265,0.659284531829624,0.9478521583650489
timm/resnet50.a1_in1k,layer3.1,LO2,test,sub-07,linear_predictivity,5919,67,0.11362517677849296,"[0.10368772857558751, 0.1073293689248116, 0.09645906241885477, 0.11030309376854369, 0.15034663020466718]",,,,,
timm/resnet50.a1_in1k,layer3.1,LO3,train,sub-07,linear_predictivity,5919,125,0.12599780281053746,,"[10000.0, 10000.0, 10000.0, 10000.0, 10000.0]",0.575727141223602,1.0105888335103452,0.4240438061913608,0.8677205145514509
timm/resnet50.a1_in1k,layer3.1,LO3,test,sub-07,linear_predictivity,5919,125,0.21481489368615997,"[0.20705159289635172, 0.2151992795338699, 0.20768836895494958, 0.2183126811545967, 0.22582254589103193]",,,,,
timm/resnet50.a1_in1k,layer3.1,V7,train,sub-07,linear_predictivity,5919,37,0.011041054240214634,,"[31622.776601683796, 31622.776601683796, 31622.776601683796, 31622.776601683796, 31622.776601683796]",0.2695331498906342,1.1105898000048153,0.7301207360439858,0.9810069887541305
timm/resnet50.a1_in1k,layer3.1,V7,test,sub-07,linear_predictivity,5919,37,0.062269521635489364,"[0.05739617051214772, 0.06216790148336896, 0.06396947750647496, 0.06459676545851413, 0.06321729321694107]",,,,,
timm/resnet50.a1_in1k,layer3.1,IP0,train,sub-07,linear_predictivity,5919,73,0.015055795223710342,,"[31622.776601683796, 31622.776601683796, 31622.776601683796, 31622.776601683796, 31622.776601683796]",0.26873650057423615,1.1174137577911407,0.73090847781208,0.9769653624856088
timm/resnet50.a1_in1k,layer3.1,IP0,test,sub-07,linear_predictivity,5919,73,0.03166188182216235,"[0.025574084321310125, 0.02733183385118356, 0.03467908861623639, 0.028845661061547304, 0.041878741260534355]",,,,,
timm/resnet50.a1_in1k,layer3.1,IP1,train,sub-07,linear_predictivity,5919,94,-0.006118605963899836,,"[100000.0, 316227.7660168379, 3162277.6601683795, 100000.0, 1000000.0]",0.05083299168043524,1.1439284705015196,0.9487970096735715,1.0028172801387965
timm/resnet50.a1_in1k,layer3.1,IP1,test,sub-07,linear_predictivity,5919,94,-0.018893836675942875,"[-0.03885054845214293, -0.013976383667692648, -0.005681567936868817, -0.03222787002134816, -0.003732813301661841]",,,,,
timm/resnet50.a1_in1k,layer3.1,MIP,train,sub-07,linear_predictivity,5919,71,-0.007382780336971964,,"[100000.0, 100000.0, 100000.0, 100000.0, 100000.0]",0.10573064143295256,1.1358517250324303,0.893808186988419,0.9987484259499706
timm/resnet50.a1_in1k,layer3.1,MIP,test,sub-07,linear_predictivity,5919,71,0.011381000099610832,"[0.013198853902736545, 0.006635466221881295, 0.013891732554248208, 0.010420471993423708, 0.01275847582576441]",,,,,
timm/resnet50.a1_in1k,layer3.1,VIP,train,sub-07,linear_predictivity,5919,91,-0.0010385733434982785,,"[100000.0, 100000.0, 100000.0, 100000.0, 100000.0]",0.10764977424499929,1.1446621025902186,0.8920228299935694,0.9949916174825413
timm/resnet50.a1_in1k,layer3.1,VIP,test,sub-07,linear_predictivity,5919,91,0.02906062717906459,"[0.030892973686934336, 0.028407525243564102, 0.030882367359605426, 0.027195096083316557, 0.02792517352190256]",,,,,
timm/resnet50.a1_in1k,layer3.1,LIPd,train,sub-07,linear_predictivity,5919,65,-0.005706938222761574,,"[100000.0, 100000.0, 100000.0, 100000.0, 100000.0]",0.10179526450158108,1.1268619188987443,0.8979262639985709,1.0006278836319427
timm/resnet50.a1_in1k,layer3.1,LIPd,test,sub-07,linear_predictivity,5919,65,-5.241772757386236e-05,"[-0.0018399409555571954, -0.007348629586356663, 1.805116446306295e-05, 0.00276987038888797, 0.006138560350693514]",,,,,
timm/resnet50.a1_in1k,layer3.1,LIPv,train,sub-07,linear_predictivity,5919,95,-0.005793224617210379,,"[100000.0, 100000.0, 100000.0, 100000.0, 31622.776601683796]",0.1384731390077,1.130978921295953,0.8605811702334976,0.9970045598015673
timm/resnet50.a1_in1k,layer3.1,LIPv,test,sub-07,linear_predictivity,5919,95,0.02179840926669277,"[0.022526993811939747, 0.020195313016871486, 0.020530939019909492, 0.020270856513268588, 0.025467943971474553]",,,,,
timm/resnet50.a1_in1k,layer3.1,AIP,train,sub-07,linear_predictivity,5919,224,-0.0049202492439162976,,"[100000.0, 100000.0, 100000.0, 100000.0, 100000.0]",0.10616232335114395,1.1417748037823212,0.8934638343995831,0.998023934589398
timm/resnet50.a1_in1k,layer3.1,AIP,test,sub-07,linear_predictivity,5919,224,0.011037698340221768,"[0.0098989117374266, 0.00929530899409377, 0.006946840923609169, 0.015842364085502554, 0.013205065960476743]",,,,,
timm/resnet50.a1_in1k,layer3.1,7Pm,train,sub-07,linear_predictivity,5919,5,-0.005691840722535458,,"[316227.7660168379, 316227.7660168379, 316227.7660168379, 316227.7660168379, 316227.7660168379]",0.03634175182032316,1.156156733849171,0.9634388229833778,1.0020984778114665
timm/resnet50.a1_in1k,layer3.1,7Pm,test,sub-07,linear_predictivity,5919,5,-0.0017765399796098036,"[0.00022991490592649821, -0.001523313863565612, -0.001447500000861246, -0.001582141667322623, -0.004559659272226036]",,,,,
timm/resnet50.a1_in1k,layer3.1,7PL,train,sub-07,linear_predictivity,5919,40,-0.013187734225083177,,"[316227.7660168379, 316227.7660168379, 100000.0, 100000.0, 316227.7660168379]",0.06386467025930012,1.1607824592462705,0.9355861666966584,1.0036720309348008
timm/resnet50.a1_in1k,layer3.1,7PL,test,sub-07,linear_predictivity,5919,40,0.017146467021887653,"[0.011334424721875522, 0.004781534936052809, 0.032408426464162, 0.027671057787617626, 0.009536891199730326]",,,,,
timm/resnet50.a1_in1k,layer3.1,7PC,train,sub-07,linear_predictivity,5919,153,0.004971107409800588,,"[31622.776601683796, 31622.776601683796, 31622.776601683796, 31622.776601683796, 31622.776601683796]",0.2665146807575147,1.125611097903026,0.7331065493816541,0.9864168415733328
timm/resnet50.a1_in1k,layer3.1,7PC,test,sub-07,linear_predictivity,5919,153,0.056483482688189604,"[0.05146094222401452, 0.058301494799851084, 0.046342827538824356, 0.05524011063819271, 0.07107203824006536]",,,,,
timm/resnet50.a1_in1k,layer3.1,7Am,train,sub-07,linear_predictivity,5919,78,-0.008931604824533139,,"[100000.0, 100000.0, 100000.0, 100000.0, 316227.7660168379]",0.08993097859526158,1.150267195818231,0.9094085102269961,1.0005845468879633
timm/resnet50.a1_in1k,layer3.1,7Am,test,sub-07,linear_predictivity,5919,78,0.022217318069016567,"[0.021957299709146585, 0.02717486830235931, 0.029025579751491264, 0.02484265712002952, 0.00808618546205615]",,,,,
timm/resnet50.a1_in1k,layer3.1,7AL,train,sub-07,linear_predictivity,5919,64,-0.010096130756585098,,"[100000.0, 100000.0, 316227.7660168379, 100000.0, 1000000.0]",0.07184256522751212,1.1342540527776266,0.9273821375510007,1.0022639319619944
timm/resnet50.a1_in1k,layer3.1,7AL,test,sub-07,linear_predictivity,5919,64,0.00891354037156859,"[0.013143606624867606, 0.009751822050107372, 0.0053965097028398565, 0.01654429933007396, -0.0002685358500458465]",,,,,
timm/resnet50.a1_in1k,layer3.1,VVC,train,sub-07,linear_predictivity,5919,157,0.026270762227160568,,"[31622.776601683796, 31622.776601683796, 31622.776601683796, 31622.776601683796, 31622.776601683796]",0.2799897076439015,1.1072922115369854,0.7197129477739322,0.9672991039723045
timm/resnet50.a1_in1k,layer3.1,VVC,test,sub-07,linear_predictivity,5919,157,0.07032659033438912,"[0.06921044934150798, 0.07277579643086754, 0.07526999511460991, 0.05975870197875712, 0.07461800880620312]",,,,,
timm/resnet50.a1_in1k,layer3.1,VMV2,train,sub-07,linear_predictivity,5919,66,0.06741912527406081,,"[31622.776601683796, 31622.776601683796, 31622.776601683796, 31622.776601683796, 31622.776601683796]",0.30322519365408673,1.0717771288556015,0.6965349005566203,0.9275664585544259
timm/resnet50.a1_in1k,layer3.1,VMV2,test,sub-07,linear_predictivity,5919,66,0.1431964415623171,"[0.14539059085671857, 0.14610470632926476, 0.14315862171579888, 0.14145271410130136, 0.13987557480850188]",,,,,
timm/resnet50.a1_in1k,layer3.1,VMV3,train,sub-07,linear_predictivity,5919,82,0.0457124588331658,,"[10000.0, 10000.0, 31622.776601683796, 31622.776601683796, 31622.776601683796]",0.39207962501255933,1.0697836343525007,0.6063887220198492,0.9470341905156563
timm/resnet50.a1_in1k,layer3.1,VMV3,test,sub-07,linear_predictivity,5919,82,0.13787915923811384,"[0.13317832423120662, 0.14809869687324947, 0.13626077338752007, 0.1309256381686597, 0.1409323635299332]",,,,,
timm/resnet50.a1_in1k,layer3.1,VMV1,train,sub-07,linear_predictivity,5919,27,0.013331038486549499,,"[31622.776601683796, 31622.776601683796, 31622.776601683796, 31622.776601683796, 31622.776601683796]",0.26573829341463984,1.1314673473675227,0.7340615098650147,0.9825431588788238
timm/resnet50.a1_in1k,layer3.1,VMV1,test,sub-07,linear_predictivity,5919,27,0.029465999668674886,"[0.036986767133786985, 0.024430272696617447, 0.03134491009657033, 0.029635962019309202, 0.024932086397090453]",,,,,
timm/resnet50.a1_in1k,layer3.1,PHA2,train,sub-07,linear_predictivity,5919,55,0.005831653031593453,,"[31622.776601683796, 31622.776601683796, 31622.776601683796, 31622.776601683796, 31622.776601683796]",0.2650967926148263,1.1244171682704913,0.7345122152050837,0.9855588315590017
timm/resnet50.a1_in1k,layer3.1,PHA2,test,sub-07,linear_predictivity,5919,55,0.04964141870567061,"[0.057405404197871726, 0.04786100495757311, 0.050205205468324465, 0.049329477160506584, 0.04340600174407717]",,,,,
timm/resnet50.a1_in1k,layer3.1,PHA3,train,sub-07,linear_predictivity,5919,149,0.027299828426259155,,"[31622.776601683796, 31622.776601683796, 31622.776601683796, 31622.776601683796, 31622.776601683796]",0.28273855117212426,1.1028903429154453,0.716915731342276,0.9646944186018679
timm/resnet50.a1_in1k,layer3.1,PHA3,test,sub-07,linear_predictivity,5919,149,0.08474483593996854,"[0.09537796470265449, 0.08234184677918589, 0.08623279693062447, 0.07694504556455262, 0.08282652572282524]",,,,,
timm/resnet50.a1_in1k,layer3.1,PH,train,sub-07,linear_predictivity,5919,304,0.018430179342128684,,"[31622.776601683796, 31622.776601683796, 31622.776601683796, 31622.776601683796, 31622.776601683796]",0.2742136820130516,1.1122239427805942,0.7255116488695377,0.9750334740765625
timm/resnet50.a1_in1k,layer3.1,PH,test,sub-07,linear_predictivity,5919,304,0.05720393725382796,"[0.0536878914169478, 0.05392925061922827, 0.055839649022375384, 0.05831750603071305, 0.06424538917987532]",,,,,
timm/resnet50.a1_in1k,layer3.2,V1,train,sub-07,linear_predictivity,5919,420,0.06214384627833716,,"[31622.776601683796, 31622.776601683796, 31622.776601683796, 31622.776601683796, 31622.776601683796]",0.30377671025814307,1.0760505761186105,0.6959943159867361,0.9334277974197205
timm/resnet50.a1_in1k,layer3.2,V1,test,sub-07,linear_predictivity,5919,420,0.09718454238065934,"[0.10544095653307417, 0.10718601991623884, 0.08848769848777839, 0.09597501743040661, 0.08883301953579871]",,,,,
timm/resnet50.a1_in1k,layer3.2,V2,train,sub-07,linear_predictivity,5919,470,0.04770813189024466,,"[31622.776601683796, 31622.776601683796, 31622.776601683796, 31622.776601683796, 31622.776601683796]",0.29413412712257825,1.086553928965328,0.7056243202480073,0.9473887614497126
timm/resnet50.a1_in1k,layer3.2,V2,test,sub-07,linear_predictivity,5919,470,0.10799143670841864,"[0.11469426944756238, 0.11616200490186826, 0.10432754225684014, 0.10587970513180411, 0.09889366180401836]",,,,,
timm/resnet50.a1_in1k,layer3.2,V3,train,sub-07,linear_predictivity,5919,348,0.02709120206378554,,"[31622.776601683796, 31622.776601683796, 31622.776601683796, 31622.776601683796, 31622.776601683796]",0.27897790348162815,1.106774217851815,0.7207351690851935,0.9670406570503557
timm/resnet50.a1_in1k,layer3.2,V3,test,sub-07,linear_predictivity,5919,348,0.08525580216031296,"[0.09008131325078664, 0.08948592744422688, 0.08207761001802895, 0.08209448956301642, 0.08253967052550597]",,,,,
timm/resnet50.a1_in1k,layer3.2,V4,train,sub-07,linear_predictivity,5919,451,0.038695519505290925,,"[31622.776601683796, 31622.776601683796, 31622.776601683796, 31622.776601683796, 31622.776601683796]",0.28753513735005104,1.0924375543963791,0.7121836288687451,0.9554263021711644
timm/resnet50.a1_in1k,layer3.2,V4,test,sub-07,linear_predictivity,5919,451,0.10990986797228068,"[0.10855963804784542, 0.11667565313794477, 0.11093102343387333, 0.1028573980186207, 0.11052562722311925]",,,,,
timm/resnet50.a1_in1k,layer3.2,V3A,train,sub-07,linear_predictivity,5919,55,0.02034985396718256,,"[31622.776601683796, 31622.776601683796, 31622.776601683796, 31622.776601683796, 31622.776601683796]",0.2723704608646333,1.1133716382705265,0.7273615498701219,0.9734564263152056
timm/resnet50.a1_in1k,layer3.2,V3A,test,sub-07,linear_predictivity,5919,55,0.08675090515674971,"[0.087597542460509, 0.09081042310874342, 0.09463276870837113, 0.07497085030811823, 0.08574294119800678]",,,,,
timm/resnet50.a1_in1k,layer3.2,V3B,train,sub-07,linear_predictivity,5919,103,0.049891837409192404,,"[31622.776601683796, 31622.776601683796, 31622.776601683796, 31622.776601683796, 31622.776601683796]",0.29022588738803357,1.0980539667289637,0.7094950152422991,0.9439718407087636
timm/resnet50.a1_in1k,layer3.2,V3B,test,sub-07,linear_predictivity,5919,103,0.11594977998388842,"[0.1176899107880479, 0.12050044236433871, 0.12275356250248606, 0.11252986655194527, 0.10627511771262414]",,,,,
timm/resnet50.a1_in1k,layer3.2,V6,train,sub-07,linear_predictivity,5919,94,-0.010394530156749814,,"[100000.0, 316227.7660168379, 100000.0, 100000.0, 100000.0]",0.09126266828593181,1.1457986667756817,0.9085140776663359,1.0026264531035338
timm/resnet50.a1_in1k,layer3.2,V6,test,sub-07,linear_predictivity,5919,94,0.009693431078285946,"[0.010350770032304602, 0.002343826334857244, 0.009922430136966321, 0.015831859986419092, 0.010018268900882475]",,,,,
timm/resnet50.a1_in1k,layer3.2,V6A,train,sub-07,linear_predictivity,5919,63,0.01796625636724614,,"[31622.776601683796, 31622.776601683796, 31622.776601683796, 31622.776601683796, 31622.776601683796]",0.27632721790084025,1.101152051073065,0.7233186859217655,0.9740132591795799
timm/resnet50.a1_in1k,layer3.2,V6A,test,sub-07,linear_predictivity,5919,63,0.07440594992155788,"[0.0708474943069337, 0.0829300105244959, 0.07640561344501692, 0.06803892823895775, 0.07380770309238517]",,,,,
timm/resnet50.a1_in1k,layer3.2,V7,train,sub-07,linear_predictivity,5919,37,0.014279574893411792,,"[31622.776601683796, 31622.776601683796, 31622.776601683796, 31622.776601683796, 31622.776601683796]",0.27286800712760656,1.112632855682694,0.7267689485264934,0.9776436759797191
timm/resnet50.a1_in1k,layer3.2,V7,test,sub-07,linear_predictivity,5919,37,0.05537393057750806,"[0.051446268378540556, 0.05718013778940436, 0.05921920743893232, 0.055765264366861605, 0.053258774913801446]",,,,,
timm/resnet50.a1_in1k,layer3.2,V8,train,sub-07,linear_predictivity,5919,80,0.05547701884716643,,"[31622.776601683796, 31622.776601683796, 31622.776601683796, 31622.776601683796, 31622.776601683796]",0.2990327758829808,1.084821333398644,0.7006316735503861,0.9372711941161089
timm/resnet50.a1_in1k,layer3.2,V8,test,sub-07,linear_predictivity,5919,80,0.15142742140079393,"[0.14674357731223525, 0.15272796984137144, 0.148562236779939, 0.1559987542379196, 0.1531045688325044]",,,,,
timm/resnet50.a1_in1k,layer3.2,FFC,train,sub-07,linear_predictivity,5919,265,0.08473211938147805,,"[31622.776601683796, 31622.776601683796, 31622.776601683796, 31622.776601683796, 31622.776601683796]",0.32377589394342304,1.0520064866139236,0.6759507683825017,0.9101274552056798
timm/resnet50.a1_in1k,layer3.2,FFC,test,sub-07,linear_predictivity,5919,265,0.18289371403005322,"[0.17805702051087322, 0.17908286973830478, 0.18321819841819723, 0.18580181149221425, 0.1883086699906767]",,,,,
timm/resnet50.a1_in1k,layer3.2,PIT,train,sub-07,linear_predictivity,5919,101,0.05963683609584935,,"[31622.776601683796, 31622.776601683796, 31622.776601683796, 31622.776601683796, 10000.0]",0.35046631797198646,1.070570544884845,0.6487493472469958,0.9346110638535972
timm/resnet50.a1_in1k,layer3.2,PIT,test,sub-07,linear_predictivity,5919,101,0.13016582695728446,"[0.12299702549703373, 0.12696508438465076, 0.11979652597048066, 0.13322803294298757, 0.1478424659912696]",,,,,
timm/resnet50.a1_in1k,layer3.2,IPS1,train,sub-07,linear_predictivity,5919,191,0.013795258742858802,,"[31622.776601683796, 31622.776601683796, 31622.776601683796, 31622.776601683796, 31622.776601683796]",0.27180485500286183,1.1230666365669415,0.7278599457283963,0.9790414639221925
timm/resnet50.a1_in1k,layer3.2,IPS1,test,sub-07,linear_predictivity,5919,191,0.06022272830217401,"[0.06096819048398296, 0.06180412123657819, 0.06937615732334053, 0.050740675466096355, 0.058224497000872]",,,,,
timm/resnet50.a1_in1k,layer3.2,MST,train,sub-07,linear_predictivity,5919,149,0.054793212087163055,,"[10000.0, 31622.776601683796, 31622.776601683796, 31622.776601683796, 10000.0]",0.397026029086003,1.0697896614098723,0.6020186945921218,0.9410460033299577
timm/resnet50.a1_in1k,layer3.2,MST,test,sub-07,linear_predictivity,5919,149,0.12431749778635046,"[0.12235580328152428, 0.11974784965500604, 0.10930093828118286, 0.12952718592403958, 0.14065571178999953]",,,,,
timm/resnet50.a1_in1k,layer3.2,MT,train,sub-07,linear_predictivity,5919,100,0.06417733892362863,,"[10000.0, 10000.0, 31622.776601683796, 31622.776601683796, 10000.0]",0.44979436333827005,1.065726607241549,0.5493111233202812,0.9310715632696518
timm/resnet50.a1_in1k,layer3.2,MT,test,sub-07,linear_predictivity,5919,100,0.1479889493793665,"[0.14952514581533072, 0.15955571377149558, 0.13033682245722764, 0.14623962503805735, 0.15428743981472115]",,,,,
timm/resnet50.a1_in1k,layer3.2,FST,train,sub-07,linear_predictivity,5919,167,0.024227403576797854,,"[31622.776601683796, 31622.776601683796, 31622.776601683796, 31622.776601683796, 31622.776601683796]",0.27923107610137765,1.0993354335133767,0.7204803491618518,0.9692687861166354
timm/resnet50.a1_in1k,layer3.2,FST,test,sub-07,linear_predictivity,5919,167,0.07725440992377526,"[0.07668701986513303, 0.07450383201943989, 0.07061091979888122, 0.08623253615873201, 0.0782377417766901]",,,,,
timm/resnet50.a1_in1k,layer3.2,LO1,train,sub-07,linear_predictivity,5919,80,0.08462051415482741,,"[10000.0, 10000.0, 10000.0, 10000.0, 10000.0]",0.5615218574766138,1.0326403525691281,0.4382020302219165,0.9053292218378253
timm/resnet50.a1_in1k,layer3.2,LO1,test,sub-07,linear_predictivity,5919,80,0.17620728429398794,"[0.17105614916362602, 0.179534763431149, 0.1657087635493093, 0.18355316950793674, 0.18118357581791855]",,,,,
timm/resnet50.a1_in1k,layer3.2,LO2,train,sub-07,linear_predictivity,5919,67,0.05066559636238768,,"[31622.776601683796, 31622.776601683796, 31622.776601683796, 10000.0, 10000.0]",0.39339618345011457,1.0753879272741385,0.6041432503528614,0.9424236287397667
timm/resnet50.a1_in1k,layer3.2,LO2,test,sub-07,linear_predictivity,5919,67,0.13207457415961227,"[0.11779989471589576, 0.11907745692463817, 0.11017630031336137, 0.16205057149235488, 0.15126864735181128]",,,,,
timm/resnet50.a1_in1k,layer3.2,LO3,train,sub-07,linear_predictivity,5919,125,0.14203438547466032,,"[10000.0, 10000.0, 10000.0, 10000.0, 10000.0]",0.583415645641835,1.0025409054084666,0.4163635720072687,0.851966297953091
timm/resnet50.a1_in1k,layer3.2,LO3,test,sub-07,linear_predictivity,5919,125,0.23272094018138909,"[0.22906646196585598, 0.2336032934826004, 0.23314047668597654, 0.23679269654635443, 0.2310017722261582]",,,,,
timm/resnet50.a1_in1k,layer3.2,V7,train,sub-07,linear_predictivity,5919,37,0.014279574893411792,,"[31622.776601683796, 31622.776601683796, 31622.776601683796, 31622.776601683796, 31622.776601683796]",0.27286800712760656,1.112632855682694,0.7267689485264934,0.9776436759797191
timm/resnet50.a1_in1k,layer3.2,V7,test,sub-07,linear_predictivity,5919,37,0.05537393057750806,"[0.051446268378540556, 0.05718013778940436, 0.05921920743893232, 0.055765264366861605, 0.053258774913801446]",,,,,
timm/resnet50.a1_in1k,layer3.2,IP0,train,sub-07,linear_predictivity,5919,73,0.019556414534664786,,"[31622.776601683796, 31622.776601683796, 31622.776601683796, 31622.776601683796, 31622.776601683796]",0.2731927959464579,1.1233321354893055,0.7264503593341093,0.9724596492204931
timm/resnet50.a1_in1k,layer3.2,IP0,test,sub-07,linear_predictivity,5919,73,0.03741399853716089,"[0.03204433284085684, 0.03466429763083697, 0.039801482673524444, 0.03677722012860608, 0.043782659411980104]",,,,,
timm/resnet50.a1_in1k,layer3.2,IP1,train,sub-07,linear_predictivity,5919,94,-0.006234698835723999,,"[100000.0, 316227.7660168379, 1000000000.0, 316227.7660168379, 1000000000.0]",0.03439469613914279,1.1535412948548653,0.9653358148488289,1.0029587686934005
timm/resnet50.a1_in1k,layer3.2,IP1,test,sub-07,linear_predictivity,5919,94,-0.011872220907298659,"[-0.0353488106393454, -0.009754950021131893, -0.004971964614025502, -0.007778700813362641, -0.0015066784486278619]",,,,,
timm/resnet50.a1_in1k,layer3.2,MIP,train,sub-07,linear_predictivity,5919,71,-0.005043437532977427,,"[100000.0, 31622.776601683796, 100000.0, 31622.776601683796, 100000.0]",0.16895426955656764,1.1362193147481991,0.8306241299874048,0.9963523685610343
timm/resnet50.a1_in1k,layer3.2,MIP,test,sub-07,linear_predictivity,5919,71,-0.0003073487350573022,"[0.00853159638231305, -0.01279353669816202, 0.01169865160219889, -0.017900637913286478, 0.008927182951650047]",,,,,
timm/resnet50.a1_in1k,layer3.2,VIP,train,sub-07,linear_predictivity,5919,91,0.00016432610868491733,,"[100000.0, 100000.0, 100000.0, 100000.0, 100000.0]",0.10963861805800637,1.1377785555313085,0.8900327579491222,0.9937851424882881
timm/resnet50.a1_in1k,layer3.2,VIP,test,sub-07,linear_predictivity,5919,91,0.02847858526589552,"[0.03037101049207152, 0.029607373040682547, 0.03127617924098838, 0.025166750484706544, 0.025971613071028642]",,,,,
timm/resnet50.a1_in1k,layer3.2,LIPd,train,sub-07,linear_predictivity,5919,65,-0.005321409876545838,,"[100000.0, 100000.0, 100000.0, 100000.0, 100000.0]",0.1026445861204461,1.1421188418320793,0.8970731255831133,1.0002201638884909
timm/resnet50.a1_in1k,layer3.2,LIPd,test,sub-07,linear_predictivity,5919,65,-0.003086373198008076,"[-0.005347037829934213, -0.011293449965166524, -0.0036543143220871257, 0.0033105752707546523, 0.0015523608563928332]",,,,,
timm/resnet50.a1_in1k,layer3.2,LIPv,train,sub-07,linear_predictivity,5919,95,-0.003486046012846854,,"[31622.776601683796, 31622.776601683796, 100000.0, 100000.0, 31622.776601683796]",0.20106743655493556,1.1296166358812951,0.7979621023872531,0.99468144333252
timm/resnet50.a1_in1k,layer3.2,LIPv,test,sub-07,linear_predictivity,5919,95,0.014586486781486718,"[0.009486556168412806, 0.01593463685949343, 0.01836820863097842, 0.016072255852286346, 0.01307077639626259]",,,,,
timm/resnet50.a1_in1k,layer3.2,AIP,train,sub-07,linear_predictivity,5919,224,-0.0036075397164121678,,"[100000.0, 100000.0, 100000.0, 100000.0, 100000.0]",0.10820969075499476,1.1323162225703607,0.8914138464750362,0.9966939287365302
timm/resnet50.a1_in1k,layer3.2,AIP,test,sub-07,linear_predictivity,5919,224,0.008992102529424836,"[0.008312540201999242, 0.008076955031710558, 0.0045034889511987785, 0.01331042322691286, 0.010757105235302744]",,,,,
timm/resnet50.a1_in1k,layer3.2,7Pm,train,sub-07,linear_predictivity,5919,5,-0.0052029923412997645,,"[316227.7660168379, 316227.7660168379, 316227.7660168379, 316227.7660168379, 316227.7660168379]",0.03642711537182632,1.1588407685642559,0.9633532473505448,1.0015998666760901
timm/resnet50.a1_in1k,layer3.2,7Pm,test,sub-07,linear_predictivity,5919,5,-0.0017290703024439226,"[0.00042008266049768926, -0.0005068893317927703, -0.0007770245484506555, -0.003943763668893619, -0.003837756623580257]",,,,,
timm/resnet50.a1_in1k,layer3.2,7PL,train,sub-07,linear_predictivity,5919,40,-0.011133732134865952,,"[316227.7660168379, 100000.0, 100000.0, 100000.0, 100000.0]",0.09139208883986645,1.1542401068971464,0.9079959727757976,1.0016013911415982
timm/resnet50.a1_in1k,layer3.2,7PL,test,sub-07,linear_predictivity,5919,40,0.02178708484834565,"[0.010166679970252354, 0.025425008594535503, 0.0320259604135328, 0.02410207351436047, 0.017215701749047126]",,,,,
timm/resnet50.a1_in1k,layer3.2,7PC,train,sub-07,linear_predictivity,5919,153,0.008506907154310262,,"[31622.776601683796, 31622.776601683796, 31622.776601683796, 31622.776601683796, 31622.776601683796]",0.27187793557154916,1.1080339261494412,0.7277311769943328,0.9828539001516188
timm/resnet50.a1_in1k,layer3.2,7PC,test,sub-07,linear_predictivity,5919,153,0.0508085427474418,"[0.045709654468085385, 0.054161959890126274, 0.04218051383552701, 0.04860683488996522, 0.06338375065350507]",,,,,
timm/resnet50.a1_in1k,layer3.2,7Am,train,sub-07,linear_predictivity,5919,78,-0.007808227704387913,,"[100000.0, 100000.0, 100000.0, 100000.0, 100000.0]",0.1034619910051936,1.1468475379761311,0.8960646512624594,0.9994164223771437
timm/resnet50.a1_in1k,layer3.2,7Am,test,sub-07,linear_predictivity,5919,78,0.02534485580882332,"[0.023656079431209672, 0.029944578039022878, 0.0313027842324147, 0.02343864169228051, 0.018382195649188856]",,,,,
timm/resnet50.a1_in1k,layer3.2,7AL,train,sub-07,linear_predictivity,5919,64,-0.009228879384003238,,"[100000.0, 100000.0, 316227.7660168379, 100000.0, 316227.7660168379]",0.07768344828601009,1.1327831609439891,0.9216550170990209,1.0013603997361478
timm/resnet50.a1_in1k,layer3.2,7AL,test,sub-07,linear_predictivity,5919,64,0.011687472791717312,"[0.014608000641626057, 0.013994700625283667, 0.006921988935958719, 0.018165181459390445, 0.00474749229632768]",,,,,
timm/resnet50.a1_in1k,layer3.2,VVC,train,sub-07,linear_predictivity,5919,157,0.02920589733932054,,"[31622.776601683796, 31622.776601683796, 31622.776601683796, 31622.776601683796, 31622.776601683796]",0.2836721241635468,1.1084567195580812,0.7160402644795638,0.9644712295108786
timm/resnet50.a1_in1k,layer3.2,VVC,test,sub-07,linear_predictivity,5919,157,0.0810820190436587,"[0.07683062277383927, 0.08574944563641788, 0.08557319176013142, 0.07493110700376455, 0.08232572804414039]",,,,,
timm/resnet50.a1_in1k,layer3.2,VMV2,train,sub-07,linear_predictivity,5919,66,0.07165306405807431,,"[31622.776601683796, 31622.776601683796, 31622.776601683796, 31622.776601683796, 31622.776601683796]",0.30766848372926814,1.0765287836597603,0.692094325896193,0.9233797466456487
timm/resnet50.a1_in1k,layer3.2,VMV2,test,sub-07,linear_predictivity,5919,66,0.1649518723071892,"[0.1655256115189549, 0.17134123926335515, 0.16648132684878592, 0.1620781535779986, 0.15933303032685142]",,,,,
timm/resnet50.a1_in1k,layer3.2,VMV3,train,sub-07,linear_predictivity,5919,82,0.05419026908533598,,"[10000.0, 10000.0, 31622.776601683796, 31622.776601683796, 31622.776601683796]",0.39963945875520357,1.07257661420929,0.5988426506514634,0.9388937171573328
timm/resnet50.a1_in1k,layer3.2,VMV3,test,sub-07,linear_predictivity,5919,82,0.15180053370468852,"[0.14039932933459617, 0.16960204141591864, 0.15215136426340814, 0.1443779726166589, 0.1524719608928606]",,,,,
timm/resnet50.a1_in1k,layer3.2,VMV1,train,sub-07,linear_predictivity,5919,27,0.01566603879244894,,"[31622.776601683796, 31622.776601683796, 31622.776601683796, 31622.776601683796, 31622.776601683796]",0.26798391153872597,1.1308027753384178,0.731812746941985,0.9801759973487018
timm/resnet50.a1_in1k,layer3.2,VMV1,test,sub-07,linear_predictivity,5919,27,0.043260776935905056,"[0.04885537193655128, 0.042463343584767506, 0.04726670094408601, 0.03995232973896473, 0.03776613847515575]",,,,,
timm/resnet50.a1_in1k,layer3.2,PHA2,train,sub-07,linear_predictivity,5919,55,0.008572496644122842,,"[31622.776601683796, 31622.776601683796, 31622.776601683796, 31622.776601683796, 31622.776601683796]",0.26802870776519633,1.1250276452949488,0.7316038718457083,0.9831771818744286
timm/resnet50.a1_in1k,layer3.2,PHA2,test,sub-07,linear_predictivity,5919,55,0.05535867757602375,"[0.05876868382149626, 0.056625743018133924, 0.05702218862127021, 0.05581559202678715, 0.048561180392431215]",,,,,
timm/resnet50.a1_in1k,layer3.2,PHA3,train,sub-07,linear_predictivity,5919,149,0.030256565280580988,,"[31622.776601683796, 31622.776601683796, 31622.776601683796, 31622.776601683796, 31622.776601683796]",0.28591289161992406,1.1032397710434059,0.7137586771131788,0.9619526071163426
timm/resnet50.a1_in1k,layer3.2,PHA3,test,sub-07,linear_predictivity,5919,149,0.09417251378199706,"[0.10320473766468974, 0.09551728628707004, 0.0967145819879405, 0.08634787693815682, 0.08907808603212822]",,,,,
timm/resnet50.a1_in1k,layer3.2,PH,train,sub-07,linear_predictivity,5919,304,0.021402305049529474,,"[31622.776601683796, 31622.776601683796, 31622.776601683796, 31622.776601683796, 31622.776601683796]",0.27817520252099576,1.11190026729968,0.7215415206023658,0.9720291056618671
timm/resnet50.a1_in1k,layer3.2,PH,test,sub-07,linear_predictivity,5919,304,0.057497799198297075,"[0.05390696708227436, 0.053286784487176685, 0.05552601971194107, 0.06356027516417989, 0.06120894954591338]",,,,,
timm/resnet50.a1_in1k,layer3.3,V1,train,sub-07,linear_predictivity,5919,420,0.062488867374381224,,"[31622.776601683796, 31622.776601683796, 31622.776601683796, 31622.776601683796, 31622.776601683796]",0.3052025399197058,1.0653131785783205,0.6945713964948794,0.9331241157860346
timm/resnet50.a1_in1k,layer3.3,V1,test,sub-07,linear_predictivity,5919,420,0.09970054186822871,"[0.10732547523062899, 0.1080287527268979, 0.09431394928128192, 0.09730316158199327, 0.09153137052034158]",,,,,
timm/resnet50.a1_in1k,layer3.3,V2,train,sub-07,linear_predictivity,5919,470,0.04996615862558848,,"[31622.776601683796, 31622.776601683796, 31622.776601683796, 31622.776601683796, 31622.776601683796]",0.2966862270539802,1.0754151781034214,0.7030734491212967,0.9451695771233835
timm/resnet50.a1_in1k,layer3.3,V2,test,sub-07,linear_predictivity,5919,470,0.1113414725606727,"[0.11577269062577654, 0.11851344701684025, 0.11293936111822492, 0.10581603020406784, 0.10366583383845392]",,,,,
timm/resnet50.a1_in1k,layer3.3,V3,train,sub-07,linear_predictivity,5919,348,0.029923932150511878,,"[31622.776601683796, 31622.776601683796, 31622.776601683796, 31622.776601683796, 31622.776601683796]",0.28168431866964494,1.0959624279643017,0.7180287860519253,0.9642100157409565
timm/resnet50.a1_in1k,layer3.3,V3,test,sub-07,linear_predictivity,5919,348,0.09284579839290964,"[0.09418117950027932, 0.09456329870068614, 0.09678801640124157, 0.08488904341033345, 0.09380745395200775]",,,,,
timm/resnet50.a1_in1k,layer3.3,V4,train,sub-07,linear_predictivity,5919,451,0.042744858160275824,,"[31622.776601683796, 31622.776601683796, 31622.776601683796, 31622.776601683796, 31622.776601683796]",0.29142229267841874,1.0812876130824498,0.7082946564347697,0.9513778280890625
timm/resnet50.a1_in1k,layer3.3,V4,test,sub-07,linear_predictivity,5919,451,0.12749257468489733,"[0.12424229238810862, 0.13301727885436335, 0.1309735712732324, 0.11692827695304336, 0.13230145395573906]",,,,,
timm/resnet50.a1_in1k,layer3.3,V3A,train,sub-07,linear_predictivity,5919,55,0.02235938202786158,,"[31622.776601683796, 31622.776601683796, 31622.776601683796, 31622.776601683796, 31622.776601683796]",0.2755780301572849,1.1081438333514222,0.7241502870851562,0.9714669651768963
timm/resnet50.a1_in1k,layer3.3,V3A,test,sub-07,linear_predictivity,5919,55,0.10592686378245128,"[0.10401749755604997, 0.11339381191591817, 0.11580573006355874, 0.08853615423803145, 0.1078811251386981]",,,,,
timm/resnet50.a1_in1k,layer3.3,V3B,train,sub-07,linear_predictivity,5919,103,0.051762627062364154,,"[31622.776601683796, 31622.776601683796, 31622.776601683796, 31622.776601683796, 31622.776601683796]",0.293232710545191,1.0892002913825374,0.7064899135673347,0.9421501450504499
timm/resnet50.a1_in1k,layer3.3,V3B,test,sub-07,linear_predictivity,5919,103,0.13605215231857393,"[0.13881497806140142, 0.14007214973012563, 0.1420979883047773, 0.1303137333027915, 0.12896191219377381]",,,,,
timm/resnet50.a1_in1k,layer3.3,V6,train,sub-07,linear_predictivity,5919,94,-0.010536778534103262,,"[100000.0, 316227.7660168379, 100000.0, 316227.7660168379, 100000.0]",0.07779966697296553,1.1395053196525027,0.9219149442041548,1.0027884260830835
timm/resnet50.a1_in1k,layer3.3,V6,test,sub-07,linear_predictivity,5919,94,0.009934339607175744,"[0.011492220379560701, 0.0031008574248237324, 0.015238369745738969, 0.00651932914482997, 0.013320921340925348]",,,,,
timm/resnet50.a1_in1k,layer3.3,V6A,train,sub-07,linear_predictivity,5919,63,0.0123872773306114,,"[31622.776601683796, 31622.776601683796, 31622.776601683796, 31622.776601683796, 10000.0]",0.32709603540820764,1.0996722164048633,0.6721583795846451,0.9793839804802467
timm/resnet50.a1_in1k,layer3.3,V6A,test,sub-07,linear_predictivity,5919,63,0.0974666578125692,"[0.08773295442620013, 0.10621194784502755, 0.10338667842606208, 0.09139598161099481, 0.09860572675456143]",,,,,
timm/resnet50.a1_in1k,layer3.3,V7,train,sub-07,linear_predictivity,5919,37,0.01786798042795685,,"[31622.776601683796, 31622.776601683796, 31622.776601683796, 31622.776601683796, 31622.776601683796]",0.2758583344097126,1.105885418977981,0.7237830796198809,0.9741592208536464
timm/resnet50.a1_in1k,layer3.3,V7,test,sub-07,linear_predictivity,5919,37,0.0776183235109273,"[0.06865437724669902, 0.08283205972019986, 0.08136021209076094, 0.07729356385490889, 0.07795140464206776]",,,,,
timm/resnet50.a1_in1k,layer3.3,V8,train,sub-07,linear_predictivity,5919,80,0.056166732869281866,,"[31622.776601683796, 31622.776601683796, 31622.776601683796, 31622.776601683796, 31622.776601683796]",0.3005565482354914,1.0794295930222033,0.699105999934835,0.9365509372900108
timm/resnet50.a1_in1k,layer3.3,V8,test,sub-07,linear_predictivity,5919,80,0.17092662824063343,"[0.16586964988387493, 0.17416522636758322, 0.16965173464593977, 0.16913856835945507, 0.17580796194631426]",,,,,
timm/resnet50.a1_in1k,layer3.3,FFC,train,sub-07,linear_predictivity,5919,265,0.09034602220937737,,"[10000.0, 31622.776601683796, 31622.776601683796, 31622.776601683796, 10000.0]",0.42135869761689887,1.0470041126565452,0.5787818970007721,0.9044434171834344
timm/resnet50.a1_in1k,layer3.3,FFC,test,sub-07,linear_predictivity,5919,265,0.2029919465737696,"[0.19662177683582097, 0.19767932627350815, 0.19971811544445955, 0.20379175707116792, 0.21714875724389135]",,,,,
timm/resnet50.a1_in1k,layer3.3,PIT,train,sub-07,linear_predictivity,5919,101,0.06142404558876421,,"[31622.776601683796, 31622.776601683796, 31622.776601683796, 10000.0, 10000.0]",0.4014598069246544,1.0598909872395623,0.5968867993585214,0.9325427635105928
timm/resnet50.a1_in1k,layer3.3,PIT,test,sub-07,linear_predictivity,5919,101,0.167258462354617,"[0.1425959851104381, 0.1475867200232396, 0.14277784424307, 0.19966437942828455, 0.2036673829680526]",,,,,
timm/resnet50.a1_in1k,layer3.3,IPS1,train,sub-07,linear_predictivity,5919,191,0.016798193272644785,,"[31622.776601683796, 31622.776601683796, 31622.776601683796, 31622.776601683796, 31622.776601683796]",0.27520203351793465,1.1092227299721267,0.7244558227066387,0.9759698242582079
timm/resnet50.a1_in1k,layer3.3,IPS1,test,sub-07,linear_predictivity,5919,191,0.08444462430152351,"[0.08223136573568599, 0.0879929138083117, 0.09026623437997199, 0.07495785878240219, 0.08677474880124572]",,,,,
timm/resnet50.a1_in1k,layer3.3,MST,train,sub-07,linear_predictivity,5919,149,0.06850335078548822,,"[10000.0, 10000.0, 10000.0, 10000.0, 10000.0]",0.5467266792333156,1.0624002559376016,0.4531056881028577,0.9271734616766667
timm/resnet50.a1_in1k,layer3.3,MST,test,sub-07,linear_predictivity,5919,149,0.16342535442608783,"[0.14859702959037208, 0.17099474075624543, 0.14870497101743338, 0.17826904366338586, 0.17056098710300244]",,,,,
timm/resnet50.a1_in1k,layer3.3,MT,train,sub-07,linear_predictivity,5919,100,0.08043798327189844,,"[10000.0, 10000.0, 10000.0, 10000.0, 10000.0]",0.552731077876589,1.0544101962370998,0.4470673685673736,0.9148765149903719
timm/resnet50.a1_in1k,layer3.3,MT,test,sub-07,linear_predictivity,5919,100,0.18422163964241053,"[0.1697167892710291, 0.18909021122814557, 0.18225480759812465, 0.1988456628818345, 0.18120072723291894]",,,,,
timm/resnet50.a1_in1k,layer3.3,FST,train,sub-07,linear_predictivity,5919,167,0.02906336202122105,,"[31622.776601683796, 31622.776601683796, 31622.776601683796, 31622.776601683796, 31622.776601683796]",0.28338624374831084,1.0890820757084536,0.7163256104910978,0.9645025558372297
timm/resnet50.a1_in1k,layer3.3,FST,test,sub-07,linear_predictivity,5919,167,0.10508962958701651,"[0.10355672288992175, 0.10261032173943008, 0.0978780071819413, 0.11412703685061863, 0.10727605927317081]",,,,,
timm/resnet50.a1_in1k,layer3.3,LO1,train,sub-07,linear_predictivity,5919,80,0.09052116276292327,,"[10000.0, 10000.0, 10000.0, 10000.0, 10000.0]",0.566298846001839,1.0307141530762591,0.4334193621428152,0.8995636006606667
timm/resnet50.a1_in1k,layer3.3,LO1,test,sub-07,linear_predictivity,5919,80,0.22995648876485664,"[0.21640330478701192, 0.23983597090736328, 0.22461595117152405, 0.22758280804415384, 0.24134440891423017]",,,,,
timm/resnet50.a1_in1k,layer3.3,LO2,train,sub-07,linear_predictivity,5919,67,0.050761687809452984,,"[31622.776601683796, 31622.776601683796, 31622.776601683796, 10000.0, 10000.0]",0.3960777731594979,1.0687604922075125,0.6014414959662003,0.9418399468186175
timm/resnet50.a1_in1k,layer3.3,LO2,test,sub-07,linear_predictivity,5919,67,0.15795026675522555,"[0.13663823589779225, 0.13873418906400334, 0.13023175604261888, 0.18056400015520635, 0.20358315261650686]",,,,,
timm/resnet50.a1_in1k,layer3.3,LO3,train,sub-07,linear_predictivity,5919,125,0.157296390215473,,"[10000.0, 10000.0, 10000.0, 10000.0, 10000.0]",0.5923582221405652,0.9912745439871644,0.40743584145677403,0.8369616730750934
timm/resnet50.a1_in1k,layer3.3,LO3,test,sub-07,linear_predictivity,5919,125,0.2595476082084155,"[0.2511674666909293, 0.2647413730487551, 0.26446236628382225, 0.2555898967266603, 0.26177693829191073]",,,,,
timm/resnet50.a1_in1k,layer3.3,V7,train,sub-07,linear_predictivity,5919,37,0.01786798042795685,,"[31622.776601683796, 31622.776601683796, 31622.776601683796, 31622.776601683796, 31622.776601683796]",0.2758583344097126,1.105885418977981,0.7237830796198809,0.9741592208536464
timm/resnet50.a1_in1k,layer3.3,V7,test,sub-07,linear_predictivity,5919,37,0.0776183235109273,"[0.06865437724669902, 0.08283205972019986, 0.08136021209076094, 0.07729356385490889, 0.07795140464206776]",,,,,
timm/resnet50.a1_in1k,layer3.3,IP0,train,sub-07,linear_predictivity,5919,73,0.019861147995860026,,"[31622.776601683796, 31622.776601683796, 31622.776601683796, 31622.776601683796, 31622.776601683796]",0.27507910255715107,1.115257652944173,0.7245678313085049,0.9722129182038038
timm/resnet50.a1_in1k,layer3.3,IP0,test,sub-07,linear_predictivity,5919,73,0.055829747202548796,"[0.04804751063444854, 0.050670802122114104, 0.059261575446678774, 0.05787787552902675, 0.06329097228047582]",,,,,
timm/resnet50.a1_in1k,layer3.3,IP1,train,sub-07,linear_predictivity,5919,94,-0.006881636708722591,,"[100000.0, 316227.7660168379, 1000000000.0, 316227.7660168379, 1000000000.0]",0.034148905608145194,1.146723470356084,0.9655836194622452,1.0035861569561237
timm/resnet50.a1_in1k,layer3.3,IP1,test,sub-07,linear_predictivity,5919,94,-0.009401327337429283,"[-0.028137342217961093, -0.007233909037560977, -0.004971102237017991, -0.005158418834197417, -0.0015058643604089353]",,,,,
timm/resnet50.a1_in1k,layer3.3,MIP,train,sub-07,linear_predictivity,5919,71,-0.005198578070756359,,"[100000.0, 100000.0, 100000.0, 31622.776601683796, 31622.776601683796]",0.16889020191946308,1.1282185782951888,0.8305838227739193,0.9965400992227588
timm/resnet50.a1_in1k,layer3.3,MIP,test,sub-07,linear_predictivity,5919,71,0.015134375574312162,"[0.018584044101436943, 0.014236190296423642, 0.02098315076357118, 0.006687549730569853, 0.015180942979559185]",,,,,
timm/resnet50.a1_in1k,layer3.3,VIP,train,sub-07,linear_predictivity,5919,91,0.0008612245492377323,,"[100000.0, 100000.0, 100000.0, 100000.0, 31622.776601683796]",0.14127959739997845,1.1266904969630525,0.8583545205982983,0.9930931926640671
timm/resnet50.a1_in1k,layer3.3,VIP,test,sub-07,linear_predictivity,5919,91,0.03735184469367102,"[0.0357473388650284, 0.03663084169557237, 0.03819174218561779, 0.03320668413727839, 0.0429826165848581]",,,,,
timm/resnet50.a1_in1k,layer3.3,LIPd,train,sub-07,linear_predictivity,5919,65,-0.006316486099901409,,"[100000.0, 316227.7660168379, 316227.7660168379, 100000.0, 100000.0]",0.07620946999113883,1.1417231410879085,0.9234188593532313,1.001278822247236
timm/resnet50.a1_in1k,layer3.3,LIPd,test,sub-07,linear_predictivity,5919,65,0.004252649594543684,"[0.0023845280268189424, -0.004456429484076086, 0.002292915488360592, 0.010690178635807488, 0.010352055305807482]",,,,,
timm/resnet50.a1_in1k,layer3.3,LIPv,train,sub-07,linear_predictivity,5919,95,-0.0019357686096163182,,"[31622.776601683796, 100000.0, 100000.0, 100000.0, 31622.776601683796]",0.1723169836067597,1.1272946178912338,0.8266440186939384,0.9931452168820784
timm/resnet50.a1_in1k,layer3.3,LIPv,test,sub-07,linear_predictivity,5919,95,0.03111631067858251,"[0.03181821051488927, 0.03002104384943441, 0.026694385899141037, 0.02731541473942829, 0.03973249839001954]",,,,,
timm/resnet50.a1_in1k,layer3.3,AIP,train,sub-07,linear_predictivity,5919,224,-0.004619188657627839,,"[31622.776601683796, 100000.0, 100000.0, 100000.0, 31622.776601683796]",0.16957688984084243,1.1272130726616598,0.8298194719177227,0.9975777750493737
timm/resnet50.a1_in1k,layer3.3,AIP,test,sub-07,linear_predictivity,5919,224,0.010938362926539769,"[-0.0011302642978088023, 0.014498710781509857, 0.0115070880094269, 0.02075356089419109, 0.009062719245379793]",,,,,
timm/resnet50.a1_in1k,layer3.3,7Pm,train,sub-07,linear_predictivity,5919,5,-0.005098064353041807,,"[316227.7660168379, 316227.7660168379, 316227.7660168379, 316227.7660168379, 1000000.0]",0.0318001819154051,1.146623200391306,0.9679423754107281,1.0014872631868301
timm/resnet50.a1_in1k,layer3.3,7Pm,test,sub-07,linear_predictivity,5919,5,0.0002508626895113597,"[0.0014980119841770724, 0.0013863381092747095, 0.0014798073021893732, -0.002305390670552576, -0.0008044532775317803]",,,,,
timm/resnet50.a1_in1k,layer3.3,7PL,train,sub-07,linear_predictivity,5919,40,-0.011487505835857751,,"[316227.7660168379, 100000.0, 100000.0, 100000.0, 100000.0]",0.0913084053714975,1.1399802259600258,0.9080783250718651,1.0019342476048705
timm/resnet50.a1_in1k,layer3.3,7PL,test,sub-07,linear_predictivity,5919,40,0.029014773779404996,"[0.01239202047393917, 0.032759449788164835, 0.041029505311339046, 0.0320991967427884, 0.02679369658079354]",,,,,
timm/resnet50.a1_in1k,layer3.3,7PC,train,sub-07,linear_predictivity,5919,153,0.012125463276624174,,"[31622.776601683796, 31622.776601683796, 31622.776601683796, 31622.776601683796, 31622.776601683796]",0.27401009740685933,1.1078698248056469,0.725593200533776,0.9791950871912434
timm/resnet50.a1_in1k,layer3.3,7PC,test,sub-07,linear_predictivity,5919,153,0.07107504558726108,"[0.06133540584535942, 0.07409539088384454, 0.06687673326035211, 0.07164654208527961, 0.08142115586146977]",,,,,
timm/resnet50.a1_in1k,layer3.3,7Am,train,sub-07,linear_predictivity,5919,78,-0.007385512464739588,,"[100000.0, 100000.0, 100000.0, 100000.0, 100000.0]",0.10399457116859874,1.134114089859307,0.8955291284461886,0.998963217708518
timm/resnet50.a1_in1k,layer3.3,7Am,test,sub-07,linear_predictivity,5919,78,0.03163722183187473,"[0.02924873447788044, 0.03415618460029775, 0.03921251115154615, 0.028899546381687395, 0.026669132547961896]",,,,,
timm/resnet50.a1_in1k,layer3.3,7AL,train,sub-07,linear_predictivity,5919,64,-0.008892824795268591,,"[100000.0, 100000.0, 316227.7660168379, 100000.0, 316227.7660168379]",0.07776091186426026,1.121708675957409,0.9215717516383372,1.0010000658146736
timm/resnet50.a1_in1k,layer3.3,7AL,test,sub-07,linear_predictivity,5919,64,0.01553713571444858,"[0.020847474519301017, 0.01836650459495988, 0.0088359538011129, 0.02286789051508548, 0.006767855141783626]",,,,,
timm/resnet50.a1_in1k,layer3.3,VVC,train,sub-07,linear_predictivity,5919,157,0.032052495732479404,,"[31622.776601683796, 31622.776601683796, 31622.776601683796, 31622.776601683796, 31622.776601683796]",0.28637207688703836,1.1022344596513791,0.713344975143162,0.9616894544056306
timm/resnet50.a1_in1k,layer3.3,VVC,test,sub-07,linear_predictivity,5919,157,0.09248424851542285,"[0.08817864658183112, 0.09580489564075917, 0.09526431761551828, 0.08612846938903078, 0.09704491334997492]",,,,,
timm/resnet50.a1_in1k,layer3.3,VMV2,train,sub-07,linear_predictivity,5919,66,0.0748357952418101,,"[31622.776601683796, 31622.776601683796, 31622.776601683796, 31622.776601683796, 31622.776601683796]",0.3108216290157583,1.0642354075261728,0.6889362628148487,0.9201978397039925
timm/resnet50.a1_in1k,layer3.3,VMV2,test,sub-07,linear_predictivity,5919,66,0.17905795437743924,"[0.18383428506527943, 0.18366349397103057, 0.18264605825585764, 0.1743298171685591, 0.17081611742646938]",,,,,
timm/resnet50.a1_in1k,layer3.3,VMV3,train,sub-07,linear_predictivity,5919,82,0.06667383420532896,,"[10000.0, 10000.0, 10000.0, 10000.0, 10000.0]",0.547592415985642,1.0582845325919958,0.45215513060305473,0.9256219390240805
timm/resnet50.a1_in1k,layer3.3,VMV3,test,sub-07,linear_predictivity,5919,82,0.1825264480223136,"[0.1719923034078924, 0.20158055613209605, 0.18179250371616731, 0.17197696078109964, 0.18528991607431267]",,,,,
timm/resnet50.a1_in1k,layer3.3,VMV1,train,sub-07,linear_predictivity,5919,27,0.01808005254702117,,"[31622.776601683796, 31622.776601683796, 31622.776601683796, 31622.776601683796, 31622.776601683796]",0.2698669730750074,1.1192418167028872,0.7299392631392679,0.9779241952724451
timm/resnet50.a1_in1k,layer3.3,VMV1,test,sub-07,linear_predictivity,5919,27,0.05210372493918196,"[0.057406041853087314, 0.05123273489715941, 0.05544706546369354, 0.047711524331638264, 0.048721258150331286]",,,,,
timm/resnet50.a1_in1k,layer3.3,PHA2,train,sub-07,linear_predictivity,5919,55,0.011115468273061898,,"[31622.776601683796, 31622.776601683796, 31622.776601683796, 31622.776601683796, 31622.776601683796]",0.2709393686750038,1.1178602492639016,0.7286918014740226,0.9805911517519229
timm/resnet50.a1_in1k,layer3.3,PHA2,test,sub-07,linear_predictivity,5919,55,0.0649369568092617,"[0.07233174874316427, 0.06087082515574155, 0.062289848405578656, 0.06680909308622719, 0.062383268655596825]",,,,,
timm/resnet50.a1_in1k,layer3.3,PHA3,train,sub-07,linear_predictivity,5919,149,0.03389432734959766,,"[31622.776601683796, 31622.776601683796, 31622.776601683796, 31622.776601683796, 31622.776601683796]",0.2895055593020939,1.0992391811094127,0.7101628790190186,0.958305873197985
timm/resnet50.a1_in1k,layer3.3,PHA3,test,sub-07,linear_predictivity,5919,149,0.109693429192335,"[0.12147493134656674, 0.10916283705175893, 0.10898726732918339, 0.10256095049152526, 0.10628115974264063]",,,,,
timm/resnet50.a1_in1k,layer3.3,PH,train,sub-07,linear_predictivity,5919,304,0.026593929065860222,,"[31622.776601683796, 31622.776601683796, 31622.776601683796, 31622.776601683796, 31622.776601683796]",0.28291388028951814,1.1005244285960036,0.7167954167379759,0.9667794073643355
timm/resnet50.a1_in1k,layer3.3,PH,test,sub-07,linear_predictivity,5919,304,0.08279550632437276,"[0.07717184186541048, 0.07941482530952669, 0.07934439648095373, 0.08986572286283825, 0.08818074510313463]",,,,,
timm/resnet50.a1_in1k,layer3.4,V1,train,sub-07,linear_predictivity,5919,420,0.06203714768648314,,"[31622.776601683796, 31622.776601683796, 31622.776601683796, 31622.776601683796, 31622.776601683796]",0.305139677938429,1.0605259152744715,0.6946305439394529,0.9335093391396881
timm/resnet50.a1_in1k,layer3.4,V1,test,sub-07,linear_predictivity,5919,420,0.10034900040194508,"[0.10339696910535377, 0.11194474385125443, 0.0961457329989247, 0.10009655608750592, 0.09016099996668657]",,,,,
timm/resnet50.a1_in1k,layer3.4,V2,train,sub-07,linear_predictivity,5919,470,0.049739860824883325,,"[31622.776601683796, 31622.776601683796, 31622.776601683796, 31622.776601683796, 31622.776601683796]",0.297211650740571,1.0709631163596753,0.7025496852969896,0.9454137868890078
timm/resnet50.a1_in1k,layer3.4,V2,test,sub-07,linear_predictivity,5919,470,0.11618421800197762,"[0.12018466712303101, 0.12332530982840337, 0.11820299871240496, 0.11149251367225303, 0.10771560067379568]",,,,,
timm/resnet50.a1_in1k,layer3.4,V3,train,sub-07,linear_predictivity,5919,348,0.03212627546278019,,"[31622.776601683796, 31622.776601683796, 31622.776601683796, 31622.776601683796, 31622.776601683796]",0.28426009440732974,1.0865288071476311,0.715458084838373,0.9620608847749329
timm/resnet50.a1_in1k,layer3.4,V3,test,sub-07,linear_predictivity,5919,348,0.10336401047265786,"[0.10472989373338423, 0.10827656043375715, 0.106727720917911, 0.09509218356706735, 0.1019936937111696]",,,,,
timm/resnet50.a1_in1k,layer3.4,V4,train,sub-07,linear_predictivity,5919,451,0.04924824160525599,,"[31622.776601683796, 10000.0, 10000.0, 31622.776601683796, 10000.0]",0.44378899956246054,1.065832207245611,0.555665939944275,0.9443839125011257
timm/resnet50.a1_in1k,layer3.4,V4,test,sub-07,linear_predictivity,5919,451,0.1630311546861713,"[0.15016905549354992, 0.18030256356168461, 0.17590575890567287, 0.13941246270709934, 0.16936593276284975]",,,,,
timm/resnet50.a1_in1k,layer3.4,V3A,train,sub-07,linear_predictivity,5919,55,0.030190036993622164,,"[31622.776601683796, 31622.776601683796, 31622.776601683796, 31622.776601683796, 31622.776601683796]",0.2835429007518669,1.0958759671007559,0.7161748590186805,0.9635016608811284
timm/resnet50.a1_in1k,layer3.4,V3A,test,sub-07,linear_predictivity,5919,55,0.1240761633702792,"[0.12351880747242325, 0.13471213398645002, 0.13984823508637798, 0.10177802200552842, 0.1205236183006163]",,,,,
timm/resnet50.a1_in1k,layer3.4,V3B,train,sub-07,linear_predictivity,5919,103,0.05928840402836729,,"[31622.776601683796, 31622.776601683796, 31622.776601683796, 31622.776601683796, 31622.776601683796]",0.29967621386905174,1.0916682425531459,0.7000410015517262,0.934533989776639
timm/resnet50.a1_in1k,layer3.4,V3B,test,sub-07,linear_predictivity,5919,103,0.1634722193019795,"[0.16874927955329094, 0.1678877493880917, 0.17062648110805215, 0.15500442215811136, 0.15509316430235134]",,,,,
timm/resnet50.a1_in1k,layer3.4,V6,train,sub-07,linear_predictivity,5919,94,-0.009044084339796237,,"[100000.0, 100000.0, 100000.0, 100000.0, 100000.0]",0.10551131555182518,1.129753971156284,0.894056233339293,1.001284500940718
timm/resnet50.a1_in1k,layer3.4,V6,test,sub-07,linear_predictivity,5919,94,0.016110135015487973,"[0.014636414136063751, 0.010451179709769663, 0.018913349956302117, 0.019789910545661333, 0.016759820729642994]",,,,,
timm/resnet50.a1_in1k,layer3.4,V6A,train,sub-07,linear_predictivity,5919,63,0.021091943672063716,,"[31622.776601683796, 31622.776601683796, 31622.776601683796, 31622.776601683796, 10000.0]",0.3335421713543588,1.091241554763387,0.6657067977542961,0.9705941864098919
timm/resnet50.a1_in1k,layer3.4,V6A,test,sub-07,linear_predictivity,5919,63,0.11837199527010034,"[0.11049430421595981, 0.13065577770970438, 0.12323127392891747, 0.1072615680482354, 0.12021705244768469]",,,,,
timm/resnet50.a1_in1k,layer3.4,V7,train,sub-07,linear_predictivity,5919,37,0.02310757056896762,,"[31622.776601683796, 31622.776601683796, 31622.776601683796, 31622.776601683796, 31622.776601683796]",0.2811759264569814,1.1019453748031922,0.718441573209908,0.9686081640837738
timm/resnet50.a1_in1k,layer3.4,V7,test,sub-07,linear_predictivity,5919,37,0.09965101048829748,"[0.09026652452035036, 0.10813631281935752, 0.10322225206150948, 0.09824611643520954, 0.09838384660506054]",,,,,
timm/resnet50.a1_in1k,layer3.4,V8,train,sub-07,linear_predictivity,5919,80,0.0634426058601377,,"[31622.776601683796, 31622.776601683796, 31622.776601683796, 31622.776601683796, 31622.776601683796]",0.3069936763890675,1.065927263985929,0.6926766542821443,0.9294734252019052
timm/resnet50.a1_in1k,layer3.4,V8,test,sub-07,linear_predictivity,5919,80,0.1836536172115865,"[0.18060574847156183, 0.18757931553799137, 0.1786960877517409, 0.17917831607071893, 0.19220861822591934]",,,,,
timm/resnet50.a1_in1k,layer3.4,FFC,train,sub-07,linear_predictivity,5919,265,0.1060106622141504,,"[10000.0, 10000.0, 10000.0, 10000.0, 10000.0]",0.5691928682047263,1.0310294819481203,0.4306273673599451,0.8887228057982955
timm/resnet50.a1_in1k,layer3.4,FFC,test,sub-07,linear_predictivity,5919,265,0.23808463302711075,"[0.2209067072127627, 0.24332849218260574, 0.23890461056980644, 0.2391472924731546, 0.2481360626972242]",,,,,
timm/resnet50.a1_in1k,layer3.4,PIT,train,sub-07,linear_predictivity,5919,101,0.08013950874122808,,"[10000.0, 10000.0, 10000.0, 10000.0, 10000.0]",0.5532260224723305,1.0405812668202608,0.4465688006019864,0.9140361007106588
timm/resnet50.a1_in1k,layer3.4,PIT,test,sub-07,linear_predictivity,5919,101,0.20973300463772562,"[0.1914871809375885, 0.22093483336329203, 0.19698829461450046, 0.21435104080495254, 0.22490367346829454]",,,,,
timm/resnet50.a1_in1k,layer3.4,IPS1,train,sub-07,linear_predictivity,5919,191,0.022753962334472275,,"[31622.776601683796, 31622.776601683796, 31622.776601683796, 31622.776601683796, 31622.776601683796]",0.279916281669117,1.1169734400731894,0.719730470664899,0.969852109026613
timm/resnet50.a1_in1k,layer3.4,IPS1,test,sub-07,linear_predictivity,5919,191,0.10683457358909017,"[0.10607043940522372, 0.11356498762945393, 0.10918131067334276, 0.09642661479089135, 0.10892951544653905]",,,,,
timm/resnet50.a1_in1k,layer3.4,MST,train,sub-07,linear_predictivity,5919,149,0.08226096721288005,,"[10000.0, 10000.0, 10000.0, 10000.0, 10000.0]",0.5564362909880555,1.0451020994443343,0.4433988393322976,0.9133846696391711
timm/resnet50.a1_in1k,layer3.4,MST,test,sub-07,linear_predictivity,5919,149,0.19304127197407578,"[0.18249930778995443, 0.20648014786860763, 0.1778393902116332, 0.198296379359023, 0.20009113464116055]",,,,,
timm/resnet50.a1_in1k,layer3.4,MT,train,sub-07,linear_predictivity,5919,100,0.09529676809827252,,"[10000.0, 10000.0, 10000.0, 10000.0, 10000.0]",0.5623099906561245,1.0384151409796736,0.43749711061201274,0.9001865790248331
timm/resnet50.a1_in1k,layer3.4,MT,test,sub-07,linear_predictivity,5919,100,0.20854144488396367,"[0.19803394444450684, 0.21580789477678367, 0.20150686335504678, 0.2164100196221937, 0.21094850222128733]",,,,,
timm/resnet50.a1_in1k,layer3.4,FST,train,sub-07,linear_predictivity,5919,167,0.03697873052662068,,"[31622.776601683796, 31622.776601683796, 31622.776601683796, 31622.776601683796, 31622.776601683796]",0.29048005223757833,1.0789368304276277,0.7092182465881635,0.9564838673926443
timm/resnet50.a1_in1k,layer3.4,FST,test,sub-07,linear_predictivity,5919,167,0.13389908874179285,"[0.13257797429024448, 0.13521846014195069, 0.124369796017832, 0.13946509451462796, 0.13786411874430904]",,,,,
timm/resnet50.a1_in1k,layer3.4,LO1,train,sub-07,linear_predictivity,5919,80,0.11740475296998422,,"[10000.0, 10000.0, 10000.0, 10000.0, 10000.0]",0.581254944213496,1.0002976531282164,0.4184568497917316,0.8724642259360259
timm/resnet50.a1_in1k,layer3.4,LO1,test,sub-07,linear_predictivity,5919,80,0.2669244297956882,"[0.2550673312571902, 0.27527655382353355, 0.2632698130839572, 0.2618968114425013, 0.27911163937125877]",,,,,
timm/resnet50.a1_in1k,layer3.4,LO2,train,sub-07,linear_predictivity,5919,67,0.06953631050967825,,"[10000.0, 10000.0, 10000.0, 10000.0, 10000.0]",0.5487526730864017,1.048823501998983,0.45099405012845317,0.9233380543455529
timm/resnet50.a1_in1k,layer3.4,LO2,test,sub-07,linear_predictivity,5919,67,0.20861243307894317,"[0.20385268204063756, 0.2187236302787486, 0.19470951596804378, 0.20043443106244838, 0.2253419060448375]",,,,,
timm/resnet50.a1_in1k,layer3.4,LO3,train,sub-07,linear_predictivity,5919,125,0.18075497744825297,,"[10000.0, 10000.0, 10000.0, 10000.0, 10000.0]",0.6052524221596094,0.9654799892418658,0.3945594227360326,0.8140339442820274
timm/resnet50.a1_in1k,layer3.4,LO3,test,sub-07,linear_predictivity,5919,125,0.2942796322525082,"[0.29044183095708503, 0.30222237322082796, 0.2909443040103826, 0.2817946556302829, 0.3059949974439625]",,,,,
timm/resnet50.a1_in1k,layer3.4,V7,train,sub-07,linear_predictivity,5919,37,0.02310757056896762,,"[31622.776601683796, 31622.776601683796, 31622.776601683796, 31622.776601683796, 31622.776601683796]",0.2811759264569814,1.1019453748031922,0.718441573209908,0.9686081640837738
timm/resnet50.a1_in1k,layer3.4,V7,test,sub-07,linear_predictivity,5919,37,0.09965101048829748,"[0.09026652452035036, 0.10813631281935752, 0.10322225206150948, 0.09824611643520954, 0.09838384660506054]",,,,,
timm/resnet50.a1_in1k,layer3.4,IP0,train,sub-07,linear_predictivity,5919,73,0.02434668366675549,,"[31622.776601683796, 31622.776601683796, 31622.776601683796, 31622.776601683796, 31622.776601683796]",0.27962539823941385,1.1164479609653521,0.7200084098864422,0.9675694730187526
timm/resnet50.a1_in1k,layer3.4,IP0,test,sub-07,linear_predictivity,5919,73,0.07371853789709391,"[0.07012674116655723, 0.07036455177578427, 0.07200944425018369, 0.07703643242734151, 0.07905551986560289]",,,,,
timm/resnet50.a1_in1k,layer3.4,IP1,train,sub-07,linear_predictivity,5919,94,-0.005601261545421394,,"[316227.7660168379, 316227.7660168379, 1000000000.0, 1000000.0, 1000000000.0]",0.016509473660413932,1.1585028701344053,0.983275467159498,1.0023552141226566
timm/resnet50.a1_in1k,layer3.4,IP1,test,sub-07,linear_predictivity,5919,94,-0.0053482303153448,"[-0.010498402263693758, -0.0067341096231767535, -0.004971002531365063, -0.0030320608547673733, -0.001505576303721045]",,,,,
timm/resnet50.a1_in1k,layer3.4,MIP,train,sub-07,linear_predictivity,5919,71,-0.0033516824362537895,,"[100000.0, 31622.776601683796, 100000.0, 31622.776601683796, 100000.0]",0.17112730840503781,1.1367831819401084,0.8284485598200518,0.9946280547322888
timm/resnet50.a1_in1k,layer3.4,MIP,test,sub-07,linear_predictivity,5919,71,0.02284091545331557,"[0.02520602951356387, 0.021877705036515573, 0.025553613930621916, 0.013656238440421688, 0.027910990345454793]",,,,,
timm/resnet50.a1_in1k,layer3.4,VIP,train,sub-07,linear_predictivity,5919,91,0.0015023687623931528,,"[100000.0, 31622.776601683796, 31622.776601683796, 100000.0, 31622.776601683796]",0.20431856036243898,1.132546471145492,0.7950636467698762,0.9923077405130704
timm/resnet50.a1_in1k,layer3.4,VIP,test,sub-07,linear_predictivity,5919,91,0.05603942181272059,"[0.043121332067709975, 0.07033856410380572, 0.0675655075201226, 0.041718073651019726, 0.05745363172094495]",,,,,
timm/resnet50.a1_in1k,layer3.4,LIPd,train,sub-07,linear_predictivity,5919,65,-0.004795816987536124,,"[100000.0, 100000.0, 100000.0, 100000.0, 100000.0]",0.1033254373934702,1.1442408722473685,0.8963931095592276,0.9996875798850817
timm/resnet50.a1_in1k,layer3.4,LIPd,test,sub-07,linear_predictivity,5919,65,0.011387511321026817,"[0.01065702429829042, 0.005087888510568112, 0.008648287460035358, 0.01542041763910002, 0.017123938697140177]",,,,,
timm/resnet50.a1_in1k,layer3.4,LIPv,train,sub-07,linear_predictivity,5919,95,0.003640872617121433,,"[31622.776601683796, 31622.776601683796, 31622.776601683796, 31622.776601683796, 31622.776601683796]",0.26557982391384777,1.126320309435071,0.7339966425082355,0.9873378623221163
timm/resnet50.a1_in1k,layer3.4,LIPv,test,sub-07,linear_predictivity,5919,95,0.05250462783235279,"[0.049370841614720905, 0.06428605251417221, 0.046144322588667575, 0.04881264522557667, 0.053909277218626574]",,,,,
timm/resnet50.a1_in1k,layer3.4,AIP,train,sub-07,linear_predictivity,5919,224,-0.002487008692950787,,"[31622.776601683796, 31622.776601683796, 100000.0, 100000.0, 31622.776601683796]",0.2025591872584871,1.1215860019381156,0.7966563510366674,0.9953815689288878
timm/resnet50.a1_in1k,layer3.4,AIP,test,sub-07,linear_predictivity,5919,224,0.019102857305162334,"[0.012483380736636396, 0.017877855751968756, 0.01814011285183501, 0.026092944056933187, 0.020919993128438317]",,,,,
timm/resnet50.a1_in1k,layer3.4,7Pm,train,sub-07,linear_predictivity,5919,5,-0.005863350247369805,,"[316227.7660168379, 316227.7660168379, 316227.7660168379, 100000.0, 1000000.0]",0.04552101487015052,1.1500619374800078,0.9542590345306898,1.002241270860262
timm/resnet50.a1_in1k,layer3.4,7Pm,test,sub-07,linear_predictivity,5919,5,-0.0003795790014970546,"[0.0015567269888727697, 0.001879503213115008, 0.0017880794849266745, -0.00685510111834009, -0.0002671035760596352]",,,,,
timm/resnet50.a1_in1k,layer3.4,7PL,train,sub-07,linear_predictivity,5919,40,-0.009937665099150826,,"[316227.7660168379, 100000.0, 100000.0, 100000.0, 100000.0]",0.09316375952164603,1.1472165958960425,0.9062171900409627,1.0003790988015253
timm/resnet50.a1_in1k,layer3.4,7PL,test,sub-07,linear_predictivity,5919,40,0.036146098380964733,"[0.01664747985439204, 0.044094806285584445, 0.04710610100314144, 0.039585706084590125, 0.03329639867711561]",,,,,
timm/resnet50.a1_in1k,layer3.4,7PC,train,sub-07,linear_predictivity,5919,153,0.015596276438406081,,"[31622.776601683796, 31622.776601683796, 31622.776601683796, 31622.776601683796, 31622.776601683796]",0.27757183866707724,1.107462089094301,0.7220293578538907,0.9757524055259623
timm/resnet50.a1_in1k,layer3.4,7PC,test,sub-07,linear_predictivity,5919,153,0.08645881857902246,"[0.07772583892796375, 0.09517834162869032, 0.08059626809236602, 0.08328462715280231, 0.09550901709328985]",,,,,
timm/resnet50.a1_in1k,layer3.4,7Am,train,sub-07,linear_predictivity,5919,78,-0.00652397610884401,,"[100000.0, 100000.0, 100000.0, 100000.0, 100000.0]",0.10500513655223975,1.1429570285464326,0.8945157189840789,0.9980808582792567
timm/resnet50.a1_in1k,layer3.4,7Am,test,sub-07,linear_predictivity,5919,78,0.03682215336293794,"[0.03420446891521727, 0.041547487178497544, 0.042280681442974796, 0.034121179218762024, 0.03195695005923808]",,,,,
timm/resnet50.a1_in1k,layer3.4,7AL,train,sub-07,linear_predictivity,5919,64,-0.006904928251008719,,"[100000.0, 100000.0, 100000.0, 100000.0, 316227.7660168379]",0.09206897394876211,1.12763256577712,0.9071230136357975,0.9990920091782789
timm/resnet50.a1_in1k,layer3.4,7AL,test,sub-07,linear_predictivity,5919,64,0.021358417542671808,"[0.024543027487277727, 0.02433104428326071, 0.0237468038786515, 0.026164055239059538, 0.008007156825109564]",,,,,
timm/resnet50.a1_in1k,layer3.4,VVC,train,sub-07,linear_predictivity,5919,157,0.03674045278326966,,"[31622.776601683796, 31622.776601683796, 31622.776601683796, 31622.776601683796, 31622.776601683796]",0.2909443007402462,1.0920050119568736,0.7087679871396888,0.9569908596335782
timm/resnet50.a1_in1k,layer3.4,VVC,test,sub-07,linear_predictivity,5919,157,0.1061129207950087,"[0.10284725250020059, 0.1099759677696692, 0.10748786199725467, 0.0990414291148695, 0.11121209259304947]",,,,,
timm/resnet50.a1_in1k,layer3.4,VMV2,train,sub-07,linear_predictivity,5919,66,0.08195507733832409,,"[31622.776601683796, 31622.776601683796, 31622.776601683796, 31622.776601683796, 31622.776601683796]",0.31708345432162566,1.0592676480812901,0.6826732438614214,0.9130922350030894
timm/resnet50.a1_in1k,layer3.4,VMV2,test,sub-07,linear_predictivity,5919,66,0.1984306821695733,"[0.2078006562139841, 0.20399261361943813, 0.20432452459087513, 0.1881861616337686, 0.18784945478980042]",,,,,
timm/resnet50.a1_in1k,layer3.4,VMV3,train,sub-07,linear_predictivity,5919,82,0.07889247800588321,,"[10000.0, 10000.0, 10000.0, 10000.0, 10000.0]",0.5556483389523666,1.0498312582033595,0.4441045903718318,0.9133335233291792
timm/resnet50.a1_in1k,layer3.4,VMV3,test,sub-07,linear_predictivity,5919,82,0.20383298636480576,"[0.20177161952097522, 0.22580589631138814, 0.20713713334202127, 0.18353180409703823, 0.200918478552606]",,,,,
timm/resnet50.a1_in1k,layer3.4,VMV1,train,sub-07,linear_predictivity,5919,27,0.02081991478198387,,"[31622.776601683796, 31622.776601683796, 31622.776601683796, 31622.776601683796, 31622.776601683796]",0.27362359320228313,1.10685709369318,0.726174563960835,0.9751025781450753
timm/resnet50.a1_in1k,layer3.4,VMV1,test,sub-07,linear_predictivity,5919,27,0.05841858495979903,"[0.06399432793992438, 0.05771577594470009, 0.06371887354617099, 0.05140750925267474, 0.055256438115524935]",,,,,
timm/resnet50.a1_in1k,layer3.4,PHA2,train,sub-07,linear_predictivity,5919,55,0.011654613946449576,,"[31622.776601683796, 31622.776601683796, 31622.776601683796, 31622.776601683796, 31622.776601683796]",0.2726600072422071,1.1174452809601358,0.7269649097962556,0.9799736502428426
timm/resnet50.a1_in1k,layer3.4,PHA2,test,sub-07,linear_predictivity,5919,55,0.08163386537709276,"[0.09135174965502198, 0.0779527272792537, 0.07984373656104034, 0.08154768124172612, 0.07747343214842166]",,,,,
timm/resnet50.a1_in1k,layer3.4,PHA3,train,sub-07,linear_predictivity,5919,149,0.03903182474537983,,"[31622.776601683796, 31622.776601683796, 31622.776601683796, 31622.776601683796, 31622.776601683796]",0.29433687338357917,1.0919346826707341,0.7053236667869017,0.953101615249216
timm/resnet50.a1_in1k,layer3.4,PHA3,test,sub-07,linear_predictivity,5919,149,0.12782627234830707,"[0.14200384030742208, 0.12889648183345234, 0.12705848073959874, 0.11781135694910651, 0.12336120191195563]",,,,,
timm/resnet50.a1_in1k,layer3.4,PH,train,sub-07,linear_predictivity,5919,304,0.03434479567372946,,"[31622.776601683796, 31622.776601683796, 31622.776601683796, 31622.776601683796, 31622.776601683796]",0.2892454413772354,1.0941257368144008,0.7104448027211135,0.9589003743720552
timm/resnet50.a1_in1k,layer3.4,PH,test,sub-07,linear_predictivity,5919,304,0.10609803571508532,"[0.09949017088793627, 0.1046966464548986, 0.10133441483005036, 0.11164210282603969, 0.11332684357650166]",,,,,
timm/resnet50.a1_in1k,layer3.5,V1,train,sub-07,linear_predictivity,5919,420,0.05903410808152952,,"[31622.776601683796, 31622.776601683796, 10000.0, 31622.776601683796, 31622.776601683796]",0.3535541034011237,1.0583829226696364,0.6465033141141117,0.9362530158877131
timm/resnet50.a1_in1k,layer3.5,V1,test,sub-07,linear_predictivity,5919,420,0.09215443392755333,"[0.09768778382525012, 0.1070535142810433, 0.0738291819211494, 0.09580130885665776, 0.08640038075366605]",,,,,
timm/resnet50.a1_in1k,layer3.5,V2,train,sub-07,linear_predictivity,5919,470,0.05048993465002423,,"[31622.776601683796, 31622.776601683796, 31622.776601683796, 31622.776601683796, 31622.776601683796]",0.29894033193553465,1.0710127511118206,0.7008258326648084,0.9447499394458154
timm/resnet50.a1_in1k,layer3.5,V2,test,sub-07,linear_predictivity,5919,470,0.1120047733899805,"[0.11606891754039307, 0.12101975336712129, 0.1153619770623327, 0.1064896025737679, 0.10108361640628759]",,,,,
timm/resnet50.a1_in1k,layer3.5,V3,train,sub-07,linear_predictivity,5919,348,0.03395572775048774,,"[31622.776601683796, 31622.776601683796, 31622.776601683796, 31622.776601683796, 31622.776601683796]",0.2872894920136272,1.0863860954027311,0.7124352129752415,0.9603583191624839
timm/resnet50.a1_in1k,layer3.5,V3,test,sub-07,linear_predictivity,5919,348,0.10581940272025363,"[0.10670636113681103, 0.11129348249418633, 0.11026704620786111, 0.09829600778450169, 0.102534115977908]",,,,,
timm/resnet50.a1_in1k,layer3.5,V4,train,sub-07,linear_predictivity,5919,451,0.05409508598662247,,"[31622.776601683796, 10000.0, 10000.0, 31622.776601683796, 10000.0]",0.45071695033109627,1.0641035761141233,0.5487414842266548,0.9395747679326986
timm/resnet50.a1_in1k,layer3.5,V4,test,sub-07,linear_predictivity,5919,451,0.17047268068577126,"[0.15851991967869625, 0.17808337355025347, 0.18829804043742648, 0.1494339973542654, 0.17802807240821467]",,,,,
timm/resnet50.a1_in1k,layer3.5,V3A,train,sub-07,linear_predictivity,5919,55,0.03721816207151628,,"[31622.776601683796, 31622.776601683796, 31622.776601683796, 31622.776601683796, 31622.776601683796]",0.2898744614212477,1.0899482606324846,0.7098448906711498,0.9564986504655609
timm/resnet50.a1_in1k,layer3.5,V3A,test,sub-07,linear_predictivity,5919,55,0.1384865933347944,"[0.131697820979244, 0.14989508874152718, 0.15795943936077586, 0.11671452303543807, 0.13616609455698692]",,,,,
timm/resnet50.a1_in1k,layer3.5,V3B,train,sub-07,linear_predictivity,5919,103,0.059476564439326585,,"[31622.776601683796, 31622.776601683796, 10000.0, 31622.776601683796, 31622.776601683796]",0.3518161354118864,1.0787058029673464,0.6484585745670096,0.9344457041116654
timm/resnet50.a1_in1k,layer3.5,V3B,test,sub-07,linear_predictivity,5919,103,0.17277962865669547,"[0.17814475237273927, 0.1716091101510467, 0.18416290712693792, 0.16426238922431705, 0.16571898440843644]",,,,,
timm/resnet50.a1_in1k,layer3.5,V6,train,sub-07,linear_predictivity,5919,94,-0.009348961223606844,,"[100000.0, 100000.0, 31622.776601683796, 100000.0, 100000.0]",0.13802534466987684,1.1236038486127793,0.8617745077540826,1.0016264197271663
timm/resnet50.a1_in1k,layer3.5,V6,test,sub-07,linear_predictivity,5919,94,0.014888657797873666,"[0.013609403066606537, 0.010925544654405286, 0.01907545209074345, 0.018142003766774627, 0.012690885410838439]",,,,,
timm/resnet50.a1_in1k,layer3.5,V6A,train,sub-07,linear_predictivity,5919,63,0.030698665008603725,,"[31622.776601683796, 10000.0, 10000.0, 31622.776601683796, 10000.0]",0.4422034923396013,1.0799354641959167,0.5564222223049786,0.960937023319163
timm/resnet50.a1_in1k,layer3.5,V6A,test,sub-07,linear_predictivity,5919,63,0.13446164917215347,"[0.11840012227111808, 0.14458979036370215, 0.14679925667937013, 0.12340264664512897, 0.13911642990144796]",,,,,
timm/resnet50.a1_in1k,layer3.5,V7,train,sub-07,linear_predictivity,5919,37,0.03125494186741604,,"[31622.776601683796, 31622.776601683796, 31622.776601683796, 31622.776601683796, 31622.776601683796]",0.28932732489534885,1.091455672900964,0.710298057689927,0.9605368838393767
timm/resnet50.a1_in1k,layer3.5,V7,test,sub-07,linear_predictivity,5919,37,0.11756016408229983,"[0.10567704461272086, 0.12256736841782494, 0.12258944595937969, 0.11627501584997987, 0.12069194557159384]",,,,,
timm/resnet50.a1_in1k,layer3.5,V8,train,sub-07,linear_predictivity,5919,80,0.0660599545461499,,"[31622.776601683796, 31622.776601683796, 31622.776601683796, 31622.776601683796, 31622.776601683796]",0.3115835017454979,1.059947156858356,0.6880889008698247,0.9270060921425713
timm/resnet50.a1_in1k,layer3.5,V8,test,sub-07,linear_predictivity,5919,80,0.19127087450533528,"[0.18942935304585756, 0.19040621906675975, 0.18439005495216498, 0.18833244929102036, 0.20379629617087378]",,,,,
timm/resnet50.a1_in1k,layer3.5,FFC,train,sub-07,linear_predictivity,5919,265,0.11214335870781808,,"[10000.0, 10000.0, 10000.0, 10000.0, 10000.0]",0.5771318663541106,1.021843319913992,0.42269087208159634,0.8826994537518489
timm/resnet50.a1_in1k,layer3.5,FFC,test,sub-07,linear_predictivity,5919,265,0.2537019743228323,"[0.24221634867983244, 0.2547279036800815, 0.24934709050319126, 0.2557568750911496, 0.2664616536599068]",,,,,
timm/resnet50.a1_in1k,layer3.5,PIT,train,sub-07,linear_predictivity,5919,101,0.08394548499402549,,"[10000.0, 10000.0, 10000.0, 10000.0, 10000.0]",0.5609005756512925,1.0399311570014824,0.43889377918628397,0.9103272694651992
timm/resnet50.a1_in1k,layer3.5,PIT,test,sub-07,linear_predictivity,5919,101,0.2110710537010861,"[0.1975393992668381, 0.20915517989884747, 0.20284951505252394, 0.21795202279436748, 0.2278591514928534]",,,,,
timm/resnet50.a1_in1k,layer3.5,IPS1,train,sub-07,linear_predictivity,5919,191,0.02669206118223496,,"[31622.776601683796, 31622.776601683796, 31622.776601683796, 31622.776601683796, 31622.776601683796]",0.2852336659362344,1.1083503075665475,0.7144141755487062,0.9658949709309963
timm/resnet50.a1_in1k,layer3.5,IPS1,test,sub-07,linear_predictivity,5919,191,0.11032035810228144,"[0.11261163978986892, 0.11042492410989689, 0.11572949511968854, 0.1001723856610375, 0.11266334583091546]",,,,,
timm/resnet50.a1_in1k,layer3.5,MST,train,sub-07,linear_predictivity,5919,149,0.09027628232708385,,"[10000.0, 10000.0, 10000.0, 10000.0, 10000.0]",0.5664623568014782,1.0368579160100386,0.43336959081278226,0.9053049355004201
timm/resnet50.a1_in1k,layer3.5,MST,test,sub-07,linear_predictivity,5919,149,0.21849645590797726,"[0.2086861326428063, 0.23018597863097692, 0.20219073902610707, 0.2253046576437858, 0.22611477159621024]",,,,,
timm/resnet50.a1_in1k,layer3.5,MT,train,sub-07,linear_predictivity,5919,100,0.1040905609551071,,"[10000.0, 10000.0, 10000.0, 10000.0, 10000.0]",0.5710053653664371,1.0355859672455172,0.4288089411220091,0.8914570185244587
timm/resnet50.a1_in1k,layer3.5,MT,test,sub-07,linear_predictivity,5919,100,0.22755027939850164,"[0.22250618981552883, 0.2259530131720595, 0.2207122667392599, 0.23649672044907571, 0.23208320681658415]",,,,,
timm/resnet50.a1_in1k,layer3.5,FST,train,sub-07,linear_predictivity,5919,167,0.043584585531270405,,"[31622.776601683796, 31622.776601683796, 31622.776601683796, 31622.776601683796, 31622.776601683796]",0.29882565960224283,1.0680069294316994,0.7008547959944199,0.9497023517586743
timm/resnet50.a1_in1k,layer3.5,FST,test,sub-07,linear_predictivity,5919,167,0.14881389063576927,"[0.14876289265759507, 0.14792567787781483, 0.14008048202824167, 0.1528469599873469, 0.15445344062784794]",,,,,
timm/resnet50.a1_in1k,layer3.5,LO1,train,sub-07,linear_predictivity,5919,80,0.13452048882195644,,"[10000.0, 10000.0, 10000.0, 10000.0, 10000.0]",0.594764323117693,0.9922592728803469,0.40494741131604056,0.8553683542997927
timm/resnet50.a1_in1k,layer3.5,LO1,test,sub-07,linear_predictivity,5919,80,0.2855073726836424,"[0.2634576320023224, 0.2895721867668809, 0.2844955087450616, 0.2884794550206047, 0.30153208088334243]",,,,,
timm/resnet50.a1_in1k,layer3.5,LO2,train,sub-07,linear_predictivity,5919,67,0.07263631728747783,,"[10000.0, 10000.0, 10000.0, 10000.0, 10000.0]",0.5563653324984885,1.0463806799440274,0.44337469083519904,0.9203471451491272
timm/resnet50.a1_in1k,layer3.5,LO2,test,sub-07,linear_predictivity,5919,67,0.2108482902791755,"[0.20356745091950615, 0.21143577320900425, 0.20139698375794043, 0.20590378813422172, 0.23193745537520488]",,,,,
timm/resnet50.a1_in1k,layer3.5,LO3,train,sub-07,linear_predictivity,5919,125,0.19150626503490428,,"[10000.0, 10000.0, 10000.0, 10000.0, 10000.0]",0.6144003625762067,0.9630106632044544,0.38542340385226176,0.8034587094498352
timm/resnet50.a1_in1k,layer3.5,LO3,test,sub-07,linear_predictivity,5919,125,0.31289437680477017,"[0.30640444635929226, 0.31793735925603245, 0.3066175316837331, 0.3035211653136121, 0.3299913814111808]",,,,,
timm/resnet50.a1_in1k,layer3.5,V7,train,sub-07,linear_predictivity,5919,37,0.03125494186741604,,"[31622.776601683796, 31622.776601683796, 31622.776601683796, 31622.776601683796, 31622.776601683796]",0.28932732489534885,1.091455672900964,0.710298057689927,0.9605368838393767
timm/resnet50.a1_in1k,layer3.5,V7,test,sub-07,linear_predictivity,5919,37,0.11756016408229983,"[0.10567704461272086, 0.12256736841782494, 0.12258944595937969, 0.11627501584997987, 0.12069194557159384]",,,,,
timm/resnet50.a1_in1k,layer3.5,IP0,train,sub-07,linear_predictivity,5919,73,0.024196844071776424,,"[31622.776601683796, 31622.776601683796, 31622.776601683796, 31622.776601683796, 31622.776601683796]",0.28199483124632035,1.1133841939813616,0.7176438507083199,0.9677683682883611
timm/resnet50.a1_in1k,layer3.5,IP0,test,sub-07,linear_predictivity,5919,73,0.07897272710248267,"[0.07668150827533048, 0.07114863559665857, 0.07770035573497328, 0.08169067356808232, 0.08764246233736869]",,,,,
timm/resnet50.a1_in1k,layer3.5,IP1,train,sub-07,linear_predictivity,5919,94,-0.0055500100633112375,,"[316227.7660168379, 316227.7660168379, 1000000000.0, 1000000.0, 1000000000.0]",0.01650569271751459,1.158165859872297,0.983278847238687,1.0023037337223069
timm/resnet50.a1_in1k,layer3.5,IP1,test,sub-07,linear_predictivity,5919,94,-0.005511914320857596,"[-0.01047471159640456, -0.007555827439070333, -0.004970856953833251, -0.0030529184083293837, -0.0015052572066504577]",,,,,
timm/resnet50.a1_in1k,layer3.5,MIP,train,sub-07,linear_predictivity,5919,71,-0.002048104522204714,,"[100000.0, 31622.776601683796, 100000.0, 31622.776601683796, 31622.776601683796]",0.20389207190518993,1.1311977360812377,0.7954484415564886,0.9933476441429991
timm/resnet50.a1_in1k,layer3.5,MIP,test,sub-07,linear_predictivity,5919,71,0.020816379713554434,"[0.027466172110255038, 0.015601483515683039, 0.02819837233524864, 0.012475802316307624, 0.020340068290277825]",,,,,
timm/resnet50.a1_in1k,layer3.5,VIP,train,sub-07,linear_predictivity,5919,91,0.005404259173054563,,"[100000.0, 31622.776601683796, 31622.776601683796, 31622.776601683796, 31622.776601683796]",0.23947002149394567,1.1195112274174728,0.7598103726467424,0.9883675679119357
timm/resnet50.a1_in1k,layer3.5,VIP,test,sub-07,linear_predictivity,5919,91,0.06120281214957114,"[0.045306430825446865, 0.0639237433315538, 0.07225549124225253, 0.06155393929579292, 0.06297445605280957]",,,,,
timm/resnet50.a1_in1k,layer3.5,LIPd,train,sub-07,linear_predictivity,5919,65,-0.0036300187944482425,,"[100000.0, 100000.0, 100000.0, 100000.0, 100000.0]",0.10500617005131958,1.1402482670778062,0.8947174661001611,0.998564577896824
timm/resnet50.a1_in1k,layer3.5,LIPd,test,sub-07,linear_predictivity,5919,65,0.014481926308720075,"[0.014441542281119275, 0.006758207605584464, 0.013611026747323667, 0.017523575954427183, 0.02007527895514579]",,,,,
timm/resnet50.a1_in1k,layer3.5,LIPv,train,sub-07,linear_predictivity,5919,95,0.007345595698170575,,"[31622.776601683796, 31622.776601683796, 31622.776601683796, 31622.776601683796, 31622.776601683796]",0.2705096676449204,1.117085975717672,0.7290682271381386,0.9836536027738662
timm/resnet50.a1_in1k,layer3.5,LIPv,test,sub-07,linear_predictivity,5919,95,0.0600072674390546,"[0.05830522985645036, 0.06539880273990002, 0.0564274816513736, 0.05644219110007361, 0.0634626318474754]",,,,,
timm/resnet50.a1_in1k,layer3.5,AIP,train,sub-07,linear_predictivity,5919,224,0.0018842932689243628,,"[31622.776601683796, 31622.776601683796, 31622.776601683796, 100000.0, 31622.776601683796]",0.2379128219183107,1.1080395047917817,0.7613243562047819,0.9910896601765724
timm/resnet50.a1_in1k,layer3.5,AIP,test,sub-07,linear_predictivity,5919,224,0.02945224379127559,"[0.026650708374005936, 0.028353745055351636, 0.02677949326959133, 0.03150988378112718, 0.03396738847630188]",,,,,
timm/resnet50.a1_in1k,layer3.5,7Pm,train,sub-07,linear_predictivity,5919,5,-0.005603195986959448,,"[316227.7660168379, 316227.7660168379, 316227.7660168379, 100000.0, 1000000.0]",0.045754569407697794,1.1524474546765604,0.9540260925097573,1.001991964515837
timm/resnet50.a1_in1k,layer3.5,7Pm,test,sub-07,linear_predictivity,5919,5,-0.0012522097843468492,"[0.0008070074317484188, 0.0011602638463122927, 0.0011933516273515022, -0.008646710879620944, -0.0007749609475255159]",,,,,
timm/resnet50.a1_in1k,layer3.5,7PL,train,sub-07,linear_predictivity,5919,40,-0.008451512796516014,,"[100000.0, 100000.0, 31622.776601683796, 100000.0, 100000.0]",0.13883486762179023,1.128363156491417,0.8607236444529809,0.9988267598907697
timm/resnet50.a1_in1k,layer3.5,7PL,test,sub-07,linear_predictivity,5919,40,0.0376520820478638,"[0.03405913085794189, 0.038585173215552895, 0.04955348225925984, 0.03616105807773384, 0.029901565828830513]",,,,,
timm/resnet50.a1_in1k,layer3.5,7PC,train,sub-07,linear_predictivity,5919,153,0.021305613249409185,,"[31622.776601683796, 31622.776601683796, 31622.776601683796, 31622.776601683796, 31622.776601683796]",0.28458582874122473,1.0922121275960819,0.7150143212822597,0.970073367989085
timm/resnet50.a1_in1k,layer3.5,7PC,test,sub-07,linear_predictivity,5919,153,0.09908507253134931,"[0.09220963695412039, 0.09966033174795323, 0.09773330059056007, 0.09446716623324161, 0.11135492713087126]",,,,,
timm/resnet50.a1_in1k,layer3.5,7Am,train,sub-07,linear_predictivity,5919,78,-0.006140290628899702,,"[100000.0, 100000.0, 100000.0, 100000.0, 100000.0]",0.10585016550348889,1.1379640107246707,0.8936735904942192,0.9977311457131537
timm/resnet50.a1_in1k,layer3.5,7Am,test,sub-07,linear_predictivity,5919,78,0.03576296261092369,"[0.03394973181972142, 0.03904480682374293, 0.04011754232550195, 0.03425642543708576, 0.03144630664856639]",,,,,
timm/resnet50.a1_in1k,layer3.5,7AL,train,sub-07,linear_predictivity,5919,64,-0.004591758994709832,,"[100000.0, 100000.0, 100000.0, 100000.0, 100000.0]",0.10719708479919181,1.1144769166651805,0.8923148549752946,0.9966381220903167
timm/resnet50.a1_in1k,layer3.5,7AL,test,sub-07,linear_predictivity,5919,64,0.02566042735370145,"[0.02686314518582291, 0.02528994174968542, 0.0251436664158919, 0.02803376395449125, 0.022971619462615757]",,,,,
timm/resnet50.a1_in1k,layer3.5,VVC,train,sub-07,linear_predictivity,5919,157,0.037947839409460574,,"[31622.776601683796, 31622.776601683796, 31622.776601683796, 31622.776601683796, 31622.776601683796]",0.29437208500623024,1.0875575167324394,0.7053391703134958,0.9557514494897896
timm/resnet50.a1_in1k,layer3.5,VVC,test,sub-07,linear_predictivity,5919,157,0.1150283171946324,"[0.11353483023131261, 0.11554266444164334, 0.11524978073294254, 0.1094490371526277, 0.12136527341463581]",,,,,
timm/resnet50.a1_in1k,layer3.5,VMV2,train,sub-07,linear_predictivity,5919,66,0.08227344915197261,,"[31622.776601683796, 31622.776601683796, 31622.776601683796, 31622.776601683796, 31622.776601683796]",0.319679671008738,1.0547263051888933,0.6800794081051269,0.9128347074467931
timm/resnet50.a1_in1k,layer3.5,VMV2,test,sub-07,linear_predictivity,5919,66,0.20642814132021897,"[0.2175650259113693, 0.20885730555496548, 0.21004896191026182, 0.1967793528554309, 0.19889006036906734]",,,,,
timm/resnet50.a1_in1k,layer3.5,VMV3,train,sub-07,linear_predictivity,5919,82,0.07566621091232689,,"[10000.0, 10000.0, 10000.0, 31622.776601683796, 10000.0]",0.5130217473697531,1.0492153385653993,0.4858695549566284,0.9170994790840263
timm/resnet50.a1_in1k,layer3.5,VMV3,test,sub-07,linear_predictivity,5919,82,0.2238076641752112,"[0.22851006619920156, 0.23868533182034005, 0.22998030649073606, 0.20149829224713642, 0.22036432411864174]",,,,,
timm/resnet50.a1_in1k,layer3.5,VMV1,train,sub-07,linear_predictivity,5919,27,0.02287092875361865,,"[31622.776601683796, 31622.776601683796, 31622.776601683796, 31622.776601683796, 31622.776601683796]",0.27678906555867944,1.0998899215502445,0.7230133031136153,0.9731172734125988
timm/resnet50.a1_in1k,layer3.5,VMV1,test,sub-07,linear_predictivity,5919,27,0.06457644254747047,"[0.07111373429767841, 0.062438008669267756, 0.06791335895719915, 0.05667424566945276, 0.06474286514375426]",,,,,
timm/resnet50.a1_in1k,layer3.5,PHA2,train,sub-07,linear_predictivity,5919,55,0.010404487915826871,,"[31622.776601683796, 31622.776601683796, 31622.776601683796, 31622.776601683796, 31622.776601683796]",0.27436239028877357,1.1191790910175015,0.7252681136618307,0.9812522803584013
timm/resnet50.a1_in1k,layer3.5,PHA2,test,sub-07,linear_predictivity,5919,55,0.08780342099816715,"[0.10102792706862097, 0.08296514986347633, 0.08501712738186346, 0.08516774427830129, 0.08483915639857373]",,,,,
timm/resnet50.a1_in1k,layer3.5,PHA3,train,sub-07,linear_predictivity,5919,149,0.03883514465967643,,"[31622.776601683796, 31622.776601683796, 31622.776601683796, 31622.776601683796, 31622.776601683796]",0.29707374315733054,1.0840469983261891,0.7025947332037275,0.9533635428378524
timm/resnet50.a1_in1k,layer3.5,PHA3,test,sub-07,linear_predictivity,5919,149,0.13797926896665114,"[0.15537539978201498, 0.136276954075165, 0.1355750221059068, 0.12505615647455764, 0.13761281239561116]",,,,,
timm/resnet50.a1_in1k,layer3.5,PH,train,sub-07,linear_predictivity,5919,304,0.041311177446124496,,"[31622.776601683796, 31622.776601683796, 31622.776601683796, 31622.776601683796, 31622.776601683796]",0.2968313383490985,1.0812976995458565,0.7028457919224605,0.9518344449032214
timm/resnet50.a1_in1k,layer3.5,PH,test,sub-07,linear_predictivity,5919,304,0.11803316027291222,"[0.11295273216354666, 0.11315611197872397, 0.11515685522714487, 0.11929777336492968, 0.12960232863021592]",,,,,
timm/resnet50.a1_in1k,layer4.0,V1,train,sub-07,linear_predictivity,5919,420,0.058403194529219334,,"[31622.776601683796, 31622.776601683796, 31622.776601683796, 31622.776601683796, 31622.776601683796]",0.302853430507216,1.056169139644637,0.6969290376047994,0.9372620440781366
timm/resnet50.a1_in1k,layer4.0,V1,test,sub-07,linear_predictivity,5919,420,0.08915289283395049,"[0.0885134514329412, 0.09918498217400447, 0.08658325892582369, 0.08571693224941127, 0.08576583938757187]",,,,,
timm/resnet50.a1_in1k,layer4.0,V2,train,sub-07,linear_predictivity,5919,470,0.05076573232125318,,"[31622.776601683796, 31622.776601683796, 31622.776601683796, 31622.776601683796, 31622.776601683796]",0.298059964028667,1.0578970472640734,0.7017116649158872,0.9444786454583014
timm/resnet50.a1_in1k,layer4.0,V2,test,sub-07,linear_predictivity,5919,470,0.1020911147564253,"[0.10909898598115858, 0.1116709638013772, 0.10622609557516616, 0.09561976433048729, 0.08783976409393722]",,,,,
timm/resnet50.a1_in1k,layer4.0,V3,train,sub-07,linear_predictivity,5919,348,0.03522450864874679,,"[31622.776601683796, 31622.776601683796, 31622.776601683796, 31622.776601683796, 31622.776601683796]",0.2862047694786448,1.0656907283426083,0.7135198463109749,0.9590171940390132
timm/resnet50.a1_in1k,layer4.0,V3,test,sub-07,linear_predictivity,5919,348,0.09504494101891611,"[0.10265431606389801, 0.1037805025560342, 0.09833237771977224, 0.08293406277585111, 0.08752344597902503]",,,,,
timm/resnet50.a1_in1k,layer4.0,V4,train,sub-07,linear_predictivity,5919,451,0.06407602754799112,,"[31622.776601683796, 10000.0, 10000.0, 10000.0, 10000.0]",0.5017058127065781,1.0384726479891364,0.4978396147807723,0.9292234222587858
timm/resnet50.a1_in1k,layer4.0,V4,test,sub-07,linear_predictivity,5919,451,0.1618220670619984,"[0.15850559798474023, 0.18270640076363476, 0.16158216174062198, 0.14864024874571177, 0.15767592607528322]",,,,,
timm/resnet50.a1_in1k,layer4.0,V3A,train,sub-07,linear_predictivity,5919,55,0.04335525182422497,,"[31622.776601683796, 10000.0, 10000.0, 10000.0, 10000.0]",0.4901516911063123,1.0516403399065153,0.5095445940896748,0.9497611600867936
timm/resnet50.a1_in1k,layer4.0,V3A,test,sub-07,linear_predictivity,5919,55,0.09836987997109983,"[0.12312660070446761, 0.10716735227550628, 0.10016415142421513, 0.07254767117258286, 0.08884362427872726]",,,,,
timm/resnet50.a1_in1k,layer4.0,V3B,train,sub-07,linear_predictivity,5919,103,0.07202365420168504,,"[31622.776601683796, 10000.0, 10000.0, 10000.0, 10000.0]",0.4977094322238683,1.0425125635959687,0.5021405737645133,0.9217539593540911
timm/resnet50.a1_in1k,layer4.0,V3B,test,sub-07,linear_predictivity,5919,103,0.155682598686277,"[0.17382188272522436, 0.15756748626682737, 0.14633019360546046, 0.1622619211022987, 0.13843150973157411]",,,,,
timm/resnet50.a1_in1k,layer4.0,V6,train,sub-07,linear_predictivity,5919,94,-0.005369727034199349,,"[31622.776601683796, 31622.776601683796, 31622.776601683796, 100000.0, 100000.0]",0.20197516397444693,1.0979005645338629,0.7977865793099149,0.9976091044632269
timm/resnet50.a1_in1k,layer4.0,V6,test,sub-07,linear_predictivity,5919,94,0.02880766220359668,"[0.039527269941650206, 0.02412246467826125, 0.036215541855317036, 0.025658871221810185, 0.018514163320944705]",,,,,
timm/resnet50.a1_in1k,layer4.0,V6A,train,sub-07,linear_predictivity,5919,63,0.05435497976036474,,"[10000.0, 10000.0, 10000.0, 10000.0, 10000.0]",0.5508990313392937,1.0422377886688703,0.4488443156930388,0.9366286937067658
timm/resnet50.a1_in1k,layer4.0,V6A,test,sub-07,linear_predictivity,5919,63,0.11570754859710244,"[0.1090083670534055, 0.1289848165118026, 0.10547937198679087, 0.10536497400682408, 0.12970021342668914]",,,,,
timm/resnet50.a1_in1k,layer4.0,V7,train,sub-07,linear_predictivity,5919,37,0.04208735048459067,,"[31622.776601683796, 10000.0, 10000.0, 10000.0, 10000.0]",0.49293883062203286,1.0531200284461657,0.506288172206467,0.9488491225494526
timm/resnet50.a1_in1k,layer4.0,V7,test,sub-07,linear_predictivity,5919,37,0.09665545145983215,"[0.10977159469888476, 0.10470684520289836, 0.08525013103905534, 0.07917166372023873, 0.10437702263808356]",,,,,
timm/resnet50.a1_in1k,layer4.0,V8,train,sub-07,linear_predictivity,5919,80,0.07869349938582726,,"[10000.0, 10000.0, 10000.0, 10000.0, 10000.0]",0.55542270920724,1.0256919708835677,0.44433183211983973,0.9137916497287296
timm/resnet50.a1_in1k,layer4.0,V8,test,sub-07,linear_predictivity,5919,80,0.19939744905332318,"[0.19890879025933078, 0.20479989818087213, 0.19509825071717907, 0.19911233424775068, 0.19906797186148317]",,,,,
timm/resnet50.a1_in1k,layer4.0,FFC,train,sub-07,linear_predictivity,5919,265,0.12512082622911155,,"[10000.0, 10000.0, 10000.0, 10000.0, 10000.0]",0.5846316704952221,0.9982990835464944,0.415192565046422,0.8697572496121992
timm/resnet50.a1_in1k,layer4.0,FFC,test,sub-07,linear_predictivity,5919,265,0.25114485516928897,"[0.2448405554588625, 0.2481510300559969, 0.25368251164896916, 0.25309282816169415, 0.25595735052092206]",,,,,
timm/resnet50.a1_in1k,layer4.0,PIT,train,sub-07,linear_predictivity,5919,101,0.09819228964974487,,"[10000.0, 10000.0, 10000.0, 10000.0, 10000.0]",0.5655041456641883,1.0123828589526722,0.4342914714828024,0.8961572386123006
timm/resnet50.a1_in1k,layer4.0,PIT,test,sub-07,linear_predictivity,5919,101,0.20701261478478977,"[0.20184955276588307, 0.20961926287636667, 0.1998954395186302, 0.21063745791738048, 0.21306136084568839]",,,,,
timm/resnet50.a1_in1k,layer4.0,IPS1,train,sub-07,linear_predictivity,5919,191,0.0370772935513281,,"[31622.776601683796, 31622.776601683796, 31622.776601683796, 31622.776601683796, 31622.776601683796]",0.2893799692912379,1.0693289353953799,0.7102874687989781,0.9557962309308049
timm/resnet50.a1_in1k,layer4.0,IPS1,test,sub-07,linear_predictivity,5919,191,0.11263148384699369,"[0.12300849944267207, 0.10989243100104548, 0.10878157910528774, 0.11138935685647368, 0.11008555282948944]",,,,,
timm/resnet50.a1_in1k,layer4.0,MST,train,sub-07,linear_predictivity,5919,149,0.10229368451102003,,"[10000.0, 10000.0, 10000.0, 10000.0, 10000.0]",0.5733866078614052,1.0093520219502168,0.42645905755995656,0.8934843472942692
timm/resnet50.a1_in1k,layer4.0,MST,test,sub-07,linear_predictivity,5919,149,0.2260452314581205,"[0.2288231971654159, 0.23429855695788107, 0.22607840274767693, 0.2138448752266742, 0.2271811251929545]",,,,,
timm/resnet50.a1_in1k,layer4.0,MT,train,sub-07,linear_predictivity,5919,100,0.11601807639626607,,"[10000.0, 10000.0, 10000.0, 10000.0, 10000.0]",0.5759117522945418,1.0063237976284554,0.423927897124627,0.8798219426731368
timm/resnet50.a1_in1k,layer4.0,MT,test,sub-07,linear_predictivity,5919,100,0.2316655636397341,"[0.23820428523366707, 0.2413438462722139, 0.2237191703238858, 0.22454686561892118, 0.23051365074998245]",,,,,
timm/resnet50.a1_in1k,layer4.0,FST,train,sub-07,linear_predictivity,5919,167,0.059044992548828786,,"[10000.0, 10000.0, 10000.0, 10000.0, 10000.0]",0.553583703452671,1.0381673154712794,0.4461725098989972,0.9332279299706755
timm/resnet50.a1_in1k,layer4.0,FST,test,sub-07,linear_predictivity,5919,167,0.15651064992745495,"[0.1587265387169569, 0.14532201490927582, 0.15224467271325887, 0.17174096008933257, 0.15451906320845069]",,,,,
timm/resnet50.a1_in1k,layer4.0,LO1,train,sub-07,linear_predictivity,5919,80,0.15963129395542128,,"[10000.0, 10000.0, 10000.0, 10000.0, 10000.0]",0.6071304525649323,0.9497410898964139,0.3925689994419874,0.8297638462566568
timm/resnet50.a1_in1k,layer4.0,LO1,test,sub-07,linear_predictivity,5919,80,0.2840736812566238,"[0.28039593527810147, 0.3114042129697609, 0.2765855918324479, 0.2613073855372994, 0.2906752806655094]",,,,,
timm/resnet50.a1_in1k,layer4.0,LO2,train,sub-07,linear_predictivity,5919,67,0.09168290089781386,,"[10000.0, 10000.0, 10000.0, 10000.0, 10000.0]",0.5618595471785479,1.0115721184858923,0.43787766281759755,0.9012170968480095
timm/resnet50.a1_in1k,layer4.0,LO2,test,sub-07,linear_predictivity,5919,67,0.19660376131941854,"[0.19519186438365096, 0.20202767863294588, 0.196109934979097, 0.18644224563936285, 0.203247082962036]",,,,,
timm/resnet50.a1_in1k,layer4.0,LO3,train,sub-07,linear_predictivity,5919,125,0.21868721443322628,,"[10000.0, 10000.0, 10000.0, 10000.0, 10000.0]",0.6298580409245786,0.9273642810584442,0.369973457019661,0.7764727243012245
timm/resnet50.a1_in1k,layer4.0,LO3,test,sub-07,linear_predictivity,5919,125,0.3307752358914302,"[0.33386643082975, 0.33868246196674695, 0.32301501464957055, 0.31042309166649756, 0.3478891803445861]",,,,,
timm/resnet50.a1_in1k,layer4.0,V7,train,sub-07,linear_predictivity,5919,37,0.04208735048459067,,"[31622.776601683796, 10000.0, 10000.0, 10000.0, 10000.0]",0.49293883062203286,1.0531200284461657,0.506288172206467,0.9488491225494526
timm/resnet50.a1_in1k,layer4.0,V7,test,sub-07,linear_predictivity,5919,37,0.09665545145983215,"[0.10977159469888476, 0.10470684520289836, 0.08525013103905534, 0.07917166372023873, 0.10437702263808356]",,,,,
timm/resnet50.a1_in1k,layer4.0,IP0,train,sub-07,linear_predictivity,5919,73,0.0297368353514738,,"[31622.776601683796, 31622.776601683796, 31622.776601683796, 31622.776601683796, 31622.776601683796]",0.28368787627725855,1.0793943996295803,0.7159605292664564,0.9623951153825254
timm/resnet50.a1_in1k,layer4.0,IP0,test,sub-07,linear_predictivity,5919,73,0.08024486620226486,"[0.08267797458813048, 0.07209650183041408, 0.0763990017235115, 0.0900049582044559, 0.08004589466481235]",,,,,
timm/resnet50.a1_in1k,layer4.0,IP1,train,sub-07,linear_predictivity,5919,94,-0.005648992758252945,,"[100000.0, 100000.0, 316227.7660168379, 316227.7660168379, 10000000.0]",0.055273370059747896,1.128268892085576,0.944512402814094,1.002377176930779
timm/resnet50.a1_in1k,layer4.0,IP1,test,sub-07,linear_predictivity,5919,94,-0.011256612961174906,"[-0.023785550287183228, -0.019502740656059767, -0.008673863436366794, -0.0028399092187162767, -0.0014810012075484674]",,,,,
timm/resnet50.a1_in1k,layer4.0,MIP,train,sub-07,linear_predictivity,5919,71,0.004768066679371505,,"[31622.776601683796, 31622.776601683796, 31622.776601683796, 31622.776601683796, 31622.776601683796]",0.26734867278887864,1.0923897053739906,0.7322616487516259,0.9865137857143628
timm/resnet50.a1_in1k,layer4.0,MIP,test,sub-07,linear_predictivity,5919,71,0.031238798927509026,"[0.03007235669979046, 0.027511220132001378, 0.029620548881386963, 0.037282961204567665, 0.031706907719798685]",,,,,
timm/resnet50.a1_in1k,layer4.0,VIP,train,sub-07,linear_predictivity,5919,91,0.013821942160456945,,"[31622.776601683796, 31622.776601683796, 31622.776601683796, 31622.776601683796, 31622.776601683796]",0.27389186089584827,1.0853730307151523,0.7258295559078676,0.9800058880838666
timm/resnet50.a1_in1k,layer4.0,VIP,test,sub-07,linear_predictivity,5919,91,0.06382933062342368,"[0.07121356603829312, 0.06132979611047687, 0.051117973916714146, 0.06489469561099184, 0.07059062144064242]",,,,,
timm/resnet50.a1_in1k,layer4.0,LIPd,train,sub-07,linear_predictivity,5919,65,-0.00199294740327378,,"[31622.776601683796, 100000.0, 31622.776601683796, 31622.776601683796, 100000.0]",0.19846500435226844,1.1130154977878572,0.8014169955217765,0.9967747696721432
timm/resnet50.a1_in1k,layer4.0,LIPd,test,sub-07,linear_predictivity,5919,65,0.0070921930951335045,"[-0.0014505552182450183, 0.007166825497213398, -0.004953478126539834, 0.017484096344199684, 0.017214076979039296]",,,,,
timm/resnet50.a1_in1k,layer4.0,LIPv,train,sub-07,linear_predictivity,5919,95,0.012971307758037894,,"[31622.776601683796, 31622.776601683796, 31622.776601683796, 31622.776601683796, 31622.776601683796]",0.2736785097674038,1.0888390550690137,0.7259155016238518,0.9782323158109849
timm/resnet50.a1_in1k,layer4.0,LIPv,test,sub-07,linear_predictivity,5919,95,0.06396008644347859,"[0.07105566107330384, 0.07032658982361348, 0.05392559883395852, 0.05769891535284416, 0.06679366713367291]",,,,,
timm/resnet50.a1_in1k,layer4.0,AIP,train,sub-07,linear_predictivity,5919,224,0.007343915270000917,,"[31622.776601683796, 31622.776601683796, 31622.776601683796, 31622.776601683796, 31622.776601683796]",0.2712308402434229,1.0931536787876286,0.7284417907568169,0.9854530712214256
timm/resnet50.a1_in1k,layer4.0,AIP,test,sub-07,linear_predictivity,5919,224,0.03509617748555284,"[0.037803359778521714, 0.03003499984782289, 0.02934805876220676, 0.04078123946653746, 0.0375132295726754]",,,,,
timm/resnet50.a1_in1k,layer4.0,7Pm,train,sub-07,linear_predictivity,5919,5,-0.005819431130129388,,"[316227.7660168379, 100000.0, 316227.7660168379, 100000.0, 316227.7660168379]",0.06497078027828361,1.1306684090582704,0.9347796106009385,1.002186675750709
timm/resnet50.a1_in1k,layer4.0,7Pm,test,sub-07,linear_predictivity,5919,5,0.0010645124711178868,"[0.0014949161620967156, 0.0019004812528364834, 0.00223930536348389, 0.00036445870040764384, -0.0006765991232352997]",,,,,
timm/resnet50.a1_in1k,layer4.0,7PL,train,sub-07,linear_predictivity,5919,40,-0.003041589604479276,,"[100000.0, 31622.776601683796, 31622.776601683796, 31622.776601683796, 31622.776601683796]",0.23303700394645438,1.0975288923757993,0.7663168793667424,0.9935695047446789
timm/resnet50.a1_in1k,layer4.0,7PL,test,sub-07,linear_predictivity,5919,40,0.039524498413438816,"[0.03387780514872585, 0.040350247099260904, 0.04513899171689618, 0.04588671679853129, 0.03236873130377988]",,,,,
timm/resnet50.a1_in1k,layer4.0,7PC,train,sub-07,linear_predictivity,5919,153,0.02949145699183738,,"[31622.776601683796, 31622.776601683796, 31622.776601683796, 31622.776601683796, 31622.776601683796]",0.29075160531921757,1.064599575389491,0.7088392799276371,0.9619983597379951
timm/resnet50.a1_in1k,layer4.0,7PC,test,sub-07,linear_predictivity,5919,153,0.10884630466543717,"[0.10943482225867833, 0.11097147106276335, 0.09634857017774746, 0.1049861145360274, 0.12249054529196926]",,,,,
timm/resnet50.a1_in1k,layer4.0,7Am,train,sub-07,linear_predictivity,5919,78,-0.004543095830247234,,"[100000.0, 31622.776601683796, 100000.0, 100000.0, 100000.0]",0.13713641927743017,1.1145014082726155,0.8621201863654179,0.996266422643194
timm/resnet50.a1_in1k,layer4.0,7Am,test,sub-07,linear_predictivity,5919,78,0.02805556161541236,"[0.027358064483529915, 0.028513584134421562, 0.027993523534677642, 0.030257482477738337, 0.026155153446694345]",,,,,
timm/resnet50.a1_in1k,layer4.0,7AL,train,sub-07,linear_predictivity,5919,64,-0.005236274911131026,,"[100000.0, 100000.0, 100000.0, 100000.0, 100000.0]",0.10692905433558386,1.10829088789199,0.892601751267177,0.997435354063885
timm/resnet50.a1_in1k,layer4.0,7AL,test,sub-07,linear_predictivity,5919,64,0.02612858495343718,"[0.027173179978243187, 0.022331880398310827, 0.02388240902128478, 0.02995222369834099, 0.027303231671006095]",,,,,
timm/resnet50.a1_in1k,layer4.0,VVC,train,sub-07,linear_predictivity,5919,157,0.04239855419868891,,"[31622.776601683796, 31622.776601683796, 31622.776601683796, 31622.776601683796, 31622.776601683796]",0.296298669002503,1.0654279405107787,0.7034139039234522,0.9512870757471884
timm/resnet50.a1_in1k,layer4.0,VVC,test,sub-07,linear_predictivity,5919,157,0.11898140938738574,"[0.12001004171202517, 0.1206013758410477, 0.12128900584100505, 0.11226450686833817, 0.12074211667451272]",,,,,
timm/resnet50.a1_in1k,layer4.0,VMV2,train,sub-07,linear_predictivity,5919,66,0.08152698600297638,,"[10000.0, 31622.776601683796, 10000.0, 31622.776601683796, 31622.776601683796]",0.41397019444040783,1.0382662653183883,0.5862589084059858,0.9133293603025517
timm/resnet50.a1_in1k,layer4.0,VMV2,test,sub-07,linear_predictivity,5919,66,0.2253914332375085,"[0.2466510542573637, 0.22098721758600973, 0.22963219330413262, 0.21104666755460885, 0.2186400334854274]",,,,,
timm/resnet50.a1_in1k,layer4.0,VMV3,train,sub-07,linear_predictivity,5919,82,0.07378428657528997,,"[10000.0, 10000.0, 10000.0, 31622.776601683796, 10000.0]",0.513947340630609,1.0297586467152988,0.48492254420334957,0.9186224099196215
timm/resnet50.a1_in1k,layer4.0,VMV3,test,sub-07,linear_predictivity,5919,82,0.24601000692514136,"[0.2659388780931721, 0.2573325224511132, 0.2506668467559503, 0.20991930940090087, 0.24619247792457036]",,,,,
timm/resnet50.a1_in1k,layer4.0,VMV1,train,sub-07,linear_predictivity,5919,27,0.023542549559779843,,"[31622.776601683796, 31622.776601683796, 31622.776601683796, 31622.776601683796, 31622.776601683796]",0.2760222599343044,1.0955518921619718,0.7237862467095543,0.9725642319169371
timm/resnet50.a1_in1k,layer4.0,VMV1,test,sub-07,linear_predictivity,5919,27,0.07064102814926057,"[0.07875846645587424, 0.06902530490675182, 0.07412575140268861, 0.06513624078207736, 0.06615937719891081]",,,,,
timm/resnet50.a1_in1k,layer4.0,PHA2,train,sub-07,linear_predictivity,5919,55,0.01586200830839372,,"[31622.776601683796, 31622.776601683796, 31622.776601683796, 31622.776601683796, 31622.776601683796]",0.2763878301592248,1.090335028574663,0.7232535896320637,0.9759218827156564
timm/resnet50.a1_in1k,layer4.0,PHA2,test,sub-07,linear_predictivity,5919,55,0.1011538229256026,"[0.10721162869295203, 0.10315825987253113, 0.10247270961778873, 0.10254627011476497, 0.09038024632997613]",,,,,
timm/resnet50.a1_in1k,layer4.0,PHA3,train,sub-07,linear_predictivity,5919,149,0.04594713492632178,,"[31622.776601683796, 31622.776601683796, 31622.776601683796, 31622.776601683796, 31622.776601683796]",0.300152962178512,1.0592507279835224,0.6995081824480196,0.9461823162090935
timm/resnet50.a1_in1k,layer4.0,PHA3,test,sub-07,linear_predictivity,5919,149,0.14879537469377455,"[0.1654125004173292, 0.14766072288889462, 0.14708190517922534, 0.14288100054819086, 0.1409407444352327]",,,,,
timm/resnet50.a1_in1k,layer4.0,PH,train,sub-07,linear_predictivity,5919,304,0.04790799986185707,,"[31622.776601683796, 31622.776601683796, 31622.776601683796, 31622.776601683796, 31622.776601683796]",0.3002927339732113,1.054026584445674,0.6993864266349579,0.945371597910589
timm/resnet50.a1_in1k,layer4.0,PH,test,sub-07,linear_predictivity,5919,304,0.11635640645695844,"[0.115849079675941, 0.1111240544845196, 0.11294530849691856, 0.12130524497613807, 0.12055834465127502]",,,,,
timm/resnet50.a1_in1k,layer4.1,V1,train,sub-07,linear_predictivity,5919,420,0.053926270359667405,,"[31622.776601683796, 31622.776601683796, 31622.776601683796, 31622.776601683796, 31622.776601683796]",0.2997128091797704,1.0571496154462487,0.7000693896983476,0.9416768834537755
timm/resnet50.a1_in1k,layer4.1,V1,test,sub-07,linear_predictivity,5919,420,0.08844026216471665,"[0.08977072106458753, 0.09532250270064063, 0.088938677070805, 0.0812129501965966, 0.0869564597909535]",,,,,
timm/resnet50.a1_in1k,layer4.1,V2,train,sub-07,linear_predictivity,5919,470,0.045872669923365444,,"[31622.776601683796, 31622.776601683796, 31622.776601683796, 31622.776601683796, 31622.776601683796]",0.2946414646411815,1.061637045750475,0.7051276383249712,0.9493152285094337
timm/resnet50.a1_in1k,layer4.1,V2,test,sub-07,linear_predictivity,5919,470,0.09876052420810341,"[0.10343636087093584, 0.10414212369959178, 0.10560729202876241, 0.09107949742134022, 0.08953734701988683]",,,,,
timm/resnet50.a1_in1k,layer4.1,V3,train,sub-07,linear_predictivity,5919,348,0.03475655600035991,,"[31622.776601683796, 31622.776601683796, 31622.776601683796, 31622.776601683796, 31622.776601683796]",0.2866964966099169,1.07022265452624,0.7130195084059127,0.9593876935059609
timm/resnet50.a1_in1k,layer4.1,V3,test,sub-07,linear_predictivity,5919,348,0.10919571236183337,"[0.11654031224675365, 0.10966138680692851, 0.11383548657678552, 0.0982293754708963, 0.10771200070780283]",,,,,
timm/resnet50.a1_in1k,layer4.1,V4,train,sub-07,linear_predictivity,5919,451,0.06785722731869631,,"[31622.776601683796, 10000.0, 10000.0, 10000.0, 10000.0]",0.5044618412704638,1.037590609163619,0.4950729764538561,0.9250653014746864
timm/resnet50.a1_in1k,layer4.1,V4,test,sub-07,linear_predictivity,5919,451,0.18779565813577878,"[0.18580368365754524, 0.19365075680847765, 0.18355556047075752, 0.17535128379665108, 0.2006170059454624]",,,,,
timm/resnet50.a1_in1k,layer4.1,V3A,train,sub-07,linear_predictivity,5919,55,0.044789693305039575,,"[31622.776601683796, 10000.0, 31622.776601683796, 10000.0, 10000.0]",0.44188483003778944,1.0574531472541886,0.5574430821215135,0.9486528107526064
timm/resnet50.a1_in1k,layer4.1,V3A,test,sub-07,linear_predictivity,5919,55,0.11378372442480833,"[0.1340481997095225, 0.11270879853815369, 0.1331481913714331, 0.08731137113225006, 0.10170206137268226]",,,,,
timm/resnet50.a1_in1k,layer4.1,V3B,train,sub-07,linear_predictivity,5919,103,0.07525391987036414,,"[31622.776601683796, 31622.776601683796, 10000.0, 10000.0, 10000.0]",0.4525004816731135,1.0435187458449966,0.5478116456823188,0.9186181746604557
timm/resnet50.a1_in1k,layer4.1,V3B,test,sub-07,linear_predictivity,5919,103,0.17707140400886617,"[0.19039479231260298, 0.1793564558739998, 0.1664121007408184, 0.18491523339280452, 0.16427843772410514]",,,,,
timm/resnet50.a1_in1k,layer4.1,V6,train,sub-07,linear_predictivity,5919,94,0.00040849524559247635,,"[31622.776601683796, 31622.776601683796, 31622.776601683796, 31622.776601683796, 31622.776601683796]",0.2673150806851803,1.1097794834433035,0.7323282955786843,0.991778752301285
timm/resnet50.a1_in1k,layer4.1,V6,test,sub-07,linear_predictivity,5919,94,0.042825026444900445,"[0.039793802085254945, 0.03784021831767473, 0.058069624116479146, 0.04248618142230661, 0.03593530628278679]",,,,,
timm/resnet50.a1_in1k,layer4.1,V6A,train,sub-07,linear_predictivity,5919,63,0.07424692768572926,,"[10000.0, 10000.0, 10000.0, 10000.0, 10000.0]",0.5570936309104851,1.032987113296193,0.44265229354470703,0.9170568107598054
timm/resnet50.a1_in1k,layer4.1,V6A,test,sub-07,linear_predictivity,5919,63,0.1386067244044204,"[0.1310641401322568, 0.1400567594389924, 0.13296267607452505, 0.1367244750810475, 0.15222557129528033]",,,,,
timm/resnet50.a1_in1k,layer4.1,V7,train,sub-07,linear_predictivity,5919,37,0.056258212708201936,,"[31622.776601683796, 10000.0, 10000.0, 10000.0, 10000.0]",0.49989494262852274,1.0430924315032077,0.499342443726979,0.9345515412681153
timm/resnet50.a1_in1k,layer4.1,V7,test,sub-07,linear_predictivity,5919,37,0.12080523199454551,"[0.13136571138381234, 0.11010115750922024, 0.10569828304046333, 0.11329595524091375, 0.14356505279831788]",,,,,
timm/resnet50.a1_in1k,layer4.1,V8,train,sub-07,linear_predictivity,5919,80,0.07986685979830821,,"[31622.776601683796, 31622.776601683796, 10000.0, 10000.0, 10000.0]",0.46359946022512605,1.0286758381052603,0.5360520306598998,0.9128996741114295
timm/resnet50.a1_in1k,layer4.1,V8,test,sub-07,linear_predictivity,5919,80,0.216179200748644,"[0.21226960050726942, 0.20467092566898537, 0.2140350539738823, 0.2200107370663567, 0.2299096865267262]",,,,,
timm/resnet50.a1_in1k,layer4.1,FFC,train,sub-07,linear_predictivity,5919,265,0.13524153540364361,,"[10000.0, 10000.0, 10000.0, 10000.0, 10000.0]",0.5885753681358359,0.9966640114032648,0.41124775254239515,0.8595608930111862
timm/resnet50.a1_in1k,layer4.1,FFC,test,sub-07,linear_predictivity,5919,265,0.28066200878286907,"[0.2784452658438692, 0.2715844024119711, 0.2783216891287823, 0.2843301946562465, 0.2906284918734762]",,,,,
timm/resnet50.a1_in1k,layer4.1,PIT,train,sub-07,linear_predictivity,5919,101,0.10671254321053336,,"[10000.0, 10000.0, 10000.0, 10000.0, 10000.0]",0.5726713729490683,1.008559681300246,0.4270755241362312,0.8863835660590128
timm/resnet50.a1_in1k,layer4.1,PIT,test,sub-07,linear_predictivity,5919,101,0.24783119063328538,"[0.2464818588723006, 0.23415401860692034, 0.2329294634137697, 0.25122028770549937, 0.27437032456793703]",,,,,
timm/resnet50.a1_in1k,layer4.1,IPS1,train,sub-07,linear_predictivity,5919,191,0.04102081002314559,,"[31622.776601683796, 31622.776601683796, 31622.776601683796, 31622.776601683796, 31622.776601683796]",0.2910889133557793,1.0662276204853995,0.7085602588706426,0.9516978377939063
timm/resnet50.a1_in1k,layer4.1,IPS1,test,sub-07,linear_predictivity,5919,191,0.13365204224761082,"[0.1408962497795976, 0.12750819720311823, 0.12940533484220676, 0.13687287186418262, 0.13357755754894893]",,,,,
timm/resnet50.a1_in1k,layer4.1,MST,train,sub-07,linear_predictivity,5919,149,0.14098739474181005,,"[10000.0, 10000.0, 10000.0, 10000.0, 10000.0]",0.590450149981206,0.9933104178168909,0.40937553745030336,0.8542230268347989
timm/resnet50.a1_in1k,layer4.1,MST,test,sub-07,linear_predictivity,5919,149,0.2693533097850863,"[0.2751400189979149, 0.2706083956050409, 0.2652678947987497, 0.2589405870256554, 0.27680965249807077]",,,,,
timm/resnet50.a1_in1k,layer4.1,MT,train,sub-07,linear_predictivity,5919,100,0.1473135062754024,,"[10000.0, 10000.0, 10000.0, 10000.0, 10000.0]",0.5899254739473389,0.9884722912446007,0.40988410703043965,0.8476499017896266
timm/resnet50.a1_in1k,layer4.1,MT,test,sub-07,linear_predictivity,5919,100,0.2751818260425468,"[0.28428219837723234, 0.2774777291275864, 0.2663542488050374, 0.2624773699288758, 0.285317583974002]",,,,,
timm/resnet50.a1_in1k,layer4.1,FST,train,sub-07,linear_predictivity,5919,167,0.0803458734739213,,"[10000.0, 10000.0, 10000.0, 10000.0, 10000.0]",0.5628548779212865,1.0287159644246722,0.43688374851557776,0.9115368420340353
timm/resnet50.a1_in1k,layer4.1,FST,test,sub-07,linear_predictivity,5919,167,0.1760648222270705,"[0.17853312698000262, 0.16268002570761203, 0.1704470067589377, 0.19216557655937022, 0.17649837512943004]",,,,,
timm/resnet50.a1_in1k,layer4.1,LO1,train,sub-07,linear_predictivity,5919,80,0.18318316104562093,,"[10000.0, 10000.0, 10000.0, 10000.0, 10000.0]",0.6173525803985461,0.9481690826485225,0.3823254974290772,0.8056943968145666
timm/resnet50.a1_in1k,layer4.1,LO1,test,sub-07,linear_predictivity,5919,80,0.3159582466980096,"[0.3085254704402501, 0.3186718777009404, 0.31187237633688286, 0.30268586335894854, 0.33803564565302574]",,,,,
timm/resnet50.a1_in1k,layer4.1,LO2,train,sub-07,linear_predictivity,5919,67,0.0994581904317432,,"[10000.0, 10000.0, 10000.0, 10000.0, 10000.0]",0.5685594757356942,1.0100582195309578,0.431120785857715,0.8919147312221405
timm/resnet50.a1_in1k,layer4.1,LO2,test,sub-07,linear_predictivity,5919,67,0.23567814867955006,"[0.23732258546782972, 0.223755340821383, 0.22423377555548585, 0.2266514818415539, 0.26642755971149773]",,,,,
timm/resnet50.a1_in1k,layer4.1,LO3,train,sub-07,linear_predictivity,5919,125,0.24940944850005475,,"[10000.0, 10000.0, 10000.0, 10000.0, 10000.0]",0.643346896714819,0.9128790213590227,0.3564875562764939,0.7456780401618219
timm/resnet50.a1_in1k,layer4.1,LO3,test,sub-07,linear_predictivity,5919,125,0.3693612479250197,"[0.37162522737069403, 0.36918732565595724, 0.3655619630285115, 0.3504192476468725, 0.39001247592306315]",,,,,
timm/resnet50.a1_in1k,layer4.1,V7,train,sub-07,linear_predictivity,5919,37,0.056258212708201936,,"[31622.776601683796, 10000.0, 10000.0, 10000.0, 10000.0]",0.49989494262852274,1.0430924315032077,0.499342443726979,0.9345515412681153
timm/resnet50.a1_in1k,layer4.1,V7,test,sub-07,linear_predictivity,5919,37,0.12080523199454551,"[0.13136571138381234, 0.11010115750922024, 0.10569828304046333, 0.11329595524091375, 0.14356505279831788]",,,,,
timm/resnet50.a1_in1k,layer4.1,IP0,train,sub-07,linear_predictivity,5919,73,0.033726394607703554,,"[31622.776601683796, 31622.776601683796, 31622.776601683796, 31622.776601683796, 31622.776601683796]",0.28548684610475056,1.078296230699781,0.7141606295566271,0.9585117018847686
timm/resnet50.a1_in1k,layer4.1,IP0,test,sub-07,linear_predictivity,5919,73,0.09705595156245864,"[0.09484692920265973, 0.0885088388615227, 0.0953632178616823, 0.10515484055859882, 0.10140593132782962]",,,,,
timm/resnet50.a1_in1k,layer4.1,IP1,train,sub-07,linear_predictivity,5919,94,-0.003999858442240832,,"[100000.0, 100000.0, 316227.7660168379, 316227.7660168379, 316227.7660168379]",0.06235475749579487,1.1212896764562283,0.9374532358137451,1.0007226852417273
timm/resnet50.a1_in1k,layer4.1,IP1,test,sub-07,linear_predictivity,5919,94,-0.007098860071897757,"[-0.017674308870789777, -0.011907373186233496, -0.005673541697807819, -0.001124154956554957, 0.0008850783518972597]",,,,,
timm/resnet50.a1_in1k,layer4.1,MIP,train,sub-07,linear_predictivity,5919,71,0.007709447024406338,,"[31622.776601683796, 31622.776601683796, 31622.776601683796, 31622.776601683796, 31622.776601683796]",0.267793628293555,1.0995656406953032,0.7318052590569224,0.9835290489147015
timm/resnet50.a1_in1k,layer4.1,MIP,test,sub-07,linear_predictivity,5919,71,0.03266172597139555,"[0.035151156330203215, 0.02525778992287151, 0.03085985140725243, 0.039795277978818835, 0.03224455421783177]",,,,,
timm/resnet50.a1_in1k,layer4.1,VIP,train,sub-07,linear_predictivity,5919,91,0.02123266156265438,,"[31622.776601683796, 31622.776601683796, 31622.776601683796, 31622.776601683796, 31622.776601683796]",0.2773495604602762,1.0832298162006968,0.7223750006166899,0.972649902214382
timm/resnet50.a1_in1k,layer4.1,VIP,test,sub-07,linear_predictivity,5919,91,0.05359756163502362,"[0.055942250845549345, 0.050532505002770754, 0.0417801736529245, 0.05659234767189608, 0.06314053100197738]",,,,,
timm/resnet50.a1_in1k,layer4.1,LIPd,train,sub-07,linear_predictivity,5919,65,-0.000813102172475882,,"[31622.776601683796, 100000.0, 31622.776601683796, 100000.0, 31622.776601683796]",0.19895973045889756,1.1163360598577539,0.8008038204719379,0.9956158940123118
timm/resnet50.a1_in1k,layer4.1,LIPd,test,sub-07,linear_predictivity,5919,65,0.016599958941884634,"[0.0032876921944439263, 0.009493927787110003, 0.01435393897067792, 0.02803657061725952, 0.027827665139931804]",,,,,
timm/resnet50.a1_in1k,layer4.1,LIPv,train,sub-07,linear_predictivity,5919,95,0.02128164695857627,,"[31622.776601683796, 31622.776601683796, 31622.776601683796, 31622.776601683796, 31622.776601683796]",0.2782609410606883,1.0860400192437925,0.721329080848628,0.9699605162924932
timm/resnet50.a1_in1k,layer4.1,LIPv,test,sub-07,linear_predictivity,5919,95,0.06929632861460475,"[0.07885228979126775, 0.062335595456805476, 0.06037673178671793, 0.06818699789613662, 0.07673002814209591]",,,,,
timm/resnet50.a1_in1k,layer4.1,AIP,train,sub-07,linear_predictivity,5919,224,0.012822158051536659,,"[31622.776601683796, 31622.776601683796, 31622.776601683796, 31622.776601683796, 31622.776601683796]",0.27425319950429083,1.089802021937297,0.7254102491286304,0.9798834368315887
timm/resnet50.a1_in1k,layer4.1,AIP,test,sub-07,linear_predictivity,5919,224,0.03847745113729687,"[0.040241220381668275, 0.03390070074481734, 0.036133292014328536, 0.045326131549225095, 0.03678591099644511]",,,,,
timm/resnet50.a1_in1k,layer4.1,7Pm,train,sub-07,linear_predictivity,5919,5,-0.005313471869454572,,"[316227.7660168379, 316227.7660168379, 316227.7660168379, 100000.0, 100000.0]",0.06394687899413581,1.1390218901083813,0.9359767536022023,1.0017116437744882
timm/resnet50.a1_in1k,layer4.1,7Pm,test,sub-07,linear_predictivity,5919,5,0.0011182128794335932,"[0.0001549493267387847, 0.002892580054754723, 0.0031228932213684724, 0.004052939519959597, -0.0046322977256536115]",,,,,
timm/resnet50.a1_in1k,layer4.1,7PL,train,sub-07,linear_predictivity,5919,40,0.0033414996938387733,,"[31622.776601683796, 31622.776601683796, 31622.776601683796, 31622.776601683796, 31622.776601683796]",0.2654576148242555,1.0989867702287497,0.7340983428359581,0.9869681771352656
timm/resnet50.a1_in1k,layer4.1,7PL,test,sub-07,linear_predictivity,5919,40,0.03476447957110304,"[0.02941542222124748, 0.03743641809842562, 0.04088052442008439, 0.03798010918436044, 0.028109923931397253]",,,,,
timm/resnet50.a1_in1k,layer4.1,7PC,train,sub-07,linear_predictivity,5919,153,0.03758921147123021,,"[31622.776601683796, 31622.776601683796, 10000.0, 31622.776601683796, 10000.0]",0.3963494697995672,1.0566357874564016,0.6023500940041904,0.9534338515306267
timm/resnet50.a1_in1k,layer4.1,7PC,test,sub-07,linear_predictivity,5919,153,0.09933605961678045,"[0.11381976074450172, 0.10441515856162602, 0.06382485604539591, 0.10915003897696096, 0.1054704837554176]",,,,,
timm/resnet50.a1_in1k,layer4.1,7Am,train,sub-07,linear_predictivity,5919,78,0.0034380198404800086,,"[31622.776601683796, 31622.776601683796, 31622.776601683796, 31622.776601683796, 31622.776601683796]",0.26232234644424607,1.1018957477383053,0.7372958321943384,0.988332968747833
timm/resnet50.a1_in1k,layer4.1,7Am,test,sub-07,linear_predictivity,5919,78,0.027306350451281592,"[0.019919426632416713, 0.030957821365918348, 0.02897570413564241, 0.02730424657901129, 0.029374553543419193]",,,,,
timm/resnet50.a1_in1k,layer4.1,7AL,train,sub-07,linear_predictivity,5919,64,0.0011718818450182904,,"[31622.776601683796, 31622.776601683796, 31622.776601683796, 31622.776601683796, 31622.776601683796]",0.26550514998258506,1.0985447216584863,0.7340784658447734,0.9908173640677512
timm/resnet50.a1_in1k,layer4.1,7AL,test,sub-07,linear_predictivity,5919,64,0.014734553529881306,"[0.012142118359562715, 0.004316991514293595, 0.01081827492571784, 0.021856752432055905, 0.024538630417776472]",,,,,
timm/resnet50.a1_in1k,layer4.1,VVC,train,sub-07,linear_predictivity,5919,157,0.05017440511463318,,"[31622.776601683796, 31622.776601683796, 31622.776601683796, 31622.776601683796, 31622.776601683796]",0.30186167761591065,1.0587574381846128,0.6978420541920809,0.9434248291367247
timm/resnet50.a1_in1k,layer4.1,VVC,test,sub-07,linear_predictivity,5919,157,0.13463767668781698,"[0.13679328721905798, 0.129348704729404, 0.13816153425855682, 0.13037784936052743, 0.1385070078715387]",,,,,
timm/resnet50.a1_in1k,layer4.1,VMV2,train,sub-07,linear_predictivity,5919,66,0.08297617387643602,,"[10000.0, 10000.0, 10000.0, 31622.776601683796, 31622.776601683796]",0.46228021785781265,1.029063412756231,0.538030295531325,0.911806042418292
timm/resnet50.a1_in1k,layer4.1,VMV2,test,sub-07,linear_predictivity,5919,66,0.23709180405622104,"[0.25294279326593294, 0.23911490177050998, 0.23523214352560656, 0.2212619865386521, 0.23690719518040382]",,,,,
timm/resnet50.a1_in1k,layer4.1,VMV3,train,sub-07,linear_predictivity,5919,82,0.08419251523372728,,"[10000.0, 10000.0, 10000.0, 10000.0, 10000.0]",0.5649231558892143,1.018782362515166,0.43480161226697867,0.9071998705512051
timm/resnet50.a1_in1k,layer4.1,VMV3,test,sub-07,linear_predictivity,5919,82,0.2786932462398003,"[0.29253015093721657, 0.28140725521663723, 0.28403451641736316, 0.2550256676706989, 0.28046864095708546]",,,,,
timm/resnet50.a1_in1k,layer4.1,VMV1,train,sub-07,linear_predictivity,5919,27,0.021934530411956248,,"[31622.776601683796, 31622.776601683796, 31622.776601683796, 31622.776601683796, 31622.776601683796]",0.2758139093051046,1.0914172846006112,0.7240028985210389,0.9742014885979096
timm/resnet50.a1_in1k,layer4.1,VMV1,test,sub-07,linear_predictivity,5919,27,0.08235878788859755,"[0.08753740607088646, 0.08334438466146656, 0.08871856935171708, 0.07103232030713535, 0.08116125905178226]",,,,,
timm/resnet50.a1_in1k,layer4.1,PHA2,train,sub-07,linear_predictivity,5919,55,0.02349004148052724,,"[31622.776601683796, 31622.776601683796, 31622.776601683796, 31622.776601683796, 31622.776601683796]",0.2825919023010086,1.0747404227833433,0.7170365170219563,0.9682245400484423
timm/resnet50.a1_in1k,layer4.1,PHA2,test,sub-07,linear_predictivity,5919,55,0.12207264921294969,"[0.13041203750307587, 0.11941168472251529, 0.12791997618016374, 0.11726012253564433, 0.11535942512334926]",,,,,
timm/resnet50.a1_in1k,layer4.1,PHA3,train,sub-07,linear_predictivity,5919,149,0.05133161221836171,,"[10000.0, 31622.776601683796, 31622.776601683796, 31622.776601683796, 31622.776601683796]",0.3539839949275823,1.0493866826166307,0.646023611952818,0.9407550158774077
timm/resnet50.a1_in1k,layer4.1,PHA3,test,sub-07,linear_predictivity,5919,149,0.1697509737029002,"[0.1964047030430614, 0.16356758199001, 0.16843108981797497, 0.15749502475524052, 0.16285646890821415]",,,,,
timm/resnet50.a1_in1k,layer4.1,PH,train,sub-07,linear_predictivity,5919,304,0.05563743276200206,,"[31622.776601683796, 31622.776601683796, 31622.776601683796, 31622.776601683796, 10000.0]",0.35524386869334057,1.0460645332733982,0.6431809775576293,0.9369995937285551
timm/resnet50.a1_in1k,layer4.1,PH,test,sub-07,linear_predictivity,5919,304,0.1247057210827204,"[0.13192247832602866, 0.12418034926257526, 0.13028913671984932, 0.13634632944361383, 0.10079031166153492]",,,,,
timm/resnet50.a1_in1k,layer4.2,V1,train,sub-07,linear_predictivity,5919,420,0.04777369386967021,,"[31622.776601683796, 31622.776601683796, 31622.776601683796, 31622.776601683796, 31622.776601683796]",0.2957603026591737,1.0623668709446943,0.7040203116587125,0.9477653768879895
timm/resnet50.a1_in1k,layer4.2,V1,test,sub-07,linear_predictivity,5919,420,0.06043435512498484,"[0.06002944959556264, 0.06813843556111043, 0.06362305208568331, 0.053479594577052564, 0.05690124380551524]",,,,,
timm/resnet50.a1_in1k,layer4.2,V2,train,sub-07,linear_predictivity,5919,470,0.04067904450704547,,"[31622.776601683796, 31622.776601683796, 31622.776601683796, 31622.776601683796, 31622.776601683796]",0.29112726894101115,1.0692156616832544,0.7086395191077838,0.9545055739007392
timm/resnet50.a1_in1k,layer4.2,V2,test,sub-07,linear_predictivity,5919,470,0.08371489868576958,"[0.08567972460219324, 0.08982965471013447, 0.09650995696208717, 0.07339568289607612, 0.0731594742583569]",,,,,
timm/resnet50.a1_in1k,layer4.2,V3,train,sub-07,linear_predictivity,5919,348,0.033555260201880974,,"[31622.776601683796, 31622.776601683796, 31622.776601683796, 31622.776601683796, 31622.776601683796]",0.2855093527934634,1.0745322280971066,0.7142036755119368,0.9605616326995989
timm/resnet50.a1_in1k,layer4.2,V3,test,sub-07,linear_predictivity,5919,348,0.09390287143262659,"[0.09956625366494147, 0.09440398864152065, 0.10328826211719684, 0.08352444746015776, 0.08873140527931625]",,,,,
timm/resnet50.a1_in1k,layer4.2,V4,train,sub-07,linear_predictivity,5919,451,0.06392091905652686,,"[31622.776601683796, 10000.0, 10000.0, 10000.0, 10000.0]",0.5012272329315424,1.0441762931121958,0.4982993063869886,0.9289059009114549
timm/resnet50.a1_in1k,layer4.2,V4,test,sub-07,linear_predictivity,5919,451,0.17807708394874266,"[0.17353101453480935, 0.17856130008268334, 0.17429794657482892, 0.17773287181731384, 0.186262286734078]",,,,,
timm/resnet50.a1_in1k,layer4.2,V3A,train,sub-07,linear_predictivity,5919,55,0.03854154862074099,,"[31622.776601683796, 31622.776601683796, 10000.0, 10000.0, 10000.0]",0.4387781045508891,1.0665535248601696,0.5616920010665342,0.9551549076001793
timm/resnet50.a1_in1k,layer4.2,V3A,test,sub-07,linear_predictivity,5919,55,0.12183192689209296,"[0.1273623552969852, 0.1253809403046366, 0.12482942983776693, 0.11727794459679057, 0.1143089644242856]",,,,,
timm/resnet50.a1_in1k,layer4.2,V3B,train,sub-07,linear_predictivity,5919,103,0.0661225101015911,,"[31622.776601683796, 31622.776601683796, 31622.776601683796, 10000.0, 31622.776601683796]",0.3530938093389542,1.0565269673314115,0.6466829333765175,0.9276047751701377
timm/resnet50.a1_in1k,layer4.2,V3B,test,sub-07,linear_predictivity,5919,103,0.17351271748065134,"[0.17781752467681908, 0.1646280336575974, 0.16977234481796943, 0.1863382075937698, 0.16900747665710095]",,,,,
timm/resnet50.a1_in1k,layer4.2,V6,train,sub-07,linear_predictivity,5919,94,0.0023096075733414602,,"[31622.776601683796, 31622.776601683796, 31622.776601683796, 31622.776601683796, 31622.776601683796]",0.2700987824873352,1.1113517559660206,0.729539524809501,0.989785558580631
timm/resnet50.a1_in1k,layer4.2,V6,test,sub-07,linear_predictivity,5919,94,0.03329226522267909,"[0.024440785986836872, 0.035807771960165526, 0.05431058015083364, 0.025273597240585508, 0.026628590774973898]",,,,,
timm/resnet50.a1_in1k,layer4.2,V6A,train,sub-07,linear_predictivity,5919,63,0.05844157561875501,,"[10000.0, 10000.0, 10000.0, 31622.776601683796, 10000.0]",0.5022474825933083,1.045581520734108,0.4975226195228961,0.9329178276063935
timm/resnet50.a1_in1k,layer4.2,V6A,test,sub-07,linear_predictivity,5919,63,0.12045437997095376,"[0.10912860383295589, 0.12316314822051282, 0.10849808116631285, 0.1279403798400194, 0.13354168679496795]",,,,,
timm/resnet50.a1_in1k,layer4.2,V7,train,sub-07,linear_predictivity,5919,37,0.04372808936971191,,"[31622.776601683796, 10000.0, 10000.0, 31622.776601683796, 10000.0]",0.44734306982515176,1.0522819378049295,0.5514750095878613,0.9471787553656579
timm/resnet50.a1_in1k,layer4.2,V7,test,sub-07,linear_predictivity,5919,37,0.11886054208626178,"[0.12092029641473834, 0.10521211963952719, 0.1015830407989257, 0.12178423755231635, 0.14480301602580123]",,,,,
timm/resnet50.a1_in1k,layer4.2,V8,train,sub-07,linear_predictivity,5919,80,0.07434558913640699,,"[31622.776601683796, 31622.776601683796, 31622.776601683796, 10000.0, 10000.0]",0.4113732690092148,1.0421130864386074,0.5878038581369693,0.9184555574462504
timm/resnet50.a1_in1k,layer4.2,V8,test,sub-07,linear_predictivity,5919,80,0.20097478124523435,"[0.20141552061691342, 0.18997574399162503, 0.1958097021613288, 0.20755234090122182, 0.21012059855508278]",,,,,
timm/resnet50.a1_in1k,layer4.2,FFC,train,sub-07,linear_predictivity,5919,265,0.1311332557565215,,"[10000.0, 10000.0, 10000.0, 10000.0, 10000.0]",0.5866751891803087,1.001441966439337,0.4131521365185365,0.8636313178289775
timm/resnet50.a1_in1k,layer4.2,FFC,test,sub-07,linear_predictivity,5919,265,0.25938729636893393,"[0.2583503126310332, 0.24702659969586693, 0.2508202085644585, 0.2691171283349322, 0.2716222326183789]",,,,,
timm/resnet50.a1_in1k,layer4.2,PIT,train,sub-07,linear_predictivity,5919,101,0.09719781355540384,,"[10000.0, 10000.0, 10000.0, 10000.0, 10000.0]",0.5677864169669455,1.0165477331123394,0.43194614684028637,0.8957242025510668
timm/resnet50.a1_in1k,layer4.2,PIT,test,sub-07,linear_predictivity,5919,101,0.232147026288349,"[0.23049716258916858, 0.22295003045668474, 0.21512907438351203, 0.24196935981455478, 0.2501895041978246]",,,,,
timm/resnet50.a1_in1k,layer4.2,IPS1,train,sub-07,linear_predictivity,5919,191,0.03145539615907921,,"[31622.776601683796, 31622.776601683796, 31622.776601683796, 31622.776601683796, 31622.776601683796]",0.28678264538700293,1.0779870055838867,0.7128573453113611,0.9609716466966265
timm/resnet50.a1_in1k,layer4.2,IPS1,test,sub-07,linear_predictivity,5919,191,0.11567775077320272,"[0.12638713798901982, 0.1013199128727823, 0.11306483170995837, 0.12095060603282885, 0.1166662652614243]",,,,,
timm/resnet50.a1_in1k,layer4.2,MST,train,sub-07,linear_predictivity,5919,149,0.1383728110954026,,"[10000.0, 10000.0, 10000.0, 10000.0, 10000.0]",0.5905114358339355,0.9926323272426135,0.4092939714129102,0.8564861639909646
timm/resnet50.a1_in1k,layer4.2,MST,test,sub-07,linear_predictivity,5919,149,0.24129619340627836,"[0.24110272679475211, 0.2487204375423771, 0.22692852690723797, 0.23812659778113568, 0.251602678005889]",,,,,
timm/resnet50.a1_in1k,layer4.2,MT,train,sub-07,linear_predictivity,5919,100,0.14554222167794112,,"[10000.0, 10000.0, 10000.0, 10000.0, 10000.0]",0.5896134424732586,0.9829610310398799,0.41018024714067713,0.8493001043470574
timm/resnet50.a1_in1k,layer4.2,MT,test,sub-07,linear_predictivity,5919,100,0.24730033962420958,"[0.24632204711819533, 0.2520989492585998, 0.2362801324912692, 0.24290585816742932, 0.2588947110855542]",,,,,
timm/resnet50.a1_in1k,layer4.2,FST,train,sub-07,linear_predictivity,5919,167,0.06573017954774,,"[10000.0, 10000.0, 10000.0, 31622.776601683796, 10000.0]",0.5135469754966183,1.0312255473524652,0.4848230108065166,0.9263501667923271
timm/resnet50.a1_in1k,layer4.2,FST,test,sub-07,linear_predictivity,5919,167,0.14518403687016998,"[0.14377012479193624, 0.13521282027393725, 0.14316196449065574, 0.15128721167869755, 0.15248806311562313]",,,,,
timm/resnet50.a1_in1k,layer4.2,LO1,train,sub-07,linear_predictivity,5919,80,0.16851534116274774,,"[10000.0, 10000.0, 10000.0, 10000.0, 10000.0]",0.610848931979203,0.9589483886147138,0.38880706467663984,0.8197619828390277
timm/resnet50.a1_in1k,layer4.2,LO1,test,sub-07,linear_predictivity,5919,80,0.28588944206869804,"[0.27603150334167204, 0.2940612145667754, 0.2763971515441886, 0.2834156068216834, 0.29954173406917084]",,,,,
timm/resnet50.a1_in1k,layer4.2,LO2,train,sub-07,linear_predictivity,5919,67,0.09347939333050921,,"[10000.0, 10000.0, 10000.0, 10000.0, 10000.0]",0.5653379055065664,1.013389349236565,0.43433791656110265,0.8980992539749961
timm/resnet50.a1_in1k,layer4.2,LO2,test,sub-07,linear_predictivity,5919,67,0.20965883136146785,"[0.20800448959407866, 0.20217736642405248, 0.1944609353345218, 0.2119440702512576, 0.23170729520342861]",,,,,
timm/resnet50.a1_in1k,layer4.2,LO3,train,sub-07,linear_predictivity,5919,125,0.2410305024654665,,"[10000.0, 10000.0, 10000.0, 10000.0, 10000.0]",0.6387175472742398,0.9168373864579357,0.3610970144762721,0.7537059587280307
timm/resnet50.a1_in1k,layer4.2,LO3,test,sub-07,linear_predictivity,5919,125,0.3298112089812562,"[0.3254898890582097, 0.33301142321334903, 0.32145125829037663, 0.3188925386448669, 0.3502109356994787]",,,,,
timm/resnet50.a1_in1k,layer4.2,V7,train,sub-07,linear_predictivity,5919,37,0.04372808936971191,,"[31622.776601683796, 10000.0, 10000.0, 31622.776601683796, 10000.0]",0.44734306982515176,1.0522819378049295,0.5514750095878613,0.9471787553656579
timm/resnet50.a1_in1k,layer4.2,V7,test,sub-07,linear_predictivity,5919,37,0.11886054208626178,"[0.12092029641473834, 0.10521211963952719, 0.1015830407989257, 0.12178423755231635, 0.14480301602580123]",,,,,
timm/resnet50.a1_in1k,layer4.2,IP0,train,sub-07,linear_predictivity,5919,73,0.03166120890613207,,"[31622.776601683796, 31622.776601683796, 31622.776601683796, 31622.776601683796, 31622.776601683796]",0.284637097098687,1.0863430411906276,0.7150122887070882,0.9604736191744184
timm/resnet50.a1_in1k,layer4.2,IP0,test,sub-07,linear_predictivity,5919,73,0.08894762430739603,"[0.09123863729500596, 0.07558358035804097, 0.084255027728589, 0.09879291232808399, 0.09486796382726016]",,,,,
timm/resnet50.a1_in1k,layer4.2,IP1,train,sub-07,linear_predictivity,5919,94,-0.0044665256470323746,,"[100000.0, 100000.0, 316227.7660168379, 1000000.0, 316227.7660168379]",0.05717793412747144,1.1304695733637504,0.942670547942053,1.0011829728273867
timm/resnet50.a1_in1k,layer4.2,IP1,test,sub-07,linear_predictivity,5919,94,-0.004368932496950455,"[-0.01041540096880778, -0.008142666501001043, -0.003737999680690868, -0.001690616573407777, 0.0021420212391551918]",,,,,
timm/resnet50.a1_in1k,layer4.2,MIP,train,sub-07,linear_predictivity,5919,71,0.002759233078609568,,"[31622.776601683796, 31622.776601683796, 31622.776601683796, 31622.776601683796, 31622.776601683796]",0.26575259814008173,1.1048730554708406,0.7338436523247641,0.9884166470001647
timm/resnet50.a1_in1k,layer4.2,MIP,test,sub-07,linear_predictivity,5919,71,0.020819812118310375,"[0.030437357883741918, 0.00682651427702661, 0.015574914730837728, 0.02398801192722564, 0.027272261772719984]",,,,,
timm/resnet50.a1_in1k,layer4.2,VIP,train,sub-07,linear_predictivity,5919,91,0.01657618393156237,,"[31622.776601683796, 31622.776601683796, 31622.776601683796, 31622.776601683796, 31622.776601683796]",0.27469397598497725,1.0885775575396868,0.7250328005024537,0.9772621213799544
timm/resnet50.a1_in1k,layer4.2,VIP,test,sub-07,linear_predictivity,5919,91,0.037389868748628485,"[0.044204740302523374, 0.02837109462596966, 0.03170565867901712, 0.03991337273199246, 0.042754477403639815]",,,,,
timm/resnet50.a1_in1k,layer4.2,LIPd,train,sub-07,linear_predictivity,5919,65,-0.0042415924160160755,,"[100000.0, 100000.0, 31622.776601683796, 100000.0, 100000.0]",0.13658780694077627,1.1291561673712927,0.8630510398029994,0.9990828537140711
timm/resnet50.a1_in1k,layer4.2,LIPd,test,sub-07,linear_predictivity,5919,65,0.01315205089251317,"[0.017609677675952683, 0.003351841184487843, 0.0027597727385486534, 0.023224287920486458, 0.018814674943090214]",,,,,
timm/resnet50.a1_in1k,layer4.2,LIPv,train,sub-07,linear_predictivity,5919,95,0.013715765476946728,,"[31622.776601683796, 31622.776601683796, 31622.776601683796, 31622.776601683796, 31622.776601683796]",0.2744645796974254,1.0975221932337111,0.7251223722861705,0.977431603805275
timm/resnet50.a1_in1k,layer4.2,LIPv,test,sub-07,linear_predictivity,5919,95,0.05595311786845071,"[0.06349520425209763, 0.045078760502170606, 0.049813568462045515, 0.05750357763747732, 0.06387447848846246]",,,,,
timm/resnet50.a1_in1k,layer4.2,AIP,train,sub-07,linear_predictivity,5919,224,0.010182337608136503,,"[31622.776601683796, 31622.776601683796, 31622.776601683796, 31622.776601683796, 31622.776601683796]",0.27413622810989835,1.0953545481536775,0.725521132421578,0.9823758349683558
timm/resnet50.a1_in1k,layer4.2,AIP,test,sub-07,linear_predictivity,5919,224,0.03410695394775109,"[0.039074633134887626, 0.026184161089680698, 0.029733486360570684, 0.04217131297887021, 0.03337117617474625]",,,,,
timm/resnet50.a1_in1k,layer4.2,7Pm,train,sub-07,linear_predictivity,5919,5,-0.006313533118855488,,"[316227.7660168379, 316227.7660168379, 3162277.6601683795, 100000.0, 100000.0]",0.05696052077580177,1.1284945355892255,0.9428969383489708,1.0027824236255218
timm/resnet50.a1_in1k,layer4.2,7Pm,test,sub-07,linear_predictivity,5919,5,-0.0003068992386612422,"[0.000298172411686326, 0.002822025584444177, -0.0006325012652201645, 0.004285312783807083, -0.008307505708023633]",,,,,
timm/resnet50.a1_in1k,layer4.2,7PL,train,sub-07,linear_predictivity,5919,40,-0.0012227115934320457,,"[31622.776601683796, 31622.776601683796, 31622.776601683796, 31622.776601683796, 31622.776601683796]",0.2638273679767033,1.099501039543648,0.7357287275421373,0.991455547323677
timm/resnet50.a1_in1k,layer4.2,7PL,test,sub-07,linear_predictivity,5919,40,0.02452849876718547,"[0.020494846446919377, 0.024941616320364297, 0.030225252967242423, 0.02539218363554867, 0.0215885944658526]",,,,,
timm/resnet50.a1_in1k,layer4.2,7PC,train,sub-07,linear_predictivity,5919,153,0.03359676180351563,,"[31622.776601683796, 31622.776601683796, 31622.776601683796, 31622.776601683796, 31622.776601683796]",0.29393876361906035,1.069050133371039,0.7056152946743917,0.9575330653635452
timm/resnet50.a1_in1k,layer4.2,7PC,test,sub-07,linear_predictivity,5919,153,0.09378115494758414,"[0.1003831587909845, 0.08700222849715676, 0.0825083490154665, 0.09464103904311902, 0.104370999391194]",,,,,
timm/resnet50.a1_in1k,layer4.2,7Am,train,sub-07,linear_predictivity,5919,78,-0.0012841541725085103,,"[31622.776601683796, 31622.776601683796, 31622.776601683796, 31622.776601683796, 31622.776601683796]",0.2608928042752089,1.1061601438609923,0.7387209637934579,0.9929641981128455
timm/resnet50.a1_in1k,layer4.2,7Am,test,sub-07,linear_predictivity,5919,78,0.023676675600618157,"[0.02133801192414613, 0.025867466000219528, 0.02620861853410243, 0.024929565687353463, 0.02003971585726923]",,,,,
timm/resnet50.a1_in1k,layer4.2,7AL,train,sub-07,linear_predictivity,5919,64,-0.002794736910694099,,"[31622.776601683796, 31622.776601683796, 100000.0, 31622.776601683796, 31622.776601683796]",0.23455870728796818,1.1028632284933693,0.76536074620706,0.9948703587755763
timm/resnet50.a1_in1k,layer4.2,7AL,test,sub-07,linear_predictivity,5919,64,0.01414785541046587,"[0.01540065223683713, 0.003051548313177237, 0.013263493166591218, 0.02071457080091102, 0.018309012534812742]",,,,,
timm/resnet50.a1_in1k,layer4.2,VVC,train,sub-07,linear_predictivity,5919,157,0.046688351191481174,,"[31622.776601683796, 31622.776601683796, 31622.776601683796, 31622.776601683796, 31622.776601683796]",0.29867734706366983,1.0668176224509822,0.7010269080995346,0.9468831144548876
timm/resnet50.a1_in1k,layer4.2,VVC,test,sub-07,linear_predictivity,5919,157,0.1220472981688355,"[0.12463428944396347, 0.11441154096595951, 0.12850198335782695, 0.11926455781192534, 0.12342411926450225]",,,,,
timm/resnet50.a1_in1k,layer4.2,VMV2,train,sub-07,linear_predictivity,5919,66,0.07978341333191213,,"[10000.0, 10000.0, 31622.776601683796, 10000.0, 31622.776601683796]",0.4590917854492852,1.0382110301620073,0.5398445416206797,0.9150119072719756
timm/resnet50.a1_in1k,layer4.2,VMV2,test,sub-07,linear_predictivity,5919,66,0.22785662532768308,"[0.24071866380170578, 0.22782231262414737, 0.2257781220766205, 0.2162060767670501, 0.2287579513688916]",,,,,
timm/resnet50.a1_in1k,layer4.2,VMV3,train,sub-07,linear_predictivity,5919,82,0.07217698312148123,,"[10000.0, 10000.0, 10000.0, 31622.776601683796, 10000.0]",0.5123783977496286,1.0331633796557451,0.4864377598977298,0.9195890119012494
timm/resnet50.a1_in1k,layer4.2,VMV3,test,sub-07,linear_predictivity,5919,82,0.2513121420519432,"[0.27388843548794495, 0.2573039334122178, 0.2601117509828659, 0.21745691484692417, 0.247799675529763]",,,,,
timm/resnet50.a1_in1k,layer4.2,VMV1,train,sub-07,linear_predictivity,5919,27,0.02195630858976821,,"[31622.776601683796, 31622.776601683796, 31622.776601683796, 31622.776601683796, 31622.776601683796]",0.27642915475238033,1.092101910206739,0.7233951669335197,0.9742249103089471
timm/resnet50.a1_in1k,layer4.2,VMV1,test,sub-07,linear_predictivity,5919,27,0.07359164060466399,"[0.07722151724454089, 0.0730506563999873, 0.0865157040134613, 0.06006553176287137, 0.07110479360245911]",,,,,
timm/resnet50.a1_in1k,layer4.2,PHA2,train,sub-07,linear_predictivity,5919,55,0.022003104836307675,,"[31622.776601683796, 31622.776601683796, 31622.776601683796, 31622.776601683796, 31622.776601683796]",0.28154027313958857,1.0754283452119335,0.7180905041260262,0.9696794403766699
timm/resnet50.a1_in1k,layer4.2,PHA2,test,sub-07,linear_predictivity,5919,55,0.10849748672085044,"[0.1160047881598793, 0.10670640547604245, 0.11326725431574201, 0.10645992712472896, 0.10004905852785946]",,,,,
timm/resnet50.a1_in1k,layer4.2,PHA3,train,sub-07,linear_predictivity,5919,149,0.04843375529273925,,"[31622.776601683796, 31622.776601683796, 31622.776601683796, 31622.776601683796, 31622.776601683796]",0.3020672301663179,1.052600683609916,0.6975800045904431,0.9435561877356259
timm/resnet50.a1_in1k,layer4.2,PHA3,test,sub-07,linear_predictivity,5919,149,0.15329715592708043,"[0.17034822663232294, 0.14759151272470702, 0.15628074669314504, 0.14519120037877786, 0.14707409320644937]",,,,,
timm/resnet50.a1_in1k,layer4.2,PH,train,sub-07,linear_predictivity,5919,304,0.05052361776151457,,"[31622.776601683796, 31622.776601683796, 31622.776601683796, 31622.776601683796, 31622.776601683796]",0.30248395707494274,1.0581899843191844,0.69713833652215,0.9421620403251378
timm/resnet50.a1_in1k,layer4.2,PH,test,sub-07,linear_predictivity,5919,304,0.12112439350307588,"[0.12624017276864152, 0.1102916687203293, 0.12044708504433987, 0.1255810558292912, 0.12306198515277751]",,,,,
