model,layer,roi,split,subject,metric,n_features_1_model,n_features_2_brain,score,test_scores_list,alphas,train_set_train_split_score_mean,ridgecv_val_mse,train_set_train_split_mse,train_set_val_split_mse
sub-04,V1,V1,train,sub-10,linear_predictivity,523,553,0.15877096735000198,,"[3162.277660168379, 3162.277660168379, 3162.277660168379, 3162.277660168379, 3162.277660168379]",0.2495616124103739,1.0293990321141127,0.7502170803406096,0.8373182999619354
sub-04,V1,V1,test,sub-10,linear_predictivity,523,553,0.262505637122172,"[0.2610394517726635, 0.26309309275081305, 0.2593077068098276, 0.27068747712788327, 0.2584004571496727]",,,,,
sub-04,V1,V2,train,sub-10,linear_predictivity,523,516,0.15140353068844736,,"[3162.277660168379, 3162.277660168379, 3162.277660168379, 3162.277660168379, 3162.277660168379]",0.24186770189793064,1.0355191562552726,0.7578996005300119,0.8446054838987994
sub-04,V1,V2,test,sub-10,linear_predictivity,523,516,0.24538701492488285,"[0.24169358689204584, 0.24956328285078475, 0.24197302649910613, 0.2520656820227644, 0.24163949635971319]",,,,,
sub-04,V1,V3,train,sub-10,linear_predictivity,523,400,0.16836312795130268,,"[3162.277660168379, 3162.277660168379, 3162.277660168379, 3162.277660168379, 3162.277660168379]",0.2557056506889723,1.0226906123947288,0.7440932383061989,0.8282507127636635
sub-04,V1,V3,test,sub-10,linear_predictivity,523,400,0.26658744851764204,"[0.26297618791515603, 0.26977514284348847, 0.26302825841552674, 0.27180269195444395, 0.2653549614595949]",,,,,
sub-04,V1,V4,train,sub-10,linear_predictivity,523,574,0.11627309841318909,,"[3162.277660168379, 3162.277660168379, 3162.277660168379, 3162.277660168379, 3162.277660168379]",0.20890950089397795,1.054122638455083,0.7908947026355643,0.8803923197725287
sub-04,V1,V4,test,sub-10,linear_predictivity,523,574,0.2042890392358367,"[0.20103693641261713, 0.20568888418471246, 0.19992794088407137, 0.20632438464021352, 0.20846705005756913]",,,,,
sub-04,V1,V3A,train,sub-10,linear_predictivity,523,85,0.06335957567649227,,"[3162.277660168379, 3162.277660168379, 3162.277660168379, 3162.277660168379, 3162.277660168379]",0.15990283748994652,1.0926059064825047,0.8399189380212171,0.9333138986423046
sub-04,V1,V3A,test,sub-10,linear_predictivity,523,85,0.1550618277010113,"[0.14728844664365184, 0.15323968272219426, 0.15119829418527145, 0.16540524902435402, 0.15817746592958482]",,,,,
sub-04,V1,V3B,train,sub-10,linear_predictivity,523,99,0.04912998099628549,,"[3162.277660168379, 3162.277660168379, 3162.277660168379, 3162.277660168379, 3162.277660168379]",0.1470364945512752,1.0987082347036363,0.8528249979261915,0.9482325475413891
sub-04,V1,V3B,test,sub-10,linear_predictivity,523,99,0.1172047988601829,"[0.11504181598643384, 0.11361933227574521, 0.11765923188417934, 0.12253445596163784, 0.11716915819291829]",,,,,
sub-04,V1,V6,train,sub-10,linear_predictivity,523,11,0.034943863664676056,,"[3162.277660168379, 3162.277660168379, 3162.277660168379, 3162.277660168379, 3162.277660168379]",0.13434256454805132,1.112382051773745,0.8654879232221633,0.9619298263949515
sub-04,V1,V6,test,sub-10,linear_predictivity,523,11,0.10413170868514501,"[0.10653561999927925, 0.10983872877187295, 0.08576668878439477, 0.11256405496536782, 0.10595345090481025]",,,,,
sub-04,V1,V6A,train,sub-10,linear_predictivity,523,45,0.013803123038388843,,"[10000.0, 3162.277660168379, 10000.0, 10000.0, 10000.0]",0.07544083295715746,1.1269368683964438,0.9242612886531368,0.9828989215810751
sub-04,V1,V6A,test,sub-10,linear_predictivity,523,45,0.07608503902578667,"[0.07213252539477943, 0.08477319737196047, 0.07386811152464945, 0.07618372690813859, 0.07346763392940545]",,,,,
sub-04,V1,V7,train,sub-10,linear_predictivity,523,61,0.030673311964425118,,"[3162.277660168379, 3162.277660168379, 3162.277660168379, 3162.277660168379, 3162.277660168379]",0.13005312728512913,1.111739723418037,0.8697611935613947,0.966037759665555
sub-04,V1,V7,test,sub-10,linear_predictivity,523,61,0.07281268529347225,"[0.07246875940640912, 0.06933327779555884, 0.08023840840490057, 0.06779297578832018, 0.07423000507217256]",,,,,
sub-04,V1,V8,train,sub-10,linear_predictivity,523,96,0.08632954037451611,,"[3162.277660168379, 3162.277660168379, 3162.277660168379, 3162.277660168379, 3162.277660168379]",0.18277180644951582,1.0795179498398628,0.8170079813462359,0.9099000564828612
sub-04,V1,V8,test,sub-10,linear_predictivity,523,96,0.19632478655575009,"[0.19766170887805137, 0.198691746943524, 0.19930945740801462, 0.19164836958539513, 0.19431264996376538]",,,,,
sub-04,V1,FFC,train,sub-10,linear_predictivity,523,244,0.038535011855553705,,"[10000.0, 10000.0, 10000.0, 10000.0, 10000.0]",0.08844025933620661,1.119313140841046,0.9114068323045548,0.9589593021797311
sub-04,V1,FFC,test,sub-10,linear_predictivity,523,244,0.0688830817376296,"[0.06833433761731147, 0.0646236063867924, 0.07267042393489233, 0.06774477642998071, 0.07104226431917103]",,,,,
sub-04,V1,PIT,train,sub-10,linear_predictivity,523,100,0.06031040899975678,,"[3162.277660168379, 3162.277660168379, 3162.277660168379, 3162.277660168379, 3162.277660168379]",0.15842654013340965,1.1044980972238936,0.8414323819918794,0.9370115436985731
sub-04,V1,PIT,test,sub-10,linear_predictivity,523,100,0.10944516966373148,"[0.10361587852954283, 0.09689526658663575, 0.1086245067635908, 0.11735403133381359, 0.12073616510507446]",,,,,
sub-04,V1,IPS1,train,sub-10,linear_predictivity,523,166,0.004108846328426281,,"[10000.0, 3162.277660168379, 10000.0, 3162.277660168379, 10000.0]",0.08177477982244097,1.1364796508671922,0.9181056400120624,0.9913301612516326
sub-04,V1,IPS1,test,sub-10,linear_predictivity,523,166,0.032183404453552285,"[0.03250945753899794, 0.0325485767187393, 0.032580552155171985, 0.03689649589948302, 0.026381939955369166]",,,,,
sub-04,V1,MST,train,sub-10,linear_predictivity,523,135,0.07029596404284348,,"[1000.0, 1000.0, 1000.0, 3162.277660168379, 3162.277660168379]",0.2170019097987797,1.0707103191882266,0.7830134995432217,0.9268604291801431
sub-04,V1,MST,test,sub-10,linear_predictivity,523,135,0.1518336473079259,"[0.15483254984546424, 0.16300603780202175, 0.15832078084439655, 0.13586812766904327, 0.14714074037870367]",,,,,
sub-04,V1,MT,train,sub-10,linear_predictivity,523,86,0.07559086426254653,,"[3162.277660168379, 3162.277660168379, 3162.277660168379, 3162.277660168379, 3162.277660168379]",0.17212818954249326,1.0808154777762637,0.8277270806618191,0.921704926216834
sub-04,V1,MT,test,sub-10,linear_predictivity,523,86,0.12525940027761182,"[0.12260442309974769, 0.12667350166700472, 0.1179966112303657, 0.12897031994909333, 0.13005214544184762]",,,,,
sub-04,V1,FST,train,sub-10,linear_predictivity,523,167,0.040205322948870546,,"[3162.277660168379, 1000.0, 3162.277660168379, 3162.277660168379, 3162.277660168379]",0.16527930065232505,1.0927290193884318,0.8340147926956656,0.9538638548609703
sub-04,V1,FST,test,sub-10,linear_predictivity,523,167,0.11290201164628573,"[0.10658308494286425, 0.10752169433841395, 0.1070628650128654, 0.11542428748218982, 0.12791812645509526]",,,,,
sub-04,V1,LO1,train,sub-10,linear_predictivity,523,78,0.08435095633211535,,"[3162.277660168379, 3162.277660168379, 3162.277660168379, 3162.277660168379, 3162.277660168379]",0.18006003948838373,1.0690632950845687,0.8197268033539864,0.912218262161284
sub-04,V1,LO1,test,sub-10,linear_predictivity,523,78,0.16216277654311143,"[0.16553786470428952, 0.15389664492314165, 0.1570983505332291, 0.16404172696339928, 0.17023929559149759]",,,,,
sub-04,V1,LO2,train,sub-10,linear_predictivity,523,80,0.054997900080296605,,"[3162.277660168379, 3162.277660168379, 3162.277660168379, 3162.277660168379, 3162.277660168379]",0.15378294602924641,1.098789787222061,0.8460644274790841,0.9422239465111861
sub-04,V1,LO2,test,sub-10,linear_predictivity,523,80,0.11542189509356196,"[0.1161756254836606, 0.10122542551307956, 0.11206750984339162, 0.1202528465708359, 0.12738806805684214]",,,,,
sub-04,V1,LO3,train,sub-10,linear_predictivity,523,113,0.051567990371178804,,"[3162.277660168379, 3162.277660168379, 3162.277660168379, 3162.277660168379, 3162.277660168379]",0.15482792807211743,1.0932068843284974,0.8449142429618461,0.9442013630325775
sub-04,V1,LO3,test,sub-10,linear_predictivity,523,113,0.08391892313095148,"[0.07742765446440575, 0.0698760885666361, 0.0871264458453466, 0.08552886342982148, 0.09963556334854748]",,,,,
sub-04,V1,V7,train,sub-10,linear_predictivity,523,61,0.030673311964425118,,"[3162.277660168379, 3162.277660168379, 3162.277660168379, 3162.277660168379, 3162.277660168379]",0.13005312728512913,1.111739723418037,0.8697611935613947,0.966037759665555
sub-04,V1,V7,test,sub-10,linear_predictivity,523,61,0.07281268529347225,"[0.07246875940640912, 0.06933327779555884, 0.08023840840490057, 0.06779297578832018, 0.07423000507217256]",,,,,
sub-04,V1,IP0,train,sub-10,linear_predictivity,523,103,0.018488545102749415,,"[10000.0, 3162.277660168379, 10000.0, 3162.277660168379, 3162.277660168379]",0.10555479158303542,1.1234752709925573,0.8943370909531548,0.9777747907312516
sub-04,V1,IP0,test,sub-10,linear_predictivity,523,103,0.049732005881998234,"[0.04477298556397766, 0.054429323757158914, 0.04609698905734054, 0.05404501617311227, 0.049315714858401805]",,,,,
sub-04,V1,IP1,train,sub-10,linear_predictivity,523,33,-0.0061345535266714105,,"[31622.776601683796, 10000.0, 31622.776601683796, 100000.0, 100000.0]",0.02479868566161192,1.1495652469319453,0.9748769207912804,1.0030248442610037
sub-04,V1,IP1,test,sub-10,linear_predictivity,523,33,0.002038762396299815,"[0.0002934974568120069, 0.004856233735548298, 0.002209544342216056, 0.00038694173958657977, 0.002447594707336135]",,,,,
sub-04,V1,MIP,train,sub-10,linear_predictivity,523,178,-0.0018679350089059563,,"[10000.0, 10000.0, 10000.0, 31622.776601683796, 10000.0]",0.05035853348728893,1.1508778747720876,0.9491836112921636,0.9965664414431583
sub-04,V1,MIP,test,sub-10,linear_predictivity,523,178,0.01402217607286938,"[0.019812525472045827, 0.008482380313279999, 0.01871096163303132, 0.014873295424495276, 0.008231717521494484]",,,,,
sub-04,V1,VIP,train,sub-10,linear_predictivity,523,100,0.004201145466680098,,"[10000.0, 10000.0, 10000.0, 3162.277660168379, 10000.0]",0.06860799768706383,1.1457097737416833,0.9313543326175091,0.9924506725752795
sub-04,V1,VIP,test,sub-10,linear_predictivity,523,100,0.02844381375482003,"[0.03957126989315837, 0.017060374338870088, 0.037118405724952105, 0.023793918532803326, 0.02467510028431625]",,,,,
sub-04,V1,LIPd,train,sub-10,linear_predictivity,523,31,-0.004438473685942953,,"[100000.0, 31622.776601683796, 31622.776601683796, 100000.0, 100000.0]",0.01572301158547914,1.158592496242284,0.9840648044394849,1.0012242606915944
sub-04,V1,LIPd,test,sub-10,linear_predictivity,523,31,0.008412571920239581,"[0.008027022591541755, 0.01096840977479477, 0.011775495359613688, 0.002526667021981118, 0.008765264853266577]",,,,,
sub-04,V1,LIPv,train,sub-10,linear_predictivity,523,75,0.004148632734998699,,"[10000.0, 10000.0, 10000.0, 10000.0, 10000.0]",0.05589369736997567,1.1442482425019591,0.9439018675630747,0.9925044156537952
sub-04,V1,LIPv,test,sub-10,linear_predictivity,523,75,0.012882671313976057,"[0.015837526658535862, 0.011077587174558486, 0.012661288338518793, 0.008470705857266355, 0.016366248541000786]",,,,,
sub-04,V1,AIP,train,sub-10,linear_predictivity,523,409,-0.007080825535502111,,"[31622.776601683796, 10000.0, 10000.0, 100000.0, 31622.776601683796]",0.03647051739877064,1.1496727526147514,0.9629727876307566,1.0010520675989474
sub-04,V1,AIP,test,sub-10,linear_predictivity,523,409,-0.0029826688690595604,"[-0.00019925319571767193, -0.00579180892868107, -0.013799699542575473, 0.0017970013111719711, 0.0030804160105044457]",,,,,
sub-04,V1,7Pm,train,sub-10,linear_predictivity,523,21,0.00518877542555504,,"[10000.0, 10000.0, 10000.0, 31622.776601683796, 10000.0]",0.05220682075390422,1.1438978090710492,0.9475589024100488,0.9915271113330679
sub-04,V1,7Pm,test,sub-10,linear_predictivity,523,21,0.03255693596962632,"[0.03689589955736769, 0.03023483476780415, 0.03703815502011981, 0.025810756155152884, 0.03280503434768709]",,,,,
sub-04,V1,7PL,train,sub-10,linear_predictivity,523,106,0.01611527201007482,,"[10000.0, 3162.277660168379, 3162.277660168379, 3162.277660168379, 10000.0]",0.09988904969914095,1.1364202295725052,0.8999129277615923,0.9805018507203835
sub-04,V1,7PL,test,sub-10,linear_predictivity,523,106,0.05703413954544835,"[0.05769796100526548, 0.03790098853958147, 0.06578872855988993, 0.07497519372854958, 0.048807825893955284]",,,,,
sub-04,V1,7PC,train,sub-10,linear_predictivity,523,224,0.003032194285200861,,"[31622.776601683796, 10000.0, 10000.0, 31622.776601683796, 10000.0]",0.0488212823054914,1.1466904935884052,0.9507266187499501,0.9910754833512593
sub-04,V1,7PC,test,sub-10,linear_predictivity,523,224,0.027911558694853948,"[0.025103912697559152, 0.02971529480707169, 0.027759255361402984, 0.020292834525192965, 0.03668649608304294]",,,,,
sub-04,V1,7Am,train,sub-10,linear_predictivity,523,186,0.0008587872292991466,,"[10000.0, 10000.0, 10000.0, 10000.0, 10000.0]",0.05713974641152875,1.1497095149980616,0.9425633488544252,0.9940412530512589
sub-04,V1,7Am,test,sub-10,linear_predictivity,523,186,0.019666900005712588,"[0.017573695712247893, 0.01966694063244358, 0.018821817763749655, 0.025883595172684428, 0.01638845074743737]",,,,,
sub-04,V1,7AL,train,sub-10,linear_predictivity,523,158,-0.001771179007469355,,"[31622.776601683796, 31622.776601683796, 31622.776601683796, 31622.776601683796, 31622.776601683796]",0.027568975396941746,1.1501651139032436,0.9720829427011196,0.9960039853403831
sub-04,V1,7AL,test,sub-10,linear_predictivity,523,158,0.016057183092421188,"[0.01449490779635873, 0.017896326617970915, 0.011665028948241216, 0.017497320546799703, 0.018732331552735376]",,,,,
sub-04,V1,VVC,train,sub-10,linear_predictivity,523,196,0.00786442791878887,,"[10000.0, 3162.277660168379, 10000.0, 3162.277660168379, 3162.277660168379]",0.0963760361147819,1.1271578068514063,0.903376186871417,0.9877808825821998
sub-04,V1,VVC,test,sub-10,linear_predictivity,523,196,0.05133414223078434,"[0.04294910868153904, 0.05329245119506018, 0.04390123446536149, 0.05464538946181054, 0.061882527350150464]",,,,,
sub-04,V1,VMV2,train,sub-10,linear_predictivity,523,94,0.05111410647412093,,"[3162.277660168379, 3162.277660168379, 3162.277660168379, 3162.277660168379, 3162.277660168379]",0.1537061242933113,1.0983896417975423,0.8460517260545266,0.9445162492885046
sub-04,V1,VMV2,test,sub-10,linear_predictivity,523,94,0.14426207524309803,"[0.1420759802602713, 0.13153519039024994, 0.1469867316573219, 0.14948470564419863, 0.15122776826344833]",,,,,
sub-04,V1,VMV3,train,sub-10,linear_predictivity,523,98,0.03263546136139166,,"[3162.277660168379, 3162.277660168379, 3162.277660168379, 3162.277660168379, 3162.277660168379]",0.13613070111002934,1.1119875008354612,0.8636274219386658,0.9629632957516222
sub-04,V1,VMV3,test,sub-10,linear_predictivity,523,98,0.07217488512818797,"[0.07779731830952326, 0.06397787363729936, 0.0761777129046555, 0.06268004559647924, 0.08024147519298254]",,,,,
sub-04,V1,VMV1,train,sub-10,linear_predictivity,523,42,0.03449207854922031,,"[3162.277660168379, 3162.277660168379, 3162.277660168379, 3162.277660168379, 3162.277660168379]",0.13984568476530293,1.111518737959944,0.8598344787957254,0.9596778440412435
sub-04,V1,VMV1,test,sub-10,linear_predictivity,523,42,0.09979532023003705,"[0.09446333236084582, 0.1024905218737953, 0.10061784513320732, 0.10064256218840259, 0.10076233959393424]",,,,,
sub-04,V1,PHA2,train,sub-10,linear_predictivity,523,21,0.01585665985211001,,"[10000.0, 10000.0, 10000.0, 3162.277660168379, 10000.0]",0.08627571664110625,1.132785883419571,0.9132955066244657,0.9791358015066303
sub-04,V1,PHA2,test,sub-10,linear_predictivity,523,21,0.08079290057886335,"[0.07529253047030754, 0.06786116479352573, 0.06948881076029331, 0.11626967414706424, 0.07505232272312588]",,,,,
sub-04,V1,PHA3,train,sub-10,linear_predictivity,523,104,0.01842531666563584,,"[10000.0, 3162.277660168379, 3162.277660168379, 3162.277660168379, 3162.277660168379]",0.11689943376362381,1.1254596150564402,0.8830024345380622,0.9771976889911789
sub-04,V1,PHA3,test,sub-10,linear_predictivity,523,104,0.10764519498433348,"[0.08701053311543425, 0.0992847521129446, 0.11023506190177451, 0.1238176048435269, 0.11787802294798705]",,,,,
sub-04,V1,PH,train,sub-10,linear_predictivity,523,261,0.026057490583545694,,"[10000.0, 3162.277660168379, 3162.277660168379, 10000.0, 3162.277660168379]",0.11124188075158989,1.117786103587871,0.8885991610028103,0.9704110492957753
sub-04,V1,PH,test,sub-10,linear_predictivity,523,261,0.06102761030035884,"[0.05139644260760638, 0.06204728901728513, 0.06311554068333085, 0.052721917858644454, 0.07585686133492735]",,,,,
sub-04,V2,V1,train,sub-10,linear_predictivity,638,553,0.14340602953501203,,"[3162.277660168379, 3162.277660168379, 3162.277660168379, 3162.277660168379, 3162.277660168379]",0.2590242262661502,1.0867298453035747,0.7407682041945989,0.8527298961214701
sub-04,V2,V1,test,sub-10,linear_predictivity,638,553,0.24156103627079412,"[0.23750280983111138, 0.24018171177387146, 0.24220432608191383, 0.2525742875854077, 0.235342046081666]",,,,,
sub-04,V2,V2,train,sub-10,linear_predictivity,638,516,0.15337404224822182,,"[3162.277660168379, 3162.277660168379, 3162.277660168379, 3162.277660168379, 3162.277660168379]",0.266419248532226,1.0845075838524454,0.7333467069553216,0.8425149583811435
sub-04,V2,V2,test,sub-10,linear_predictivity,638,516,0.24791158795033494,"[0.2430031492321864, 0.24932347160428012, 0.24652439364677234, 0.2550955932136172, 0.24561133205481872]",,,,,
sub-04,V2,V3,train,sub-10,linear_predictivity,638,400,0.16940827870087094,,"[3162.277660168379, 3162.277660168379, 3162.277660168379, 3162.277660168379, 3162.277660168379]",0.27771073677781394,1.0713200692767981,0.7221108054873464,0.8274207959966173
sub-04,V2,V3,test,sub-10,linear_predictivity,638,400,0.271047050762922,"[0.26655178627586606, 0.2733529669316625, 0.26872838243330255, 0.27815558606103485, 0.26844653211274416]",,,,,
sub-04,V2,V4,train,sub-10,linear_predictivity,638,574,0.1236554407038498,,"[3162.277660168379, 3162.277660168379, 3162.277660168379, 3162.277660168379, 3162.277660168379]",0.2381058857063995,1.1017862274699302,0.7617191335279618,0.873171514800562
sub-04,V2,V4,test,sub-10,linear_predictivity,638,574,0.20861283604513434,"[0.20994934703331866, 0.21150434527583295, 0.20106829706101054, 0.2094096222602951, 0.21113256859521445]",,,,,
sub-04,V2,V3A,train,sub-10,linear_predictivity,638,85,0.07683145962435979,,"[3162.277660168379, 3162.277660168379, 3162.277660168379, 3162.277660168379, 3162.277660168379]",0.19747244353822732,1.1363597166114219,0.80235898854914,0.9198378460033124
sub-04,V2,V3A,test,sub-10,linear_predictivity,638,85,0.1570389834571033,"[0.15612562533692853, 0.15822378141199375, 0.1514851084941768, 0.15957558222772755, 0.1597848198146898]",,,,,
sub-04,V2,V3B,train,sub-10,linear_predictivity,638,99,0.04742780134844134,,"[10000.0, 10000.0, 10000.0, 10000.0, 10000.0]",0.10587807845587109,1.1677455704353896,0.893972565354364,0.9499424739568519
sub-04,V2,V3B,test,sub-10,linear_predictivity,638,99,0.10780635662103613,"[0.10974526690564139, 0.10822282343557031, 0.1033907954096278, 0.10818857559468043, 0.1094843217596607]",,,,,
sub-04,V2,V6,train,sub-10,linear_predictivity,638,11,0.031174548979469772,,"[3162.277660168379, 3162.277660168379, 10000.0, 10000.0, 3162.277660168379]",0.1321129270765296,1.1750216828112436,0.8675269757811501,0.9654350424971396
sub-04,V2,V6,test,sub-10,linear_predictivity,638,11,0.08939241744662693,"[0.09251528346667694, 0.10628964754601505, 0.06770091535066669, 0.0869631040277473, 0.09349313684202873]",,,,,
sub-04,V2,V6A,train,sub-10,linear_predictivity,638,45,0.020049653378421958,,"[10000.0, 3162.277660168379, 10000.0, 10000.0, 10000.0]",0.09600681812198385,1.1776169597524528,0.9037015731998759,0.9769318641239195
sub-04,V2,V6A,test,sub-10,linear_predictivity,638,45,0.07854771242118792,"[0.07891836445097297, 0.08841816516157779, 0.0778449844389286, 0.07199499351273098, 0.07556205454172925]",,,,,
sub-04,V2,V7,train,sub-10,linear_predictivity,638,61,0.031901813443768294,,"[3162.277660168379, 3162.277660168379, 3162.277660168379, 3162.277660168379, 3162.277660168379]",0.15667424584148146,1.161814645495391,0.8431533282593235,0.9652158777983848
sub-04,V2,V7,test,sub-10,linear_predictivity,638,61,0.06112235389279741,"[0.06841153297435054, 0.06434030890011261, 0.06440345164896422, 0.044663700606583055, 0.06379277533397662]",,,,,
sub-04,V2,V8,train,sub-10,linear_predictivity,638,96,0.0882617260215567,,"[3162.277660168379, 3162.277660168379, 3162.277660168379, 3162.277660168379, 3162.277660168379]",0.20633191782670127,1.1353015247033649,0.79345146021198,0.9079815658870588
sub-04,V2,V8,test,sub-10,linear_predictivity,638,96,0.16359842290097742,"[0.16787181001103627, 0.16319952247545183, 0.16663151920987554, 0.16055439578026307, 0.15973486702826037]",,,,,
sub-04,V2,FFC,train,sub-10,linear_predictivity,638,244,0.04059143508752337,,"[3162.277660168379, 3162.277660168379, 3162.277660168379, 3162.277660168379, 3162.277660168379]",0.16624598095232923,1.1766967090767957,0.8336134197773315,0.9567803321348232
sub-04,V2,FFC,test,sub-10,linear_predictivity,638,244,0.09121344566390956,"[0.08956544624475384, 0.08765538961559247, 0.09342877315043066, 0.09150860063527406, 0.09390901867349678]",,,,,
sub-04,V2,PIT,train,sub-10,linear_predictivity,638,100,0.059882218953989985,,"[3162.277660168379, 3162.277660168379, 3162.277660168379, 3162.277660168379, 3162.277660168379]",0.18222376960048053,1.1465540269329868,0.8176476109990534,0.9376233603989679
sub-04,V2,PIT,test,sub-10,linear_predictivity,638,100,0.1166009530251079,"[0.11536609904024919, 0.10712232158642897, 0.11766817350141257, 0.11736578583664573, 0.12548238516080296]",,,,,
sub-04,V2,IPS1,train,sub-10,linear_predictivity,638,166,0.010009399656760948,,"[10000.0, 10000.0, 10000.0, 10000.0, 10000.0]",0.0738138936633143,1.1939941534116258,0.9259213550254201,0.9855691045203552
sub-04,V2,IPS1,test,sub-10,linear_predictivity,638,166,0.04075669084959846,"[0.04428804871392928, 0.039465109757274484, 0.04663064927829872, 0.0318120137725545, 0.04158763272593533]",,,,,
sub-04,V2,MST,train,sub-10,linear_predictivity,638,135,0.07096650741906664,,"[3162.277660168379, 3162.277660168379, 3162.277660168379, 3162.277660168379, 3162.277660168379]",0.18946468784841,1.1111818998729435,0.8104101284033428,0.9267009345075895
sub-04,V2,MST,test,sub-10,linear_predictivity,638,135,0.14441510656217554,"[0.14452680212008917, 0.13917263674916425, 0.13351473173072703, 0.1484417409629286, 0.15641962124796874]",,,,,
sub-04,V2,MT,train,sub-10,linear_predictivity,638,86,0.09401963461288064,,"[3162.277660168379, 3162.277660168379, 3162.277660168379, 3162.277660168379, 3162.277660168379]",0.21289976398228555,1.1138604610479013,0.7869627944249,0.9034369486818626
sub-04,V2,MT,test,sub-10,linear_predictivity,638,86,0.15053906591132463,"[0.14802332052858186, 0.14350115068777614, 0.14440820542163693, 0.15834774438283486, 0.15841490853579332]",,,,,
sub-04,V2,FST,train,sub-10,linear_predictivity,638,167,0.046680627036542105,,"[3162.277660168379, 3162.277660168379, 3162.277660168379, 3162.277660168379, 3162.277660168379]",0.16957979312468616,1.1413249727132233,0.8301773495109341,0.9491155131840456
sub-04,V2,FST,test,sub-10,linear_predictivity,638,167,0.09837427683607128,"[0.10406514457421129, 0.09740828769527997, 0.08667636837509307, 0.09725439260524414, 0.10646719093052785]",,,,,
sub-04,V2,LO1,train,sub-10,linear_predictivity,638,78,0.08875684736430374,,"[3162.277660168379, 3162.277660168379, 3162.277660168379, 3162.277660168379, 3162.277660168379]",0.20562474552708757,1.1205026230269488,0.7941893677141756,0.9079844009584891
sub-04,V2,LO1,test,sub-10,linear_predictivity,638,78,0.14770112728846638,"[0.15719227716834147, 0.1425160647872577, 0.13875832697240464, 0.14560881851075466, 0.1544301490035735]",,,,,
sub-04,V2,LO2,train,sub-10,linear_predictivity,638,80,0.04888925392196473,,"[3162.277660168379, 3162.277660168379, 3162.277660168379, 3162.277660168379, 3162.277660168379]",0.1711257487483183,1.1485761750974042,0.8287326988172727,0.9485755091483192
sub-04,V2,LO2,test,sub-10,linear_predictivity,638,80,0.1180847221381494,"[0.12304152868769073, 0.10696378301707599, 0.11100387431336137, 0.11771748774147137, 0.13169693693114748]",,,,,
sub-04,V2,LO3,train,sub-10,linear_predictivity,638,113,0.06453624383317695,,"[3162.277660168379, 3162.277660168379, 3162.277660168379, 3162.277660168379, 3162.277660168379]",0.1895157715320385,1.139422221549451,0.8102747313062018,0.9316395012919052
sub-04,V2,LO3,test,sub-10,linear_predictivity,638,113,0.09287730042870682,"[0.09617409381753414, 0.08093806666889418, 0.09517539451020883, 0.08359661264741805, 0.10850233449947894]",,,,,
sub-04,V2,V7,train,sub-10,linear_predictivity,638,61,0.031901813443768294,,"[3162.277660168379, 3162.277660168379, 3162.277660168379, 3162.277660168379, 3162.277660168379]",0.15667424584148146,1.161814645495391,0.8431533282593235,0.9652158777983848
sub-04,V2,V7,test,sub-10,linear_predictivity,638,61,0.06112235389279741,"[0.06841153297435054, 0.06434030890011261, 0.06440345164896422, 0.044663700606583055, 0.06379277533397662]",,,,,
sub-04,V2,IP0,train,sub-10,linear_predictivity,638,103,0.023750272074613856,,"[10000.0, 10000.0, 10000.0, 10000.0, 10000.0]",0.08602634815526716,1.186562846621177,0.9137673226148862,0.9724493645476956
sub-04,V2,IP0,test,sub-10,linear_predictivity,638,103,0.04116410561347432,"[0.042526625913186254, 0.042663443255576174, 0.040495548297452194, 0.03693269849866726, 0.043202212102489715]",,,,,
sub-04,V2,IP1,train,sub-10,linear_predictivity,638,33,-0.0010251935459682008,,"[31622.776601683796, 31622.776601683796, 31622.776601683796, 100000.0, 31622.776601683796]",0.029568085037793197,1.1978055123586508,0.9701504385584332,0.9978457110641875
sub-04,V2,IP1,test,sub-10,linear_predictivity,638,33,-0.0021378404443342983,"[-0.00546431844845065, -0.005622749373168746, -0.0013676077759805102, -0.0007552354426522538, 0.002520708818580669]",,,,,
sub-04,V2,MIP,train,sub-10,linear_predictivity,638,178,0.0016744807004341969,,"[31622.776601683796, 10000.0, 31622.776601683796, 10000.0, 31622.776601683796]",0.05037287140819102,1.196878109281147,0.9493491351138914,0.9928591044702785
sub-04,V2,MIP,test,sub-10,linear_predictivity,638,178,0.024994864307854935,"[0.022134754142546134, 0.02779927799048978, 0.023925944890107888, 0.032176486199904555, 0.01893785831622631]",,,,,
sub-04,V2,VIP,train,sub-10,linear_predictivity,638,100,0.008086285108637212,,"[10000.0, 10000.0, 10000.0, 10000.0, 31622.776601683796]",0.06773769560498703,1.2024072520179758,0.9319294979629251,0.988358439551364
sub-04,V2,VIP,test,sub-10,linear_predictivity,638,100,0.04809561340066562,"[0.059195528349821176, 0.04606479135117209, 0.06159116558168908, 0.04027851552896884, 0.033348066191676934]",,,,,
sub-04,V2,LIPd,train,sub-10,linear_predictivity,638,31,-0.0072411498791110284,,"[100000.0, 31622.776601683796, 31622.776601683796, 100000.0, 10000.0]",0.029410678385973776,1.206402691865231,0.9704402127864296,1.0039372893750032
sub-04,V2,LIPd,test,sub-10,linear_predictivity,638,31,0.007723529477039484,"[0.008086523035999552, 0.007528084325937609, 0.012382240496109668, 0.0003189331569234901, 0.010301866370227102]",,,,,
sub-04,V2,LIPv,train,sub-10,linear_predictivity,638,75,0.0024162991099033484,,"[31622.776601683796, 10000.0, 31622.776601683796, 31622.776601683796, 31622.776601683796]",0.042150696548610145,1.2062115678754715,0.9575192056265542,0.9942356751425809
sub-04,V2,LIPv,test,sub-10,linear_predictivity,638,75,0.014625140738598302,"[0.01707042174314824, 0.013351198870327282, 0.015906435496323715, 0.00841787036185675, 0.018379777221335523]",,,,,
sub-04,V2,AIP,train,sub-10,linear_predictivity,638,409,-0.005279231432187263,,"[31622.776601683796, 10000.0, 10000.0, 31622.776601683796, 10000.0]",0.05630024387374799,1.2051602955806024,0.9431223629292657,0.9989422688592736
sub-04,V2,AIP,test,sub-10,linear_predictivity,638,409,0.008550190823373249,"[0.012101912158618446, 0.008754114940622887, 0.0015969144336556585, 0.008126874897234328, 0.012171137686734926]",,,,,
sub-04,V2,7Pm,train,sub-10,linear_predictivity,638,21,0.013240452020964855,,"[10000.0, 10000.0, 10000.0, 10000.0, 10000.0]",0.07602389638913574,1.1855065412110195,0.9237809659775568,0.9834199872889258
sub-04,V2,7Pm,test,sub-10,linear_predictivity,638,21,0.026263258774900367,"[0.029822207564386066, 0.025821226956919716, 0.035370573831688276, 0.024423126895666735, 0.015879158625841043]",,,,,
sub-04,V2,7PL,train,sub-10,linear_predictivity,638,106,0.02164704803243021,,"[10000.0, 10000.0, 10000.0, 10000.0, 10000.0]",0.08700223707005941,1.169583843792258,0.9127942865463187,0.9749424600723341
sub-04,V2,7PL,test,sub-10,linear_predictivity,638,106,0.07015312901622313,"[0.07090157324116578, 0.06235999380457269, 0.07906972416772884, 0.07280466397690692, 0.06562968989074139]",,,,,
sub-04,V2,7PC,train,sub-10,linear_predictivity,638,224,0.0022428641296323003,,"[10000.0, 10000.0, 10000.0, 31622.776601683796, 10000.0]",0.06499422852558588,1.205137232393549,0.9345347795368243,0.9919264175529419
sub-04,V2,7PC,test,sub-10,linear_predictivity,638,224,0.024275793011520882,"[0.03225927269215668, 0.026668179570580413, 0.02312625464427681, 0.013904255332437127, 0.025421002818153394]",,,,,
sub-04,V2,7Am,train,sub-10,linear_predictivity,638,186,0.004730900141077754,,"[31622.776601683796, 10000.0, 10000.0, 10000.0, 10000.0]",0.0671020533173756,1.203699836988208,0.9328048095324831,0.9900610391303724
sub-04,V2,7Am,test,sub-10,linear_predictivity,638,186,0.034271384433095776,"[0.02673292453363806, 0.03955137690523939, 0.03535365147237779, 0.03999446049997655, 0.029724508754247102]",,,,,
sub-04,V2,7AL,train,sub-10,linear_predictivity,638,158,0.0014211975812341389,,"[31622.776601683796, 10000.0, 10000.0, 31622.776601683796, 10000.0]",0.05657009626985447,1.2028572794817793,0.9431630877221469,0.9927632062704987
sub-04,V2,7AL,test,sub-10,linear_predictivity,638,158,0.030526704134684713,"[0.026707307041364054, 0.038347476993824334, 0.0277734467441799, 0.027496098835056063, 0.03230919105899924]",,,,,
sub-04,V2,VVC,train,sub-10,linear_predictivity,638,196,0.016235209909297464,,"[10000.0, 10000.0, 10000.0, 10000.0, 10000.0]",0.07990270883418085,1.1841405403564056,0.9198371910506893,0.979471011745856
sub-04,V2,VVC,test,sub-10,linear_predictivity,638,196,0.034930383132258845,"[0.03549532226111311, 0.03671582949232512, 0.034811458100609205, 0.02742585554522813, 0.04020345026201866]",,,,,
sub-04,V2,VMV2,train,sub-10,linear_predictivity,638,94,0.03255679041874633,,"[10000.0, 10000.0, 10000.0, 3162.277660168379, 10000.0]",0.11243501365105617,1.1705169465328917,0.8872470663130896,0.9630354749179268
sub-04,V2,VMV2,test,sub-10,linear_predictivity,638,94,0.08213918880573043,"[0.08223362117270878, 0.07318200749326893, 0.07451399092587135, 0.09711130921573392, 0.08365501522106909]",,,,,
sub-04,V2,VMV3,train,sub-10,linear_predictivity,638,98,0.025851515955716515,,"[10000.0, 10000.0, 10000.0, 3162.277660168379, 10000.0]",0.10487940936612436,1.1715963757671766,0.8949650287743889,0.9696924598845238
sub-04,V2,VMV3,test,sub-10,linear_predictivity,638,98,0.03118168882818963,"[0.035765460161284963, 0.026572118063725753, 0.026870045349307013, 0.03394713564115198, 0.032753684925478435]",,,,,
sub-04,V2,VMV1,train,sub-10,linear_predictivity,638,42,0.02737296276908732,,"[10000.0, 10000.0, 10000.0, 10000.0, 10000.0]",0.0914019748753669,1.198135492461598,0.9082662207371831,0.9669189946475395
sub-04,V2,VMV1,test,sub-10,linear_predictivity,638,42,0.08027223500929417,"[0.0850017655767054, 0.08106913237322737, 0.07744314225584992, 0.07997499221741068, 0.0778721426232775]",,,,,
sub-04,V2,PHA2,train,sub-10,linear_predictivity,638,21,0.010426731805144925,,"[10000.0, 10000.0, 10000.0, 10000.0, 10000.0]",0.08024339495145798,1.1958041926852636,0.919442742603344,0.9841714939703319
sub-04,V2,PHA2,test,sub-10,linear_predictivity,638,21,0.043905957824739925,"[0.050129424417020084, 0.03817171347672475, 0.033844851480721576, 0.05157842456660271, 0.04580537518263047]",,,,,
sub-04,V2,PHA3,train,sub-10,linear_predictivity,638,104,0.017702614097212924,,"[10000.0, 10000.0, 10000.0, 10000.0, 10000.0]",0.08368761786744364,1.1842487253096619,0.916042027716589,0.9779163620040068
sub-04,V2,PHA3,test,sub-10,linear_predictivity,638,104,0.06906297924231278,"[0.07351913078538831, 0.06176445461437585, 0.06316412318860519, 0.07258418124311297, 0.07428300638008158]",,,,,
sub-04,V2,PH,train,sub-10,linear_predictivity,638,261,0.03203060262051713,,"[3162.277660168379, 3162.277660168379, 3162.277660168379, 3162.277660168379, 3162.277660168379]",0.15989862805018515,1.1670242039354028,0.8399044176829971,0.9643527639284531
sub-04,V2,PH,test,sub-10,linear_predictivity,638,261,0.06364250625711348,"[0.06656694536589469, 0.06527673176084163, 0.058632110602953716, 0.056491975338498056, 0.07124476821737934]",,,,,
sub-04,V3,V1,train,sub-10,linear_predictivity,520,553,0.13091714741463029,,"[3162.277660168379, 3162.277660168379, 3162.277660168379, 3162.277660168379, 3162.277660168379]",0.2200518409786545,1.0361027999941357,0.7797267101769492,0.8651844470254033
sub-04,V3,V1,test,sub-10,linear_predictivity,520,553,0.21678651102013605,"[0.21439335057916692, 0.2151733110293114, 0.21656796754743532, 0.22385980269863395, 0.21393812324613257]",,,,,
sub-04,V3,V2,train,sub-10,linear_predictivity,520,516,0.14218890141206672,,"[3162.277660168379, 3162.277660168379, 3162.277660168379, 3162.277660168379, 3162.277660168379]",0.2302835145157777,1.0312131461273883,0.7694762223448015,0.8537289203353197
sub-04,V3,V2,test,sub-10,linear_predictivity,520,516,0.23317435420420168,"[0.23085093650371827, 0.23218048701873956, 0.23401340848372654, 0.23755568872293256, 0.2312712502918915]",,,,,
sub-04,V3,V3,train,sub-10,linear_predictivity,520,400,0.17710124953945422,,"[3162.277660168379, 3162.277660168379, 1000.0, 3162.277660168379, 3162.277660168379]",0.2748489874733823,1.0069364004593535,0.7251039057918245,0.8197600079699724
sub-04,V3,V3,test,sub-10,linear_predictivity,520,400,0.28214901932069564,"[0.27642890116288477, 0.279512812332837, 0.29334620642095255, 0.28300668969069265, 0.27845048699611136]",,,,,
sub-04,V3,V4,train,sub-10,linear_predictivity,520,574,0.13778876159462072,,"[3162.277660168379, 3162.277660168379, 1000.0, 3162.277660168379, 1000.0]",0.2539601382333674,1.0300798364408044,0.7460058086039548,0.859001076123986
sub-04,V3,V4,test,sub-10,linear_predictivity,520,574,0.24061801988085324,"[0.22944380966544417, 0.22915361062105616, 0.2535255564890241, 0.2333419978457854, 0.25762512478295635]",,,,,
sub-04,V3,V3A,train,sub-10,linear_predictivity,520,85,0.08663007630280259,,"[3162.277660168379, 3162.277660168379, 3162.277660168379, 3162.277660168379, 3162.277660168379]",0.1744037912880102,1.0793037586468455,0.825393182051249,0.9097517245289801
sub-04,V3,V3A,test,sub-10,linear_predictivity,520,85,0.18562649611210624,"[0.18838736460934288, 0.1844689373405959, 0.18347478535029668, 0.18744481243304656, 0.18435658082724918]",,,,,
sub-04,V3,V3B,train,sub-10,linear_predictivity,520,99,0.06718627056435354,,"[3162.277660168379, 3162.277660168379, 3162.277660168379, 3162.277660168379, 3162.277660168379]",0.15603287009652939,1.0741151748929798,0.8438045569559847,0.9299789881053139
sub-04,V3,V3B,test,sub-10,linear_predictivity,520,99,0.15165971231410091,"[0.15803257812656177, 0.14828509769497256, 0.14724675697806974, 0.1508025149823108, 0.15393161378858963]",,,,,
sub-04,V3,V6,train,sub-10,linear_predictivity,520,11,0.0339440369024018,,"[3162.277660168379, 3162.277660168379, 3162.277660168379, 3162.277660168379, 3162.277660168379]",0.12984478257704896,1.1015514584500206,0.8699506781127642,0.9627743493843589
sub-04,V3,V6,test,sub-10,linear_predictivity,520,11,0.10919568173410026,"[0.11136641729051931, 0.11754458805713379, 0.09392435054684317, 0.1131622150239716, 0.1099808377520334]",,,,,
sub-04,V3,V6A,train,sub-10,linear_predictivity,520,45,0.03154568808096626,,"[10000.0, 3162.277660168379, 3162.277660168379, 3162.277660168379, 3162.277660168379]",0.1141397591945748,1.1220284818255177,0.886006091665025,0.9656476037231168
sub-04,V3,V6A,test,sub-10,linear_predictivity,520,45,0.11157453285218755,"[0.0943549389151578, 0.1114049493511504, 0.13345010754347203, 0.11072911537974509, 0.1079335530714124]",,,,,
sub-04,V3,V7,train,sub-10,linear_predictivity,520,61,0.06512213568352948,,"[3162.277660168379, 1000.0, 1000.0, 3162.277660168379, 1000.0]",0.20323532187214735,1.084967896365381,0.796833584299,0.9326807569135932
sub-04,V3,V7,test,sub-10,linear_predictivity,520,61,0.13000986848364132,"[0.12022047639457238, 0.1396464552842638, 0.15594420479157423, 0.10499075635046279, 0.12924744959733334]",,,,,
sub-04,V3,V8,train,sub-10,linear_predictivity,520,96,0.10107729342670398,,"[3162.277660168379, 3162.277660168379, 3162.277660168379, 3162.277660168379, 3162.277660168379]",0.19103186821876544,1.051574757403864,0.8087366470133635,0.8950278378072044
sub-04,V3,V8,test,sub-10,linear_predictivity,520,96,0.20626836617611483,"[0.21640106008562268, 0.20239659502187113, 0.20895453829300595, 0.2000656364672819, 0.20352400101279258]",,,,,
sub-04,V3,FFC,train,sub-10,linear_predictivity,520,244,0.050608780332348655,,"[3162.277660168379, 3162.277660168379, 3162.277660168379, 3162.277660168379, 3162.277660168379]",0.14751216228228936,1.097152251407367,0.8523218440312362,0.9465700593154314
sub-04,V3,FFC,test,sub-10,linear_predictivity,520,244,0.12329849737444479,"[0.11805955930329387, 0.1195149142233762, 0.12647175335341368, 0.12163054800748672, 0.13081571198465347]",,,,,
sub-04,V3,PIT,train,sub-10,linear_predictivity,520,100,0.07928814212238218,,"[3162.277660168379, 3162.277660168379, 3162.277660168379, 3162.277660168379, 3162.277660168379]",0.17176165828066672,1.077064256923581,0.8280969819665011,0.9180984357034078
sub-04,V3,PIT,test,sub-10,linear_predictivity,520,100,0.15372380147577402,"[0.14474081989324947, 0.14734239807660882, 0.15971656307022575, 0.1545272006549936, 0.16229202568379247]",,,,,
sub-04,V3,IPS1,train,sub-10,linear_predictivity,520,166,0.029380672760890462,,"[3162.277660168379, 3162.277660168379, 3162.277660168379, 3162.277660168379, 3162.277660168379]",0.12482199228510305,1.1031563059128313,0.8749242338067493,0.9661848353629617
sub-04,V3,IPS1,test,sub-10,linear_predictivity,520,166,0.0972695590761637,"[0.10214550954279976, 0.09341308369881735, 0.10685997011791556, 0.09091627045217825, 0.0930129615691076]",,,,,
sub-04,V3,MST,train,sub-10,linear_predictivity,520,135,0.09899947515014158,,"[1000.0, 1000.0, 1000.0, 1000.0, 1000.0]",0.2637669118653994,1.0490807321402857,0.7360651252297487,0.8978735486297046
sub-04,V3,MST,test,sub-10,linear_predictivity,520,135,0.24111669143020986,"[0.225731309977114, 0.2570320241670801, 0.2312073275204624, 0.24810147776853603, 0.24351131771785672]",,,,,
sub-04,V3,MT,train,sub-10,linear_predictivity,520,86,0.10821425669008959,,"[1000.0, 1000.0, 1000.0, 1000.0, 1000.0]",0.27566688983809173,1.0429221851424881,0.7241747137661021,0.8886677448430124
sub-04,V3,MT,test,sub-10,linear_predictivity,520,86,0.23029439053077652,"[0.2228037604265709, 0.23223164996727597, 0.22371363594702579, 0.24028023819851785, 0.23244266811449202]",,,,,
sub-04,V3,FST,train,sub-10,linear_predictivity,520,167,0.06611600205845486,,"[1000.0, 1000.0, 1000.0, 3162.277660168379, 1000.0]",0.22350893039998398,1.0784338072987691,0.7760262673553009,0.9297641408244506
sub-04,V3,FST,test,sub-10,linear_predictivity,520,167,0.15353749728356855,"[0.14623794294582598, 0.1642289342649887, 0.15590140643893288, 0.1287835828136641, 0.17253561995443112]",,,,,
sub-04,V3,LO1,train,sub-10,linear_predictivity,520,78,0.10829505289034361,,"[3162.277660168379, 3162.277660168379, 3162.277660168379, 3162.277660168379, 1000.0]",0.213599390149707,1.0431575878785,0.7862139881602428,0.8887119611786215
sub-04,V3,LO1,test,sub-10,linear_predictivity,520,78,0.18947468838642786,"[0.1900927350902476, 0.18004290071866297, 0.17939879783739698, 0.19172600336678733, 0.20611300491904452]",,,,,
sub-04,V3,LO2,train,sub-10,linear_predictivity,520,80,0.07312047058027371,,"[3162.277660168379, 3162.277660168379, 3162.277660168379, 3162.277660168379, 1000.0]",0.18638147416735187,1.0760890993659098,0.8133378067329409,0.9240498530504666
sub-04,V3,LO2,test,sub-10,linear_predictivity,520,80,0.17230341772473218,"[0.16216128558301385, 0.16366089498524686, 0.1720553947625904, 0.1731833566028708, 0.19045615668993898]",,,,,
sub-04,V3,LO3,train,sub-10,linear_predictivity,520,113,0.08190006927544978,,"[1000.0, 1000.0, 1000.0, 1000.0, 1000.0]",0.255489383670774,1.058859211713779,0.7442945770166318,0.9135688935354314
sub-04,V3,LO3,test,sub-10,linear_predictivity,520,113,0.14559300471577347,"[0.14775041027597435, 0.1225594909047077, 0.1431755927664616, 0.14999349474455298, 0.16448603488717056]",,,,,
sub-04,V3,V7,train,sub-10,linear_predictivity,520,61,0.06512213568352948,,"[3162.277660168379, 1000.0, 1000.0, 3162.277660168379, 1000.0]",0.20323532187214735,1.084967896365381,0.796833584299,0.9326807569135932
sub-04,V3,V7,test,sub-10,linear_predictivity,520,61,0.13000986848364132,"[0.12022047639457238, 0.1396464552842638, 0.15594420479157423, 0.10499075635046279, 0.12924744959733334]",,,,,
sub-04,V3,IP0,train,sub-10,linear_predictivity,520,103,0.03231714379304508,,"[3162.277660168379, 3162.277660168379, 3162.277660168379, 3162.277660168379, 3162.277660168379]",0.12801298623140214,1.107063884799473,0.8717813409197561,0.9638222057705145
sub-04,V3,IP0,test,sub-10,linear_predictivity,520,103,0.08244812345874325,"[0.08550453430406042, 0.08183631300984226, 0.08299355240968323, 0.07714534746877115, 0.08476087010135912]",,,,,
sub-04,V3,IP1,train,sub-10,linear_predictivity,520,33,-0.007403180832274587,,"[31622.776601683796, 10000.0, 10000.0, 316227.7660168379, 31622.776601683796]",0.03143613547351369,1.1495867865287615,0.9681331918715523,1.004172894334689
sub-04,V3,IP1,test,sub-10,linear_predictivity,520,33,0.0026994811658785853,"[0.0013572619625079338, 0.002885783363768196, 0.002413654399502218, -0.001937357942796255, 0.008778064046410834]",,,,,
sub-04,V3,MIP,train,sub-10,linear_predictivity,520,178,0.007425318307266216,,"[3162.277660168379, 3162.277660168379, 3162.277660168379, 3162.277660168379, 10000.0]",0.1026823696640183,1.115926213218082,0.8970411506560811,0.9869748862006616
sub-04,V3,MIP,test,sub-10,linear_predictivity,520,178,0.05372949151105315,"[0.06399433237420113, 0.05250015384277849, 0.06172583129461316, 0.054693268892792704, 0.035733871150880295]",,,,,
sub-04,V3,VIP,train,sub-10,linear_predictivity,520,100,0.023866619007202473,,"[3162.277660168379, 3162.277660168379, 3162.277660168379, 3162.277660168379, 3162.277660168379]",0.12418088744175078,1.098343292933731,0.8756192368490364,0.9726398138637362
sub-04,V3,VIP,test,sub-10,linear_predictivity,520,100,0.09610808309706556,"[0.11150132961258472, 0.08985269433683062, 0.1139495986897801, 0.08031580986695744, 0.08492098297917496]",,,,,
sub-04,V3,LIPd,train,sub-10,linear_predictivity,520,31,-0.006880565409073179,,"[1000000.0, 10000.0, 31622.776601683796, 100000.0, 100000.0]",0.017244563587946543,1.1560065376087012,0.9825457248372453,1.0036416023403258
sub-04,V3,LIPd,test,sub-10,linear_predictivity,520,31,0.003136488334375534,"[-0.0009528806864634542, 0.0052558279354716205, 0.00984480842338402, -0.0038319958642519768, 0.005366681863737458]",,,,,
sub-04,V3,LIPv,train,sub-10,linear_predictivity,520,75,0.013892571134697477,,"[3162.277660168379, 3162.277660168379, 3162.277660168379, 3162.277660168379, 3162.277660168379]",0.11127910600996274,1.120606065839715,0.8885258510974161,0.9825089746149948
sub-04,V3,LIPv,test,sub-10,linear_predictivity,520,75,0.04880830103184214,"[0.04698737488929592, 0.049359485048056276, 0.05527708571244645, 0.03710930120471344, 0.055308258304698585]",,,,,
sub-04,V3,AIP,train,sub-10,linear_predictivity,520,409,-0.005200024662820327,,"[10000.0, 3162.277660168379, 10000.0, 10000.0, 10000.0]",0.06541647228018707,1.1344429308080113,0.9340052689608728,0.998568925388186
sub-04,V3,AIP,test,sub-10,linear_predictivity,520,409,0.0159798237017247,"[0.010199218754941263, 0.027951059666090773, 0.008809712863458607, 0.01612232951271616, 0.01681679771141669]",,,,,
sub-04,V3,7Pm,train,sub-10,linear_predictivity,520,21,0.010419973249370848,,"[10000.0, 10000.0, 10000.0, 10000.0, 31622.776601683796]",0.055054988681027595,1.1379743748450006,0.9446809333881037,0.9862573747504395
sub-04,V3,7Pm,test,sub-10,linear_predictivity,520,21,0.04325190319005049,"[0.04781459214040663, 0.04230804005184843, 0.052517445311154924, 0.04297655642194505, 0.0306428820248974]",,,,,
sub-04,V3,7PL,train,sub-10,linear_predictivity,520,106,0.026041671090522238,,"[3162.277660168379, 3162.277660168379, 3162.277660168379, 3162.277660168379, 3162.277660168379]",0.1267626433679259,1.1029820860555486,0.8730039277538795,0.970078655495227
sub-04,V3,7PL,test,sub-10,linear_predictivity,520,106,0.11315608859925338,"[0.12373407638740719, 0.09446718549226359, 0.12576781586306332, 0.1148952415236862, 0.10691612372984666]",,,,,
sub-04,V3,7PC,train,sub-10,linear_predictivity,520,224,0.010694763368647869,,"[10000.0, 3162.277660168379, 3162.277660168379, 3162.277660168379, 3162.277660168379]",0.1052869679854388,1.1266683368401733,0.894353743100778,0.9831248648666044
sub-04,V3,7PC,test,sub-10,linear_predictivity,520,224,0.05080206383103737,"[0.03549816422052666, 0.061684730597907515, 0.05575283372788676, 0.042841308012303916, 0.058233282596562]",,,,,
sub-04,V3,7Am,train,sub-10,linear_predictivity,520,186,0.006410775246887804,,"[10000.0, 10000.0, 10000.0, 10000.0, 10000.0]",0.06106408504862019,1.129148080840545,0.9386158270158333,0.9881902052537784
sub-04,V3,7Am,test,sub-10,linear_predictivity,520,186,0.04219877836878392,"[0.046204261663921956, 0.042709642196757366, 0.041311423492529115, 0.046902406053057996, 0.03386615843765318]",,,,,
sub-04,V3,7AL,train,sub-10,linear_predictivity,520,158,0.00403316181340178,,"[10000.0, 10000.0, 10000.0, 10000.0, 10000.0]",0.05791427764245625,1.1369785845919171,0.9417431612161519,0.9900971161557054
sub-04,V3,7AL,test,sub-10,linear_predictivity,520,158,0.026526332109672764,"[0.025826737894485138, 0.033790852066365125, 0.02537055009994669, 0.023877451524714002, 0.023766068962852858]",,,,,
sub-04,V3,VVC,train,sub-10,linear_predictivity,520,196,0.0294392478154261,,"[3162.277660168379, 3162.277660168379, 3162.277660168379, 3162.277660168379, 3162.277660168379]",0.12715416575055188,1.1116639122340186,0.8725955742565091,0.9660839835461621
sub-04,V3,VVC,test,sub-10,linear_predictivity,520,196,0.0886529585344121,"[0.09013804555578186, 0.0857375804438023, 0.08939211536675391, 0.08171658298248168, 0.09628046832324079]",,,,,
sub-04,V3,VMV2,train,sub-10,linear_predictivity,520,94,0.043128583756841,,"[1000.0, 3162.277660168379, 3162.277660168379, 1000.0, 3162.277660168379]",0.17749863484307282,1.0810282744042072,0.82204417710885,0.9521065102104604
sub-04,V3,VMV2,test,sub-10,linear_predictivity,520,94,0.1524126349421065,"[0.17995558123766323, 0.12913055664021675, 0.13550131452874398, 0.17216295622355968, 0.14531276608034893]",,,,,
sub-04,V3,VMV3,train,sub-10,linear_predictivity,520,98,0.05018676489515618,,"[1000.0, 1000.0, 1000.0, 1000.0, 3162.277660168379]",0.216026481200291,1.0737122691553496,0.7836401286600921,0.9441090585440893
sub-04,V3,VMV3,test,sub-10,linear_predictivity,520,98,0.13235127942675634,"[0.16152758747633444, 0.13096791189529786, 0.13419550269026645, 0.12834825779320477, 0.1067171372786781]",,,,,
sub-04,V3,VMV1,train,sub-10,linear_predictivity,520,42,0.03149862031000946,,"[3162.277660168379, 3162.277660168379, 3162.277660168379, 3162.277660168379, 3162.277660168379]",0.13130702214791531,1.1040295544960095,0.8683779952835172,0.9627773119059132
sub-04,V3,VMV1,test,sub-10,linear_predictivity,520,42,0.11073513349505651,"[0.11520198794065103, 0.11089475986031189, 0.10770221375088049, 0.10835323684509308, 0.11152346907834601]",,,,,
sub-04,V3,PHA2,train,sub-10,linear_predictivity,520,21,0.015387607454024205,,"[3162.277660168379, 3162.277660168379, 3162.277660168379, 3162.277660168379, 3162.277660168379]",0.12244065558633085,1.1068399542576106,0.8772749030323554,0.9793164404546587
sub-04,V3,PHA2,test,sub-10,linear_predictivity,520,21,0.08673704170909162,"[0.08363971548187496, 0.07660856488400497, 0.08334202768518664, 0.10089351388718024, 0.0892013866072113]",,,,,
sub-04,V3,PHA3,train,sub-10,linear_predictivity,520,104,0.02680843580851462,,"[3162.277660168379, 3162.277660168379, 3162.277660168379, 3162.277660168379, 3162.277660168379]",0.1286866051112004,1.102178433031352,0.8710262915430296,0.9683179918896118
sub-04,V3,PHA3,test,sub-10,linear_predictivity,520,104,0.12225196900241275,"[0.1301828511870615, 0.10404110020670763, 0.11673119418078612, 0.13210374027740732, 0.1282009591601012]",,,,,
sub-04,V3,PH,train,sub-10,linear_predictivity,520,261,0.044128973439470996,,"[3162.277660168379, 3162.277660168379, 3162.277660168379, 3162.277660168379, 3162.277660168379]",0.1398242500263842,1.100128853983868,0.8599707873004181,0.9522369618258034
sub-04,V3,PH,test,sub-10,linear_predictivity,520,261,0.09391676539671498,"[0.08903145841395814, 0.09622377140729371, 0.09280712239724036, 0.09130076202796719, 0.10022071273711551]",,,,,
sub-04,V4,V1,train,sub-10,linear_predictivity,610,553,0.12790385688039171,,"[3162.277660168379, 3162.277660168379, 3162.277660168379, 3162.277660168379, 3162.277660168379]",0.2310643638624323,1.0552581602065318,0.7687295784472272,0.8683341890427402
sub-04,V4,V1,test,sub-10,linear_predictivity,610,553,0.2172588684240814,"[0.21635594070515635, 0.2116448434382978, 0.21730548591593754, 0.22404155340993223, 0.2169465186510831]",,,,,
sub-04,V4,V2,train,sub-10,linear_predictivity,610,516,0.13593069076336078,,"[3162.277660168379, 3162.277660168379, 3162.277660168379, 3162.277660168379, 3162.277660168379]",0.23845800373039228,1.047819490764157,0.7613080371386857,0.8599404869030561
sub-04,V4,V2,test,sub-10,linear_predictivity,610,516,0.2256985585251147,"[0.22386108664729343, 0.22216292194772946, 0.22703802582550528, 0.2300282567361832, 0.22540250146886215]",,,,,
sub-04,V4,V3,train,sub-10,linear_predictivity,610,400,0.1784359451326516,,"[3162.277660168379, 3162.277660168379, 3162.277660168379, 3162.277660168379, 3162.277660168379]",0.27144107385025246,1.0179368793413357,0.7283742444327932,0.8184753685852874
sub-04,V4,V3,test,sub-10,linear_predictivity,610,400,0.2878772885040114,"[0.28617712788894684, 0.28598237673406884, 0.28576246352116214, 0.29220320387660614, 0.289261270499273]",,,,,
sub-04,V4,V4,train,sub-10,linear_predictivity,610,574,0.17946747039878003,,"[3162.277660168379, 3162.277660168379, 3162.277660168379, 3162.277660168379, 3162.277660168379]",0.2733261835806257,1.014647272134671,0.726494507931865,0.8174503746730283
sub-04,V4,V4,test,sub-10,linear_predictivity,610,574,0.3165499593642548,"[0.31501943062371135, 0.3151239053393256, 0.3110539795756341, 0.3215893346639637, 0.31996314661863934]",,,,,
sub-04,V4,V3A,train,sub-10,linear_predictivity,610,85,0.11837864884698018,,"[3162.277660168379, 3162.277660168379, 3162.277660168379, 3162.277660168379, 3162.277660168379]",0.21701402600143402,1.0725508055449828,0.7827730243027402,0.8778742304319473
sub-04,V4,V3A,test,sub-10,linear_predictivity,610,85,0.22579038772449653,"[0.23301996948706477, 0.21909476725260285, 0.21631457155371756, 0.23490556699420484, 0.2256170633348925]",,,,,
sub-04,V4,V3B,train,sub-10,linear_predictivity,610,99,0.13573421873965988,,"[3162.277660168379, 3162.277660168379, 3162.277660168379, 3162.277660168379, 3162.277660168379]",0.2325296586178705,1.0487184263513938,0.7673042217380498,0.8614631873865726
sub-04,V4,V3B,test,sub-10,linear_predictivity,610,99,0.2526377410035523,"[0.26082023399111703, 0.2441103433218463, 0.24302485152940337, 0.26525138130831444, 0.24998189486708033]",,,,,
sub-04,V4,V6,train,sub-10,linear_predictivity,610,11,0.06943719741529293,,"[3162.277660168379, 3162.277660168379, 3162.277660168379, 3162.277660168379, 3162.277660168379]",0.17499486564374125,1.1054681024072068,0.8247945810006083,0.9270642970307849
sub-04,V4,V6,test,sub-10,linear_predictivity,610,11,0.15724431691921373,"[0.15435261350477517, 0.1574849365417246, 0.14871040676488878, 0.16965240783556865, 0.15602121994911142]",,,,,
sub-04,V4,V6A,train,sub-10,linear_predictivity,610,45,0.08786651478437642,,"[3162.277660168379, 3162.277660168379, 3162.277660168379, 3162.277660168379, 3162.277660168379]",0.19332724195483122,1.0934971871930486,0.8065033853089233,0.9090170272908598
sub-04,V4,V6A,test,sub-10,linear_predictivity,610,45,0.19227604606525517,"[0.1975424041190622, 0.19138688581564817, 0.19452942520804592, 0.19790610353909147, 0.1800154116444281]",,,,,
sub-04,V4,V7,train,sub-10,linear_predictivity,610,61,0.13550891687089528,,"[3162.277660168379, 3162.277660168379, 3162.277660168379, 3162.277660168379, 3162.277660168379]",0.2348380734331692,1.0529636706852792,0.7649878506754061,0.861356216508322
sub-04,V4,V7,test,sub-10,linear_predictivity,610,61,0.23256116141272076,"[0.23275490501296983, 0.24192788723464256, 0.23306107260591039, 0.22665629083032943, 0.22840565137975163]",,,,,
sub-04,V4,V8,train,sub-10,linear_predictivity,610,96,0.1573993219482154,,"[3162.277660168379, 3162.277660168379, 3162.277660168379, 3162.277660168379, 3162.277660168379]",0.25314339636276384,1.033119582148401,0.746646465143697,0.8389452718383803
sub-04,V4,V8,test,sub-10,linear_predictivity,610,96,0.30976488674576114,"[0.3189623763118825, 0.30787242441185725, 0.30972664091387986, 0.3100135202332372, 0.30224947185794887]",,,,,
sub-04,V4,FFC,train,sub-10,linear_predictivity,610,244,0.11328244558855285,,"[3162.277660168379, 3162.277660168379, 3162.277660168379, 3162.277660168379, 3162.277660168379]",0.215388457310474,1.0724828335910292,0.7844430997041207,0.8839015706950878
sub-04,V4,FFC,test,sub-10,linear_predictivity,610,244,0.24943266002266745,"[0.24973313817952353, 0.24710047692132955, 0.25196176509912377, 0.24494870274685904, 0.2534192171665013]",,,,,
sub-04,V4,PIT,train,sub-10,linear_predictivity,610,100,0.1318679013479857,,"[3162.277660168379, 3162.277660168379, 3162.277660168379, 3162.277660168379, 3162.277660168379]",0.2294398975705132,1.0629079051312527,0.7703901178491137,0.865287926007394
sub-04,V4,PIT,test,sub-10,linear_predictivity,610,100,0.24612375657679605,"[0.24125775158706983, 0.23891897096001394, 0.24843176295145095, 0.2446862100725674, 0.2573240873128781]",,,,,
sub-04,V4,IPS1,train,sub-10,linear_predictivity,610,166,0.09017354809919659,,"[3162.277660168379, 3162.277660168379, 3162.277660168379, 3162.277660168379, 3162.277660168379]",0.19606411003360655,1.1002732744415755,0.8036881415023462,0.905456002090833
sub-04,V4,IPS1,test,sub-10,linear_predictivity,610,166,0.22540913766795292,"[0.22680127809929893, 0.22831336642137912, 0.23096311880344197, 0.22176961006267085, 0.2191983149529737]",,,,,
sub-04,V4,MST,train,sub-10,linear_predictivity,610,135,0.18970342492865347,,"[1000.0, 1000.0, 1000.0, 1000.0, 1000.0]",0.35808254087015445,1.0061820771410301,0.6417036738772757,0.8063268639602134
sub-04,V4,MST,test,sub-10,linear_predictivity,610,135,0.3400932847074955,"[0.3299980951515999, 0.3487485205777432, 0.3373676673156865, 0.3432870288955069, 0.3410651115969411]",,,,,
sub-04,V4,MT,train,sub-10,linear_predictivity,610,86,0.19137919325794506,,"[1000.0, 1000.0, 1000.0, 1000.0, 1000.0]",0.3610991082672348,1.0055862025503253,0.6387262616742129,0.8053840106519775
sub-04,V4,MT,test,sub-10,linear_predictivity,610,86,0.34987554558897366,"[0.34620390370864285, 0.355891469698266, 0.346883498736693, 0.3481633409927572, 0.35223551480850934]",,,,,
sub-04,V4,FST,train,sub-10,linear_predictivity,610,167,0.17597867272007636,,"[1000.0, 1000.0, 1000.0, 1000.0, 1000.0]",0.35324454940016337,1.0207227239277623,0.6464631045716868,0.8174717210483827
sub-04,V4,FST,test,sub-10,linear_predictivity,610,167,0.30626569268264775,"[0.3085047107966328, 0.31210153738500623, 0.29733325558601326, 0.3012425951263038, 0.3121463645192827]",,,,,
sub-04,V4,LO1,train,sub-10,linear_predictivity,610,78,0.2023831495064897,,"[1000.0, 1000.0, 1000.0, 1000.0, 3162.277660168379]",0.35460974718968286,0.99560075838172,0.6452067700342538,0.7939558915324042
sub-04,V4,LO1,test,sub-10,linear_predictivity,610,78,0.349635127013614,"[0.3576959483388942, 0.3499780665590837, 0.34904218210676957, 0.36331625070384044, 0.32814318735948195]",,,,,
sub-04,V4,LO2,train,sub-10,linear_predictivity,610,80,0.14771012495937097,,"[3162.277660168379, 3162.277660168379, 3162.277660168379, 3162.277660168379, 3162.277660168379]",0.2431981237114551,1.0501170246795177,0.7566292421543334,0.8495011207530141
sub-04,V4,LO2,test,sub-10,linear_predictivity,610,80,0.2870410167147038,"[0.2882177653934159, 0.28674066766108486, 0.2856002000900682, 0.2846084150935364, 0.29003803533541356]",,,,,
sub-04,V4,LO3,train,sub-10,linear_predictivity,610,113,0.17680040955362325,,"[3162.277660168379, 1000.0, 1000.0, 1000.0, 3162.277660168379]",0.3234587697444004,1.013181724674133,0.6763723923650754,0.8187556872888377
sub-04,V4,LO3,test,sub-10,linear_predictivity,610,113,0.3109769658195892,"[0.29316052582335506, 0.3130471530776325, 0.32534284421623993, 0.3277069186453697, 0.295627387335349]",,,,,
sub-04,V4,V7,train,sub-10,linear_predictivity,610,61,0.13550891687089528,,"[3162.277660168379, 3162.277660168379, 3162.277660168379, 3162.277660168379, 3162.277660168379]",0.2348380734331692,1.0529636706852792,0.7649878506754061,0.861356216508322
sub-04,V4,V7,test,sub-10,linear_predictivity,610,61,0.23256116141272076,"[0.23275490501296983, 0.24192788723464256, 0.23306107260591039, 0.22665629083032943, 0.22840565137975163]",,,,,
sub-04,V4,IP0,train,sub-10,linear_predictivity,610,103,0.08868256035531676,,"[3162.277660168379, 3162.277660168379, 3162.277660168379, 3162.277660168379, 3162.277660168379]",0.1931349101825417,1.094946766114326,0.8066346270922707,0.9069821309273095
sub-04,V4,IP0,test,sub-10,linear_predictivity,610,103,0.18965976958408742,"[0.19213635874996965, 0.18211169630090684, 0.18831674702628304, 0.19329255842556523, 0.19244148741771222]",,,,,
sub-04,V4,IP1,train,sub-10,linear_predictivity,610,33,0.02521426095071051,,"[10000.0, 10000.0, 10000.0, 10000.0, 10000.0]",0.0814687208875085,1.1489190680925219,0.9183132109416168,0.9712181245977268
sub-04,V4,IP1,test,sub-10,linear_predictivity,610,33,0.07662754860721073,"[0.07191307176267041, 0.07841000191328788, 0.07691882147500854, 0.07553469542104323, 0.08036115246404359]",,,,,
sub-04,V4,MIP,train,sub-10,linear_predictivity,610,178,0.04386652318520821,,"[10000.0, 10000.0, 10000.0, 10000.0, 10000.0]",0.1007050432827747,1.1407463140789131,0.8989547478605058,0.9504362230870445
sub-04,V4,MIP,test,sub-10,linear_predictivity,610,178,0.09586988440767022,"[0.09634089504534157, 0.09855646950663728, 0.09399293752801861, 0.09900845111838938, 0.09145066883996429]",,,,,
sub-04,V4,VIP,train,sub-10,linear_predictivity,610,100,0.08377006877481816,,"[3162.277660168379, 3162.277660168379, 3162.277660168379, 3162.277660168379, 3162.277660168379]",0.18772960366643288,1.1061844877879197,0.8120976886886069,0.9129249362099967
sub-04,V4,VIP,test,sub-10,linear_predictivity,610,100,0.18131619987825076,"[0.18621262203075958, 0.19050280288315138, 0.19193954679346667, 0.17168248511808148, 0.16624354256579463]",,,,,
sub-04,V4,LIPd,train,sub-10,linear_predictivity,610,31,0.008668825761423698,,"[10000.0, 10000.0, 10000.0, 10000.0, 10000.0]",0.06580573186721311,1.1651104252884408,0.9340086649010388,0.9882341280442934
sub-04,V4,LIPd,test,sub-10,linear_predictivity,610,31,0.028798476332106127,"[0.026398374526640372, 0.03560529788946812, 0.03358984647688118, 0.020109051981723573, 0.028289810785817392]",,,,,
sub-04,V4,LIPv,train,sub-10,linear_predictivity,610,75,0.04369854605493506,,"[10000.0, 3162.277660168379, 3162.277660168379, 3162.277660168379, 10000.0]",0.1330252560589676,1.1386852144216417,0.866770940359795,0.9524986041447242
sub-04,V4,LIPv,test,sub-10,linear_predictivity,610,75,0.09013169492432817,"[0.08527556247529454, 0.09102043512293789, 0.09979593553616516, 0.08472468458567017, 0.08984185690157304]",,,,,
sub-04,V4,AIP,train,sub-10,linear_predictivity,610,409,0.02013582131103242,,"[10000.0, 3162.277660168379, 3162.277660168379, 10000.0, 10000.0]",0.11236288538070079,1.1426464040633493,0.8869451939632162,0.9723730647403899
sub-04,V4,AIP,test,sub-10,linear_predictivity,610,409,0.06590146243465422,"[0.05883135994549584, 0.07929492820266643, 0.062270262972993276, 0.059863373053585155, 0.06924738799853039]",,,,,
sub-04,V4,7Pm,train,sub-10,linear_predictivity,610,21,0.04302882310593972,,"[10000.0, 10000.0, 10000.0, 10000.0, 10000.0]",0.09469036996012403,1.1408451033560338,0.9051055059962764,0.9535228687832241
sub-04,V4,7Pm,test,sub-10,linear_predictivity,610,21,0.08419050809351307,"[0.08071159125587589, 0.08683310829240402, 0.08716155015012042, 0.08994316408889305, 0.07630312668027193]",,,,,
sub-04,V4,7PL,train,sub-10,linear_predictivity,610,106,0.07806583433277857,,"[3162.277660168379, 3162.277660168379, 3162.277660168379, 3162.277660168379, 3162.277660168379]",0.18211358067415398,1.12038959262029,0.8176685317035286,0.9181635185975647
sub-04,V4,7PL,test,sub-10,linear_predictivity,610,106,0.19350973693877113,"[0.1946311044433374, 0.19199007632025472, 0.1998829122876169, 0.1966726009130473, 0.18437199072959942]",,,,,
sub-04,V4,7PC,train,sub-10,linear_predictivity,610,224,0.0557879067526238,,"[3162.277660168379, 3162.277660168379, 3162.277660168379, 3162.277660168379, 3162.277660168379]",0.1704558789101363,1.1093479247647522,0.8291593847480225,0.9371831254429532
sub-04,V4,7PC,test,sub-10,linear_predictivity,610,224,0.11939499606958806,"[0.11811755062014598, 0.13239117424833652, 0.11614344755536735, 0.1034033139137526, 0.12691949401033792]",,,,,
sub-04,V4,7Am,train,sub-10,linear_predictivity,610,186,0.03282895170473288,,"[3162.277660168379, 3162.277660168379, 3162.277660168379, 3162.277660168379, 3162.277660168379]",0.14922882577504812,1.1305866303888243,0.8505183743908216,0.9621242777677501
sub-04,V4,7Am,test,sub-10,linear_predictivity,610,186,0.09607795112662679,"[0.0953511356201728, 0.1133428508344835, 0.08606745787303574, 0.10410932995332073, 0.08151898135212121]",,,,,
sub-04,V4,7AL,train,sub-10,linear_predictivity,610,158,0.03962734071425965,,"[10000.0, 3162.277660168379, 3162.277660168379, 3162.277660168379, 3162.277660168379]",0.1447495653156234,1.1313186221174925,0.8550809778871772,0.9542250404963412
sub-04,V4,7AL,test,sub-10,linear_predictivity,610,158,0.06450108695259824,"[0.04434006756056426, 0.08580927179648747, 0.06068975754148236, 0.06793249131428107, 0.06373384655017603]",,,,,
sub-04,V4,VVC,train,sub-10,linear_predictivity,610,196,0.08637498852746563,,"[3162.277660168379, 3162.277660168379, 3162.277660168379, 3162.277660168379, 3162.277660168379]",0.19321871264247648,1.0903149324886274,0.8065238710429231,0.9090555082143412
sub-04,V4,VVC,test,sub-10,linear_predictivity,610,196,0.20850887542443183,"[0.21175558149018592, 0.2079267532539404, 0.2110758820549555, 0.2064760012259112, 0.20531015909716618]",,,,,
sub-04,V4,VMV2,train,sub-10,linear_predictivity,610,94,0.1012325660738437,,"[3162.277660168379, 3162.277660168379, 3162.277660168379, 1000.0, 3162.277660168379]",0.22860155904383186,1.063336260007657,0.7710539497009179,0.8941006820885159
sub-04,V4,VMV2,test,sub-10,linear_predictivity,610,94,0.24163305164930865,"[0.24554222615517113, 0.2154039562080832, 0.23555683703451094, 0.27839255419992837, 0.2332696846488496]",,,,,
sub-04,V4,VMV3,train,sub-10,linear_predictivity,610,98,0.1505029367120967,,"[3162.277660168379, 3162.277660168379, 3162.277660168379, 3162.277660168379, 3162.277660168379]",0.2523304304243914,1.0313879933114856,0.7473766218165466,0.8442667691925069
sub-04,V4,VMV3,test,sub-10,linear_predictivity,610,98,0.281407163722122,"[0.29640414784081326, 0.2756923129841522, 0.2794389168278004, 0.2758108007728353, 0.2796896401850089]",,,,,
sub-04,V4,VMV1,train,sub-10,linear_predictivity,610,42,0.07799461523925873,,"[3162.277660168379, 3162.277660168379, 3162.277660168379, 3162.277660168379, 3162.277660168379]",0.18802089989363777,1.0827719806031009,0.8116768929416093,0.9165579982635117
sub-04,V4,VMV1,test,sub-10,linear_predictivity,610,42,0.19822822353226818,"[0.20685860149498356, 0.1955618837330241, 0.19747967432215238, 0.1964490059584172, 0.1947919521527637]",,,,,
sub-04,V4,PHA2,train,sub-10,linear_predictivity,610,21,0.04422693374653493,,"[3162.277660168379, 3162.277660168379, 3162.277660168379, 3162.277660168379, 3162.277660168379]",0.16047858246788915,1.1194637712542204,0.8392543526288405,0.9505445754286217
sub-04,V4,PHA2,test,sub-10,linear_predictivity,610,21,0.1616102353113362,"[0.15155578576550272, 0.15165200565558462, 0.15754838944223945, 0.17544568074658262, 0.1718493149467716]",,,,,
sub-04,V4,PHA3,train,sub-10,linear_predictivity,610,104,0.07344522349445992,,"[3162.277660168379, 3162.277660168379, 3162.277660168379, 3162.277660168379, 3162.277660168379]",0.18316239790192523,1.1048871309593054,0.8165109836274643,0.9212092683129847
sub-04,V4,PHA3,test,sub-10,linear_predictivity,610,104,0.2244151511758481,"[0.22950574782803604, 0.20736364183743453, 0.2204922131428853, 0.23677768100330143, 0.22793647206758308]",,,,,
sub-04,V4,PH,train,sub-10,linear_predictivity,610,261,0.11776634329127181,,"[3162.277660168379, 3162.277660168379, 3162.277660168379, 3162.277660168379, 3162.277660168379]",0.2202693465941536,1.0708762949117925,0.7795148789442807,0.8783682380299027
sub-04,V4,PH,test,sub-10,linear_predictivity,610,261,0.21989898958618997,"[0.21624235882214074, 0.2242769559108883, 0.21968163630339507, 0.21469996167655722, 0.22459403521796859]",,,,,
sub-04,V3A,V1,train,sub-10,linear_predictivity,232,553,0.031099293282523963,,"[1000.0, 1000.0, 3162.277660168379, 3162.277660168379, 3162.277660168379]",0.1009528486179468,1.020517330372309,0.8987508062875905,0.9647948170881904
sub-04,V3A,V1,test,sub-10,linear_predictivity,232,553,0.07533614442927182,"[0.08474890516525259, 0.08601557481339693, 0.06625608196702816, 0.07219872388428043, 0.06746143631640102]",,,,,
sub-04,V3A,V2,train,sub-10,linear_predictivity,232,516,0.03935062944386402,,"[1000.0, 1000.0, 1000.0, 3162.277660168379, 1000.0]",0.12352033606283848,1.0156903336619127,0.8762542865961496,0.9561301879566285
sub-04,V3A,V2,test,sub-10,linear_predictivity,232,516,0.07933779517964032,"[0.08395870072979615, 0.08537294983850875, 0.07773618277135272, 0.06850592583569572, 0.08111521672284826]",,,,,
sub-04,V3A,V3,train,sub-10,linear_predictivity,232,400,0.050554871773593905,,"[1000.0, 1000.0, 1000.0, 1000.0, 1000.0]",0.13865830545434854,1.0105684187515942,0.8611299944530376,0.9457689015825949
sub-04,V3A,V3,test,sub-10,linear_predictivity,232,400,0.09253314641619644,"[0.09175180321767923, 0.0963084304848219, 0.09042246717827261, 0.09400535817987557, 0.09017767302033286]",,,,,
sub-04,V3A,V4,train,sub-10,linear_predictivity,232,574,0.06251958908591321,,"[1000.0, 1000.0, 1000.0, 1000.0, 1000.0]",0.1508612086139787,1.0029085179783488,0.8489192761822901,0.9337645870742829
sub-04,V3A,V4,test,sub-10,linear_predictivity,232,574,0.09728646274536397,"[0.09945454807903596, 0.10141815355468388, 0.0913912047932443, 0.10084719116686974, 0.09332121613298597]",,,,,
sub-04,V3A,V3A,train,sub-10,linear_predictivity,232,85,0.08548959042401885,,"[1000.0, 1000.0, 1000.0, 1000.0, 1000.0]",0.17165558166161382,0.9889101963756293,0.8280988092923568,0.9101312275624662
sub-04,V3A,V3A,test,sub-10,linear_predictivity,232,85,0.15196631616521566,"[0.15907681085464323, 0.14698365897829954, 0.150091061289488, 0.15994606541510623, 0.14373398428854128]",,,,,
sub-04,V3A,V3B,train,sub-10,linear_predictivity,232,99,0.056325497111632275,,"[1000.0, 1000.0, 1000.0, 3162.277660168379, 1000.0]",0.13522248587849398,1.0083431612726286,0.8646626402638045,0.9406283580401695
sub-04,V3A,V3B,test,sub-10,linear_predictivity,232,99,0.10837766557795296,"[0.12135598965253205, 0.11258285108288263, 0.1108751020194343, 0.09371373344906067, 0.10336065168585522]",,,,,
sub-04,V3A,V6,train,sub-10,linear_predictivity,232,11,0.054980762526735526,,"[1000.0, 1000.0, 1000.0, 1000.0, 1000.0]",0.1439145700458233,1.0063002764268987,0.855928351046155,0.9420388770728471
sub-04,V3A,V6,test,sub-10,linear_predictivity,232,11,0.1281587284536631,"[0.13160485848537018, 0.13643632396985297, 0.12202261805329163, 0.13488110970211398, 0.11584873205768692]",,,,,
sub-04,V3A,V6A,train,sub-10,linear_predictivity,232,45,0.06107184859516965,,"[3162.277660168379, 1000.0, 1000.0, 3162.277660168379, 1000.0]",0.13504325342506393,1.0060118746613358,0.8649204543120929,0.9345109399336484
sub-04,V3A,V6A,test,sub-10,linear_predictivity,232,45,0.13444799431527882,"[0.13316328467744257, 0.1346394869470204, 0.14292918674700514, 0.13131854903220716, 0.13018946417271865]",,,,,
sub-04,V3A,V7,train,sub-10,linear_predictivity,232,61,0.10526810783818107,,"[1000.0, 1000.0, 1000.0, 1000.0, 1000.0]",0.1856980430978554,0.9839096909051861,0.8140290599410485,0.890234441044288
sub-04,V3A,V7,test,sub-10,linear_predictivity,232,61,0.1826616794060973,"[0.18772354080624998, 0.18520944289495483, 0.17689344692106446, 0.18533140733465508, 0.17815055907356206]",,,,,
sub-04,V3A,V8,train,sub-10,linear_predictivity,232,96,0.0676653014577521,,"[1000.0, 1000.0, 1000.0, 1000.0, 1000.0]",0.15384095748030296,1.0006214754079445,0.8459107957107996,0.9281518944804101
sub-04,V3A,V8,test,sub-10,linear_predictivity,232,96,0.15257959333532628,"[0.1674765210142093, 0.1544901555101755, 0.15160867909572054, 0.15053302016414458, 0.13878959089238138]",,,,,
sub-04,V3A,FFC,train,sub-10,linear_predictivity,232,244,0.04014065343564314,,"[1000.0, 1000.0, 1000.0, 1000.0, 1000.0]",0.12705667924996464,1.0198767843613523,0.8727830918619702,0.9571322128793487
sub-04,V3A,FFC,test,sub-10,linear_predictivity,232,244,0.0941680559737355,"[0.09886589612862112, 0.09713839582887386, 0.09098647890238046, 0.09068006724299814, 0.09316944176580391]",,,,,
sub-04,V3A,PIT,train,sub-10,linear_predictivity,232,100,0.03521227354107989,,"[1000.0, 1000.0, 1000.0, 1000.0, 1000.0]",0.12405763583728358,1.020646485251305,0.8757855434986418,0.962093159039269
sub-04,V3A,PIT,test,sub-10,linear_predictivity,232,100,0.0795117285996811,"[0.08194776187628014, 0.0843523677862991, 0.07759488890380084, 0.07827871706460772, 0.07538490736741772]",,,,,
sub-04,V3A,IPS1,train,sub-10,linear_predictivity,232,166,0.05331298062302957,,"[1000.0, 1000.0, 1000.0, 3162.277660168379, 1000.0]",0.1398160934365997,1.0060557797008172,0.8597759978152568,0.9421778306364074
sub-04,V3A,IPS1,test,sub-10,linear_predictivity,232,166,0.15238513690190114,"[0.16613685878544435, 0.15739972434674054, 0.1493405545724918, 0.1303864466427427, 0.15866210016208626]",,,,,
sub-04,V3A,MST,train,sub-10,linear_predictivity,232,135,0.11267658471475793,,"[1000.0, 1000.0, 1000.0, 1000.0, 1000.0]",0.19227087899451092,0.9755494364018803,0.8075695555298775,0.8844636108975974
sub-04,V3A,MST,test,sub-10,linear_predictivity,232,135,0.18466238317112432,"[0.17853455361488788, 0.18788687568154552, 0.18536087902220139, 0.19362453270486582, 0.17790507483212092]",,,,,
sub-04,V3A,MT,train,sub-10,linear_predictivity,232,86,0.0858481648034272,,"[1000.0, 1000.0, 1000.0, 1000.0, 1000.0]",0.16939803548598778,0.9911358986591307,0.830462917558679,0.9115812994197064
sub-04,V3A,MT,test,sub-10,linear_predictivity,232,86,0.14415956793434592,"[0.13921916298894105, 0.14770778690913333, 0.1481248831569627, 0.14517560344151173, 0.1405704031751808]",,,,,
sub-04,V3A,FST,train,sub-10,linear_predictivity,232,167,0.09869169201086651,,"[1000.0, 1000.0, 1000.0, 1000.0, 1000.0]",0.18398710358479678,0.9814598189345057,0.8156326037624858,0.8946266988370795
sub-04,V3A,FST,test,sub-10,linear_predictivity,232,167,0.175404783868501,"[0.1717439626355831, 0.18496427530880222, 0.1691910366588145, 0.17897057113571813, 0.17215407360358706]",,,,,
sub-04,V3A,LO1,train,sub-10,linear_predictivity,232,78,0.0863988691236847,,"[1000.0, 1000.0, 1000.0, 1000.0, 1000.0]",0.17136744830171394,0.9875996631084163,0.8283796425660906,0.9094918817705857
sub-04,V3A,LO1,test,sub-10,linear_predictivity,232,78,0.14240896161066657,"[0.1474313301455199, 0.1423679598239154, 0.1357970701985663, 0.15343494592744383, 0.13301350195788736]",,,,,
sub-04,V3A,LO2,train,sub-10,linear_predictivity,232,80,0.04949896283006732,,"[1000.0, 1000.0, 1000.0, 1000.0, 1000.0]",0.13642322852512695,1.0130704760447813,0.8634234647297262,0.9480572657527546
sub-04,V3A,LO2,test,sub-10,linear_predictivity,232,80,0.0807274877652275,"[0.08615473048578717, 0.08403734816225861, 0.0809592965240153, 0.08115117740905617, 0.07133488624502021]",,,,,
sub-04,V3A,LO3,train,sub-10,linear_predictivity,232,113,0.08343265642616064,,"[1000.0, 1000.0, 1000.0, 1000.0, 1000.0]",0.1698782874370442,0.9909935867771068,0.8297911039727216,0.9111525463584886
sub-04,V3A,LO3,test,sub-10,linear_predictivity,232,113,0.12684428095258732,"[0.13182926119128696, 0.11989722965616681, 0.1293470332374499, 0.12585262113344942, 0.12729525954458343]",,,,,
sub-04,V3A,V7,train,sub-10,linear_predictivity,232,61,0.10526810783818107,,"[1000.0, 1000.0, 1000.0, 1000.0, 1000.0]",0.1856980430978554,0.9839096909051861,0.8140290599410485,0.890234441044288
sub-04,V3A,V7,test,sub-10,linear_predictivity,232,61,0.1826616794060973,"[0.18772354080624998, 0.18520944289495483, 0.17689344692106446, 0.18533140733465508, 0.17815055907356206]",,,,,
sub-04,V3A,IP0,train,sub-10,linear_predictivity,232,103,0.04456332993465788,,"[1000.0, 1000.0, 3162.277660168379, 3162.277660168379, 1000.0]",0.11998205308442864,1.0128522616564137,0.8796995406418586,0.9510311233569684
sub-04,V3A,IP0,test,sub-10,linear_predictivity,232,103,0.1002656314297838,"[0.11214678717879119, 0.10282408635323455, 0.08663901323079758, 0.08720349167485011, 0.11251477871124559]",,,,,
sub-04,V3A,IP1,train,sub-10,linear_predictivity,232,33,0.015318468382136663,,"[3162.277660168379, 3162.277660168379, 3162.277660168379, 3162.277660168379, 3162.277660168379]",0.0665496680510624,1.0372788506978654,0.9332323681067145,0.9811416171347929
sub-04,V3A,IP1,test,sub-10,linear_predictivity,232,33,0.060920525177317816,"[0.05927020533663306, 0.06138507039989941, 0.05316797929777297, 0.062145384175438835, 0.0686339866768448]",,,,,
sub-04,V3A,MIP,train,sub-10,linear_predictivity,232,178,0.02433320921793749,,"[3162.277660168379, 3162.277660168379, 3162.277660168379, 3162.277660168379, 3162.277660168379]",0.08070344853429982,1.0256572153122174,0.91894418122204,0.9696676576235408
sub-04,V3A,MIP,test,sub-10,linear_predictivity,232,178,0.06485790359481944,"[0.06885669124913116, 0.06757008471276664, 0.060761513044929785, 0.0616680364563389, 0.06543319251093076]",,,,,
sub-04,V3A,VIP,train,sub-10,linear_predictivity,232,100,0.04311024393058688,,"[1000.0, 1000.0, 1000.0, 3162.277660168379, 3162.277660168379]",0.12570038992303556,1.01247438088106,0.873838052389875,0.9532440608555295
sub-04,V3A,VIP,test,sub-10,linear_predictivity,232,100,0.10824863528054977,"[0.1314022798191736, 0.108034406527389, 0.1088967321063393, 0.09313079486723895, 0.09977896308260804]",,,,,
sub-04,V3A,LIPd,train,sub-10,linear_predictivity,232,31,0.0019025076394928345,,"[10000.0, 10000.0, 10000.0, 10000.0, 10000.0]",0.026508671266137117,1.0518455897762453,0.9733106280187116,0.9951047723253131
sub-04,V3A,LIPd,test,sub-10,linear_predictivity,232,31,0.012084567303514168,"[0.010715885673854243, 0.009167770562473835, 0.0179274637751322, 0.008275560854011696, 0.014336155652098868]",,,,,
sub-04,V3A,LIPv,train,sub-10,linear_predictivity,232,75,0.03116326546965707,,"[3162.277660168379, 3162.277660168379, 3162.277660168379, 3162.277660168379, 3162.277660168379]",0.07958475419851953,1.027219260459387,0.920152778155319,0.9648215872829755
sub-04,V3A,LIPv,test,sub-10,linear_predictivity,232,75,0.0740132107421568,"[0.08402400272622527, 0.07115067368436971, 0.07368717321940459, 0.06582185204843384, 0.07538235203235061]",,,,,
sub-04,V3A,AIP,train,sub-10,linear_predictivity,232,409,0.017732364012258306,,"[3162.277660168379, 3162.277660168379, 3162.277660168379, 3162.277660168379, 3162.277660168379]",0.0735102955949985,1.0351924958625567,0.9261009020410734,0.9755601363630577
sub-04,V3A,AIP,test,sub-10,linear_predictivity,232,409,0.07758279073100387,"[0.07508348436378845, 0.08482051994286041, 0.07057235663751878, 0.0762965522158117, 0.08114104049503998]",,,,,
sub-04,V3A,7Pm,train,sub-10,linear_predictivity,232,21,0.024534489540361915,,"[3162.277660168379, 3162.277660168379, 3162.277660168379, 3162.277660168379, 3162.277660168379]",0.0734467646279829,1.029151115571509,0.9263605824648238,0.9721547395142046
sub-04,V3A,7Pm,test,sub-10,linear_predictivity,232,21,0.04696112883916388,"[0.05680512915144117, 0.04222699774484743, 0.04752079474097327, 0.042725190325386034, 0.045527532233171505]",,,,,
sub-04,V3A,7PL,train,sub-10,linear_predictivity,232,106,0.04705419583850671,,"[1000.0, 1000.0, 1000.0, 1000.0, 1000.0]",0.14160155695185325,1.0079463158782793,0.8581916820755258,0.9492895629074216
sub-04,V3A,7PL,test,sub-10,linear_predictivity,232,106,0.10208008243291385,"[0.11255582868197889, 0.09484202712392133, 0.10831690794546628, 0.09471046597717843, 0.09997518243602432]",,,,,
sub-04,V3A,7PC,train,sub-10,linear_predictivity,232,224,0.03764045444691139,,"[3162.277660168379, 3162.277660168379, 3162.277660168379, 3162.277660168379, 3162.277660168379]",0.09082389528441935,1.0203475500269816,0.9088003552197709,0.9560472577263719
sub-04,V3A,7PC,test,sub-10,linear_predictivity,232,224,0.09624261659649502,"[0.09574426814492588, 0.10186018014422678, 0.09103665666863911, 0.09344718378646119, 0.0991247942382222]",,,,,
sub-04,V3A,7Am,train,sub-10,linear_predictivity,232,186,0.018226767468623575,,"[3162.277660168379, 3162.277660168379, 3162.277660168379, 3162.277660168379, 3162.277660168379]",0.0710525659126701,1.0297949287307584,0.9286364381751347,0.9764488849623743
sub-04,V3A,7Am,test,sub-10,linear_predictivity,232,186,0.04208630047705559,"[0.04564457707386528, 0.04072021621933414, 0.03985313367947347, 0.04289778452324424, 0.041315790889360805]",,,,,
sub-04,V3A,7AL,train,sub-10,linear_predictivity,232,158,0.02432633409630766,,"[3162.277660168379, 3162.277660168379, 3162.277660168379, 3162.277660168379, 3162.277660168379]",0.07486785210763698,1.0331035042805765,0.9247858865974748,0.9698053386506817
sub-04,V3A,7AL,test,sub-10,linear_predictivity,232,158,0.05103156925611296,"[0.050407833115313404, 0.056541389351238105, 0.04248515948927696, 0.05425553172850959, 0.05146793259622676]",,,,,
sub-04,V3A,VVC,train,sub-10,linear_predictivity,232,196,0.03952232946070775,,"[1000.0, 3162.277660168379, 3162.277660168379, 3162.277660168379, 3162.277660168379]",0.09706907965218811,1.0183403071244208,0.9025644440325757,0.9558844688630872
sub-04,V3A,VVC,test,sub-10,linear_predictivity,232,196,0.09345891361029168,"[0.1199729668615748, 0.08884874831114552, 0.08159888270321902, 0.08790940101728639, 0.08896456915823273]",,,,,
sub-04,V3A,VMV2,train,sub-10,linear_predictivity,232,94,0.04580471705044597,,"[1000.0, 1000.0, 1000.0, 1000.0, 1000.0]",0.13795998993855396,1.0069850606230202,0.8617822368872758,0.9494441852931562
sub-04,V3A,VMV2,test,sub-10,linear_predictivity,232,94,0.11660278051739367,"[0.11788488976438513, 0.1167646574350266, 0.12013992848653142, 0.1174458298956604, 0.11077859700536487]",,,,,
sub-04,V3A,VMV3,train,sub-10,linear_predictivity,232,98,0.0604175493041514,,"[1000.0, 1000.0, 1000.0, 1000.0, 1000.0]",0.15013663577307096,1.0035793167433518,0.8495211939151319,0.9335728649128802
sub-04,V3A,VMV3,test,sub-10,linear_predictivity,232,98,0.11186780343785581,"[0.1275816844291086, 0.10775271357871333, 0.11029473793740929, 0.1078877525569944, 0.10582212868705335]",,,,,
sub-04,V3A,VMV1,train,sub-10,linear_predictivity,232,42,0.014330335749726924,,"[1000.0, 1000.0, 1000.0, 1000.0, 1000.0]",0.11002666687767249,1.028173122882704,0.8896291914835631,0.9793619336831718
sub-04,V3A,VMV1,test,sub-10,linear_predictivity,232,42,0.07371619396441631,"[0.0713281754061531, 0.07635317332484597, 0.07833915136251417, 0.07110710947678615, 0.07145336025178213]",,,,,
sub-04,V3A,PHA2,train,sub-10,linear_predictivity,232,21,0.017749090956746625,,"[1000.0, 1000.0, 1000.0, 1000.0, 3162.277660168379]",0.10618192729918188,1.0284099197688763,0.8935407947204853,0.9773301728348036
sub-04,V3A,PHA2,test,sub-10,linear_predictivity,232,21,0.08795725458999241,"[0.0949681772026943, 0.09252389188330853, 0.09525229267244775, 0.09471364237881065, 0.0623282688127008]",,,,,
sub-04,V3A,PHA3,train,sub-10,linear_predictivity,232,104,0.03607116039534284,,"[1000.0, 1000.0, 1000.0, 1000.0, 1000.0]",0.12741795265207112,1.0170965360003836,0.872299159219323,0.9592456678386935
sub-04,V3A,PHA3,test,sub-10,linear_predictivity,232,104,0.12383950580362099,"[0.1298166956383617, 0.12027485001233694, 0.12246873578464146, 0.12408955530226459, 0.12254769228050029]",,,,,
sub-04,V3A,PH,train,sub-10,linear_predictivity,232,261,0.055092105240726635,,"[1000.0, 1000.0, 1000.0, 1000.0, 1000.0]",0.14201609031587722,1.010185083486195,0.8577473834475411,0.9408481858197698
sub-04,V3A,PH,test,sub-10,linear_predictivity,232,261,0.11149040366946061,"[0.11362932341998225, 0.11493537526456658, 0.10632357612903333, 0.11345932203356986, 0.10910442150015112]",,,,,
sub-04,V3B,V1,train,sub-10,linear_predictivity,150,553,0.018818854676016322,,"[1000.0, 1000.0, 1000.0, 1000.0, 1000.0]",0.07853824177664104,1.0068594313086012,0.9212280067205999,0.9771301405971651
sub-04,V3B,V1,test,sub-10,linear_predictivity,150,553,0.031373783855093,"[0.027604435113986955, 0.027809690315000475, 0.035011855161120924, 0.031051738943279724, 0.035391199742076884]",,,,,
sub-04,V3B,V2,train,sub-10,linear_predictivity,150,516,0.030441466893221622,,"[1000.0, 1000.0, 1000.0, 1000.0, 1000.0]",0.08903181894997891,0.998986355983386,0.9107277626393344,0.9652640228971409
sub-04,V3B,V2,test,sub-10,linear_predictivity,150,516,0.02942982304185241,"[0.027906780798053008, 0.027306075422576372, 0.030718740393495453, 0.029766817860657924, 0.03145070073447929]",,,,,
sub-04,V3B,V3,train,sub-10,linear_predictivity,150,400,0.04344012659483226,,"[1000.0, 1000.0, 1000.0, 1000.0, 1000.0]",0.10077118663377031,0.9919948319439825,0.8990190224509886,0.9530308372225436
sub-04,V3B,V3,test,sub-10,linear_predictivity,150,400,0.04337757331929102,"[0.03801067361950225, 0.04151044281304237, 0.04737840715125118, 0.04441646241051401, 0.04557188060214529]",,,,,
sub-04,V3B,V4,train,sub-10,linear_predictivity,150,574,0.08648462946229714,,"[1000.0, 1000.0, 1000.0, 1000.0, 1000.0]",0.13971913646216078,0.9691254570711019,0.8600672910037268,0.909926834030372
sub-04,V3B,V4,test,sub-10,linear_predictivity,150,574,0.10643920172814955,"[0.10227852015399154, 0.10526404255280657, 0.10469306928278532, 0.10937064858975341, 0.11058972806141092]",,,,,
sub-04,V3B,V3A,train,sub-10,linear_predictivity,150,85,0.07495655171110198,,"[1000.0, 1000.0, 1000.0, 1000.0, 1000.0]",0.13171241801887884,0.9761814744819836,0.8680165244574868,0.9206072855409142
sub-04,V3B,V3A,test,sub-10,linear_predictivity,150,85,0.10783374978217974,"[0.11011682656995582, 0.10192843477310029, 0.1094169346002473, 0.10855655106611059, 0.10915000190148474]",,,,,
sub-04,V3B,V3B,train,sub-10,linear_predictivity,150,99,0.08973128061720348,,"[1000.0, 1000.0, 1000.0, 1000.0, 1000.0]",0.13906812488922932,0.9699833892288531,0.8607602612277342,0.9074567841268231
sub-04,V3B,V3B,test,sub-10,linear_predictivity,150,99,0.12425696088554887,"[0.12375827591968935, 0.12007504517642384, 0.12221355243563459, 0.13576279844168193, 0.11947513245431458]",,,,,
sub-04,V3B,V6,train,sub-10,linear_predictivity,150,11,0.07372918169340673,,"[1000.0, 1000.0, 1000.0, 1000.0, 1000.0]",0.12605124607565132,0.9816543463572522,0.8737510090575402,0.9231011655844539
sub-04,V3B,V6,test,sub-10,linear_predictivity,150,11,0.18032982716763565,"[0.17597038845282617, 0.1789353388339923, 0.17278976552327815, 0.18645822333532228, 0.18749541969275943]",,,,,
sub-04,V3B,V6A,train,sub-10,linear_predictivity,150,45,0.08764678184552248,,"[1000.0, 1000.0, 3162.277660168379, 1000.0, 3162.277660168379]",0.13310850371872548,0.972685881458486,0.8664983761555506,0.9088197043377374
sub-04,V3B,V6A,test,sub-10,linear_predictivity,150,45,0.17167551612486545,"[0.17957011053415586, 0.1726261371839918, 0.1670598308437651, 0.1784102258964923, 0.16071127616592215]",,,,,
sub-04,V3B,V7,train,sub-10,linear_predictivity,150,61,0.14541550230369782,,"[1000.0, 1000.0, 1000.0, 1000.0, 1000.0]",0.19443404347561946,0.9406542756533126,0.8053092418894547,0.8504386357343824
sub-04,V3B,V7,test,sub-10,linear_predictivity,150,61,0.22652999790111167,"[0.23051765418565295, 0.22696802080154505, 0.22891892940539188, 0.22345853996615084, 0.22278684514681774]",,,,,
sub-04,V3B,V8,train,sub-10,linear_predictivity,150,96,0.06574006054143788,,"[1000.0, 1000.0, 1000.0, 1000.0, 1000.0]",0.11986977746305874,0.979548335534514,0.8799135383034405,0.9305496791437802
sub-04,V3B,V8,test,sub-10,linear_predictivity,150,96,0.10032481678782282,"[0.09860598528793656, 0.10541977390171997, 0.10125034847694146, 0.0967180845467374, 0.09962989172577859]",,,,,
sub-04,V3B,FFC,train,sub-10,linear_predictivity,150,244,0.06106030907846692,,"[1000.0, 1000.0, 1000.0, 1000.0, 1000.0]",0.11287132989879056,0.989117912440032,0.8869767985097834,0.9364367217629914
sub-04,V3B,FFC,test,sub-10,linear_predictivity,150,244,0.13660371946032854,"[0.1360166982345973, 0.13857205021969685, 0.13499672639285748, 0.13522217230055542, 0.13821095015393567]",,,,,
sub-04,V3B,PIT,train,sub-10,linear_predictivity,150,100,0.07323354963451797,,"[1000.0, 1000.0, 1000.0, 1000.0, 1000.0]",0.1258049959372416,0.982582520112086,0.8740014073280266,0.9237877151378205
sub-04,V3B,PIT,test,sub-10,linear_predictivity,150,100,0.12100593271756913,"[0.12135717096010135, 0.12019600131210711, 0.12044900835165162, 0.12122306555022355, 0.12180441741376198]",,,,,
sub-04,V3B,IPS1,train,sub-10,linear_predictivity,150,166,0.08264871746504567,,"[1000.0, 1000.0, 1000.0, 3162.277660168379, 1000.0]",0.13504335200109027,0.9718665459057869,0.8645913094773029,0.9127748575542484
sub-04,V3B,IPS1,test,sub-10,linear_predictivity,150,166,0.18960595640161101,"[0.195789865296957, 0.19134729439823192, 0.19293027376786098, 0.17041366952784176, 0.19754867901716341]",,,,,
sub-04,V3B,MST,train,sub-10,linear_predictivity,150,135,0.12792571919014978,,"[316.2277660168379, 316.2277660168379, 316.2277660168379, 316.2277660168379, 316.2277660168379]",0.20600360889597408,0.9480868221016759,0.793807026788419,0.8688313870478479
sub-04,V3B,MST,test,sub-10,linear_predictivity,150,135,0.2412620791916528,"[0.23399294049668853, 0.2403027391884033, 0.24021214635268479, 0.24448384910521437, 0.24731872081527292]",,,,,
sub-04,V3B,MT,train,sub-10,linear_predictivity,150,86,0.10127146515729527,,"[316.2277660168379, 316.2277660168379, 316.2277660168379, 316.2277660168379, 316.2277660168379]",0.1806889140873397,0.966821580892735,0.8191392589613491,0.8957617933328208
sub-04,V3B,MT,test,sub-10,linear_predictivity,150,86,0.1838550821839615,"[0.17516244763555816, 0.18325373062123818, 0.18202738168655153, 0.19138546987066382, 0.1874463811057957]",,,,,
sub-04,V3B,FST,train,sub-10,linear_predictivity,150,167,0.15268520351670592,,"[1000.0, 1000.0, 1000.0, 1000.0, 1000.0]",0.20571033077550377,0.9352326395895911,0.7938976646827325,0.8404434454191179
sub-04,V3B,FST,test,sub-10,linear_predictivity,150,167,0.26857264823443155,"[0.26752506545092447, 0.27191675667780063, 0.2655006317447129, 0.26780551607351166, 0.27011527122520806]",,,,,
sub-04,V3B,LO1,train,sub-10,linear_predictivity,150,78,0.10142909596805669,,"[1000.0, 316.2277660168379, 1000.0, 1000.0, 1000.0]",0.16200315506503676,0.9608830794850144,0.8376554715934674,0.8943629382208886
sub-04,V3B,LO1,test,sub-10,linear_predictivity,150,78,0.17842906880873,"[0.17359004232457728, 0.1820068939222122, 0.17578078873132327, 0.18184076040619565, 0.17892685865934152]",,,,,
sub-04,V3B,LO2,train,sub-10,linear_predictivity,150,80,0.10035868329376876,,"[1000.0, 1000.0, 1000.0, 1000.0, 1000.0]",0.14947502089055464,0.9697387751163162,0.8503501349301267,0.8968925342073053
sub-04,V3B,LO2,test,sub-10,linear_predictivity,150,80,0.16496929352781922,"[0.17017295876661492, 0.16054737244425793, 0.16281450394700686, 0.16757094270393322, 0.1637406897772832]",,,,,
sub-04,V3B,LO3,train,sub-10,linear_predictivity,150,113,0.09025160791901164,,"[1000.0, 316.2277660168379, 1000.0, 1000.0, 1000.0]",0.15106535371380977,0.9696683219959542,0.8485745969030999,0.9049851842016045
sub-04,V3B,LO3,test,sub-10,linear_predictivity,150,113,0.15200153787956341,"[0.14312066552039335, 0.16033618513338108, 0.15496106073274904, 0.1494803493974728, 0.15210942861382085]",,,,,
sub-04,V3B,V7,train,sub-10,linear_predictivity,150,61,0.14541550230369782,,"[1000.0, 1000.0, 1000.0, 1000.0, 1000.0]",0.19443404347561946,0.9406542756533126,0.8053092418894547,0.8504386357343824
sub-04,V3B,V7,test,sub-10,linear_predictivity,150,61,0.22652999790111167,"[0.23051765418565295, 0.22696802080154505, 0.22891892940539188, 0.22345853996615084, 0.22278684514681774]",,,,,
sub-04,V3B,IP0,train,sub-10,linear_predictivity,150,103,0.07089890897888583,,"[1000.0, 1000.0, 1000.0, 1000.0, 1000.0]",0.12458299130192149,0.9799525154431169,0.8751518765155172,0.9245878642471146
sub-04,V3B,IP0,test,sub-10,linear_predictivity,150,103,0.13219714784544243,"[0.1384150818479999, 0.12446560928632705, 0.1308173836482882, 0.13319839560834507, 0.1340892688362519]",,,,,
sub-04,V3B,IP1,train,sub-10,linear_predictivity,150,33,0.02366695240099057,,"[10000.0, 10000.0, 10000.0, 10000.0, 10000.0]",0.04145146270400446,1.01198347335314,0.9583394262279896,0.9730422304207232
sub-04,V3B,IP1,test,sub-10,linear_predictivity,150,33,0.05887686454132105,"[0.05902552023649275, 0.06018614359075677, 0.05441871551260553, 0.0562673642065621, 0.06448657916018811]",,,,,
sub-04,V3B,MIP,train,sub-10,linear_predictivity,150,178,0.04272339485374503,,"[3162.277660168379, 3162.277660168379, 3162.277660168379, 3162.277660168379, 3162.277660168379]",0.07773821664529967,0.996092804695577,0.9218948520215721,0.9508815391391066
sub-04,V3B,MIP,test,sub-10,linear_predictivity,150,178,0.10726300786592313,"[0.10876584026585404, 0.10834680448194993, 0.10517868264145715, 0.10683073087644329, 0.10719298106391127]",,,,,
sub-04,V3B,VIP,train,sub-10,linear_predictivity,150,100,0.08453238769862906,,"[3162.277660168379, 3162.277660168379, 1000.0, 3162.277660168379, 3162.277660168379]",0.1184166014941734,0.9739052825792733,0.8813905286330679,0.9124459224031911
sub-04,V3B,VIP,test,sub-10,linear_predictivity,150,100,0.17304040052902375,"[0.1721864930887347, 0.16946754010942364, 0.19179045242919227, 0.16600438575041554, 0.1657531312673526]",,,,,
sub-04,V3B,LIPd,train,sub-10,linear_predictivity,150,31,0.008885405832173822,,"[3162.277660168379, 10000.0, 3162.277660168379, 3162.277660168379, 3162.277660168379]",0.037186372113799215,1.0188319224239366,0.9626355573082147,0.9883025205631704
sub-04,V3B,LIPd,test,sub-10,linear_predictivity,150,31,0.028242037171982492,"[0.032429839797258136, 0.018772059575448315, 0.02630462115963551, 0.033517083809296876, 0.030186581518273626]",,,,,
sub-04,V3B,LIPv,train,sub-10,linear_predictivity,150,75,0.0430857503079184,,"[3162.277660168379, 3162.277660168379, 3162.277660168379, 3162.277660168379, 3162.277660168379]",0.0747245869624473,0.9971506612434288,0.9250441570695711,0.9530516429488622
sub-04,V3B,LIPv,test,sub-10,linear_predictivity,150,75,0.0885468429287678,"[0.08766894524867384, 0.08688863136641543, 0.08980154648336233, 0.08894087511870145, 0.08943421642668592]",,,,,
sub-04,V3B,AIP,train,sub-10,linear_predictivity,150,409,0.0302558131411666,,"[3162.277660168379, 3162.277660168379, 3162.277660168379, 3162.277660168379, 3162.277660168379]",0.06982964554339177,1.0006901019892183,0.9297455651640091,0.9622872008413689
sub-04,V3B,AIP,test,sub-10,linear_predictivity,150,409,0.10744967804613226,"[0.10651265791638302, 0.11478248818863222, 0.10288081754289358, 0.10445490195024189, 0.1086175246325106]",,,,,
sub-04,V3B,7Pm,train,sub-10,linear_predictivity,150,21,0.03472474601650015,,"[3162.277660168379, 3162.277660168379, 3162.277660168379, 3162.277660168379, 3162.277660168379]",0.06335164152600647,1.007701813791015,0.9364538962178723,0.9620849680402733
sub-04,V3B,7Pm,test,sub-10,linear_predictivity,150,21,0.07546620060962597,"[0.07199074752461618, 0.07624480325747711, 0.07592628141024774, 0.07527746713875604, 0.07789170371703281]",,,,,
sub-04,V3B,7PL,train,sub-10,linear_predictivity,150,106,0.09951242579010865,,"[1000.0, 1000.0, 1000.0, 3162.277660168379, 1000.0]",0.14509749178794504,0.9714106544859724,0.8546696211641779,0.8972202009115182
sub-04,V3B,7PL,test,sub-10,linear_predictivity,150,106,0.2094963288592775,"[0.21566979186045362, 0.21310566965031438, 0.21641282278862375, 0.1862267129180236, 0.21606664707897197]",,,,,
sub-04,V3B,7PC,train,sub-10,linear_predictivity,150,224,0.06650691447887486,,"[3162.277660168379, 3162.277660168379, 3162.277660168379, 3162.277660168379, 3162.277660168379]",0.1024910274115766,0.9832324909628113,0.8970854822534671,0.9264107899770841
sub-04,V3B,7PC,test,sub-10,linear_predictivity,150,224,0.15565162339865052,"[0.1542163507634499, 0.16465489565530272, 0.15427018958838387, 0.15280693061260497, 0.15230975037351113]",,,,,
sub-04,V3B,7Am,train,sub-10,linear_predictivity,150,186,0.03962898108416891,,"[3162.277660168379, 3162.277660168379, 3162.277660168379, 3162.277660168379, 3162.277660168379]",0.07221908614762104,1.0015226606203627,0.9274668281205647,0.9551862942612214
sub-04,V3B,7Am,test,sub-10,linear_predictivity,150,186,0.08969016638533511,"[0.08851653907128752, 0.09501555960775897, 0.08496866902276337, 0.08900914671444043, 0.09094091751042528]",,,,,
sub-04,V3B,7AL,train,sub-10,linear_predictivity,150,158,0.04198852258169254,,"[3162.277660168379, 3162.277660168379, 3162.277660168379, 3162.277660168379, 3162.277660168379]",0.07687338340628039,0.9991319461133203,0.9227713818019201,0.9520925322316032
sub-04,V3B,7AL,test,sub-10,linear_predictivity,150,158,0.09036388393500479,"[0.0876982508430452, 0.09950687842810031, 0.08715539136931179, 0.08883057727231025, 0.08862832176225638]",,,,,
sub-04,V3B,VVC,train,sub-10,linear_predictivity,150,196,0.051485645396180536,,"[1000.0, 3162.277660168379, 3162.277660168379, 1000.0, 1000.0]",0.10068324239727755,0.9881287381759153,0.8989926371199528,0.9439527267127505
sub-04,V3B,VVC,test,sub-10,linear_predictivity,150,196,0.10815554141284363,"[0.11857648298850987, 0.09823729994153226, 0.09576557886369523, 0.11274409050864048, 0.1154542547618403]",,,,,
sub-04,V3B,VMV2,train,sub-10,linear_predictivity,150,94,0.10609290191867621,,"[1000.0, 1000.0, 1000.0, 1000.0, 1000.0]",0.15707467013619908,0.9660411432205572,0.8426710071297568,0.8895558249809422
sub-04,V3B,VMV2,test,sub-10,linear_predictivity,150,94,0.22847713258321617,"[0.22734020788110945, 0.22521785518994522, 0.23066859590718952, 0.23148917683151427, 0.2276698271063224]",,,,,
sub-04,V3B,VMV3,train,sub-10,linear_predictivity,150,98,0.08281744756635395,,"[1000.0, 1000.0, 1000.0, 1000.0, 1000.0]",0.1368894754993816,0.9711642139206594,0.8628006534929815,0.9117575035788619
sub-04,V3B,VMV3,test,sub-10,linear_predictivity,150,98,0.11920945113903372,"[0.12366322332483985, 0.11674241769266559, 0.12093429917649866, 0.11951576687133547, 0.11519154862982905]",,,,,
sub-04,V3B,VMV1,train,sub-10,linear_predictivity,150,42,0.049856672035910814,,"[1000.0, 1000.0, 1000.0, 1000.0, 1000.0]",0.10635896451373192,0.9940104898067446,0.8933050316471602,0.9444157206256379
sub-04,V3B,VMV1,test,sub-10,linear_predictivity,150,42,0.1287410010163382,"[0.12190464152360511, 0.1338228828997067, 0.1314447481635906, 0.1304115329576155, 0.126121199537173]",,,,,
sub-04,V3B,PHA2,train,sub-10,linear_predictivity,150,21,0.058603635357391735,,"[1000.0, 1000.0, 1000.0, 1000.0, 1000.0]",0.12017103156508128,0.9883479117935913,0.879551376031789,0.9362714088749623
sub-04,V3B,PHA2,test,sub-10,linear_predictivity,150,21,0.177834270653234,"[0.17392605378339912, 0.17356044898179848, 0.1757492189235794, 0.184989203078609, 0.1809464284987841]",,,,,
sub-04,V3B,PHA3,train,sub-10,linear_predictivity,150,104,0.0851506239088753,,"[1000.0, 1000.0, 1000.0, 1000.0, 1000.0]",0.13844775917946772,0.9782905426344929,0.8612995975578477,0.910574134980356
sub-04,V3B,PHA3,test,sub-10,linear_predictivity,150,104,0.21271405121443462,"[0.22006787558669583, 0.20616585409456148, 0.20592309076081872, 0.21425374495859653, 0.21715969067150054]",,,,,
sub-04,V3B,PH,train,sub-10,linear_predictivity,150,261,0.08862710905567568,,"[1000.0, 1000.0, 1000.0, 1000.0, 1000.0]",0.14079334956851164,0.9722717232690871,0.8589888471914262,0.9076057983067084
sub-04,V3B,PH,test,sub-10,linear_predictivity,150,261,0.14648155246583514,"[0.1490804975607817, 0.14263899858215373, 0.1460023721604415, 0.1468474509113996, 0.1478384431143991]",,,,,
sub-04,V6,V1,train,sub-10,linear_predictivity,58,553,-0.004248470508420215,,"[10000.0, 10000.0, 3162.277660168379, 10000.0, 3162.277660168379]",0.014034925254728364,1.0125001714376893,0.9857691770469057,1.0004999179616738
sub-04,V6,V1,test,sub-10,linear_predictivity,58,553,-0.014673322040419639,"[-0.015871930080293764, -0.014845723269222464, -0.011346740000405411, -0.0169276770014297, -0.014374539850746857]",,,,,
sub-04,V6,V2,train,sub-10,linear_predictivity,58,516,-0.0014143782786628536,,"[3162.277660168379, 3162.277660168379, 3162.277660168379, 3162.277660168379, 3162.277660168379]",0.022682886383702933,1.0112091922527273,0.9770933802728041,0.9976288345703536
sub-04,V6,V2,test,sub-10,linear_predictivity,58,516,-0.018137103891011343,"[-0.018892993337496465, -0.01349190111624526, -0.01755634925874065, -0.017141003936624082, -0.023603271805950253]",,,,,
sub-04,V6,V3,train,sub-10,linear_predictivity,58,400,-0.003401880836428579,,"[10000.0, 10000.0, 10000.0, 10000.0, 10000.0]",0.009374589138407384,1.0138830383899784,0.9904300063240153,1.0002128153921732
sub-04,V6,V3,test,sub-10,linear_predictivity,58,400,-0.03217765319045625,"[-0.03415252173899067, -0.029367031013639154, -0.031023523939655285, -0.031570894448994705, -0.03477429481100141]",,,,,
sub-04,V6,V4,train,sub-10,linear_predictivity,58,574,0.0008222291103339005,,"[3162.277660168379, 3162.277660168379, 3162.277660168379, 3162.277660168379, 3162.277660168379]",0.023227079471593658,1.010594749388281,0.976587055935013,0.996122015521045
sub-04,V6,V4,test,sub-10,linear_predictivity,58,574,-0.020131727112945898,"[-0.02053377896610412, -0.01693706819367567, -0.021141767249703236, -0.019899727875911447, -0.02214629327933501]",,,,,
sub-04,V6,V3A,train,sub-10,linear_predictivity,58,85,-0.0014303351263548127,,"[3162.277660168379, 3162.277660168379, 10000.0, 3162.277660168379, 3162.277660168379]",0.019013200891569815,1.0126137704021096,0.9807861997285097,0.9983786309420015
sub-04,V6,V3A,test,sub-10,linear_predictivity,58,85,0.0007815876621482344,"[-0.0013593426904567583, 0.006029833846324353, -0.008124874369704558, 0.004008716900580785, 0.0033536046239973495]",,,,,
sub-04,V6,V3B,train,sub-10,linear_predictivity,58,99,0.013845183026316162,,"[1000.0, 1000.0, 1000.0, 1000.0, 1000.0]",0.05258487986123783,1.0048704053368285,0.9472588801297487,0.9834341320928092
sub-04,V6,V3B,test,sub-10,linear_predictivity,58,99,0.02626155445894552,"[0.026986297430171172, 0.032614948824649666, 0.01994177918637568, 0.026866025610749016, 0.024898721242782054]",,,,,
sub-04,V6,V6,train,sub-10,linear_predictivity,58,11,0.015366897868941168,,"[1000.0, 316.2277660168379, 1000.0, 316.2277660168379, 316.2277660168379]",0.06946157418157242,0.9993829302451832,0.9302874524167158,0.9814009614770713
sub-04,V6,V6,test,sub-10,linear_predictivity,58,11,0.06997574063638859,"[0.056204067522069086, 0.09664090313972201, 0.05340262640122855, 0.08031320292128565, 0.06331790319763762]",,,,,
sub-04,V6,V6A,train,sub-10,linear_predictivity,58,45,-0.0016945276452510327,,"[10000.0, 3162.277660168379, 10000.0, 10000.0, 10000.0]",0.013549294624488246,1.0125002743550355,0.9862346174357672,0.9985195666609827
sub-04,V6,V6A,test,sub-10,linear_predictivity,58,45,0.013197191930910374,"[0.009859747915118315, 0.023873973245754954, 0.011886333019921673, 0.010169695951944181, 0.010196209521812747]",,,,,
sub-04,V6,V7,train,sub-10,linear_predictivity,58,61,0.006661498468760495,,"[3162.277660168379, 1000.0, 3162.277660168379, 3162.277660168379, 1000.0]",0.038489426357397036,1.0064605023927222,0.9612606428844328,0.9901582790753498
sub-04,V6,V7,test,sub-10,linear_predictivity,58,61,0.03723537782646187,"[0.026012518591232815, 0.0522480553708623, 0.03245879506482903, 0.023739118931079366, 0.051718401174305866]",,,,,
sub-04,V6,V8,train,sub-10,linear_predictivity,58,96,-0.002370239816649597,,"[3162.277660168379, 3162.277660168379, 3162.277660168379, 10000.0, 3162.277660168379]",0.01866731793136569,1.0141754645066414,0.9811107124829658,0.9987574831032939
sub-04,V6,V8,test,sub-10,linear_predictivity,58,96,-0.03459900332667752,"[-0.028236849859189436, -0.02981973926983807, -0.02885909045048791, -0.0462438460330468, -0.03983549102082539]",,,,,
sub-04,V6,FFC,train,sub-10,linear_predictivity,58,244,0.0049412864682711,,"[3162.277660168379, 3162.277660168379, 3162.277660168379, 1000.0, 1000.0]",0.03619333551961166,1.0078391584784228,0.9636394181334026,0.9924930647097895
sub-04,V6,FFC,test,sub-10,linear_predictivity,58,244,0.02265921955795266,"[0.019857997789066523, 0.016088335835166508, 0.015076958225661725, 0.02848641358912911, 0.03378639235073945]",,,,,
sub-04,V6,PIT,train,sub-10,linear_predictivity,58,100,-0.0019774638553406955,,"[10000.0, 10000.0, 3162.277660168379, 3162.277660168379, 3162.277660168379]",0.017313487643685753,1.0128601928934908,0.9825440032597242,0.9993307169222445
sub-04,V6,PIT,test,sub-10,linear_predictivity,58,100,-0.010609013408220189,"[-0.016365224845198086, -0.01410151965800638, -0.010761366202150313, -0.006775428177462931, -0.0050415281582832285]",,,,,
sub-04,V6,IPS1,train,sub-10,linear_predictivity,58,166,0.007740822007273362,,"[1000.0, 1000.0, 1000.0, 1000.0, 1000.0]",0.05197247736043335,1.0045993666003223,0.9477442856594485,0.987717940945003
sub-04,V6,IPS1,test,sub-10,linear_predictivity,58,166,0.028456769876985605,"[0.025132711984957465, 0.03090715833164985, 0.02718706727738417, 0.030719711122806033, 0.028337200668130506]",,,,,
sub-04,V6,MST,train,sub-10,linear_predictivity,58,135,0.018087905209534797,,"[1000.0, 1000.0, 1000.0, 316.2277660168379, 1000.0]",0.06315623337768612,0.9971479078227757,0.936617360456486,0.978513487818031
sub-04,V6,MST,test,sub-10,linear_predictivity,58,135,0.06396904059524326,"[0.05833884422267464, 0.059938757762982665, 0.05848363689968512, 0.07894079295333521, 0.06414317113753867]",,,,,
sub-04,V6,MT,train,sub-10,linear_predictivity,58,86,0.026548621947033283,,"[1000.0, 1000.0, 1000.0, 1000.0, 1000.0]",0.0652433144066367,0.9953673388467689,0.9345692941264983,0.970714285634001
sub-04,V6,MT,test,sub-10,linear_predictivity,58,86,0.054144424862568805,"[0.05288002055547585, 0.051185802347337606, 0.052889986224773096, 0.058933329257929594, 0.05483298592732788]",,,,,
sub-04,V6,FST,train,sub-10,linear_predictivity,58,167,0.021890914631752377,,"[1000.0, 1000.0, 1000.0, 1000.0, 1000.0]",0.06076492424319213,0.997055484378998,0.9389651999228373,0.9735532924230622
sub-04,V6,FST,test,sub-10,linear_predictivity,58,167,0.044388775442059575,"[0.0436428435473684, 0.043471894202604736, 0.04472526792036633, 0.042846734154389034, 0.04725713738556939]",,,,,
sub-04,V6,LO1,train,sub-10,linear_predictivity,58,78,0.012248751249309834,,"[1000.0, 1000.0, 1000.0, 1000.0, 1000.0]",0.051438707869027676,1.0047364405285397,0.9483450620288905,0.9842737093267608
sub-04,V6,LO1,test,sub-10,linear_predictivity,58,78,0.027956396149419444,"[0.030803470972750917, 0.029472584799906266, 0.020854237839883202, 0.03218147397927102, 0.026470213155285804]",,,,,
sub-04,V6,LO2,train,sub-10,linear_predictivity,58,80,0.0007303208185790844,,"[3162.277660168379, 3162.277660168379, 3162.277660168379, 3162.277660168379, 3162.277660168379]",0.02337445370669467,1.011745572557431,0.9764877962059039,0.9970623521270874
sub-04,V6,LO2,test,sub-10,linear_predictivity,58,80,0.007886556726909324,"[0.0053567825251803645, 0.007798954791557722, 0.007077264765391234, 0.006370521244947841, 0.012829260307469453]",,,,,
sub-04,V6,LO3,train,sub-10,linear_predictivity,58,113,0.033437233951312685,,"[1000.0, 1000.0, 1000.0, 1000.0, 1000.0]",0.07264440723842375,0.9924871522787416,0.927094546533487,0.9625904937693125
sub-04,V6,LO3,test,sub-10,linear_predictivity,58,113,0.06735827933816727,"[0.07414418647239447, 0.06658158941272872, 0.060597318966262144, 0.0657448459105342, 0.0697234559289168]",,,,,
sub-04,V6,V7,train,sub-10,linear_predictivity,58,61,0.006661498468760495,,"[3162.277660168379, 1000.0, 3162.277660168379, 3162.277660168379, 1000.0]",0.038489426357397036,1.0064605023927222,0.9612606428844328,0.9901582790753498
sub-04,V6,V7,test,sub-10,linear_predictivity,58,61,0.03723537782646187,"[0.026012518591232815, 0.0522480553708623, 0.03245879506482903, 0.023739118931079366, 0.051718401174305866]",,,,,
sub-04,V6,IP0,train,sub-10,linear_predictivity,58,103,0.002276963201110371,,"[3162.277660168379, 3162.277660168379, 3162.277660168379, 1000.0, 3162.277660168379]",0.03177601388405384,1.0098723844876318,0.9680270147445809,0.9938324443685215
sub-04,V6,IP0,test,sub-10,linear_predictivity,58,103,0.00778949710282045,"[0.008761428861083581, 0.003212067116062452, 0.00432889886706468, 0.01871795651201179, 0.00392713415787975]",,,,,
sub-04,V6,IP1,train,sub-10,linear_predictivity,58,33,-0.004893782079329627,,"[10000.0, 3162.277660168379, 31622.776601683796, 10000.0, 10000.0]",0.01228125244241848,1.0159152305449752,0.9875249663924043,1.0017863702769625
sub-04,V6,IP1,test,sub-10,linear_predictivity,58,33,-0.0026451727003688327,"[-0.0017624924027457266, -0.0058569932531253865, -0.0029315877829011426, -0.002583024490267523, -9.176557280438595e-05]",,,,,
sub-04,V6,MIP,train,sub-10,linear_predictivity,58,178,0.0017908691729666833,,"[3162.277660168379, 1000.0, 3162.277660168379, 1000.0, 1000.0]",0.041727955164366656,1.0059507733032043,0.9579567754091031,0.9924900030479964
sub-04,V6,MIP,test,sub-10,linear_predictivity,58,178,-0.0004399120171210146,"[0.0026812946261725594, -0.0026350260872673977, 0.0033747529244511276, 0.004562762557932705, -0.010183344106894067]",,,,,
sub-04,V6,VIP,train,sub-10,linear_predictivity,58,100,0.009921610606993895,,"[1000.0, 1000.0, 1000.0, 1000.0, 1000.0]",0.05150270215161924,1.0039944590526892,0.9482943095071807,0.9866540850586112
sub-04,V6,VIP,test,sub-10,linear_predictivity,58,100,0.03316753638386831,"[0.03452484647994833, 0.03781294656416803, 0.02807900672139156, 0.0366666468735073, 0.02875423528032632]",,,,,
sub-04,V6,LIPd,train,sub-10,linear_predictivity,58,31,-0.005179781374595551,,"[10000.0, 10000.0, 31622.776601683796, 316227.7660168379, 10000.0]",0.0065924406274834885,1.0178270170385066,0.9932100245488392,1.0020080083000555
sub-04,V6,LIPd,test,sub-10,linear_predictivity,58,31,-0.003084315698443615,"[-0.0028142496766579554, -0.006552160378067105, -0.0016553793105610589, -0.0040049752663352785, -0.0003948138605966774]",,,,,
sub-04,V6,LIPv,train,sub-10,linear_predictivity,58,75,0.0033844505471265027,,"[3162.277660168379, 3162.277660168379, 3162.277660168379, 3162.277660168379, 3162.277660168379]",0.02538798945334082,1.011617692697238,0.974412325292565,0.9933519578027896
sub-04,V6,LIPv,test,sub-10,linear_predictivity,58,75,0.0083426261292976,"[0.008845429464786987, 0.010234534030725242, 0.007914941245731987, 0.006955398553021248, 0.0077628273522225375]",,,,,
sub-04,V6,AIP,train,sub-10,linear_predictivity,58,409,-0.000727866556629281,,"[3162.277660168379, 3162.277660168379, 3162.277660168379, 3162.277660168379, 3162.277660168379]",0.027259598642944714,1.0093968758973437,0.9723949233074689,0.9947582204540468
sub-04,V6,AIP,test,sub-10,linear_predictivity,58,409,0.009331225270875727,"[0.00654087585477525, 0.010720728699256745, 0.009257389009289099, 0.00915848126885858, 0.010978651522198965]",,,,,
sub-04,V6,7Pm,train,sub-10,linear_predictivity,58,21,0.0003680049084970362,,"[3162.277660168379, 3162.277660168379, 3162.277660168379, 3162.277660168379, 10000.0]",0.020947828006718173,1.0119840303122813,0.9788364241843425,0.9964244046388295
sub-04,V6,7Pm,test,sub-10,linear_predictivity,58,21,0.00680973529354686,"[0.011457997669247119, 0.005842469344262141, 0.007937329254537199, 0.007062164309792282, 0.001748715889895558]",,,,,
sub-04,V6,7PL,train,sub-10,linear_predictivity,58,106,0.011880831558247243,,"[1000.0, 1000.0, 1000.0, 1000.0, 1000.0]",0.05208588606980683,1.004126642261916,0.947709401290649,0.984602220852507
sub-04,V6,7PL,test,sub-10,linear_predictivity,58,106,0.04131696642825548,"[0.04845119078455998, 0.04262382095981734, 0.042605148981180785, 0.04738733874468055, 0.025517332671038766]",,,,,
sub-04,V6,7PC,train,sub-10,linear_predictivity,58,224,0.0006540103498619237,,"[3162.277660168379, 3162.277660168379, 3162.277660168379, 3162.277660168379, 3162.277660168379]",0.026484577499485417,1.008852276804116,0.9731684891855924,0.9935052598642262
sub-04,V6,7PC,test,sub-10,linear_predictivity,58,224,0.021892707069895108,"[0.021695434995142645, 0.027188911171709716, 0.02007535396562036, 0.01754080986784939, 0.022963025349153437]",,,,,
sub-04,V6,7Am,train,sub-10,linear_predictivity,58,186,0.0090375042529356,,"[1000.0, 1000.0, 1000.0, 1000.0, 1000.0]",0.05184569801969876,1.0045011596437439,0.9478283975477639,0.9855344018474398
sub-04,V6,7Am,test,sub-10,linear_predictivity,58,186,0.0423438682091932,"[0.047241224253935725, 0.04750200604313445, 0.03799017757762099, 0.044933057988122825, 0.034052875183151976]",,,,,
sub-04,V6,7AL,train,sub-10,linear_predictivity,58,158,0.0038243714773404523,,"[3162.277660168379, 3162.277660168379, 3162.277660168379, 1000.0, 3162.277660168379]",0.032826717345868006,1.0071605711696494,0.966853953963297,0.9904585239911412
sub-04,V6,7AL,test,sub-10,linear_predictivity,58,158,0.032556078970191214,"[0.030170106716617358, 0.036103350052044327, 0.025651271335776254, 0.042423930508093705, 0.028431736238424446]",,,,,
sub-04,V6,VVC,train,sub-10,linear_predictivity,58,196,0.002619323736947558,,"[3162.277660168379, 3162.277660168379, 3162.277660168379, 3162.277660168379, 3162.277660168379]",0.02643309453622436,1.0102497853682004,0.9733160353704152,0.9932537545558752
sub-04,V6,VVC,test,sub-10,linear_predictivity,58,196,0.02100876249077287,"[0.022296086571494574, 0.022247447632593405, 0.019286794587030972, 0.018343776960995675, 0.02286970670174972]",,,,,
sub-04,V6,VMV2,train,sub-10,linear_predictivity,58,94,0.013316614861152855,,"[1000.0, 1000.0, 1000.0, 1000.0, 1000.0]",0.05450488184342502,1.0032062083914641,0.9452417911500917,0.9822601618513582
sub-04,V6,VMV2,test,sub-10,linear_predictivity,58,94,0.05183707598218249,"[0.05826461299425763, 0.05860567493424893, 0.045720847914426856, 0.054277740332611325, 0.042316503735367716]",,,,,
sub-04,V6,VMV3,train,sub-10,linear_predictivity,58,98,0.0025005728781511537,,"[1000.0, 1000.0, 3162.277660168379, 3162.277660168379, 3162.277660168379]",0.03588403176057335,1.0083185741302063,0.9637617745561752,0.9927807377921869
sub-04,V6,VMV3,test,sub-10,linear_predictivity,58,98,-0.02105018630924581,"[-0.0001443035162244904, -0.004101197023651352, -0.031225486603202943, -0.03522460158214796, -0.03455534282100231]",,,,,
sub-04,V6,VMV1,train,sub-10,linear_predictivity,58,42,0.014181758904109235,,"[1000.0, 1000.0, 1000.0, 1000.0, 1000.0]",0.05776103260422007,1.0015196613950827,0.9418908573076413,0.979872133338208
sub-04,V6,VMV1,test,sub-10,linear_predictivity,58,42,0.04879045479731231,"[0.053216170335297734, 0.052668242835429376, 0.04729735893339293, 0.05005938279076714, 0.04071111909167439]",,,,,
sub-04,V6,PHA2,train,sub-10,linear_predictivity,58,21,-0.003658157231050134,,"[1000.0, 1000.0, 1000.0, 1000.0, 3162.277660168379]",0.04423612626910126,1.006700672817957,0.9554525438378813,0.998286818494025
sub-04,V6,PHA2,test,sub-10,linear_predictivity,58,21,0.04570387785850668,"[0.04597420768386432, 0.05463868196236824, 0.04565244743999909, 0.05433786944850154, 0.027916182757800227]",,,,,
sub-04,V6,PHA3,train,sub-10,linear_predictivity,58,104,0.00437199042006231,,"[1000.0, 1000.0, 1000.0, 1000.0, 1000.0]",0.04813153541844563,1.007075987411234,0.9516381166416223,0.991580597850881
sub-04,V6,PHA3,test,sub-10,linear_predictivity,58,104,0.06276245389807356,"[0.0669387112001889, 0.06569219722712746, 0.05564806585768352, 0.06687827068824159, 0.058655024517126314]",,,,,
sub-04,V6,PH,train,sub-10,linear_predictivity,58,261,0.007599810676149639,,"[3162.277660168379, 3162.277660168379, 3162.277660168379, 3162.277660168379, 3162.277660168379]",0.030197743014710586,1.0069803469217042,0.9695977344933613,0.9890571877084063
sub-04,V6,PH,test,sub-10,linear_predictivity,58,261,0.018815450315748532,"[0.01863099006028148, 0.017662645140273835, 0.016871546505495605, 0.018670625706056074, 0.02224144416663568]",,,,,
sub-04,V6A,V1,train,sub-10,linear_predictivity,38,553,0.011261617868575607,,"[1000.0, 1000.0, 1000.0, 1000.0, 1000.0]",0.04145458636631073,0.9986429964933136,0.9583074614336808,0.9847701528166326
sub-04,V6A,V1,test,sub-10,linear_predictivity,38,553,0.020103369217168727,"[0.022268002199690447, 0.01850080152537905, 0.021914043227327446, 0.019411714871312765, 0.01842228426213392]",,,,,
sub-04,V6A,V2,train,sub-10,linear_predictivity,38,516,0.013385815243348032,,"[1000.0, 1000.0, 1000.0, 1000.0, 1000.0]",0.04378934588250972,0.9980943021431301,0.9559623752584052,0.9825350858991637
sub-04,V6A,V2,test,sub-10,linear_predictivity,38,516,0.011217614297914255,"[0.013763609430986314, 0.012463270787052713, 0.010640651258106874, 0.011711786374392607, 0.007508753639032771]",,,,,
sub-04,V6A,V3,train,sub-10,linear_predictivity,38,400,0.023817611644859592,,"[316.2277660168379, 316.2277660168379, 1000.0, 1000.0, 1000.0]",0.05920432800959541,0.9925701976963024,0.9405627201581256,0.9727494655386865
sub-04,V6A,V3,test,sub-10,linear_predictivity,38,400,0.02811177239870109,"[0.03603900433793805, 0.03883805780210406, 0.022743672774734273, 0.02411715710751662, 0.01882096997121246]",,,,,
sub-04,V6A,V4,train,sub-10,linear_predictivity,38,574,0.026574593962714783,,"[316.2277660168379, 316.2277660168379, 1000.0, 1000.0, 1000.0]",0.0634590836388274,0.9903498434721667,0.9362836421460349,0.9697853000470659
sub-04,V6A,V4,test,sub-10,linear_predictivity,38,574,0.03342938731689892,"[0.03876236131403315, 0.045199853235625594, 0.02651184603031996, 0.030644430321847417, 0.026028445682668492]",,,,,
sub-04,V6A,V3A,train,sub-10,linear_predictivity,38,85,0.048902961972094997,,"[316.2277660168379, 316.2277660168379, 1000.0, 316.2277660168379, 1000.0]",0.08711109380352271,0.9807015099651304,0.9125914929089077,0.9469592520726
sub-04,V6A,V3A,test,sub-10,linear_predictivity,38,85,0.09985860443165603,"[0.10349246320647187, 0.11053579643454448, 0.08599991420858144, 0.11133892923379272, 0.0879259190748897]",,,,,
sub-04,V6A,V3B,train,sub-10,linear_predictivity,38,99,0.02981693443491347,,"[1000.0, 316.2277660168379, 1000.0, 1000.0, 1000.0]",0.05903780827104378,0.9908882125584851,0.940809896114704,0.9669341051273219
sub-04,V6A,V3B,test,sub-10,linear_predictivity,38,99,0.04297420754337452,"[0.04217628215501459, 0.05083002080037066, 0.03400436966015785, 0.04733857132360896, 0.04052179377772051]",,,,,
sub-04,V6A,V6,train,sub-10,linear_predictivity,38,11,0.0259317140757523,,"[1000.0, 316.2277660168379, 1000.0, 316.2277660168379, 1000.0]",0.0617314858995351,0.9918908283869923,0.9381028487893832,0.9710795845622322
sub-04,V6A,V6,test,sub-10,linear_predictivity,38,11,0.055377789635969475,"[0.04800387697554418, 0.06466406987212597, 0.05289963040644634, 0.06658646417462798, 0.04473490675110292]",,,,,
sub-04,V6A,V6A,train,sub-10,linear_predictivity,38,45,0.03894122607077623,,"[316.2277660168379, 316.2277660168379, 1000.0, 316.2277660168379, 1000.0]",0.07906425653325574,0.9848516839377922,0.9205726887382338,0.9568147823490941
sub-04,V6A,V6A,test,sub-10,linear_predictivity,38,45,0.10079560065094931,"[0.10130124845402974, 0.11446608091860849, 0.09280929489130951, 0.10435735127270947, 0.09104402771808932]",,,,,
sub-04,V6A,V7,train,sub-10,linear_predictivity,38,61,0.06711826194518535,,"[316.2277660168379, 316.2277660168379, 316.2277660168379, 316.2277660168379, 316.2277660168379]",0.10933994216193996,0.9725831695282661,0.8903723512683375,0.9283842105886724
sub-04,V6A,V7,test,sub-10,linear_predictivity,38,61,0.12107679085934837,"[0.11352380913456352, 0.13072341612892904, 0.11340986918835042, 0.12124372465337609, 0.12648313519152282]",,,,,
sub-04,V6A,V8,train,sub-10,linear_predictivity,38,96,0.032830130719787465,,"[1000.0, 1000.0, 1000.0, 1000.0, 1000.0]",0.0614123036918756,0.9891008918838322,0.9383552966460147,0.9635243475838863
sub-04,V6A,V8,test,sub-10,linear_predictivity,38,96,0.045560337793289975,"[0.046076106616366345, 0.04741642136610431, 0.05430467046947409, 0.04398836539029338, 0.036016125124211734]",,,,,
sub-04,V6A,FFC,train,sub-10,linear_predictivity,38,244,0.021225348362385953,,"[1000.0, 1000.0, 1000.0, 1000.0, 1000.0]",0.047788121301849944,0.9961775727324256,0.9520541781490645,0.9762063908888617
sub-04,V6A,FFC,test,sub-10,linear_predictivity,38,244,0.0409424930449811,"[0.04399833985775825, 0.04304048852215765, 0.03676930522363844, 0.042610845533466425, 0.03829348608788472]",,,,,
sub-04,V6A,PIT,train,sub-10,linear_predictivity,38,100,0.027088407229015742,,"[1000.0, 1000.0, 1000.0, 1000.0, 1000.0]",0.05381185335322038,0.9934315879455923,0.9460170069511162,0.9702625907693271
sub-04,V6A,PIT,test,sub-10,linear_predictivity,38,100,0.051228191657487654,"[0.052679660963898464, 0.0556513095035235, 0.04552899675145514, 0.05143430191622762, 0.05084668915233353]",,,,,
sub-04,V6A,IPS1,train,sub-10,linear_predictivity,38,166,0.026720120252177515,,"[1000.0, 316.2277660168379, 1000.0, 1000.0, 316.2277660168379]",0.06522701865922265,0.9894724907516327,0.9344485378030735,0.9685243362393476
sub-04,V6A,IPS1,test,sub-10,linear_predictivity,38,166,0.06454284809652627,"[0.05892137013434255, 0.06763384306679121, 0.057150618690338086, 0.06339527489245424, 0.07561313369870525]",,,,,
sub-04,V6A,MST,train,sub-10,linear_predictivity,38,135,0.10117500159433004,,"[316.2277660168379, 316.2277660168379, 316.2277660168379, 316.2277660168379, 316.2277660168379]",0.13990472200767842,0.959682220072786,0.8598402166917547,0.8946804963982482
sub-04,V6A,MST,test,sub-10,linear_predictivity,38,135,0.17405674156855874,"[0.16536531038580218, 0.18623784590298062, 0.16759803944639987, 0.17882907727910238, 0.17225343482850872]",,,,,
sub-04,V6A,MT,train,sub-10,linear_predictivity,38,86,0.06752331608744444,,"[316.2277660168379, 316.2277660168379, 316.2277660168379, 316.2277660168379, 316.2277660168379]",0.1049342080590457,0.9764937018573734,0.8948634443008965,0.9294179374700031
sub-04,V6A,MT,test,sub-10,linear_predictivity,38,86,0.09077245717578317,"[0.08603289297900614, 0.09309917742992402, 0.08825801981080224, 0.0973321334139663, 0.0891400622452172]",,,,,
sub-04,V6A,FST,train,sub-10,linear_predictivity,38,167,0.09365717646111152,,"[316.2277660168379, 316.2277660168379, 316.2277660168379, 316.2277660168379, 316.2277660168379]",0.1386955773436389,0.9598784913269217,0.8608299450632462,0.89879143918866
sub-04,V6A,FST,test,sub-10,linear_predictivity,38,167,0.1602854929400722,"[0.15348882823158627, 0.17073778895144692, 0.15285752014215193, 0.15885313088407055, 0.16549019649110533]",,,,,
sub-04,V6A,LO1,train,sub-10,linear_predictivity,38,78,0.04158785895190562,,"[316.2277660168379, 316.2277660168379, 1000.0, 316.2277660168379, 316.2277660168379]",0.08157402191299713,0.9841697484808654,0.9181077958492618,0.9542687709310448
sub-04,V6A,LO1,test,sub-10,linear_predictivity,38,78,0.0825988690732182,"[0.08539781590681794, 0.09254053574953601, 0.058126389598592225, 0.09070023669325461, 0.0862293674178902]",,,,,
sub-04,V6A,LO2,train,sub-10,linear_predictivity,38,80,0.03405221678149704,,"[316.2277660168379, 1000.0, 1000.0, 1000.0, 316.2277660168379]",0.06565872386029334,0.9895324324011746,0.9341182700190812,0.9634158181637666
sub-04,V6A,LO2,test,sub-10,linear_predictivity,38,80,0.07168856876990104,"[0.07874668281947438, 0.07140907443708973, 0.0634151639528429, 0.06680617525499358, 0.07806574738510466]",,,,,
sub-04,V6A,LO3,train,sub-10,linear_predictivity,38,113,0.04368958422549666,,"[316.2277660168379, 316.2277660168379, 316.2277660168379, 316.2277660168379, 316.2277660168379]",0.08569285357970968,0.9843779454611703,0.9139702291489898,0.951197032430778
sub-04,V6A,LO3,test,sub-10,linear_predictivity,38,113,0.05771099011973344,"[0.05652473705063852, 0.05655693193013735, 0.0548421765175526, 0.060259073591870084, 0.060372031508468676]",,,,,
sub-04,V6A,V7,train,sub-10,linear_predictivity,38,61,0.06711826194518535,,"[316.2277660168379, 316.2277660168379, 316.2277660168379, 316.2277660168379, 316.2277660168379]",0.10933994216193996,0.9725831695282661,0.8903723512683375,0.9283842105886724
sub-04,V6A,V7,test,sub-10,linear_predictivity,38,61,0.12107679085934837,"[0.11352380913456352, 0.13072341612892904, 0.11340986918835042, 0.12124372465337609, 0.12648313519152282]",,,,,
sub-04,V6A,IP0,train,sub-10,linear_predictivity,38,103,0.021556308699291708,,"[1000.0, 316.2277660168379, 1000.0, 1000.0, 316.2277660168379]",0.05717931423637453,0.9931082614072645,0.9425540864631893,0.9740977031037372
sub-04,V6A,IP0,test,sub-10,linear_predictivity,38,103,0.030991854168878875,"[0.02628414587294799, 0.027805086021538618, 0.026530589715585685, 0.03362955751705308, 0.04070989171726899]",,,,,
sub-04,V6A,IP1,train,sub-10,linear_predictivity,38,33,0.0021638871881462414,,"[3162.277660168379, 3162.277660168379, 3162.277660168379, 3162.277660168379, 3162.277660168379]",0.02030144185513033,1.005607565592375,0.9794957062887313,0.9947767585935408
sub-04,V6A,IP1,test,sub-10,linear_predictivity,38,33,0.015831439253173832,"[0.015301399195761423, 0.013972735814461568, 0.015084482926668715, 0.01749826180163418, 0.017300316527343273]",,,,,
sub-04,V6A,MIP,train,sub-10,linear_predictivity,38,178,0.008182278564169683,,"[1000.0, 1000.0, 1000.0, 3162.277660168379, 1000.0]",0.04348941040699787,0.9989843528207609,0.9560386780917172,0.9858418075780921
sub-04,V6A,MIP,test,sub-10,linear_predictivity,38,178,0.04853394120924447,"[0.06229841301206605, 0.047432366920630055, 0.051131407238656515, 0.029711477169208876, 0.05209604170566084]",,,,,
sub-04,V6A,VIP,train,sub-10,linear_predictivity,38,100,0.03896944979944386,,"[316.2277660168379, 316.2277660168379, 1000.0, 316.2277660168379, 316.2277660168379]",0.08061351884281621,0.9864381123135866,0.9191410036530158,0.9570184861271052
sub-04,V6A,VIP,test,sub-10,linear_predictivity,38,100,0.09928315443574351,"[0.10555162071956724, 0.10434397249578174, 0.08718332382862017, 0.09920807490796812, 0.1001287802267803]",,,,,
sub-04,V6A,LIPd,train,sub-10,linear_predictivity,38,31,-0.0030296196793939303,,"[3162.277660168379, 3162.277660168379, 3162.277660168379, 10000.0, 3162.277660168379]",0.015011033429553358,1.0088622811449262,0.984807908720628,0.9999966243163101
sub-04,V6A,LIPd,test,sub-10,linear_predictivity,38,31,-0.001105309700579623,"[0.000929199816146812, -0.004187138759407557, 0.003302218880129052, -0.004847876443125612, -0.0007229519966408097]",,,,,
sub-04,V6A,LIPv,train,sub-10,linear_predictivity,38,75,0.014916511718314469,,"[1000.0, 1000.0, 1000.0, 3162.277660168379, 1000.0]",0.043763305153998726,0.9973688455055486,0.955953203875211,0.981536599261398
sub-04,V6A,LIPv,test,sub-10,linear_predictivity,38,75,0.03873294445672167,"[0.04212552759388671, 0.0398835868832978, 0.040971182027853305, 0.027455071835911084, 0.04322935394265946]",,,,,
sub-04,V6A,AIP,train,sub-10,linear_predictivity,38,409,0.005425094178676838,,"[1000.0, 1000.0, 1000.0, 3162.277660168379, 1000.0]",0.04114780494120895,1.0003876933376177,0.9583904843908375,0.9881170387023497
sub-04,V6A,AIP,test,sub-10,linear_predictivity,38,409,0.040918739133865865,"[0.04518307081074706, 0.04685767358924477, 0.040752639716263354, 0.02580883847979931, 0.04599147307327483]",,,,,
sub-04,V6A,7Pm,train,sub-10,linear_predictivity,38,21,0.015376403221339992,,"[1000.0, 1000.0, 1000.0, 1000.0, 1000.0]",0.045576649076607745,0.9979403928705342,0.9541904869285392,0.9810155142652812
sub-04,V6A,7Pm,test,sub-10,linear_predictivity,38,21,0.058566537811529075,"[0.0629273609087796, 0.053536991828952274, 0.0661745843353386, 0.053246159502497684, 0.056947592482077175]",,,,,
sub-04,V6A,7PL,train,sub-10,linear_predictivity,38,106,0.058836073541365885,,"[316.2277660168379, 316.2277660168379, 316.2277660168379, 316.2277660168379, 316.2277660168379]",0.10212481335824593,0.9780129745982464,0.8976505981429259,0.9374036490329815
sub-04,V6A,7PL,test,sub-10,linear_predictivity,38,106,0.1462637091044096,"[0.15453063012985022, 0.15020598309350341, 0.14726678427462447, 0.13614048746990268, 0.14317466055416722]",,,,,
sub-04,V6A,7PC,train,sub-10,linear_predictivity,38,224,0.0387255787051833,,"[316.2277660168379, 316.2277660168379, 1000.0, 316.2277660168379, 316.2277660168379]",0.08440955396469291,0.9848161178971825,0.915125027320561,0.9539024672256262
sub-04,V6A,7PC,test,sub-10,linear_predictivity,38,224,0.10270244709882984,"[0.10296866075185629, 0.11005605068571193, 0.08904488362688483, 0.09962033309641363, 0.1118223073332825]",,,,,
sub-04,V6A,7Am,train,sub-10,linear_predictivity,38,186,0.021369834107961026,,"[1000.0, 1000.0, 1000.0, 1000.0, 1000.0]",0.052541324097565414,0.9946914642389914,0.9471334868018942,0.9734340447502234
sub-04,V6A,7Am,test,sub-10,linear_predictivity,38,186,0.06535602496505472,"[0.06877495066644179, 0.06574081988410567, 0.06479595201891686, 0.06253446909306411, 0.06493393316274514]",,,,,
sub-04,V6A,7AL,train,sub-10,linear_predictivity,38,158,0.022662439688082136,,"[1000.0, 1000.0, 1000.0, 1000.0, 316.2277660168379]",0.056064296621835284,0.9951320346768598,0.9435961046221036,0.9714922544109049
sub-04,V6A,7AL,test,sub-10,linear_predictivity,38,158,0.06696473140602317,"[0.06387237098376648, 0.0648373916526483, 0.06031588877163623, 0.0648016420119549, 0.0809963636101099]",,,,,
sub-04,V6A,VVC,train,sub-10,linear_predictivity,38,196,0.017792194438606867,,"[1000.0, 1000.0, 1000.0, 1000.0, 1000.0]",0.047697871522499935,0.9956810508673147,0.95204106831968,0.9780178040282062
sub-04,V6A,VVC,test,sub-10,linear_predictivity,38,196,0.03506471838207216,"[0.03282628100011771, 0.03645297663927471, 0.03379958297185324, 0.03814213816724993, 0.0341026131318652]",,,,,
sub-04,V6A,VMV2,train,sub-10,linear_predictivity,38,94,0.036252118975806644,,"[316.2277660168379, 316.2277660168379, 316.2277660168379, 316.2277660168379, 316.2277660168379]",0.08039135677429791,0.9877064688800437,0.9193817470917145,0.9597455275447986
sub-04,V6A,VMV2,test,sub-10,linear_predictivity,38,94,0.09423705313930256,"[0.09479866097067902, 0.09598822240409931, 0.09125288862332348, 0.09888675568109354, 0.0902587380173175]",,,,,
sub-04,V6A,VMV3,train,sub-10,linear_predictivity,38,98,0.01928390071802259,,"[1000.0, 1000.0, 1000.0, 1000.0, 1000.0]",0.05163343561070005,0.9937967550214835,0.9480787068524528,0.9760357879616526
sub-04,V6A,VMV3,test,sub-10,linear_predictivity,38,98,-0.004078920092321377,"[-0.002338554705752474, -0.0016913924825481784, -0.0041236090915012, -0.004324689751355517, -0.007916354430449513]",,,,,
sub-04,V6A,VMV1,train,sub-10,linear_predictivity,38,42,0.012096478486369851,,"[1000.0, 1000.0, 1000.0, 316.2277660168379, 1000.0]",0.04759990046170496,0.9979890624474448,0.9520108793938122,0.9820243719621573
sub-04,V6A,VMV1,test,sub-10,linear_predictivity,38,42,0.05168917662174344,"[0.047074789250615964, 0.05092338270672307, 0.04953472015364933, 0.06569557293397085, 0.045217418063757994]",,,,,
sub-04,V6A,PHA2,train,sub-10,linear_predictivity,38,21,0.025056329191216857,,"[316.2277660168379, 316.2277660168379, 316.2277660168379, 316.2277660168379, 316.2277660168379]",0.0741203548730773,0.9911485728656443,0.9255697428101743,0.969817775940272
sub-04,V6A,PHA2,test,sub-10,linear_predictivity,38,21,0.10416214789253553,"[0.09736863295742008, 0.10728944344489627, 0.10282018600445353, 0.10859907086833645, 0.10473340618757135]",,,,,
sub-04,V6A,PHA3,train,sub-10,linear_predictivity,38,104,0.031798239913556625,,"[316.2277660168379, 316.2277660168379, 316.2277660168379, 316.2277660168379, 316.2277660168379]",0.07673441214190464,0.9893614058674215,0.9230453473288925,0.964403041702783
sub-04,V6A,PHA3,test,sub-10,linear_predictivity,38,104,0.11922956386035655,"[0.12021266701438835, 0.11592742953998039, 0.11748760522525167, 0.12344974919098083, 0.11907036833118147]",,,,,
sub-04,V6A,PH,train,sub-10,linear_predictivity,38,261,0.03497379875114328,,"[316.2277660168379, 316.2277660168379, 1000.0, 1000.0, 316.2277660168379]",0.07521459838214065,0.9866216094797344,0.9245273433832774,0.9612433951494731
sub-04,V6A,PH,test,sub-10,linear_predictivity,38,261,0.06122477555602542,"[0.06303565823540042, 0.0660168918295117, 0.054868800990833196, 0.055582712469978174, 0.06661981425440364]",,,,,
sub-04,V7,V1,train,sub-10,linear_predictivity,77,553,0.0037981606577157977,,"[3162.277660168379, 3162.277660168379, 3162.277660168379, 3162.277660168379, 3162.277660168379]",0.032286470028963045,1.0096280079708604,0.9674773873057234,0.9922016274567056
sub-04,V7,V1,test,sub-10,linear_predictivity,77,553,0.0025342269394903077,"[0.0035565629163308416, 0.0012086940674800478, 0.004293854524833823, 0.0004716809974881361, 0.0031403421913186913]",,,,,
sub-04,V7,V2,train,sub-10,linear_predictivity,77,516,0.013597100774067651,,"[3162.277660168379, 3162.277660168379, 3162.277660168379, 3162.277660168379, 3162.277660168379]",0.04160980792484752,1.0046499220258887,0.9581340357364379,0.9821527447557058
sub-04,V7,V2,test,sub-10,linear_predictivity,77,516,0.006585947727059019,"[0.008376066092335781, 0.007199292068310332, 0.007604895585041368, 0.005446385809766877, 0.004303099079840736]",,,,,
sub-04,V7,V3,train,sub-10,linear_predictivity,77,400,0.020840286137315783,,"[1000.0, 1000.0, 1000.0, 1000.0, 1000.0]",0.06594235571060039,1.0004476209445097,0.9338425320672565,0.9755458880877587
sub-04,V7,V3,test,sub-10,linear_predictivity,77,400,0.025579615603867262,"[0.026700776098012583, 0.023060979097236103, 0.02743827530238621, 0.028131246525549977, 0.02256680099615143]",,,,,
sub-04,V7,V4,train,sub-10,linear_predictivity,77,574,0.045210208064575,,"[1000.0, 1000.0, 1000.0, 1000.0, 1000.0]",0.08843109002177275,0.9876105540632244,0.9113515328865989,0.9511390178504182
sub-04,V7,V4,test,sub-10,linear_predictivity,77,574,0.05947711532134288,"[0.058432487446718306, 0.05740971757486662, 0.05895989314852158, 0.06372303413294628, 0.05886044430366159]",,,,,
sub-04,V7,V3A,train,sub-10,linear_predictivity,77,85,0.0577192172122044,,"[1000.0, 1000.0, 1000.0, 1000.0, 1000.0]",0.09930078971518423,0.9815729793594267,0.9004396801288328,0.937973580481483
sub-04,V7,V3A,test,sub-10,linear_predictivity,77,85,0.09475455011779546,"[0.09734678484758465, 0.08751469558203333, 0.09785981537823356, 0.09760708760074902, 0.09344436718037674]",,,,,
sub-04,V7,V3B,train,sub-10,linear_predictivity,77,99,0.057654352907497125,,"[1000.0, 1000.0, 1000.0, 1000.0, 1000.0]",0.0979578423229461,0.9848383296737818,0.9018488093189188,0.9393721774937402
sub-04,V7,V3B,test,sub-10,linear_predictivity,77,99,0.07321025326710509,"[0.07421005939016372, 0.0671795347500591, 0.07007258168912331, 0.07902264744956165, 0.07556644305661765]",,,,,
sub-04,V7,V6,train,sub-10,linear_predictivity,77,11,0.03422144565391828,,"[1000.0, 1000.0, 1000.0, 1000.0, 1000.0]",0.0755260203093759,0.9967340804517739,0.9243071231378661,0.9628433876024985
sub-04,V7,V6,test,sub-10,linear_predictivity,77,11,0.10105991533494549,"[0.09760861221186543, 0.10997236100490758, 0.09858390903171328, 0.10323677819326652, 0.09589791623297478]",,,,,
sub-04,V7,V6A,train,sub-10,linear_predictivity,77,45,0.06901335476416427,,"[1000.0, 1000.0, 1000.0, 1000.0, 1000.0]",0.10989514983605815,0.9768335650991247,0.8899352850326258,0.9277994498696241
sub-04,V7,V6A,test,sub-10,linear_predictivity,77,45,0.1317228114815221,"[0.13232673249238103, 0.12688899250252672, 0.13472196676467607, 0.13196650251969683, 0.13270986312832986]",,,,,
sub-04,V7,V7,train,sub-10,linear_predictivity,77,61,0.1116446199301666,,"[1000.0, 1000.0, 1000.0, 1000.0, 1000.0]",0.15193244569509767,0.9520083033869273,0.8478144414367346,0.8840532829020203
sub-04,V7,V7,test,sub-10,linear_predictivity,77,61,0.18707409916637338,"[0.18579257438902969, 0.1862930594281521, 0.18912627853650912, 0.18528888262896545, 0.1888697008492105]",,,,,
sub-04,V7,V8,train,sub-10,linear_predictivity,77,96,0.030703848768990287,,"[1000.0, 1000.0, 1000.0, 1000.0, 1000.0]",0.07146004609663328,0.9983957206031653,0.9283169863502687,0.9655856087660359
sub-04,V7,V8,test,sub-10,linear_predictivity,77,96,0.01589891134550425,"[0.019507648479209015, 0.01274914201415339, 0.026016498784979775, 0.013866347752770852, 0.007354919696408211]",,,,,
sub-04,V7,FFC,train,sub-10,linear_predictivity,77,244,0.02806995266229441,,"[1000.0, 1000.0, 1000.0, 1000.0, 1000.0]",0.07120806718714309,0.9975075099501179,0.9286440117706072,0.9694184321689179
sub-04,V7,FFC,test,sub-10,linear_predictivity,77,244,0.05664600977929871,"[0.05601760285621748, 0.05904499007603749, 0.052531122911717125, 0.05808045779627966, 0.05755587525624183]",,,,,
sub-04,V7,PIT,train,sub-10,linear_predictivity,77,100,0.03274033260304479,,"[1000.0, 1000.0, 1000.0, 3162.277660168379, 3162.277660168379]",0.06845853820970249,0.9956966416787907,0.9313986291234133,0.964433388042717
sub-04,V7,PIT,test,sub-10,linear_predictivity,77,100,0.05793179638711103,"[0.06470354560325067, 0.06941322841744739, 0.06395333329393738, 0.045888568942286004, 0.04570030567863375]",,,,,
sub-04,V7,IPS1,train,sub-10,linear_predictivity,77,166,0.04038884730567984,,"[1000.0, 1000.0, 1000.0, 1000.0, 1000.0]",0.08719950498499625,0.9883240114565688,0.9125077829212802,0.9548924172413059
sub-04,V7,IPS1,test,sub-10,linear_predictivity,77,166,0.09662236729859587,"[0.09864501903998316, 0.08825879619599111, 0.1000095518423999, 0.09658734613826493, 0.09961112327634025]",,,,,
sub-04,V7,MST,train,sub-10,linear_predictivity,77,135,0.13250005294240422,,"[316.2277660168379, 316.2277660168379, 316.2277660168379, 316.2277660168379, 316.2277660168379]",0.19474437750292206,0.9398694758678131,0.8050251005761897,0.8634398681187385
sub-04,V7,MST,test,sub-10,linear_predictivity,77,135,0.27609360519196696,"[0.26863988874126693, 0.2813600238451433, 0.2685764885647355, 0.287442402919037, 0.27444922188965226]",,,,,
sub-04,V7,MT,train,sub-10,linear_predictivity,77,86,0.0998090559053391,,"[316.2277660168379, 316.2277660168379, 316.2277660168379, 316.2277660168379, 316.2277660168379]",0.1630780841477952,0.9583572581586923,0.8367302366704582,0.8971053546089147
sub-04,V7,MT,test,sub-10,linear_predictivity,77,86,0.20166120838290383,"[0.19558694812886032, 0.20164237459229523, 0.1985018126244287, 0.21263181057623906, 0.19994309599269594]",,,,,
sub-04,V7,FST,train,sub-10,linear_predictivity,77,167,0.12165681258846908,,"[316.2277660168379, 316.2277660168379, 316.2277660168379, 1000.0, 316.2277660168379]",0.18786248740052253,0.9410168111011077,0.8115917532093786,0.8702136738381266
sub-04,V7,FST,test,sub-10,linear_predictivity,77,167,0.23207911541953843,"[0.22765008795948255, 0.24453117483817483, 0.22670612370705753, 0.22107566070500398, 0.2404325298879733]",,,,,
sub-04,V7,LO1,train,sub-10,linear_predictivity,77,78,0.04648350088682183,,"[1000.0, 316.2277660168379, 1000.0, 1000.0, 1000.0]",0.09766115872186003,0.9846454863413978,0.9020196713785328,0.9494475990174758
sub-04,V7,LO1,test,sub-10,linear_predictivity,77,78,0.09696321387222831,"[0.09698262699503386, 0.10263768215644473, 0.08904752803312839, 0.10060849971376633, 0.09553973246276826]",,,,,
sub-04,V7,LO2,train,sub-10,linear_predictivity,77,80,0.04885353687357411,,"[1000.0, 1000.0, 1000.0, 1000.0, 1000.0]",0.09038059046934345,0.9853117933324997,0.9094672821060129,0.9486595793699848
sub-04,V7,LO2,test,sub-10,linear_predictivity,77,80,0.09775382286388792,"[0.0953733429883172, 0.10006926493484583, 0.09286472714751581, 0.10076271495674578, 0.099699064292015]",,,,,
sub-04,V7,LO3,train,sub-10,linear_predictivity,77,113,0.04395576242378515,,"[1000.0, 316.2277660168379, 1000.0, 1000.0, 1000.0]",0.09568261280432107,0.9859614680225561,0.9039852988047056,0.9515298453186147
sub-04,V7,LO3,test,sub-10,linear_predictivity,77,113,0.07272245095699884,"[0.06603801158575108, 0.0925250727995378, 0.0640488520046417, 0.069470955184662, 0.07152936321040157]",,,,,
sub-04,V7,V7,train,sub-10,linear_predictivity,77,61,0.1116446199301666,,"[1000.0, 1000.0, 1000.0, 1000.0, 1000.0]",0.15193244569509767,0.9520083033869273,0.8478144414367346,0.8840532829020203
sub-04,V7,V7,test,sub-10,linear_predictivity,77,61,0.18707409916637338,"[0.18579257438902969, 0.1862930594281521, 0.18912627853650912, 0.18528888262896545, 0.1888697008492105]",,,,,
sub-04,V7,IP0,train,sub-10,linear_predictivity,77,103,0.0360900821556902,,"[1000.0, 1000.0, 1000.0, 1000.0, 1000.0]",0.08024990819786323,0.9933104041400103,0.9194918515583863,0.9596904019736444
sub-04,V7,IP0,test,sub-10,linear_predictivity,77,103,0.05739083267203095,"[0.0546789949500513, 0.04299497307905214, 0.06194224339641628, 0.0667054477235832, 0.060632504211051805]",,,,,
sub-04,V7,IP1,train,sub-10,linear_predictivity,77,33,0.01157744115734741,,"[3162.277660168379, 3162.277660168379, 3162.277660168379, 3162.277660168379, 3162.277660168379]",0.037770267887852316,1.0083044416258118,0.962021211987096,0.9851200867560955
sub-04,V7,IP1,test,sub-10,linear_predictivity,77,33,0.025984972977065944,"[0.02063575380214751, 0.0198892726926105, 0.027667791901351164, 0.031418161061661704, 0.03031388542755884]",,,,,
sub-04,V7,MIP,train,sub-10,linear_predictivity,77,178,0.017242712161340247,,"[1000.0, 1000.0, 1000.0, 1000.0, 1000.0]",0.06669720913807273,1.0012303691240008,0.9329417105611718,0.976458396540244
sub-04,V7,MIP,test,sub-10,linear_predictivity,77,178,0.03962950290625437,"[0.040205399301685894, 0.036053587659219254, 0.04029152385602513, 0.04553125071724838, 0.036065752997093185]",,,,,
sub-04,V7,VIP,train,sub-10,linear_predictivity,77,100,0.04654243062018508,,"[1000.0, 1000.0, 1000.0, 1000.0, 1000.0]",0.08830366643236802,0.9895231958729764,0.9114938051026824,0.9502001595121353
sub-04,V7,VIP,test,sub-10,linear_predictivity,77,100,0.07993923392468792,"[0.08849096637748723, 0.0720673315775219, 0.08254715283204103, 0.07791036066928926, 0.07868035816710017]",,,,,
sub-04,V7,LIPd,train,sub-10,linear_predictivity,77,31,0.0034778251824601515,,"[10000.0, 10000.0, 10000.0, 10000.0, 10000.0]",0.018248010099096396,1.0177555061760266,0.9815712282707423,0.9935809011352614
sub-04,V7,LIPd,test,sub-10,linear_predictivity,77,31,0.007195898597871691,"[0.005813699058176231, 0.0025189164411290794, 0.011403607747002957, 0.005672210695683821, 0.01057105904736636]",,,,,
sub-04,V7,LIPv,train,sub-10,linear_predictivity,77,75,0.02886662326708539,,"[3162.277660168379, 3162.277660168379, 1000.0, 3162.277660168379, 3162.277660168379]",0.06043404709806306,0.9977105838852998,0.9393074406388381,0.9671255985746552
sub-04,V7,LIPv,test,sub-10,linear_predictivity,77,75,0.05400298393535359,"[0.05029961859642366, 0.04882355951618932, 0.06305881305553178, 0.05348491756680764, 0.05434801094181553]",,,,,
sub-04,V7,AIP,train,sub-10,linear_predictivity,77,409,0.01884205792986493,,"[1000.0, 1000.0, 1000.0, 3162.277660168379, 3162.277660168379]",0.06630776934864548,0.997503438052548,0.9331982249114474,0.9738295896846371
sub-04,V7,AIP,test,sub-10,linear_predictivity,77,409,0.0819971623759424,"[0.08435312318105767, 0.09403698432816263, 0.08387560601575485, 0.07117820129312286, 0.076541897061614]",,,,,
sub-04,V7,7Pm,train,sub-10,linear_predictivity,77,21,0.016141627403475464,,"[3162.277660168379, 3162.277660168379, 1000.0, 3162.277660168379, 3162.277660168379]",0.04418883621004481,1.0050032630759762,0.955664031030078,0.9803311633530807
sub-04,V7,7Pm,test,sub-10,linear_predictivity,77,21,0.029024792987933017,"[0.028641679037311445, 0.024282104923078335, 0.03731637944698799, 0.02855766557566709, 0.026326135956620225]",,,,,
sub-04,V7,7PL,train,sub-10,linear_predictivity,77,106,0.03688718192523297,,"[1000.0, 1000.0, 1000.0, 1000.0, 1000.0]",0.07826130733335084,0.9936636034448887,0.9215591125103234,0.960112607356311
sub-04,V7,7PL,test,sub-10,linear_predictivity,77,106,0.058821253135164994,"[0.062848807616368, 0.05028427091171323, 0.062495727822561874, 0.05880029997714593, 0.05967715934803594]",,,,,
sub-04,V7,7PC,train,sub-10,linear_predictivity,77,224,0.05961686316631949,,"[1000.0, 1000.0, 1000.0, 3162.277660168379, 1000.0]",0.10434826192321363,0.9782520500128591,0.8951480033110825,0.9332533859985169
sub-04,V7,7PC,test,sub-10,linear_predictivity,77,224,0.14519721060831217,"[0.14593810490826936, 0.15568724081847388, 0.14753504854481886, 0.12752757132248352, 0.14929808744751513]",,,,,
sub-04,V7,7Am,train,sub-10,linear_predictivity,77,186,0.008933785625915576,,"[1000.0, 1000.0, 1000.0, 1000.0, 3162.277660168379]",0.05466604895238934,1.0058008138569359,0.9449614992745644,0.9859116369841201
sub-04,V7,7Am,test,sub-10,linear_predictivity,77,186,0.03690966866289701,"[0.04081009885945941, 0.04053153892253144, 0.03229062156579182, 0.04387191038812137, 0.027044173578581007]",,,,,
sub-04,V7,7AL,train,sub-10,linear_predictivity,77,158,0.02424888161832438,,"[3162.277660168379, 3162.277660168379, 3162.277660168379, 3162.277660168379, 3162.277660168379]",0.05168924136281071,0.9992468449178041,0.9479665051178428,0.9701581155803239
sub-04,V7,7AL,test,sub-10,linear_predictivity,77,158,0.06841162867443809,"[0.06740132111983937, 0.07248633599204057, 0.06362014404242637, 0.06839555696061764, 0.0701547852572665]",,,,,
sub-04,V7,VVC,train,sub-10,linear_predictivity,77,196,0.022669764598202635,,"[1000.0, 3162.277660168379, 3162.277660168379, 1000.0, 3162.277660168379]",0.05609013590962255,0.999865709136112,0.9435898282202441,0.9731213899583688
sub-04,V7,VVC,test,sub-10,linear_predictivity,77,196,0.0339901303007069,"[0.039937023749201286, 0.023988002407738556, 0.030304521158222745, 0.0483062598044824, 0.02741484438388952]",,,,,
sub-04,V7,VMV2,train,sub-10,linear_predictivity,77,94,0.0324762897240123,,"[1000.0, 1000.0, 1000.0, 1000.0, 1000.0]",0.07690738539242994,0.9950082228161119,0.9228443694604096,0.9632765365982274
sub-04,V7,VMV2,test,sub-10,linear_predictivity,77,94,0.0861236503066903,"[0.0867209139328311, 0.08589759049445628, 0.09058670403102512, 0.08372232164365985, 0.08369072143147907]",,,,,
sub-04,V7,VMV3,train,sub-10,linear_predictivity,77,98,0.03987718603221209,,"[1000.0, 1000.0, 1000.0, 1000.0, 1000.0]",0.0848148542108847,0.989876147244896,0.9148955259401023,0.9552060742926228
sub-04,V7,VMV3,test,sub-10,linear_predictivity,77,98,0.021876339722441213,"[0.029286222151260595, 0.01916808530923863, 0.02516277433552174, 0.019879979414244266, 0.01588463740194082]",,,,,
sub-04,V7,VMV1,train,sub-10,linear_predictivity,77,42,0.01415729597935771,,"[1000.0, 1000.0, 1000.0, 1000.0, 1000.0]",0.06273337925008007,1.0028633275463719,0.9369189437512654,0.9797814050265817
sub-04,V7,VMV1,test,sub-10,linear_predictivity,77,42,0.06737419853589985,"[0.06734677918671787, 0.0720926813418217, 0.06797837305325907, 0.06608137380702471, 0.06337178529067596]",,,,,
sub-04,V7,PHA2,train,sub-10,linear_predictivity,77,21,0.01870833984954551,,"[1000.0, 1000.0, 1000.0, 1000.0, 1000.0]",0.06575478234240739,0.9999316145975474,0.9339464526998542,0.9760705105626618
sub-04,V7,PHA2,test,sub-10,linear_predictivity,77,21,0.09142593769881169,"[0.08125687308434622, 0.08982493724658996, 0.09324793816324375, 0.09852376360768865, 0.09427617639218991]",,,,,
sub-04,V7,PHA3,train,sub-10,linear_predictivity,77,104,0.02305050079122065,,"[1000.0, 1000.0, 1000.0, 1000.0, 1000.0]",0.06738924490251681,0.9980847070677331,0.9323695677164545,0.972996537478964
sub-04,V7,PHA3,test,sub-10,linear_predictivity,77,104,0.09246161842063548,"[0.09008737599537947, 0.08879684035416248, 0.09523018066909847, 0.09286425945671573, 0.09532943562782131]",,,,,
sub-04,V7,PH,train,sub-10,linear_predictivity,77,261,0.05299118594700961,,"[1000.0, 1000.0, 1000.0, 1000.0, 1000.0]",0.09608682039707088,0.9842138700840352,0.9036766563581212,0.9430225424264984
sub-04,V7,PH,test,sub-10,linear_predictivity,77,261,0.08477498683427168,"[0.0802069856678161, 0.08492634460539904, 0.0819248284565759, 0.089180413396689, 0.0876363620448784]",,,,,
sub-04,V8,V1,train,sub-10,linear_predictivity,111,553,0.04619376525142005,,"[1000.0, 1000.0, 1000.0, 1000.0, 1000.0]",0.10405636509280691,0.9917171300959355,0.8957290039339589,0.9501428482838126
sub-04,V8,V1,test,sub-10,linear_predictivity,111,553,0.06652193525590377,"[0.06575154978532159, 0.06742613257540402, 0.0648355514058443, 0.06971184180896532, 0.06488460070398365]",,,,,
sub-04,V8,V2,train,sub-10,linear_predictivity,111,516,0.05977700699021475,,"[1000.0, 1000.0, 1000.0, 1000.0, 1000.0]",0.1167394537246236,0.9848665588510073,0.8830403960404644,0.9365115709870965
sub-04,V8,V2,test,sub-10,linear_predictivity,111,516,0.08041180918473642,"[0.07945023440703342, 0.08252840111256443, 0.08028706966805234, 0.08222129755789637, 0.07757204317813558]",,,,,
sub-04,V8,V3,train,sub-10,linear_predictivity,111,400,0.07706279968173771,,"[1000.0, 1000.0, 1000.0, 1000.0, 1000.0]",0.13058622422390576,0.9766018667822773,0.8692340906446114,0.9199695658025873
sub-04,V8,V3,test,sub-10,linear_predictivity,111,400,0.10809369117263637,"[0.1070715576911885, 0.10985071231693386, 0.10784322891505464, 0.11026355220268619, 0.10543940473731855]",,,,,
sub-04,V8,V4,train,sub-10,linear_predictivity,111,574,0.09447222319394127,,"[1000.0, 316.2277660168379, 1000.0, 1000.0, 1000.0]",0.15521580583011552,0.9650825622010805,0.8445636870345791,0.9025279494815507
sub-04,V8,V4,test,sub-10,linear_predictivity,111,574,0.16065759847327443,"[0.16203613638956002, 0.1716294854487869, 0.1559463953812506, 0.15691115788690346, 0.1567648172598711]",,,,,
sub-04,V8,V3A,train,sub-10,linear_predictivity,111,85,0.04576236288971425,,"[3162.277660168379, 1000.0, 3162.277660168379, 1000.0, 1000.0]",0.09252380957922647,0.995393073041078,0.907294741780208,0.9510506022934748
sub-04,V8,V3A,test,sub-10,linear_predictivity,111,85,0.08716555756323671,"[0.08383312084263168, 0.09276826136535926, 0.0770338875261267, 0.09600947422822047, 0.08618304385384538]",,,,,
sub-04,V8,V3B,train,sub-10,linear_predictivity,111,99,0.08663861640922257,,"[1000.0, 1000.0, 1000.0, 1000.0, 1000.0]",0.13877601578110194,0.9727748812073507,0.8610493130749466,0.9105460855739687
sub-04,V8,V3B,test,sub-10,linear_predictivity,111,99,0.18523506429799935,"[0.19556279684742425, 0.17807079094045028, 0.1801449189259766, 0.18869042253607435, 0.18370639224007135]",,,,,
sub-04,V8,V6,train,sub-10,linear_predictivity,111,11,0.012523233864784492,,"[3162.277660168379, 3162.277660168379, 3162.277660168379, 3162.277660168379, 3162.277660168379]",0.043919706777400896,1.0146848182690356,0.9558934062841228,0.9844517259869686
sub-04,V8,V6,test,sub-10,linear_predictivity,111,11,0.05308650025237899,"[0.05242076911441744, 0.05718405604307797, 0.0438775114668708, 0.059594466384365545, 0.05235569825316317]",,,,,
sub-04,V8,V6A,train,sub-10,linear_predictivity,111,45,0.02438191548536866,,"[3162.277660168379, 3162.277660168379, 1000.0, 1000.0, 3162.277660168379]",0.06865169384617394,1.0078199748179668,0.9313410938559382,0.9730767226075011
sub-04,V8,V6A,test,sub-10,linear_predictivity,111,45,0.07217378323278976,"[0.0792404447103082, 0.0691053095117667, 0.0759217592818731, 0.0805740995913556, 0.056027303068645215]",,,,,
sub-04,V8,V7,train,sub-10,linear_predictivity,111,61,0.05477017888426507,,"[1000.0, 1000.0, 1000.0, 1000.0, 1000.0]",0.10783305583165251,0.9918719248015296,0.8920320229664627,0.942843438847687
sub-04,V8,V7,test,sub-10,linear_predictivity,111,61,0.0865903722785391,"[0.09827931894758725, 0.0880842754737896, 0.08206781424644854, 0.09008431671084956, 0.07443613601402058]",,,,,
sub-04,V8,V8,train,sub-10,linear_predictivity,111,96,0.13862835763586187,,"[1000.0, 1000.0, 1000.0, 1000.0, 1000.0]",0.19063461503314577,0.9411087070980475,0.8091289521743856,0.857436794476832
sub-04,V8,V8,test,sub-10,linear_predictivity,111,96,0.2871415153040538,"[0.2944936040093052, 0.2891481081233693, 0.2834160134606788, 0.28190082104113184, 0.2867490298857837]",,,,,
sub-04,V8,FFC,train,sub-10,linear_predictivity,111,244,0.0830751398126529,,"[1000.0, 1000.0, 1000.0, 1000.0, 1000.0]",0.13750550688522772,0.9751143887011338,0.8623261201246855,0.9142289249440498
sub-04,V8,FFC,test,sub-10,linear_predictivity,111,244,0.18720430576180944,"[0.18791005677347125, 0.18715973406214967, 0.18714367760636655, 0.18409299260607723, 0.1897150677609824]",,,,,
sub-04,V8,PIT,train,sub-10,linear_predictivity,111,100,0.09083984189163247,,"[1000.0, 1000.0, 1000.0, 1000.0, 1000.0]",0.14263592830585017,0.971242618377756,0.8572477448696301,0.9069816607734225
sub-04,V8,PIT,test,sub-10,linear_predictivity,111,100,0.1490627098026396,"[0.15637703190310404, 0.14398069267345004, 0.15528464157506702, 0.14071663824068564, 0.14895454462089122]",,,,,
sub-04,V8,IPS1,train,sub-10,linear_predictivity,111,166,0.04498695770012745,,"[1000.0, 1000.0, 1000.0, 1000.0, 1000.0]",0.10094972472991078,0.9954731148698072,0.8988160645083333,0.9509694911189136
sub-04,V8,IPS1,test,sub-10,linear_predictivity,111,166,0.15716223781737013,"[0.16603060528825167, 0.1570209249443342, 0.1560031407111207, 0.15700506255806387, 0.14975145558508016]",,,,,
sub-04,V8,MST,train,sub-10,linear_predictivity,111,135,0.039894779485332835,,"[1000.0, 1000.0, 1000.0, 1000.0, 1000.0]",0.09237775653201637,0.9968207693332125,0.9074991998859053,0.9578074450065678
sub-04,V8,MST,test,sub-10,linear_predictivity,111,135,0.06731551639896875,"[0.0775932045053203, 0.06870419297325803, 0.06257813307861602, 0.06807404091466822, 0.05962801052298119]",,,,,
sub-04,V8,MT,train,sub-10,linear_predictivity,111,86,0.07341648002589882,,"[1000.0, 1000.0, 1000.0, 1000.0, 1000.0]",0.12788255837386278,0.9790580434547124,0.8719669187565924,0.9240399693766062
sub-04,V8,MT,test,sub-10,linear_predictivity,111,86,0.12639297160222004,"[0.13572843541754995, 0.12610755778530633, 0.12004339970636657, 0.12311298250252041, 0.12697248259935703]",,,,,
sub-04,V8,FST,train,sub-10,linear_predictivity,111,167,0.06899965713523207,,"[316.2277660168379, 316.2277660168379, 316.2277660168379, 316.2277660168379, 316.2277660168379]",0.15709841555710452,0.9805407333171485,0.8426882214976885,0.9265429822019087
sub-04,V8,FST,test,sub-10,linear_predictivity,111,167,0.13411648305877016,"[0.1467705420123983, 0.12810913034775354, 0.13237664431240398, 0.13079072995476507, 0.1325353686665299]",,,,,
sub-04,V8,LO1,train,sub-10,linear_predictivity,111,78,0.1055233947043919,,"[1000.0, 1000.0, 1000.0, 1000.0, 1000.0]",0.15699700013650797,0.9628600626097409,0.8428349583700511,0.8916912033159313
sub-04,V8,LO1,test,sub-10,linear_predictivity,111,78,0.18302369737414553,"[0.19514696771391107, 0.17522735189662308, 0.18480736095694456, 0.17983663252529433, 0.1801001737779546]",,,,,
sub-04,V8,LO2,train,sub-10,linear_predictivity,111,80,0.09721656403583397,,"[316.2277660168379, 316.2277660168379, 316.2277660168379, 316.2277660168379, 316.2277660168379]",0.18517629743336855,0.9683736719746212,0.8147098435714488,0.9005762502680728
sub-04,V8,LO2,test,sub-10,linear_predictivity,111,80,0.2020664934931169,"[0.21416608440396984, 0.20221755655915358, 0.20746829429144187, 0.1868466511643462, 0.19963388104667298]",,,,,
sub-04,V8,LO3,train,sub-10,linear_predictivity,111,113,0.11255083513591965,,"[316.2277660168379, 316.2277660168379, 316.2277660168379, 316.2277660168379, 316.2277660168379]",0.20066597476634107,0.9571069650499805,0.7991050327722193,0.8833190770138829
sub-04,V8,LO3,test,sub-10,linear_predictivity,111,113,0.21783412881851438,"[0.23016851002267022, 0.20998123896912352, 0.2215600055199604, 0.20715953978387955, 0.22030134979693836]",,,,,
sub-04,V8,V7,train,sub-10,linear_predictivity,111,61,0.05477017888426507,,"[1000.0, 1000.0, 1000.0, 1000.0, 1000.0]",0.10783305583165251,0.9918719248015296,0.8920320229664627,0.942843438847687
sub-04,V8,V7,test,sub-10,linear_predictivity,111,61,0.0865903722785391,"[0.09827931894758725, 0.0880842754737896, 0.08206781424644854, 0.09008431671084956, 0.07443613601402058]",,,,,
sub-04,V8,IP0,train,sub-10,linear_predictivity,111,103,0.06180345362886318,,"[1000.0, 1000.0, 1000.0, 1000.0, 1000.0]",0.11813124301127535,0.9843740139294658,0.8816324004661797,0.9341550464846329
sub-04,V8,IP0,test,sub-10,linear_predictivity,111,103,0.1736819362858582,"[0.18208636393935082, 0.16268391843683433, 0.16950936349565723, 0.1739829542695735, 0.18014708128787524]",,,,,
sub-04,V8,IP1,train,sub-10,linear_predictivity,111,33,0.010393418672012638,,"[3162.277660168379, 3162.277660168379, 3162.277660168379, 3162.277660168379, 3162.277660168379]",0.043533447102479264,1.014660370216905,0.956285678099795,0.9865224357930014
sub-04,V8,IP1,test,sub-10,linear_predictivity,111,33,0.04886139636212304,"[0.05360320780966275, 0.047090057856064085, 0.047139753397862236, 0.04637716170396459, 0.050096801043061565]",,,,,
sub-04,V8,MIP,train,sub-10,linear_predictivity,111,178,0.014855022459279867,,"[3162.277660168379, 3162.277660168379, 3162.277660168379, 1000.0, 3162.277660168379]",0.05588350358377393,1.0112235061745778,0.9439859807320297,0.9798596028846939
sub-04,V8,MIP,test,sub-10,linear_predictivity,111,178,0.06281659597160648,"[0.06099155427827718, 0.05976208366877193, 0.06227180511743257, 0.07346736518330382, 0.0575901716102469]",,,,,
sub-04,V8,VIP,train,sub-10,linear_predictivity,111,100,0.02942297904486278,,"[1000.0, 1000.0, 1000.0, 1000.0, 3162.277660168379]",0.08162159932199867,1.004751179121381,0.9180893478937252,0.9672358354521272
sub-04,V8,VIP,test,sub-10,linear_predictivity,111,100,0.1168911080850118,"[0.12638466638648488, 0.12454151149946759, 0.1228670762328335, 0.12159260680729808, 0.08906967949897497]",,,,,
sub-04,V8,LIPd,train,sub-10,linear_predictivity,111,31,0.006928413503322686,,"[3162.277660168379, 3162.277660168379, 1000.0, 3162.277660168379, 3162.277660168379]",0.04375099208087511,1.0163122936659341,0.9560296523412994,0.9900727588540195
sub-04,V8,LIPd,test,sub-10,linear_predictivity,111,31,0.016994590801513405,"[0.016580061626059805, 0.017763166463738444, 0.01928509676807899, 0.012287147344400857, 0.019057481805288927]",,,,,
sub-04,V8,LIPv,train,sub-10,linear_predictivity,111,75,0.01852013703773113,,"[3162.277660168379, 3162.277660168379, 3162.277660168379, 3162.277660168379, 3162.277660168379]",0.048401703375661506,1.0117563654207486,0.9514223263839782,0.9785007152925929
sub-04,V8,LIPv,test,sub-10,linear_predictivity,111,75,0.05576885145300355,"[0.05843057006785191, 0.056114438782442926, 0.05790452537079467, 0.05425176414149957, 0.0521429589024287]",,,,,
sub-04,V8,AIP,train,sub-10,linear_predictivity,111,409,0.003124319748815164,,"[3162.277660168379, 1000.0, 1000.0, 1000.0, 1000.0]",0.06465986163932595,1.011628088949371,0.9349350866541215,0.9900708622382375
sub-04,V8,AIP,test,sub-10,linear_predictivity,111,409,0.04436155331724674,"[0.033723941395822604, 0.04776090561592084, 0.047845244626767494, 0.04222246281319986, 0.050255212134522886]",,,,,
sub-04,V8,7Pm,train,sub-10,linear_predictivity,111,21,0.012528837392178152,,"[3162.277660168379, 3162.277660168379, 3162.277660168379, 3162.277660168379, 3162.277660168379]",0.04430347815328161,1.015666915090844,0.955496242515309,0.9841285083803021
sub-04,V8,7Pm,test,sub-10,linear_predictivity,111,21,0.030803993331773544,"[0.032413202671652847, 0.033204924309318325, 0.03236510237830629, 0.029377188908441692, 0.0266595483911486]",,,,,
sub-04,V8,7PL,train,sub-10,linear_predictivity,111,106,0.025491372887005842,,"[1000.0, 1000.0, 1000.0, 1000.0, 3162.277660168379]",0.0801822511645641,1.0058596303718792,0.9195049209877727,0.9711406101988022
sub-04,V8,7PL,test,sub-10,linear_predictivity,111,106,0.12334406067955447,"[0.13479230337132492, 0.12701230383055132, 0.1323990122468332, 0.12763592662564743, 0.09488075732341544]",,,,,
sub-04,V8,7PC,train,sub-10,linear_predictivity,111,224,0.009543839124110994,,"[1000.0, 1000.0, 1000.0, 1000.0, 3162.277660168379]",0.06620851573391755,1.0112569565061598,0.9334902410553667,0.9844302181458715
sub-04,V8,7PC,test,sub-10,linear_predictivity,111,224,0.046357796618971256,"[0.05210952740788396, 0.054899283370254175, 0.0473758895633668, 0.04500121832490205, 0.032403064428449306]",,,,,
sub-04,V8,7Am,train,sub-10,linear_predictivity,111,186,0.0031599205861575445,,"[3162.277660168379, 1000.0, 1000.0, 1000.0, 3162.277660168379]",0.05538130791307401,1.0150709380093235,0.9443941517933503,0.9916985005541271
sub-04,V8,7Am,test,sub-10,linear_predictivity,111,186,0.049745200670559396,"[0.0426644799042194, 0.06744400112964771, 0.05678348717556245, 0.04786999633070467, 0.03396403881266274]",,,,,
sub-04,V8,7AL,train,sub-10,linear_predictivity,111,158,0.0029236173923221156,,"[3162.277660168379, 3162.277660168379, 3162.277660168379, 3162.277660168379, 3162.277660168379]",0.037275059863284936,1.0170027429374642,0.962390865890096,0.9914258322743887
sub-04,V8,7AL,test,sub-10,linear_predictivity,111,158,0.014722278263084278,"[0.014786947291752705, 0.0212809549859222, 0.01593734424431092, 0.011119571379058236, 0.010486573414377339]",,,,,
sub-04,V8,VVC,train,sub-10,linear_predictivity,111,196,0.0685831329281235,,"[1000.0, 1000.0, 1000.0, 1000.0, 1000.0]",0.12473521084746872,0.9814865715473978,0.874997888410603,0.9269235199486534
sub-04,V8,VVC,test,sub-10,linear_predictivity,111,196,0.17295042763726642,"[0.17485412576618758, 0.17119957640888292, 0.1692458424039624, 0.17183188502436067, 0.1776207085829386]",,,,,
sub-04,V8,VMV2,train,sub-10,linear_predictivity,111,94,0.07027265132814482,,"[1000.0, 1000.0, 316.2277660168379, 1000.0, 1000.0]",0.13809747953347987,0.9766588468879294,0.8616908932402824,0.9249554064985774
sub-04,V8,VMV2,test,sub-10,linear_predictivity,111,94,0.20450651542377565,"[0.2036391896346855, 0.18413209964049548, 0.22142464930380668, 0.20561620579100887, 0.2077204327488817]",,,,,
sub-04,V8,VMV3,train,sub-10,linear_predictivity,111,98,0.11455497182550711,,"[1000.0, 1000.0, 1000.0, 1000.0, 1000.0]",0.17055646184645756,0.9541329668037208,0.8291490667809074,0.8804211694771391
sub-04,V8,VMV3,test,sub-10,linear_predictivity,111,98,0.2478900747608234,"[0.25861046987718805, 0.24144744553456546, 0.23958059464862455, 0.24502127830204673, 0.2547905854416921]",,,,,
sub-04,V8,VMV1,train,sub-10,linear_predictivity,111,42,0.05050228542264329,,"[1000.0, 316.2277660168379, 1000.0, 1000.0, 1000.0]",0.11706479783432575,0.9872040434983639,0.8825980586632676,0.9438347227007696
sub-04,V8,VMV1,test,sub-10,linear_predictivity,111,42,0.13600091928695066,"[0.13902964661154918, 0.14297188129953722, 0.1346200564695484, 0.12846703484972272, 0.13491597720439583]",,,,,
sub-04,V8,PHA2,train,sub-10,linear_predictivity,111,21,0.03584790107421242,,"[1000.0, 1000.0, 1000.0, 1000.0, 1000.0]",0.09940490957713309,0.9956057250539215,0.9002463287531605,0.9581279693195237
sub-04,V8,PHA2,test,sub-10,linear_predictivity,111,21,0.12165968508913354,"[0.11840642745518384, 0.1130252987316725, 0.11755297288757245, 0.12647648050961285, 0.132837245861626]",,,,,
sub-04,V8,PHA3,train,sub-10,linear_predictivity,111,104,0.04759624872104332,,"[1000.0, 1000.0, 1000.0, 1000.0, 1000.0]",0.10914385687447972,0.9914058468162505,0.8905292251352275,0.9471517956122348
sub-04,V8,PHA3,test,sub-10,linear_predictivity,111,104,0.17286748873924412,"[0.17985835001288533, 0.16243835327091494, 0.16682686519153375, 0.1738453004938343, 0.1813685747270524]",,,,,
sub-04,V8,PH,train,sub-10,linear_predictivity,111,261,0.0695842681634584,,"[316.2277660168379, 316.2277660168379, 316.2277660168379, 316.2277660168379, 1000.0]",0.15353336617968857,0.9805457867222277,0.8463013192697035,0.9269015949267772
sub-04,V8,PH,test,sub-10,linear_predictivity,111,261,0.15687160340223244,"[0.16492369630103637, 0.1529021186595354, 0.16233368679636617, 0.15427696170232, 0.14992155355190426]",,,,,
sub-04,FFC,V1,train,sub-10,linear_predictivity,312,553,0.02282256452267197,,"[3162.277660168379, 3162.277660168379, 3162.277660168379, 3162.277660168379, 3162.277660168379]",0.09204618922734412,1.0569186184277237,0.9077443123306008,0.9734514259420166
sub-04,FFC,V1,test,sub-10,linear_predictivity,312,553,0.040597181909575765,"[0.04061522044185577, 0.03995642936898566, 0.042671709817152244, 0.03861729583453395, 0.041125254085351184]",,,,,
sub-04,FFC,V2,train,sub-10,linear_predictivity,312,516,0.025050786848894398,,"[3162.277660168379, 3162.277660168379, 3162.277660168379, 3162.277660168379, 3162.277660168379]",0.09362247194539762,1.0564692687461548,0.9061475670942549,0.9708947584169533
sub-04,FFC,V2,test,sub-10,linear_predictivity,312,516,0.04548607470241743,"[0.04321863771482693, 0.04497045713413336, 0.0493725799182938, 0.04592928098903829, 0.043939417755794796]",,,,,
sub-04,FFC,V3,train,sub-10,linear_predictivity,312,400,0.04026788494836876,,"[3162.277660168379, 3162.277660168379, 3162.277660168379, 3162.277660168379, 3162.277660168379]",0.10546640705530548,1.0467114548870808,0.8943616127900433,0.9566833283693643
sub-04,FFC,V3,test,sub-10,linear_predictivity,312,400,0.06298690088524746,"[0.05938769331809019, 0.0626609386426536, 0.06598127678515966, 0.06333745663836039, 0.06356713904197342]",,,,,
sub-04,FFC,V4,train,sub-10,linear_predictivity,312,574,0.0727987873491684,,"[3162.277660168379, 3162.277660168379, 3162.277660168379, 3162.277660168379, 3162.277660168379]",0.13598388706829329,1.0251072725827677,0.8638521621446749,0.924346874257685
sub-04,FFC,V4,test,sub-10,linear_predictivity,312,574,0.13886786179131916,"[0.13941573417551328, 0.1412808393621741, 0.13895923659233522, 0.13878895257568322, 0.1358945462508899]",,,,,
sub-04,FFC,V3A,train,sub-10,linear_predictivity,312,85,0.027340201319257632,,"[3162.277660168379, 3162.277660168379, 3162.277660168379, 3162.277660168379, 3162.277660168379]",0.0908692207595457,1.0591388532548678,0.9089578873693155,0.9695946560491502
sub-04,FFC,V3A,test,sub-10,linear_predictivity,312,85,0.06411323767638685,"[0.059410491425917165, 0.0628048244185516, 0.06811000586349737, 0.06468364661711823, 0.0655572200568499]",,,,,
sub-04,FFC,V3B,train,sub-10,linear_predictivity,312,99,0.08498761682435453,,"[3162.277660168379, 3162.277660168379, 3162.277660168379, 3162.277660168379, 3162.277660168379]",0.14593607203597814,1.0150934730180339,0.853909778011848,0.9122863779758493
sub-04,FFC,V3B,test,sub-10,linear_predictivity,312,99,0.192231819328822,"[0.19471804064712658, 0.193290839240736, 0.19033325892891428, 0.19779756532520798, 0.18501939250212504]",,,,,
sub-04,FFC,V6,train,sub-10,linear_predictivity,312,11,0.04842965265304965,,"[3162.277660168379, 3162.277660168379, 3162.277660168379, 3162.277660168379, 3162.277660168379]",0.11605153300197886,1.0326683231115426,0.8837788333484944,0.9486737473971116
sub-04,FFC,V6,test,sub-10,linear_predictivity,312,11,0.12773199557586143,"[0.11893773166613329, 0.1283760358915716, 0.12377223831853973, 0.14326420995194872, 0.12430976205111383]",,,,,
sub-04,FFC,V6A,train,sub-10,linear_predictivity,312,45,0.038147606235988375,,"[3162.277660168379, 3162.277660168379, 3162.277660168379, 3162.277660168379, 3162.277660168379]",0.101315912681749,1.0476067398650497,0.8984770008993834,0.9583421356619992
sub-04,FFC,V6A,test,sub-10,linear_predictivity,312,45,0.12432441752373538,"[0.12565300270171334, 0.12621033003491358, 0.12836572105674743, 0.12435069988929268, 0.11704233393600987]",,,,,
sub-04,FFC,V7,train,sub-10,linear_predictivity,312,61,0.0816819211844948,,"[3162.277660168379, 3162.277660168379, 3162.277660168379, 3162.277660168379, 3162.277660168379]",0.14101306533917074,1.0170313636952804,0.8587875458984489,0.9150655916032665
sub-04,FFC,V7,test,sub-10,linear_predictivity,312,61,0.15558978061204726,"[0.15817689779835936, 0.1641116764029621, 0.15509011452705643, 0.15416463902931316, 0.1464055753025454]",,,,,
sub-04,FFC,V8,train,sub-10,linear_predictivity,312,96,0.09205179060248939,,"[3162.277660168379, 3162.277660168379, 3162.277660168379, 3162.277660168379, 3162.277660168379]",0.1567623372239096,1.013005420553924,0.8429997029513177,0.9041154301748462
sub-04,FFC,V8,test,sub-10,linear_predictivity,312,96,0.1849552217331017,"[0.18891142563784555, 0.18725582399468887, 0.1899290783880272, 0.18333547851653256, 0.17534430212841437]",,,,,
sub-04,FFC,FFC,train,sub-10,linear_predictivity,312,244,0.15097114678128096,,"[3162.277660168379, 3162.277660168379, 3162.277660168379, 3162.277660168379, 3162.277660168379]",0.20799189965854392,0.9759675505081635,0.7918405309622425,0.8462672926985716
sub-04,FFC,FFC,test,sub-10,linear_predictivity,312,244,0.3024613988537879,"[0.3042685513830248, 0.30323682666431123, 0.30151209962872505, 0.30268845689320545, 0.3006010596996729]",,,,,
sub-04,FFC,PIT,train,sub-10,linear_predictivity,312,100,0.13486661777103479,,"[3162.277660168379, 3162.277660168379, 3162.277660168379, 3162.277660168379, 3162.277660168379]",0.19354724405797213,0.9813969391508903,0.8062527776857842,0.8618911752110032
sub-04,FFC,PIT,test,sub-10,linear_predictivity,312,100,0.2416826831348883,"[0.24173437798364167, 0.24183102477098717, 0.24133087784334292, 0.23642990320255855, 0.24708723187391116]",,,,,
sub-04,FFC,IPS1,train,sub-10,linear_predictivity,312,166,0.06482888653915667,,"[3162.277660168379, 3162.277660168379, 3162.277660168379, 3162.277660168379, 3162.277660168379]",0.13116232757208507,1.0325032373740435,0.8685809536281581,0.9308190272896439
sub-04,FFC,IPS1,test,sub-10,linear_predictivity,312,166,0.1649409175969118,"[0.17416647202918253, 0.16591484899863335, 0.1642571428738617, 0.16262180836353865, 0.1577443157193426]",,,,,
sub-04,FFC,MST,train,sub-10,linear_predictivity,312,135,0.12963425665548528,,"[1000.0, 1000.0, 1000.0, 1000.0, 1000.0]",0.24653834222588794,0.9841085897179594,0.7532883284279513,0.8673491572435011
sub-04,FFC,MST,test,sub-10,linear_predictivity,312,135,0.27486857191189096,"[0.2679075739960476, 0.2786629707525815, 0.27778252507395473, 0.2830271997157592, 0.2669625900211117]",,,,,
sub-04,FFC,MT,train,sub-10,linear_predictivity,312,86,0.16645156918693524,,"[1000.0, 1000.0, 1000.0, 1000.0, 1000.0]",0.2774122105027036,0.9600809845267785,0.7224253716548216,0.8306266137065583
sub-04,FFC,MT,test,sub-10,linear_predictivity,312,86,0.31497515185547476,"[0.3124474536414134, 0.31561373568622947, 0.31836499858515815, 0.3214670700217802, 0.30698250134279265]",,,,,
sub-04,FFC,FST,train,sub-10,linear_predictivity,312,167,0.1584598760172027,,"[1000.0, 1000.0, 1000.0, 1000.0, 1000.0]",0.26741955941842865,0.9697371007265498,0.7322978891415282,0.8365512377610962
sub-04,FFC,FST,test,sub-10,linear_predictivity,312,167,0.25339898023657,"[0.25703535788584964, 0.2551732932844908, 0.2525036955484552, 0.2552657229237212, 0.24701683154033313]",,,,,
sub-04,FFC,LO1,train,sub-10,linear_predictivity,312,78,0.12680096660439386,,"[1000.0, 3162.277660168379, 1000.0, 1000.0, 3162.277660168379]",0.21853585502311867,0.9856904386469306,0.7814853226697129,0.8704956103392683
sub-04,FFC,LO1,test,sub-10,linear_predictivity,312,78,0.26700038250999414,"[0.28717669989237, 0.24986351456695052, 0.27520742643598206, 0.28385793645886354, 0.2388963351958045]",,,,,
sub-04,FFC,LO2,train,sub-10,linear_predictivity,312,80,0.14413420169147373,,"[1000.0, 3162.277660168379, 1000.0, 1000.0, 3162.277660168379]",0.2329516165387096,0.9736277426064532,0.766903957273698,0.8535103675160792
sub-04,FFC,LO2,test,sub-10,linear_predictivity,312,80,0.29596739020291624,"[0.3062949546166302, 0.28160277889896107, 0.3001059240747199, 0.30785051607833297, 0.2839827773459371]",,,,,
sub-04,FFC,LO3,train,sub-10,linear_predictivity,312,113,0.1762756877486413,,"[3162.277660168379, 3162.277660168379, 3162.277660168379, 3162.277660168379, 3162.277660168379]",0.2296828397869389,0.9575326231280303,0.7700952462360311,0.8201849527748568
sub-04,FFC,LO3,test,sub-10,linear_predictivity,312,113,0.2886151582717304,"[0.2910967005119488, 0.28823153693670117, 0.2914421297896324, 0.2890196808548555, 0.28328574326551426]",,,,,
sub-04,FFC,V7,train,sub-10,linear_predictivity,312,61,0.0816819211844948,,"[3162.277660168379, 3162.277660168379, 3162.277660168379, 3162.277660168379, 3162.277660168379]",0.14101306533917074,1.0170313636952804,0.8587875458984489,0.9150655916032665
sub-04,FFC,V7,test,sub-10,linear_predictivity,312,61,0.15558978061204726,"[0.15817689779835936, 0.1641116764029621, 0.15509011452705643, 0.15416463902931316, 0.1464055753025454]",,,,,
sub-04,FFC,IP0,train,sub-10,linear_predictivity,312,103,0.0852861903109832,,"[3162.277660168379, 3162.277660168379, 3162.277660168379, 3162.277660168379, 3162.277660168379]",0.14964896578333528,1.0174652529025956,0.8501053939998886,0.9105478294757624
sub-04,FFC,IP0,test,sub-10,linear_predictivity,312,103,0.18177319311646134,"[0.1863833361812611, 0.1807295098873895, 0.18162077714012223, 0.18149917582571637, 0.17863316654781744]",,,,,
sub-04,FFC,IP1,train,sub-10,linear_predictivity,312,33,0.02283486112082052,,"[10000.0, 3162.277660168379, 3162.277660168379, 10000.0, 3162.277660168379]",0.07905162689038892,1.055532349482376,0.9205880372337791,0.9738304412088841
sub-04,FFC,IP1,test,sub-10,linear_predictivity,312,33,0.07276073322907278,"[0.07403818070230556, 0.07738521924137272, 0.06710830910062314, 0.06751149522191571, 0.07776046187914681]",,,,,
sub-04,FFC,MIP,train,sub-10,linear_predictivity,312,178,0.03001677420648487,,"[10000.0, 3162.277660168379, 3162.277660168379, 10000.0, 10000.0]",0.07986463763892507,1.0564552671100973,0.9196595361731011,0.9644260965673869
sub-04,FFC,MIP,test,sub-10,linear_predictivity,312,178,0.038422839759100665,"[0.04156136944643451, 0.035246965515492994, 0.030409396361588136, 0.04531052323060893, 0.03958594424137873]",,,,,
sub-04,FFC,VIP,train,sub-10,linear_predictivity,312,100,0.04255744559272698,,"[3162.277660168379, 3162.277660168379, 3162.277660168379, 3162.277660168379, 10000.0]",0.10189040360686592,1.0466185052354173,0.8977474706507831,0.9535981695325908
sub-04,FFC,VIP,test,sub-10,linear_predictivity,312,100,0.1251560881649771,"[0.12999008386309113, 0.13031221144998045, 0.12862927516291822, 0.12677693176516244, 0.11007193858373306]",,,,,
sub-04,FFC,LIPd,train,sub-10,linear_predictivity,312,31,0.01800896044111394,,"[3162.277660168379, 3162.277660168379, 3162.277660168379, 3162.277660168379, 3162.277660168379]",0.08717298048388158,1.0630112280924844,0.9126326281036434,0.9789011478379465
sub-04,FFC,LIPd,test,sub-10,linear_predictivity,312,31,0.014928550692423766,"[0.023580762045700306, 0.013832130313553648, 0.008602847750519256, 0.004855939091183017, 0.023771074261162605]",,,,,
sub-04,FFC,LIPv,train,sub-10,linear_predictivity,312,75,0.03666072085423704,,"[10000.0, 3162.277660168379, 3162.277660168379, 10000.0, 10000.0]",0.08295455593979559,1.0514029950342514,0.9167132919595181,0.9597732525188007
sub-04,FFC,LIPv,test,sub-10,linear_predictivity,312,75,0.07353706877584198,"[0.07347937240903399, 0.08034188643527072, 0.07415828736781803, 0.0700738301972613, 0.06963196746982589]",,,,,
sub-04,FFC,AIP,train,sub-10,linear_predictivity,312,409,0.03439759180004659,,"[3162.277660168379, 3162.277660168379, 3162.277660168379, 3162.277660168379, 3162.277660168379]",0.10523593961426056,1.0524701639763971,0.8943653107746851,0.9586229565180255
sub-04,FFC,AIP,test,sub-10,linear_predictivity,312,409,0.03589518560186962,"[0.0368234583982284, 0.03606420241723822, 0.024170382462800236, 0.041215763831598, 0.04120212089948324]",,,,,
sub-04,FFC,7Pm,train,sub-10,linear_predictivity,312,21,0.014598566546533694,,"[10000.0, 10000.0, 10000.0, 10000.0, 10000.0]",0.04671876219010625,1.0706424026345338,0.953058970331424,0.9819112157937567
sub-04,FFC,7Pm,test,sub-10,linear_predictivity,312,21,0.04079191265840291,"[0.039572037798217705, 0.03903094783825475, 0.040178029881648626, 0.044288896151350995, 0.040889651622542496]",,,,,
sub-04,FFC,7PL,train,sub-10,linear_predictivity,312,106,0.04205416049823499,,"[3162.277660168379, 3162.277660168379, 3162.277660168379, 3162.277660168379, 3162.277660168379]",0.10719665960440308,1.046548060557487,0.892575631149551,0.954399858888892
sub-04,FFC,7PL,test,sub-10,linear_predictivity,312,106,0.11781350337889702,"[0.11930445345875107, 0.11414581049563438, 0.1183329988068868, 0.1173900327260973, 0.11989422140711563]",,,,,
sub-04,FFC,7PC,train,sub-10,linear_predictivity,312,224,0.04977590726480791,,"[3162.277660168379, 3162.277660168379, 3162.277660168379, 3162.277660168379, 3162.277660168379]",0.11838422026631228,1.041686336739755,0.8812287413900635,0.9437745024321519
sub-04,FFC,7PC,test,sub-10,linear_predictivity,312,224,0.09604912168457111,"[0.09583587851116136, 0.10183831399061286, 0.08987748516146811, 0.09333546965343709, 0.09935846110617622]",,,,,
sub-04,FFC,7Am,train,sub-10,linear_predictivity,312,186,0.028216205389938003,,"[3162.277660168379, 3162.277660168379, 3162.277660168379, 3162.277660168379, 3162.277660168379]",0.0960780183192013,1.0550742691803667,0.9036142368025672,0.9665515811097916
sub-04,FFC,7Am,test,sub-10,linear_predictivity,312,186,0.07289226739922484,"[0.07649702589718796, 0.07420751406009524, 0.07140706853559431, 0.07171721743087343, 0.07063251107237327]",,,,,
sub-04,FFC,7AL,train,sub-10,linear_predictivity,312,158,0.027923817700539224,,"[3162.277660168379, 3162.277660168379, 3162.277660168379, 3162.277660168379, 3162.277660168379]",0.09564432970893778,1.057180229689627,0.9040121124184257,0.9662345854620693
sub-04,FFC,7AL,test,sub-10,linear_predictivity,312,158,0.04685698493248092,"[0.04587764835024634, 0.055440807204801566, 0.041065220263645286, 0.04912827763416166, 0.042772971209549766]",,,,,
sub-04,FFC,VVC,train,sub-10,linear_predictivity,312,196,0.08979043941328084,,"[3162.277660168379, 3162.277660168379, 3162.277660168379, 3162.277660168379, 3162.277660168379]",0.1547393672059856,1.012993330709558,0.8449768787813643,0.9056609072513238
sub-04,FFC,VVC,test,sub-10,linear_predictivity,312,196,0.19782493942279372,"[0.20089397307620702, 0.19946543823361268, 0.19502851081741382, 0.19744936839124863, 0.19628740659548663]",,,,,
sub-04,FFC,VMV2,train,sub-10,linear_predictivity,312,94,0.09918482000578148,,"[3162.277660168379, 3162.277660168379, 3162.277660168379, 3162.277660168379, 3162.277660168379]",0.1658787218654663,1.0081072295298843,0.8338686375107585,0.8964970653691762
sub-04,FFC,VMV2,test,sub-10,linear_predictivity,312,94,0.21693013797842267,"[0.21931238048619342, 0.21497762814580357, 0.21157795539472196, 0.2213780637010733, 0.21740466216432114]",,,,,
sub-04,FFC,VMV3,train,sub-10,linear_predictivity,312,98,0.11365507162938315,,"[3162.277660168379, 3162.277660168379, 3162.277660168379, 3162.277660168379, 3162.277660168379]",0.17672513348637753,0.9990484402465271,0.8229907789636975,0.8815863714291148
sub-04,FFC,VMV3,test,sub-10,linear_predictivity,312,98,0.21830263160822772,"[0.224161191397866, 0.2225888524768976, 0.2164226031085057, 0.2161687611201961, 0.21217174993767327]",,,,,
sub-04,FFC,VMV1,train,sub-10,linear_predictivity,312,42,0.08490254037530617,,"[3162.277660168379, 3162.277660168379, 3162.277660168379, 3162.277660168379, 3162.277660168379]",0.15072650880931948,1.0157728117097429,0.8489530876200396,0.909646328105041
sub-04,FFC,VMV1,test,sub-10,linear_predictivity,312,42,0.18061802864558124,"[0.18448344689673452, 0.18208465106920935, 0.18287668451763522, 0.18056488490966155, 0.17308047583466554]",,,,,
sub-04,FFC,PHA2,train,sub-10,linear_predictivity,312,21,0.06519857550665316,,"[3162.277660168379, 3162.277660168379, 3162.277660168379, 3162.277660168379, 3162.277660168379]",0.13738889136086202,1.0229432532014255,0.8622860324680108,0.9291737633480339
sub-04,FFC,PHA2,test,sub-10,linear_predictivity,312,21,0.1817950444097149,"[0.180965863919048, 0.17573027326359503, 0.17525846158068192, 0.1857846715930562, 0.19123595169219326]",,,,,
sub-04,FFC,PHA3,train,sub-10,linear_predictivity,312,104,0.09039870494219275,,"[3162.277660168379, 3162.277660168379, 3162.277660168379, 3162.277660168379, 3162.277660168379]",0.15652704367178832,1.0140165728096566,0.8431960280137565,0.9050487121647942
sub-04,FFC,PHA3,test,sub-10,linear_predictivity,312,104,0.20303967703633616,"[0.2056451543375856, 0.19710158559226335, 0.19700619141686268, 0.20380837405117108, 0.21163707978379806]",,,,,
sub-04,FFC,PH,train,sub-10,linear_predictivity,312,261,0.12498498102861552,,"[3162.277660168379, 3162.277660168379, 3162.277660168379, 3162.277660168379, 3162.277660168379]",0.18398433563056338,0.9865661830789035,0.8158144308416985,0.8717215660799162
sub-04,FFC,PH,test,sub-10,linear_predictivity,312,261,0.2180401473525777,"[0.2222196707268585, 0.221502700897315, 0.21341858854000914, 0.21728484384367283, 0.21577493275503304]",,,,,
sub-04,PIT,V1,train,sub-10,linear_predictivity,118,553,0.03368325715000981,,"[1000.0, 1000.0, 1000.0, 1000.0, 1000.0]",0.09585212761062514,1.0016074869401586,0.9039377783497974,0.9624656583559504
sub-04,PIT,V1,test,sub-10,linear_predictivity,118,553,0.053748548751804556,"[0.05459228161054137, 0.052878053464225826, 0.056039140312491076, 0.050531922308940984, 0.054701346062823515]",,,,,
sub-04,PIT,V2,train,sub-10,linear_predictivity,118,516,0.036927302553979864,,"[1000.0, 1000.0, 1000.0, 1000.0, 1000.0]",0.09806554877609974,1.0003363177873938,0.9017009489215211,0.9589224946060932
sub-04,PIT,V2,test,sub-10,linear_predictivity,118,516,0.0583349790133166,"[0.058752449336325396, 0.05793730986278541, 0.06067009385812377, 0.0582788200630025, 0.056036221946345895]",,,,,
sub-04,PIT,V3,train,sub-10,linear_predictivity,118,400,0.05759771685363202,,"[1000.0, 1000.0, 1000.0, 1000.0, 1000.0]",0.11624296423992064,0.9889109204166594,0.8835825563880686,0.9392061328060279
sub-04,PIT,V3,test,sub-10,linear_predictivity,118,400,0.08421354097070685,"[0.07916642618565822, 0.08602420394606376, 0.08576208802153461, 0.08387271639051003, 0.08624227030976767]",,,,,
sub-04,PIT,V4,train,sub-10,linear_predictivity,118,574,0.08113347950228116,,"[1000.0, 1000.0, 1000.0, 1000.0, 1000.0]",0.1370886193369876,0.9760845561265367,0.8627447313658726,0.9159357420257315
sub-04,PIT,V4,test,sub-10,linear_predictivity,118,574,0.13822109843367664,"[0.13729287978061191, 0.13958270967627875, 0.13917238249689154, 0.13596285362901836, 0.13909466658558262]",,,,,
sub-04,PIT,V3A,train,sub-10,linear_predictivity,118,85,0.023193182953369848,,"[1000.0, 1000.0, 1000.0, 3162.277660168379, 3162.277660168379]",0.07338228115813147,1.0083582247996445,0.9264539549774881,0.9738313715909419
sub-04,PIT,V3A,test,sub-10,linear_predictivity,118,85,0.06014499342075884,"[0.0666855600430202, 0.06863334904641726, 0.07190318150708665, 0.046819938220237625, 0.0466829382870325]",,,,,
sub-04,PIT,V3B,train,sub-10,linear_predictivity,118,99,0.0752583333825562,,"[1000.0, 1000.0, 1000.0, 1000.0, 1000.0]",0.13209726456626242,0.9809949273784875,0.8677137601757823,0.9215992580986427
sub-04,PIT,V3B,test,sub-10,linear_predictivity,118,99,0.14445406517284348,"[0.1505951522856224, 0.1393189423528103, 0.14343099107290036, 0.1497109337496767, 0.13921430640320775]",,,,,
sub-04,PIT,V6,train,sub-10,linear_predictivity,118,11,0.013234869225563193,,"[1000.0, 1000.0, 3162.277660168379, 3162.277660168379, 1000.0]",0.06162912700991494,1.0162589335953824,0.9381073569359598,0.9835905108354431
sub-04,PIT,V6,test,sub-10,linear_predictivity,118,11,0.03546040870937606,"[0.03798363435844745, 0.04697642179703249, 0.0237152848213237, 0.0350077139961658, 0.03361898857391083]",,,,,
sub-04,PIT,V6A,train,sub-10,linear_predictivity,118,45,0.029923183027185836,,"[1000.0, 1000.0, 1000.0, 1000.0, 1000.0]",0.08820513935923759,1.0050787949223046,0.9116058989556652,0.9667453403120116
sub-04,PIT,V6A,test,sub-10,linear_predictivity,118,45,0.08913772846709718,"[0.09552051759734143, 0.08937320097209685, 0.09508076860647403, 0.08293307365315553, 0.08278108150641805]",,,,,
sub-04,PIT,V7,train,sub-10,linear_predictivity,118,61,0.0646466088892137,,"[1000.0, 316.2277660168379, 1000.0, 1000.0, 1000.0]",0.13259057499952287,0.9816499935702472,0.8670954983606926,0.9319809010097779
sub-04,PIT,V7,test,sub-10,linear_predictivity,118,61,0.12589613085103554,"[0.1294213792699133, 0.14759513541870992, 0.11963290234973527, 0.11462946904268845, 0.11820176817413085]",,,,,
sub-04,PIT,V8,train,sub-10,linear_predictivity,118,96,0.08651305241476817,,"[1000.0, 1000.0, 1000.0, 1000.0, 1000.0]",0.14083691149607275,0.9770230576963819,0.8589167419960255,0.9095458509650702
sub-04,PIT,V8,test,sub-10,linear_predictivity,118,96,0.17350548102892577,"[0.17669069416130967, 0.17470455911952731, 0.18031307761505944, 0.1686789063178171, 0.16714016793091524]",,,,,
sub-04,PIT,FFC,train,sub-10,linear_predictivity,118,244,0.11737880957926701,,"[1000.0, 1000.0, 1000.0, 1000.0, 1000.0]",0.17122232075740376,0.9566933586251631,0.8286174934550837,0.8799417931970506
sub-04,PIT,FFC,test,sub-10,linear_predictivity,118,244,0.23219197339702777,"[0.23579118962904475, 0.23511654562095885, 0.2315827424652301, 0.22723962160884864, 0.23122976766105646]",,,,,
sub-04,PIT,PIT,train,sub-10,linear_predictivity,118,100,0.13335218224399636,,"[1000.0, 1000.0, 1000.0, 1000.0, 1000.0]",0.1847326296756699,0.94884058929671,0.8151002941466408,0.8639445793107416
sub-04,PIT,PIT,test,sub-10,linear_predictivity,118,100,0.23178793003993134,"[0.23189996484275066, 0.23996850575814563, 0.22772418467567554, 0.21944344092135115, 0.23990355400173374]",,,,,
sub-04,PIT,IPS1,train,sub-10,linear_predictivity,118,166,0.04898116346050691,,"[1000.0, 1000.0, 3162.277660168379, 3162.277660168379, 1000.0]",0.10109075501758072,0.9940514623220272,0.8985782093858953,0.946797338413235
sub-04,PIT,IPS1,test,sub-10,linear_predictivity,118,166,0.12725074852732604,"[0.13866276742291475, 0.13191509717430436, 0.12077031528076063, 0.11450351036608876, 0.1304020523925617]",,,,,
sub-04,PIT,MST,train,sub-10,linear_predictivity,118,135,0.08213202732102108,,"[316.2277660168379, 316.2277660168379, 316.2277660168379, 316.2277660168379, 316.2277660168379]",0.17422740870054976,0.9751289660870356,0.8256518784468797,0.9155171438910525
sub-04,PIT,MST,test,sub-10,linear_predictivity,118,135,0.1539402574041002,"[0.1600463108756709, 0.162604905287769, 0.14091449977818976, 0.15898772920893528, 0.14714784186993599]",,,,,
sub-04,PIT,MT,train,sub-10,linear_predictivity,118,86,0.11019094387159967,,"[316.2277660168379, 316.2277660168379, 316.2277660168379, 316.2277660168379, 316.2277660168379]",0.20010022293230106,0.9604938399095129,0.7997475157555359,0.8872247345679873
sub-04,PIT,MT,test,sub-10,linear_predictivity,118,86,0.18374285570249904,"[0.18569707449043735, 0.18443862248999343, 0.18287176512167447, 0.18513343832577622, 0.1805733780846137]",,,,,
sub-04,PIT,FST,train,sub-10,linear_predictivity,118,167,0.12321958434911356,,"[316.2277660168379, 316.2277660168379, 316.2277660168379, 316.2277660168379, 316.2277660168379]",0.21391369796780174,0.9534973276772762,0.7857651810802873,0.8713543264403256
sub-04,PIT,FST,test,sub-10,linear_predictivity,118,167,0.20264542925057633,"[0.21394824991624184, 0.21600886477562453, 0.18399442747554476, 0.19265515121714186, 0.20662045286832878]",,,,,
sub-04,PIT,LO1,train,sub-10,linear_predictivity,118,78,0.10713100398139734,,"[316.2277660168379, 1000.0, 1000.0, 1000.0, 1000.0]",0.17074209773007296,0.9610902499643995,0.829064767751977,0.8898073850076861
sub-04,PIT,LO1,test,sub-10,linear_predictivity,118,78,0.23073476154672465,"[0.26194573423549056, 0.22676537741164454, 0.22292191572537626, 0.2211199601347483, 0.22092082022636356]",,,,,
sub-04,PIT,LO2,train,sub-10,linear_predictivity,118,80,0.13433875177935556,,"[316.2277660168379, 1000.0, 1000.0, 1000.0, 316.2277660168379]",0.20251770985357803,0.9454263738906133,0.7972063847713156,0.8630734024649087
sub-04,PIT,LO2,test,sub-10,linear_predictivity,118,80,0.28305418756511275,"[0.29912942394947695, 0.2757842871838053, 0.26766232030397463, 0.26796076677471564, 0.3047341396135912]",,,,,
sub-04,PIT,LO3,train,sub-10,linear_predictivity,118,113,0.11085028671072748,,"[316.2277660168379, 316.2277660168379, 1000.0, 316.2277660168379, 316.2277660168379]",0.19727282991381437,0.9587265234439238,0.8023025445786885,0.8851554139605552
sub-04,PIT,LO3,test,sub-10,linear_predictivity,118,113,0.2006094055246964,"[0.21673023666868876, 0.2023585548610889, 0.1813563855242781, 0.20024913791484783, 0.20235271265457835]",,,,,
sub-04,PIT,V7,train,sub-10,linear_predictivity,118,61,0.0646466088892137,,"[1000.0, 316.2277660168379, 1000.0, 1000.0, 1000.0]",0.13259057499952287,0.9816499935702472,0.8670954983606926,0.9319809010097779
sub-04,PIT,V7,test,sub-10,linear_predictivity,118,61,0.12589613085103554,"[0.1294213792699133, 0.14759513541870992, 0.11963290234973527, 0.11462946904268845, 0.11820176817413085]",,,,,
sub-04,PIT,IP0,train,sub-10,linear_predictivity,118,103,0.06187463896178685,,"[1000.0, 1000.0, 3162.277660168379, 1000.0, 1000.0]",0.11732689827462828,0.9885017031659542,0.8824420654058318,0.9339208556697599
sub-04,PIT,IP0,test,sub-10,linear_predictivity,118,103,0.1430493676521077,"[0.15680950141881966, 0.13944715400375815, 0.13018537345000647, 0.1434371783019703, 0.145367631085984]",,,,,
sub-04,PIT,IP1,train,sub-10,linear_predictivity,118,33,0.018969771660102677,,"[3162.277660168379, 3162.277660168379, 3162.277660168379, 3162.277660168379, 3162.277660168379]",0.052795116329568445,1.01652479312096,0.9469982192408475,0.9777762267444331
sub-04,PIT,IP1,test,sub-10,linear_predictivity,118,33,0.05338401984238065,"[0.05425506152943208, 0.05268553691968376, 0.05193830049251557, 0.04854091857397037, 0.05950028169630147]",,,,,
sub-04,PIT,MIP,train,sub-10,linear_predictivity,118,178,0.020555420274174875,,"[3162.277660168379, 3162.277660168379, 3162.277660168379, 3162.277660168379, 3162.277660168379]",0.05482997110896117,1.0132194584910243,0.9448397611096432,0.9738594989458184
sub-04,PIT,MIP,test,sub-10,linear_predictivity,118,178,0.00891288308344333,"[0.010571311855479222, 0.003413909902176534, 0.0077778406150582164, 0.016537304272723066, 0.006264048771779616]",,,,,
sub-04,PIT,VIP,train,sub-10,linear_predictivity,118,100,0.02609206508135317,,"[3162.277660168379, 3162.277660168379, 3162.277660168379, 3162.277660168379, 3162.277660168379]",0.058845196597795114,1.0084346145663867,0.9408931557977391,0.9700199760435687
sub-04,PIT,VIP,test,sub-10,linear_predictivity,118,100,0.07000206919857255,"[0.07636450322377225, 0.06830734390925305, 0.07538919036463333, 0.06779511573623026, 0.06215419275897383]",,,,,
sub-04,PIT,LIPd,train,sub-10,linear_predictivity,118,31,0.014782497949007972,,"[3162.277660168379, 3162.277660168379, 3162.277660168379, 3162.277660168379, 3162.277660168379]",0.04804379359853549,1.019805755005415,0.9517793276716537,0.9822747729963399
sub-04,PIT,LIPd,test,sub-10,linear_predictivity,118,31,0.022223458723474587,"[0.025615356788181835, 0.025659585330978014, 0.01971222651101258, 0.014275433512359038, 0.02585469147484147]",,,,,
sub-04,PIT,LIPv,train,sub-10,linear_predictivity,118,75,0.028915238899762132,,"[3162.277660168379, 3162.277660168379, 3162.277660168379, 3162.277660168379, 3162.277660168379]",0.06104331959330269,1.0097231849276187,0.9387475488420737,0.9678056169397735
sub-04,PIT,LIPv,test,sub-10,linear_predictivity,118,75,0.05454868005899349,"[0.05561209165127132, 0.054205484898618345, 0.056109774167651734, 0.05307135547907003, 0.053744694098356034]",,,,,
sub-04,PIT,AIP,train,sub-10,linear_predictivity,118,409,0.021964469933357537,,"[3162.277660168379, 3162.277660168379, 3162.277660168379, 3162.277660168379, 3162.277660168379]",0.05972479801713626,1.0108056693365635,0.9398967827503872,0.9717333937262629
sub-04,PIT,AIP,test,sub-10,linear_predictivity,118,409,0.033047018184540894,"[0.03275346398752633, 0.03702369374952833, 0.024709281027685496, 0.03382432917415086, 0.036924322983813464]",,,,,
sub-04,PIT,7Pm,train,sub-10,linear_predictivity,118,21,0.0053384930951813,,"[3162.277660168379, 3162.277660168379, 3162.277660168379, 3162.277660168379, 10000.0]",0.03659134554810218,1.0234382027027644,0.9631392779630283,0.9910023900646117
sub-04,PIT,7Pm,test,sub-10,linear_predictivity,118,21,0.021351613238033088,"[0.024507382258211516, 0.020686566370782117, 0.0235485035366789, 0.02273003979410189, 0.015285574230391013]",,,,,
sub-04,PIT,7PL,train,sub-10,linear_predictivity,118,106,0.016901755404435264,,"[1000.0, 3162.277660168379, 3162.277660168379, 3162.277660168379, 3162.277660168379]",0.056035594871499714,1.0140395961415223,0.9436219207382072,0.979408494543663
sub-04,PIT,7PL,test,sub-10,linear_predictivity,118,106,0.06700183567241151,"[0.07988645780092943, 0.0606614947754493, 0.06807865614572954, 0.0644052551636541, 0.06197731447629524]",,,,,
sub-04,PIT,7PC,train,sub-10,linear_predictivity,118,224,0.025922628039035625,,"[3162.277660168379, 1000.0, 3162.277660168379, 3162.277660168379, 3162.277660168379]",0.07186248046608457,1.0047296484578694,0.9276797599083052,0.9681054598301223
sub-04,PIT,7PC,test,sub-10,linear_predictivity,118,224,0.04149657271597555,"[0.04216120903229246, 0.05625066289425606, 0.03720144638291768, 0.031627159183542856, 0.04024238608686871]",,,,,
sub-04,PIT,7Am,train,sub-10,linear_predictivity,118,186,0.005972831903779614,,"[1000.0, 1000.0, 1000.0, 1000.0, 1000.0]",0.07340757609285234,1.0145523280939597,0.9262938001462107,0.9888770497553419
sub-04,PIT,7Am,test,sub-10,linear_predictivity,118,186,0.03985136308228255,"[0.04379754329059768, 0.041118986753152696, 0.03816614083862212, 0.04036387017068134, 0.03581027435835891]",,,,,
sub-04,PIT,7AL,train,sub-10,linear_predictivity,118,158,0.011694395095217601,,"[3162.277660168379, 1000.0, 3162.277660168379, 3162.277660168379, 3162.277660168379]",0.05671208650372968,1.012496094191369,0.9429553385458684,0.9828207463209336
sub-04,PIT,7AL,test,sub-10,linear_predictivity,118,158,0.018383353690706414,"[0.020709074735084276, 0.025116113134654814, 0.017131982735683542, 0.01664123879235785, 0.01231835905575159]",,,,,
sub-04,PIT,VVC,train,sub-10,linear_predictivity,118,196,0.06334212461601627,,"[1000.0, 1000.0, 1000.0, 1000.0, 1000.0]",0.12358141858480462,0.9873184959292922,0.876131221991663,0.9319108258667237
sub-04,PIT,VVC,test,sub-10,linear_predictivity,118,196,0.16561160124722835,"[0.17060441302913815, 0.16779909763804732, 0.1601364224519071, 0.16173667696286478, 0.16778139615418441]",,,,,
sub-04,PIT,VMV2,train,sub-10,linear_predictivity,118,94,0.05810467752716196,,"[1000.0, 1000.0, 1000.0, 1000.0, 1000.0]",0.11980220431581048,0.9875771811329047,0.8799409051798943,0.9373838460479453
sub-04,PIT,VMV2,test,sub-10,linear_predictivity,118,94,0.1503090231864183,"[0.1583689207900725, 0.1314783452553033, 0.15415391616160803, 0.15675954035603912, 0.15078439336906863]",,,,,
sub-04,PIT,VMV3,train,sub-10,linear_predictivity,118,98,0.09574284220512179,,"[1000.0, 1000.0, 1000.0, 1000.0, 1000.0]",0.15319404882401283,0.9710603965396777,0.8465172132906928,0.899263303272367
sub-04,PIT,VMV3,test,sub-10,linear_predictivity,118,98,0.16835850894253318,"[0.1810496986452745, 0.1588400254870509, 0.17366103718190357, 0.16537013947149515, 0.16287164392694178]",,,,,
sub-04,PIT,VMV1,train,sub-10,linear_predictivity,118,42,0.03849631163860196,,"[1000.0, 1000.0, 1000.0, 1000.0, 1000.0]",0.10278385010293571,0.9943378411602903,0.8968913474698222,0.9557181554077134
sub-04,PIT,VMV1,test,sub-10,linear_predictivity,118,42,0.09786995267901466,"[0.10299909091892519, 0.09144270721072005, 0.10363712697100157, 0.10045051950220832, 0.09082031879221818]",,,,,
sub-04,PIT,PHA2,train,sub-10,linear_predictivity,118,21,0.030518754825691486,,"[1000.0, 1000.0, 1000.0, 1000.0, 1000.0]",0.09538655298800998,0.999712231483192,0.9042765767318187,0.9636005325990944
sub-04,PIT,PHA2,test,sub-10,linear_predictivity,118,21,0.13716141597758283,"[0.13533650217119778, 0.12787449428516956, 0.13681077114377502, 0.14670965879548933, 0.13907565349228232]",,,,,
sub-04,PIT,PHA3,train,sub-10,linear_predictivity,118,104,0.050961178320666496,,"[1000.0, 1000.0, 1000.0, 1000.0, 1000.0]",0.11154904330480256,0.9921794455380896,0.8881171159205049,0.9437990535430847
sub-04,PIT,PHA3,test,sub-10,linear_predictivity,118,104,0.14782919830996405,"[0.1510645536859276, 0.14093390718260193, 0.144173227888985, 0.15283379256943116, 0.15014051022287445]",,,,,
sub-04,PIT,PH,train,sub-10,linear_predictivity,118,261,0.10201639509873378,,"[1000.0, 1000.0, 1000.0, 1000.0, 1000.0]",0.1578220351524114,0.9655538911237777,0.8419671513532776,0.8944759806317529
sub-04,PIT,PH,test,sub-10,linear_predictivity,118,261,0.18967508057280927,"[0.19489102936215058, 0.19491153012963683, 0.18121079071855145, 0.18254076026272384, 0.19482129239098353]",,,,,
sub-04,IPS1,V1,train,sub-10,linear_predictivity,232,553,0.015517140840000047,,"[3162.277660168379, 3162.277660168379, 3162.277660168379, 3162.277660168379, 3162.277660168379]",0.06488967550529598,1.0298862016719859,0.9348766197436499,0.9804446943544727
sub-04,IPS1,V1,test,sub-10,linear_predictivity,232,553,0.03641316144554245,"[0.03743918592775237, 0.035417827083823794, 0.03843863025259097, 0.035397941854110396, 0.03537222210943472]",,,,,
sub-04,IPS1,V2,train,sub-10,linear_predictivity,232,516,0.02388978033799153,,"[3162.277660168379, 3162.277660168379, 3162.277660168379, 3162.277660168379, 3162.277660168379]",0.07288067601338499,1.024419432763942,0.9268744686767223,0.9718866682586329
sub-04,IPS1,V2,test,sub-10,linear_predictivity,232,516,0.032761834951098856,"[0.03524878635787688, 0.031923353216473965, 0.03446682928606605, 0.03143966033061851, 0.030730545564458877]",,,,,
sub-04,IPS1,V3,train,sub-10,linear_predictivity,232,400,0.030788206843293416,,"[3162.277660168379, 3162.277660168379, 3162.277660168379, 3162.277660168379, 3162.277660168379]",0.07710557848702963,1.020049303585636,0.9226938088945147,0.965858735475442
sub-04,IPS1,V3,test,sub-10,linear_predictivity,232,400,0.04031610103683129,"[0.039391669059072154, 0.0401627666389159, 0.0420219595423907, 0.04225775333391786, 0.03774635660985982]",,,,,
sub-04,IPS1,V4,train,sub-10,linear_predictivity,232,574,0.055986425883563576,,"[3162.277660168379, 3162.277660168379, 3162.277660168379, 3162.277660168379, 3162.277660168379]",0.10107851681586766,1.0032797278953933,0.8986972967957682,0.9403127084183704
sub-04,IPS1,V4,test,sub-10,linear_predictivity,232,574,0.07608117915483018,"[0.07555109132523016, 0.0757750644303945, 0.07482663950061769, 0.07934248840781026, 0.07491061211009828]",,,,,
sub-04,IPS1,V3A,train,sub-10,linear_predictivity,232,85,0.060588848674392244,,"[3162.277660168379, 3162.277660168379, 3162.277660168379, 3162.277660168379, 3162.277660168379]",0.10612995744393905,1.0054689718419525,0.8936304390868852,0.9354765532731477
sub-04,IPS1,V3A,test,sub-10,linear_predictivity,232,85,0.08998287915810066,"[0.0889874703120984, 0.08733243463226949, 0.09251926488731647, 0.09169875919244469, 0.0893764667663742]",,,,,
sub-04,IPS1,V3B,train,sub-10,linear_predictivity,232,99,0.0810404974066276,,"[3162.277660168379, 1000.0, 1000.0, 3162.277660168379, 1000.0]",0.14627302785223997,0.9903177872420516,0.8537164111439651,0.9159440406137233
sub-04,IPS1,V3B,test,sub-10,linear_predictivity,232,99,0.12682546323365293,"[0.1186215093003166, 0.1274352667580691, 0.13484616498273136, 0.11884602493185151, 0.1343783501952961]",,,,,
sub-04,IPS1,V6,train,sub-10,linear_predictivity,232,11,0.11156412897982723,,"[1000.0, 1000.0, 1000.0, 1000.0, 1000.0]",0.19083153769641042,0.9780376108086315,0.8089459282333887,0.8845368694190532
sub-04,IPS1,V6,test,sub-10,linear_predictivity,232,11,0.26450331376804503,"[0.25397847579563076, 0.2632933790850602, 0.26249716389819455, 0.27430904778024257, 0.26843850228109717]",,,,,
sub-04,IPS1,V6A,train,sub-10,linear_predictivity,232,45,0.06225675051838168,,"[3162.277660168379, 3162.277660168379, 3162.277660168379, 3162.277660168379, 3162.277660168379]",0.10956378242842235,1.0028127214355194,0.8902063646424526,0.9337772395801688
sub-04,IPS1,V6A,test,sub-10,linear_predictivity,232,45,0.12172735908625332,"[0.121950952140876, 0.1219169180786924, 0.12497541990933562, 0.11853867764466934, 0.12125482765769315]",,,,,
sub-04,IPS1,V7,train,sub-10,linear_predictivity,232,61,0.11533627848530097,,"[3162.277660168379, 3162.277660168379, 3162.277660168379, 3162.277660168379, 3162.277660168379]",0.15984717123313436,0.9683909518475625,0.8398340462489718,0.8795224393811958
sub-04,IPS1,V7,test,sub-10,linear_predictivity,232,61,0.17455152970548599,"[0.17544644776092383, 0.174868621737811, 0.17593172682808408, 0.16974413661534576, 0.17676671558526513]",,,,,
sub-04,IPS1,V8,train,sub-10,linear_predictivity,232,96,0.03992384777667876,,"[3162.277660168379, 3162.277660168379, 3162.277660168379, 3162.277660168379, 3162.277660168379]",0.08416266063939196,1.0160173927975666,0.9156199332289999,0.9564426243660602
sub-04,IPS1,V8,test,sub-10,linear_predictivity,232,96,0.04189872451433226,"[0.043347442189634655, 0.039726487705670534, 0.05088364423040389, 0.04200960400769207, 0.03352644443826016]",,,,,
sub-04,IPS1,FFC,train,sub-10,linear_predictivity,232,244,0.045251696239108144,,"[3162.277660168379, 3162.277660168379, 3162.277660168379, 3162.277660168379, 3162.277660168379]",0.08904353221415513,1.0172385462527003,0.9107906921965963,0.952066826740921
sub-04,IPS1,FFC,test,sub-10,linear_predictivity,232,244,0.10106712778196739,"[0.10332381953783136, 0.10112048252376847, 0.09847428879902179, 0.10058374580645288, 0.10183330224276246]",,,,,
sub-04,IPS1,PIT,train,sub-10,linear_predictivity,232,100,0.048616296847558006,,"[3162.277660168379, 3162.277660168379, 3162.277660168379, 3162.277660168379, 3162.277660168379]",0.09196703401231188,1.0134992531193852,0.9078742540284367,0.9487193219640219
sub-04,IPS1,PIT,test,sub-10,linear_predictivity,232,100,0.09728236810908483,"[0.09756048907011071, 0.09761222680316063, 0.09205022033702442, 0.09863014035737504, 0.10055876397775332]",,,,,
sub-04,IPS1,IPS1,train,sub-10,linear_predictivity,232,166,0.07302253140963685,,"[3162.277660168379, 3162.277660168379, 3162.277660168379, 3162.277660168379, 3162.277660168379]",0.12170726936165836,0.9938579045048798,0.8779602011570233,0.9217226585238603
sub-04,IPS1,IPS1,test,sub-10,linear_predictivity,232,166,0.1529790406272193,"[0.1535755351709929, 0.14365900141849755, 0.15718382033843156, 0.15284908172797598, 0.15762776448019858]",,,,,
sub-04,IPS1,MST,train,sub-10,linear_predictivity,232,135,0.1642046354670144,,"[1000.0, 1000.0, 1000.0, 1000.0, 1000.0]",0.23484386034532106,0.9364647411067313,0.7648987652489996,0.8315027259906852
sub-04,IPS1,MST,test,sub-10,linear_predictivity,232,135,0.2884297694590085,"[0.2848478550311085, 0.2995114531029352, 0.28152797723315665, 0.28923909392536606, 0.2870224680024763]",,,,,
sub-04,IPS1,MT,train,sub-10,linear_predictivity,232,86,0.09951040716035343,,"[1000.0, 1000.0, 1000.0, 1000.0, 1000.0]",0.17749925307344386,0.9764717067942016,0.8223172822409973,0.8974129368570075
sub-04,IPS1,MT,test,sub-10,linear_predictivity,232,86,0.16518448899554755,"[0.16230550035314142, 0.1727247969509681, 0.16094458657698762, 0.16498722289486606, 0.16496033820177447]",,,,,
sub-04,IPS1,FST,train,sub-10,linear_predictivity,232,167,0.16559715404730854,,"[1000.0, 1000.0, 1000.0, 3162.277660168379, 1000.0]",0.23590492015882383,0.9366421555425033,0.7635674041035515,0.8264293413217011
sub-04,IPS1,FST,test,sub-10,linear_predictivity,232,167,0.2700608196509945,"[0.2726150816445859, 0.27878777919318426, 0.27413998499645903, 0.2533170802339255, 0.27144417218681793]",,,,,
sub-04,IPS1,LO1,train,sub-10,linear_predictivity,232,78,0.057901040717775736,,"[3162.277660168379, 3162.277660168379, 3162.277660168379, 3162.277660168379, 3162.277660168379]",0.1027996707052375,1.0027889107077301,0.8969610250026185,0.9382884059285818
sub-04,IPS1,LO1,test,sub-10,linear_predictivity,232,78,0.11015248133816206,"[0.11390666828179996, 0.11057948158068728, 0.10359173922500665, 0.11133212699330076, 0.1113523906100157]",,,,,
sub-04,IPS1,LO2,train,sub-10,linear_predictivity,232,80,0.07785452677980356,,"[3162.277660168379, 3162.277660168379, 3162.277660168379, 3162.277660168379, 3162.277660168379]",0.11785955940530266,0.9978640231962037,0.8819819956705558,0.9196845186583792
sub-04,IPS1,LO2,test,sub-10,linear_predictivity,232,80,0.1524452277537901,"[0.15638703932802467, 0.15197514075652574, 0.14607063727016237, 0.15261357440006848, 0.15517974701416928]",,,,,
sub-04,IPS1,LO3,train,sub-10,linear_predictivity,232,113,0.05601038765060304,,"[3162.277660168379, 1000.0, 3162.277660168379, 3162.277660168379, 3162.277660168379]",0.11190445059670981,1.0013200548939185,0.8877324890608456,0.9394840235485619
sub-04,IPS1,LO3,test,sub-10,linear_predictivity,232,113,0.09873786070444726,"[0.09491348457902739, 0.11794319079774873, 0.09597106252567526, 0.08966102134376029, 0.09520054427602462]",,,,,
sub-04,IPS1,V7,train,sub-10,linear_predictivity,232,61,0.11533627848530097,,"[3162.277660168379, 3162.277660168379, 3162.277660168379, 3162.277660168379, 3162.277660168379]",0.15984717123313436,0.9683909518475625,0.8398340462489718,0.8795224393811958
sub-04,IPS1,V7,test,sub-10,linear_predictivity,232,61,0.17455152970548599,"[0.17544644776092383, 0.174868621737811, 0.17593172682808408, 0.16974413661534576, 0.17676671558526513]",,,,,
sub-04,IPS1,IP0,train,sub-10,linear_predictivity,232,103,0.06199921970960318,,"[3162.277660168379, 3162.277660168379, 3162.277660168379, 3162.277660168379, 3162.277660168379]",0.10834741956551178,1.0023462186052876,0.891377576824168,0.9333540589383196
sub-04,IPS1,IP0,test,sub-10,linear_predictivity,232,103,0.10379141021821123,"[0.10695847227195755, 0.09440778013074856, 0.10662174922721825, 0.10649278719933696, 0.10447626226179488]",,,,,
sub-04,IPS1,IP1,train,sub-10,linear_predictivity,232,33,0.018277780386185338,,"[10000.0, 10000.0, 10000.0, 31622.776601683796, 10000.0]",0.04315690650661279,1.0376514423770717,0.956563530316885,0.9785051854500685
sub-04,IPS1,IP1,test,sub-10,linear_predictivity,232,33,0.04281128307469551,"[0.045596435466245956, 0.04522191176764309, 0.04224675135528967, 0.03205652008755078, 0.04893479669674808]",,,,,
sub-04,IPS1,MIP,train,sub-10,linear_predictivity,232,178,0.0398588961597089,,"[3162.277660168379, 3162.277660168379, 3162.277660168379, 3162.277660168379, 3162.277660168379]",0.09309082041463945,1.0161191816739756,0.906463126288043,0.9528003930284713
sub-04,IPS1,MIP,test,sub-10,linear_predictivity,232,178,0.10531176285433903,"[0.11258759131486917, 0.10063748479168666, 0.10693723479716719, 0.10124710090256792, 0.10514940246540418]",,,,,
sub-04,IPS1,VIP,train,sub-10,linear_predictivity,232,100,0.07509766297649025,,"[3162.277660168379, 3162.277660168379, 3162.277660168379, 3162.277660168379, 3162.277660168379]",0.11974318947192364,0.9968357622105527,0.8800075245987026,0.9210344702387431
sub-04,IPS1,VIP,test,sub-10,linear_predictivity,232,100,0.15760733588253278,"[0.16564352572465377, 0.1555207244901902, 0.1614175998823609, 0.1481739346688222, 0.15728089464663686]",,,,,
sub-04,IPS1,LIPd,train,sub-10,linear_predictivity,232,31,0.01038457099499635,,"[10000.0, 10000.0, 10000.0, 10000.0, 10000.0]",0.03459879454598048,1.0405128159218824,0.965227594874781,0.9867668863106978
sub-04,IPS1,LIPd,test,sub-10,linear_predictivity,232,31,0.02485957532515907,"[0.02238145854843356, 0.0256922678855536, 0.026926259586393386, 0.02569541762533446, 0.023602472980080353]",,,,,
sub-04,IPS1,LIPv,train,sub-10,linear_predictivity,232,75,0.03724380427831122,,"[10000.0, 3162.277660168379, 3162.277660168379, 10000.0, 3162.277660168379]",0.07946059260412788,1.0174488039217449,0.9201817661003415,0.9582684581070403
sub-04,IPS1,LIPv,test,sub-10,linear_predictivity,232,75,0.09297683911588393,"[0.08429105882362062, 0.09516384075690562, 0.10377582783354461, 0.08019980342608457, 0.10145366473926427]",,,,,
sub-04,IPS1,AIP,train,sub-10,linear_predictivity,232,409,0.03739545678735733,,"[3162.277660168379, 3162.277660168379, 3162.277660168379, 3162.277660168379, 3162.277660168379]",0.09380372756984454,1.0155322513358545,0.9057288266587564,0.9542786523735959
sub-04,IPS1,AIP,test,sub-10,linear_predictivity,232,409,0.1199225603839843,"[0.11930688820445773, 0.1277728532104814, 0.11843629634507688, 0.11111523719721698, 0.12298152696268846]",,,,,
sub-04,IPS1,7Pm,train,sub-10,linear_predictivity,232,21,0.030070048988704613,,"[3162.277660168379, 3162.277660168379, 3162.277660168379, 3162.277660168379, 3162.277660168379]",0.07568064619156929,1.0259057918263073,0.9241400882019057,0.9667377483714503
sub-04,IPS1,7Pm,test,sub-10,linear_predictivity,232,21,0.07695862566726591,"[0.08203384314899072, 0.07449328227459942, 0.07604656438492267, 0.07662528550974182, 0.07559415301807486]",,,,,
sub-04,IPS1,7PL,train,sub-10,linear_predictivity,232,106,0.09594537136277768,,"[3162.277660168379, 3162.277660168379, 3162.277660168379, 3162.277660168379, 3162.277660168379]",0.13847299075808378,0.9865804919956302,0.861353655688949,0.9010128394215412
sub-04,IPS1,7PL,test,sub-10,linear_predictivity,232,106,0.19939650862327377,"[0.2036547824341925, 0.19670095557770634, 0.20342534010927657, 0.19318365558990078, 0.2000178094052926]",,,,,
sub-04,IPS1,7PC,train,sub-10,linear_predictivity,232,224,0.07708884700458639,,"[3162.277660168379, 3162.277660168379, 3162.277660168379, 3162.277660168379, 3162.277660168379]",0.12754286827609956,0.9936539654545908,0.8719774480292619,0.9148726753481988
sub-04,IPS1,7PC,test,sub-10,linear_predictivity,232,224,0.15475174803258845,"[0.1543660873507713, 0.16103088647459732, 0.15445796284741328, 0.14897796296117832, 0.15492584052898198]",,,,,
sub-04,IPS1,7Am,train,sub-10,linear_predictivity,232,186,0.042842503751618695,,"[3162.277660168379, 3162.277660168379, 3162.277660168379, 3162.277660168379, 3162.277660168379]",0.09103016267209467,1.0120871657301738,0.9086879730874792,0.9522801889573744
sub-04,IPS1,7Am,test,sub-10,linear_predictivity,232,186,0.11065605996262946,"[0.11228162058610873, 0.11632283300188187, 0.11047929238656241, 0.1073194117811583, 0.106877142057436]",,,,,
sub-04,IPS1,7AL,train,sub-10,linear_predictivity,232,158,0.047697718201281006,,"[3162.277660168379, 3162.277660168379, 3162.277660168379, 3162.277660168379, 3162.277660168379]",0.09590566079498142,1.0126740064812396,0.903741280761788,0.9462638759605865
sub-04,IPS1,7AL,test,sub-10,linear_predictivity,232,158,0.10523210280996657,"[0.10696754244738657, 0.11156569623020492, 0.10207343478870723, 0.10023075195758523, 0.10532308862594895]",,,,,
sub-04,IPS1,VVC,train,sub-10,linear_predictivity,232,196,0.043294473843384695,,"[3162.277660168379, 3162.277660168379, 3162.277660168379, 3162.277660168379, 3162.277660168379]",0.08895064450874145,1.0142547990874786,0.9107817174919759,0.9522833009982534
sub-04,IPS1,VVC,test,sub-10,linear_predictivity,232,196,0.09186761427154157,"[0.09559069878194174, 0.09000329822394823, 0.09078485962862977, 0.09175842954318641, 0.09120078518000167]",,,,,
sub-04,IPS1,VMV2,train,sub-10,linear_predictivity,232,94,0.07684268524339799,,"[3162.277660168379, 1000.0, 3162.277660168379, 3162.277660168379, 3162.277660168379]",0.12933671567398672,0.9949273422122331,0.8705198319850792,0.9192573397545919
sub-04,IPS1,VMV2,test,sub-10,linear_predictivity,232,94,0.1615063038679732,"[0.16232499471576697, 0.1728626390067046, 0.15746595456233167, 0.16055154745710254, 0.15432638359796036]",,,,,
sub-04,IPS1,VMV3,train,sub-10,linear_predictivity,232,98,0.05240720223287925,,"[3162.277660168379, 3162.277660168379, 3162.277660168379, 3162.277660168379, 3162.277660168379]",0.09962025737162643,1.0066652860648901,0.9000937428777094,0.9427345291899533
sub-04,IPS1,VMV3,test,sub-10,linear_predictivity,232,98,0.04763387151252354,"[0.05632981093906058, 0.045595054031875915, 0.04782838001466594, 0.0450384729862512, 0.043377639590764086]",,,,,
sub-04,IPS1,VMV1,train,sub-10,linear_predictivity,232,42,0.04541609854310064,,"[3162.277660168379, 3162.277660168379, 3162.277660168379, 3162.277660168379, 3162.277660168379]",0.09472328005609072,1.0122356108946262,0.9049491063227505,0.9489561707208299
sub-04,IPS1,VMV1,test,sub-10,linear_predictivity,232,42,0.11350826246184734,"[0.11429135073261978, 0.11668817711150435, 0.1135937530806703, 0.10972472464573628, 0.11324330673870592]",,,,,
sub-04,IPS1,PHA2,train,sub-10,linear_predictivity,232,21,0.05902354655358061,,"[3162.277660168379, 3162.277660168379, 3162.277660168379, 3162.277660168379, 3162.277660168379]",0.1086250899222797,1.0027441911606463,0.8910889142577849,0.936151414931838
sub-04,IPS1,PHA2,test,sub-10,linear_predictivity,232,21,0.18394345015348926,"[0.18702733471712454, 0.18524765055822287, 0.17772962046688323, 0.18707424206717937, 0.18263840295803624]",,,,,
sub-04,IPS1,PHA3,train,sub-10,linear_predictivity,232,104,0.07168536713334989,,"[3162.277660168379, 3162.277660168379, 3162.277660168379, 3162.277660168379, 3162.277660168379]",0.1156967056211641,0.9993262923209748,0.8840651545066999,0.9244310901929321
sub-04,IPS1,PHA3,test,sub-10,linear_predictivity,232,104,0.18133776458448775,"[0.19120487260825347, 0.17783465309777105, 0.17542949735429522, 0.18167657188070263, 0.18054322798141637]",,,,,
sub-04,IPS1,PH,train,sub-10,linear_predictivity,232,261,0.08821754391550977,,"[3162.277660168379, 3162.277660168379, 3162.277660168379, 3162.277660168379, 3162.277660168379]",0.13052481349741235,0.9902887760920294,0.8692541668730493,0.9080078287972848
sub-04,IPS1,PH,test,sub-10,linear_predictivity,232,261,0.1440546916878065,"[0.143594086766024, 0.14439734118851172, 0.1445105906374531, 0.14478561068252335, 0.14298582916452032]",,,,,
sub-04,MST,V1,train,sub-10,linear_predictivity,142,553,0.033021696292082695,,"[1000.0, 1000.0, 1000.0, 1000.0, 1000.0]",0.09452102696209327,1.0033024011755605,0.9052714101492395,0.9632256583519376
sub-04,MST,V1,test,sub-10,linear_predictivity,142,553,0.07636650893547987,"[0.07760569868776226, 0.07687317378556655, 0.0762183992864669, 0.07707303556520947, 0.07406223735239412]",,,,,
sub-04,MST,V2,train,sub-10,linear_predictivity,142,516,0.046040668899065024,,"[1000.0, 1000.0, 1000.0, 1000.0, 1000.0]",0.10691890780337705,0.9954363403133744,0.8928313210700333,0.9494334051482776
sub-04,MST,V2,test,sub-10,linear_predictivity,142,516,0.08470294533045548,"[0.08440631270863697, 0.08710300760468973, 0.08372821559253002, 0.08628344525592842, 0.08199374549049224]",,,,,
sub-04,MST,V3,train,sub-10,linear_predictivity,142,400,0.06215421339376595,,"[1000.0, 1000.0, 1000.0, 1000.0, 1000.0]",0.12030390170778345,0.9870852066921989,0.8794833369783911,0.9342623454958053
sub-04,MST,V3,test,sub-10,linear_predictivity,142,400,0.11512652102262995,"[0.11137956475249261, 0.12073762566654903, 0.11316435020916231, 0.11464925049255005, 0.11570181399239578]",,,,,
sub-04,MST,V4,train,sub-10,linear_predictivity,142,574,0.09560509349664194,,"[1000.0, 1000.0, 1000.0, 1000.0, 1000.0]",0.15026147623954858,0.9698924313786771,0.8495288233169459,0.9009771389013504
sub-04,MST,V4,test,sub-10,linear_predictivity,142,574,0.19779611881759365,"[0.19606132091246373, 0.2004788739055079, 0.19578990545684946, 0.19554638188569032, 0.20110411192745684]",,,,,
sub-04,MST,V3A,train,sub-10,linear_predictivity,142,85,0.07904555979326179,,"[1000.0, 1000.0, 1000.0, 1000.0, 1000.0]",0.13380883575033992,0.9816762081410356,0.8659722896948703,0.9172042504642535
sub-04,MST,V3A,test,sub-10,linear_predictivity,142,85,0.18115642410030802,"[0.17783182414257798, 0.18327086645193078, 0.1774861918651566, 0.18088468627454854, 0.18630855176732625]",,,,,
sub-04,MST,V3B,train,sub-10,linear_predictivity,142,99,0.11568598332051287,,"[1000.0, 1000.0, 1000.0, 1000.0, 1000.0]",0.16838085542277478,0.9615011203631161,0.8314674537112984,0.8815961508831819
sub-04,MST,V3B,test,sub-10,linear_predictivity,142,99,0.2702212481688466,"[0.27014828053251283, 0.26810269381988144, 0.2677338980678024, 0.26969346851036274, 0.27542789991367367]",,,,,
sub-04,MST,V6,train,sub-10,linear_predictivity,142,11,0.15433759866551866,,"[1000.0, 1000.0, 1000.0, 1000.0, 1000.0]",0.20458343503194443,0.9390141602375378,0.7952279634731175,0.8425200532022961
sub-04,MST,V6,test,sub-10,linear_predictivity,142,11,0.334615948169281,"[0.3317567270966832, 0.3373711500632698, 0.32582700665837333, 0.3385621334270504, 0.3395627236010284]",,,,,
sub-04,MST,V6A,train,sub-10,linear_predictivity,142,45,0.08074673764656094,,"[1000.0, 1000.0, 1000.0, 1000.0, 1000.0]",0.13519219196079957,0.9823212324253701,0.8646067163750807,0.9156170999215426
sub-04,MST,V6A,test,sub-10,linear_predictivity,142,45,0.21644773695002698,"[0.21591253405283806, 0.21587813207405415, 0.20993264232515874, 0.21938500731151278, 0.22113036898657107]",,,,,
sub-04,MST,V7,train,sub-10,linear_predictivity,142,61,0.13656159527655068,,"[316.2277660168379, 316.2277660168379, 1000.0, 1000.0, 316.2277660168379]",0.2102386369409593,0.9497784358402411,0.7892824374026362,0.8593545154164574
sub-04,MST,V7,test,sub-10,linear_predictivity,142,61,0.27187501559520344,"[0.2717868995758865, 0.27505109565062785, 0.2622965678932824, 0.2637615002963611, 0.2864790145598596]",,,,,
sub-04,MST,V8,train,sub-10,linear_predictivity,142,96,0.07264803538953273,,"[1000.0, 1000.0, 1000.0, 1000.0, 1000.0]",0.1294099093113486,0.9824016333515644,0.8703588668665349,0.9235834669045605
sub-04,MST,V8,test,sub-10,linear_predictivity,142,96,0.16448371511740834,"[0.16611695705483928, 0.16592750012901195, 0.16893511055267216, 0.15644374464688224, 0.164995263203636]",,,,,
sub-04,MST,FFC,train,sub-10,linear_predictivity,142,244,0.11893028673471777,,"[1000.0, 1000.0, 1000.0, 1000.0, 1000.0]",0.17212419770260245,0.9565290860043125,0.8277031410956136,0.8782809976655235
sub-04,MST,FFC,test,sub-10,linear_predictivity,142,244,0.25584178028334614,"[0.2560636341296049, 0.2588824719330449, 0.25541755147526546, 0.25298773719740725, 0.25585750668140816]",,,,,
sub-04,MST,PIT,train,sub-10,linear_predictivity,142,100,0.11157135724477146,,"[316.2277660168379, 1000.0, 1000.0, 1000.0, 1000.0]",0.17363629904946867,0.9594319619927945,0.8260860751981698,0.8854635354658095
sub-04,MST,PIT,test,sub-10,linear_predictivity,142,100,0.22704199098123,"[0.2385413175968695, 0.22770978379388357, 0.22174153466768343, 0.21995351650234712, 0.2272638023453663]",,,,,
sub-04,MST,IPS1,train,sub-10,linear_predictivity,142,166,0.0764499309020051,,"[1000.0, 1000.0, 1000.0, 1000.0, 1000.0]",0.13431980132960947,0.9835936399493219,0.8654093140959327,0.9190405631315107
sub-04,MST,IPS1,test,sub-10,linear_predictivity,142,166,0.18173715594781503,"[0.18290481371849232, 0.17158323525571237, 0.1823931424940426, 0.18477152784139958, 0.18703306042942822]",,,,,
sub-04,MST,MST,train,sub-10,linear_predictivity,142,135,0.2722517179826689,,"[316.2277660168379, 316.2277660168379, 316.2277660168379, 316.2277660168379, 316.2277660168379]",0.34720280895669403,0.8689547154786469,0.6525860860353643,0.7240855642501085
sub-04,MST,MST,test,sub-10,linear_predictivity,142,135,0.5125627552376233,"[0.4970639906691129, 0.5200166399937631, 0.5104185843377352, 0.5213831179755043, 0.5139314432120015]",,,,,
sub-04,MST,MT,train,sub-10,linear_predictivity,142,86,0.2588784840183953,,"[316.2277660168379, 316.2277660168379, 316.2277660168379, 316.2277660168379, 316.2277660168379]",0.3335335585024185,0.8746402781123799,0.6662962766057866,0.7382674989473745
sub-04,MST,MT,test,sub-10,linear_predictivity,142,86,0.47233860570817054,"[0.468556746525617, 0.47654809747754995, 0.468879639627495, 0.47181617692335126, 0.4758923679868396]",,,,,
sub-04,MST,FST,train,sub-10,linear_predictivity,142,167,0.20956555083393677,,"[316.2277660168379, 316.2277660168379, 316.2277660168379, 316.2277660168379, 316.2277660168379]",0.2898565728249814,0.9102458056168169,0.7097443173042213,0.7833782954220423
sub-04,MST,FST,test,sub-10,linear_predictivity,142,167,0.3452814383112635,"[0.3404200719088831, 0.346834806086325, 0.3404879840769981, 0.3522396568397156, 0.3464246726443956]",,,,,
sub-04,MST,LO1,train,sub-10,linear_predictivity,142,78,0.13516735980571132,,"[1000.0, 1000.0, 1000.0, 1000.0, 1000.0]",0.18550279284027452,0.9496507425204964,0.8142564678785501,0.8609393928472746
sub-04,MST,LO1,test,sub-10,linear_predictivity,142,78,0.2855197847770559,"[0.2921492494967849, 0.2888843272921526, 0.2800147244323223, 0.2828524494443306, 0.2836981732196892]",,,,,
sub-04,MST,LO2,train,sub-10,linear_predictivity,142,80,0.12563718037861896,,"[316.2277660168379, 1000.0, 1000.0, 1000.0, 1000.0]",0.18533948100192052,0.9532067655094224,0.8144071408532623,0.8715123112548586
sub-04,MST,LO2,test,sub-10,linear_predictivity,142,80,0.2596732967608181,"[0.278099419386844, 0.2557905964433826, 0.2522824948665005, 0.2562368483144316, 0.25595712479293153]",,,,,
sub-04,MST,LO3,train,sub-10,linear_predictivity,142,113,0.18579786089298167,,"[1000.0, 1000.0, 1000.0, 1000.0, 1000.0]",0.23497559238297122,0.9197108391065052,0.7647650589274505,0.8102181297858566
sub-04,MST,LO3,test,sub-10,linear_predictivity,142,113,0.32294449358814664,"[0.32604059979461625, 0.3208172092043057, 0.32143294076760864, 0.31772269292375727, 0.3287090252504454]",,,,,
sub-04,MST,V7,train,sub-10,linear_predictivity,142,61,0.13656159527655068,,"[316.2277660168379, 316.2277660168379, 1000.0, 1000.0, 316.2277660168379]",0.2102386369409593,0.9497784358402411,0.7892824374026362,0.8593545154164574
sub-04,MST,V7,test,sub-10,linear_predictivity,142,61,0.27187501559520344,"[0.2717868995758865, 0.27505109565062785, 0.2622965678932824, 0.2637615002963611, 0.2864790145598596]",,,,,
sub-04,MST,IP0,train,sub-10,linear_predictivity,142,103,0.0821032778501874,,"[1000.0, 1000.0, 1000.0, 1000.0, 1000.0]",0.13886526891080275,0.9798470075770211,0.8608883747758119,0.913691393015872
sub-04,MST,IP0,test,sub-10,linear_predictivity,142,103,0.1791664608171905,"[0.18414494056878056, 0.16872643379047295, 0.1768355268032705, 0.1803943114464946, 0.18573109147693392]",,,,,
sub-04,MST,IP1,train,sub-10,linear_predictivity,142,33,0.018263156802144825,,"[3162.277660168379, 3162.277660168379, 3162.277660168379, 3162.277660168379, 3162.277660168379]",0.052650692415587716,1.014965889598417,0.9471561843185675,0.978702173327347
sub-04,MST,IP1,test,sub-10,linear_predictivity,142,33,0.06143623028586028,"[0.06769936074549916, 0.056332086956769674, 0.054376656581389994, 0.06741515098010492, 0.06135789616553768]",,,,,
sub-04,MST,MIP,train,sub-10,linear_predictivity,142,178,0.0334352413640531,,"[1000.0, 1000.0, 1000.0, 1000.0, 1000.0]",0.0932173718353984,1.0041562943691067,0.9064046241530889,0.9601809590314969
sub-04,MST,MIP,test,sub-10,linear_predictivity,142,178,0.03308752652096754,"[0.035497422530765495, 0.0312084716544088, 0.023768335305408658, 0.039423457236076744, 0.03553994587817802]",,,,,
sub-04,MST,VIP,train,sub-10,linear_predictivity,142,100,0.05506148085859472,,"[1000.0, 1000.0, 1000.0, 1000.0, 1000.0]",0.11181943653696853,0.9956887046465329,0.887947391227385,0.9410805737548165
sub-04,MST,VIP,test,sub-10,linear_predictivity,142,100,0.14519279647926703,"[0.14538782716731696, 0.1460694270498866, 0.14670994889031252, 0.14449669417776495, 0.14330008511105402]",,,,,
sub-04,MST,LIPd,train,sub-10,linear_predictivity,142,31,0.01311614219394058,,"[3162.277660168379, 3162.277660168379, 3162.277660168379, 3162.277660168379, 3162.277660168379]",0.045879019722752254,1.0202934120344287,0.9539459676460205,0.9839835683950359
sub-04,MST,LIPd,test,sub-10,linear_predictivity,142,31,0.028099773124653664,"[0.03066886609595569, 0.024487834357622546, 0.021261062185164763, 0.030619151331424187, 0.03346195165310113]",,,,,
sub-04,MST,LIPv,train,sub-10,linear_predictivity,142,75,0.05233640081266884,,"[1000.0, 1000.0, 1000.0, 1000.0, 1000.0]",0.1125168316431479,0.9944429046878476,0.8872657981026866,0.9437979873365837
sub-04,MST,LIPv,test,sub-10,linear_predictivity,142,75,0.11124091609844122,"[0.10677155613124635, 0.10885294039715272, 0.10776582514035056, 0.11332014332236479, 0.11949411550109168]",,,,,
sub-04,MST,AIP,train,sub-10,linear_predictivity,142,409,0.04440478442562339,,"[1000.0, 1000.0, 1000.0, 1000.0, 1000.0]",0.1095237708200977,0.9938709499943196,0.8900571203802257,0.9483469962389147
sub-04,MST,AIP,test,sub-10,linear_predictivity,142,409,0.07445681610252315,"[0.06358492493842967, 0.07393391834708425, 0.06665928279030672, 0.08953266781129614, 0.07857328662549895]",,,,,
sub-04,MST,7Pm,train,sub-10,linear_predictivity,142,21,0.01778105212533648,,"[3162.277660168379, 1000.0, 3162.277660168379, 3162.277660168379, 3162.277660168379]",0.058488035075315484,1.0150839889323742,0.9412863009298542,0.9789007012679217
sub-04,MST,7Pm,test,sub-10,linear_predictivity,142,21,0.0751530420339195,"[0.07599342627866587, 0.08173373443106899, 0.07553237812578632, 0.07270682898795057, 0.06979884234612571]",,,,,
sub-04,MST,7PL,train,sub-10,linear_predictivity,142,106,0.04060995068275687,,"[1000.0, 1000.0, 1000.0, 3162.277660168379, 1000.0]",0.09461868055889124,1.0023229242882004,0.905117447280847,0.9559244090504155
sub-04,MST,7PL,test,sub-10,linear_predictivity,142,106,0.11960170432599755,"[0.1292578604454373, 0.12459429119646202, 0.12034570829983633, 0.09936339986775339, 0.12444726182049869]",,,,,
sub-04,MST,7PC,train,sub-10,linear_predictivity,142,224,0.07830075254064232,,"[1000.0, 1000.0, 1000.0, 1000.0, 1000.0]",0.1389827247377386,0.9791718587418081,0.8605973063161756,0.9146710913859151
sub-04,MST,7PC,test,sub-10,linear_predictivity,142,224,0.18504279500028825,"[0.17730476527303382, 0.18792268966936557, 0.18237928036941456, 0.1895295837061026, 0.18807765598352474]",,,,,
sub-04,MST,7Am,train,sub-10,linear_predictivity,142,186,0.03217587271371226,,"[1000.0, 1000.0, 1000.0, 1000.0, 1000.0]",0.09280496523812212,1.003328815753542,0.9068965485841571,0.9627176907460935
sub-04,MST,7Am,test,sub-10,linear_predictivity,142,186,0.11777505442833854,"[0.12231978228736584, 0.12220390596730925, 0.11284556905358366, 0.11610794431224078, 0.11539807052119308]",,,,,
sub-04,MST,7AL,train,sub-10,linear_predictivity,142,158,0.0412025307496014,,"[1000.0, 1000.0, 1000.0, 1000.0, 1000.0]",0.10162609462209862,0.999435325774269,0.8980217830169339,0.9528659241966183
sub-04,MST,7AL,test,sub-10,linear_predictivity,142,158,0.10310293410956346,"[0.09521376965365086, 0.10239581947604662, 0.10312230843242393, 0.11051946934790219, 0.10426330363779368]",,,,,
sub-04,MST,VVC,train,sub-10,linear_predictivity,142,196,0.06855622032776107,,"[1000.0, 1000.0, 1000.0, 1000.0, 1000.0]",0.12570026187684644,0.9874979357770703,0.87402509913589,0.9269989430722058
sub-04,MST,VVC,test,sub-10,linear_predictivity,142,196,0.15956132944171705,"[0.16023235367985905, 0.15979029748932908, 0.1566846407576217, 0.15781305416682978, 0.16328630111494566]",,,,,
sub-04,MST,VMV2,train,sub-10,linear_predictivity,142,94,0.09194160834293448,,"[1000.0, 1000.0, 1000.0, 1000.0, 1000.0]",0.14708629585259803,0.9704035656770319,0.8526785646020102,0.9039631942079396
sub-04,MST,VMV2,test,sub-10,linear_predictivity,142,94,0.24434433956088336,"[0.2418459325263886, 0.24468489081240183, 0.24137171733011664, 0.24606817070737838, 0.24775098642813126]",,,,,
sub-04,MST,VMV3,train,sub-10,linear_predictivity,142,98,0.09179281609404587,,"[1000.0, 1000.0, 1000.0, 1000.0, 1000.0]",0.14943095315525876,0.9719587946340462,0.8502632183874225,0.9031874825989898
sub-04,MST,VMV3,test,sub-10,linear_predictivity,142,98,0.2080686404963788,"[0.21261918551473327, 0.20489416636795288, 0.20829638228141353, 0.197867088670566, 0.21666637964722826]",,,,,
sub-04,MST,VMV1,train,sub-10,linear_predictivity,142,42,0.0859941580882646,,"[1000.0, 1000.0, 1000.0, 1000.0, 1000.0]",0.1427739629323546,0.9754554734674684,0.8569238828419634,0.9087390620441799
sub-04,MST,VMV1,test,sub-10,linear_predictivity,142,42,0.2194128587048963,"[0.22010309840000186, 0.22465263303996044, 0.21858082437910806, 0.21415355013846132, 0.21957418756694963]",,,,,
sub-04,MST,PHA2,train,sub-10,linear_predictivity,142,21,0.04591986340877858,,"[1000.0, 3162.277660168379, 3162.277660168379, 3162.277660168379, 3162.277660168379]",0.09004663344473059,0.9947529100687632,0.9096866702475248,0.9494688868558281
sub-04,MST,PHA2,test,sub-10,linear_predictivity,142,21,0.18257416065326587,"[0.19461611001087273, 0.18048962580188174, 0.17774710469079666, 0.1787296867131666, 0.1812882760496116]",,,,,
sub-04,MST,PHA3,train,sub-10,linear_predictivity,142,104,0.0657055983543117,,"[1000.0, 1000.0, 1000.0, 1000.0, 1000.0]",0.1240546294705672,0.9853959603990212,0.8756983824545497,0.9300837155385386
sub-04,MST,PHA3,test,sub-10,linear_predictivity,142,104,0.21242235241630164,"[0.21328984331330098, 0.21026296166461564, 0.21367862465083542, 0.20817460880221675, 0.21670572365053936]",,,,,
sub-04,MST,PH,train,sub-10,linear_predictivity,142,261,0.12199410956388897,,"[316.2277660168379, 1000.0, 1000.0, 1000.0, 1000.0]",0.18442408412110942,0.9561940865749208,0.8153500153370553,0.8744597680088748
sub-04,MST,PH,test,sub-10,linear_predictivity,142,261,0.20153322230858675,"[0.20649696982244012, 0.20360816516556465, 0.1968301907044624, 0.20065635899566156, 0.200074426854805]",,,,,
sub-04,MT,V1,train,sub-10,linear_predictivity,100,553,0.028152774417545504,,"[316.2277660168379, 316.2277660168379, 316.2277660168379, 1000.0, 316.2277660168379]",0.08504725279370391,0.9936636788414969,0.9147781290967132,0.9679067739953677
sub-04,MT,V1,test,sub-10,linear_predictivity,100,553,0.0759776485438102,"[0.08035885587008601, 0.07816875014678117, 0.07646533503248626, 0.06907117565019258, 0.07582412601950493]",,,,,
sub-04,MT,V2,train,sub-10,linear_predictivity,100,516,0.04024480096383512,,"[316.2277660168379, 316.2277660168379, 316.2277660168379, 316.2277660168379, 316.2277660168379]",0.10135002503262966,0.9869752833891763,0.8983997844840219,0.9552656694534605
sub-04,MT,V2,test,sub-10,linear_predictivity,100,516,0.08654961538635948,"[0.08473872115231684, 0.09035822413212088, 0.08508830069079104, 0.08939366742111665, 0.083169163535452]",,,,,
sub-04,MT,V3,train,sub-10,linear_predictivity,100,400,0.06255128142233304,,"[316.2277660168379, 316.2277660168379, 316.2277660168379, 316.2277660168379, 316.2277660168379]",0.12117748248530444,0.9764230578914646,0.8786195031575383,0.9339256607100953
sub-04,MT,V3,test,sub-10,linear_predictivity,100,400,0.12076371345204,"[0.11783682181417994, 0.12466406826738258, 0.11853107540710099, 0.12200913272501428, 0.12077746904652223]",,,,,
sub-04,MT,V4,train,sub-10,linear_predictivity,100,574,0.08433563404926465,,"[316.2277660168379, 316.2277660168379, 316.2277660168379, 316.2277660168379, 316.2277660168379]",0.1383619938823871,0.9675867836675431,0.861445019538498,0.9123573062236296
sub-04,MT,V4,test,sub-10,linear_predictivity,100,574,0.15762169051346323,"[0.15320069953352858, 0.15857520352910828, 0.15771587284129704, 0.15837665446386426, 0.16024002219951788]",,,,,
sub-04,MT,V3A,train,sub-10,linear_predictivity,100,85,0.07422672222302075,,"[316.2277660168379, 316.2277660168379, 316.2277660168379, 1000.0, 316.2277660168379]",0.12731699793119713,0.9708532331252335,0.872460633384353,0.9219807296828739
sub-04,MT,V3A,test,sub-10,linear_predictivity,100,85,0.1638860244724093,"[0.1644060723912177, 0.16619108594118948, 0.16617757811785466, 0.15607646169811848, 0.16657892421366619]",,,,,
sub-04,MT,V3B,train,sub-10,linear_predictivity,100,99,0.07803185663968112,,"[100.0, 100.0, 100.0, 316.2277660168379, 100.0]",0.1502361232126708,0.9707770211948403,0.8496275928666552,0.9189283362107583
sub-04,MT,V3B,test,sub-10,linear_predictivity,100,99,0.19883379634648876,"[0.19851969313326664, 0.1953409037014991, 0.20760824046472964, 0.1805703857161668, 0.21212975871678166]",,,,,
sub-04,MT,V6,train,sub-10,linear_predictivity,100,11,0.14706817769338332,,"[316.2277660168379, 316.2277660168379, 316.2277660168379, 316.2277660168379, 316.2277660168379]",0.19826435875409604,0.9352335284910783,0.8015354981981592,0.8494372950878203
sub-04,MT,V6,test,sub-10,linear_predictivity,100,11,0.33218585620100527,"[0.3187047937051192, 0.3416725586655931, 0.327088344658344, 0.335595928076906, 0.3378676558990639]",,,,,
sub-04,MT,V6A,train,sub-10,linear_predictivity,100,45,0.05722688664323398,,"[316.2277660168379, 316.2277660168379, 316.2277660168379, 316.2277660168379, 316.2277660168379]",0.11250216675485918,0.9825034160159252,0.8872653296364961,0.9384886654456099
sub-04,MT,V6A,test,sub-10,linear_predictivity,100,45,0.12547453514921933,"[0.11625402695544182, 0.12038202921796438, 0.13457418250286984, 0.1269586018844662, 0.12920383518535433]",,,,,
sub-04,MT,V7,train,sub-10,linear_predictivity,100,61,0.08060801155376464,,"[316.2277660168379, 100.0, 316.2277660168379, 316.2277660168379, 316.2277660168379]",0.14238118121328133,0.970212367259325,0.8573005316237442,0.9151690897737282
sub-04,MT,V7,test,sub-10,linear_predictivity,100,61,0.13795362527207186,"[0.12941468998583622, 0.14459680791492374, 0.14207968557433692, 0.13687833631494006, 0.13679860657032236]",,,,,
sub-04,MT,V8,train,sub-10,linear_predictivity,100,96,0.05809745930592981,,"[316.2277660168379, 316.2277660168379, 316.2277660168379, 316.2277660168379, 316.2277660168379]",0.11100569756708314,0.9814726222473675,0.8887902398384002,0.9383451623844061
sub-04,MT,V8,test,sub-10,linear_predictivity,100,96,0.11565337941707568,"[0.11985708282878337, 0.11442357298217082, 0.12377102605576039, 0.10612207321756935, 0.11409314200109448]",,,,,
sub-04,MT,FFC,train,sub-10,linear_predictivity,100,244,0.08783117953781457,,"[316.2277660168379, 316.2277660168379, 316.2277660168379, 316.2277660168379, 316.2277660168379]",0.14322719960084668,0.9657866647141671,0.8566039046701732,0.9093635750708613
sub-04,MT,FFC,test,sub-10,linear_predictivity,100,244,0.20615280272727327,"[0.20848147269277614, 0.2087956957658839, 0.2092030199458207, 0.2006022302201214, 0.20368159501176414]",,,,,
sub-04,MT,PIT,train,sub-10,linear_predictivity,100,100,0.0832896004944668,,"[316.2277660168379, 316.2277660168379, 100.0, 316.2277660168379, 100.0]",0.15006290762339997,0.9685593886843996,0.8498162983191536,0.9138409962937631
sub-04,MT,PIT,test,sub-10,linear_predictivity,100,100,0.1834142303441379,"[0.17404989217153552, 0.1753818178431531, 0.19749037500599279, 0.17075135089778876, 0.19939771580221918]",,,,,
sub-04,MT,IPS1,train,sub-10,linear_predictivity,100,166,0.03541803988551825,,"[316.2277660168379, 316.2277660168379, 316.2277660168379, 316.2277660168379, 316.2277660168379]",0.09322087384854837,0.9934269393510158,0.9065156082639163,0.9600882650796452
sub-04,MT,IPS1,test,sub-10,linear_predictivity,100,166,0.08070664388631638,"[0.07103399153757764, 0.06935664750686721, 0.09597039575052492, 0.08687017740493645, 0.08030200723167565]",,,,,
sub-04,MT,MST,train,sub-10,linear_predictivity,100,135,0.2381676777895346,,"[100.0, 100.0, 100.0, 100.0, 100.0]",0.3051703554157833,0.8868075181258502,0.6946043095111382,0.7580181073782065
sub-04,MT,MST,test,sub-10,linear_predictivity,100,135,0.411683492743096,"[0.40119482728323846, 0.41445363913398603, 0.4126503133068332, 0.4181221573114, 0.4119965266800223]",,,,,
sub-04,MT,MT,train,sub-10,linear_predictivity,100,86,0.25997912482031454,,"[100.0, 100.0, 100.0, 316.2277660168379, 100.0]",0.3213510294758519,0.8704754931415604,0.6785045778075068,0.7370843720771686
sub-04,MT,MT,test,sub-10,linear_predictivity,100,86,0.455423332997162,"[0.450110584130646, 0.45632061420647163, 0.45858211163523116, 0.44961136413621916, 0.46249199087724197]",,,,,
sub-04,MT,FST,train,sub-10,linear_predictivity,100,167,0.13978707577964783,,"[100.0, 100.0, 100.0, 100.0, 100.0]",0.21365976886328938,0.9464244121554632,0.7860176765522546,0.8543608268795906
sub-04,MT,FST,test,sub-10,linear_predictivity,100,167,0.20100696981038668,"[0.19191642948610133, 0.1954026133843678, 0.20952564103891738, 0.2148764928975287, 0.19331367224501822]",,,,,
sub-04,MT,LO1,train,sub-10,linear_predictivity,100,78,0.12386270446111258,,"[316.2277660168379, 316.2277660168379, 100.0, 316.2277660168379, 100.0]",0.18410455072378304,0.9458646805477002,0.815750026633465,0.8722179118818195
sub-04,MT,LO1,test,sub-10,linear_predictivity,100,78,0.21362165129955976,"[0.2075615605115114, 0.20094541779100292, 0.22884089811992867, 0.20685007689040136, 0.22391030318495445]",,,,,
sub-04,MT,LO2,train,sub-10,linear_predictivity,100,80,0.09966463031897758,,"[100.0, 316.2277660168379, 100.0, 316.2277660168379, 100.0]",0.16852507743294592,0.9616302324028865,0.8312525924655274,0.8974268271781733
sub-04,MT,LO2,test,sub-10,linear_predictivity,100,80,0.2144280478800523,"[0.2251732548343477, 0.19565402139445204, 0.22637318609231466, 0.20138847764398998, 0.22355129943515717]",,,,,
sub-04,MT,LO3,train,sub-10,linear_predictivity,100,113,0.17555741960568663,,"[316.2277660168379, 316.2277660168379, 316.2277660168379, 316.2277660168379, 316.2277660168379]",0.222411483070221,0.9176551353580551,0.77736612076885,0.8205559764295243
sub-04,MT,LO3,test,sub-10,linear_predictivity,100,113,0.26507219780332814,"[0.26408750289428357, 0.2566869513736929, 0.27545679839827863, 0.2612363489045968, 0.2678933874457889]",,,,,
sub-04,MT,V7,train,sub-10,linear_predictivity,100,61,0.08060801155376464,,"[316.2277660168379, 100.0, 316.2277660168379, 316.2277660168379, 316.2277660168379]",0.14238118121328133,0.970212367259325,0.8573005316237442,0.9151690897737282
sub-04,MT,V7,test,sub-10,linear_predictivity,100,61,0.13795362527207186,"[0.12941468998583622, 0.14459680791492374, 0.14207968557433692, 0.13687833631494006, 0.13679860657032236]",,,,,
sub-04,MT,IP0,train,sub-10,linear_predictivity,100,103,0.0410493419058199,,"[316.2277660168379, 316.2277660168379, 316.2277660168379, 316.2277660168379, 316.2277660168379]",0.09677695743218864,0.9912103116773707,0.9029981826178293,0.9549519086805922
sub-04,MT,IP0,test,sub-10,linear_predictivity,100,103,0.10669428570547754,"[0.09794345154172894, 0.0930319950184927, 0.1198785403644508, 0.11284418648796274, 0.1097732551147526]",,,,,
sub-04,MT,IP1,train,sub-10,linear_predictivity,100,33,-0.0014406989456397068,,"[1000.0, 1000.0, 3162.277660168379, 3162.277660168379, 1000.0]",0.03213363918638611,1.013623430762779,0.9676474034994904,0.9982866547593361
sub-04,MT,IP1,test,sub-10,linear_predictivity,100,33,0.01756603922154624,"[0.01692409025904633, 0.015403778836675958, 0.016431066610927587, 0.021622589345417335, 0.017448671055664007]",,,,,
sub-04,MT,MIP,train,sub-10,linear_predictivity,100,178,0.006608974995429492,,"[1000.0, 316.2277660168379, 1000.0, 1000.0, 1000.0]",0.05185057331314089,1.0064092676815144,0.9476839564601617,0.9872691747017331
sub-04,MT,MIP,test,sub-10,linear_predictivity,100,178,0.022521211078915537,"[0.018118050886923188, 0.021044528796260835, 0.027591831040722832, 0.025094625093624673, 0.020757019577046145]",,,,,
sub-04,MT,VIP,train,sub-10,linear_predictivity,100,100,0.03128498993418457,,"[316.2277660168379, 316.2277660168379, 316.2277660168379, 316.2277660168379, 316.2277660168379]",0.09152608003212939,0.9923541706126816,0.9081945672273866,0.9642022442269222
sub-04,MT,VIP,test,sub-10,linear_predictivity,100,100,0.08739263013716811,"[0.08087616194016664, 0.09073697137986586, 0.09531843788800501, 0.07875183365633062, 0.0912797458214725]",,,,,
sub-04,MT,LIPd,train,sub-10,linear_predictivity,100,31,-0.0012811525597847093,,"[10000.0, 3162.277660168379, 3162.277660168379, 3162.277660168379, 1000.0]",0.023613487656893993,1.0124699487991742,0.976237236508714,0.9983249257608551
sub-04,MT,LIPd,test,sub-10,linear_predictivity,100,31,0.0204501164659167,"[0.012328001037187298, 0.015127604122327913, 0.021279502067362472, 0.0252410870142975, 0.028274388088408303]",,,,,
sub-04,MT,LIPv,train,sub-10,linear_predictivity,100,75,0.025440749846890435,,"[1000.0, 1000.0, 1000.0, 1000.0, 1000.0]",0.06265903918750954,0.9979959197538051,0.9371119136278823,0.9706853789704553
sub-04,MT,LIPv,test,sub-10,linear_predictivity,100,75,0.04465595146152941,"[0.03623773300892937, 0.037961732202325835, 0.05474611553404334, 0.0462323392149444, 0.04810183734740408]",,,,,
sub-04,MT,AIP,train,sub-10,linear_predictivity,100,409,0.011197438973358335,,"[1000.0, 1000.0, 1000.0, 1000.0, 1000.0]",0.05248987933168425,1.0040015316538178,0.94715365993282,0.9826154973132823
sub-04,MT,AIP,test,sub-10,linear_predictivity,100,409,0.026935287728588646,"[0.018349160405992604, 0.015858584986491408, 0.03194680805854168, 0.03863451270752338, 0.02988737248439416]",,,,,
sub-04,MT,7Pm,train,sub-10,linear_predictivity,100,21,0.010947567433188095,,"[3162.277660168379, 3162.277660168379, 3162.277660168379, 3162.277660168379, 1000.0]",0.0352291428233252,1.0086444046850673,0.9645976113441005,0.9856601549571137
sub-04,MT,7Pm,test,sub-10,linear_predictivity,100,21,0.026074032910483484,"[0.024598797797396692, 0.0193737192247788, 0.028057542245547795, 0.02773221024463454, 0.0306078950400596]",,,,,
sub-04,MT,7PL,train,sub-10,linear_predictivity,100,106,0.030378717698183358,,"[316.2277660168379, 316.2277660168379, 316.2277660168379, 316.2277660168379, 316.2277660168379]",0.08519759825435061,0.9970989802096314,0.9145866922289183,0.9660518549925733
sub-04,MT,7PL,test,sub-10,linear_predictivity,100,106,0.07751561459186415,"[0.07298318278259887, 0.07879477295470139, 0.0886842547054078, 0.0687731911216058, 0.0783426713950069]",,,,,
sub-04,MT,7PC,train,sub-10,linear_predictivity,100,224,0.03471886638538582,,"[316.2277660168379, 316.2277660168379, 316.2277660168379, 316.2277660168379, 316.2277660168379]",0.09788667437473837,0.9922542142974147,0.9017159252883522,0.9584072858881022
sub-04,MT,7PC,test,sub-10,linear_predictivity,100,224,0.09417608271389963,"[0.08188754382887677, 0.0958920489946125, 0.0990916482014416, 0.1010727372537217, 0.09293643529084558]",,,,,
sub-04,MT,7Am,train,sub-10,linear_predictivity,100,186,0.028103487073259478,,"[1000.0, 316.2277660168379, 1000.0, 1000.0, 1000.0]",0.06824281004318507,0.9963490306506595,0.9314759220023842,0.9669095396995923
sub-04,MT,7Am,test,sub-10,linear_predictivity,100,186,0.07876786426448232,"[0.07570345425695557, 0.09507193423655963, 0.07612114520118721, 0.07486227414170693, 0.07208051348600232]",,,,,
sub-04,MT,7AL,train,sub-10,linear_predictivity,100,158,0.019173543781283785,,"[1000.0, 316.2277660168379, 316.2277660168379, 316.2277660168379, 316.2277660168379]",0.0738379557749832,1.0020470633684133,0.925875546316657,0.9746242373857115
sub-04,MT,7AL,test,sub-10,linear_predictivity,100,158,0.050917791564962546,"[0.031729160464080364, 0.057161537992259336, 0.05567758233964341, 0.059800280494425026, 0.05022039653440455]",,,,,
sub-04,MT,VVC,train,sub-10,linear_predictivity,100,196,0.04175252130376198,,"[316.2277660168379, 316.2277660168379, 316.2277660168379, 316.2277660168379, 316.2277660168379]",0.09676490184977,0.9903306888970228,0.9029973331989656,0.9541165917197727
sub-04,MT,VVC,test,sub-10,linear_predictivity,100,196,0.094951684222451,"[0.094723976111678, 0.09257139890147538, 0.09929811418766753, 0.0964127494410358, 0.09175218247039826]",,,,,
sub-04,MT,VMV2,train,sub-10,linear_predictivity,100,94,0.08298051988466251,,"[316.2277660168379, 316.2277660168379, 316.2277660168379, 316.2277660168379, 316.2277660168379]",0.13642984667499744,0.9700345518724982,0.8633565577559826,0.9132966215480763
sub-04,MT,VMV2,test,sub-10,linear_predictivity,100,94,0.20215334795750675,"[0.20113875816422747, 0.19905616122228081, 0.20357967230615842, 0.20323983074880175, 0.20375231734606544]",,,,,
sub-04,MT,VMV3,train,sub-10,linear_predictivity,100,98,0.06038001429646406,,"[100.0, 100.0, 316.2277660168379, 316.2277660168379, 100.0]",0.13338101136224162,0.9795225905264804,0.8662616129480808,0.9350312696560608
sub-04,MT,VMV3,test,sub-10,linear_predictivity,100,98,0.10045046465638607,"[0.115742573863192, 0.10248505110956603, 0.10002443807530449, 0.07400866393118329, 0.10999159630268453]",,,,,
sub-04,MT,VMV1,train,sub-10,linear_predictivity,100,42,0.07606463051404314,,"[316.2277660168379, 316.2277660168379, 316.2277660168379, 316.2277660168379, 316.2277660168379]",0.1319498391874026,0.9701926135461344,0.8677251202485733,0.9182752193351472
sub-04,MT,VMV1,test,sub-10,linear_predictivity,100,42,0.22016167800857303,"[0.22333896523941368, 0.2212042762863618, 0.2217120933832471, 0.21623486340419062, 0.21831819172965194]",,,,,
sub-04,MT,PHA2,train,sub-10,linear_predictivity,100,21,0.0406679276673071,,"[316.2277660168379, 316.2277660168379, 316.2277660168379, 316.2277660168379, 316.2277660168379]",0.10544313204446783,0.9888490062750316,0.8942486895115426,0.9539483226550793
sub-04,MT,PHA2,test,sub-10,linear_predictivity,100,21,0.1763099180353876,"[0.16969872627059646, 0.18509647083866326, 0.1677958692328835, 0.18664959207977022, 0.17230893175502446]",,,,,
sub-04,MT,PHA3,train,sub-10,linear_predictivity,100,104,0.05545858019313487,,"[316.2277660168379, 316.2277660168379, 316.2277660168379, 316.2277660168379, 316.2277660168379]",0.11226440556298196,0.9844708960421963,0.8874864297717362,0.9404894432774554
sub-04,MT,PHA3,test,sub-10,linear_predictivity,100,104,0.1717604207983042,"[0.1736618185057626, 0.16562259918448172, 0.17601863504148346, 0.17378137606893962, 0.16971767519085365]",,,,,
sub-04,MT,PH,train,sub-10,linear_predictivity,100,261,0.07709872678293589,,"[316.2277660168379, 316.2277660168379, 316.2277660168379, 316.2277660168379, 316.2277660168379]",0.13050978155204968,0.974083299468344,0.8692771674976235,0.919194360258414
sub-04,MT,PH,test,sub-10,linear_predictivity,100,261,0.11697872633956774,"[0.11431884225659218, 0.11008478594407323, 0.1257571119831738, 0.12450772781255252, 0.11022516370144693]",,,,,
sub-04,FST,V1,train,sub-10,linear_predictivity,175,553,0.022763059616174443,,"[3162.277660168379, 3162.277660168379, 1000.0, 3162.277660168379, 3162.277660168379]",0.06857840125805433,1.0117897842956798,0.9312505127385714,0.9732837099690862
sub-04,FST,V1,test,sub-10,linear_predictivity,175,553,0.05948695788777556,"[0.05868607460440168, 0.05484936699482869, 0.07175661713139746, 0.056331327075210824, 0.055811403633039186]",,,,,
sub-04,FST,V2,train,sub-10,linear_predictivity,175,516,0.03209719024794013,,"[1000.0, 1000.0, 1000.0, 3162.277660168379, 1000.0]",0.09436613329451854,1.0055191386218045,0.9053956682245285,0.9632918889284847
sub-04,FST,V2,test,sub-10,linear_predictivity,175,516,0.06259712671388742,"[0.0655109170260152, 0.0640908951752142, 0.06660774934912185, 0.05192045687065808, 0.06485561514842783]",,,,,
sub-04,FST,V3,train,sub-10,linear_predictivity,175,400,0.042148756650553565,,"[1000.0, 1000.0, 1000.0, 1000.0, 1000.0]",0.1064227625417977,1.0007200759541142,0.8933794240177001,0.9543978860701285
sub-04,FST,V3,test,sub-10,linear_predictivity,175,400,0.08042678027982883,"[0.07934509513560856, 0.07796605823627496, 0.0821093518281279, 0.08225656244830183, 0.08045683375083099]",,,,,
sub-04,FST,V4,train,sub-10,linear_predictivity,175,574,0.08396767932806225,,"[1000.0, 1000.0, 1000.0, 1000.0, 1000.0]",0.144913869117098,0.9791165634205466,0.8548844080566127,0.9126550578819161
sub-04,FST,V4,test,sub-10,linear_predictivity,175,574,0.16732568569969314,"[0.16562916390324106, 0.16470786728008924, 0.169620785222411, 0.1706456711624048, 0.1660249409303195]",,,,,
sub-04,FST,V3A,train,sub-10,linear_predictivity,175,85,0.06732146622785043,,"[1000.0, 1000.0, 1000.0, 1000.0, 1000.0]",0.127479957620079,0.9905177221125184,0.8723425290165403,0.9294542030653397
sub-04,FST,V3A,test,sub-10,linear_predictivity,175,85,0.13370312107274854,"[0.13122922557507363, 0.1335409985246127, 0.13506388070309147, 0.1384127164361135, 0.1302687841248513]",,,,,
sub-04,FST,V3B,train,sub-10,linear_predictivity,175,99,0.10524550017401925,,"[1000.0, 1000.0, 1000.0, 1000.0, 1000.0]",0.1622321805152163,0.971467440346735,0.8375851793184097,0.891615337909841
sub-04,FST,V3B,test,sub-10,linear_predictivity,175,99,0.22357301278047387,"[0.22283666769530922, 0.2154649067649007, 0.22449746235684456, 0.22958988016623624, 0.22547614691907858]",,,,,
sub-04,FST,V6,train,sub-10,linear_predictivity,175,11,0.11816785921144518,,"[1000.0, 1000.0, 1000.0, 1000.0, 1000.0]",0.17156275168849275,0.9665750480200925,0.828274849459533,0.8789751383964364
sub-04,FST,V6,test,sub-10,linear_predictivity,175,11,0.2511261117524334,"[0.24575553482589096, 0.25157339475255974, 0.24586304590241584, 0.26166668226264433, 0.25077190101865626]",,,,,
sub-04,FST,V6A,train,sub-10,linear_predictivity,175,45,0.08324180293782764,,"[1000.0, 1000.0, 1000.0, 3162.277660168379, 1000.0]",0.14140553161221517,0.9800417576987211,0.8584161540208184,0.913396699388656
sub-04,FST,V6A,test,sub-10,linear_predictivity,175,45,0.1968219045584866,"[0.2036453299880878, 0.19826506876752426, 0.20646710460777484, 0.17895194813288715, 0.196780071296159]",,,,,
sub-04,FST,V7,train,sub-10,linear_predictivity,175,61,0.1634774038558211,,"[1000.0, 1000.0, 1000.0, 1000.0, 1000.0]",0.21746630784302975,0.9355929578934138,0.7823028718193579,0.8326825148864827
sub-04,FST,V7,test,sub-10,linear_predictivity,175,61,0.2547409940328039,"[0.25113628917617153, 0.2542429303006348, 0.2613801448152607, 0.25607500460599586, 0.25087060126595706]",,,,,
sub-04,FST,V8,train,sub-10,linear_predictivity,175,96,0.06494794069132455,,"[1000.0, 1000.0, 1000.0, 1000.0, 1000.0]",0.12577297617055178,0.9897517650959481,0.8739959650212205,0.9311544898012093
sub-04,FST,V8,test,sub-10,linear_predictivity,175,96,0.1330726249368619,"[0.13441928640785636, 0.12965400879867786, 0.13903257669747063, 0.1363326579785414, 0.12592459480176324]",,,,,
sub-04,FST,FFC,train,sub-10,linear_predictivity,175,244,0.11151922252508771,,"[1000.0, 1000.0, 1000.0, 1000.0, 1000.0]",0.1675020176660317,0.9660128017519252,0.8323453261044019,0.8860066024594113
sub-04,FST,FFC,test,sub-10,linear_predictivity,175,244,0.24506374103884704,"[0.24691324269532094, 0.24064219815160293, 0.24723459554663102, 0.24817210895326622, 0.24235655984741403]",,,,,
sub-04,FST,PIT,train,sub-10,linear_predictivity,175,100,0.09625386309923527,,"[1000.0, 1000.0, 1000.0, 1000.0, 1000.0]",0.15465371485907392,0.9714001409438986,0.8451697175672139,0.9009423629231004
sub-04,FST,PIT,test,sub-10,linear_predictivity,175,100,0.21811679192794847,"[0.22270881160438194, 0.21255647751445764, 0.21657477050555551, 0.21857936723767074, 0.22016453277767678]",,,,,
sub-04,FST,IPS1,train,sub-10,linear_predictivity,175,166,0.10043713673866593,,"[1000.0, 1000.0, 1000.0, 1000.0, 1000.0]",0.16027363397460367,0.9731373436773069,0.8394335422630771,0.8948097181848489
sub-04,FST,IPS1,test,sub-10,linear_predictivity,175,166,0.20150630502816275,"[0.20277819048494142, 0.1955608721903117, 0.21080448538643837, 0.201558844812084, 0.1968291322670382]",,,,,
sub-04,FST,MST,train,sub-10,linear_predictivity,175,135,0.2636196574065951,,"[316.2277660168379, 316.2277660168379, 316.2277660168379, 316.2277660168379, 316.2277660168379]",0.34251218604743855,0.874438150475673,0.6572868201018369,0.7329794064079083
sub-04,FST,MST,test,sub-10,linear_predictivity,175,135,0.4770338130409587,"[0.4706598550441176, 0.4789704817442357, 0.4792610952210763, 0.4790181573827962, 0.47725947581256783]",,,,,
sub-04,FST,MT,train,sub-10,linear_predictivity,175,86,0.23410327814865642,,"[316.2277660168379, 316.2277660168379, 316.2277660168379, 316.2277660168379, 316.2277660168379]",0.313584471867275,0.8947444075482089,0.6862343266624459,0.7627790253143469
sub-04,FST,MT,test,sub-10,linear_predictivity,175,86,0.4166247018467625,"[0.4160260445534087, 0.4164087770791159, 0.41663900736361575, 0.4212822192767782, 0.412767460960894]",,,,,
sub-04,FST,FST,train,sub-10,linear_predictivity,175,167,0.24265802162878233,,"[1000.0, 1000.0, 1000.0, 1000.0, 1000.0]",0.2957388086803638,0.8858550628104365,0.7038637497071214,0.7506470429843061
sub-04,FST,FST,test,sub-10,linear_predictivity,175,167,0.381537823957219,"[0.3796115445743064, 0.37995301401676884, 0.38028659021967437, 0.38424216079566714, 0.38359581017967825]",,,,,
sub-04,FST,LO1,train,sub-10,linear_predictivity,175,78,0.13488678135829713,,"[1000.0, 1000.0, 1000.0, 1000.0, 1000.0]",0.1899632563589214,0.9520761842758827,0.8098230067709343,0.861561209716595
sub-04,FST,LO1,test,sub-10,linear_predictivity,175,78,0.26967103816330135,"[0.2728798745262465, 0.2679284231963294, 0.2706048984384774, 0.2737419294429571, 0.26320006521249634]",,,,,
sub-04,FST,LO2,train,sub-10,linear_predictivity,175,80,0.13465502188445985,,"[1000.0, 1000.0, 1000.0, 1000.0, 1000.0]",0.1883892922892379,0.954237049409338,0.811449968079808,0.8628776795912009
sub-04,FST,LO2,test,sub-10,linear_predictivity,175,80,0.28059541979648533,"[0.28394099889639685, 0.2716298425318425, 0.27897006436745364, 0.2840120956546882, 0.2844240975320454]",,,,,
sub-04,FST,LO3,train,sub-10,linear_predictivity,175,113,0.1593421516353071,,"[316.2277660168379, 1000.0, 1000.0, 1000.0, 1000.0]",0.2203924170431652,0.9373281150261432,0.7792620073404367,0.8366979518747628
sub-04,FST,LO3,test,sub-10,linear_predictivity,175,113,0.2834605692874971,"[0.3064463767582317, 0.2739817937577206, 0.28264627817029797, 0.2801322168351524, 0.2740961809160827]",,,,,
sub-04,FST,V7,train,sub-10,linear_predictivity,175,61,0.1634774038558211,,"[1000.0, 1000.0, 1000.0, 1000.0, 1000.0]",0.21746630784302975,0.9355929578934138,0.7823028718193579,0.8326825148864827
sub-04,FST,V7,test,sub-10,linear_predictivity,175,61,0.2547409940328039,"[0.25113628917617153, 0.2542429303006348, 0.2613801448152607, 0.25607500460599586, 0.25087060126595706]",,,,,
sub-04,FST,IP0,train,sub-10,linear_predictivity,175,103,0.08496915524539363,,"[1000.0, 1000.0, 1000.0, 1000.0, 1000.0]",0.1422125700177713,0.9822719843589336,0.8575440977252562,0.9108704169874645
sub-04,FST,IP0,test,sub-10,linear_predictivity,175,103,0.17528966239173668,"[0.1817361171741177, 0.16421638860379928, 0.17854697636525413, 0.179852636187843, 0.17209619362766942]",,,,,
sub-04,FST,IP1,train,sub-10,linear_predictivity,175,33,0.02885702132881399,,"[3162.277660168379, 3162.277660168379, 3162.277660168379, 3162.277660168379, 3162.277660168379]",0.06367058380909542,1.0161346549647503,0.9361278768369008,0.9679417944500152
sub-04,FST,IP1,test,sub-10,linear_predictivity,175,33,0.07198218984007279,"[0.0764777970808345, 0.06780043232157593, 0.07160314315867844, 0.0706697000195525, 0.07335987661972254]",,,,,
sub-04,FST,MIP,train,sub-10,linear_predictivity,175,178,0.036883937555311115,,"[1000.0, 3162.277660168379, 1000.0, 3162.277660168379, 1000.0]",0.09402752022039547,1.0020994805320018,0.9056140852257663,0.9571011228753216
sub-04,FST,MIP,test,sub-10,linear_predictivity,175,178,0.06448310896880309,"[0.07609022355552128, 0.05542806177175923, 0.06541956931659443, 0.05911824274826693, 0.06635944745187362]",,,,,
sub-04,FST,VIP,train,sub-10,linear_predictivity,175,100,0.06767271861904778,,"[1000.0, 1000.0, 1000.0, 1000.0, 1000.0]",0.1298488777735789,0.9871852996518171,0.8698974457456708,0.9282560383433583
sub-04,FST,VIP,test,sub-10,linear_predictivity,175,100,0.13536022852566099,"[0.13935098072680033, 0.13468882394559237, 0.14482721726380904, 0.12949421099133773, 0.1284399097007654]",,,,,
sub-04,FST,LIPd,train,sub-10,linear_predictivity,175,31,0.0199576282171018,,"[3162.277660168379, 3162.277660168379, 3162.277660168379, 3162.277660168379, 3162.277660168379]",0.054608080914923786,1.0248668217458219,0.9452226585451147,0.977243727837332
sub-04,FST,LIPd,test,sub-10,linear_predictivity,175,31,0.05664703817939263,"[0.05747014449604977, 0.059511852496257116, 0.05613470426711837, 0.05578478782647193, 0.054333701811065976]",,,,,
sub-04,FST,LIPv,train,sub-10,linear_predictivity,175,75,0.05850038728653855,,"[1000.0, 1000.0, 1000.0, 1000.0, 1000.0]",0.12077065770618078,0.9951113167562651,0.8789811057969883,0.937122685398934
sub-04,FST,LIPv,test,sub-10,linear_predictivity,175,75,0.11916431853837661,"[0.11589319576652786, 0.11913714371848329, 0.12473910467129609, 0.11754987102618972, 0.1185022775093861]",,,,,
sub-04,FST,AIP,train,sub-10,linear_predictivity,175,409,0.06729793356361709,,"[1000.0, 1000.0, 1000.0, 1000.0, 1000.0]",0.13159080136235973,0.9893639042539693,0.8680095263307269,0.9253793907124941
sub-04,FST,AIP,test,sub-10,linear_predictivity,175,409,0.1401855398605473,"[0.1429284158344718, 0.14715671378322973, 0.13556627439584132, 0.138424698500225, 0.13685159678896866]",,,,,
sub-04,FST,7Pm,train,sub-10,linear_predictivity,175,21,0.02874910077068447,,"[3162.277660168379, 3162.277660168379, 3162.277660168379, 3162.277660168379, 3162.277660168379]",0.06347245239529967,1.0173922362057437,0.9363620102671033,0.9684542197057178
sub-04,FST,7Pm,test,sub-10,linear_predictivity,175,21,0.07655709194051682,"[0.07664281925335731, 0.0736027734085659, 0.07566405642117154, 0.08311316457154543, 0.07376264604794393]",,,,,
sub-04,FST,7PL,train,sub-10,linear_predictivity,175,106,0.05179857152356261,,"[1000.0, 1000.0, 1000.0, 1000.0, 1000.0]",0.11739634084248005,0.9958853099607141,0.8823890381383256,0.9446012995531227
sub-04,FST,7PL,test,sub-10,linear_predictivity,175,106,0.14176736931297748,"[0.1439128302177743, 0.1383362890275211, 0.1440891465758683, 0.14128432498481297, 0.1412142557589108]",,,,,
sub-04,FST,7PC,train,sub-10,linear_predictivity,175,224,0.09922233317527504,,"[1000.0, 1000.0, 1000.0, 1000.0, 1000.0]",0.1614571351647977,0.9706824973232759,0.8381361266761184,0.8937952270860636
sub-04,FST,7PC,test,sub-10,linear_predictivity,175,224,0.21030181666630604,"[0.21250783758172156, 0.2144602419293773, 0.20799239695173918, 0.20724400500397083, 0.20930460186472127]",,,,,
sub-04,FST,7Am,train,sub-10,linear_predictivity,175,186,0.04732607420377664,,"[1000.0, 1000.0, 1000.0, 3162.277660168379, 3162.277660168379]",0.10432592873976824,0.9958241106686033,0.8953166144917141,0.9473883163336516
sub-04,FST,7Am,test,sub-10,linear_predictivity,175,186,0.13822188409641847,"[0.15263156548309953, 0.15157187955805732, 0.14250473296294244, 0.12344577240445566, 0.12095547007353749]",,,,,
sub-04,FST,7AL,train,sub-10,linear_predictivity,175,158,0.06408906663639663,,"[3162.277660168379, 3162.277660168379, 3162.277660168379, 3162.277660168379, 3162.277660168379]",0.10218692887358842,0.9878099385684717,0.8974455112317112,0.9298999423433468
sub-04,FST,7AL,test,sub-10,linear_predictivity,175,158,0.12012947500158966,"[0.12312427553554083, 0.12193724582044135, 0.11832158048513378, 0.12138905540748665, 0.11587521775934558]",,,,,
sub-04,FST,VVC,train,sub-10,linear_predictivity,175,196,0.06862794667527676,,"[1000.0, 1000.0, 1000.0, 1000.0, 1000.0]",0.12929013171275366,0.9898530999069859,0.8704574857302466,0.9270719472849616
sub-04,FST,VVC,test,sub-10,linear_predictivity,175,196,0.1646107380471274,"[0.16358941227646703, 0.16537017750354602, 0.1654299859478663, 0.16755614089798448, 0.16110797360977325]",,,,,
sub-04,FST,VMV2,train,sub-10,linear_predictivity,175,94,0.08069207874564531,,"[1000.0, 1000.0, 1000.0, 1000.0, 1000.0]",0.1434508837810342,0.9789710935958749,0.8563118237344313,0.9152874824722037
sub-04,FST,VMV2,test,sub-10,linear_predictivity,175,94,0.2046929758025434,"[0.20401544234789884, 0.19395973957422435, 0.20940336409200694, 0.21569873377716087, 0.20038759922142607]",,,,,
sub-04,FST,VMV3,train,sub-10,linear_predictivity,175,98,0.09249833946611707,,"[1000.0, 1000.0, 1000.0, 1000.0, 1000.0]",0.1554497646371245,0.971625535262725,0.8442820836120768,0.9027753392498503
sub-04,FST,VMV3,test,sub-10,linear_predictivity,175,98,0.17256065385374403,"[0.17738339637575642, 0.16847178435474058, 0.17440723055199991, 0.17662402301949395, 0.16591683496672913]",,,,,
sub-04,FST,VMV1,train,sub-10,linear_predictivity,175,42,0.06816062829721077,,"[1000.0, 1000.0, 1000.0, 1000.0, 1000.0]",0.12982038774967988,0.9885844625297885,0.8698380357402249,0.9260258270591388
sub-04,FST,VMV1,test,sub-10,linear_predictivity,175,42,0.15910626126697494,"[0.15802605212512696, 0.1550474111885704, 0.16400176523525925, 0.16581609961266258, 0.15263997817325556]",,,,,
sub-04,FST,PHA2,train,sub-10,linear_predictivity,175,21,0.04482981929052593,,"[1000.0, 1000.0, 1000.0, 1000.0, 1000.0]",0.11452756605718103,0.9994423450000534,0.8852017415333069,0.9501745486453075
sub-04,FST,PHA2,test,sub-10,linear_predictivity,175,21,0.1886217719280358,"[0.1804753945635246, 0.1853161646138341, 0.19001430082078913, 0.20734488801753642, 0.17995811162449477]",,,,,
sub-04,FST,PHA3,train,sub-10,linear_predictivity,175,104,0.06227820388358896,,"[1000.0, 1000.0, 1000.0, 1000.0, 1000.0]",0.1257342461202979,0.9929462325096077,0.8740351365336153,0.9339544342890111
sub-04,FST,PHA3,test,sub-10,linear_predictivity,175,104,0.19365988956671154,"[0.19328460454743962, 0.18222903917308028, 0.19518812104832362, 0.20296517899533395, 0.19463250406938024]",,,,,
sub-04,FST,PH,train,sub-10,linear_predictivity,175,261,0.13687236155391147,,"[1000.0, 1000.0, 1000.0, 1000.0, 1000.0]",0.19210991799116242,0.9517764323068281,0.8076722937805672,0.8594080197068692
sub-04,FST,PH,test,sub-10,linear_predictivity,175,261,0.23495893212256497,"[0.2356261589496348, 0.23381530451850235, 0.23509074286481813, 0.2372613829285251, 0.23300107135134437]",,,,,
sub-04,LO1,V1,train,sub-10,linear_predictivity,80,553,0.04393590283077949,,"[316.2277660168379, 316.2277660168379, 316.2277660168379, 316.2277660168379, 316.2277660168379]",0.10120114403769909,0.9846996511249666,0.8985672325366689,0.9519085459497598
sub-04,LO1,V1,test,sub-10,linear_predictivity,80,553,0.08658947864969475,"[0.09130778430194507, 0.08143479909844356, 0.09243770993480033, 0.08500524823746525, 0.08276185167581958]",,,,,
sub-04,LO1,V2,train,sub-10,linear_predictivity,80,516,0.048936134830784,,"[316.2277660168379, 316.2277660168379, 316.2277660168379, 316.2277660168379, 316.2277660168379]",0.10559694775465574,0.9827038003514179,0.8941464104812198,0.9465416413698942
sub-04,LO1,V2,test,sub-10,linear_predictivity,80,516,0.08400154406689467,"[0.08535593377506978, 0.0798328141697564, 0.09050040024755401, 0.08302218968488015, 0.081296382457213]",,,,,
sub-04,LO1,V3,train,sub-10,linear_predictivity,80,400,0.0813845917137416,,"[316.2277660168379, 316.2277660168379, 316.2277660168379, 316.2277660168379, 316.2277660168379]",0.13520741402819242,0.9665839650357659,0.8645704931562795,0.9149107419185658
sub-04,LO1,V3,test,sub-10,linear_predictivity,80,400,0.13536295779612867,"[0.13181536587974346, 0.13548545252226932, 0.13995621422698604, 0.13469428665863414, 0.13486346969301036]",,,,,
sub-04,LO1,V4,train,sub-10,linear_predictivity,80,574,0.09464426340550379,,"[316.2277660168379, 316.2277660168379, 316.2277660168379, 316.2277660168379, 316.2277660168379]",0.1473425605321801,0.9619142577106239,0.8524421481419034,0.9017518473774204
sub-04,LO1,V4,test,sub-10,linear_predictivity,80,574,0.14051545416050443,"[0.13666658440652535, 0.13626493958838465, 0.14303794462146366, 0.1430967417839645, 0.14351106040218395]",,,,,
sub-04,LO1,V3A,train,sub-10,linear_predictivity,80,85,0.06768922994672283,,"[316.2277660168379, 316.2277660168379, 316.2277660168379, 316.2277660168379, 316.2277660168379]",0.11848569613697957,0.976031974876063,0.881304190112837,0.9286646281898815
sub-04,LO1,V3A,test,sub-10,linear_predictivity,80,85,0.09077673346863888,"[0.09430915878446439, 0.08274147447769213, 0.08731876844239739, 0.0992671028787465, 0.09024716275989399]",,,,,
sub-04,LO1,V3B,train,sub-10,linear_predictivity,80,99,0.07872983042762671,,"[100.0, 100.0, 316.2277660168379, 316.2277660168379, 100.0]",0.14351594056668887,0.9722780786548004,0.8563089128916367,0.9181329506498285
sub-04,LO1,V3B,test,sub-10,linear_predictivity,80,99,0.1344550638365271,"[0.14812956499195848, 0.11992141638562963, 0.12270357222016347, 0.13868719891030365, 0.14283356667458041]",,,,,
sub-04,LO1,V6,train,sub-10,linear_predictivity,80,11,0.040279575818107455,,"[316.2277660168379, 316.2277660168379, 316.2277660168379, 316.2277660168379, 316.2277660168379]",0.09188998694142303,0.9919091348177694,0.9079120737597377,0.9565383979405837
sub-04,LO1,V6,test,sub-10,linear_predictivity,80,11,0.13455578385519257,"[0.1352574655304129, 0.13183038970640035, 0.13095686310841118, 0.14546733723332478, 0.12926686369741366]",,,,,
sub-04,LO1,V6A,train,sub-10,linear_predictivity,80,45,0.07140544762340519,,"[316.2277660168379, 316.2277660168379, 316.2277660168379, 316.2277660168379, 316.2277660168379]",0.11944641225706824,0.9773726438515906,0.8803392311397469,0.9250335456902903
sub-04,LO1,V6A,test,sub-10,linear_predictivity,80,45,0.09483003274616936,"[0.09705443332361711, 0.08478408978311468, 0.09606744605267935, 0.10121891262570289, 0.0950252819457328]",,,,,
sub-04,LO1,V7,train,sub-10,linear_predictivity,80,61,0.11706256309882783,,"[316.2277660168379, 100.0, 316.2277660168379, 100.0, 100.0]",0.18097965597576357,0.9538472873347663,0.8187722379862938,0.8791590755062882
sub-04,LO1,V7,test,sub-10,linear_predictivity,80,61,0.14990973249285766,"[0.14548117433173244, 0.14536355398745046, 0.13885166219092865, 0.1707774074845868, 0.14907486446958992]",,,,,
sub-04,LO1,V8,train,sub-10,linear_predictivity,80,96,0.07212496231819959,,"[316.2277660168379, 316.2277660168379, 316.2277660168379, 316.2277660168379, 316.2277660168379]",0.12401792248229422,0.9764545405200025,0.8757811468741737,0.9244621830579586
sub-04,LO1,V8,test,sub-10,linear_predictivity,80,96,0.09132277781766375,"[0.08769971871483317, 0.0885195831038272, 0.10009407671970949, 0.08727596176227259, 0.0930245487876763]",,,,,
sub-04,LO1,FFC,train,sub-10,linear_predictivity,80,244,0.11414270724492828,,"[316.2277660168379, 316.2277660168379, 316.2277660168379, 316.2277660168379, 316.2277660168379]",0.16291474881112644,0.952185353477533,0.8369213553844157,0.8831380409781137
sub-04,LO1,FFC,test,sub-10,linear_predictivity,80,244,0.21700393479027072,"[0.21783914921893385, 0.21593068782316405, 0.2176979769637823, 0.21140910193791623, 0.22214275800755706]",,,,,
sub-04,LO1,PIT,train,sub-10,linear_predictivity,80,100,0.12269680523998139,,"[316.2277660168379, 316.2277660168379, 316.2277660168379, 316.2277660168379, 316.2277660168379]",0.1741994353971621,0.9446939348888062,0.8256395475360765,0.874574660765919
sub-04,LO1,PIT,test,sub-10,linear_predictivity,80,100,0.20699929172452708,"[0.2059214685678905, 0.20758863616028375, 0.2072492695166025, 0.2026664885117776, 0.21157059586608107]",,,,,
sub-04,LO1,IPS1,train,sub-10,linear_predictivity,80,166,0.06320021721661373,,"[316.2277660168379, 316.2277660168379, 316.2277660168379, 316.2277660168379, 100.0]",0.12318172183120395,0.9794028497362814,0.8765458522008442,0.932779207506532
sub-04,LO1,IPS1,test,sub-10,linear_predictivity,80,166,0.15675674718492488,"[0.16391714621560766, 0.14804798899575763, 0.15456576822029722, 0.15699244136214796, 0.1602603911308139]",,,,,
sub-04,LO1,MST,train,sub-10,linear_predictivity,80,135,0.18924205082305723,,"[100.0, 100.0, 100.0, 100.0, 100.0]",0.2549216699909777,0.9180495337924575,0.7447839823509534,0.8057146804278561
sub-04,LO1,MST,test,sub-10,linear_predictivity,80,135,0.3100518404858339,"[0.30730707997245893, 0.3114584498918413, 0.3003074468561873, 0.31685702141214744, 0.3143292042965347]",,,,,
sub-04,LO1,MT,train,sub-10,linear_predictivity,80,86,0.21138444594034067,,"[100.0, 100.0, 100.0, 100.0, 100.0]",0.2759467933096982,0.9047234650969838,0.7238530630072114,0.7853503873416
sub-04,LO1,MT,test,sub-10,linear_predictivity,80,86,0.3183928627523405,"[0.31754642762840574, 0.3141707913564354, 0.31871422783684317, 0.3199413022199325, 0.32159156472008577]",,,,,
sub-04,LO1,FST,train,sub-10,linear_predictivity,80,167,0.19490579110244532,,"[100.0, 100.0, 100.0, 100.0, 100.0]",0.26387754575476585,0.9165067688125081,0.7356984953227439,0.7978293207116346
sub-04,LO1,FST,test,sub-10,linear_predictivity,80,167,0.24972846715887004,"[0.251273664574379, 0.24888499765538483, 0.2387222417354337, 0.253601000596479, 0.2561604312326738]",,,,,
sub-04,LO1,LO1,train,sub-10,linear_predictivity,80,78,0.1548979156869209,,"[316.2277660168379, 100.0, 100.0, 100.0, 316.2277660168379]",0.21994625963285283,0.9273034511977553,0.7798105438783066,0.8405990133780501
sub-04,LO1,LO1,test,sub-10,linear_predictivity,80,78,0.26860150479376926,"[0.26861197081192006, 0.26642425747942394, 0.27126298939655, 0.2748768874923964, 0.261831418788556]",,,,,
sub-04,LO1,LO2,train,sub-10,linear_predictivity,80,80,0.1740678808953421,,"[316.2277660168379, 316.2277660168379, 316.2277660168379, 316.2277660168379, 316.2277660168379]",0.21933548380365306,0.9233694164163948,0.7804966701604608,0.82332419881172
sub-04,LO1,LO2,test,sub-10,linear_predictivity,80,80,0.29103462778072264,"[0.29252345915767547, 0.2877928673329445, 0.2904785996847187, 0.28592108101911234, 0.29845713170916255]",,,,,
sub-04,LO1,LO3,train,sub-10,linear_predictivity,80,113,0.17153019856792304,,"[100.0, 316.2277660168379, 100.0, 316.2277660168379, 316.2277660168379]",0.22898603287844402,0.9217490435406882,0.7708133249919514,0.8244257395502295
sub-04,LO1,LO3,test,sub-10,linear_predictivity,80,113,0.2450327696048386,"[0.2552877815193693, 0.22799988458329373, 0.26281631302208963, 0.23784387731244502, 0.24121599158699544]",,,,,
sub-04,LO1,V7,train,sub-10,linear_predictivity,80,61,0.11706256309882783,,"[316.2277660168379, 100.0, 316.2277660168379, 100.0, 100.0]",0.18097965597576357,0.9538472873347663,0.8187722379862938,0.8791590755062882
sub-04,LO1,V7,test,sub-10,linear_predictivity,80,61,0.14990973249285766,"[0.14548117433173244, 0.14536355398745046, 0.13885166219092865, 0.1707774074845868, 0.14907486446958992]",,,,,
sub-04,LO1,IP0,train,sub-10,linear_predictivity,80,103,0.05665033891977904,,"[316.2277660168379, 316.2277660168379, 316.2277660168379, 316.2277660168379, 100.0]",0.1181906901624954,0.9810281707409703,0.881502883872208,0.938882401447137
sub-04,LO1,IP0,test,sub-10,linear_predictivity,80,103,0.12780113459118742,"[0.13565296256398593, 0.11162933334977268, 0.1263999917249439, 0.1292791236963139, 0.13604426162092073]",,,,,
sub-04,LO1,IP1,train,sub-10,linear_predictivity,80,33,0.008030664319979194,,"[1000.0, 1000.0, 1000.0, 1000.0, 316.2277660168379]",0.04860150107307457,1.0057805824539614,0.9512650424750888,0.989379287811666
sub-04,LO1,IP1,test,sub-10,linear_predictivity,80,33,0.05517632674997125,"[0.05686631900712808, 0.05035994062751698, 0.05355389132240966, 0.05369511366378491, 0.06140636912901663]",,,,,
sub-04,LO1,MIP,train,sub-10,linear_predictivity,80,178,0.019709004497950818,,"[316.2277660168379, 316.2277660168379, 316.2277660168379, 316.2277660168379, 316.2277660168379]",0.08024079818310752,0.9978794779091482,0.9194371016251633,0.9746304725430844
sub-04,LO1,MIP,test,sub-10,linear_predictivity,80,178,0.057720399973667125,"[0.054550207729022936, 0.060936017630347346, 0.058599759353925605, 0.06621835882842463, 0.0482976563266151]",,,,,
sub-04,LO1,VIP,train,sub-10,linear_predictivity,80,100,0.038930119322580385,,"[316.2277660168379, 316.2277660168379, 316.2277660168379, 316.2277660168379, 316.2277660168379]",0.09301143090512506,0.9922967247652454,0.9067608392689059,0.9572620280274518
sub-04,LO1,VIP,test,sub-10,linear_predictivity,80,100,0.092146843821105,"[0.1011562370362928, 0.09338917881624713, 0.10060949994876939, 0.08567383885296005, 0.07990546445125561]",,,,,
sub-04,LO1,LIPd,train,sub-10,linear_predictivity,80,31,0.007714378908520911,,"[1000.0, 1000.0, 1000.0, 1000.0, 1000.0]",0.043930939963566354,1.0073711543931716,0.9558953292140042,0.9893319139078836
sub-04,LO1,LIPd,test,sub-10,linear_predictivity,80,31,0.021000234748533964,"[0.020019946543930703, 0.016656849466128238, 0.023798251833328114, 0.023211083879128746, 0.02131504202015402]",,,,,
sub-04,LO1,LIPv,train,sub-10,linear_predictivity,80,75,0.031786299051631266,,"[316.2277660168379, 316.2277660168379, 316.2277660168379, 316.2277660168379, 316.2277660168379]",0.08709431400342804,0.994667088876912,0.9126916928745331,0.964515982639029
sub-04,LO1,LIPv,test,sub-10,linear_predictivity,80,75,0.065631917503685,"[0.06623751099331604, 0.060529928217275285, 0.07024455759048377, 0.06874011050186614, 0.0624074802154837]",,,,,
sub-04,LO1,AIP,train,sub-10,linear_predictivity,80,409,0.028298489850197537,,"[316.2277660168379, 316.2277660168379, 316.2277660168379, 316.2277660168379, 316.2277660168379]",0.09485902001510013,0.9917681658264899,0.9047154362577299,0.964240320845383
sub-04,LO1,AIP,test,sub-10,linear_predictivity,80,409,0.093631130465339,"[0.08861105595461351, 0.09906029605761575, 0.09580503979893115, 0.08916230956477228, 0.09551695095076226]",,,,,
sub-04,LO1,7Pm,train,sub-10,linear_predictivity,80,21,0.015393673066867956,,"[1000.0, 1000.0, 1000.0, 1000.0, 1000.0]",0.0511949061559161,1.0024298623369323,0.9485734059688221,0.9809515615797715
sub-04,LO1,7Pm,test,sub-10,linear_predictivity,80,21,0.038321656937237644,"[0.042087079695177505, 0.03676139151673992, 0.04237447374941904, 0.03777842517081761, 0.03260691455403417]",,,,,
sub-04,LO1,7PL,train,sub-10,linear_predictivity,80,106,0.030984274435759376,,"[316.2277660168379, 316.2277660168379, 316.2277660168379, 316.2277660168379, 316.2277660168379]",0.08767728376842601,0.9941596186821753,0.9121136499858901,0.9655648305075285
sub-04,LO1,7PL,test,sub-10,linear_predictivity,80,106,0.08342448655816893,"[0.08963953866620317, 0.08865043091652622, 0.08271118804368205, 0.08401828933519832, 0.07210298582923493]",,,,,
sub-04,LO1,7PC,train,sub-10,linear_predictivity,80,224,0.06193865840872669,,"[316.2277660168379, 316.2277660168379, 316.2277660168379, 316.2277660168379, 316.2277660168379]",0.12195469542094113,0.9774090305049178,0.8776354712614897,0.9309690994050047
sub-04,LO1,7PC,test,sub-10,linear_predictivity,80,224,0.13417701794073783,"[0.12216615264302917, 0.13664230639794456, 0.13579409487377656, 0.13979063999150573, 0.1364918957974331]",,,,,
sub-04,LO1,7Am,train,sub-10,linear_predictivity,80,186,0.018734139297651973,,"[316.2277660168379, 316.2277660168379, 1000.0, 316.2277660168379, 316.2277660168379]",0.07333670898859981,0.9987473945805256,0.9262682172679046,0.9760540876780295
sub-04,LO1,7Am,test,sub-10,linear_predictivity,80,186,0.059505264781789115,"[0.06475838144520979, 0.06947428376381828, 0.045800364332992415, 0.0627513781407491, 0.054741916226175955]",,,,,
sub-04,LO1,7AL,train,sub-10,linear_predictivity,80,158,0.030814896320460902,,"[1000.0, 316.2277660168379, 316.2277660168379, 316.2277660168379, 316.2277660168379]",0.08564043977099098,0.9928461629730239,0.9140884520499114,0.9634079541086138
sub-04,LO1,7AL,test,sub-10,linear_predictivity,80,158,0.060830268878523996,"[0.04941115115955109, 0.07405290789573882, 0.063899931498622, 0.058781099748074654, 0.058006254090633425]",,,,,
sub-04,LO1,VVC,train,sub-10,linear_predictivity,80,196,0.061687043283694246,,"[316.2277660168379, 316.2277660168379, 316.2277660168379, 316.2277660168379, 316.2277660168379]",0.11424366705532978,0.9810278593904599,0.8854762225430264,0.9336856408224337
sub-04,LO1,VVC,test,sub-10,linear_predictivity,80,196,0.10576614848336079,"[0.10875108087220284, 0.10160698056693995, 0.10830463526840242, 0.10342809100027975, 0.10673995470897897]",,,,,
sub-04,LO1,VMV2,train,sub-10,linear_predictivity,80,94,0.056636423372995015,,"[316.2277660168379, 316.2277660168379, 316.2277660168379, 316.2277660168379, 316.2277660168379]",0.11476726507293622,0.979502575533186,0.8849496568987691,0.9385550587246376
sub-04,LO1,VMV2,test,sub-10,linear_predictivity,80,94,0.14466393954645013,"[0.1457231764460701, 0.13295948787239079, 0.14735070327906627, 0.15488641689256766, 0.14239991324215587]",,,,,
sub-04,LO1,VMV3,train,sub-10,linear_predictivity,80,98,0.07166569311363455,,"[316.2277660168379, 316.2277660168379, 316.2277660168379, 316.2277660168379, 316.2277660168379]",0.12584627741932566,0.9745999787456471,0.8738701767461217,0.9234154418466914
sub-04,LO1,VMV3,test,sub-10,linear_predictivity,80,98,0.07453475349995281,"[0.07637784631331304, 0.061062188563759216, 0.08272860331864729, 0.08112628635608933, 0.07137884294795517]",,,,,
sub-04,LO1,VMV1,train,sub-10,linear_predictivity,80,42,0.051589802269411136,,"[316.2277660168379, 316.2277660168379, 316.2277660168379, 316.2277660168379, 316.2277660168379]",0.10863013144968833,0.9823336546388338,0.891041302451159,0.9427579229039607
sub-04,LO1,VMV1,test,sub-10,linear_predictivity,80,42,0.13575980555714778,"[0.13822118622412138, 0.1349970384226715, 0.1404917791582324, 0.1332600611832703, 0.13182896279744324]",,,,,
sub-04,LO1,PHA2,train,sub-10,linear_predictivity,80,21,0.026783823253899528,,"[1000.0, 1000.0, 1000.0, 1000.0, 1000.0]",0.06953160765519473,0.9923042014827889,0.930134697045365,0.9675171285421443
sub-04,LO1,PHA2,test,sub-10,linear_predictivity,80,21,0.1336544948959882,"[0.13221261201760184, 0.12122876858834974, 0.12532160001939482, 0.14851257079845195, 0.1409969230561427]",,,,,
sub-04,LO1,PHA3,train,sub-10,linear_predictivity,80,104,0.04417917257050838,,"[316.2277660168379, 316.2277660168379, 316.2277660168379, 316.2277660168379, 316.2277660168379]",0.10360678064870474,0.9847560283498551,0.8960765538417392,0.9505549169259782
sub-04,LO1,PHA3,test,sub-10,linear_predictivity,80,104,0.15787687180599136,"[0.16654643892977378, 0.14354057931401873, 0.15024796970285742, 0.16763624477130643, 0.16141312631200058]",,,,,
sub-04,LO1,PH,train,sub-10,linear_predictivity,80,261,0.12202901447149145,,"[316.2277660168379, 316.2277660168379, 316.2277660168379, 316.2277660168379, 100.0]",0.17775890491205043,0.9491070711619694,0.8220126719973363,0.8741792589487092
sub-04,LO1,PH,test,sub-10,linear_predictivity,80,261,0.16499927841616865,"[0.1679316883425188, 0.16175367481773245, 0.1595747594714335, 0.1613266836045618, 0.17440958584459676]",,,,,
sub-04,LO2,V1,train,sub-10,linear_predictivity,83,553,0.039674240751667963,,"[316.2277660168379, 316.2277660168379, 316.2277660168379, 316.2277660168379, 316.2277660168379]",0.10158923546186797,0.9885476725764318,0.8981834474339289,0.9562012007604833
sub-04,LO2,V1,test,sub-10,linear_predictivity,83,553,0.07389592375339714,"[0.0818922126722264, 0.07078173087212003, 0.08065883579110272, 0.0674367629342683, 0.06871007649726824]",,,,,
sub-04,LO2,V2,train,sub-10,linear_predictivity,83,516,0.04148550310917504,,"[316.2277660168379, 316.2277660168379, 316.2277660168379, 316.2277660168379, 316.2277660168379]",0.10454060271463746,0.9866849391052652,0.8952101320552869,0.95407647602516
sub-04,LO2,V2,test,sub-10,linear_predictivity,83,516,0.07563983878474526,"[0.08382196073930312, 0.07490381875599594, 0.08121047466007801, 0.06859743799403355, 0.06966550177431569]",,,,,
sub-04,LO2,V3,train,sub-10,linear_predictivity,83,400,0.07094910456003133,,"[316.2277660168379, 316.2277660168379, 316.2277660168379, 316.2277660168379, 316.2277660168379]",0.1304042861734383,0.9725648796698113,0.8693923384634475,0.9255124256146535
sub-04,LO2,V3,test,sub-10,linear_predictivity,83,400,0.11120350542118054,"[0.11334669999720959, 0.11403994706494608, 0.11439159545611818, 0.10622893703067948, 0.10801034755694942]",,,,,
sub-04,LO2,V4,train,sub-10,linear_predictivity,83,574,0.09577819162771761,,"[316.2277660168379, 316.2277660168379, 316.2277660168379, 316.2277660168379, 316.2277660168379]",0.15333000802691826,0.961946600146683,0.846477651866439,0.9009367270145567
sub-04,LO2,V4,test,sub-10,linear_predictivity,83,574,0.16926421664751365,"[0.1688297625530655, 0.1700253103043014, 0.17230273229191248, 0.1661336429508496, 0.16902963513743924]",,,,,
sub-04,LO2,V3A,train,sub-10,linear_predictivity,83,85,0.052128872805602175,,"[316.2277660168379, 316.2277660168379, 316.2277660168379, 1000.0, 316.2277660168379]",0.10578199013450892,0.9846077176822574,0.8940192031506029,0.9444505308095099
sub-04,LO2,V3A,test,sub-10,linear_predictivity,83,85,0.08702990820061758,"[0.08641263726355287, 0.09096311793409571, 0.09170476390866539, 0.07570999167544541, 0.09035903022132853]",,,,,
sub-04,LO2,V3B,train,sub-10,linear_predictivity,83,99,0.10366913888518016,,"[316.2277660168379, 316.2277660168379, 316.2277660168379, 316.2277660168379, 316.2277660168379]",0.15599786790468403,0.9623721996484835,0.8438108932925126,0.8931473234810323
sub-04,LO2,V3B,test,sub-10,linear_predictivity,83,99,0.1801268798259911,"[0.17840284250896501, 0.17810311324566264, 0.17691201346858895, 0.1858577731538916, 0.18135865675284726]",,,,,
sub-04,LO2,V6,train,sub-10,linear_predictivity,83,11,0.03530620085465929,,"[316.2277660168379, 1000.0, 316.2277660168379, 316.2277660168379, 316.2277660168379]",0.08737267219135318,0.9933524808021297,0.912470947075489,0.9616280085666947
sub-04,LO2,V6,test,sub-10,linear_predictivity,83,11,0.10263834062990004,"[0.09984431465215012, 0.09256022776426001, 0.09985283746664662, 0.11647845639414284, 0.10445586687230059]",,,,,
sub-04,LO2,V6A,train,sub-10,linear_predictivity,83,45,0.070331868382663,,"[316.2277660168379, 316.2277660168379, 316.2277660168379, 1000.0, 1000.0]",0.12158407015398782,0.9769534884188559,0.8781766100711126,0.9265604227124389
sub-04,LO2,V6A,test,sub-10,linear_predictivity,83,45,0.1390250332079704,"[0.1407781038196353, 0.140908251447606, 0.1425122916611978, 0.13775589664647547, 0.13317062246493755]",,,,,
sub-04,LO2,V7,train,sub-10,linear_predictivity,83,61,0.1358540730421129,,"[316.2277660168379, 316.2277660168379, 316.2277660168379, 316.2277660168379, 316.2277660168379]",0.18962623548956775,0.9474188354238876,0.8101912090170542,0.8611542367831886
sub-04,LO2,V7,test,sub-10,linear_predictivity,83,61,0.20423161177141055,"[0.2030860490895497, 0.20386817529939047, 0.20429582655602577, 0.20851129911524327, 0.20139670879684368]",,,,,
sub-04,LO2,V8,train,sub-10,linear_predictivity,83,96,0.05398926095145098,,"[1000.0, 316.2277660168379, 316.2277660168379, 1000.0, 316.2277660168379]",0.10326131654681081,0.9837732288084535,0.8965671723645746,0.9422658337221202
sub-04,LO2,V8,test,sub-10,linear_predictivity,83,96,0.10167126211054112,"[0.08674508471496882, 0.1158747876487506, 0.11955128905552043, 0.08024669355767487, 0.10593845557579085]",,,,,
sub-04,LO2,FFC,train,sub-10,linear_predictivity,83,244,0.1308477292417524,,"[316.2277660168379, 316.2277660168379, 316.2277660168379, 316.2277660168379, 316.2277660168379]",0.18333301836483903,0.9465104729996645,0.8165113119136563,0.8664944787019848
sub-04,LO2,FFC,test,sub-10,linear_predictivity,83,244,0.2553356474341488,"[0.25580302731124666, 0.26198057734375735, 0.25394680834432076, 0.24858102283289132, 0.2563668013385281]",,,,,
sub-04,LO2,PIT,train,sub-10,linear_predictivity,83,100,0.13752040954986608,,"[316.2277660168379, 316.2277660168379, 316.2277660168379, 316.2277660168379, 316.2277660168379]",0.1910955447761931,0.9409119017691483,0.8087493422656502,0.8596682201074884
sub-04,LO2,PIT,test,sub-10,linear_predictivity,83,100,0.24586230886962462,"[0.24278826786595858, 0.24708830256824893, 0.24772232348794135, 0.24125818362319368, 0.2504544668027806]",,,,,
sub-04,LO2,IPS1,train,sub-10,linear_predictivity,83,166,0.06633558830822704,,"[1000.0, 1000.0, 1000.0, 1000.0, 316.2277660168379]",0.10720348785234468,0.9800144383405426,0.8925263845870284,0.9297631708864819
sub-04,LO2,IPS1,test,sub-10,linear_predictivity,83,166,0.18148923406689893,"[0.17941714450047033, 0.17381733925085371, 0.18161669679826523, 0.18242960839288067, 0.19016538139202463]",,,,,
sub-04,LO2,MST,train,sub-10,linear_predictivity,83,135,0.1931800055109675,,"[100.0, 100.0, 100.0, 100.0, 100.0]",0.26570768448899434,0.9173514703939707,0.7340815448094519,0.8031103394442797
sub-04,LO2,MST,test,sub-10,linear_predictivity,83,135,0.33581684179799176,"[0.3391270740096764, 0.3419291292869891, 0.3301423460713216, 0.33851661720528736, 0.3293690424166843]",,,,,
sub-04,LO2,MT,train,sub-10,linear_predictivity,83,86,0.1837997344747316,,"[316.2277660168379, 100.0, 100.0, 100.0, 100.0]",0.2532813894953176,0.9172433951066834,0.7465399940029251,0.81343426808583
sub-04,LO2,MT,test,sub-10,linear_predictivity,83,86,0.29610031456226743,"[0.2923997481289489, 0.2991628638985011, 0.3006536253500526, 0.29177971708928546, 0.2965056183445492]",,,,,
sub-04,LO2,FST,train,sub-10,linear_predictivity,83,167,0.21061403724759883,,"[316.2277660168379, 316.2277660168379, 100.0, 316.2277660168379, 316.2277660168379]",0.2643020161818775,0.9131065569498288,0.7354351363711084,0.7833183565662978
sub-04,LO2,FST,test,sub-10,linear_predictivity,83,167,0.3083468399662568,"[0.3053505692980424, 0.31073714257393276, 0.3069806555767295, 0.30675748668830005, 0.3119083456942793]",,,,,
sub-04,LO2,LO1,train,sub-10,linear_predictivity,83,78,0.1702996976896524,,"[316.2277660168379, 316.2277660168379, 316.2277660168379, 316.2277660168379, 316.2277660168379]",0.221169104796338,0.92464826336825,0.7786104727719656,0.826097880209072
sub-04,LO2,LO1,test,sub-10,linear_predictivity,83,78,0.3327289023805487,"[0.3371579794963973, 0.33400085464087803, 0.33239352735176314, 0.32766548971419157, 0.3324266606995135]",,,,,
sub-04,LO2,LO2,train,sub-10,linear_predictivity,83,80,0.1743535369975141,,"[316.2277660168379, 316.2277660168379, 316.2277660168379, 316.2277660168379, 316.2277660168379]",0.22592226184530326,0.9238637088948638,0.7738996126300408,0.8226952703277334
sub-04,LO2,LO2,test,sub-10,linear_predictivity,83,80,0.3273234258218741,"[0.3225312700998099, 0.3289355660482922, 0.3262619764531038, 0.32051150230320385, 0.33837681420496085]",,,,,
sub-04,LO2,LO3,train,sub-10,linear_predictivity,83,113,0.1774039875604556,,"[316.2277660168379, 316.2277660168379, 316.2277660168379, 316.2277660168379, 316.2277660168379]",0.22752214832210335,0.9217061940548916,0.7722552299452505,0.8189468934072739
sub-04,LO2,LO3,test,sub-10,linear_predictivity,83,113,0.2915472798884383,"[0.2965037784526197, 0.28631277357443835, 0.3005232204959944, 0.28220558019684944, 0.2921910467222894]",,,,,
sub-04,LO2,V7,train,sub-10,linear_predictivity,83,61,0.1358540730421129,,"[316.2277660168379, 316.2277660168379, 316.2277660168379, 316.2277660168379, 316.2277660168379]",0.18962623548956775,0.9474188354238876,0.8101912090170542,0.8611542367831886
sub-04,LO2,V7,test,sub-10,linear_predictivity,83,61,0.20423161177141055,"[0.2030860490895497, 0.20386817529939047, 0.20429582655602577, 0.20851129911524327, 0.20139670879684368]",,,,,
sub-04,LO2,IP0,train,sub-10,linear_predictivity,83,103,0.06619947809464964,,"[1000.0, 1000.0, 1000.0, 316.2277660168379, 316.2277660168379]",0.11289016142842279,0.9789489584014802,0.8868325453164767,0.9295902779853178
sub-04,LO2,IP0,test,sub-10,linear_predictivity,83,103,0.1671720389521231,"[0.16349364441069125, 0.1524958886401581, 0.16182764426536533, 0.17939809820895963, 0.17864491923544112]",,,,,
sub-04,LO2,IP1,train,sub-10,linear_predictivity,83,33,0.020436148853086773,,"[1000.0, 1000.0, 1000.0, 1000.0, 1000.0]",0.05709214041678971,1.0047136227091702,0.9427233175617857,0.9764500179337133
sub-04,LO2,IP1,test,sub-10,linear_predictivity,83,33,0.08028436606323737,"[0.08069766627119104, 0.07648792147790713, 0.08435927404115082, 0.0798140718199416, 0.0800628967059962]",,,,,
sub-04,LO2,MIP,train,sub-10,linear_predictivity,83,178,0.02901828549067151,,"[1000.0, 1000.0, 1000.0, 1000.0, 1000.0]",0.06702978596343197,0.9990861655967773,0.9326287025848504,0.9651867147912558
sub-04,LO2,MIP,test,sub-10,linear_predictivity,83,178,0.06482071412106877,"[0.06452924309127353, 0.06450688938060173, 0.0645850533358009, 0.06685328805489847, 0.06362909674276919]",,,,,
sub-04,LO2,VIP,train,sub-10,linear_predictivity,83,100,0.03702951641615653,,"[1000.0, 1000.0, 1000.0, 1000.0, 1000.0]",0.07381311351960285,0.9959606045020992,0.9259718513306645,0.9596162359401481
sub-04,LO2,VIP,test,sub-10,linear_predictivity,83,100,0.10195223469711696,"[0.10250003293079128, 0.10660540626205511, 0.10575032072648026, 0.09871742671206228, 0.09618798685419583]",,,,,
sub-04,LO2,LIPd,train,sub-10,linear_predictivity,83,31,0.012026418155380384,,"[1000.0, 1000.0, 1000.0, 1000.0, 1000.0]",0.04855866383446446,1.0079195854149674,0.9512655926093168,0.9851090682734517
sub-04,LO2,LIPd,test,sub-10,linear_predictivity,83,31,0.03080093195960098,"[0.03140172328156361, 0.029958852724195337, 0.034987610176516644, 0.02847353857889417, 0.029182935036835143]",,,,,
sub-04,LO2,LIPv,train,sub-10,linear_predictivity,83,75,0.041796995401481664,,"[1000.0, 1000.0, 1000.0, 1000.0, 1000.0]",0.07837850653151579,0.9932602896928211,0.9214026988801589,0.9546708904857482
sub-04,LO2,LIPv,test,sub-10,linear_predictivity,83,75,0.0790174257236025,"[0.07595513709595555, 0.07583426069133685, 0.08525758646270334, 0.08079102197385296, 0.07724912239416376]",,,,,
sub-04,LO2,AIP,train,sub-10,linear_predictivity,83,409,0.03720689984190095,,"[1000.0, 1000.0, 1000.0, 1000.0, 1000.0]",0.08117529702624379,0.9914622207052345,0.9183962152986233,0.9555758098361599
sub-04,LO2,AIP,test,sub-10,linear_predictivity,83,409,0.08846374046564098,"[0.08285720941277307, 0.09126263431589551, 0.09178206121526698, 0.08692389686407768, 0.08949290052019167]",,,,,
sub-04,LO2,7Pm,train,sub-10,linear_predictivity,83,21,0.02146536247879805,,"[1000.0, 1000.0, 1000.0, 1000.0, 1000.0]",0.059212215781719625,1.0021840393068338,0.9405622487719374,0.9748250090262781
sub-04,LO2,7Pm,test,sub-10,linear_predictivity,83,21,0.046228329629465145,"[0.0495877167703091, 0.04025539381123544, 0.04859039348279504, 0.050121472895422785, 0.04258667118756334]",,,,,
sub-04,LO2,7PL,train,sub-10,linear_predictivity,83,106,0.028200729382328895,,"[1000.0, 316.2277660168379, 1000.0, 1000.0, 1000.0]",0.07103191929533684,0.996739884648173,0.9286842464221111,0.9682296216494819
sub-04,LO2,7PL,test,sub-10,linear_predictivity,83,106,0.10006135871540082,"[0.10013254781277633, 0.10815942835730338, 0.1034903892273283, 0.09143461335978938, 0.0970898148198068]",,,,,
sub-04,LO2,7PC,train,sub-10,linear_predictivity,83,224,0.07837911078270242,,"[316.2277660168379, 316.2277660168379, 316.2277660168379, 316.2277660168379, 316.2277660168379]",0.14199041008912391,0.9721737350236387,0.8575933888387006,0.9143004671958229
sub-04,LO2,7PC,test,sub-10,linear_predictivity,83,224,0.16105049851689762,"[0.15640545846068354, 0.16964914096555375, 0.16205283394995687, 0.15557065381817736, 0.1615744053901166]",,,,,
sub-04,LO2,7Am,train,sub-10,linear_predictivity,83,186,0.02532054756155797,,"[1000.0, 316.2277660168379, 1000.0, 1000.0, 1000.0]",0.06935901896496757,0.9975594173002232,0.9304009187576894,0.9702940726383529
sub-04,LO2,7Am,test,sub-10,linear_predictivity,83,186,0.08404213005389624,"[0.08315920289216255, 0.10158202713351601, 0.07900447953684758, 0.07606297727112082, 0.08040196343583428]",,,,,
sub-04,LO2,7AL,train,sub-10,linear_predictivity,83,158,0.04627715488947129,,"[1000.0, 1000.0, 1000.0, 1000.0, 1000.0]",0.0850189176426849,0.9898425458452849,0.914659261403334,0.9483097735932595
sub-04,LO2,7AL,test,sub-10,linear_predictivity,83,158,0.09504695784500215,"[0.09566886250309853, 0.10631455185189057, 0.09343288862336209, 0.0870116280400517, 0.09280685820660789]",,,,,
sub-04,LO2,VVC,train,sub-10,linear_predictivity,83,196,0.057529246898072775,,"[316.2277660168379, 1000.0, 1000.0, 1000.0, 316.2277660168379]",0.10374947616708126,0.9830451532751325,0.8959502859916872,0.9379582613113657
sub-04,LO2,VVC,test,sub-10,linear_predictivity,83,196,0.13938543380048782,"[0.14846774820327663, 0.13413906696445793, 0.13325978781504294, 0.13475888505494546, 0.14630168096471616]",,,,,
sub-04,LO2,VMV2,train,sub-10,linear_predictivity,83,94,0.05710254848499985,,"[1000.0, 1000.0, 316.2277660168379, 316.2277660168379, 316.2277660168379]",0.11068942429493651,0.9816025435704521,0.8890075014132661,0.9381807410468562
sub-04,LO2,VMV2,test,sub-10,linear_predictivity,83,94,0.1778176309421594,"[0.16805939767876554, 0.1568311976377377, 0.1879685095426348, 0.19087132892272854, 0.18535772092893057]",,,,,
sub-04,LO2,VMV3,train,sub-10,linear_predictivity,83,98,0.07394424177010528,,"[1000.0, 1000.0, 1000.0, 316.2277660168379, 316.2277660168379]",0.1198938747268943,0.9750975007565987,0.8798801901320962,0.9215007158884638
sub-04,LO2,VMV3,test,sub-10,linear_predictivity,83,98,0.13721963519043118,"[0.14114044701994774, 0.12643574738541874, 0.13606580840450452, 0.14035038612728898, 0.14210578701499585]",,,,,
sub-04,LO2,VMV1,train,sub-10,linear_predictivity,83,42,0.056790072113660245,,"[316.2277660168379, 1000.0, 316.2277660168379, 316.2277660168379, 1000.0]",0.11161812719957757,0.9798994336447843,0.887988139170058,0.9371869726139103
sub-04,LO2,VMV1,test,sub-10,linear_predictivity,83,42,0.1711302969690408,"[0.1821987694797596, 0.15947270111615502, 0.18468308020521726, 0.17106270749531408, 0.1582342265487581]",,,,,
sub-04,LO2,PHA2,train,sub-10,linear_predictivity,83,21,0.03014118954102526,,"[1000.0, 1000.0, 316.2277660168379, 316.2277660168379, 1000.0]",0.08437707970989228,0.9929634677170152,0.9153035722553398,0.9645040414308459
sub-04,LO2,PHA2,test,sub-10,linear_predictivity,83,21,0.16959226976967845,"[0.1560895120154617, 0.15706400257775965, 0.17824388048797138, 0.1951581293181841, 0.1614058244490154]",,,,,
sub-04,LO2,PHA3,train,sub-10,linear_predictivity,83,104,0.0521520139697458,,"[1000.0, 1000.0, 1000.0, 316.2277660168379, 316.2277660168379]",0.10058330516198837,0.9849546242770902,0.8990582097766125,0.9432983062440605
sub-04,LO2,PHA3,test,sub-10,linear_predictivity,83,104,0.18003517113457104,"[0.17834321376743584, 0.16113059488334913, 0.17000758764442223, 0.19540041025382165, 0.19529404912382642]",,,,,
sub-04,LO2,PH,train,sub-10,linear_predictivity,83,261,0.1345243520057207,,"[316.2277660168379, 316.2277660168379, 316.2277660168379, 316.2277660168379, 316.2277660168379]",0.18565666758355928,0.9473894932509633,0.8141222260115114,0.8616704140785358
sub-04,LO2,PH,test,sub-10,linear_predictivity,83,261,0.21476747984108294,"[0.2124714073442375, 0.21626369419606298, 0.2149365719205754, 0.2103801894701288, 0.2197855362744099]",,,,,
sub-04,LO3,V1,train,sub-10,linear_predictivity,118,553,0.03306206607319845,,"[1000.0, 1000.0, 1000.0, 1000.0, 1000.0]",0.0828667383867186,0.9985592594780327,0.9168933753028913,0.9628488956829937
sub-04,LO3,V1,test,sub-10,linear_predictivity,118,553,0.06561410236174017,"[0.06786683831379933, 0.06535322742450222, 0.06750347203188863, 0.06577900754441277, 0.06156796649409788]",,,,,
sub-04,LO3,V2,train,sub-10,linear_predictivity,118,516,0.03872756502542182,,"[1000.0, 1000.0, 1000.0, 1000.0, 1000.0]",0.08809043229697752,0.9947431560768939,0.9116597607599465,0.957040476161756
sub-04,LO3,V2,test,sub-10,linear_predictivity,118,516,0.061320279270260514,"[0.06189162319841602, 0.06474829680864604, 0.06304039839982438, 0.0605314103414533, 0.05638966760296285]",,,,,
sub-04,LO3,V3,train,sub-10,linear_predictivity,118,400,0.060838743187741906,,"[316.2277660168379, 316.2277660168379, 316.2277660168379, 316.2277660168379, 1000.0]",0.13278081446091033,0.982219339621528,0.8669970579374497,0.9356304624631988
sub-04,LO3,V3,test,sub-10,linear_predictivity,118,400,0.11202459340282651,"[0.11718764889438293, 0.11721040379016774, 0.11199322972320382, 0.11652263717163976, 0.09720904743473836]",,,,,
sub-04,LO3,V4,train,sub-10,linear_predictivity,118,574,0.0792127176187462,,"[316.2277660168379, 316.2277660168379, 316.2277660168379, 316.2277660168379, 316.2277660168379]",0.15202834529611503,0.9762732647903724,0.8477662641274624,0.9173782277571665
sub-04,LO3,V4,test,sub-10,linear_predictivity,118,574,0.1577974855478259,"[0.15810758047654003, 0.15562876412464524, 0.15424397681316485, 0.1578162793275015, 0.16319082699727788]",,,,,
sub-04,LO3,V3A,train,sub-10,linear_predictivity,118,85,0.06660763020185265,,"[1000.0, 316.2277660168379, 1000.0, 1000.0, 316.2277660168379]",0.12511391138192815,0.9805259926169244,0.8746749076680587,0.9298809993857512
sub-04,LO3,V3A,test,sub-10,linear_predictivity,118,85,0.12058267043206441,"[0.11572352986878158, 0.12615173745040228, 0.11550319603977958, 0.11569266454216316, 0.1298422242591954]",,,,,
sub-04,LO3,V3B,train,sub-10,linear_predictivity,118,99,0.09258009053913274,,"[316.2277660168379, 316.2277660168379, 316.2277660168379, 316.2277660168379, 316.2277660168379]",0.16431151453726767,0.9707377875607957,0.8354933472093276,0.9041448606470326
sub-04,LO3,V3B,test,sub-10,linear_predictivity,118,99,0.24093372088860457,"[0.244709558293019, 0.23581619183661998, 0.23152484534186155, 0.23890862142208086, 0.25370938754944133]",,,,,
sub-04,LO3,V6,train,sub-10,linear_predictivity,118,11,0.10503860156320417,,"[1000.0, 1000.0, 1000.0, 316.2277660168379, 316.2277660168379]",0.16427448741940393,0.9644548737671078,0.8354966612642534,0.8921024594967685
sub-04,LO3,V6,test,sub-10,linear_predictivity,118,11,0.22953730621738297,"[0.21164005208804024, 0.22349787276165953, 0.210483310437369, 0.2553217020112044, 0.24674359378864183]",,,,,
sub-04,LO3,V6A,train,sub-10,linear_predictivity,118,45,0.05516860310915822,,"[1000.0, 1000.0, 1000.0, 1000.0, 316.2277660168379]",0.10841336302595347,0.9893539763579724,0.8914469634900506,0.9414448967216267
sub-04,LO3,V6A,test,sub-10,linear_predictivity,118,45,0.1404095112287079,"[0.14045203678055507, 0.13197729719939313, 0.1342808767115545, 0.13195189463185647, 0.1633854508201804]",,,,,
sub-04,LO3,V7,train,sub-10,linear_predictivity,118,61,0.09235868757373294,,"[316.2277660168379, 316.2277660168379, 316.2277660168379, 316.2277660168379, 316.2277660168379]",0.16487886718338535,0.9717010036381311,0.8348907546688096,0.9039138239260314
sub-04,LO3,V7,test,sub-10,linear_predictivity,118,61,0.21293913518548777,"[0.21360111315208438, 0.21084692775708416, 0.2145837462008125, 0.1998195009686845, 0.22584438784877336]",,,,,
sub-04,LO3,V8,train,sub-10,linear_predictivity,118,96,0.058945626068811194,,"[316.2277660168379, 1000.0, 1000.0, 316.2277660168379, 316.2277660168379]",0.12280279186837746,0.9866338436409947,0.876952757057077,0.9372395028028098
sub-04,LO3,V8,test,sub-10,linear_predictivity,118,96,0.10850602117988709,"[0.11805781090994481, 0.09608038394299186, 0.09833576621014166, 0.11331461508213303, 0.11674152975422403]",,,,,
sub-04,LO3,FFC,train,sub-10,linear_predictivity,118,244,0.09527480011440685,,"[316.2277660168379, 1000.0, 1000.0, 1000.0, 316.2277660168379]",0.15413052721111736,0.9630795303366412,0.8456373017324464,0.902023173615406
sub-04,LO3,FFC,test,sub-10,linear_predictivity,118,244,0.21389356853067204,"[0.23277230451605016, 0.20056730085724417, 0.20425662440699746, 0.20334039794681064, 0.2285312149262577]",,,,,
sub-04,LO3,PIT,train,sub-10,linear_predictivity,118,100,0.09241880919861119,,"[316.2277660168379, 316.2277660168379, 316.2277660168379, 316.2277660168379, 316.2277660168379]",0.1662411670345258,0.9657985182455823,0.8335641961313076,0.9043342845541336
sub-04,LO3,PIT,test,sub-10,linear_predictivity,118,100,0.19729204582095639,"[0.20977570808691848, 0.18907660521058642, 0.1922338518217465, 0.19207968921095378, 0.20329437477457676]",,,,,
sub-04,LO3,IPS1,train,sub-10,linear_predictivity,118,166,0.04665403386622013,,"[316.2277660168379, 316.2277660168379, 1000.0, 1000.0, 316.2277660168379]",0.11701928361662321,0.9910059385436721,0.8826581537968181,0.9492893805978568
sub-04,LO3,IPS1,test,sub-10,linear_predictivity,118,166,0.19802989725088638,"[0.21574384626687956, 0.2064280398212425, 0.18004005313463983, 0.16931008528437488, 0.2186274617472952]",,,,,
sub-04,LO3,MST,train,sub-10,linear_predictivity,118,135,0.2119080745157727,,"[316.2277660168379, 100.0, 316.2277660168379, 316.2277660168379, 100.0]",0.29165206245967445,0.9037115889726776,0.7079423126395563,0.7844303752376877
sub-04,LO3,MST,test,sub-10,linear_predictivity,118,135,0.3822482437239205,"[0.3766243468178759, 0.3964462787504133, 0.36214553944598027, 0.3764530131441621, 0.39957204046117106]",,,,,
sub-04,LO3,MT,train,sub-10,linear_predictivity,118,86,0.2406600574651919,,"[316.2277660168379, 316.2277660168379, 316.2277660168379, 316.2277660168379, 316.2277660168379]",0.3038677825684994,0.8828656621361148,0.695973073777528,0.7566099967926871
sub-04,LO3,MT,test,sub-10,linear_predictivity,118,86,0.41052467243272045,"[0.4122865465148669, 0.4125295918528497, 0.4051967158431338, 0.4104716354629401, 0.4121388724898118]",,,,,
sub-04,LO3,FST,train,sub-10,linear_predictivity,118,167,0.15270407339602185,,"[100.0, 100.0, 316.2277660168379, 100.0, 100.0]",0.250373062226913,0.9406615560315508,0.7490918238775355,0.8407774467827143
sub-04,LO3,FST,test,sub-10,linear_predictivity,118,167,0.2986490226283146,"[0.30620707067018743, 0.30672017011192076, 0.265389608302078, 0.2996889543099152, 0.3152393097474716]",,,,,
sub-04,LO3,LO1,train,sub-10,linear_predictivity,118,78,0.1560724043509316,,"[316.2277660168379, 316.2277660168379, 316.2277660168379, 316.2277660168379, 316.2277660168379]",0.22091719213110536,0.9350132574028287,0.7788379670469625,0.8399680607008377
sub-04,LO3,LO1,test,sub-10,linear_predictivity,118,78,0.26459816419832205,"[0.26966442392633966, 0.26284086554059655, 0.2539365061934845, 0.2632162465336115, 0.27333277879757784]",,,,,
sub-04,LO3,LO2,train,sub-10,linear_predictivity,118,80,0.11046576493844576,,"[316.2277660168379, 316.2277660168379, 316.2277660168379, 316.2277660168379, 316.2277660168379]",0.1812783407601437,0.9579518515419881,0.8185164147936744,0.8862025735643883
sub-04,LO3,LO2,test,sub-10,linear_predictivity,118,80,0.21532233573818296,"[0.22843505232031172, 0.20295258242007294, 0.20858822724681675, 0.21177928847930652, 0.2248565282244069]",,,,,
sub-04,LO3,LO3,train,sub-10,linear_predictivity,118,113,0.18971528904517407,,"[316.2277660168379, 316.2277660168379, 316.2277660168379, 316.2277660168379, 316.2277660168379]",0.2587377705868438,0.9115107469142387,0.7409888034885244,0.8057622316404777
sub-04,LO3,LO3,test,sub-10,linear_predictivity,118,113,0.3143724632200483,"[0.3184306664856676, 0.3086420219501647, 0.3127782021622159, 0.31066690407523245, 0.3213445214269605]",,,,,
sub-04,LO3,V7,train,sub-10,linear_predictivity,118,61,0.09235868757373294,,"[316.2277660168379, 316.2277660168379, 316.2277660168379, 316.2277660168379, 316.2277660168379]",0.16487886718338535,0.9717010036381311,0.8348907546688096,0.9039138239260314
sub-04,LO3,V7,test,sub-10,linear_predictivity,118,61,0.21293913518548777,"[0.21360111315208438, 0.21084692775708416, 0.2145837462008125, 0.1998195009686845, 0.22584438784877336]",,,,,
sub-04,LO3,IP0,train,sub-10,linear_predictivity,118,103,0.054077723136037925,,"[316.2277660168379, 316.2277660168379, 316.2277660168379, 1000.0, 316.2277660168379]",0.12893327985869757,0.9880188791922906,0.8707707258005387,0.9417625937335705
sub-04,LO3,IP0,test,sub-10,linear_predictivity,118,103,0.19630791527663796,"[0.20219609585473458, 0.19100396092811284, 0.20396580271386958, 0.16886610748837308, 0.21550760939809974]",,,,,
sub-04,LO3,IP1,train,sub-10,linear_predictivity,118,33,0.001208728034025035,,"[1000.0, 1000.0, 3162.277660168379, 3162.277660168379, 1000.0]",0.047177312872888164,1.0160750526905487,0.9525960948726991,0.9958072900955768
sub-04,LO3,IP1,test,sub-10,linear_predictivity,118,33,0.06430636455204215,"[0.0814759962802463, 0.06546115623460246, 0.05068262982007166, 0.05014687090917402, 0.07376516951611634]",,,,,
sub-04,LO3,MIP,train,sub-10,linear_predictivity,118,178,0.02357578535262743,,"[1000.0, 1000.0, 1000.0, 1000.0, 1000.0]",0.07391166414358852,1.0066473999729193,0.9257552084422839,0.9708513474192915
sub-04,LO3,MIP,test,sub-10,linear_predictivity,118,178,0.10204353227539835,"[0.09958761877368771, 0.09441970985360439, 0.10371479227748641, 0.10609383036069941, 0.10640171011151385]",,,,,
sub-04,LO3,VIP,train,sub-10,linear_predictivity,118,100,0.052830848812131084,,"[1000.0, 1000.0, 1000.0, 1000.0, 1000.0]",0.1022015460283704,0.9925713267976987,0.8975605456118405,0.943463824725481
sub-04,LO3,VIP,test,sub-10,linear_predictivity,118,100,0.15671942679738624,"[0.16441092079479258, 0.15183935544397464, 0.15885963319343183, 0.1515681615173232, 0.156919063037409]",,,,,
sub-04,LO3,LIPd,train,sub-10,linear_predictivity,118,31,0.00718609191732525,,"[1000.0, 1000.0, 1000.0, 1000.0, 1000.0]",0.05847825804349623,1.013080052348975,0.9413538320774366,0.9899592659757485
sub-04,LO3,LIPd,test,sub-10,linear_predictivity,118,31,0.05263026244719019,"[0.05466506472534391, 0.04506177972401403, 0.05223907449698106, 0.0515018413131772, 0.05968355197643472]",,,,,
sub-04,LO3,LIPv,train,sub-10,linear_predictivity,118,75,0.02770862256736126,,"[1000.0, 1000.0, 1000.0, 1000.0, 1000.0]",0.07587410967156685,1.0045806996556355,0.9238966757158898,0.9685257462575197
sub-04,LO3,LIPv,test,sub-10,linear_predictivity,118,75,0.10115743731155731,"[0.10107041118499356, 0.09469692724949562, 0.10655608158963731, 0.09490976103186774, 0.10855400550179234]",,,,,
sub-04,LO3,AIP,train,sub-10,linear_predictivity,118,409,0.015758975190953897,,"[1000.0, 1000.0, 1000.0, 1000.0, 1000.0]",0.06891417787523849,1.006180113397912,0.9307281088037609,0.9782089275925596
sub-04,LO3,AIP,test,sub-10,linear_predictivity,118,409,0.09197785250523538,"[0.08629907278947739, 0.09170300617548831, 0.09296791381441796, 0.08767546049972723, 0.101243809247066]",,,,,
sub-04,LO3,7Pm,train,sub-10,linear_predictivity,118,21,0.022689353393747457,,"[1000.0, 1000.0, 1000.0, 1000.0, 1000.0]",0.06954742950827006,1.00912874846517,0.9302473755054292,0.9738282834896175
sub-04,LO3,7Pm,test,sub-10,linear_predictivity,118,21,0.08231611368232217,"[0.08358579372540975, 0.07309982322291726, 0.09463946299008527, 0.08115386221189654, 0.07910162626130209]",,,,,
sub-04,LO3,7PL,train,sub-10,linear_predictivity,118,106,0.07410339070885043,,"[1000.0, 1000.0, 1000.0, 1000.0, 1000.0]",0.11850596463039006,0.9848881396310025,0.8813334156355568,0.9231924036047896
sub-04,LO3,7PL,test,sub-10,linear_predictivity,118,106,0.18096213043169798,"[0.18359332277580165, 0.17652025641419758, 0.18419658818334977, 0.17744006940809956, 0.18306041537704132]",,,,,
sub-04,LO3,7PC,train,sub-10,linear_predictivity,118,224,0.036889214295609006,,"[316.2277660168379, 316.2277660168379, 316.2277660168379, 316.2277660168379, 316.2277660168379]",0.12037197951198322,0.9956015779695322,0.8792323478545798,0.9564228573679859
sub-04,LO3,7PC,test,sub-10,linear_predictivity,118,224,0.16550183056845386,"[0.16324316650164047, 0.16591455551560857, 0.16770007705326023, 0.159056369447447, 0.17159498432431303]",,,,,
sub-04,LO3,7Am,train,sub-10,linear_predictivity,118,186,0.05620743482500734,,"[1000.0, 1000.0, 1000.0, 1000.0, 1000.0]",0.10451973929487249,0.9896856942399541,0.8952229422615605,0.939356072117316
sub-04,LO3,7Am,test,sub-10,linear_predictivity,118,186,0.14371170646417522,"[0.1467768939648846, 0.14470192898283302, 0.13977275485099946, 0.14610289484029476, 0.14120405968186425]",,,,,
sub-04,LO3,7AL,train,sub-10,linear_predictivity,118,158,0.03194943047341281,,"[1000.0, 1000.0, 1000.0, 1000.0, 1000.0]",0.08163601076713912,1.001898366403546,0.9180303530145775,0.9624735116947478
sub-04,LO3,7AL,test,sub-10,linear_predictivity,118,158,0.10435307025750329,"[0.1062876262816263, 0.10417741621886356, 0.09910497112273262, 0.10888472733975224, 0.10331061032454177]",,,,,
sub-04,LO3,VVC,train,sub-10,linear_predictivity,118,196,0.05246475902543769,,"[316.2277660168379, 316.2277660168379, 1000.0, 316.2277660168379, 316.2277660168379]",0.1268364108929414,0.9890021968885548,0.8728227500065688,0.9430870185591683
sub-04,LO3,VVC,test,sub-10,linear_predictivity,118,196,0.15877038309114133,"[0.1717885305318385, 0.15739973341675653, 0.13317600948384078, 0.16381204953985054, 0.1676755924834203]",,,,,
sub-04,LO3,VMV2,train,sub-10,linear_predictivity,118,94,0.09364286955943954,,"[316.2277660168379, 1000.0, 316.2277660168379, 316.2277660168379, 316.2277660168379]",0.16952156069984448,0.9652867500621035,0.8301575502324873,0.9018984302432698
sub-04,LO3,VMV2,test,sub-10,linear_predictivity,118,94,0.22509120789188225,"[0.23460373168695228, 0.19403168767585852, 0.2258742920568522, 0.23864860938220192, 0.23229771865754645]",,,,,
sub-04,LO3,VMV3,train,sub-10,linear_predictivity,118,98,0.08329499264561957,,"[316.2277660168379, 316.2277660168379, 316.2277660168379, 316.2277660168379, 316.2277660168379]",0.1564666125136946,0.9753323636564593,0.8432393412996795,0.9117544714537669
sub-04,LO3,VMV3,test,sub-10,linear_predictivity,118,98,0.15338386683216454,"[0.16030943441706286, 0.15185572951744875, 0.15459544579250561, 0.15086483675457343, 0.14929388767923205]",,,,,
sub-04,LO3,VMV1,train,sub-10,linear_predictivity,118,42,0.07768934622985277,,"[1000.0, 1000.0, 1000.0, 1000.0, 1000.0]",0.12857949241973018,0.9746455197229752,0.8711079833858559,0.9168662188490183
sub-04,LO3,VMV1,test,sub-10,linear_predictivity,118,42,0.18407711354092546,"[0.18829511816242334, 0.17997724368217796, 0.18577052810958078, 0.18524905899257055, 0.18109361875787464]",,,,,
sub-04,LO3,PHA2,train,sub-10,linear_predictivity,118,21,0.04531192082442202,,"[316.2277660168379, 1000.0, 1000.0, 1000.0, 1000.0]",0.11195078372192346,0.9884032278074972,0.8877167139715091,0.9488763290669227
sub-04,LO3,PHA2,test,sub-10,linear_predictivity,118,21,0.18464642330223618,"[0.20402907587361963, 0.17003601739634483, 0.1799083696680565, 0.19114529398952265, 0.17811335958363733]",,,,,
sub-04,LO3,PHA3,train,sub-10,linear_predictivity,118,104,0.06888470844401985,,"[316.2277660168379, 1000.0, 1000.0, 1000.0, 1000.0]",0.12865184539328295,0.9791032643129377,0.870964129090733,0.9260385074973989
sub-04,LO3,PHA3,test,sub-10,linear_predictivity,118,104,0.2016837095911519,"[0.23051634320202521, 0.18182043788146565, 0.19561037753114968, 0.20071812950041945, 0.19975325984069942]",,,,,
sub-04,LO3,PH,train,sub-10,linear_predictivity,118,261,0.08986323039141345,,"[316.2277660168379, 316.2277660168379, 316.2277660168379, 316.2277660168379, 316.2277660168379]",0.16249178616828366,0.9712018773151156,0.8372859850819128,0.9064123572597709
sub-04,LO3,PH,test,sub-10,linear_predictivity,118,261,0.20389113764797537,"[0.21402656538476267, 0.20040212843170058, 0.19536261713307143, 0.1990170271329014, 0.21064735015744077]",,,,,
sub-04,V7,V1,train,sub-10,linear_predictivity,77,553,0.0037981606577157977,,"[3162.277660168379, 3162.277660168379, 3162.277660168379, 3162.277660168379, 3162.277660168379]",0.032286470028963045,1.0096280079708604,0.9674773873057234,0.9922016274567056
sub-04,V7,V1,test,sub-10,linear_predictivity,77,553,0.0025342269394903077,"[0.0035565629163308416, 0.0012086940674800478, 0.004293854524833823, 0.0004716809974881361, 0.0031403421913186913]",,,,,
sub-04,V7,V2,train,sub-10,linear_predictivity,77,516,0.013597100774067651,,"[3162.277660168379, 3162.277660168379, 3162.277660168379, 3162.277660168379, 3162.277660168379]",0.04160980792484752,1.0046499220258887,0.9581340357364379,0.9821527447557058
sub-04,V7,V2,test,sub-10,linear_predictivity,77,516,0.006585947727059019,"[0.008376066092335781, 0.007199292068310332, 0.007604895585041368, 0.005446385809766877, 0.004303099079840736]",,,,,
sub-04,V7,V3,train,sub-10,linear_predictivity,77,400,0.020840286137315783,,"[1000.0, 1000.0, 1000.0, 1000.0, 1000.0]",0.06594235571060039,1.0004476209445097,0.9338425320672565,0.9755458880877587
sub-04,V7,V3,test,sub-10,linear_predictivity,77,400,0.025579615603867262,"[0.026700776098012583, 0.023060979097236103, 0.02743827530238621, 0.028131246525549977, 0.02256680099615143]",,,,,
sub-04,V7,V4,train,sub-10,linear_predictivity,77,574,0.045210208064575,,"[1000.0, 1000.0, 1000.0, 1000.0, 1000.0]",0.08843109002177275,0.9876105540632244,0.9113515328865989,0.9511390178504182
sub-04,V7,V4,test,sub-10,linear_predictivity,77,574,0.05947711532134288,"[0.058432487446718306, 0.05740971757486662, 0.05895989314852158, 0.06372303413294628, 0.05886044430366159]",,,,,
sub-04,V7,V3A,train,sub-10,linear_predictivity,77,85,0.0577192172122044,,"[1000.0, 1000.0, 1000.0, 1000.0, 1000.0]",0.09930078971518423,0.9815729793594267,0.9004396801288328,0.937973580481483
sub-04,V7,V3A,test,sub-10,linear_predictivity,77,85,0.09475455011779546,"[0.09734678484758465, 0.08751469558203333, 0.09785981537823356, 0.09760708760074902, 0.09344436718037674]",,,,,
sub-04,V7,V3B,train,sub-10,linear_predictivity,77,99,0.057654352907497125,,"[1000.0, 1000.0, 1000.0, 1000.0, 1000.0]",0.0979578423229461,0.9848383296737818,0.9018488093189188,0.9393721774937402
sub-04,V7,V3B,test,sub-10,linear_predictivity,77,99,0.07321025326710509,"[0.07421005939016372, 0.0671795347500591, 0.07007258168912331, 0.07902264744956165, 0.07556644305661765]",,,,,
sub-04,V7,V6,train,sub-10,linear_predictivity,77,11,0.03422144565391828,,"[1000.0, 1000.0, 1000.0, 1000.0, 1000.0]",0.0755260203093759,0.9967340804517739,0.9243071231378661,0.9628433876024985
sub-04,V7,V6,test,sub-10,linear_predictivity,77,11,0.10105991533494549,"[0.09760861221186543, 0.10997236100490758, 0.09858390903171328, 0.10323677819326652, 0.09589791623297478]",,,,,
sub-04,V7,V6A,train,sub-10,linear_predictivity,77,45,0.06901335476416427,,"[1000.0, 1000.0, 1000.0, 1000.0, 1000.0]",0.10989514983605815,0.9768335650991247,0.8899352850326258,0.9277994498696241
sub-04,V7,V6A,test,sub-10,linear_predictivity,77,45,0.1317228114815221,"[0.13232673249238103, 0.12688899250252672, 0.13472196676467607, 0.13196650251969683, 0.13270986312832986]",,,,,
sub-04,V7,V7,train,sub-10,linear_predictivity,77,61,0.1116446199301666,,"[1000.0, 1000.0, 1000.0, 1000.0, 1000.0]",0.15193244569509767,0.9520083033869273,0.8478144414367346,0.8840532829020203
sub-04,V7,V7,test,sub-10,linear_predictivity,77,61,0.18707409916637338,"[0.18579257438902969, 0.1862930594281521, 0.18912627853650912, 0.18528888262896545, 0.1888697008492105]",,,,,
sub-04,V7,V8,train,sub-10,linear_predictivity,77,96,0.030703848768990287,,"[1000.0, 1000.0, 1000.0, 1000.0, 1000.0]",0.07146004609663328,0.9983957206031653,0.9283169863502687,0.9655856087660359
sub-04,V7,V8,test,sub-10,linear_predictivity,77,96,0.01589891134550425,"[0.019507648479209015, 0.01274914201415339, 0.026016498784979775, 0.013866347752770852, 0.007354919696408211]",,,,,
sub-04,V7,FFC,train,sub-10,linear_predictivity,77,244,0.02806995266229441,,"[1000.0, 1000.0, 1000.0, 1000.0, 1000.0]",0.07120806718714309,0.9975075099501179,0.9286440117706072,0.9694184321689179
sub-04,V7,FFC,test,sub-10,linear_predictivity,77,244,0.05664600977929871,"[0.05601760285621748, 0.05904499007603749, 0.052531122911717125, 0.05808045779627966, 0.05755587525624183]",,,,,
sub-04,V7,PIT,train,sub-10,linear_predictivity,77,100,0.03274033260304479,,"[1000.0, 1000.0, 1000.0, 3162.277660168379, 3162.277660168379]",0.06845853820970249,0.9956966416787907,0.9313986291234133,0.964433388042717
sub-04,V7,PIT,test,sub-10,linear_predictivity,77,100,0.05793179638711103,"[0.06470354560325067, 0.06941322841744739, 0.06395333329393738, 0.045888568942286004, 0.04570030567863375]",,,,,
sub-04,V7,IPS1,train,sub-10,linear_predictivity,77,166,0.04038884730567984,,"[1000.0, 1000.0, 1000.0, 1000.0, 1000.0]",0.08719950498499625,0.9883240114565688,0.9125077829212802,0.9548924172413059
sub-04,V7,IPS1,test,sub-10,linear_predictivity,77,166,0.09662236729859587,"[0.09864501903998316, 0.08825879619599111, 0.1000095518423999, 0.09658734613826493, 0.09961112327634025]",,,,,
sub-04,V7,MST,train,sub-10,linear_predictivity,77,135,0.13250005294240422,,"[316.2277660168379, 316.2277660168379, 316.2277660168379, 316.2277660168379, 316.2277660168379]",0.19474437750292206,0.9398694758678131,0.8050251005761897,0.8634398681187385
sub-04,V7,MST,test,sub-10,linear_predictivity,77,135,0.27609360519196696,"[0.26863988874126693, 0.2813600238451433, 0.2685764885647355, 0.287442402919037, 0.27444922188965226]",,,,,
sub-04,V7,MT,train,sub-10,linear_predictivity,77,86,0.0998090559053391,,"[316.2277660168379, 316.2277660168379, 316.2277660168379, 316.2277660168379, 316.2277660168379]",0.1630780841477952,0.9583572581586923,0.8367302366704582,0.8971053546089147
sub-04,V7,MT,test,sub-10,linear_predictivity,77,86,0.20166120838290383,"[0.19558694812886032, 0.20164237459229523, 0.1985018126244287, 0.21263181057623906, 0.19994309599269594]",,,,,
sub-04,V7,FST,train,sub-10,linear_predictivity,77,167,0.12165681258846908,,"[316.2277660168379, 316.2277660168379, 316.2277660168379, 1000.0, 316.2277660168379]",0.18786248740052253,0.9410168111011077,0.8115917532093786,0.8702136738381266
sub-04,V7,FST,test,sub-10,linear_predictivity,77,167,0.23207911541953843,"[0.22765008795948255, 0.24453117483817483, 0.22670612370705753, 0.22107566070500398, 0.2404325298879733]",,,,,
sub-04,V7,LO1,train,sub-10,linear_predictivity,77,78,0.04648350088682183,,"[1000.0, 316.2277660168379, 1000.0, 1000.0, 1000.0]",0.09766115872186003,0.9846454863413978,0.9020196713785328,0.9494475990174758
sub-04,V7,LO1,test,sub-10,linear_predictivity,77,78,0.09696321387222831,"[0.09698262699503386, 0.10263768215644473, 0.08904752803312839, 0.10060849971376633, 0.09553973246276826]",,,,,
sub-04,V7,LO2,train,sub-10,linear_predictivity,77,80,0.04885353687357411,,"[1000.0, 1000.0, 1000.0, 1000.0, 1000.0]",0.09038059046934345,0.9853117933324997,0.9094672821060129,0.9486595793699848
sub-04,V7,LO2,test,sub-10,linear_predictivity,77,80,0.09775382286388792,"[0.0953733429883172, 0.10006926493484583, 0.09286472714751581, 0.10076271495674578, 0.099699064292015]",,,,,
sub-04,V7,LO3,train,sub-10,linear_predictivity,77,113,0.04395576242378515,,"[1000.0, 316.2277660168379, 1000.0, 1000.0, 1000.0]",0.09568261280432107,0.9859614680225561,0.9039852988047056,0.9515298453186147
sub-04,V7,LO3,test,sub-10,linear_predictivity,77,113,0.07272245095699884,"[0.06603801158575108, 0.0925250727995378, 0.0640488520046417, 0.069470955184662, 0.07152936321040157]",,,,,
sub-04,V7,V7,train,sub-10,linear_predictivity,77,61,0.1116446199301666,,"[1000.0, 1000.0, 1000.0, 1000.0, 1000.0]",0.15193244569509767,0.9520083033869273,0.8478144414367346,0.8840532829020203
sub-04,V7,V7,test,sub-10,linear_predictivity,77,61,0.18707409916637338,"[0.18579257438902969, 0.1862930594281521, 0.18912627853650912, 0.18528888262896545, 0.1888697008492105]",,,,,
sub-04,V7,IP0,train,sub-10,linear_predictivity,77,103,0.0360900821556902,,"[1000.0, 1000.0, 1000.0, 1000.0, 1000.0]",0.08024990819786323,0.9933104041400103,0.9194918515583863,0.9596904019736444
sub-04,V7,IP0,test,sub-10,linear_predictivity,77,103,0.05739083267203095,"[0.0546789949500513, 0.04299497307905214, 0.06194224339641628, 0.0667054477235832, 0.060632504211051805]",,,,,
sub-04,V7,IP1,train,sub-10,linear_predictivity,77,33,0.01157744115734741,,"[3162.277660168379, 3162.277660168379, 3162.277660168379, 3162.277660168379, 3162.277660168379]",0.037770267887852316,1.0083044416258118,0.962021211987096,0.9851200867560955
sub-04,V7,IP1,test,sub-10,linear_predictivity,77,33,0.025984972977065944,"[0.02063575380214751, 0.0198892726926105, 0.027667791901351164, 0.031418161061661704, 0.03031388542755884]",,,,,
sub-04,V7,MIP,train,sub-10,linear_predictivity,77,178,0.017242712161340247,,"[1000.0, 1000.0, 1000.0, 1000.0, 1000.0]",0.06669720913807273,1.0012303691240008,0.9329417105611718,0.976458396540244
sub-04,V7,MIP,test,sub-10,linear_predictivity,77,178,0.03962950290625437,"[0.040205399301685894, 0.036053587659219254, 0.04029152385602513, 0.04553125071724838, 0.036065752997093185]",,,,,
sub-04,V7,VIP,train,sub-10,linear_predictivity,77,100,0.04654243062018508,,"[1000.0, 1000.0, 1000.0, 1000.0, 1000.0]",0.08830366643236802,0.9895231958729764,0.9114938051026824,0.9502001595121353
sub-04,V7,VIP,test,sub-10,linear_predictivity,77,100,0.07993923392468792,"[0.08849096637748723, 0.0720673315775219, 0.08254715283204103, 0.07791036066928926, 0.07868035816710017]",,,,,
sub-04,V7,LIPd,train,sub-10,linear_predictivity,77,31,0.0034778251824601515,,"[10000.0, 10000.0, 10000.0, 10000.0, 10000.0]",0.018248010099096396,1.0177555061760266,0.9815712282707423,0.9935809011352614
sub-04,V7,LIPd,test,sub-10,linear_predictivity,77,31,0.007195898597871691,"[0.005813699058176231, 0.0025189164411290794, 0.011403607747002957, 0.005672210695683821, 0.01057105904736636]",,,,,
sub-04,V7,LIPv,train,sub-10,linear_predictivity,77,75,0.02886662326708539,,"[3162.277660168379, 3162.277660168379, 1000.0, 3162.277660168379, 3162.277660168379]",0.06043404709806306,0.9977105838852998,0.9393074406388381,0.9671255985746552
sub-04,V7,LIPv,test,sub-10,linear_predictivity,77,75,0.05400298393535359,"[0.05029961859642366, 0.04882355951618932, 0.06305881305553178, 0.05348491756680764, 0.05434801094181553]",,,,,
sub-04,V7,AIP,train,sub-10,linear_predictivity,77,409,0.01884205792986493,,"[1000.0, 1000.0, 1000.0, 3162.277660168379, 3162.277660168379]",0.06630776934864548,0.997503438052548,0.9331982249114474,0.9738295896846371
sub-04,V7,AIP,test,sub-10,linear_predictivity,77,409,0.0819971623759424,"[0.08435312318105767, 0.09403698432816263, 0.08387560601575485, 0.07117820129312286, 0.076541897061614]",,,,,
sub-04,V7,7Pm,train,sub-10,linear_predictivity,77,21,0.016141627403475464,,"[3162.277660168379, 3162.277660168379, 1000.0, 3162.277660168379, 3162.277660168379]",0.04418883621004481,1.0050032630759762,0.955664031030078,0.9803311633530807
sub-04,V7,7Pm,test,sub-10,linear_predictivity,77,21,0.029024792987933017,"[0.028641679037311445, 0.024282104923078335, 0.03731637944698799, 0.02855766557566709, 0.026326135956620225]",,,,,
sub-04,V7,7PL,train,sub-10,linear_predictivity,77,106,0.03688718192523297,,"[1000.0, 1000.0, 1000.0, 1000.0, 1000.0]",0.07826130733335084,0.9936636034448887,0.9215591125103234,0.960112607356311
sub-04,V7,7PL,test,sub-10,linear_predictivity,77,106,0.058821253135164994,"[0.062848807616368, 0.05028427091171323, 0.062495727822561874, 0.05880029997714593, 0.05967715934803594]",,,,,
sub-04,V7,7PC,train,sub-10,linear_predictivity,77,224,0.05961686316631949,,"[1000.0, 1000.0, 1000.0, 3162.277660168379, 1000.0]",0.10434826192321363,0.9782520500128591,0.8951480033110825,0.9332533859985169
sub-04,V7,7PC,test,sub-10,linear_predictivity,77,224,0.14519721060831217,"[0.14593810490826936, 0.15568724081847388, 0.14753504854481886, 0.12752757132248352, 0.14929808744751513]",,,,,
sub-04,V7,7Am,train,sub-10,linear_predictivity,77,186,0.008933785625915576,,"[1000.0, 1000.0, 1000.0, 1000.0, 3162.277660168379]",0.05466604895238934,1.0058008138569359,0.9449614992745644,0.9859116369841201
sub-04,V7,7Am,test,sub-10,linear_predictivity,77,186,0.03690966866289701,"[0.04081009885945941, 0.04053153892253144, 0.03229062156579182, 0.04387191038812137, 0.027044173578581007]",,,,,
sub-04,V7,7AL,train,sub-10,linear_predictivity,77,158,0.02424888161832438,,"[3162.277660168379, 3162.277660168379, 3162.277660168379, 3162.277660168379, 3162.277660168379]",0.05168924136281071,0.9992468449178041,0.9479665051178428,0.9701581155803239
sub-04,V7,7AL,test,sub-10,linear_predictivity,77,158,0.06841162867443809,"[0.06740132111983937, 0.07248633599204057, 0.06362014404242637, 0.06839555696061764, 0.0701547852572665]",,,,,
sub-04,V7,VVC,train,sub-10,linear_predictivity,77,196,0.022669764598202635,,"[1000.0, 3162.277660168379, 3162.277660168379, 1000.0, 3162.277660168379]",0.05609013590962255,0.999865709136112,0.9435898282202441,0.9731213899583688
sub-04,V7,VVC,test,sub-10,linear_predictivity,77,196,0.0339901303007069,"[0.039937023749201286, 0.023988002407738556, 0.030304521158222745, 0.0483062598044824, 0.02741484438388952]",,,,,
sub-04,V7,VMV2,train,sub-10,linear_predictivity,77,94,0.0324762897240123,,"[1000.0, 1000.0, 1000.0, 1000.0, 1000.0]",0.07690738539242994,0.9950082228161119,0.9228443694604096,0.9632765365982274
sub-04,V7,VMV2,test,sub-10,linear_predictivity,77,94,0.0861236503066903,"[0.0867209139328311, 0.08589759049445628, 0.09058670403102512, 0.08372232164365985, 0.08369072143147907]",,,,,
sub-04,V7,VMV3,train,sub-10,linear_predictivity,77,98,0.03987718603221209,,"[1000.0, 1000.0, 1000.0, 1000.0, 1000.0]",0.0848148542108847,0.989876147244896,0.9148955259401023,0.9552060742926228
sub-04,V7,VMV3,test,sub-10,linear_predictivity,77,98,0.021876339722441213,"[0.029286222151260595, 0.01916808530923863, 0.02516277433552174, 0.019879979414244266, 0.01588463740194082]",,,,,
sub-04,V7,VMV1,train,sub-10,linear_predictivity,77,42,0.01415729597935771,,"[1000.0, 1000.0, 1000.0, 1000.0, 1000.0]",0.06273337925008007,1.0028633275463719,0.9369189437512654,0.9797814050265817
sub-04,V7,VMV1,test,sub-10,linear_predictivity,77,42,0.06737419853589985,"[0.06734677918671787, 0.0720926813418217, 0.06797837305325907, 0.06608137380702471, 0.06337178529067596]",,,,,
sub-04,V7,PHA2,train,sub-10,linear_predictivity,77,21,0.01870833984954551,,"[1000.0, 1000.0, 1000.0, 1000.0, 1000.0]",0.06575478234240739,0.9999316145975474,0.9339464526998542,0.9760705105626618
sub-04,V7,PHA2,test,sub-10,linear_predictivity,77,21,0.09142593769881169,"[0.08125687308434622, 0.08982493724658996, 0.09324793816324375, 0.09852376360768865, 0.09427617639218991]",,,,,
sub-04,V7,PHA3,train,sub-10,linear_predictivity,77,104,0.02305050079122065,,"[1000.0, 1000.0, 1000.0, 1000.0, 1000.0]",0.06738924490251681,0.9980847070677331,0.9323695677164545,0.972996537478964
sub-04,V7,PHA3,test,sub-10,linear_predictivity,77,104,0.09246161842063548,"[0.09008737599537947, 0.08879684035416248, 0.09523018066909847, 0.09286425945671573, 0.09532943562782131]",,,,,
sub-04,V7,PH,train,sub-10,linear_predictivity,77,261,0.05299118594700961,,"[1000.0, 1000.0, 1000.0, 1000.0, 1000.0]",0.09608682039707088,0.9842138700840352,0.9036766563581212,0.9430225424264984
sub-04,V7,PH,test,sub-10,linear_predictivity,77,261,0.08477498683427168,"[0.0802069856678161, 0.08492634460539904, 0.0819248284565759, 0.089180413396689, 0.0876363620448784]",,,,,
sub-04,IP0,V1,train,sub-10,linear_predictivity,196,553,0.02518087275252723,,"[3162.277660168379, 3162.277660168379, 3162.277660168379, 3162.277660168379, 3162.277660168379]",0.06667940790753309,1.0176818414311732,0.9330872213672997,0.9709163612766852
sub-04,IP0,V1,test,sub-10,linear_predictivity,196,553,0.04286853193934474,"[0.042846333704858894, 0.04290255987438984, 0.04126039971982869, 0.04358285904753313, 0.04375050735011316]",,,,,
sub-04,IP0,V2,train,sub-10,linear_predictivity,196,516,0.03192301816647209,,"[1000.0, 1000.0, 1000.0, 1000.0, 1000.0]",0.10663755858622781,1.0108035618406292,0.8931188538496622,0.9637348677231433
sub-04,IP0,V2,test,sub-10,linear_predictivity,196,516,0.04935593417822831,"[0.05148994795833625, 0.04965759245570466, 0.04573828408305759, 0.0504934029346112, 0.049400443459431835]",,,,,
sub-04,IP0,V3,train,sub-10,linear_predictivity,196,400,0.041508859520539725,,"[1000.0, 1000.0, 1000.0, 1000.0, 1000.0]",0.11299751723760698,1.0074462976281364,0.8867994148359204,0.9549803309381251
sub-04,IP0,V3,test,sub-10,linear_predictivity,196,400,0.06161841864099264,"[0.05829039093277311, 0.06520785878424595, 0.05893401941368815, 0.060889480630911166, 0.06477034344334485]",,,,,
sub-04,IP0,V4,train,sub-10,linear_predictivity,196,574,0.0825648806257476,,"[1000.0, 1000.0, 1000.0, 1000.0, 1000.0]",0.15058179857258458,0.9856735802019407,0.849198567532523,0.9137043579072633
sub-04,IP0,V4,test,sub-10,linear_predictivity,196,574,0.1408837512795979,"[0.13507410245294277, 0.1414702465444249, 0.14096091668314153, 0.14047612305146798, 0.14643736766601237]",,,,,
sub-04,IP0,V3A,train,sub-10,linear_predictivity,196,85,0.05959815282108539,,"[1000.0, 1000.0, 1000.0, 1000.0, 1000.0]",0.12888578518285737,1.0005136445732274,0.8708967571596318,0.9367725518463657
sub-04,IP0,V3A,test,sub-10,linear_predictivity,196,85,0.10333623412161201,"[0.09862499258302772, 0.10702336935175516, 0.10120917219731346, 0.10201952273485887, 0.10780411374110484]",,,,,
sub-04,IP0,V3B,train,sub-10,linear_predictivity,196,99,0.10663615350708464,,"[1000.0, 1000.0, 1000.0, 1000.0, 1000.0]",0.17003995122161875,0.969091849024146,0.8298210564779449,0.8906291145389437
sub-04,IP0,V3B,test,sub-10,linear_predictivity,196,99,0.19993141780696755,"[0.19505160984362907, 0.20066499895346726, 0.1984308196932881, 0.19939871471868387, 0.20611094582576944]",,,,,
sub-04,IP0,V6,train,sub-10,linear_predictivity,196,11,0.10623522684656639,,"[1000.0, 1000.0, 1000.0, 1000.0, 1000.0]",0.16874588099280433,0.9767849621397652,0.8310554067197267,0.8904577388164319
sub-04,IP0,V6,test,sub-10,linear_predictivity,196,11,0.2606712391445806,"[0.25067816187935565, 0.25899238569975763, 0.2603570550963566, 0.2698785382527083, 0.2634500547947252]",,,,,
sub-04,IP0,V6A,train,sub-10,linear_predictivity,196,45,0.06839982342636997,,"[1000.0, 1000.0, 1000.0, 1000.0, 3162.277660168379]",0.13135607913692365,0.9951393444210733,0.868355262416976,0.9281810170816417
sub-04,IP0,V6A,test,sub-10,linear_predictivity,196,45,0.1610277187327944,"[0.1634164186424454, 0.17384254631267734, 0.16663245437889676, 0.16464570726684905, 0.13660146706310353]",,,,,
sub-04,IP0,V7,train,sub-10,linear_predictivity,196,61,0.13283346284048725,,"[1000.0, 1000.0, 1000.0, 1000.0, 1000.0]",0.19595739266905715,0.9606027879753046,0.8037723342127767,0.8628454351478805
sub-04,IP0,V7,test,sub-10,linear_predictivity,196,61,0.20373936664403147,"[0.2001249780406308, 0.20733075663640768, 0.20298103453272165, 0.20238939197208433, 0.20587067203831294]",,,,,
sub-04,IP0,V8,train,sub-10,linear_predictivity,196,96,0.06332273179948457,,"[1000.0, 1000.0, 3162.277660168379, 1000.0, 1000.0]",0.1294477530195131,0.9931734128065483,0.8703315838267036,0.9328064404649995
sub-04,IP0,V8,test,sub-10,linear_predictivity,196,96,0.13407685402670522,"[0.14133418975818535, 0.1429058505861719, 0.1091002880910333, 0.13444990148940647, 0.14259404020872915]",,,,,
sub-04,IP0,FFC,train,sub-10,linear_predictivity,196,244,0.06846826635832003,,"[1000.0, 1000.0, 1000.0, 1000.0, 1000.0]",0.13656138545622962,0.9941986836701233,0.863269782609423,0.9286806003755068
sub-04,IP0,FFC,test,sub-10,linear_predictivity,196,244,0.16883512714871718,"[0.16429278787072785, 0.1650439917882319, 0.16970850761210904, 0.16742738954123323, 0.17770295893128382]",,,,,
sub-04,IP0,PIT,train,sub-10,linear_predictivity,196,100,0.07654691385757963,,"[1000.0, 1000.0, 1000.0, 1000.0, 1000.0]",0.14402568810530064,0.9892803259071702,0.8558198978926793,0.9207994261852172
sub-04,IP0,PIT,test,sub-10,linear_predictivity,196,100,0.1709686227273194,"[0.1654868198221091, 0.16764859234664597, 0.1736591041811203, 0.16972271172105974, 0.17832588556566198]",,,,,
sub-04,IP0,IPS1,train,sub-10,linear_predictivity,196,166,0.09359233071663013,,"[1000.0, 1000.0, 1000.0, 1000.0, 1000.0]",0.1622572530473168,0.9787504852043074,0.8374239960857507,0.9012058087345995
sub-04,IP0,IPS1,test,sub-10,linear_predictivity,196,166,0.2010635737713502,"[0.19675312489870925, 0.19744462875684352, 0.20652845987978255, 0.1982553152716999, 0.2063363400497157]",,,,,
sub-04,IP0,MST,train,sub-10,linear_predictivity,196,135,0.15869508666406357,,"[316.2277660168379, 316.2277660168379, 316.2277660168379, 316.2277660168379, 316.2277660168379]",0.26175155574599424,0.9391751954693717,0.7380598541233827,0.8376844868043083
sub-04,IP0,MST,test,sub-10,linear_predictivity,196,135,0.31895130354610757,"[0.3074715489678191, 0.32346323971463187, 0.3149911564233557, 0.32450571348893514, 0.32432485913579623]",,,,,
sub-04,IP0,MT,train,sub-10,linear_predictivity,196,86,0.12749766827690093,,"[316.2277660168379, 316.2277660168379, 316.2277660168379, 316.2277660168379, 316.2277660168379]",0.23116901239242577,0.9605920198732953,0.7686627373375242,0.8694583890893274
sub-04,IP0,MT,test,sub-10,linear_predictivity,196,86,0.2424657726987844,"[0.2341361277159464, 0.25280230588008257, 0.23418638328291766, 0.24837738324953976, 0.24282666336543565]",,,,,
sub-04,IP0,FST,train,sub-10,linear_predictivity,196,167,0.1702974128840716,,"[1000.0, 1000.0, 1000.0, 1000.0, 1000.0]",0.23197368318119307,0.9344039437905437,0.7676102112235866,0.8229269871830354
sub-04,IP0,FST,test,sub-10,linear_predictivity,196,167,0.2780333382597204,"[0.2794354383636551, 0.2833144015555853, 0.2758374511625421, 0.27230367265085864, 0.27927572756596075]",,,,,
sub-04,IP0,LO1,train,sub-10,linear_predictivity,196,78,0.10415891410517783,,"[1000.0, 1000.0, 1000.0, 1000.0, 1000.0]",0.1704718870026561,0.9726971435773821,0.8292936390695372,0.8920420041929574
sub-04,IP0,LO1,test,sub-10,linear_predictivity,196,78,0.1925190407985735,"[0.19281238662341307, 0.19428655535707565, 0.18831938744620347, 0.19041998727071038, 0.19675688729546495]",,,,,
sub-04,IP0,LO2,train,sub-10,linear_predictivity,196,80,0.09836248813845189,,"[1000.0, 1000.0, 1000.0, 1000.0, 1000.0]",0.1638238746557248,0.9786328540633745,0.8360024400984163,0.8989481556261639
sub-04,IP0,LO2,test,sub-10,linear_predictivity,196,80,0.1978665149684246,"[0.19340307462416564, 0.19343202878186516, 0.19861801872896612, 0.19772875766383818, 0.20615069504328803]",,,,,
sub-04,IP0,LO3,train,sub-10,linear_predictivity,196,113,0.10620543310038492,,"[1000.0, 1000.0, 1000.0, 1000.0, 1000.0]",0.1722366919300261,0.970984813747582,0.8274562560339925,0.8891257218486899
sub-04,IP0,LO3,test,sub-10,linear_predictivity,196,113,0.17998945421999052,"[0.17924802151821226, 0.18049305473894164, 0.1762143807264093, 0.18063726864248486, 0.18335454547390462]",,,,,
sub-04,IP0,V7,train,sub-10,linear_predictivity,196,61,0.13283346284048725,,"[1000.0, 1000.0, 1000.0, 1000.0, 1000.0]",0.19595739266905715,0.9606027879753046,0.8037723342127767,0.8628454351478805
sub-04,IP0,V7,test,sub-10,linear_predictivity,196,61,0.20373936664403147,"[0.2001249780406308, 0.20733075663640768, 0.20298103453272165, 0.20238939197208433, 0.20587067203831294]",,,,,
sub-04,IP0,IP0,train,sub-10,linear_predictivity,196,103,0.0863796581570055,,"[1000.0, 1000.0, 3162.277660168379, 1000.0, 1000.0]",0.1502956611037625,0.9792010619811201,0.8494365603034169,0.9088478353490654
sub-04,IP0,IP0,test,sub-10,linear_predictivity,196,103,0.1847951974615094,"[0.18939067677111568, 0.19135608039781415, 0.1613456266764384, 0.18582682533215047, 0.19605677813002842]",,,,,
sub-04,IP0,IP1,train,sub-10,linear_predictivity,196,33,0.03222030145604694,,"[3162.277660168379, 3162.277660168379, 3162.277660168379, 3162.277660168379, 3162.277660168379]",0.07180442451089557,1.017562332934061,0.9279440782769359,0.9639362711372055
sub-04,IP0,IP1,test,sub-10,linear_predictivity,196,33,0.08157448616565735,"[0.08557766926462773, 0.08124534626887847, 0.07865674969584105, 0.07656714141744227, 0.08582552418149716]",,,,,
sub-04,IP0,MIP,train,sub-10,linear_predictivity,196,178,0.052638087680627506,,"[3162.277660168379, 3162.277660168379, 3162.277660168379, 3162.277660168379, 3162.277660168379]",0.09465914613325008,1.004774123311822,0.9049597544748584,0.9409712798299907
sub-04,IP0,MIP,test,sub-10,linear_predictivity,196,178,0.1079295635166119,"[0.11313106337845409, 0.10811413401389061, 0.10661619617107923, 0.1073143936350541, 0.10447203038458147]",,,,,
sub-04,IP0,VIP,train,sub-10,linear_predictivity,196,100,0.0847864648366632,,"[1000.0, 1000.0, 1000.0, 1000.0, 3162.277660168379]",0.1461647370507298,0.9843698167505822,0.8535158444797919,0.9116762633230062
sub-04,IP0,VIP,test,sub-10,linear_predictivity,196,100,0.16451148186064335,"[0.16824640821672746, 0.167321955115276, 0.17356390109184874, 0.16400569792027095, 0.14941944695909357]",,,,,
sub-04,IP0,LIPd,train,sub-10,linear_predictivity,196,31,0.013887513709264249,,"[3162.277660168379, 10000.0, 3162.277660168379, 10000.0, 10000.0]",0.043757141429913535,1.0282276361932863,0.9560375301864358,0.983196342697765
sub-04,IP0,LIPd,test,sub-10,linear_predictivity,196,31,0.04589466147625554,"[0.05043065437470875, 0.044744498261827644, 0.05395829442680807, 0.036968129249191024, 0.04337173106874221]",,,,,
sub-04,IP0,LIPv,train,sub-10,linear_predictivity,196,75,0.049538665993704545,,"[3162.277660168379, 3162.277660168379, 3162.277660168379, 3162.277660168379, 3162.277660168379]",0.0883669426165689,1.007305390513701,0.9113559232942997,0.9461691909332132
sub-04,IP0,LIPv,test,sub-10,linear_predictivity,196,75,0.09956162328146947,"[0.0955415607258808, 0.09978447675312249, 0.10397580917696778, 0.0992172599288712, 0.09928900982250509]",,,,,
sub-04,IP0,AIP,train,sub-10,linear_predictivity,196,409,0.04184790352875855,,"[3162.277660168379, 3162.277660168379, 3162.277660168379, 3162.277660168379, 3162.277660168379]",0.0901721459841878,1.0068255410826974,0.9093558831116552,0.9502317283616784
sub-04,IP0,AIP,test,sub-10,linear_predictivity,196,409,0.1329363396811244,"[0.13334783369762251, 0.14546960524026387, 0.1281268870695404, 0.12232287750585026, 0.13541449489234492]",,,,,
sub-04,IP0,7Pm,train,sub-10,linear_predictivity,196,21,0.03428512072366011,,"[3162.277660168379, 3162.277660168379, 3162.277660168379, 3162.277660168379, 3162.277660168379]",0.070483567783501,1.0202501461972648,0.9293288635713781,0.9625740186001321
sub-04,IP0,7Pm,test,sub-10,linear_predictivity,196,21,0.07877260939618463,"[0.08172864370002537, 0.08078499646763117, 0.07578006631805684, 0.07772841630510328, 0.07784092419010652]",,,,,
sub-04,IP0,7PL,train,sub-10,linear_predictivity,196,106,0.1006819059820379,,"[1000.0, 1000.0, 1000.0, 1000.0, 1000.0]",0.16449637803727696,0.9803626501549978,0.8353355894322299,0.8963244527361443
sub-04,IP0,7PL,test,sub-10,linear_predictivity,196,106,0.208376069973986,"[0.20686976709874086, 0.2063520999962746, 0.2101271474563349, 0.2111088808150278, 0.20742245450355185]",,,,,
sub-04,IP0,7PC,train,sub-10,linear_predictivity,196,224,0.06763520636201598,,"[3162.277660168379, 3162.277660168379, 3162.277660168379, 3162.277660168379, 3162.277660168379]",0.10945781082296209,0.9946534349028731,0.8901230096824186,0.9255924640849613
sub-04,IP0,7PC,test,sub-10,linear_predictivity,196,224,0.1475011860380096,"[0.14954816791020467, 0.1544520299049536, 0.14342100855764728, 0.14028208218505658, 0.14980264163218587]",,,,,
sub-04,IP0,7Am,train,sub-10,linear_predictivity,196,186,0.04634990251461318,,"[3162.277660168379, 1000.0, 1000.0, 1000.0, 1000.0]",0.11252910841187938,1.0051367495151902,0.8873646813965277,0.9484914142587835
sub-04,IP0,7Am,test,sub-10,linear_predictivity,196,186,0.12983361402395358,"[0.116088644017091, 0.1411410513601135, 0.12619245792598494, 0.13653509612408452, 0.12921082069249387]",,,,,
sub-04,IP0,7AL,train,sub-10,linear_predictivity,196,158,0.044071952270959905,,"[1000.0, 3162.277660168379, 3162.277660168379, 1000.0, 3162.277660168379]",0.09769430066295863,1.008280912734993,0.9018709982628288,0.9498856822948698
sub-04,IP0,7AL,test,sub-10,linear_predictivity,196,158,0.09423795404259026,"[0.10512528259334421, 0.09325742846446147, 0.08467137320599538, 0.09898647701662004, 0.08914920893253021]",,,,,
sub-04,IP0,VVC,train,sub-10,linear_predictivity,196,196,0.05773032347355724,,"[1000.0, 1000.0, 3162.277660168379, 1000.0, 1000.0]",0.1247030383033477,0.9962679001243246,0.8749320462905488,0.937382862160085
sub-04,IP0,VVC,test,sub-10,linear_predictivity,196,196,0.13893282219773745,"[0.14125090414878716, 0.14546671645725273, 0.11977441889120963, 0.13872814072360842, 0.14944393076782939]",,,,,
sub-04,IP0,VMV2,train,sub-10,linear_predictivity,196,94,0.1153852346074373,,"[1000.0, 1000.0, 1000.0, 1000.0, 1000.0]",0.18480454855292683,0.9668599224161945,0.8149635962028416,0.8806484376572294
sub-04,IP0,VMV2,test,sub-10,linear_predictivity,196,94,0.2778185037288862,"[0.2711860930925735, 0.2759125837115641, 0.278913687579854, 0.2770003180512487, 0.28607983620919075]",,,,,
sub-04,IP0,VMV3,train,sub-10,linear_predictivity,196,98,0.0896177414481149,,"[1000.0, 1000.0, 1000.0, 1000.0, 1000.0]",0.1589282348412664,0.9772211060595929,0.8407411923120831,0.9048363439192176
sub-04,IP0,VMV3,test,sub-10,linear_predictivity,196,98,0.16835879259333247,"[0.17420270548837988, 0.1687269534442901, 0.1655550239190069, 0.16065606941394045, 0.172653210701045]",,,,,
sub-04,IP0,VMV1,train,sub-10,linear_predictivity,196,42,0.0664286361334865,,"[1000.0, 1000.0, 1000.0, 1000.0, 1000.0]",0.14023627362547145,0.9919443353549827,0.8594415858146816,0.9280235677095453
sub-04,IP0,VMV1,test,sub-10,linear_predictivity,196,42,0.17809506191876728,"[0.17542620003563736, 0.18600210657259378, 0.1770973850398046, 0.1736292584802117, 0.17832035946558897]",,,,,
sub-04,IP0,PHA2,train,sub-10,linear_predictivity,196,21,0.07049089080012845,,"[1000.0, 1000.0, 1000.0, 1000.0, 1000.0]",0.1459366151703183,0.9895367817684025,0.8538137107365932,0.924988915294872
sub-04,IP0,PHA2,test,sub-10,linear_predictivity,196,21,0.24076315877258195,"[0.2334294710795182, 0.24299310473995545, 0.24039630842896062, 0.2433352558752214, 0.24366165373925386]",,,,,
sub-04,IP0,PHA3,train,sub-10,linear_predictivity,196,104,0.09287192762086452,,"[1000.0, 1000.0, 1000.0, 1000.0, 1000.0]",0.162068786141295,0.9803786983460998,0.8376652076961862,0.9028737899998042
sub-04,IP0,PHA3,test,sub-10,linear_predictivity,196,104,0.26752683948321376,"[0.26413812493765765, 0.262585742662468, 0.26328396725955855, 0.2705190480098055, 0.2771073145465792]",,,,,
sub-04,IP0,PH,train,sub-10,linear_predictivity,196,261,0.100146653384592,,"[1000.0, 1000.0, 1000.0, 1000.0, 1000.0]",0.16726871668116355,0.9754526647749117,0.8325127494347123,0.8961331792302261
sub-04,IP0,PH,test,sub-10,linear_predictivity,196,261,0.1834453473698606,"[0.17946513379158238, 0.18241636516843512, 0.18507208781834616, 0.1793372835618788, 0.19093586650906044]",,,,,
sub-04,IP1,V1,train,sub-10,linear_predictivity,49,553,-0.003290106848717018,,"[3162.277660168379, 3162.277660168379, 3162.277660168379, 3162.277660168379, 10000.0]",0.01624956727435924,1.0114495195632003,0.9835189894463727,0.9995002828093018
sub-04,IP1,V1,test,sub-10,linear_predictivity,49,553,-0.014448973353940959,"[-0.012325736940636201, -0.014162833178772588, -0.012728796262840765, -0.014909186810628368, -0.018118313576826865]",,,,,
sub-04,IP1,V2,train,sub-10,linear_predictivity,49,516,-0.0011640331642368965,,"[3162.277660168379, 3162.277660168379, 3162.277660168379, 3162.277660168379, 3162.277660168379]",0.0204375043692942,1.0100645085100937,0.9793253810758354,0.9972278055192166
sub-04,IP1,V2,test,sub-10,linear_predictivity,49,516,-0.025009990264770597,"[-0.02337753495277716, -0.023291717649599437, -0.0241774774236263, -0.026276427718930243, -0.02792679357891984]",,,,,
sub-04,IP1,V3,train,sub-10,linear_predictivity,49,400,0.0005641625815661509,,"[3162.277660168379, 3162.277660168379, 3162.277660168379, 3162.277660168379, 3162.277660168379]",0.020799951277259924,1.0092355498886676,0.9790057834955043,0.9962550267745727
sub-04,IP1,V3,test,sub-10,linear_predictivity,49,400,-0.02821776121556869,"[-0.029910801377409715, -0.026600273152521156, -0.025570105535117297, -0.028227599207914712, -0.030780026804880557]",,,,,
sub-04,IP1,V4,train,sub-10,linear_predictivity,49,574,0.011039462640338222,,"[1000.0, 1000.0, 1000.0, 1000.0, 1000.0]",0.04505706098001461,1.003495923787425,0.9547396959285456,0.9856473998593096
sub-04,IP1,V4,test,sub-10,linear_predictivity,49,574,-0.002396993716653739,"[-0.0023681801921893522, -0.0029669277467701764, -0.0018687408222595753, -0.0029502042046481987, -0.0018309156174013935]",,,,,
sub-04,IP1,V3A,train,sub-10,linear_predictivity,49,85,0.0015294445894469175,,"[3162.277660168379, 3162.277660168379, 3162.277660168379, 3162.277660168379, 3162.277660168379]",0.02228247899282591,1.0095857408224804,0.9775330673567639,0.9953849395700367
sub-04,IP1,V3A,test,sub-10,linear_predictivity,49,85,-0.002967957011022741,"[-0.002972854766503325, -0.003925364233846922, -0.0030954851255780287, -0.0032166093273643353, -0.0016294716018210936]",,,,,
sub-04,IP1,V3B,train,sub-10,linear_predictivity,49,99,0.010295197626687269,,"[1000.0, 1000.0, 3162.277660168379, 1000.0, 1000.0]",0.043620887997054214,1.0030724260330086,0.9561940581311233,0.9866760379958853
sub-04,IP1,V3B,test,sub-10,linear_predictivity,49,99,0.021571164425754484,"[0.028244281110070484, 0.02462986786936756, 0.007842702514996415, 0.020278253257549256, 0.0268607173767887]",,,,,
sub-04,IP1,V6,train,sub-10,linear_predictivity,49,11,0.017622022283368958,,"[1000.0, 1000.0, 1000.0, 1000.0, 1000.0]",0.04779951872015463,1.0019074108766304,0.9520067205179593,0.9792503262710296
sub-04,IP1,V6,test,sub-10,linear_predictivity,49,11,0.030504528748302024,"[0.030202840196493927, 0.0370965924311115, 0.025506397325738953, 0.03487156947177017, 0.024845244316395565]",,,,,
sub-04,IP1,V6A,train,sub-10,linear_predictivity,49,45,0.010062107686129338,,"[1000.0, 1000.0, 3162.277660168379, 1000.0, 1000.0]",0.04296678839913311,1.004711598524682,0.956770038115262,0.9866656600121146
sub-04,IP1,V6A,test,sub-10,linear_predictivity,49,45,0.03556916019844233,"[0.03620340430901486, 0.038443305466180536, 0.028095313302542835, 0.032670851142295385, 0.04243292677217801]",,,,,
sub-04,IP1,V7,train,sub-10,linear_predictivity,49,61,0.045971257776260974,,"[1000.0, 316.2277660168379, 1000.0, 1000.0, 316.2277660168379]",0.09030188045667943,0.9846240138568689,0.9094417017073905,0.9506575426722769
sub-04,IP1,V7,test,sub-10,linear_predictivity,49,61,0.08509571442915455,"[0.07706182391139083, 0.08975650416403942, 0.07993291008196943, 0.0730016339531109, 0.10572570003526215]",,,,,
sub-04,IP1,V8,train,sub-10,linear_predictivity,49,96,-0.0018554367438920695,,"[3162.277660168379, 3162.277660168379, 3162.277660168379, 3162.277660168379, 3162.277660168379]",0.021024034447340762,1.0096923177482813,0.9787451222673382,0.9981812724272612
sub-04,IP1,V8,test,sub-10,linear_predictivity,49,96,-0.030490544191242037,"[-0.0252346493465557, -0.028285017172133057, -0.02705080311420752, -0.03391669631139536, -0.03796555501191857]",,,,,
sub-04,IP1,FFC,train,sub-10,linear_predictivity,49,244,0.010890452113575677,,"[1000.0, 1000.0, 1000.0, 1000.0, 1000.0]",0.043940287801515945,1.0029037130812055,0.9559015708337869,0.9864661384438866
sub-04,IP1,FFC,test,sub-10,linear_predictivity,49,244,0.03483764451989267,"[0.03494102694902206, 0.03949741728323808, 0.03389768694562913, 0.03085161064441706, 0.03500048077715703]",,,,,
sub-04,IP1,PIT,train,sub-10,linear_predictivity,49,100,0.01473258123633287,,"[1000.0, 1000.0, 1000.0, 1000.0, 1000.0]",0.04588214292983141,1.0033065892455997,0.9539745957843172,0.9828060932614304
sub-04,IP1,PIT,test,sub-10,linear_predictivity,49,100,0.02441399389684204,"[0.01857487137694112, 0.02984631988970597, 0.027918082512684475, 0.01681387574929395, 0.02891681995558467]",,,,,
sub-04,IP1,IPS1,train,sub-10,linear_predictivity,49,166,0.03162046538966517,,"[1000.0, 1000.0, 1000.0, 1000.0, 1000.0]",0.06778452701219279,0.9919988748894226,0.9319357089466198,0.9638660033851141
sub-04,IP1,IPS1,test,sub-10,linear_predictivity,49,166,0.06652506337664099,"[0.06374126268935262, 0.06525149794154887, 0.06610867622666514, 0.0621856942945509, 0.07533818573108739]",,,,,
sub-04,IP1,MST,train,sub-10,linear_predictivity,49,135,0.03287225817595686,,"[316.2277660168379, 316.2277660168379, 316.2277660168379, 316.2277660168379, 316.2277660168379]",0.08667829319183541,0.9913303942300299,0.9131467775501168,0.9641824629614485
sub-04,IP1,MST,test,sub-10,linear_predictivity,49,135,0.08282724928907718,"[0.07937154463400274, 0.0863938522896573, 0.08376393630575513, 0.07992457889088181, 0.08468233432508895]",,,,,
sub-04,IP1,MT,train,sub-10,linear_predictivity,49,86,0.008688864404189775,,"[316.2277660168379, 316.2277660168379, 1000.0, 316.2277660168379, 316.2277660168379]",0.06362536286640377,0.9998747535589189,0.9361370890633669,0.9882970952670955
sub-04,IP1,MT,test,sub-10,linear_predictivity,49,86,0.03097943137253457,"[0.03482170936308634, 0.03805368954597988, 0.013645283274118446, 0.03524357031620268, 0.03313290436328553]",,,,,
sub-04,IP1,FST,train,sub-10,linear_predictivity,49,167,0.0826807827283345,,"[316.2277660168379, 316.2277660168379, 316.2277660168379, 316.2277660168379, 316.2277660168379]",0.13565669956442664,0.9674975731096606,0.8639660782616145,0.9112358137043829
sub-04,IP1,FST,test,sub-10,linear_predictivity,49,167,0.16019217294465085,"[0.1503882321292657, 0.1734962280283834, 0.1601555883660935, 0.14516831464293803, 0.17175250155657365]",,,,,
sub-04,IP1,LO1,train,sub-10,linear_predictivity,49,78,0.007573099506580809,,"[1000.0, 1000.0, 1000.0, 1000.0, 316.2277660168379]",0.046595954440939245,1.003148629851959,0.9531897309600993,0.9890372027849962
sub-04,IP1,LO1,test,sub-10,linear_predictivity,49,78,0.015028957772942214,"[0.01372234370541984, 0.014930497558143793, 0.008338887301153676, 0.013919362994654584, 0.02423369730533917]",,,,,
sub-04,IP1,LO2,train,sub-10,linear_predictivity,49,80,0.027374785498121716,,"[1000.0, 316.2277660168379, 1000.0, 1000.0, 316.2277660168379]",0.06913719489006706,0.9953486381544501,0.9307044923871333,0.970149398151675
sub-04,IP1,LO2,test,sub-10,linear_predictivity,49,80,0.06495651635437358,"[0.052923643167736775, 0.08071145232473206, 0.05924881948206297, 0.04853363636450237, 0.08336503043283376]",,,,,
sub-04,IP1,LO3,train,sub-10,linear_predictivity,49,113,0.010118589054285724,,"[1000.0, 1000.0, 1000.0, 1000.0, 1000.0]",0.04596691383695039,1.001362309620903,0.9537832727038376,0.9858129331339572
sub-04,IP1,LO3,test,sub-10,linear_predictivity,49,113,0.0062592548498621985,"[0.008486443630286325, 0.003381897399198855, 0.006820910718022576, 0.0025422831736605224, 0.01006473932814272]",,,,,
sub-04,IP1,V7,train,sub-10,linear_predictivity,49,61,0.045971257776260974,,"[1000.0, 316.2277660168379, 1000.0, 1000.0, 316.2277660168379]",0.09030188045667943,0.9846240138568689,0.9094417017073905,0.9506575426722769
sub-04,IP1,V7,test,sub-10,linear_predictivity,49,61,0.08509571442915455,"[0.07706182391139083, 0.08975650416403942, 0.07993291008196943, 0.0730016339531109, 0.10572570003526215]",,,,,
sub-04,IP1,IP0,train,sub-10,linear_predictivity,49,103,0.02289046976004412,,"[1000.0, 1000.0, 1000.0, 1000.0, 1000.0]",0.05967474929184326,0.9965779987380273,0.9400852504219586,0.9729421380149447
sub-04,IP1,IP0,test,sub-10,linear_predictivity,49,103,0.05805367197881913,"[0.05925778958006052, 0.06096131891979982, 0.05604265588637028, 0.05279642289107252, 0.06121017261679253]",,,,,
sub-04,IP1,IP1,train,sub-10,linear_predictivity,49,33,0.011482559174330437,,"[3162.277660168379, 3162.277660168379, 3162.277660168379, 3162.277660168379, 3162.277660168379]",0.03259342158783512,1.0049691205478388,0.9671931967163158,0.9853139200396278
sub-04,IP1,IP1,test,sub-10,linear_predictivity,49,33,0.03288541106948097,"[0.032699907722028215, 0.0361249266563201, 0.032941608439451486, 0.027572950246262655, 0.03508766228334244]",,,,,
sub-04,IP1,MIP,train,sub-10,linear_predictivity,49,178,0.005376384698715753,,"[3162.277660168379, 3162.277660168379, 3162.277660168379, 3162.277660168379, 3162.277660168379]",0.02803025820610023,1.0058894691554123,0.9716230690367984,0.9887521266807351
sub-04,IP1,MIP,test,sub-10,linear_predictivity,49,178,0.01883330464099647,"[0.020952800569641945, 0.013613034464607708, 0.022262799011071643, 0.017570972369238286, 0.019766916790422768]",,,,,
sub-04,IP1,VIP,train,sub-10,linear_predictivity,49,100,0.013522880496521715,,"[3162.277660168379, 3162.277660168379, 3162.277660168379, 1000.0, 1000.0]",0.039307894107539446,1.003331292281572,0.9605709277103827,0.9831090957500306
sub-04,IP1,VIP,test,sub-10,linear_predictivity,49,100,0.029098521673630147,"[0.027542524633296425, 0.020187718771914033, 0.02546976800084812, 0.031630535107584484, 0.04066206185450768]",,,,,
sub-04,IP1,LIPd,train,sub-10,linear_predictivity,49,31,0.008382649418095934,,"[3162.277660168379, 3162.277660168379, 3162.277660168379, 3162.277660168379, 3162.277660168379]",0.02714653336819456,1.0071628545277658,0.9726752029684944,0.9887246680766422
sub-04,IP1,LIPd,test,sub-10,linear_predictivity,49,31,0.025838619948608248,"[0.02711175523312383, 0.026512873605662637, 0.026748781185424415, 0.021077674023031172, 0.02774201569579921]",,,,,
sub-04,IP1,LIPv,train,sub-10,linear_predictivity,49,75,0.013648735503151117,,"[3162.277660168379, 1000.0, 3162.277660168379, 3162.277660168379, 1000.0]",0.040004553992474955,1.002657931114534,0.9597257529814242,0.9828143260714821
sub-04,IP1,LIPv,test,sub-10,linear_predictivity,49,75,0.03056816626081608,"[0.026895301666594863, 0.03364758978159794, 0.028890574772762675, 0.022191718119130257, 0.04121564696399468]",,,,,
sub-04,IP1,AIP,train,sub-10,linear_predictivity,49,409,0.024109179257212475,,"[1000.0, 1000.0, 1000.0, 1000.0, 1000.0]",0.06069780424742769,0.9955772366458173,0.9388903180142629,0.9690423381482385
sub-04,IP1,AIP,test,sub-10,linear_predictivity,49,409,0.07788931553782065,"[0.07350272254433741, 0.0867069783673345, 0.07612196235637766, 0.06926467084827076, 0.08385024357278285]",,,,,
sub-04,IP1,7Pm,train,sub-10,linear_predictivity,49,21,1.6699316543759365e-05,,"[3162.277660168379, 3162.277660168379, 3162.277660168379, 3162.277660168379, 3162.277660168379]",0.019914961716232533,1.0103592073482235,0.9798752010731449,0.9967087227539297
sub-04,IP1,7Pm,test,sub-10,linear_predictivity,49,21,0.007431333011370054,"[0.00840710146009642, 0.0014814859845004435, 0.006546936219687203, 0.010829376099714587, 0.009891765292851623]",,,,,
sub-04,IP1,7PL,train,sub-10,linear_predictivity,49,106,0.010470494417721061,,"[1000.0, 1000.0, 1000.0, 1000.0, 1000.0]",0.04170725892355538,1.0049851177708686,0.9580948103525285,0.9861087250097824
sub-04,IP1,7PL,test,sub-10,linear_predictivity,49,106,0.047289916517049634,"[0.049306768979856724, 0.03884715652418082, 0.05103711180621381, 0.04565312164823514, 0.05160542362676169]",,,,,
sub-04,IP1,7PC,train,sub-10,linear_predictivity,49,224,0.030325630187078144,,"[1000.0, 316.2277660168379, 1000.0, 1000.0, 1000.0]",0.07308754258998533,0.9909913755122004,0.9264601680392118,0.9633568415389219
sub-04,IP1,7PC,test,sub-10,linear_predictivity,49,224,0.07779196014608178,"[0.0681481421091453, 0.09808810864831377, 0.07506562905130339, 0.06460511653048809, 0.08305280439115834]",,,,,
sub-04,IP1,7Am,train,sub-10,linear_predictivity,49,186,0.0011485689350407321,,"[1000.0, 1000.0, 3162.277660168379, 1000.0, 1000.0]",0.03717719791420139,1.0055373760306605,0.9624329071115693,0.9931902422619536
sub-04,IP1,7Am,test,sub-10,linear_predictivity,49,186,0.024031153691639523,"[0.02422538384898303, 0.02549178987054407, 0.016491712832797437, 0.02671671025727778, 0.02723017164859529]",,,,,
sub-04,IP1,7AL,train,sub-10,linear_predictivity,49,158,0.007195652312548522,,"[1000.0, 1000.0, 1000.0, 1000.0, 1000.0]",0.04618535680989263,1.0029333156670002,0.9534728643940967,0.9869478784455241
sub-04,IP1,7AL,test,sub-10,linear_predictivity,49,158,0.02259684019886381,"[0.011083476611054523, 0.030306491646978764, 0.023242151915050364, 0.017672043885033715, 0.0306800369362017]",,,,,
sub-04,IP1,VVC,train,sub-10,linear_predictivity,49,196,0.003933776429946204,,"[1000.0, 1000.0, 3162.277660168379, 1000.0, 1000.0]",0.04234787097389893,1.0037605008144461,0.9573529053053473,0.9915760283867412
sub-04,IP1,VVC,test,sub-10,linear_predictivity,49,196,0.039436470253257194,"[0.04878754237642789, 0.043364514225250346, 0.022265878094282127, 0.0393437668883027, 0.0434206496820229]",,,,,
sub-04,IP1,VMV2,train,sub-10,linear_predictivity,49,94,0.011007853861674872,,"[1000.0, 1000.0, 1000.0, 316.2277660168379, 316.2277660168379]",0.057419016778864664,0.9994281427294315,0.9422767721666118,0.9847190590079891
sub-04,IP1,VMV2,test,sub-10,linear_predictivity,49,94,0.06874250296706988,"[0.0594832880406579, 0.058552352711518194, 0.05670444315026296, 0.08853069350814305, 0.08044173742476729]",,,,,
sub-04,IP1,VMV3,train,sub-10,linear_predictivity,49,98,0.0025851519807842315,,"[1000.0, 3162.277660168379, 3162.277660168379, 1000.0, 1000.0]",0.03603267733990152,1.005538944879563,0.9636678783636263,0.9927006643518734
sub-04,IP1,VMV3,test,sub-10,linear_predictivity,49,98,-0.018215317588287885,"[-0.0015335690471986055, -0.022074907617248667, -0.03372710979264743, -0.01668707285426987, -0.017053928630074853]",,,,,
sub-04,IP1,VMV1,train,sub-10,linear_predictivity,49,42,0.007401262097440922,,"[1000.0, 1000.0, 1000.0, 1000.0, 1000.0]",0.045516472706231104,1.0014639859118415,0.9541310580217536,0.9865556202040942
sub-04,IP1,VMV1,test,sub-10,linear_predictivity,49,42,0.03610500525255373,"[0.041045466737443796, 0.04096896040706769, 0.03629914549044251, 0.032656664842489, 0.029554788785325675]",,,,,
sub-04,IP1,PHA2,train,sub-10,linear_predictivity,49,21,0.009541331851839127,,"[1000.0, 1000.0, 1000.0, 1000.0, 1000.0]",0.049974166549687254,1.0010891232469161,0.9497473719203489,0.9853671963062961
sub-04,IP1,PHA2,test,sub-10,linear_predictivity,49,21,0.07743782685324092,"[0.07596151476541102, 0.07934308110044849, 0.0811962267514654, 0.07455189487565614, 0.07613641677322358]",,,,,
sub-04,IP1,PHA3,train,sub-10,linear_predictivity,49,104,0.01210349575939097,,"[1000.0, 1000.0, 1000.0, 1000.0, 1000.0]",0.0487663729472236,1.0007896320613945,0.9509968281568494,0.9839238636843357
sub-04,IP1,PHA3,test,sub-10,linear_predictivity,49,104,0.07693804250047276,"[0.07966406657562874, 0.07425726760106677, 0.07335145957993591, 0.07798886108189208, 0.07942855766384026]",,,,,
sub-04,IP1,PH,train,sub-10,linear_predictivity,49,261,0.037486432464098836,,"[1000.0, 316.2277660168379, 1000.0, 1000.0, 316.2277660168379]",0.08099328079185279,0.9881598076310716,0.918771763855028,0.9589839394700244
sub-04,IP1,PH,test,sub-10,linear_predictivity,49,261,0.08523298554807515,"[0.0750724205878505, 0.10035623128611436, 0.07673368819953885, 0.0719719519032954, 0.10203063576357661]",,,,,
sub-04,MIP,V1,train,sub-10,linear_predictivity,237,553,0.008307794063272977,,"[3162.277660168379, 3162.277660168379, 3162.277660168379, 3162.277660168379, 3162.277660168379]",0.06200856753604476,1.040071146959778,0.9377777590698972,0.9878824419073787
sub-04,MIP,V1,test,sub-10,linear_predictivity,237,553,0.012635684771691538,"[0.014762129874528657, 0.010672883016599433, 0.01254011248463388, 0.015528751794903267, 0.009674546687792456]",,,,,
sub-04,MIP,V2,train,sub-10,linear_predictivity,237,516,0.009840428291080384,,"[10000.0, 3162.277660168379, 3162.277660168379, 3162.277660168379, 3162.277660168379]",0.05906308967111158,1.0380377227385913,0.9407171782962658,0.9861840974884009
sub-04,MIP,V2,test,sub-10,linear_predictivity,237,516,0.0007703720866241771,"[-0.0038714267493563377, 0.0014870646232378435, 0.003706745403856266, 0.005529928045840162, -0.003000450890457049]",,,,,
sub-04,MIP,V3,train,sub-10,linear_predictivity,237,400,0.01648182650059195,,"[3162.277660168379, 3162.277660168379, 3162.277660168379, 3162.277660168379, 3162.277660168379]",0.06749763018123682,1.0324594743836388,0.9323133663350875,0.9803161370767028
sub-04,MIP,V3,test,sub-10,linear_predictivity,237,400,-0.0037900945987022774,"[-0.007648376668101145, -0.002373747378559604, -0.0010164041230726428, 0.0008536454080994205, -0.008765590231877418]",,,,,
sub-04,MIP,V4,train,sub-10,linear_predictivity,237,574,0.039621678473538834,,"[3162.277660168379, 3162.277660168379, 3162.277660168379, 3162.277660168379, 3162.277660168379]",0.08995103862812932,1.0169755001048606,0.9098399578543941,0.9569606864566829
sub-04,MIP,V4,test,sub-10,linear_predictivity,237,574,0.043529280410390114,"[0.04236783930071191, 0.04408590362829309, 0.04272942179040347, 0.04950677208212561, 0.0389564652504165]",,,,,
sub-04,MIP,V3A,train,sub-10,linear_predictivity,237,85,0.022247563184087937,,"[3162.277660168379, 3162.277660168379, 3162.277660168379, 3162.277660168379, 3162.277660168379]",0.07407838349782145,1.0279983613318062,0.9257082997590874,0.9741895857482558
sub-04,MIP,V3A,test,sub-10,linear_predictivity,237,85,0.03804342970750451,"[0.035004827437699865, 0.03607812137079542, 0.041503191052571, 0.04296150769611003, 0.034669500980346234]",,,,,
sub-04,MIP,V3B,train,sub-10,linear_predictivity,237,99,0.0634410799627858,,"[3162.277660168379, 1000.0, 1000.0, 3162.277660168379, 1000.0]",0.1364815894335525,1.0021344006639814,0.8635125675408186,0.9334424569160615
sub-04,MIP,V3B,test,sub-10,linear_predictivity,237,99,0.11043362095626148,"[0.09764283227671584, 0.11883243968309565, 0.12160653883235142, 0.10080929670121729, 0.11327699728792717]",,,,,
sub-04,MIP,V6,train,sub-10,linear_predictivity,237,11,0.04258157660489004,,"[3162.277660168379, 3162.277660168379, 3162.277660168379, 3162.277660168379, 3162.277660168379]",0.09137909478734907,1.0160725853557055,0.9084058093555871,0.9540264796608439
sub-04,MIP,V6,test,sub-10,linear_predictivity,237,11,0.10247336302677827,"[0.09642529106717558, 0.10471826489363294, 0.10145305716832215, 0.10810861886763581, 0.10166158313712494]",,,,,
sub-04,MIP,V6A,train,sub-10,linear_predictivity,237,45,0.03341622837377052,,"[3162.277660168379, 3162.277660168379, 3162.277660168379, 3162.277660168379, 3162.277660168379]",0.08565535760912166,1.0230214371250597,0.9141430836768955,0.9632287447389825
sub-04,MIP,V6A,test,sub-10,linear_predictivity,237,45,0.0938764876962616,"[0.09323427396882421, 0.09933581116850959, 0.10053228657992934, 0.09185619420044255, 0.08442387256360227]",,,,,
sub-04,MIP,V7,train,sub-10,linear_predictivity,237,61,0.07263149930477038,,"[1000.0, 1000.0, 3162.277660168379, 3162.277660168379, 3162.277660168379]",0.14174785518858707,0.9940638594356678,0.8577195068961707,0.9230088745994258
sub-04,MIP,V7,test,sub-10,linear_predictivity,237,61,0.1551597405978838,"[0.16881862310144155, 0.17373730531255246, 0.14646640895232063, 0.14419391811332177, 0.1425824475097826]",,,,,
sub-04,MIP,V8,train,sub-10,linear_predictivity,237,96,0.05197729654109089,,"[3162.277660168379, 3162.277660168379, 3162.277660168379, 3162.277660168379, 3162.277660168379]",0.10042556807058844,1.0138798705412484,0.8993255167360623,0.9440361106626313
sub-04,MIP,V8,test,sub-10,linear_predictivity,237,96,0.06188899617891327,"[0.06499556110031418, 0.062120147976942076, 0.06975961962348903, 0.06075348471483418, 0.05181616747898688]",,,,,
sub-04,MIP,FFC,train,sub-10,linear_predictivity,237,244,0.033685317623124184,,"[3162.277660168379, 3162.277660168379, 3162.277660168379, 3162.277660168379, 3162.277660168379]",0.08247551254296386,1.0220184967078023,0.9173546041345227,0.9635280989266268
sub-04,MIP,FFC,test,sub-10,linear_predictivity,237,244,0.09351619990385836,"[0.09271303496908298, 0.09155186830993244, 0.09374219165489124, 0.09515553247625218, 0.09441837210913298]",,,,,
sub-04,MIP,PIT,train,sub-10,linear_predictivity,237,100,0.03206233720641298,,"[3162.277660168379, 3162.277660168379, 3162.277660168379, 3162.277660168379, 3162.277660168379]",0.08179914482805108,1.023427797100172,0.9180596780591112,0.9655505970428054
sub-04,MIP,PIT,test,sub-10,linear_predictivity,237,100,0.0668865890111353,"[0.06070937527523742, 0.06790286122522118, 0.06985474079873073, 0.06896209940245296, 0.06700386835403421]",,,,,
sub-04,MIP,IPS1,train,sub-10,linear_predictivity,237,166,0.07245355089813468,,"[3162.277660168379, 3162.277660168379, 3162.277660168379, 3162.277660168379, 3162.277660168379]",0.12291590054491575,1.0013074831051338,0.8767830523418312,0.9228525557307432
sub-04,MIP,IPS1,test,sub-10,linear_predictivity,237,166,0.15872081278999034,"[0.1572760875387815, 0.15923760554052493, 0.16156148183355568, 0.1558398618168375, 0.1596890272202522]",,,,,
sub-04,MIP,MST,train,sub-10,linear_predictivity,237,135,0.05572238546123094,,"[1000.0, 1000.0, 1000.0, 1000.0, 1000.0]",0.1459002703555899,0.9973669382483044,0.8539324719184096,0.9411625538551096
sub-04,MIP,MST,test,sub-10,linear_predictivity,237,135,0.13473853320595042,"[0.12703650750807358, 0.13968889848125424, 0.12999012836812365, 0.14856360350270625, 0.12841352816959437]",,,,,
sub-04,MIP,MT,train,sub-10,linear_predictivity,237,86,0.03199500777027153,,"[3162.277660168379, 3162.277660168379, 1000.0, 3162.277660168379, 1000.0]",0.10350375569659691,1.0120626454620516,0.896384711434336,0.9647915310281636
sub-04,MIP,MT,test,sub-10,linear_predictivity,237,86,0.06656220257649095,"[0.05355480438731669, 0.05679463318824063, 0.08294496985571968, 0.06350190974320861, 0.0760146957079691]",,,,,
sub-04,MIP,FST,train,sub-10,linear_predictivity,237,167,0.11936414912368166,,"[1000.0, 1000.0, 1000.0, 1000.0, 1000.0]",0.2037071700244512,0.9678294343262227,0.7959132116215116,0.8736614322803261
sub-04,MIP,FST,test,sub-10,linear_predictivity,237,167,0.2271896745883309,"[0.2264355715667603, 0.2306137412157808, 0.2234435007487024, 0.23020410686475287, 0.22525145254565798]",,,,,
sub-04,MIP,LO1,train,sub-10,linear_predictivity,237,78,0.05000542105158118,,"[1000.0, 3162.277660168379, 1000.0, 3162.277660168379, 3162.277660168379]",0.12012437508974827,1.0053139627321261,0.8797630949406295,0.9463105288572724
sub-04,MIP,LO1,test,sub-10,linear_predictivity,237,78,0.09153867798505108,"[0.09701011363487363, 0.08772159744960684, 0.10673835865755553, 0.08703846154845078, 0.0791848586347686]",,,,,
sub-04,MIP,LO2,train,sub-10,linear_predictivity,237,80,0.04984754999117707,,"[1000.0, 3162.277660168379, 1000.0, 1000.0, 3162.277660168379]",0.12649054203306964,1.007396146084425,0.87336609484042,0.9478427867310112
sub-04,MIP,LO2,test,sub-10,linear_predictivity,237,80,0.12896035808882197,"[0.12669352818823548, 0.11435352649379009, 0.14253300603342045, 0.1448298415653097, 0.1163918881633541]",,,,,
sub-04,MIP,LO3,train,sub-10,linear_predictivity,237,113,0.05369493873606302,,"[3162.277660168379, 3162.277660168379, 1000.0, 3162.277660168379, 3162.277660168379]",0.11430153283735305,1.005983303370282,0.8856169523991057,0.9415703663027035
sub-04,MIP,LO3,test,sub-10,linear_predictivity,237,113,0.0935892710319889,"[0.08587484489462835, 0.09003085654337052, 0.11325106640626942, 0.09026029273086018, 0.08852929458481602]",,,,,
sub-04,MIP,V7,train,sub-10,linear_predictivity,237,61,0.07263149930477038,,"[1000.0, 1000.0, 3162.277660168379, 3162.277660168379, 3162.277660168379]",0.14174785518858707,0.9940638594356678,0.8577195068961707,0.9230088745994258
sub-04,MIP,V7,test,sub-10,linear_predictivity,237,61,0.1551597405978838,"[0.16881862310144155, 0.17373730531255246, 0.14646640895232063, 0.14419391811332177, 0.1425824475097826]",,,,,
sub-04,MIP,IP0,train,sub-10,linear_predictivity,237,103,0.0655114045182733,,"[3162.277660168379, 3162.277660168379, 3162.277660168379, 3162.277660168379, 3162.277660168379]",0.11498126429076203,1.0039735732623014,0.8847664819126824,0.930176424502115
sub-04,MIP,IP0,test,sub-10,linear_predictivity,237,103,0.11875314869028228,"[0.11963645580733002, 0.11933723827139739, 0.11857173517855087, 0.11445535748851297, 0.1217649567056202]",,,,,
sub-04,MIP,IP1,train,sub-10,linear_predictivity,237,33,0.02428285465818783,,"[10000.0, 10000.0, 10000.0, 10000.0, 10000.0]",0.05191225535022691,1.034271960492968,0.9478494754239959,0.972156644107822
sub-04,MIP,IP1,test,sub-10,linear_predictivity,237,33,0.06488339394096702,"[0.06507096070280656, 0.07010585568682273, 0.06190021976920886, 0.056813150576028655, 0.07052678296996828]",,,,,
sub-04,MIP,MIP,train,sub-10,linear_predictivity,237,178,0.04264433426035903,,"[3162.277660168379, 3162.277660168379, 3162.277660168379, 3162.277660168379, 3162.277660168379]",0.09583815966845281,1.0203830388251434,0.9037778858022458,0.9506713067596102
sub-04,MIP,MIP,test,sub-10,linear_predictivity,237,178,0.10047667654410083,"[0.10034144386124362, 0.09700739135730548, 0.10371041559104237, 0.1023240283630487, 0.09900010354786405]",,,,,
sub-04,MIP,VIP,train,sub-10,linear_predictivity,237,100,0.06981472834490349,,"[3162.277660168379, 3162.277660168379, 3162.277660168379, 3162.277660168379, 3162.277660168379]",0.11650209302903773,1.005165611203542,0.8832906612590825,0.9267992202159293
sub-04,MIP,VIP,test,sub-10,linear_predictivity,237,100,0.15325357270407572,"[0.1533592331720317, 0.15297562573886928, 0.15491035278472634, 0.1528284960243495, 0.15219415580040183]",,,,,
sub-04,MIP,LIPd,train,sub-10,linear_predictivity,237,31,0.011566333605880809,,"[10000.0, 10000.0, 10000.0, 10000.0, 10000.0]",0.03840869635013885,1.0483543251401102,0.9614279463054011,0.9856921502028342
sub-04,MIP,LIPd,test,sub-10,linear_predictivity,237,31,0.03819861654190258,"[0.03893241422197079, 0.03616282136155979, 0.04152958928418359, 0.03519895474815699, 0.03916930309364178]",,,,,
sub-04,MIP,LIPv,train,sub-10,linear_predictivity,237,75,0.03022815222973266,,"[3162.277660168379, 3162.277660168379, 3162.277660168379, 3162.277660168379, 3162.277660168379]",0.08267198896416202,1.0270708087207732,0.9170661621612242,0.9654904162267652
sub-04,MIP,LIPv,test,sub-10,linear_predictivity,237,75,0.08564748771015081,"[0.08385136268644594, 0.08669093434034339, 0.08720086896609357, 0.08356263665287965, 0.08693163590499146]",,,,,
sub-04,MIP,AIP,train,sub-10,linear_predictivity,237,409,0.031463154540664236,,"[3162.277660168379, 3162.277660168379, 3162.277660168379, 3162.277660168379, 3162.277660168379]",0.09000180640247687,1.0295935339419355,0.9095418772197993,0.9606128715098945
sub-04,MIP,AIP,test,sub-10,linear_predictivity,237,409,0.0966774368151769,"[0.09825865454338381, 0.10134265350592102, 0.09493645696802297, 0.08744100382653033, 0.1014084152320265]",,,,,
sub-04,MIP,7Pm,train,sub-10,linear_predictivity,237,21,0.01611098056973996,,"[10000.0, 3162.277660168379, 10000.0, 10000.0, 10000.0]",0.04792752400869705,1.0378505388306198,0.9518247574191546,0.9803302698800482
sub-04,MIP,7Pm,test,sub-10,linear_predictivity,237,21,0.0409817540302672,"[0.03853105296464832, 0.049256168688538424, 0.037586487567462905, 0.0409207075570731, 0.038614353373613214]",,,,,
sub-04,MIP,7PL,train,sub-10,linear_predictivity,237,106,0.08351698935348105,,"[1000.0, 1000.0, 1000.0, 1000.0, 3162.277660168379]",0.16113901669750216,0.9947976716540412,0.8384993406757484,0.9126715632625579
sub-04,MIP,7PL,test,sub-10,linear_predictivity,237,106,0.2037644669055838,"[0.20929660064486652, 0.2089996039312017, 0.2108977541541641, 0.20756140173510368, 0.18206697406258307]",,,,,
sub-04,MIP,7PC,train,sub-10,linear_predictivity,237,224,0.04304586310947591,,"[3162.277660168379, 3162.277660168379, 3162.277660168379, 3162.277660168379, 3162.277660168379]",0.09984005206332207,1.014881020166133,0.8997247674723076,0.9499451371990479
sub-04,MIP,7PC,test,sub-10,linear_predictivity,237,224,0.1059526657874629,"[0.10626665550681104, 0.11234051747597495, 0.10679945703450112, 0.09783087143062243, 0.10652582748940495]",,,,,
sub-04,MIP,7Am,train,sub-10,linear_predictivity,237,186,0.033708194479531606,,"[3162.277660168379, 3162.277660168379, 3162.277660168379, 3162.277660168379, 3162.277660168379]",0.08614815423690506,1.024287301130406,0.9135164073661581,0.9605562524952258
sub-04,MIP,7Am,test,sub-10,linear_predictivity,237,186,0.09065662302477388,"[0.08844198256418535, 0.09433742946721227, 0.09149505867792863, 0.09415953386848698, 0.08484911054605618]",,,,,
sub-04,MIP,7AL,train,sub-10,linear_predictivity,237,158,0.027202058329533433,,"[3162.277660168379, 3162.277660168379, 3162.277660168379, 3162.277660168379, 3162.277660168379]",0.08241943464690019,1.0278248526051064,0.9172236507716864,0.9667232173489086
sub-04,MIP,7AL,test,sub-10,linear_predictivity,237,158,0.07516282992380156,"[0.0751549826563388, 0.08077250214346429, 0.0765189043807319, 0.07179498350995273, 0.0715727769285201]",,,,,
sub-04,MIP,VVC,train,sub-10,linear_predictivity,237,196,0.04264835041551535,,"[3162.277660168379, 3162.277660168379, 3162.277660168379, 3162.277660168379, 3162.277660168379]",0.09347537134242338,1.0171029570093713,0.906255746730465,0.9528235614759483
sub-04,MIP,VVC,test,sub-10,linear_predictivity,237,196,0.09374931463070416,"[0.09871039649985812, 0.09264130041087483, 0.09169709061715517, 0.09037295277492313, 0.0953248328507095]",,,,,
sub-04,MIP,VMV2,train,sub-10,linear_predictivity,237,94,0.08820468419665956,,"[1000.0, 1000.0, 1000.0, 3162.277660168379, 1000.0]",0.1636949074771213,0.9928921614667793,0.8361215454731024,0.907759517781393
sub-04,MIP,VMV2,test,sub-10,linear_predictivity,237,94,0.17976981238490117,"[0.19294528549465237, 0.18103112504782096, 0.18472540415821304, 0.16108088052296934, 0.17906636670085016]",,,,,
sub-04,MIP,VMV3,train,sub-10,linear_predictivity,237,98,0.05907211063428856,,"[3162.277660168379, 3162.277660168379, 3162.277660168379, 3162.277660168379, 3162.277660168379]",0.10975990184322708,1.005984285390108,0.8899411136423385,0.9359549727601971
sub-04,MIP,VMV3,test,sub-10,linear_predictivity,237,98,0.06948630256820594,"[0.07975872902217158, 0.07297515649579402, 0.06690120556769218, 0.0667628696236503, 0.06103355213172161]",,,,,
sub-04,MIP,VMV1,train,sub-10,linear_predictivity,237,42,0.04349090524810108,,"[3162.277660168379, 3162.277660168379, 3162.277660168379, 3162.277660168379, 3162.277660168379]",0.09576241758612633,1.0197897498242632,0.9038718482571657,0.950487207118176
sub-04,MIP,VMV1,test,sub-10,linear_predictivity,237,42,0.1035754946923799,"[0.10650564219670573, 0.10625275264258795, 0.10469452523503628, 0.1006674171351755, 0.09975713625239406]",,,,,
sub-04,MIP,PHA2,train,sub-10,linear_predictivity,237,21,0.04519646085263036,,"[3162.277660168379, 3162.277660168379, 3162.277660168379, 3162.277660168379, 3162.277660168379]",0.09859645299448312,1.0173481769002148,0.9011266024112011,0.9499892880665837
sub-04,MIP,PHA2,test,sub-10,linear_predictivity,237,21,0.13019396376164644,"[0.12830664177946807, 0.1352423886637145, 0.12914745308997452, 0.12686997943814166, 0.13140335583693336]",,,,,
sub-04,MIP,PHA3,train,sub-10,linear_predictivity,237,104,0.062132111074309083,,"[3162.277660168379, 3162.277660168379, 3162.277660168379, 3162.277660168379, 3162.277660168379]",0.11154181718874785,1.0089395031595267,0.8882178631877992,0.9339632806379221
sub-04,MIP,PHA3,test,sub-10,linear_predictivity,237,104,0.1483630803738363,"[0.1562121575041637, 0.14581658305156883, 0.14461716728698334, 0.14659389898871578, 0.14857559503774984]",,,,,
sub-04,MIP,PH,train,sub-10,linear_predictivity,237,261,0.06547196142499431,,"[3162.277660168379, 3162.277660168379, 3162.277660168379, 3162.277660168379, 3162.277660168379]",0.11468533250740738,1.0012869108699247,0.8851168548485491,0.9311583997035768
sub-04,MIP,PH,test,sub-10,linear_predictivity,237,261,0.1285695114522414,"[0.12622793129290316, 0.12862646351582244, 0.1283609320712067, 0.128168318571042, 0.13146391181023268]",,,,,
sub-04,VIP,V1,train,sub-10,linear_predictivity,198,553,0.00023619696774758816,,"[3162.277660168379, 3162.277660168379, 3162.277660168379, 3162.277660168379, 10000.0]",0.04254228681773887,1.0323001799976417,0.957208935475105,0.9958194929864208
sub-04,VIP,V1,test,sub-10,linear_predictivity,198,553,-0.014581036661440472,"[-0.01257065569656051, -0.014535872279592377, -0.01734290307958173, -0.016719569549495182, -0.011736182701972561]",,,,,
sub-04,VIP,V2,train,sub-10,linear_predictivity,198,516,0.00586913871433698,,"[3162.277660168379, 3162.277660168379, 3162.277660168379, 3162.277660168379, 3162.277660168379]",0.05099543734645521,1.0301746697939376,0.9487623733903835,0.989991311303649
sub-04,VIP,V2,test,sub-10,linear_predictivity,198,516,-0.021454873449751034,"[-0.018228739773383365, -0.020819114880626086, -0.023001057274283417, -0.021715944901311932, -0.023509510419150365]",,,,,
sub-04,VIP,V3,train,sub-10,linear_predictivity,198,400,0.010314405144890773,,"[3162.277660168379, 3162.277660168379, 3162.277660168379, 3162.277660168379, 3162.277660168379]",0.05396059525353473,1.0268649272049564,0.9458368444924956,0.9863330553703914
sub-04,VIP,V3,test,sub-10,linear_predictivity,198,400,-0.025729449023365315,"[-0.026117867363750075, -0.025811458014126418, -0.026744589024554767, -0.02259346071172543, -0.02737987000266988]",,,,,
sub-04,VIP,V4,train,sub-10,linear_predictivity,198,574,0.02385369694771297,,"[3162.277660168379, 3162.277660168379, 3162.277660168379, 3162.277660168379, 3162.277660168379]",0.06888821918261104,1.016241012964466,0.9308929555106301,0.97252815417937
sub-04,VIP,V4,test,sub-10,linear_predictivity,198,574,0.008988557596929028,"[0.00844299540859498, 0.007605357012863872, 0.006178105519400664, 0.014213430439477679, 0.008502899604307949]",,,,,
sub-04,VIP,V3A,train,sub-10,linear_predictivity,198,85,0.01948381940927313,,"[3162.277660168379, 3162.277660168379, 3162.277660168379, 3162.277660168379, 3162.277660168379]",0.06354546612120218,1.022235298356253,0.9362397446162435,0.9769602739622295
sub-04,VIP,V3A,test,sub-10,linear_predictivity,198,85,0.017536332784804185,"[0.018905717829987637, 0.011268603855454543, 0.01699225305835993, 0.023680080634313757, 0.016835008545905056]",,,,,
sub-04,VIP,V3B,train,sub-10,linear_predictivity,198,99,0.040512563245842556,,"[3162.277660168379, 3162.277660168379, 3162.277660168379, 3162.277660168379, 3162.277660168379]",0.08071849380704588,1.0081738565328031,0.9190964150210794,0.9564513568908417
sub-04,VIP,V3B,test,sub-10,linear_predictivity,198,99,0.033559434166679745,"[0.044305209735800065, 0.022040142346171323, 0.03521552051922238, 0.04041112564847814, 0.02582517258372684]",,,,,
sub-04,VIP,V6,train,sub-10,linear_predictivity,198,11,0.043027355625388876,,"[3162.277660168379, 3162.277660168379, 3162.277660168379, 3162.277660168379, 1000.0]",0.09092928624383292,1.0063830023646556,0.9087715982315887,0.953468914602106
sub-04,VIP,V6,test,sub-10,linear_predictivity,198,11,0.06323956320422044,"[0.06574106602724324, 0.07349050000202975, 0.05683014360642065, 0.06573575274423449, 0.05440035364117408]",,,,,
sub-04,VIP,V6A,train,sub-10,linear_predictivity,198,45,0.031037297411893046,,"[3162.277660168379, 3162.277660168379, 10000.0, 3162.277660168379, 3162.277660168379]",0.07049200978690144,1.0145965646890107,0.9292115465062324,0.9658286170294079
sub-04,VIP,V6A,test,sub-10,linear_predictivity,198,45,0.08864821824235142,"[0.09257557194739442, 0.08738609825626752, 0.07920984929759481, 0.09906035594394981, 0.08500921576655059]",,,,,
sub-04,VIP,V7,train,sub-10,linear_predictivity,198,61,0.050421538882002896,,"[3162.277660168379, 3162.277660168379, 3162.277660168379, 3162.277660168379, 3162.277660168379]",0.093548608952067,0.9987265309664167,0.9062042444558941,0.9456676203259342
sub-04,VIP,V7,test,sub-10,linear_predictivity,198,61,0.12622249563605883,"[0.13336387221612453, 0.12429341174889166, 0.12385104462711967, 0.12477417200446501, 0.12482997758369324]",,,,,
sub-04,VIP,V8,train,sub-10,linear_predictivity,198,96,0.014715862585198395,,"[3162.277660168379, 3162.277660168379, 3162.277660168379, 3162.277660168379, 3162.277660168379]",0.06067819361114226,1.0231597949221278,0.9390990007322125,0.9816035846624995
sub-04,VIP,V8,test,sub-10,linear_predictivity,198,96,-0.024939782673994305,"[-0.020279501430632105, -0.032521002538349914, -0.022048027345177468, -0.017356499482327602, -0.03249388257348443]",,,,,
sub-04,VIP,FFC,train,sub-10,linear_predictivity,198,244,0.019822145008467004,,"[3162.277660168379, 3162.277660168379, 3162.277660168379, 3162.277660168379, 3162.277660168379]",0.05988947810054586,1.0211985581467857,0.9399490135977906,0.9774785252957139
sub-04,VIP,FFC,test,sub-10,linear_predictivity,198,244,0.053391115517382695,"[0.05536342436091339, 0.04892018465352911, 0.049628687367410676, 0.060085765083593375, 0.05295751612146695]",,,,,
sub-04,VIP,PIT,train,sub-10,linear_predictivity,198,100,0.023970675436006342,,"[3162.277660168379, 3162.277660168379, 3162.277660168379, 1000.0, 3162.277660168379]",0.07416074291859369,1.0154997647869284,0.9256582687510215,0.9733890912714805
sub-04,VIP,PIT,test,sub-10,linear_predictivity,198,100,0.04224683960404247,"[0.036383691833454385, 0.03689912205317551, 0.036573961127611694, 0.05881305984106792, 0.04256436316490283]",,,,,
sub-04,VIP,IPS1,train,sub-10,linear_predictivity,198,166,0.04901592004920854,,"[3162.277660168379, 3162.277660168379, 3162.277660168379, 3162.277660168379, 3162.277660168379]",0.09222309039193279,1.0009290912850832,0.9074980413258139,0.9463504539604586
sub-04,VIP,IPS1,test,sub-10,linear_predictivity,198,166,0.12353741916286047,"[0.12877609870036477, 0.1187864924079889, 0.12174293580147462, 0.12566893204287471, 0.1227126368615994]",,,,,
sub-04,VIP,MST,train,sub-10,linear_predictivity,198,135,0.06130343754750813,,"[1000.0, 1000.0, 1000.0, 1000.0, 1000.0]",0.13151281623836789,0.9944488458501397,0.868263095665945,0.9348326879472225
sub-04,VIP,MST,test,sub-10,linear_predictivity,198,135,0.09173384602983112,"[0.09449570645745406, 0.09948029077931464, 0.08777453994434699, 0.0935217853568674, 0.08339690761117247]",,,,,
sub-04,VIP,MT,train,sub-10,linear_predictivity,198,86,0.03766823341219652,,"[1000.0, 1000.0, 1000.0, 1000.0, 1000.0]",0.11043516808797024,1.009664526893125,0.8893705236058537,0.9592384674075183
sub-04,VIP,MT,test,sub-10,linear_predictivity,198,86,0.01943261506483297,"[0.019992781779214278, 0.02210957797506734, 0.0181043126208519, 0.023216597116530485, 0.013739805832500852]",,,,,
sub-04,VIP,FST,train,sub-10,linear_predictivity,198,167,0.061850640262434656,,"[3162.277660168379, 1000.0, 1000.0, 1000.0, 1000.0]",0.13485834481450593,0.9864170890623466,0.8647747237072082,0.9311541922155715
sub-04,VIP,FST,test,sub-10,linear_predictivity,198,167,0.1744019112798475,"[0.15298156529270665, 0.1874715700447833, 0.17871661496214872, 0.17144093895640153, 0.18139886714319728]",,,,,
sub-04,VIP,LO1,train,sub-10,linear_predictivity,198,78,0.029512487879795938,,"[3162.277660168379, 3162.277660168379, 3162.277660168379, 3162.277660168379, 3162.277660168379]",0.07527633877860444,1.0097853016981104,0.9244850703977858,0.9666394257597535
sub-04,VIP,LO1,test,sub-10,linear_predictivity,198,78,0.046435639571938046,"[0.05485357204788311, 0.0459275702907216, 0.037769159184179585, 0.048926836321640126, 0.0447010600152658]",,,,,
sub-04,VIP,LO2,train,sub-10,linear_predictivity,198,80,0.029766385629934132,,"[3162.277660168379, 3162.277660168379, 3162.277660168379, 3162.277660168379, 3162.277660168379]",0.06886852083750222,1.0146400187385938,0.9309771613502482,0.9679239319751488
sub-04,VIP,LO2,test,sub-10,linear_predictivity,198,80,0.07023788433668368,"[0.07108460147343428, 0.06978778386101894, 0.06477502071965077, 0.07400803307878356, 0.07153398255053078]",,,,,
sub-04,VIP,LO3,train,sub-10,linear_predictivity,198,113,0.03246412893350881,,"[3162.277660168379, 1000.0, 3162.277660168379, 1000.0, 3162.277660168379]",0.0920178302352485,1.0063679466714937,0.9075262477000245,0.9628513247422715
sub-04,VIP,LO3,test,sub-10,linear_predictivity,198,113,0.05128561221587332,"[0.05381116270149526, 0.047957247308598516, 0.04383369927124137, 0.061824200081900864, 0.04900175171613056]",,,,,
sub-04,VIP,V7,train,sub-10,linear_predictivity,198,61,0.050421538882002896,,"[3162.277660168379, 3162.277660168379, 3162.277660168379, 3162.277660168379, 3162.277660168379]",0.093548608952067,0.9987265309664167,0.9062042444558941,0.9456676203259342
sub-04,VIP,V7,test,sub-10,linear_predictivity,198,61,0.12622249563605883,"[0.13336387221612453, 0.12429341174889166, 0.12385104462711967, 0.12477417200446501, 0.12482997758369324]",,,,,
sub-04,VIP,IP0,train,sub-10,linear_predictivity,198,103,0.03291536717009711,,"[3162.277660168379, 3162.277660168379, 3162.277660168379, 3162.277660168379, 3162.277660168379]",0.07613340984245574,1.0124279576677884,0.9236283423408091,0.9628003242771808
sub-04,VIP,IP0,test,sub-10,linear_predictivity,198,103,0.04922509002121186,"[0.05684760422230773, 0.03722403653143472, 0.05062972555125827, 0.05659595934584698, 0.04482812445521163]",,,,,
sub-04,VIP,IP1,train,sub-10,linear_predictivity,198,33,0.01578973557442757,,"[10000.0, 10000.0, 10000.0, 10000.0, 10000.0]",0.0374797844481542,1.0246441156795303,0.962327485475315,0.9811713996645993
sub-04,VIP,IP1,test,sub-10,linear_predictivity,198,33,0.04523134740833859,"[0.04380628517920122, 0.04631189805949138, 0.043225550582881966, 0.042830555349837686, 0.049982447870280715]",,,,,
sub-04,VIP,MIP,train,sub-10,linear_predictivity,198,178,0.02951901057885179,,"[3162.277660168379, 3162.277660168379, 10000.0, 3162.277660168379, 3162.277660168379]",0.07356684256544839,1.0146884035742831,0.9260277488504738,0.9635850831892683
sub-04,VIP,MIP,test,sub-10,linear_predictivity,198,178,0.08607834880630819,"[0.0957917150331341, 0.0807943350944594, 0.07889298717198995, 0.08489415492016443, 0.09001855181179304]",,,,,
sub-04,VIP,VIP,train,sub-10,linear_predictivity,198,100,0.0585690968285768,,"[3162.277660168379, 3162.277660168379, 10000.0, 3162.277660168379, 3162.277660168379]",0.0965495258668159,0.9986970570412017,0.903217084742824,0.9377177813711836
sub-04,VIP,VIP,test,sub-10,linear_predictivity,198,100,0.14220230642827286,"[0.15636902430969793, 0.14000948274443287, 0.12666926789895597, 0.14635012325396976, 0.14161363393430776]",,,,,
sub-04,VIP,LIPd,train,sub-10,linear_predictivity,198,31,0.0035814152244613784,,"[10000.0, 10000.0, 10000.0, 10000.0, 10000.0]",0.025360045299577923,1.0331765078486321,0.9744563207108914,0.9934241755744132
sub-04,VIP,LIPd,test,sub-10,linear_predictivity,198,31,0.020596286545852563,"[0.02075007579890815, 0.020797786900032835, 0.02359293251885271, 0.018147882529452392, 0.019692754982016728]",,,,,
sub-04,VIP,LIPv,train,sub-10,linear_predictivity,198,75,0.021087010343426384,,"[10000.0, 3162.277660168379, 10000.0, 10000.0, 3162.277660168379]",0.05513758318598501,1.0188638762772562,0.9445460684289472,0.97480665143895
sub-04,VIP,LIPv,test,sub-10,linear_predictivity,198,75,0.0562184929602377,"[0.05878419266728863, 0.05484196776945165, 0.05462206561957404, 0.05582689860473529, 0.05701734014013888]",,,,,
sub-04,VIP,AIP,train,sub-10,linear_predictivity,198,409,0.0067922845952576765,,"[10000.0, 3162.277660168379, 10000.0, 3162.277660168379, 10000.0]",0.05001513659449184,1.0241169347593617,0.9495784566109842,0.985511420205283
sub-04,VIP,AIP,test,sub-10,linear_predictivity,198,409,0.06457490674146794,"[0.061621553348895866, 0.08169923980067742, 0.05385631492345448, 0.06353539438589013, 0.062162031248421776]",,,,,
sub-04,VIP,7Pm,train,sub-10,linear_predictivity,198,21,0.017689717955157468,,"[10000.0, 10000.0, 10000.0, 10000.0, 10000.0]",0.0403830347925538,1.0285803246942384,0.9593948871721935,0.9789472399557603
sub-04,VIP,7Pm,test,sub-10,linear_predictivity,198,21,0.05055169152787131,"[0.05451057975926199, 0.0463441334526302, 0.05025592172018779, 0.05250653265835912, 0.04914129004891747]",,,,,
sub-04,VIP,7PL,train,sub-10,linear_predictivity,198,106,0.07489127923866892,,"[3162.277660168379, 3162.277660168379, 3162.277660168379, 3162.277660168379, 3162.277660168379]",0.11386524874233783,0.9900262440431963,0.8859269011166235,0.9216096951386378
sub-04,VIP,7PL,test,sub-10,linear_predictivity,198,106,0.17551231167147036,"[0.18094357249235538, 0.17156033672572493, 0.17526152842890275, 0.17337529861523215, 0.1764208220951366]",,,,,
sub-04,VIP,7PC,train,sub-10,linear_predictivity,198,224,0.02659859885689784,,"[3162.277660168379, 3162.277660168379, 3162.277660168379, 3162.277660168379, 3162.277660168379]",0.07418480569506666,1.0101056335679848,0.9254212435517942,0.9666039836739385
sub-04,VIP,7PC,test,sub-10,linear_predictivity,198,224,0.09328481923583341,"[0.0939354165505936, 0.09473535847098145, 0.09388013432000619, 0.08981684829978895, 0.09405633853779687]",,,,,
sub-04,VIP,7Am,train,sub-10,linear_predictivity,198,186,0.03546112636092612,,"[3162.277660168379, 3162.277660168379, 3162.277660168379, 3162.277660168379, 3162.277660168379]",0.08146515481854792,1.0119541838360975,0.9181965376531798,0.9588963273911204
sub-04,VIP,7Am,test,sub-10,linear_predictivity,198,186,0.12415663249849647,"[0.1277043631987774, 0.12489026261092409, 0.12519796294425664, 0.12313532512094984, 0.11985524861757438]",,,,,
sub-04,VIP,7AL,train,sub-10,linear_predictivity,198,158,0.024742035016381937,,"[3162.277660168379, 3162.277660168379, 3162.277660168379, 3162.277660168379, 3162.277660168379]",0.06902175950117885,1.0185028035313792,0.9306225025331839,0.9692866260688708
sub-04,VIP,7AL,test,sub-10,linear_predictivity,198,158,0.10234111384055793,"[0.10632631366780311, 0.09699883199456724, 0.1035039440896884, 0.10349361497961508, 0.10138286447111584]",,,,,
sub-04,VIP,VVC,train,sub-10,linear_predictivity,198,196,0.018288924706220677,,"[3162.277660168379, 3162.277660168379, 3162.277660168379, 3162.277660168379, 3162.277660168379]",0.06375025689287596,1.0209340603264148,0.9359853753239704,0.9773145663717365
sub-04,VIP,VVC,test,sub-10,linear_predictivity,198,196,0.06861087960681496,"[0.07522740916652965, 0.06401824387722192, 0.06452560572343483, 0.0700764048461961, 0.06920673442069224]",,,,,
sub-04,VIP,VMV2,train,sub-10,linear_predictivity,198,94,0.033699124298278295,,"[3162.277660168379, 3162.277660168379, 3162.277660168379, 3162.277660168379, 3162.277660168379]",0.07766725204545336,1.0094044026205589,0.922097212024315,0.9620314736544475
sub-04,VIP,VMV2,test,sub-10,linear_predictivity,198,94,0.07206917388362087,"[0.07913906062317913, 0.06805813438165163, 0.06881431325403792, 0.07861718385131804, 0.06571717730791767]",,,,,
sub-04,VIP,VMV3,train,sub-10,linear_predictivity,198,98,0.017553347637828284,,"[3162.277660168379, 3162.277660168379, 3162.277660168379, 3162.277660168379, 3162.277660168379]",0.0664182658975647,1.0181513902567927,0.9333060958108526,0.9776286821543971
sub-04,VIP,VMV3,test,sub-10,linear_predictivity,198,98,-0.0026154799508265234,"[0.012077934984329564, -0.007274860821497576, -0.007836381407761914, 0.00020142067206360635, -0.010245513181266298]",,,,,
sub-04,VIP,VMV1,train,sub-10,linear_predictivity,198,42,0.018796664870432436,,"[3162.277660168379, 3162.277660168379, 3162.277660168379, 1000.0, 3162.277660168379]",0.07237107113428363,1.0166305448189252,0.9272222232032539,0.9754736432695215
sub-04,VIP,VMV1,test,sub-10,linear_predictivity,198,42,0.04799528104155086,"[0.0482833082706682, 0.04690261546921868, 0.04598712509781362, 0.05508534762223438, 0.043718008747819434]",,,,,
sub-04,VIP,PHA2,train,sub-10,linear_predictivity,198,21,0.021922631051962627,,"[3162.277660168379, 1000.0, 3162.277660168379, 3162.277660168379, 3162.277660168379]",0.07501939629770019,1.0151559758505353,0.9247370790042732,0.9727959614393967
sub-04,VIP,PHA2,test,sub-10,linear_predictivity,198,21,0.08966095058400388,"[0.08473715320726909, 0.1002453627786388, 0.08824910020657427, 0.08777787473915863, 0.08729526198837854]",,,,,
sub-04,VIP,PHA3,train,sub-10,linear_predictivity,198,104,0.02993679185372872,,"[3162.277660168379, 3162.277660168379, 3162.277660168379, 3162.277660168379, 3162.277660168379]",0.07156946720229522,1.0151124336912911,0.9281831576231655,0.9658621571346307
sub-04,VIP,PHA3,test,sub-10,linear_predictivity,198,104,0.11410490064407086,"[0.11989367338785109, 0.10742228193915512, 0.10609482692724245, 0.11757385925070861, 0.11953986171539698]",,,,,
sub-04,VIP,PH,train,sub-10,linear_predictivity,198,261,0.038687625532518345,,"[3162.277660168379, 3162.277660168379, 3162.277660168379, 3162.277660168379, 3162.277660168379]",0.08110148258818434,1.0071261480117817,0.9186859024754307,0.9577244552757179
sub-04,VIP,PH,test,sub-10,linear_predictivity,198,261,0.10202589767006673,"[0.10539720173823508, 0.09936822475153177, 0.10049816687143635, 0.10150078616043946, 0.10336510882869102]",,,,,
sub-04,LIPd,V1,train,sub-10,linear_predictivity,28,553,-0.006419978642704031,,"[10000.0, 10000.0, 31622.776601683796, 10000.0, 1000000000.0]",0.0030836620251729623,1.0087345114180835,0.9966817645775139,1.0026524252299107
sub-04,LIPd,V1,test,sub-10,linear_predictivity,28,553,-0.021604460399801684,"[-0.01857602274513476, -0.02051539476967099, -0.02184411826978158, -0.023477125443085153, -0.023609640771335923]",,,,,
sub-04,LIPd,V2,train,sub-10,linear_predictivity,28,516,-0.0062555628919046926,,"[10000.0, 10000.0, 10000.0, 10000.0, 100000.0]",0.003886623215207692,1.008689263340693,0.9958689833884733,1.0023830695948426
sub-04,LIPd,V2,test,sub-10,linear_predictivity,28,516,-0.03224654745803421,"[-0.030143637248978457, -0.02989641726045024, -0.03066162133075882, -0.03320066065782661, -0.03733040079215691]",,,,,
sub-04,LIPd,V3,train,sub-10,linear_predictivity,28,400,-0.00546688989138772,,"[10000.0, 10000.0, 10000.0, 10000.0, 1000000.0]",0.0036580727399947665,1.0091064924239415,0.996145744586385,1.002296761713492
sub-04,LIPd,V3,test,sub-10,linear_predictivity,28,400,-0.037019268703586475,"[-0.036734450520894295, -0.03557902707386549, -0.033533195666742954, -0.038138073528524045, -0.041111596727905556]",,,,,
sub-04,LIPd,V4,train,sub-10,linear_predictivity,28,574,-0.0045945887298446475,,"[31622.776601683796, 3162.277660168379, 10000.0, 10000.0, 10000.0]",0.0052097072436474,1.0084769487700014,0.9945975785458145,1.001565224399854
sub-04,LIPd,V4,test,sub-10,linear_predictivity,28,574,-0.0406072079169449,"[-0.04205496879859649, -0.03796470550066097, -0.03890300519590557, -0.04122464389626296, -0.042888716193298516]",,,,,
sub-04,LIPd,V3A,train,sub-10,linear_predictivity,28,85,-0.003271583542913348,,"[3162.277660168379, 3162.277660168379, 10000.0, 3162.277660168379, 10000.0]",0.008708634816643298,1.0074168942731068,0.9911004834450798,1.0002641603437246
sub-04,LIPd,V3A,test,sub-10,linear_predictivity,28,85,-0.01461577632155607,"[-0.015093587415153363, -0.014155267722935237, -0.014215213928206944, -0.015085228324938128, -0.014529584216546683]",,,,,
sub-04,LIPd,V3B,train,sub-10,linear_predictivity,28,99,-0.0003533485237610413,,"[3162.277660168379, 3162.277660168379, 3162.277660168379, 3162.277660168379, 3162.277660168379]",0.012645071002739528,1.0059475167721583,0.9871750899080995,0.9973328562148627
sub-04,LIPd,V3B,test,sub-10,linear_predictivity,28,99,-0.013904865139319638,"[-0.009980905346125184, -0.01429418282158789, -0.014945498463182142, -0.01491214719841909, -0.015391591867283899]",,,,,
sub-04,LIPd,V6,train,sub-10,linear_predictivity,28,11,-0.004463214412232863,,"[1000000000.0, 3162.277660168379, 10000.0, 10000.0, 10000.0]",0.005096740204900497,1.0068960036500232,0.9947092884270796,1.0013974715323304
sub-04,LIPd,V6,test,sub-10,linear_predictivity,28,11,-0.012362342714178607,"[-0.01568546461729059, -0.004714081670374934, -0.01472594890759914, -0.009171248464874321, -0.017514969910754043]",,,,,
sub-04,LIPd,V6A,train,sub-10,linear_predictivity,28,45,0.0020981210712153293,,"[3162.277660168379, 3162.277660168379, 3162.277660168379, 3162.277660168379, 3162.277660168379]",0.01434674809162471,1.0059045489232332,0.985489106583303,0.9950441515488979
sub-04,LIPd,V6A,test,sub-10,linear_predictivity,28,45,0.004497210229334166,"[-0.00034759200182720286, 0.005440815212750702, 0.0052516551282496, 0.0027810191497260385, 0.009360153657771693]",,,,,
sub-04,LIPd,V7,train,sub-10,linear_predictivity,28,61,0.004862790488944844,,"[3162.277660168379, 1000.0, 3162.277660168379, 3162.277660168379, 3162.277660168379]",0.01849863062639916,1.0044093371337108,0.981309401431996,0.9923650947939102
sub-04,LIPd,V7,test,sub-10,linear_predictivity,28,61,0.008920357777342288,"[0.003638302139029973, 0.017455849603185147, 0.005007767433667127, 0.006206543157809073, 0.012293326553020114]",,,,,
sub-04,LIPd,V8,train,sub-10,linear_predictivity,28,96,-0.006133215999126102,,"[31622.776601683796, 3162.277660168379, 10000.0, 31622.776601683796, 100000.0]",0.0038967428820928366,1.0084326526257623,0.9958751636060559,1.0024950918703155
sub-04,LIPd,V8,test,sub-10,linear_predictivity,28,96,-0.05313443172167792,"[-0.049574297635075794, -0.050156077932242527, -0.04796889862577063, -0.055406185264928666, -0.06256669915037201]",,,,,
sub-04,LIPd,FFC,train,sub-10,linear_predictivity,28,244,-0.0038855641483119215,,"[31622.776601683796, 31622.776601683796, 100000.0, 31622.776601683796, 31622.776601683796]",0.0014417529319177504,1.00828675777958,0.9984019128102657,1.0013384396464928
sub-04,LIPd,FFC,test,sub-10,linear_predictivity,28,244,-0.014075409827185437,"[-0.012267010152846525, -0.014222326998799065, -0.014486375287601737, -0.014367467763978866, -0.015033868932700988]",,,,,
sub-04,LIPd,PIT,train,sub-10,linear_predictivity,28,100,-0.003945829588624377,,"[10000.0, 10000.0, 10000.0, 31622.776601683796, 100000.0]",0.003097172163696464,1.008332734354337,0.9967494636696598,1.001290754403795
sub-04,LIPd,PIT,test,sub-10,linear_predictivity,28,100,-0.02519652200391979,"[-0.02401730115501074, -0.025073230023390503, -0.024532758959989884, -0.02638149285579589, -0.025977827025411942]",,,,,
sub-04,LIPd,IPS1,train,sub-10,linear_predictivity,28,166,-0.0028374027763070453,,"[10000.0, 3162.277660168379, 3162.277660168379, 3162.277660168379, 3162.277660168379]",0.012598747611289218,1.007301657455021,0.987153078876001,0.9986757517690096
sub-04,LIPd,IPS1,test,sub-10,linear_predictivity,28,166,0.015064337741777237,"[0.0061710052624848934, 0.016271674429648792, 0.015443451386539443, 0.014712318990291864, 0.022723238639921196]",,,,,
sub-04,LIPd,MST,train,sub-10,linear_predictivity,28,135,0.011187825378169968,,"[1000.0, 1000.0, 1000.0, 1000.0, 1000.0]",0.03071721142675036,1.0005449881013484,0.9690697965387782,0.9855233782328405
sub-04,LIPd,MST,test,sub-10,linear_predictivity,28,135,0.007553798470736027,"[0.0046561042506464735, 0.007525708973378844, 0.007902255025802798, 0.007288588640902449, 0.010396335462949572]",,,,,
sub-04,LIPd,MT,train,sub-10,linear_predictivity,28,86,0.0024941847956711357,,"[1000.0, 1000.0, 3162.277660168379, 1000.0, 1000.0]",0.023490348005872103,1.0026208559098102,0.9763190296543955,0.9947799612732089
sub-04,LIPd,MT,test,sub-10,linear_predictivity,28,86,-0.01503847036004773,"[-0.009490644822174099, -0.016629384732405217, -0.01567060022399087, -0.017567866914702805, -0.015833855106965652]",,,,,
sub-04,LIPd,FST,train,sub-10,linear_predictivity,28,167,-9.823013504213633e-05,,"[3162.277660168379, 1000.0, 3162.277660168379, 3162.277660168379, 3162.277660168379]",0.016276624322703357,1.0044512008204554,0.9834020698455298,0.9956275208163687
sub-04,LIPd,FST,test,sub-10,linear_predictivity,28,167,0.0038245081063319245,"[0.0033494535756767294, 0.01059551421452884, -4.0546431264701516e-05, 0.0009989088752246872, 0.004219210297494068]",,,,,
sub-04,LIPd,LO1,train,sub-10,linear_predictivity,28,78,-0.004504931107304569,,"[10000.0, 3162.277660168379, 100000.0, 10000.0, 10000.0]",0.005087672946498541,1.0087832722357994,0.9947075580065124,1.001735591341884
sub-04,LIPd,LO1,test,sub-10,linear_predictivity,28,78,-0.021293038240099645,"[-0.018479883101262706, -0.019140359985601624, -0.02579701824976844, -0.021587894745397695, -0.021460035118467755]",,,,,
sub-04,LIPd,LO2,train,sub-10,linear_predictivity,28,80,-0.0033964036075858485,,"[100000.0, 31622.776601683796, 1000000000.0, 1000000000.0, 31622.776601683796]",0.000790576916341967,1.009073104062766,0.9990730854936484,1.0012002958532982
sub-04,LIPd,LO2,test,sub-10,linear_predictivity,28,80,-0.012550780039626253,"[-0.011851727337314577, -0.01353120371199279, -0.012660960495734225, -0.012620929065703296, -0.012089079587386376]",,,,,
sub-04,LIPd,LO3,train,sub-10,linear_predictivity,28,113,-0.004764172487486188,,"[3162.277660168379, 3162.277660168379, 10000.0, 10000.0, 10000.0]",0.007322817206274692,1.0073162866151837,0.9924455690795616,1.0013830259991376
sub-04,LIPd,LO3,test,sub-10,linear_predictivity,28,113,-0.02784086045794675,"[-0.020534012937723566, -0.029499625587860383, -0.027148704207963753, -0.03353699496369187, -0.028484964592494163]",,,,,
sub-04,LIPd,V7,train,sub-10,linear_predictivity,28,61,0.004862790488944844,,"[3162.277660168379, 1000.0, 3162.277660168379, 3162.277660168379, 3162.277660168379]",0.01849863062639916,1.0044093371337108,0.981309401431996,0.9923650947939102
sub-04,LIPd,V7,test,sub-10,linear_predictivity,28,61,0.008920357777342288,"[0.003638302139029973, 0.017455849603185147, 0.005007767433667127, 0.006206543157809073, 0.012293326553020114]",,,,,
sub-04,LIPd,IP0,train,sub-10,linear_predictivity,28,103,-0.0024871403487429617,,"[10000.0, 3162.277660168379, 3162.277660168379, 3162.277660168379, 3162.277660168379]",0.01257229622207191,1.0066830858860276,0.9872038354230293,0.9986058253073367
sub-04,LIPd,IP0,test,sub-10,linear_predictivity,28,103,-0.003959779207536879,"[-0.00628246928646909, -0.0051056393220949604, -0.0018855306002852016, -0.004195743573408034, -0.0023295132554271123]",,,,,
sub-04,LIPd,IP1,train,sub-10,linear_predictivity,28,33,-0.000661818690873808,,"[3162.277660168379, 3162.277660168379, 3162.277660168379, 3162.277660168379, 3162.277660168379]",0.013004060487065436,1.007141507221953,0.9868061125192538,0.9976462738329982
sub-04,LIPd,IP1,test,sub-10,linear_predictivity,28,33,0.011498657308195537,"[0.011503051038669289, 0.010725133210634447, 0.013317000615341693, 0.009910455639225896, 0.012037646037106355]",,,,,
sub-04,LIPd,MIP,train,sub-10,linear_predictivity,28,178,-0.006887382890030138,,"[3162.277660168379, 3162.277660168379, 3162.277660168379, 10000.0, 3162.277660168379]",0.011201951930664564,1.0061929934356333,0.9884433898920107,1.0013797130930207
sub-04,LIPd,MIP,test,sub-10,linear_predictivity,28,178,0.0051039871954989425,"[0.00684594675625252, 0.0029096072362518434, 0.00681374062055489, 0.0006726403280939063, 0.00827800103634155]",,,,,
sub-04,LIPd,VIP,train,sub-10,linear_predictivity,28,100,0.002811867142986083,,"[3162.277660168379, 3162.277660168379, 3162.277660168379, 3162.277660168379, 1000.0]",0.018336797039369374,1.0036765979300548,0.9815080489831868,0.9942704565736612
sub-04,LIPd,VIP,test,sub-10,linear_predictivity,28,100,0.015228617729037715,"[0.013211746346365825, 0.012365649087477549, 0.014335176028896524, 0.012349654367879404, 0.023880862814569283]",,,,,
sub-04,LIPd,LIPd,train,sub-10,linear_predictivity,28,31,-0.004062677491414953,,"[3162.277660168379, 10000.0, 10000.0, 3162.277660168379, 10000.0]",0.007721727127574979,1.0085808554794637,0.9920810051628184,1.0008847657967652
sub-04,LIPd,LIPd,test,sub-10,linear_predictivity,28,31,0.0044510502449922685,"[0.010352217938316963, 0.0009222788568645994, 0.004622575764710597, 0.003069551890127916, 0.0032886267749412676]",,,,,
sub-04,LIPd,LIPv,train,sub-10,linear_predictivity,28,75,0.001203356423098493,,"[3162.277660168379, 3162.277660168379, 3162.277660168379, 3162.277660168379, 3162.277660168379]",0.014390898938972585,1.0065972418334728,0.9854136826761188,0.9956702570323678
sub-04,LIPd,LIPv,test,sub-10,linear_predictivity,28,75,0.007375139539340267,"[0.006897438926722109, 0.005794039311120655, 0.007522152837780595, 0.006122635189236377, 0.010539431431841596]",,,,,
sub-04,LIPd,AIP,train,sub-10,linear_predictivity,28,409,-0.00781654256624271,,"[3162.277660168379, 3162.277660168379, 10000.0, 10000.0, 3162.277660168379]",0.009087484716316383,1.0077145530962246,0.9905559755247457,1.0021357165665494
sub-04,LIPd,AIP,test,sub-10,linear_predictivity,28,409,0.0038825235307775527,"[0.007001584340028235, 0.004839259458965172, -6.017522747256889e-06, -0.0003492453893218939, 0.007927036766963508]",,,,,
sub-04,LIPd,7Pm,train,sub-10,linear_predictivity,28,21,-0.0039481232009199105,,"[10000.0, 10000.0, 10000.0, 10000.0, 10000.0]",0.004887864725992174,1.009083714740768,0.9949158917104779,1.0008306375857574
sub-04,LIPd,7Pm,test,sub-10,linear_predictivity,28,21,-0.0033634608441681785,"[-0.0025725148529374235, -0.00609337818231965, -0.0023890074831147004, -0.002235585182921488, -0.0035268185195476303]",,,,,
sub-04,LIPd,7PL,train,sub-10,linear_predictivity,28,106,0.0010501393725309395,,"[3162.277660168379, 3162.277660168379, 3162.277660168379, 3162.277660168379, 3162.277660168379]",0.013542959630790993,1.005180505864133,0.9862789886234872,0.996075141714169
sub-04,LIPd,7PL,test,sub-10,linear_predictivity,28,106,0.00993420128729064,"[0.008467136127234676, 0.008433100506799018, 0.012768749186036385, 0.008601897844650952, 0.011400122771732168]",,,,,
sub-04,LIPd,7PC,train,sub-10,linear_predictivity,28,224,-0.005872739990857436,,"[3162.277660168379, 1000.0, 3162.277660168379, 3162.277660168379, 3162.277660168379]",0.014291230113664104,1.006087443905469,0.9853328884638761,1.0000051133323933
sub-04,LIPd,7PC,test,sub-10,linear_predictivity,28,224,0.0043184073548097526,"[0.004556506444884548, 0.007993490356289367, 0.0007778059528732248, 0.0015926334763856835, 0.006671600543615943]",,,,,
sub-04,LIPd,7Am,train,sub-10,linear_predictivity,28,186,-0.005277193192324438,,"[3162.277660168379, 3162.277660168379, 3162.277660168379, 3162.277660168379, 3162.277660168379]",0.011408555569648812,1.0073646002388634,0.9882859384671547,1.0003227562734776
sub-04,LIPd,7Am,test,sub-10,linear_predictivity,28,186,0.0031307584468189147,"[0.0028378677149100825, 0.004961180640966484, 0.0018410303237514436, 0.0036897326705477786, 0.0023239808839187843]",,,,,
sub-04,LIPd,7AL,train,sub-10,linear_predictivity,28,158,-0.0063620817394216414,,"[3162.277660168379, 3162.277660168379, 3162.277660168379, 3162.277660168379, 3162.277660168379]",0.011205722207653437,1.0067544973795208,0.9884545480517712,1.0007366311793415
sub-04,LIPd,7AL,test,sub-10,linear_predictivity,28,158,0.004965964609157063,"[0.0034494944941082842, 0.009684789687565318, 0.001878179050757607, 0.003526084786835115, 0.006291275026518989]",,,,,
sub-04,LIPd,VVC,train,sub-10,linear_predictivity,28,196,-0.0062427933943644395,,"[10000.0, 3162.277660168379, 31622.776601683796, 10000.0, 31622.776601683796]",0.004874866851406028,1.0093210730285285,0.9948776788165613,1.0022857348135783
sub-04,LIPd,VVC,test,sub-10,linear_predictivity,28,196,-0.008993284366228116,"[-0.008463312748039999, -0.004732295171508167, -0.009923497064673218, -0.009058246965133031, -0.012789069881786162]",,,,,
sub-04,LIPd,VMV2,train,sub-10,linear_predictivity,28,94,-0.006686321328283828,,"[1000000000.0, 31622.776601683796, 100000.0, 31622.776601683796, 1000000.0]",0.0008107969329825724,1.008983080769464,0.9989296468022305,1.0022867989290407
sub-04,LIPd,VMV2,test,sub-10,linear_predictivity,28,94,-0.018711052084036735,"[-0.015713657697882247, -0.01731601911134572, -0.019161490968089775, -0.01906429143788421, -0.022299801204981706]",,,,,
sub-04,LIPd,VMV3,train,sub-10,linear_predictivity,28,98,-0.007133690129875835,,"[1000000000.0, 3162.277660168379, 100000.0, 10000.0, 10000.0]",0.004263900949771659,1.0092992130628016,0.9954886258732593,1.0028832414334425
sub-04,LIPd,VMV3,test,sub-10,linear_predictivity,28,98,-0.062104662587979344,"[-0.059073384700823434, -0.05574733773005016, -0.061943535644426534, -0.06721284575688066, -0.06654620910771593]",,,,,
sub-04,LIPd,VMV1,train,sub-10,linear_predictivity,28,42,-0.009571039515617039,,"[31622.776601683796, 1000000.0, 1000000000.0, 10000.0, 1000000000.0]",0.001278500671145373,1.0082658675002747,0.9983455645761753,1.0035747936060588
sub-04,LIPd,VMV1,test,sub-10,linear_predictivity,28,42,-0.012132351207271103,"[-0.008404183795524066, -0.010552813163079497, -0.010419559332217313, -0.012729399669070789, -0.018555800076463853]",,,,,
sub-04,LIPd,PHA2,train,sub-10,linear_predictivity,28,21,-0.008689547522671244,,"[1000000000.0, 31622.776601683796, 1000000000.0, 1000000000.0, 1000000000.0]",0.0003753804271390451,1.0096208045890347,0.999285685023445,1.0030895480627733
sub-04,LIPd,PHA2,test,sub-10,linear_predictivity,28,21,-0.005061016659540781,"[-0.003891140850232952, -0.003738826303057679, -0.0045977565248392655, -0.005618881250761006, -0.007458478368813003]",,,,,
sub-04,LIPd,PHA3,train,sub-10,linear_predictivity,28,104,-0.00615808824610289,,"[31622.776601683796, 10000.0, 31622.776601683796, 10000.0, 31622.776601683796]",0.0029717721604455415,1.0090434033146234,0.9967835806258052,1.00210763854191
sub-04,LIPd,PHA3,test,sub-10,linear_predictivity,28,104,-0.006908434524373989,"[-0.006546360052583624, -0.005489593919710148, -0.008450906464128537, -0.006461009575424563, -0.007594302610023074]",,,,,
sub-04,LIPd,PH,train,sub-10,linear_predictivity,28,261,-0.0022812433941975857,,"[3162.277660168379, 3162.277660168379, 10000.0, 3162.277660168379, 3162.277660168379]",0.010430095910188467,1.0068405286493152,0.9893654556615005,0.9990248100264708
sub-04,LIPd,PH,test,sub-10,linear_predictivity,28,261,-0.0006278476996716508,"[0.0006471677805025253, 0.00019159972964822938, -0.004134101324138215, -0.0008440430011142085, 0.0010001383167434147]",,,,,
sub-04,LIPv,V1,train,sub-10,linear_predictivity,149,553,-0.003199991271040788,,"[10000.0, 3162.277660168379, 10000.0, 3162.277660168379, 10000.0]",0.03028104778061872,1.0268763239932484,0.9694431306748047,0.99923146702975
sub-04,LIPv,V1,test,sub-10,linear_predictivity,149,553,-0.00847185030168002,"[-0.00470382680542055, -0.009025863138187108, -0.008301110522064305, -0.009455218775514642, -0.010873232267213505]",,,,,
sub-04,LIPv,V2,train,sub-10,linear_predictivity,149,516,0.004571644322872264,,"[3162.277660168379, 3162.277660168379, 3162.277660168379, 3162.277660168379, 3162.277660168379]",0.04713743166934795,1.0228806571073967,0.9526178696112974,0.9912604446435507
sub-04,LIPv,V2,test,sub-10,linear_predictivity,149,516,-0.016825172771316406,"[-0.011694746675059146, -0.018482147725184295, -0.017000840962946445, -0.015998605630219653, -0.02094952286317248]",,,,,
sub-04,LIPv,V3,train,sub-10,linear_predictivity,149,400,0.0041229257557722325,,"[10000.0, 3162.277660168379, 3162.277660168379, 3162.277660168379, 3162.277660168379]",0.04248950440984137,1.0220893707132397,0.9572944643500098,0.9924990179194886
sub-04,LIPv,V3,test,sub-10,linear_predictivity,149,400,-0.018404064111408464,"[-0.02271588788531997, -0.018645653036271134, -0.015366087275547882, -0.01645454072436885, -0.01883815163553449]",,,,,
sub-04,LIPv,V4,train,sub-10,linear_predictivity,149,574,0.014209999459991593,,"[3162.277660168379, 3162.277660168379, 3162.277660168379, 3162.277660168379, 3162.277660168379]",0.055557002356883656,1.0150065460421023,0.944227201013063,0.9822016824694474
sub-04,LIPv,V4,test,sub-10,linear_predictivity,149,574,-0.00676522449633697,"[-0.008594496000855718, -0.0037389829386050826, -0.008913381625974225, -0.004001631278099262, -0.008577630638150566]",,,,,
sub-04,LIPv,V3A,train,sub-10,linear_predictivity,149,85,0.012580135425636248,,"[3162.277660168379, 3162.277660168379, 10000.0, 3162.277660168379, 3162.277660168379]",0.051721679765595385,1.0174756689853424,0.9480383296862771,0.9840198000978692
sub-04,LIPv,V3A,test,sub-10,linear_predictivity,149,85,0.002025298202842251,"[0.0027697162924908954, 0.00028302069462000256, 0.0014712757409016662, 0.00561814041825092, -1.566213205222923e-05]",,,,,
sub-04,LIPv,V3B,train,sub-10,linear_predictivity,149,99,0.02844720640914062,,"[3162.277660168379, 3162.277660168379, 3162.277660168379, 3162.277660168379, 3162.277660168379]",0.06582080025535855,1.0079624480581593,0.9340094770058676,0.9687632136917477
sub-04,LIPv,V3B,test,sub-10,linear_predictivity,149,99,0.00908898944264307,"[0.013294389242191696, 0.010922370373316297, 0.006961412811263571, 0.01177353658543216, 0.0024932382010116245]",,,,,
sub-04,LIPv,V6,train,sub-10,linear_predictivity,149,11,0.015904877354944356,,"[3162.277660168379, 3162.277660168379, 3162.277660168379, 3162.277660168379, 3162.277660168379]",0.05567741435924887,1.0157021594761229,0.9441060380524732,0.9805959780150175
sub-04,LIPv,V6,test,sub-10,linear_predictivity,149,11,0.008776446442183337,"[0.007841568398716657, 0.014520568846842235, 0.005979938552388441, 0.01272821620308478, 0.002811940209884572]",,,,,
sub-04,LIPv,V6A,train,sub-10,linear_predictivity,149,45,0.030979530422167625,,"[3162.277660168379, 3162.277660168379, 3162.277660168379, 3162.277660168379, 3162.277660168379]",0.06820724077460939,1.010164055582321,0.9316195678158238,0.9660504814145534
sub-04,LIPv,V6A,test,sub-10,linear_predictivity,149,45,0.05812458091437669,"[0.057524916996757915, 0.06237171675698479, 0.05441503113554189, 0.05576361246905843, 0.06054762721354044]",,,,,
sub-04,LIPv,V7,train,sub-10,linear_predictivity,149,61,0.05935373154360388,,"[3162.277660168379, 3162.277660168379, 3162.277660168379, 3162.277660168379, 3162.277660168379]",0.09697634550736156,0.9895545795460743,0.9027990341875917,0.9369842102119736
sub-04,LIPv,V7,test,sub-10,linear_predictivity,149,61,0.11078471517882311,"[0.1122222096246631, 0.11835378043794893, 0.10891390315370288, 0.10338920343442946, 0.11104447924337116]",,,,,
sub-04,LIPv,V8,train,sub-10,linear_predictivity,149,96,0.0026192575574977748,,"[10000.0, 3162.277660168379, 10000.0, 3162.277660168379, 10000.0]",0.03278974972383409,1.0231610562645854,0.9669592020825158,0.9935542027080064
sub-04,LIPv,V8,test,sub-10,linear_predictivity,149,96,-0.043755773931704496,"[-0.042553003146298264, -0.038682683667207673, -0.04454098431589771, -0.03783516520172956, -0.055167033327389293]",,,,,
sub-04,LIPv,FFC,train,sub-10,linear_predictivity,149,244,0.007223314455328832,,"[10000.0, 3162.277660168379, 10000.0, 3162.277660168379, 3162.277660168379]",0.03979664351660895,1.0223673394333406,0.9600666545503482,0.9902394953291473
sub-04,LIPv,FFC,test,sub-10,linear_predictivity,149,244,0.02892818499157726,"[0.020807103136434083, 0.03249626793394165, 0.015392255016312827, 0.04215231031324189, 0.03379298855795586]",,,,,
sub-04,LIPv,PIT,train,sub-10,linear_predictivity,149,100,0.009051127784807924,,"[10000.0, 3162.277660168379, 3162.277660168379, 3162.277660168379, 3162.277660168379]",0.04644884000184716,1.02119201534979,0.9534355947172966,0.9882832732678548
sub-04,LIPv,PIT,test,sub-10,linear_predictivity,149,100,0.02272489270837023,"[0.009797802153095303, 0.022692916997047827, 0.023826837417544953, 0.03106022139547139, 0.026246685578691677]",,,,,
sub-04,LIPv,IPS1,train,sub-10,linear_predictivity,149,166,0.028525289880316072,,"[3162.277660168379, 3162.277660168379, 10000.0, 3162.277660168379, 10000.0]",0.0649044967800937,1.0067257642705385,0.9348635917326369,0.966819249253086
sub-04,LIPv,IPS1,test,sub-10,linear_predictivity,149,166,0.07376026054695199,"[0.08063325339068234, 0.08349939321036937, 0.06332467384655793, 0.07249870060115092, 0.06884528168599939]",,,,,
sub-04,LIPv,MST,train,sub-10,linear_predictivity,149,135,0.06292909213593528,,"[1000.0, 1000.0, 3162.277660168379, 1000.0, 1000.0]",0.12565407772159892,0.9842969992708872,0.8739974114576,0.9327430722181521
sub-04,LIPv,MST,test,sub-10,linear_predictivity,149,135,0.0971063342361412,"[0.1053337795475571, 0.10270657648374178, 0.08725579575195652, 0.09465273412368168, 0.09558278527376891]",,,,,
sub-04,LIPv,MT,train,sub-10,linear_predictivity,149,86,0.031423272506147314,,"[1000.0, 1000.0, 3162.277660168379, 1000.0, 1000.0]",0.09506601123869901,1.0026302853308064,0.9046578230766682,0.9656689114235413
sub-04,LIPv,MT,test,sub-10,linear_predictivity,149,86,0.03467322667376878,"[0.03885589600365415, 0.039707969114613696, 0.022662463018113706, 0.03676026388767022, 0.035379541344792105]",,,,,
sub-04,LIPv,FST,train,sub-10,linear_predictivity,149,167,0.06254264469178729,,"[3162.277660168379, 3162.277660168379, 3162.277660168379, 3162.277660168379, 3162.277660168379]",0.10286920106142634,0.9840248837625319,0.8967303667976045,0.9306880171602389
sub-04,LIPv,FST,test,sub-10,linear_predictivity,149,167,0.1333594056920167,"[0.1331391839085265, 0.14561120161468666, 0.12868005445115566, 0.12552106493698928, 0.13384552354872548]",,,,,
sub-04,LIPv,LO1,train,sub-10,linear_predictivity,149,78,0.012579453591084073,,"[3162.277660168379, 1000.0, 3162.277660168379, 3162.277660168379, 3162.277660168379]",0.06468048087264355,1.0110297651197135,0.9349973340872296,0.9833045562504408
sub-04,LIPv,LO1,test,sub-10,linear_predictivity,149,78,0.02289269203879762,"[0.022597176281169633, 0.03446596800619411, 0.014159486772966003, 0.023139610139656784, 0.02010121899400157]",,,,,
sub-04,LIPv,LO2,train,sub-10,linear_predictivity,149,80,0.01464561145230058,,"[10000.0, 3162.277660168379, 3162.277660168379, 3162.277660168379, 3162.277660168379]",0.05053816137123611,1.0172782294457676,0.9493526127058416,0.9830867042821133
sub-04,LIPv,LO2,test,sub-10,linear_predictivity,149,80,0.05008914639646026,"[0.03736781437965554, 0.05296206220358932, 0.047377521585607596, 0.05668748092389433, 0.05605085288955451]",,,,,
sub-04,LIPv,LO3,train,sub-10,linear_predictivity,149,113,0.01293742244921137,,"[3162.277660168379, 1000.0, 3162.277660168379, 3162.277660168379, 3162.277660168379]",0.0639303855869503,1.0094988743611588,0.9356993069506409,0.9823324186031901
sub-04,LIPv,LO3,test,sub-10,linear_predictivity,149,113,0.013183292390523751,"[0.01535973089986458, 0.023177886922043155, 0.007982586401412129, 0.009755449328204019, 0.009640808401094882]",,,,,
sub-04,LIPv,V7,train,sub-10,linear_predictivity,149,61,0.05935373154360388,,"[3162.277660168379, 3162.277660168379, 3162.277660168379, 3162.277660168379, 3162.277660168379]",0.09697634550736156,0.9895545795460743,0.9027990341875917,0.9369842102119736
sub-04,LIPv,V7,test,sub-10,linear_predictivity,149,61,0.11078471517882311,"[0.1122222096246631, 0.11835378043794893, 0.10891390315370288, 0.10338920343442946, 0.11104447924337116]",,,,,
sub-04,LIPv,IP0,train,sub-10,linear_predictivity,149,103,0.016982138759416326,,"[10000.0, 3162.277660168379, 10000.0, 3162.277660168379, 10000.0]",0.049209935879708976,1.0150094695395002,0.9506136294207843,0.9787713985048263
sub-04,LIPv,IP0,test,sub-10,linear_predictivity,149,103,0.02633575772239204,"[0.02779002846411994, 0.029671456882219192, 0.021087516239144396, 0.03444947115867886, 0.0186803158677978]",,,,,
sub-04,LIPv,IP1,train,sub-10,linear_predictivity,149,33,0.008610882921068016,,"[10000.0, 10000.0, 10000.0, 10000.0, 10000.0]",0.030707603118612488,1.0278486521335621,0.9690706931378676,0.9879864187827178
sub-04,LIPv,IP1,test,sub-10,linear_predictivity,149,33,0.032209890571453126,"[0.03119204207804611, 0.03756785686474131, 0.02894904765143257, 0.026642740072848857, 0.03669776619019678]",,,,,
sub-04,LIPv,MIP,train,sub-10,linear_predictivity,149,178,0.014014867228663005,,"[10000.0, 10000.0, 10000.0, 10000.0, 10000.0]",0.03978502932081604,1.0175280610172321,0.9598424295729187,0.9796989028895489
sub-04,LIPv,MIP,test,sub-10,linear_predictivity,149,178,0.03404450569081856,"[0.033575949283706705, 0.033250196859928464, 0.03467289152963142, 0.034670080354468016, 0.034053410426358205]",,,,,
sub-04,LIPv,VIP,train,sub-10,linear_predictivity,149,100,0.028454231816663466,,"[10000.0, 3162.277660168379, 10000.0, 3162.277660168379, 10000.0]",0.05578727595452747,1.0115995299978375,0.9440421321530639,0.9684447068070403
sub-04,LIPv,VIP,test,sub-10,linear_predictivity,149,100,0.05402081412078301,"[0.050900930487993046, 0.060628324075301616, 0.04720866826537222, 0.060844435297535956, 0.0505217124777122]",,,,,
sub-04,LIPv,LIPd,train,sub-10,linear_predictivity,149,31,0.003487933720965379,,"[10000.0, 10000.0, 10000.0, 10000.0, 10000.0]",0.024178081162923155,1.0295708669344763,0.9756319637364601,0.9934959043682771
sub-04,LIPv,LIPd,test,sub-10,linear_predictivity,149,31,0.02364906714879538,"[0.02380957114090444, 0.025667372648710014, 0.029855544051037994, 0.017682475286314444, 0.021230372617010027]",,,,,
sub-04,LIPv,LIPv,train,sub-10,linear_predictivity,149,75,0.017363699920267008,,"[10000.0, 3162.277660168379, 10000.0, 10000.0, 10000.0]",0.04503813524880092,1.0165950369565333,0.9546572795736339,0.9786061611802946
sub-04,LIPv,LIPv,test,sub-10,linear_predictivity,149,75,0.048248642555707585,"[0.04653672561363103, 0.0561521929608168, 0.04652124882015832, 0.044732310274441016, 0.0473007351094908]",,,,,
sub-04,LIPv,AIP,train,sub-10,linear_predictivity,149,409,0.01696632208248107,,"[10000.0, 3162.277660168379, 10000.0, 3162.277660168379, 10000.0]",0.05417233231495851,1.0153465258147913,0.9454193098656504,0.9755211417382993
sub-04,LIPv,AIP,test,sub-10,linear_predictivity,149,409,0.08162327976975184,"[0.07345905375418402, 0.10244858424522335, 0.07495547937164024, 0.07879105428228655, 0.078462227195425]",,,,,
sub-04,LIPv,7Pm,train,sub-10,linear_predictivity,149,21,0.007881844315609655,,"[3162.277660168379, 10000.0, 10000.0, 10000.0, 10000.0]",0.032413599883574604,1.02627565340565,0.967262691636092,0.9886940224773799
sub-04,LIPv,7Pm,test,sub-10,linear_predictivity,149,21,0.020032196682171658,"[0.027547146413867876, 0.01823895539589964, 0.016934680891996106, 0.02139651107380364, 0.016043689635291025]",,,,,
sub-04,LIPv,7PL,train,sub-10,linear_predictivity,149,106,0.014435405977571671,,"[3162.277660168379, 3162.277660168379, 10000.0, 3162.277660168379, 10000.0]",0.045640863701683965,1.0186329238846132,0.9540606909894361,0.9821011725959886
sub-04,LIPv,7PL,test,sub-10,linear_predictivity,149,106,0.04324781075768876,"[0.049823527172903975, 0.04947756931335446, 0.03400673294785619, 0.050569957500364894, 0.032361266853964295]",,,,,
sub-04,LIPv,7PC,train,sub-10,linear_predictivity,149,224,0.03169170064395937,,"[10000.0, 3162.277660168379, 3162.277660168379, 3162.277660168379, 10000.0]",0.06854525202295529,1.0073974453315604,0.9310821274922196,0.9616203583633578
sub-04,LIPv,7PC,test,sub-10,linear_predictivity,149,224,0.08773090697741012,"[0.07746042260651056, 0.10120246699274935, 0.09355412345727111, 0.08547679555415688, 0.08096072627636278]",,,,,
sub-04,LIPv,7Am,train,sub-10,linear_predictivity,149,186,0.0071946132485450585,,"[3162.277660168379, 3162.277660168379, 10000.0, 3162.277660168379, 10000.0]",0.043114452734203605,1.0225740752910553,0.9564358814784262,0.9874191912082537
sub-04,LIPv,7Am,test,sub-10,linear_predictivity,149,186,0.043849596669004585,"[0.048389098713826226, 0.05757511412979137, 0.03288054386632433, 0.04963379439989489, 0.030769432235186137]",,,,,
sub-04,LIPv,7AL,train,sub-10,linear_predictivity,149,158,0.023975335498848976,,"[3162.277660168379, 3162.277660168379, 3162.277660168379, 3162.277660168379, 10000.0]",0.0617816214809344,1.0155175831420387,0.9378560673696791,0.9703474101470917
sub-04,LIPv,7AL,test,sub-10,linear_predictivity,149,158,0.06988700601614667,"[0.0708875136164127, 0.07558750855650986, 0.0741214989257739, 0.07123760859514311, 0.05760090038689375]",,,,,
sub-04,LIPv,VVC,train,sub-10,linear_predictivity,149,196,0.006690883783626926,,"[3162.277660168379, 3162.277660168379, 10000.0, 3162.277660168379, 10000.0]",0.041953393680487165,1.0211089736844643,0.9577226093175583,0.9890001866437869
sub-04,LIPv,VVC,test,sub-10,linear_predictivity,149,196,0.02034960369029007,"[0.024976749340866446, 0.02978633561124884, 0.012280751767800063, 0.02426203265984833, 0.010442149071686672]",,,,,
sub-04,LIPv,VMV2,train,sub-10,linear_predictivity,149,94,0.0036691492231877023,,"[3162.277660168379, 3162.277660168379, 3162.277660168379, 3162.277660168379, 3162.277660168379]",0.04434321892457702,1.0228435237024325,0.9554230136452935,0.9922386172903892
sub-04,LIPv,VMV2,test,sub-10,linear_predictivity,149,94,0.005070661442246991,"[0.006419709095832783, 0.006751136179596367, 0.00436185947350281, 0.006474602760842496, 0.0013459997014605028]",,,,,
sub-04,LIPv,VMV3,train,sub-10,linear_predictivity,149,98,0.00470506343736946,,"[3162.277660168379, 3162.277660168379, 10000.0, 3162.277660168379, 10000.0]",0.0413577251721598,1.0192792668597022,0.9582972718004166,0.99044084220175
sub-04,LIPv,VMV3,test,sub-10,linear_predictivity,149,98,-0.03783446893231002,"[-0.02779983454520464, -0.026540741938069046, -0.04593174321408455, -0.04121704394017361, -0.04768298102401826]",,,,,
sub-04,LIPv,VMV1,train,sub-10,linear_predictivity,149,42,-0.0010874686553074405,,"[10000.0, 3162.277660168379, 3162.277660168379, 3162.277660168379, 3162.277660168379]",0.03837574682184048,1.0238138103148846,0.9612667250438021,0.9950913731477714
sub-04,LIPv,VMV1,test,sub-10,linear_predictivity,149,42,0.009496290297718995,"[0.0041408723535271644, 0.014496589825793075, 0.011435369961793082, 0.011269881824086878, 0.006138737523394769]",,,,,
sub-04,LIPv,PHA2,train,sub-10,linear_predictivity,149,21,-0.00520862776400139,,"[10000.0, 10000.0, 10000.0, 10000.0, 10000.0]",0.020155142605500005,1.0308193926051274,0.9795321313512939,0.9998382472021768
sub-04,LIPv,PHA2,test,sub-10,linear_predictivity,149,21,0.00821250699032191,"[0.007466477139742593, 0.005333181617582397, 0.011233355977670743, 0.007927385907861536, 0.00910213430875228]",,,,,
sub-04,LIPv,PHA3,train,sub-10,linear_predictivity,149,104,-0.0008842974572657455,,"[10000.0, 10000.0, 10000.0, 10000.0, 10000.0]",0.021916262600648568,1.0281605984951157,0.9778535335735181,0.9970165930824979
sub-04,LIPv,PHA3,test,sub-10,linear_predictivity,149,104,0.01127578576641094,"[0.012224463615128373, 0.013096476975155997, 0.007371539183392997, 0.01158419934669709, 0.012102249711680236]",,,,,
sub-04,LIPv,PH,train,sub-10,linear_predictivity,149,261,0.031246757189230652,,"[3162.277660168379, 3162.277660168379, 3162.277660168379, 3162.277660168379, 3162.277660168379]",0.07098974380908639,1.006945194231848,0.9287789755408449,0.9648267333740203
sub-04,LIPv,PH,test,sub-10,linear_predictivity,149,261,0.08123076014618971,"[0.08055551536675709, 0.08330395570307858, 0.07785713608101973, 0.08270743692373088, 0.0817297566563623]",,,,,
sub-04,AIP,V1,train,sub-10,linear_predictivity,221,553,-0.003315194738308149,,"[31622.776601683796, 31622.776601683796, 31622.776601683796, 31622.776601683796, 31622.776601683796]",0.012556857784612865,1.051067042251256,0.987213704996379,0.9995113623449811
sub-04,AIP,V1,test,sub-10,linear_predictivity,221,553,-0.012833794250108338,"[-0.012666528476313433, -0.010751829720700415, -0.012290188345483465, -0.01520364414560893, -0.013256780562435434]",,,,,
sub-04,AIP,V2,train,sub-10,linear_predictivity,221,516,-0.0019849786018299558,,"[10000.0, 10000.0, 31622.776601683796, 10000.0, 31622.776601683796]",0.022967717384386518,1.0488944365027142,0.9767420956149915,0.9979412512987853
sub-04,AIP,V2,test,sub-10,linear_predictivity,221,516,-0.020221533419828342,"[-0.01739488511039286, -0.0160256838824325, -0.021673209781999877, -0.02032020080515026, -0.025693687519166206]",,,,,
sub-04,AIP,V3,train,sub-10,linear_predictivity,221,400,-0.0026348341240507514,,"[31622.776601683796, 10000.0, 31622.776601683796, 10000.0, 31622.776601683796]",0.018623459242349295,1.0497131865820546,0.981133835201019,0.9993641236196489
sub-04,AIP,V3,test,sub-10,linear_predictivity,221,400,-0.028056202575602457,"[-0.031465495771766355, -0.024066610375806784, -0.02818901329860769, -0.024042795272390297, -0.03251709815944116]",,,,,
sub-04,AIP,V4,train,sub-10,linear_predictivity,221,574,0.004956335837420977,,"[10000.0, 10000.0, 10000.0, 10000.0, 10000.0]",0.03475721583918344,1.039151233037511,0.9650422464617826,0.9917926185331947
sub-04,AIP,V4,test,sub-10,linear_predictivity,221,574,-0.017175352707443036,"[-0.01651850156355225, -0.014353694745126233, -0.01839641330646797, -0.01511682168174686, -0.021491332240321872]",,,,,
sub-04,AIP,V3A,train,sub-10,linear_predictivity,221,85,0.00437655706135473,,"[10000.0, 10000.0, 10000.0, 10000.0, 10000.0]",0.033400847385275746,1.0436331327448911,0.9664223770286503,0.992562328673334
sub-04,AIP,V3A,test,sub-10,linear_predictivity,221,85,0.003245906848072606,"[0.0051295382639246715, 0.0038443787071414507, 0.0013394143309363288, 0.004421429601637903, 0.0014947733367226767]",,,,,
sub-04,AIP,V3B,train,sub-10,linear_predictivity,221,99,0.014613147823503175,,"[3162.277660168379, 3162.277660168379, 3162.277660168379, 3162.277660168379, 3162.277660168379]",0.07229580483287046,1.0331214212693083,0.9275371509762822,0.9822940133903098
sub-04,AIP,V3B,test,sub-10,linear_predictivity,221,99,0.006255757702234565,"[0.013755939094376017, 0.00914564685204533, 0.002130736859290399, 0.007762843406700204, -0.0015163777012391299]",,,,,
sub-04,AIP,V6,train,sub-10,linear_predictivity,221,11,0.009320400509917016,,"[3162.277660168379, 3162.277660168379, 3162.277660168379, 3162.277660168379, 3162.277660168379]",0.06436331579294227,1.0393734312527823,0.9354345068856411,0.9873308172866011
sub-04,AIP,V6,test,sub-10,linear_predictivity,221,11,0.008065869993754578,"[-0.0013519865031004622, 0.021197933128610534, 0.00811687206171996, 0.01767383778240111, -0.00530730650085825]",,,,,
sub-04,AIP,V6A,train,sub-10,linear_predictivity,221,45,0.02122931406732869,,"[10000.0, 3162.277660168379, 10000.0, 3162.277660168379, 3162.277660168379]",0.06555034179455177,1.0315495841843556,0.9342638449874212,0.9754673695198347
sub-04,AIP,V6A,test,sub-10,linear_predictivity,221,45,0.05080234997990385,"[0.04518167772103387, 0.058547312155771844, 0.0429364752227646, 0.052801638600944924, 0.05454464619900401]",,,,,
sub-04,AIP,V7,train,sub-10,linear_predictivity,221,61,0.052305376246563215,,"[3162.277660168379, 3162.277660168379, 3162.277660168379, 3162.277660168379, 3162.277660168379]",0.10559333119242284,1.0067019033828888,0.8941870686855854,0.9439457610377315
sub-04,AIP,V7,test,sub-10,linear_predictivity,221,61,0.10682285599680826,"[0.113204537959035, 0.1111842171419567, 0.1025211829769859, 0.10213332701072403, 0.10507101489533958]",,,,,
sub-04,AIP,V8,train,sub-10,linear_predictivity,221,96,-0.0029692524418870278,,"[10000.0, 3162.277660168379, 3162.277660168379, 3162.277660168379, 10000.0]",0.04852664921316598,1.0413359861533553,0.9512195719963807,0.9990965258968479
sub-04,AIP,V8,test,sub-10,linear_predictivity,221,96,-0.04507756981770381,"[-0.04098932536943371, -0.04399377024277168, -0.04174064256871434, -0.041166718240408344, -0.05749739266719097]",,,,,
sub-04,AIP,FFC,train,sub-10,linear_predictivity,221,244,0.005589056376158978,,"[10000.0, 10000.0, 10000.0, 10000.0, 10000.0]",0.03291999822640176,1.042272743033702,0.9669177540871831,0.9917350126256673
sub-04,AIP,FFC,test,sub-10,linear_predictivity,221,244,0.009962042315225824,"[0.01844394973493669, 0.010883823123573971, 0.003690763822447857, 0.01195432756811818, 0.00483734732705242]",,,,,
sub-04,AIP,PIT,train,sub-10,linear_predictivity,221,100,0.0015420744554457135,,"[10000.0, 10000.0, 10000.0, 10000.0, 10000.0]",0.029231163448562903,1.0444215061419038,0.9706239811750468,0.9959075421428768
sub-04,AIP,PIT,test,sub-10,linear_predictivity,221,100,-0.007833511336724608,"[-0.0036795446239807086, -0.008151295681025666, -0.011887737229113187, -0.005693128302370854, -0.009755850847132626]",,,,,
sub-04,AIP,IPS1,train,sub-10,linear_predictivity,221,166,0.03798155274234343,,"[3162.277660168379, 3162.277660168379, 10000.0, 3162.277660168379, 3162.277660168379]",0.08808207719198459,1.0166671385630734,0.9116647430724605,0.9571980496390216
sub-04,AIP,IPS1,test,sub-10,linear_predictivity,221,166,0.07259477420139225,"[0.0816053727406603, 0.07590299626812233, 0.06123954336319092, 0.0722513473643258, 0.0719746112706619]",,,,,
sub-04,AIP,MST,train,sub-10,linear_predictivity,221,135,0.049584678529779026,,"[3162.277660168379, 3162.277660168379, 3162.277660168379, 3162.277660168379, 3162.277660168379]",0.1028878294999277,1.0118562849991253,0.896961140708358,0.9478773427978691
sub-04,AIP,MST,test,sub-10,linear_predictivity,221,135,0.068994222378962,"[0.07345204531513355, 0.07381711100884589, 0.059961346962096713, 0.07279527958275643, 0.0649453290259774]",,,,,
sub-04,AIP,MT,train,sub-10,linear_predictivity,221,86,0.020154613456832705,,"[3162.277660168379, 3162.277660168379, 3162.277660168379, 3162.277660168379, 3162.277660168379]",0.076787424920242,1.031593532372759,0.9230556270943309,0.977165566459996
sub-04,AIP,MT,test,sub-10,linear_predictivity,221,86,0.014321078713090593,"[0.021584228089528326, 0.017842715311799703, 0.005410656185774822, 0.017676106972607835, 0.009091687005742272]",,,,,
sub-04,AIP,FST,train,sub-10,linear_predictivity,221,167,0.08080355150936065,,"[3162.277660168379, 3162.277660168379, 3162.277660168379, 3162.277660168379, 1000.0]",0.1431208885388927,0.984868231844567,0.8564457380012002,0.912927634990603
sub-04,AIP,FST,test,sub-10,linear_predictivity,221,167,0.15180765676727376,"[0.1534896537820712, 0.15858813725144855, 0.1410769105404204, 0.14697358235563915, 0.15890999990678945]",,,,,
sub-04,AIP,LO1,train,sub-10,linear_predictivity,221,78,0.00603193969241618,,"[10000.0, 3162.277660168379, 10000.0, 3162.277660168379, 3162.277660168379]",0.05316951890833711,1.0345618640942187,0.9465360507633871,0.9905609072752096
sub-04,AIP,LO1,test,sub-10,linear_predictivity,221,78,0.014365570852500644,"[0.015026295755118527, 0.024072970541644725, -0.0025848861117903875, 0.02321541449196275, 0.012098059585567606]",,,,,
sub-04,AIP,LO2,train,sub-10,linear_predictivity,221,80,0.007717325928114212,,"[10000.0, 10000.0, 10000.0, 10000.0, 10000.0]",0.03567100584614227,1.0374043112818887,0.964206380051384,0.9902232996263116
sub-04,AIP,LO2,test,sub-10,linear_predictivity,221,80,0.023993223277829653,"[0.02993211705257821, 0.025409273197186, 0.0184449476982826, 0.0248862567368492, 0.02129352170425225]",,,,,
sub-04,AIP,LO3,train,sub-10,linear_predictivity,221,113,0.00978144374664102,,"[10000.0, 3162.277660168379, 10000.0, 10000.0, 3162.277660168379]",0.052300402484958194,1.035519726811503,0.9474384129528041,0.9861103756594047
sub-04,AIP,LO3,test,sub-10,linear_predictivity,221,113,0.009388490935366646,"[0.015094395688603008, 0.016517265091146715, -0.0018164663631902952, 0.005538166284390132, 0.011609093975883672]",,,,,
sub-04,AIP,V7,train,sub-10,linear_predictivity,221,61,0.052305376246563215,,"[3162.277660168379, 3162.277660168379, 3162.277660168379, 3162.277660168379, 3162.277660168379]",0.10559333119242284,1.0067019033828888,0.8941870686855854,0.9439457610377315
sub-04,AIP,V7,test,sub-10,linear_predictivity,221,61,0.10682285599680826,"[0.113204537959035, 0.1111842171419567, 0.1025211829769859, 0.10213332701072403, 0.10507101489533958]",,,,,
sub-04,AIP,IP0,train,sub-10,linear_predictivity,221,103,0.02164274349214107,,"[10000.0, 3162.277660168379, 10000.0, 3162.277660168379, 10000.0]",0.06325258666915486,1.027097368015478,0.9366158698895379,0.974212045629462
sub-04,AIP,IP0,test,sub-10,linear_predictivity,221,103,0.03214435410390605,"[0.03274706174623402, 0.03529511018074414, 0.028011335985063262, 0.036808274074646465, 0.027859988532842342]",,,,,
sub-04,AIP,IP1,train,sub-10,linear_predictivity,221,33,0.012386690546387852,,"[10000.0, 10000.0, 10000.0, 10000.0, 10000.0]",0.04029039841872794,1.0404534748113132,0.9594977191271903,0.9843396958177696
sub-04,AIP,IP1,test,sub-10,linear_predictivity,221,33,0.02904526942122725,"[0.029289722382982653, 0.027207195084779565, 0.02847388440411897, 0.025946397728873114, 0.03430914750538193]",,,,,
sub-04,AIP,MIP,train,sub-10,linear_predictivity,221,178,0.020105576373864554,,"[10000.0, 10000.0, 10000.0, 3162.277660168379, 3162.277660168379]",0.061295415017370236,1.0296089534668886,0.9384937800535701,0.9737737828762226
sub-04,AIP,MIP,test,sub-10,linear_predictivity,221,178,0.011242324445945636,"[0.014574512260272475, 0.009521628524391711, 0.01279373419689341, 0.009641670815340848, 0.009680076432829744]",,,,,
sub-04,AIP,VIP,train,sub-10,linear_predictivity,221,100,0.021217276297500993,,"[10000.0, 3162.277660168379, 10000.0, 3162.277660168379, 3162.277660168379]",0.06671180748065432,1.0310760255794413,0.9332017209327208,0.9752162336436857
sub-04,AIP,VIP,test,sub-10,linear_predictivity,221,100,0.023034561518472652,"[0.02486577452640009, 0.023965763318588764, 0.01926579373296086, 0.024602195434211615, 0.022473280580201926]",,,,,
sub-04,AIP,LIPd,train,sub-10,linear_predictivity,221,31,0.010286583397704576,,"[10000.0, 10000.0, 10000.0, 10000.0, 10000.0]",0.03641306118441251,1.0413599232198352,0.9633929686314409,0.9866342898027508
sub-04,AIP,LIPd,test,sub-10,linear_predictivity,221,31,0.031269797172989895,"[0.03334619451758281, 0.029962022832615353, 0.031488454264038596, 0.02938040581661114, 0.03217190843410157]",,,,,
sub-04,AIP,LIPv,train,sub-10,linear_predictivity,221,75,0.021133656752699147,,"[10000.0, 3162.277660168379, 10000.0, 3162.277660168379, 10000.0]",0.061499744034178294,1.0284928403689029,0.9382708633374524,0.9748415936020652
sub-04,AIP,LIPv,test,sub-10,linear_predictivity,221,75,0.04439932295730912,"[0.045233894464446, 0.047502922944894325, 0.03848852415741221, 0.04904657035241633, 0.04172470286737674]",,,,,
sub-04,AIP,AIP,train,sub-10,linear_predictivity,221,409,0.03512358235353354,,"[3162.277660168379, 3162.277660168379, 10000.0, 3162.277660168379, 3162.277660168379]",0.08887284564358484,1.0202330762533556,0.9107377153787392,0.9575082094561417
sub-04,AIP,AIP,test,sub-10,linear_predictivity,221,409,0.09787967812420852,"[0.10283072043669197, 0.10990638304458222, 0.09213043311528252, 0.08340247134623165, 0.10112838267825418]",,,,,
sub-04,AIP,7Pm,train,sub-10,linear_predictivity,221,21,0.006951210520170788,,"[10000.0, 10000.0, 10000.0, 10000.0, 10000.0]",0.03360872250405035,1.0402768785624352,0.9661833387622268,0.9898627268029884
sub-04,AIP,7Pm,test,sub-10,linear_predictivity,221,21,0.0067698687969189085,"[0.006802253690608696, 0.0069340057478032395, 0.008353011624494781, 0.005419987915260856, 0.006340085006426973]",,,,,
sub-04,AIP,7PL,train,sub-10,linear_predictivity,221,106,0.017517410427172402,,"[3162.277660168379, 3162.277660168379, 10000.0, 3162.277660168379, 3162.277660168379]",0.06532821664970552,1.0343835999416102,0.9344380797260549,0.9789615780915064
sub-04,AIP,7PL,test,sub-10,linear_predictivity,221,106,0.012179687386050363,"[0.016154092075501152, 0.014652755478165802, 0.007449049144299043, 0.008743357366557068, 0.013899182865728759]",,,,,
sub-04,AIP,7PC,train,sub-10,linear_predictivity,221,224,0.03996762467290121,,"[3162.277660168379, 3162.277660168379, 3162.277660168379, 3162.277660168379, 3162.277660168379]",0.09780675908936609,1.015569913794613,0.9018000476284389,0.9533171692556568
sub-04,AIP,7PC,test,sub-10,linear_predictivity,221,224,0.09156680116544196,"[0.0944635397955181, 0.09635567411779815, 0.0898481196495818, 0.0852432229251577, 0.09192344933915411]",,,,,
sub-04,AIP,7Am,train,sub-10,linear_predictivity,221,186,0.01654022837678203,,"[3162.277660168379, 3162.277660168379, 3162.277660168379, 3162.277660168379, 3162.277660168379]",0.07195974768423945,1.0385141277637218,0.9277720988818595,0.9786740044895564
sub-04,AIP,7Am,test,sub-10,linear_predictivity,221,186,0.030544294246158288,"[0.02948133689764615, 0.03807840191219667, 0.027170343552858828, 0.028142335350672648, 0.02984905351741714]",,,,,
sub-04,AIP,7AL,train,sub-10,linear_predictivity,221,158,0.026432557329753838,,"[3162.277660168379, 3162.277660168379, 3162.277660168379, 3162.277660168379, 3162.277660168379]",0.08267006094183316,1.028865614537391,0.917008001053454,0.967987043142973
sub-04,AIP,7AL,test,sub-10,linear_predictivity,221,158,0.058838273458757195,"[0.06053507569880064, 0.06278485356036348, 0.05833198186634005, 0.0578537577704148, 0.05468569839786698]",,,,,
sub-04,AIP,VVC,train,sub-10,linear_predictivity,221,196,0.0067724012162404005,,"[3162.277660168379, 3162.277660168379, 10000.0, 3162.277660168379, 10000.0]",0.055070491249520924,1.0352992116168966,0.9445885356635678,0.9889105645984344
sub-04,AIP,VVC,test,sub-10,linear_predictivity,221,196,0.023822650930262444,"[0.031492845184238435, 0.029956185631421824, 0.015617043655204969, 0.0233981588730812, 0.018649021307365784]",,,,,
sub-04,AIP,VMV2,train,sub-10,linear_predictivity,221,94,-0.004224462582432299,,"[10000.0, 3162.277660168379, 10000.0, 10000.0, 10000.0]",0.03579066079164545,1.043541814564806,0.9640300419103822,1.0001413554743084
sub-04,AIP,VMV2,test,sub-10,linear_predictivity,221,94,-0.009989915726253847,"[-0.009052526131813059, -0.007015394650247998, -0.010027626379355928, -0.010645592396836498, -0.013208439073015749]",,,,,
sub-04,AIP,VMV3,train,sub-10,linear_predictivity,221,98,0.0030193208924844776,,"[3162.277660168379, 3162.277660168379, 3162.277660168379, 3162.277660168379, 10000.0]",0.06081122346556589,1.0354080222579207,0.9388998929321547,0.9922060076977693
sub-04,AIP,VMV3,test,sub-10,linear_predictivity,221,98,-0.04207973587643592,"[-0.030378905828029604, -0.03180244859989055, -0.04843620283828234, -0.04610328800958635, -0.05367783410639074]",,,,,
sub-04,AIP,VMV1,train,sub-10,linear_predictivity,221,42,-0.003303943106646756,,"[10000.0, 10000.0, 10000.0, 10000.0, 10000.0]",0.031796600175847865,1.0474136014021531,0.9678307497616728,0.9971482513726068
sub-04,AIP,VMV1,test,sub-10,linear_predictivity,221,42,0.005288332285516541,"[0.008480237457351048, 0.010645731322253322, 0.004990729998485533, 0.0032900050300029133, -0.0009650423805101082]",,,,,
sub-04,AIP,PHA2,train,sub-10,linear_predictivity,221,21,-0.005613647395548164,,"[10000.0, 10000.0, 31622.776601683796, 10000.0, 31622.776601683796]",0.023940772911156982,1.0469033773774135,0.9757127940879273,1.0000744318658121
sub-04,AIP,PHA2,test,sub-10,linear_predictivity,221,21,0.0059073908195776265,"[0.0033451783537778524, 0.006697427260299078, 0.007940926900112515, 0.005492910106273724, 0.006060511477424966]",,,,,
sub-04,AIP,PHA3,train,sub-10,linear_predictivity,221,104,-0.0016320518743305576,,"[10000.0, 3162.277660168379, 10000.0, 10000.0, 10000.0]",0.036576986289809696,1.0436698686426102,0.9632873417467602,0.9978767532605779
sub-04,AIP,PHA3,test,sub-10,linear_predictivity,221,104,0.0024944465920205133,"[0.001766035200247179, 0.0027460090634025794, 0.001472706483041897, 0.001086881508094431, 0.005400600705316481]",,,,,
sub-04,AIP,PH,train,sub-10,linear_predictivity,221,261,0.035164807782388834,,"[3162.277660168379, 3162.277660168379, 3162.277660168379, 3162.277660168379, 3162.277660168379]",0.08922353053265922,1.0188593885419477,0.9105617897431838,0.9610338286451595
sub-04,AIP,PH,test,sub-10,linear_predictivity,221,261,0.07932739295418452,"[0.08758590376980208, 0.08270955466495537, 0.06991980595623754, 0.08139164773321511, 0.0750300526467125]",,,,,
sub-04,7Pm,V1,train,sub-10,linear_predictivity,39,553,-0.0021493380834563956,,"[3162.277660168379, 3162.277660168379, 3162.277660168379, 3162.277660168379, 3162.277660168379]",0.014936671472458663,1.0073637710862957,0.9848421784875203,0.9984213016440956
sub-04,7Pm,V1,test,sub-10,linear_predictivity,39,553,-0.017304680678464978,"[-0.015948746143565232, -0.01645233438249832, -0.01739685231627873, -0.018663892168356778, -0.018061578381625833]",,,,,
sub-04,7Pm,V2,train,sub-10,linear_predictivity,39,516,-0.001510406565558955,,"[3162.277660168379, 3162.277660168379, 3162.277660168379, 3162.277660168379, 3162.277660168379]",0.01589941324167928,1.0071177796937063,0.9838751178975503,0.9977106214184077
sub-04,7Pm,V2,test,sub-10,linear_predictivity,39,516,-0.028032680185259014,"[-0.027076485302295287, -0.025454060296553643, -0.027989953782477987, -0.028873312401876718, -0.030769589143091452]",,,,,
sub-04,7Pm,V3,train,sub-10,linear_predictivity,39,400,0.0005271772587838577,,"[3162.277660168379, 3162.277660168379, 3162.277660168379, 3162.277660168379, 3162.277660168379]",0.016246070970486824,1.0069400785201492,0.9835666255197253,0.9963441556233097
sub-04,7Pm,V3,test,sub-10,linear_predictivity,39,400,-0.03233077505413813,"[-0.03411592548882144, -0.030702154267589217, -0.029285784567323895, -0.03279951447557657, -0.03475049647137953]",,,,,
sub-04,7Pm,V4,train,sub-10,linear_predictivity,39,574,0.0009369245866700951,,"[1000.0, 3162.277660168379, 3162.277660168379, 3162.277660168379, 1000.0]",0.022850088774334747,1.0050468480260517,0.9769466236386426,0.9960050080464269
sub-04,7Pm,V4,test,sub-10,linear_predictivity,39,574,-0.030841743361410334,"[-0.028898041437413133, -0.031496816611749294, -0.02986230219240879, -0.03193306487868218, -0.03201849168679828]",,,,,
sub-04,7Pm,V3A,train,sub-10,linear_predictivity,39,85,0.004032356559113333,,"[3162.277660168379, 3162.277660168379, 3162.277660168379, 3162.277660168379, 1000.0]",0.02196375092559388,1.005064755968519,0.9778701647346864,0.9930528275072564
sub-04,7Pm,V3A,test,sub-10,linear_predictivity,39,85,-0.00032418421525745345,"[-0.0027919833357960234, -0.003438564433779544, -0.0017723797452091588, -0.001552199627328178, 0.007934206065825638]",,,,,
sub-04,7Pm,V3B,train,sub-10,linear_predictivity,39,99,0.012111317596491264,,"[1000.0, 1000.0, 1000.0, 1000.0, 1000.0]",0.03735531671117487,1.0007101147530826,0.962455844910882,0.984741032765443
sub-04,7Pm,V3B,test,sub-10,linear_predictivity,39,99,-0.0031361211038015064,"[0.0006648394163126903, -0.006146965802085032, -0.006541867027177043, 0.00033200229004965055, -0.0039886143961077964]",,,,,
sub-04,7Pm,V6,train,sub-10,linear_predictivity,39,11,0.03085200631108555,,"[1000.0, 316.2277660168379, 1000.0, 1000.0, 1000.0]",0.06438723933251478,0.9871830956835923,0.9353883891671713,0.965397136979951
sub-04,7Pm,V6,test,sub-10,linear_predictivity,39,11,0.04111255045085599,"[0.033966106930564836, 0.0487488079974554, 0.0343063204914611, 0.04868874798628004, 0.03985276884851856]",,,,,
sub-04,7Pm,V6A,train,sub-10,linear_predictivity,39,45,0.0023813706557450362,,"[1000.0, 1000.0, 3162.277660168379, 3162.277660168379, 1000.0]",0.02671997797940273,1.0037380489855372,0.9730157598244512,0.9940237098052999
sub-04,7Pm,V6A,test,sub-10,linear_predictivity,39,45,0.006103710057376969,"[0.006365758980142837, 0.0030584084903784244, 0.007426103684831325, 0.006253392913059873, 0.007414886218472384]",,,,,
sub-04,7Pm,V7,train,sub-10,linear_predictivity,39,61,0.013499690077354543,,"[1000.0, 1000.0, 1000.0, 1000.0, 1000.0]",0.039345540218947324,0.9985822485993705,0.9604270291720356,0.9830757788187953
sub-04,7Pm,V7,test,sub-10,linear_predictivity,39,61,-0.0074898543900206475,"[-0.007095847321726889, -0.011703098345856373, -0.009242287081281098, -0.006843088357004658, -0.0025649508442342193]",,,,,
sub-04,7Pm,V8,train,sub-10,linear_predictivity,39,96,0.003912655349313519,,"[3162.277660168379, 3162.277660168379, 3162.277660168379, 3162.277660168379, 1000.0]",0.02361547808858664,1.00318636720209,0.9761851658616019,0.992542980958001
sub-04,7Pm,V8,test,sub-10,linear_predictivity,39,96,-0.03408325766310823,"[-0.031012928615318503, -0.03350998954313935, -0.03025781602871129, -0.03765498956948445, -0.037980564558887514]",,,,,
sub-04,7Pm,FFC,train,sub-10,linear_predictivity,39,244,0.011127151758710372,,"[1000.0, 1000.0, 1000.0, 1000.0, 1000.0]",0.035331802814574556,1.0017261441716039,0.9645106913755368,0.9862924600076702
sub-04,7Pm,FFC,test,sub-10,linear_predictivity,39,244,0.0105659944775568,"[0.012944463365458948, 0.012329070988856172, 0.010411757942676464, 0.010529321345204708, 0.006615358745587711]",,,,,
sub-04,7Pm,PIT,train,sub-10,linear_predictivity,39,100,0.0035426941518963647,,"[1000.0, 1000.0, 1000.0, 1000.0, 1000.0]",0.02930759592585397,1.0051555656253282,0.9705193704302765,0.9935779888027252
sub-04,7Pm,PIT,test,sub-10,linear_predictivity,39,100,-0.009361589910039056,"[-0.007654617624223226, -0.00602482104717615, -0.006944188612579373, -0.013838526571166252, -0.012345795695050277]",,,,,
sub-04,7Pm,IPS1,train,sub-10,linear_predictivity,39,166,0.01438106466806113,,"[1000.0, 1000.0, 1000.0, 1000.0, 1000.0]",0.04060739647366068,0.9992874729387891,0.9591067838881244,0.9811355606756844
sub-04,7Pm,IPS1,test,sub-10,linear_predictivity,39,166,0.0062503311892406445,"[0.005513398784164205, 0.0025711415009292233, 0.007936215101518443, 0.008300714589079121, 0.006930185970512231]",,,,,
sub-04,7Pm,MST,train,sub-10,linear_predictivity,39,135,0.01389741183493441,,"[316.2277660168379, 316.2277660168379, 316.2277660168379, 1000.0, 316.2277660168379]",0.05692243742934875,0.9947825303112845,0.9429276547044075,0.9832552661111537
sub-04,7Pm,MST,test,sub-10,linear_predictivity,39,135,0.009606074682612018,"[0.016610062398127765, 0.01405699274660147, 0.002427403608366919, 0.009635992383776217, 0.005299922276187715]",,,,,
sub-04,7Pm,MT,train,sub-10,linear_predictivity,39,86,0.01486159145998109,,"[1000.0, 1000.0, 1000.0, 1000.0, 316.2277660168379]",0.04757844601734716,0.9965763087290899,0.9522349312356917,0.9822709217492435
sub-04,7Pm,MT,test,sub-10,linear_predictivity,39,86,0.012028221487243269,"[0.01717508015065632, 0.010570235199303902, 0.008797905034352628, 0.008800210635996833, 0.014797676415906657]",,,,,
sub-04,7Pm,FST,train,sub-10,linear_predictivity,39,167,0.01385632013255451,,"[1000.0, 1000.0, 316.2277660168379, 1000.0, 316.2277660168379]",0.04838585207726965,0.9964142084470303,0.9513546068597003,0.981455793876205
sub-04,7Pm,FST,test,sub-10,linear_predictivity,39,167,0.009639741597469479,"[0.01490998509060999, 0.01386681276858729, 0.008167369871135761, 0.004915251665911359, 0.00633928859110299]",,,,,
sub-04,7Pm,LO1,train,sub-10,linear_predictivity,39,78,0.0013829599525643577,,"[1000.0, 3162.277660168379, 3162.277660168379, 3162.277660168379, 1000.0]",0.025020249158878592,1.0047147800632708,0.9747982177470981,0.995816594198962
sub-04,7Pm,LO1,test,sub-10,linear_predictivity,39,78,-0.01698864325809902,"[-0.00908137282149187, -0.018927160437392867, -0.02129514812948064, -0.020003278369941258, -0.01563625653218845]",,,,,
sub-04,7Pm,LO2,train,sub-10,linear_predictivity,39,80,0.007494809261948547,,"[1000.0, 1000.0, 1000.0, 1000.0, 1000.0]",0.032123475891527864,1.00196691907562,0.9677310704240618,0.9901785665175413
sub-04,7Pm,LO2,test,sub-10,linear_predictivity,39,80,0.006551216044580514,"[0.009112508137980127, 0.009459055784591807, 0.007040015869112785, 0.005181507773025789, 0.001962992658192059]",,,,,
sub-04,7Pm,LO3,train,sub-10,linear_predictivity,39,113,0.01745835060424418,,"[1000.0, 1000.0, 1000.0, 1000.0, 1000.0]",0.044486237723953694,0.9974174794734681,0.9553103955586476,0.9791572428122833
sub-04,7Pm,LO3,test,sub-10,linear_predictivity,39,113,0.0011533486937310073,"[0.005807440549858218, -0.0003377266125606225, 0.0012178314826184822, -0.001744015768261333, 0.0008232138170002926]",,,,,
sub-04,7Pm,V7,train,sub-10,linear_predictivity,39,61,0.013499690077354543,,"[1000.0, 1000.0, 1000.0, 1000.0, 1000.0]",0.039345540218947324,0.9985822485993705,0.9604270291720356,0.9830757788187953
sub-04,7Pm,V7,test,sub-10,linear_predictivity,39,61,-0.0074898543900206475,"[-0.007095847321726889, -0.011703098345856373, -0.009242287081281098, -0.006843088357004658, -0.0025649508442342193]",,,,,
sub-04,7Pm,IP0,train,sub-10,linear_predictivity,39,103,0.007006712884115372,,"[1000.0, 1000.0, 1000.0, 3162.277660168379, 1000.0]",0.03282070658018568,1.002507840158889,0.966925207889305,0.9891250685725008
sub-04,7Pm,IP0,test,sub-10,linear_predictivity,39,103,-0.003947686397337577,"[0.0016621594769150735, -0.00785066848541762, -0.00327924751764824, -0.0037660548493577695, -0.006504620611179328]",,,,,
sub-04,7Pm,IP1,train,sub-10,linear_predictivity,39,33,-0.0036586811340610804,,"[3162.277660168379, 3162.277660168379, 3162.277660168379, 1000000000.0, 3162.277660168379]",0.01053210445841372,1.009900053348241,0.9892469885884163,1.0009435141081062
sub-04,7Pm,IP1,test,sub-10,linear_predictivity,39,33,-0.010175518143237335,"[-0.011714481338762331, -0.010159016409549849, -0.00966705731308173, -0.0041224662533539454, -0.015214569401438808]",,,,,
sub-04,7Pm,MIP,train,sub-10,linear_predictivity,39,178,0.0055344533415859825,,"[1000.0, 1000.0, 1000.0, 1000.0, 1000.0]",0.03478591785439137,1.0023053619361317,0.9648972432934968,0.9889344209570321
sub-04,7Pm,MIP,test,sub-10,linear_predictivity,39,178,0.02207013905245842,"[0.02381718983455524, 0.02026262586751632, 0.026111411411750537, 0.018553835494010667, 0.02160563265445932]",,,,,
sub-04,7Pm,VIP,train,sub-10,linear_predictivity,39,100,0.026620245409402277,,"[1000.0, 1000.0, 1000.0, 1000.0, 1000.0]",0.052484569389358394,0.9933026865081634,0.9472546159011438,0.969487246251234
sub-04,7Pm,VIP,test,sub-10,linear_predictivity,39,100,0.03603624569608071,"[0.03846430593275228, 0.03459299392077839, 0.03793257996394495, 0.032749729408091045, 0.03644161925483689]",,,,,
sub-04,7Pm,LIPd,train,sub-10,linear_predictivity,39,31,-0.0038712471761213453,,"[10000.0, 3162.277660168379, 3162.277660168379, 10000.0, 3162.277660168379]",0.010861884011828868,1.0093207213802957,0.988937050513828,1.0007379856424519
sub-04,7Pm,LIPd,test,sub-10,linear_predictivity,39,31,-0.012789348954582808,"[-0.005055333602702269, -0.017399491174029124, -0.014668674497806945, -0.010840314729086208, -0.01598293076928949]",,,,,
sub-04,7Pm,LIPv,train,sub-10,linear_predictivity,39,75,0.00481151230567578,,"[1000.0, 1000.0, 1000.0, 3162.277660168379, 1000.0]",0.029528767017443613,1.003635930672963,0.9702348709331787,0.9918105065250058
sub-04,7Pm,LIPv,test,sub-10,linear_predictivity,39,75,-0.004069349123108328,"[-0.0027908101888038197, -0.004993324762157992, -0.003631337426601234, -0.003244139998894829, -0.005687133239083766]",,,,,
sub-04,7Pm,AIP,train,sub-10,linear_predictivity,39,409,-0.004909597947303197,,"[1000.0, 1000.0, 3162.277660168379, 3162.277660168379, 1000.0]",0.02482957341838177,1.0051986861225584,0.9747880419454313,0.9990168072164882
sub-04,7Pm,AIP,test,sub-10,linear_predictivity,39,409,0.0069761592029669766,"[0.006547944898770453, 0.01041728036633107, 0.002963582184989229, 0.0037873972821686037, 0.011164591282575527]",,,,,
sub-04,7Pm,7Pm,train,sub-10,linear_predictivity,39,21,0.0021713236658120016,,"[1000.0, 1000.0, 3162.277660168379, 1000.0, 1000.0]",0.02790909979953481,1.0049348226626793,0.9718430600135164,0.994437757630722
sub-04,7Pm,7Pm,test,sub-10,linear_predictivity,39,21,0.016373114750426892,"[0.020823203884866682, 0.017031223458033158, 0.012115924952953433, 0.015154841488257579, 0.016740379968023605]",,,,,
sub-04,7Pm,7PL,train,sub-10,linear_predictivity,39,106,0.030181813116745775,,"[316.2277660168379, 316.2277660168379, 316.2277660168379, 1000.0, 316.2277660168379]",0.06903278571533618,0.9901424898578789,0.9307154612778309,0.966165938137428
sub-04,7Pm,7PL,test,sub-10,linear_predictivity,39,106,0.0724952267240175,"[0.07367935608533303, 0.0739334172935401, 0.08115416169198952, 0.06292209072114924, 0.0707871078280756]",,,,,
sub-04,7Pm,7PC,train,sub-10,linear_predictivity,39,224,-0.003948468171922501,,"[1000.0, 1000.0, 1000.0, 3162.277660168379, 1000.0]",0.02939703978007672,1.0023515940786036,0.9701982995195235,0.9980187299322413
sub-04,7Pm,7PC,test,sub-10,linear_predictivity,39,224,0.007043073409164493,"[0.010335671862022304, 0.010008005535158458, 0.0009554279204335377, 0.0015387726989944742, 0.01237748902921369]",,,,,
sub-04,7Pm,7Am,train,sub-10,linear_predictivity,39,186,0.016919661438335995,,"[1000.0, 1000.0, 1000.0, 1000.0, 1000.0]",0.043927420512607306,0.9967017603385994,0.9557879584699174,0.9783564873595484
sub-04,7Pm,7Am,test,sub-10,linear_predictivity,39,186,0.03593999967860328,"[0.03290446874554267, 0.040432805535208956, 0.034704109780493125, 0.035034549967830224, 0.03662406436394142]",,,,,
sub-04,7Pm,7AL,train,sub-10,linear_predictivity,39,158,-0.0001911696928667624,,"[1000.0, 1000.0, 1000.0, 1000.0, 1000.0]",0.02869939012301262,1.0047025610690388,0.9709639056780608,0.9945300993250316
sub-04,7Pm,7AL,test,sub-10,linear_predictivity,39,158,0.012456314823062347,"[0.011058376916241109, 0.01680828289095689, 0.006635739030677012, 0.009610503203808544, 0.01816867207362818]",,,,,
sub-04,7Pm,VVC,train,sub-10,linear_predictivity,39,196,0.0030209597949179424,,"[1000.0, 1000.0, 1000.0, 1000.0, 1000.0]",0.030476918279193615,1.0046210659678345,0.9692809163225181,0.9929776799209792
sub-04,7Pm,VVC,test,sub-10,linear_predictivity,39,196,0.006459971423435756,"[0.007333419870499921, 0.0072518831317906, 0.0069328730032014, 0.00747247906486133, 0.0033092020468255346]",,,,,
sub-04,7Pm,VMV2,train,sub-10,linear_predictivity,39,94,0.02945527973630207,,"[1000.0, 1000.0, 1000.0, 1000.0, 1000.0]",0.0561391596651345,0.9901874642920598,0.9436366965113244,0.9666595959213815
sub-04,7Pm,VMV2,test,sub-10,linear_predictivity,39,94,0.055596205162735446,"[0.05901925978003215, 0.056807430391244966, 0.051263082604263675, 0.05611078918613719, 0.05478046385199924]",,,,,
sub-04,7Pm,VMV3,train,sub-10,linear_predictivity,39,98,0.004108382795041292,,"[1000.0, 1000.0, 3162.277660168379, 3162.277660168379, 1000.0]",0.031044083816911282,1.002378697492612,0.9686715111253704,0.9917671530736871
sub-04,7Pm,VMV3,test,sub-10,linear_predictivity,39,98,-0.03553861619073203,"[-0.023093415407573762, -0.029347813830637632, -0.04234417131113928, -0.048245254938458534, -0.03466242546585097]",,,,,
sub-04,7Pm,VMV1,train,sub-10,linear_predictivity,39,42,0.018776140777764024,,"[1000.0, 1000.0, 1000.0, 1000.0, 1000.0]",0.048083768786630135,0.994790777217783,0.951582626323999,0.9754522955601146
sub-04,7Pm,VMV1,test,sub-10,linear_predictivity,39,42,0.0308048384000092,"[0.03310988545535003, 0.032429686618904725, 0.03357426595395115, 0.02931578371227364, 0.025594570259566424]",,,,,
sub-04,7Pm,PHA2,train,sub-10,linear_predictivity,39,21,0.01334604789216751,,"[1000.0, 1000.0, 1000.0, 1000.0, 1000.0]",0.04645516345538264,0.9960510381410256,0.9532524484679952,0.9816040018774581
sub-04,7Pm,PHA2,test,sub-10,linear_predictivity,39,21,0.06779424634004894,"[0.07034086692375638, 0.06945708281013079, 0.07155126376503561, 0.06377018460410573, 0.0638518335972162]",,,,,
sub-04,7Pm,PHA3,train,sub-10,linear_predictivity,39,104,0.02154118078229543,,"[1000.0, 1000.0, 1000.0, 1000.0, 1000.0]",0.048044580491955334,0.9955813709760726,0.9517403294744904,0.974876548999862
sub-04,7Pm,PHA3,test,sub-10,linear_predictivity,39,104,0.06880402566013673,"[0.07278204050126094, 0.0655427648300388, 0.0694255540496813, 0.06958901991444401, 0.06668074900525855]",,,,,
sub-04,7Pm,PH,train,sub-10,linear_predictivity,39,261,0.01039053175703214,,"[1000.0, 1000.0, 1000.0, 1000.0, 1000.0]",0.0352304801682355,1.0017652085484243,0.9645764068643906,0.9863395945031593
sub-04,7Pm,PH,test,sub-10,linear_predictivity,39,261,-0.00253291236603702,"[-0.0020873139118075747, 0.0011514109037381397, -0.0037112512001471793, -0.002357964474769792, -0.005659443147198694]",,,,,
sub-04,7PL,V1,train,sub-10,linear_predictivity,104,553,0.0003385165810220724,,"[3162.277660168379, 3162.277660168379, 3162.277660168379, 1000.0, 3162.277660168379]",0.034384314687090106,1.0146626723970695,0.9653421144334094,0.9956821160399312
sub-04,7PL,V1,test,sub-10,linear_predictivity,104,553,-0.009554723172729524,"[-0.007788554432289689, -0.01080174827360223, -0.008505206537607278, -0.013593969563713853, -0.007084137056434577]",,,,,
sub-04,7PL,V2,train,sub-10,linear_predictivity,104,516,0.0031895753707500618,,"[3162.277660168379, 3162.277660168379, 3162.277660168379, 1000.0, 3162.277660168379]",0.03792736983401667,1.012681891541654,0.9618215623596825,0.9928620187611447
sub-04,7PL,V2,test,sub-10,linear_predictivity,104,516,-0.013576101512425328,"[-0.012216539524745466, -0.012875598158546267, -0.012440783678151891, -0.013717202392784938, -0.016630383807898077]",,,,,
sub-04,7PL,V3,train,sub-10,linear_predictivity,104,400,0.006047831401223427,,"[3162.277660168379, 1000.0, 1000.0, 1000.0, 3162.277660168379]",0.047010702539116066,1.0108081469690215,0.9527663000595981,0.9906139414841695
sub-04,7PL,V3,test,sub-10,linear_predictivity,104,400,-0.017132216072302715,"[-0.01810203672185601, -0.016614354067978933, -0.013268181751904291, -0.016795931486455643, -0.020880576333318683]",,,,,
sub-04,7PL,V4,train,sub-10,linear_predictivity,104,574,0.02008269292368157,,"[1000.0, 1000.0, 1000.0, 1000.0, 1000.0]",0.06693891938330418,1.0034679667887654,0.9328558195247443,0.9764561000973568
sub-04,7PL,V4,test,sub-10,linear_predictivity,104,574,0.009355260893224497,"[0.010791975267506318, 0.010356931257261918, 0.010486588312420749, 0.008147004020196172, 0.006993805608737329]",,,,,
sub-04,7PL,V3A,train,sub-10,linear_predictivity,104,85,0.018504138725856583,,"[3162.277660168379, 1000.0, 3162.277660168379, 1000.0, 1000.0]",0.05873183907301609,1.0061910478231295,0.9410776169326732,0.9781825551763141
sub-04,7PL,V3A,test,sub-10,linear_predictivity,104,85,0.025104288545489094,"[0.023925715120120466, 0.026194147809300006, 0.027513545189539676, 0.02215606649114501, 0.02573196811734033]",,,,,
sub-04,7PL,V3B,train,sub-10,linear_predictivity,104,99,0.04393770729940239,,"[1000.0, 1000.0, 1000.0, 1000.0, 1000.0]",0.08597816510713029,0.9923461365647951,0.913848891629286,0.9531087324607898
sub-04,7PL,V3B,test,sub-10,linear_predictivity,104,99,0.05626074206506607,"[0.06237541819987276, 0.0595011069828894, 0.05182262787117177, 0.053971481915794615, 0.05363307535560182]",,,,,
sub-04,7PL,V6,train,sub-10,linear_predictivity,104,11,0.06057013583779119,,"[1000.0, 1000.0, 1000.0, 1000.0, 1000.0]",0.10709222506661367,0.9795450021495336,0.8927049654691889,0.9360990123573872
sub-04,7PL,V6,test,sub-10,linear_predictivity,104,11,0.12144394044766169,"[0.11455014601570525, 0.1261711171013262, 0.12103775945056537, 0.12805559557250834, 0.11740508409820329]",,,,,
sub-04,7PL,V6A,train,sub-10,linear_predictivity,104,45,0.020378599076346236,,"[3162.277660168379, 3162.277660168379, 3162.277660168379, 1000.0, 3162.277660168379]",0.052351343647632484,1.0053413472249446,0.9474533079400933,0.9764758104910796
sub-04,7PL,V6A,test,sub-10,linear_predictivity,104,45,0.07373877824909043,"[0.0736910007433059, 0.07624849924700139, 0.07548410879458112, 0.07168965099515286, 0.07158063146541085]",,,,,
sub-04,7PL,V7,train,sub-10,linear_predictivity,104,61,0.028625114544234942,,"[3162.277660168379, 1000.0, 3162.277660168379, 1000.0, 3162.277660168379]",0.06389000649857172,1.0001652813286142,0.9358624949148371,0.9677137254979415
sub-04,7PL,V7,test,sub-10,linear_predictivity,104,61,0.07858028636489371,"[0.07736711201587042, 0.088618661508309, 0.06792271847725903, 0.08140831477761067, 0.07758462504541944]",,,,,
sub-04,7PL,V8,train,sub-10,linear_predictivity,104,96,0.028801154497874834,,"[1000.0, 1000.0, 1000.0, 1000.0, 1000.0]",0.07781130549767948,0.9956270909887885,0.9219368823288552,0.967163002922721
sub-04,7PL,V8,test,sub-10,linear_predictivity,104,96,0.02777282217600118,"[0.03328521291863734, 0.03164645693193193, 0.03543799966254088, 0.02089469740939531, 0.017599743957500448]",,,,,
sub-04,7PL,FFC,train,sub-10,linear_predictivity,104,244,0.017586897545671394,,"[3162.277660168379, 3162.277660168379, 3162.277660168379, 3162.277660168379, 1000.0]",0.04925251578276678,1.0057511049251766,0.9505686729310782,0.9796867184153756
sub-04,7PL,FFC,test,sub-10,linear_predictivity,104,244,0.048155848763524266,"[0.05036941173185094, 0.04462122000818485, 0.04526759308034427, 0.04436055131006316, 0.0561604676871781]",,,,,
sub-04,7PL,PIT,train,sub-10,linear_predictivity,104,100,0.01944969279055579,,"[3162.277660168379, 3162.277660168379, 1000.0, 3162.277660168379, 1000.0]",0.054856959935613195,1.0055582083438916,0.9450515624734841,0.9781289069551065
sub-04,7PL,PIT,test,sub-10,linear_predictivity,104,100,0.03701519724382136,"[0.03803961810188297, 0.03115555791494944, 0.043059989862149796, 0.03224679950284657, 0.040574020837278006]",,,,,
sub-04,7PL,IPS1,train,sub-10,linear_predictivity,104,166,0.03328704538522668,,"[1000.0, 1000.0, 3162.277660168379, 1000.0, 1000.0]",0.07882094712330838,0.9955984423041425,0.9209318598780145,0.9622646327995044
sub-04,7PL,IPS1,test,sub-10,linear_predictivity,104,166,0.12004884414335766,"[0.12642294240322638, 0.12698794298838245, 0.10040786831802562, 0.11801241618497334, 0.12841305082218055]",,,,,
sub-04,7PL,MST,train,sub-10,linear_predictivity,104,135,0.05507579892942616,,"[1000.0, 1000.0, 1000.0, 316.2277660168379, 1000.0]",0.10405474810813728,0.9842425385909797,0.8957174845929406,0.9415537959181352
sub-04,7PL,MST,test,sub-10,linear_predictivity,104,135,0.07494896145442567,"[0.07029767984743879, 0.07863821169090537, 0.07509877150014072, 0.07881275087017273, 0.07189739336347072]",,,,,
sub-04,7PL,MT,train,sub-10,linear_predictivity,104,86,0.030177213558312058,,"[1000.0, 1000.0, 1000.0, 1000.0, 1000.0]",0.07550759781279504,0.9967969302201019,0.9243059519057614,0.9670405774138716
sub-04,7PL,MT,test,sub-10,linear_predictivity,104,86,0.01392507967537455,"[0.013425209677825343, 0.020945997058956396, 0.017261062935232087, 0.006005920204503185, 0.011987208500355735]",,,,,
sub-04,7PL,FST,train,sub-10,linear_predictivity,104,167,0.037445979211452846,,"[1000.0, 1000.0, 1000.0, 1000.0, 1000.0]",0.08389860469201658,0.993101160068511,0.91577582931401,0.957052975781771
sub-04,7PL,FST,test,sub-10,linear_predictivity,104,167,0.08488324841861813,"[0.08940747092281122, 0.09033160150643844, 0.07911127773785245, 0.07904643010319189, 0.08651946182279671]",,,,,
sub-04,7PL,LO1,train,sub-10,linear_predictivity,104,78,0.035012943866639286,,"[1000.0, 1000.0, 1000.0, 1000.0, 1000.0]",0.08168842871211537,0.9939228956948,0.9181031041546401,0.961594187094963
sub-04,7PL,LO1,test,sub-10,linear_predictivity,104,78,0.03695984065274477,"[0.04558502438807459, 0.04144360175197288, 0.034591277630498074, 0.028168330639672643, 0.035010968853505645]",,,,,
sub-04,7PL,LO2,train,sub-10,linear_predictivity,104,80,0.02010459373602694,,"[3162.277660168379, 3162.277660168379, 3162.277660168379, 3162.277660168379, 1000.0]",0.049615933197416286,1.0060402140471623,0.9502187772524102,0.9776974089763506
sub-04,7PL,LO2,test,sub-10,linear_predictivity,104,80,0.03991128946049449,"[0.04321433356451589, 0.03475954091647622, 0.03750682149245214, 0.03778197157061145, 0.046293779758416795]",,,,,
sub-04,7PL,LO3,train,sub-10,linear_predictivity,104,113,0.026439517413420863,,"[1000.0, 1000.0, 1000.0, 1000.0, 1000.0]",0.0756532044535593,0.9955146109612188,0.9240739160407487,0.969350890696689
sub-04,7PL,LO3,test,sub-10,linear_predictivity,104,113,0.038195362738495345,"[0.04649160067225843, 0.042048054720330484, 0.037441442791825895, 0.031005057028633546, 0.03399065847942837]",,,,,
sub-04,7PL,V7,train,sub-10,linear_predictivity,104,61,0.028625114544234942,,"[3162.277660168379, 1000.0, 3162.277660168379, 1000.0, 3162.277660168379]",0.06389000649857172,1.0001652813286142,0.9358624949148371,0.9677137254979415
sub-04,7PL,V7,test,sub-10,linear_predictivity,104,61,0.07858028636489371,"[0.07736711201587042, 0.088618661508309, 0.06792271847725903, 0.08140831477761067, 0.07758462504541944]",,,,,
sub-04,7PL,IP0,train,sub-10,linear_predictivity,104,103,0.040163242393202146,,"[1000.0, 1000.0, 1000.0, 3162.277660168379, 3162.277660168379]",0.08119769516673234,0.9903475675421337,0.9185769129307124,0.9556945927210185
sub-04,7PL,IP0,test,sub-10,linear_predictivity,104,103,0.07793925867747445,"[0.08832649862977747, 0.08073032033544544, 0.06841628585762032, 0.07529162824747251, 0.07693156031705657]",,,,,
sub-04,7PL,IP1,train,sub-10,linear_predictivity,104,33,0.006082268099388988,,"[3162.277660168379, 3162.277660168379, 3162.277660168379, 10000.0, 3162.277660168379]",0.032982690099343195,1.0132103020800733,0.9667547013101382,0.9909080348043202
sub-04,7PL,IP1,test,sub-10,linear_predictivity,104,33,0.04491538333725592,"[0.04598092522027587, 0.05251182444975241, 0.03974833188158931, 0.031336619939708106, 0.05499921519495392]",,,,,
sub-04,7PL,MIP,train,sub-10,linear_predictivity,104,178,0.02728347130799602,,"[3162.277660168379, 3162.277660168379, 3162.277660168379, 3162.277660168379, 3162.277660168379]",0.058954264349569276,0.9993856213875756,0.9406477079051655,0.9661696565491109
sub-04,7PL,MIP,test,sub-10,linear_predictivity,104,178,0.09262544779653861,"[0.09659186062331838, 0.09286542641747095, 0.09303143775295185, 0.09001667267277856, 0.0906218415161733]",,,,,
sub-04,7PL,VIP,train,sub-10,linear_predictivity,104,100,0.055149177168886815,,"[1000.0, 1000.0, 3162.277660168379, 1000.0, 1000.0]",0.09915101131660138,0.9830035413290654,0.9006022566722663,0.940911674488976
sub-04,7PL,VIP,test,sub-10,linear_predictivity,104,100,0.15682905068826503,"[0.16622775890079955, 0.16482938851073578, 0.14232684307163962, 0.1550884686839379, 0.15567279427421216]",,,,,
sub-04,7PL,LIPd,train,sub-10,linear_predictivity,104,31,-0.00299640521130473,,"[3162.277660168379, 3162.277660168379, 3162.277660168379, 10000.0, 10000.0]",0.020355293300565937,1.0168490722918224,0.9794316883518258,0.9998218140227723
sub-04,7PL,LIPd,test,sub-10,linear_predictivity,104,31,0.00458392661572312,"[0.010042146001757013, 0.003358555343911764, 0.005319254965918316, 0.000417303732608581, 0.003782373034419926]",,,,,
sub-04,7PL,LIPv,train,sub-10,linear_predictivity,104,75,0.021709181377916956,,"[3162.277660168379, 3162.277660168379, 3162.277660168379, 3162.277660168379, 3162.277660168379]",0.04759222637578449,1.0063527257048073,0.9521673017222844,0.9745855828093584
sub-04,7PL,LIPv,test,sub-10,linear_predictivity,104,75,0.06217863596256969,"[0.06387189657076496, 0.06496567178503232, 0.05815665501044091, 0.0603684897184998, 0.06353046672811041]",,,,,
sub-04,7PL,AIP,train,sub-10,linear_predictivity,104,409,0.0018931354512366054,,"[3162.277660168379, 1000.0, 3162.277660168379, 3162.277660168379, 3162.277660168379]",0.0422721082189207,1.0127223748674843,0.9572479580629427,0.9911370079687142
sub-04,7PL,AIP,test,sub-10,linear_predictivity,104,409,0.04399477682672433,"[0.041834755613380875, 0.05919031224875953, 0.0375827375096411, 0.03636859588370818, 0.04499748287813197]",,,,,
sub-04,7PL,7Pm,train,sub-10,linear_predictivity,104,21,0.022815250569102368,,"[3162.277660168379, 3162.277660168379, 3162.277660168379, 3162.277660168379, 3162.277660168379]",0.04738121217083259,1.0075607652100123,0.9524186151007493,0.9740131182830203
sub-04,7PL,7Pm,test,sub-10,linear_predictivity,104,21,0.06470975400856255,"[0.06405744664866278, 0.06482726278732828, 0.06413984578468244, 0.06513046232470111, 0.06539375249743813]",,,,,
sub-04,7PL,7PL,train,sub-10,linear_predictivity,104,106,0.09002569585545271,,"[1000.0, 1000.0, 1000.0, 1000.0, 1000.0]",0.13387399430168748,0.965423298155406,0.8658939918545026,0.9061114518926482
sub-04,7PL,7PL,test,sub-10,linear_predictivity,104,106,0.23865953015053282,"[0.24151341341781304, 0.24179832145669403, 0.2385319075280944, 0.2316590738999691, 0.23979493445009345]",,,,,
sub-04,7PL,7PC,train,sub-10,linear_predictivity,104,224,0.017916597715343027,,"[1000.0, 1000.0, 3162.277660168379, 1000.0, 1000.0]",0.06513971721617377,1.0042119693372076,0.9344637804371467,0.9756625621276178
sub-04,7PL,7PC,test,sub-10,linear_predictivity,104,224,0.058139119913606686,"[0.062212563026918, 0.0658386399303901, 0.04797875279735463, 0.054606603678438614, 0.06005904013493205]",,,,,
sub-04,7PL,7Am,train,sub-10,linear_predictivity,104,186,0.031516109209517376,,"[1000.0, 1000.0, 1000.0, 1000.0, 1000.0]",0.0808198150590333,0.9951570551171057,0.9188235008088974,0.9626326285623803
sub-04,7PL,7Am,test,sub-10,linear_predictivity,104,186,0.1095309783411926,"[0.10956958470846227, 0.11644892061354487, 0.11069487896866852, 0.1051615956375665, 0.10577991177772088]",,,,,
sub-04,7PL,7AL,train,sub-10,linear_predictivity,104,158,0.01474656621239467,,"[1000.0, 1000.0, 1000.0, 1000.0, 1000.0]",0.06396563896638696,1.0058930013000398,0.9356618040222067,0.9789866200766092
sub-04,7PL,7AL,test,sub-10,linear_predictivity,104,158,0.060276859639281775,"[0.06607954858225652, 0.06125480501529741, 0.06218766202139441, 0.053821671147088114, 0.058040611430372424]",,,,,
sub-04,7PL,VVC,train,sub-10,linear_predictivity,104,196,0.021478680258525545,,"[3162.277660168379, 3162.277660168379, 3162.277660168379, 3162.277660168379, 3162.277660168379]",0.04977010770471092,1.0017617742630336,0.9499585073841905,0.9742027528153867
sub-04,7PL,VVC,test,sub-10,linear_predictivity,104,196,0.0578728242413863,"[0.06490455213813114, 0.061109075624716784, 0.05246477644479067, 0.05539147505171982, 0.0554942419475731]",,,,,
sub-04,7PL,VMV2,train,sub-10,linear_predictivity,104,94,0.08801692267787556,,"[1000.0, 1000.0, 1000.0, 1000.0, 1000.0]",0.13259996152293918,0.9648165945281668,0.8671569525733561,0.907775073679499
sub-04,7PL,VMV2,test,sub-10,linear_predictivity,104,94,0.1958122589175907,"[0.19716321477550555, 0.2020800919879317, 0.19339379803008713, 0.19535828991677226, 0.19106589987765674]",,,,,
sub-04,7PL,VMV3,train,sub-10,linear_predictivity,104,98,0.04026897613335324,,"[3162.277660168379, 1000.0, 1000.0, 1000.0, 1000.0]",0.08543988293249725,0.9878686589297588,0.9143338307991143,0.9547306992203705
sub-04,7PL,VMV3,test,sub-10,linear_predictivity,104,98,0.05086019285034739,"[0.060518136894315185, 0.058188234753922284, 0.04476024730115066, 0.04676707718987646, 0.04406726811247231]",,,,,
sub-04,7PL,VMV1,train,sub-10,linear_predictivity,104,42,0.03400525392196772,,"[3162.277660168379, 1000.0, 3162.277660168379, 1000.0, 1000.0]",0.07777332024563124,0.991813672083917,0.9218630703678397,0.9602833365228143
sub-04,7PL,VMV1,test,sub-10,linear_predictivity,104,42,0.09090868221154504,"[0.08993354562900324, 0.09878079447100119, 0.08807917091105336, 0.09148123475632491, 0.08626866529034251]",,,,,
sub-04,7PL,PHA2,train,sub-10,linear_predictivity,104,21,0.04929709617607366,,"[3162.277660168379, 1000.0, 3162.277660168379, 3162.277660168379, 1000.0]",0.08945825938455933,0.9841494317755849,0.9102678572186436,0.9456873536737366
sub-04,7PL,PHA2,test,sub-10,linear_predictivity,104,21,0.15757449992901826,"[0.15677431549536028, 0.16821868096959897, 0.15299516283119616, 0.15332763669615868, 0.15655670365277716]",,,,,
sub-04,7PL,PHA3,train,sub-10,linear_predictivity,104,104,0.06178540830797298,,"[1000.0, 3162.277660168379, 3162.277660168379, 3162.277660168379, 1000.0]",0.09822744595698703,0.9792922097287015,0.9014525914200078,0.9343281561546345
sub-04,7PL,PHA3,test,sub-10,linear_predictivity,104,104,0.17973791178455598,"[0.18884283870406848, 0.17903721726725647, 0.16895955899391557, 0.17343152652344118, 0.18841841743409818]",,,,,
sub-04,7PL,PH,train,sub-10,linear_predictivity,104,261,0.02237604273653764,,"[3162.277660168379, 3162.277660168379, 3162.277660168379, 3162.277660168379, 1000.0]",0.05309178307028879,1.003475843741565,0.9467028447531923,0.974334974105529
sub-04,7PL,PH,test,sub-10,linear_predictivity,104,261,0.051084470495815514,"[0.053158510239092904, 0.05049241031161721, 0.045589072013484555, 0.04531584136537856, 0.06086651854950434]",,,,,
sub-04,7PC,V1,train,sub-10,linear_predictivity,260,553,-0.002694292174317829,,"[10000.0, 10000.0, 10000.0, 10000.0, 31622.776601683796]",0.029688559010594716,1.0561066409527917,0.970064829116407,0.9987321801925841
sub-04,7PC,V1,test,sub-10,linear_predictivity,260,553,-0.008142696065638954,"[-0.00670695632486456, -0.004511499422898119, -0.00819611726587078, -0.010021270408991796, -0.011277636905569516]",,,,,
sub-04,7PC,V2,train,sub-10,linear_predictivity,260,516,0.003767066719609261,,"[10000.0, 10000.0, 10000.0, 10000.0, 10000.0]",0.03761869375776525,1.052579702715637,0.962130031064731,0.9920160850562187
sub-04,7PC,V2,test,sub-10,linear_predictivity,260,516,-0.012597786736445852,"[-0.010927941593602464, -0.009429083766717474, -0.014405056983008807, -0.014502845310129686, -0.013724006028770823]",,,,,
sub-04,7PC,V3,train,sub-10,linear_predictivity,260,400,0.0065727200127946835,,"[10000.0, 10000.0, 10000.0, 10000.0, 10000.0]",0.0383792077335086,1.0506686882320924,0.961409349078909,0.9900192456500179
sub-04,7PC,V3,test,sub-10,linear_predictivity,260,400,-0.015348564102551126,"[-0.017285853118915326, -0.013293398795249685, -0.015041270716613524, -0.013323697305941034, -0.01779860057603606]",,,,,
sub-04,7PC,V4,train,sub-10,linear_predictivity,260,574,0.014817273862979305,,"[3162.277660168379, 3162.277660168379, 10000.0, 3162.277660168379, 10000.0]",0.06632356184466714,1.0411812717515625,0.9334027597684104,0.9815401911006347
sub-04,7PC,V4,test,sub-10,linear_predictivity,260,574,0.0009020348395333194,"[0.00104948080268126, 0.005528588114415232, -0.0037635848289220963, 0.007050471827073092, -0.00535478171758089]",,,,,
sub-04,7PC,V3A,train,sub-10,linear_predictivity,260,85,0.023802900951552908,,"[3162.277660168379, 3162.277660168379, 3162.277660168379, 3162.277660168379, 3162.277660168379]",0.08753328261779132,1.0354764508857255,0.9122579494661156,0.9725433856146022
sub-04,7PC,V3A,test,sub-10,linear_predictivity,260,85,0.035955127753020746,"[0.034692038864434664, 0.0327022767738375, 0.038604154141712206, 0.04056451464725918, 0.03321265433786015]",,,,,
sub-04,7PC,V3B,train,sub-10,linear_predictivity,260,99,0.03239306000040106,,"[3162.277660168379, 3162.277660168379, 3162.277660168379, 3162.277660168379, 3162.277660168379]",0.09091871263786114,1.0309038765154774,0.908898667941848,0.9644235622391719
sub-04,7PC,V3B,test,sub-10,linear_predictivity,260,99,0.026545898918421868,"[0.03363985518704934, 0.022264843138243062, 0.026643715505946585, 0.02704987189979244, 0.023131208861077907]",,,,,
sub-04,7PC,V6,train,sub-10,linear_predictivity,260,11,0.029366251733280425,,"[3162.277660168379, 3162.277660168379, 3162.277660168379, 3162.277660168379, 3162.277660168379]",0.08803322438072185,1.0355301471271297,0.9117526671849083,0.9671949420269055
sub-04,7PC,V6,test,sub-10,linear_predictivity,260,11,0.07656582616326219,"[0.06895873555952456, 0.08838142322440141, 0.06805089529214675, 0.08608727288564726, 0.0713508038545909]",,,,,
sub-04,7PC,V6A,train,sub-10,linear_predictivity,260,45,0.04201280515462696,,"[3162.277660168379, 3162.277660168379, 3162.277660168379, 3162.277660168379, 3162.277660168379]",0.10176755256862088,1.024050943962537,0.8980269192739124,0.954464148979541
sub-04,7PC,V6A,test,sub-10,linear_predictivity,260,45,0.09159896697456311,"[0.09290176655392636, 0.09098998567217836, 0.09637816756047207, 0.08926438550074003, 0.0884605295854988]",,,,,
sub-04,7PC,V7,train,sub-10,linear_predictivity,260,61,0.08244270770812513,,"[3162.277660168379, 3162.277660168379, 3162.277660168379, 3162.277660168379, 3162.277660168379]",0.13986551466724378,0.9974428159230486,0.8598490302434554,0.9129833947114145
sub-04,7PC,V7,test,sub-10,linear_predictivity,260,61,0.1413433454617797,"[0.1447508143429308, 0.1473446256325766, 0.14273201744554617, 0.13411924883554732, 0.13777002105229766]",,,,,
sub-04,7PC,V8,train,sub-10,linear_predictivity,260,96,0.005099031750022827,,"[10000.0, 10000.0, 10000.0, 10000.0, 10000.0]",0.036814585473562984,1.0533851620944465,0.9629498386927053,0.9911317094020745
sub-04,7PC,V8,test,sub-10,linear_predictivity,260,96,-0.04411163511501422,"[-0.040858970426062215, -0.04487971361915908, -0.038047445143697727, -0.045653566906299216, -0.051118479479852874]",,,,,
sub-04,7PC,FFC,train,sub-10,linear_predictivity,260,244,0.013773264532108231,,"[10000.0, 10000.0, 10000.0, 3162.277660168379, 10000.0]",0.05041781452726707,1.0466888421799272,0.9494321394618176,0.9836397426400282
sub-04,7PC,FFC,test,sub-10,linear_predictivity,260,244,0.028118419177896287,"[0.02869545455608111, 0.02541345596160059, 0.021259680949758438, 0.04284212097996834, 0.02238138344207295]",,,,,
sub-04,7PC,PIT,train,sub-10,linear_predictivity,260,100,0.020149923516626766,,"[3162.277660168379, 10000.0, 10000.0, 3162.277660168379, 3162.277660168379]",0.06890129835786467,1.0422082975660079,0.9307965241859671,0.9773666262184391
sub-04,7PC,PIT,test,sub-10,linear_predictivity,260,100,0.03557944813099885,"[0.03544235238468762, 0.02952836687398859, 0.022668543739774435, 0.04888562753517331, 0.041372350121370305]",,,,,
sub-04,7PC,IPS1,train,sub-10,linear_predictivity,260,166,0.03520613683830225,,"[3162.277660168379, 3162.277660168379, 10000.0, 3162.277660168379, 3162.277660168379]",0.09160157220961831,1.0289400329419895,0.9081391332729286,0.9598360254933098
sub-04,7PC,IPS1,test,sub-10,linear_predictivity,260,166,0.071548836007409,"[0.08068098854592658, 0.07545206376176605, 0.06036990020544203, 0.07000956290168522, 0.07123166462222506]",,,,,
sub-04,7PC,MST,train,sub-10,linear_predictivity,260,135,0.09980475060167024,,"[1000.0, 1000.0, 3162.277660168379, 1000.0, 1000.0]",0.19412495811412164,0.9847608966840508,0.8055488031596602,0.8969345672818181
sub-04,7PC,MST,test,sub-10,linear_predictivity,260,135,0.19719793992454532,"[0.19591598932870852, 0.21055983128826505, 0.17491815431994057, 0.20211616914117245, 0.20247955554464]",,,,,
sub-04,7PC,MT,train,sub-10,linear_predictivity,260,86,0.049169661788172565,,"[3162.277660168379, 3162.277660168379, 3162.277660168379, 3162.277660168379, 3162.277660168379]",0.10737999518046468,1.0201652579021956,0.8924421712143784,0.9480390100486933
sub-04,7PC,MT,test,sub-10,linear_predictivity,260,86,0.05356948547847583,"[0.054032237209710655, 0.05719801257220525, 0.048818553728459405, 0.05653474019281654, 0.05126388368918728]",,,,,
sub-04,7PC,FST,train,sub-10,linear_predictivity,260,167,0.108900163409954,,"[1000.0, 1000.0, 3162.277660168379, 1000.0, 1000.0]",0.2031121571907394,0.9788033645267247,0.7963163572189911,0.8840166249951112
sub-04,7PC,FST,test,sub-10,linear_predictivity,260,167,0.2094212828928003,"[0.20718065183177992, 0.23051206957384743, 0.18877405657978963, 0.20588320677744368, 0.21475642970114084]",,,,,
sub-04,7PC,LO1,train,sub-10,linear_predictivity,260,78,0.020630991524911546,,"[3162.277660168379, 3162.277660168379, 10000.0, 3162.277660168379, 3162.277660168379]",0.07729026966475044,1.037715680208669,0.9223658943907991,0.9757085150242564
sub-04,7PC,LO1,test,sub-10,linear_predictivity,260,78,0.02718146836426808,"[0.0391272660113086, 0.0257114904693995, 0.011305171839669352, 0.03609401000316252, 0.023669403497800418]",,,,,
sub-04,7PC,LO2,train,sub-10,linear_predictivity,260,80,0.03091918998494926,,"[3162.277660168379, 10000.0, 10000.0, 3162.277660168379, 3162.277660168379]",0.07663855371694185,1.0386254229029874,0.9231027442662467,0.966853934114176
sub-04,7PC,LO2,test,sub-10,linear_predictivity,260,80,0.0716667805555969,"[0.07256067324222872, 0.06535960008355182, 0.05717831737039665, 0.08298573480992319, 0.08024957727188406]",,,,,
sub-04,7PC,LO3,train,sub-10,linear_predictivity,260,113,0.023466459592657533,,"[3162.277660168379, 3162.277660168379, 3162.277660168379, 3162.277660168379, 3162.277660168379]",0.0871232151824255,1.034095671018357,0.9125806850131492,0.9720559052012085
sub-04,7PC,LO3,test,sub-10,linear_predictivity,260,113,0.013224342890201954,"[0.024276272402070843, 0.009406208390508593, 0.012974319677873844, 0.01489550330066803, 0.004569410679888463]",,,,,
sub-04,7PC,V7,train,sub-10,linear_predictivity,260,61,0.08244270770812513,,"[3162.277660168379, 3162.277660168379, 3162.277660168379, 3162.277660168379, 3162.277660168379]",0.13986551466724378,0.9974428159230486,0.8598490302434554,0.9129833947114145
sub-04,7PC,V7,test,sub-10,linear_predictivity,260,61,0.1413433454617797,"[0.1447508143429308, 0.1473446256325766, 0.14273201744554617, 0.13411924883554732, 0.13777002105229766]",,,,,
sub-04,7PC,IP0,train,sub-10,linear_predictivity,260,103,0.024128635483822315,,"[3162.277660168379, 3162.277660168379, 3162.277660168379, 3162.277660168379, 3162.277660168379]",0.08518583647656487,1.036725814206106,0.9145703986891938,0.9714713401617271
sub-04,7PC,IP0,test,sub-10,linear_predictivity,260,103,0.0250068049994605,"[0.029676773794225644, 0.019475371544922314, 0.02351332280783161, 0.02958001012021386, 0.0227885467301091]",,,,,
sub-04,7PC,IP1,train,sub-10,linear_predictivity,260,33,0.00827222559918354,,"[10000.0, 10000.0, 10000.0, 10000.0, 10000.0]",0.039789801929332555,1.0532935239311791,0.9599940610472986,0.9884245050598259
sub-04,7PC,IP1,test,sub-10,linear_predictivity,260,33,0.022668143264335194,"[0.02232888780514747, 0.021014018514044917, 0.02225618951562393, 0.020216377195833204, 0.027525243291026447]",,,,,
sub-04,7PC,MIP,train,sub-10,linear_predictivity,260,178,0.020098366708597312,,"[10000.0, 3162.277660168379, 10000.0, 3162.277660168379, 3162.277660168379]",0.07288519716114145,1.0344411404825933,0.9267341461328111,0.9729560364910361
sub-04,7PC,MIP,test,sub-10,linear_predictivity,260,178,0.04791723449678961,"[0.04345430972530658, 0.05206891049515389, 0.04260397515945832, 0.04775521316644922, 0.053703763937580064]",,,,,
sub-04,7PC,VIP,train,sub-10,linear_predictivity,260,100,0.03817320552069154,,"[3162.277660168379, 3162.277660168379, 3162.277660168379, 3162.277660168379, 3162.277660168379]",0.0952585071966945,1.02934164828697,0.9044983292261275,0.9580264000871702
sub-04,7PC,VIP,test,sub-10,linear_predictivity,260,100,0.0680998231589306,"[0.06972303226906834, 0.0702401490763011, 0.0709884510934463, 0.06430088876800812, 0.06524659458782914]",,,,,
sub-04,7PC,LIPd,train,sub-10,linear_predictivity,260,31,0.003292127563486866,,"[31622.776601683796, 31622.776601683796, 31622.776601683796, 31622.776601683796, 31622.776601683796]",0.018179665328375616,1.0607504974499342,0.9816285432534422,0.993656231932699
sub-04,7PC,LIPd,test,sub-10,linear_predictivity,260,31,0.018393489131968498,"[0.019794643846590847, 0.016527703235297682, 0.02139012349458978, 0.015320226304992897, 0.018934748778371275]",,,,,
sub-04,7PC,LIPv,train,sub-10,linear_predictivity,260,75,0.028185042566339184,,"[3162.277660168379, 3162.277660168379, 10000.0, 3162.277660168379, 3162.277660168379]",0.08545684072257675,1.0331833727050437,0.9142802050545045,0.9674197860173697
sub-04,7PC,LIPv,test,sub-10,linear_predictivity,260,75,0.07231935974387457,"[0.07571814119314146, 0.07636450041643292, 0.06380159990318085, 0.07141106534911348, 0.0743014918575041]",,,,,
sub-04,7PC,AIP,train,sub-10,linear_predictivity,260,409,0.030609785203294278,,"[10000.0, 10000.0, 10000.0, 10000.0, 10000.0]",0.06667413980146016,1.0350317935116693,0.9328942954585477,0.9620260878600758
sub-04,7PC,AIP,test,sub-10,linear_predictivity,260,409,0.10335158475427261,"[0.10199240260939339, 0.1138845933373314, 0.100937014343673, 0.09493131947011328, 0.10501259401085204]",,,,,
sub-04,7PC,7Pm,train,sub-10,linear_predictivity,260,21,0.008404043507631881,,"[10000.0, 3162.277660168379, 10000.0, 10000.0, 10000.0]",0.04506806478176341,1.0520544461570975,0.9546728930288216,0.9880254460978698
sub-04,7PC,7Pm,test,sub-10,linear_predictivity,260,21,0.01657777949879389,"[0.01654757254899491, 0.013449905351561996, 0.0169048485344199, 0.01614059411152948, 0.019845976947463158]",,,,,
sub-04,7PC,7PL,train,sub-10,linear_predictivity,260,106,0.03262179018992887,,"[3162.277660168379, 3162.277660168379, 3162.277660168379, 3162.277660168379, 3162.277660168379]",0.09207159108899511,1.0328968332572617,0.9076890492867543,0.9635853613160206
sub-04,7PC,7PL,test,sub-10,linear_predictivity,260,106,0.06850690273776963,"[0.06700669693617303, 0.07089021181675766, 0.07018313039501012, 0.06457781165181861, 0.06987666288908874]",,,,,
sub-04,7PC,7PC,train,sub-10,linear_predictivity,260,224,0.06259644803558898,,"[3162.277660168379, 3162.277660168379, 3162.277660168379, 3162.277660168379, 3162.277660168379]",0.12429244653549007,1.011550103041219,0.8752856490679226,0.9301787873349042
sub-04,7PC,7PC,test,sub-10,linear_predictivity,260,224,0.14944089094910362,"[0.1493257496114075, 0.15351420413106384, 0.1505422211696665, 0.14295630345061297, 0.1508659763827673]",,,,,
sub-04,7PC,7Am,train,sub-10,linear_predictivity,260,186,0.01419072753983872,,"[3162.277660168379, 3162.277660168379, 3162.277660168379, 3162.277660168379, 3162.277660168379]",0.07615089279704694,1.045556910969116,0.9235306516803423,0.9804071586728436
sub-04,7PC,7Am,test,sub-10,linear_predictivity,260,186,0.058129628612929515,"[0.0556950880542463, 0.06251828818778392, 0.05908531695027199, 0.05829326977180904, 0.055056180100536346]",,,,,
sub-04,7PC,7AL,train,sub-10,linear_predictivity,260,158,0.030094704836088525,,"[10000.0, 10000.0, 10000.0, 3162.277660168379, 10000.0]",0.06864421277049403,1.0335701892942446,0.9310325638762356,0.9641417740153508
sub-04,7PC,7AL,test,sub-10,linear_predictivity,260,158,0.09129657125630057,"[0.08581516222901568, 0.09478320060194517, 0.08938296653109254, 0.09898621059921368, 0.08751531632023572]",,,,,
sub-04,7PC,VVC,train,sub-10,linear_predictivity,260,196,0.006453212764755516,,"[10000.0, 10000.0, 10000.0, 10000.0, 10000.0]",0.03986610461963948,1.0520471908066793,0.9598770722270606,0.9893664669892555
sub-04,7PC,VVC,test,sub-10,linear_predictivity,260,196,0.014575336970165617,"[0.01780624748013936, 0.015275145231520107, 0.013800256060921477, 0.011984588637746141, 0.014010447440501]",,,,,
sub-04,7PC,VMV2,train,sub-10,linear_predictivity,260,94,0.0024318577652505564,,"[3162.277660168379, 3162.277660168379, 10000.0, 3162.277660168379, 3162.277660168379]",0.06516433816553605,1.043698202840736,0.9345285250233089,0.9933069803403789
sub-04,7PC,VMV2,test,sub-10,linear_predictivity,260,94,0.033662411730979905,"[0.03796274001140954, 0.04032592301337127, 0.014631155010170236, 0.03964947409995419, 0.035742766519994286]",,,,,
sub-04,7PC,VMV3,train,sub-10,linear_predictivity,260,98,0.004847018526263902,,"[10000.0, 3162.277660168379, 10000.0, 10000.0, 10000.0]",0.04877383019866126,1.0483309102556908,0.9509350670202853,0.9903774602572358
sub-04,7PC,VMV3,test,sub-10,linear_predictivity,260,98,-0.034622026034441235,"[-0.02644949632132422, -0.02774007869770558, -0.03853750815513426, -0.04176643893039112, -0.038616608067651]",,,,,
sub-04,7PC,VMV1,train,sub-10,linear_predictivity,260,42,-0.00031810683089148633,,"[3162.277660168379, 3162.277660168379, 10000.0, 3162.277660168379, 3162.277660168379]",0.06170964820964714,1.0471338466409519,0.9378957660801138,0.9941135817011645
sub-04,7PC,VMV1,test,sub-10,linear_predictivity,260,42,0.030259862971396323,"[0.03034336623449136, 0.03902219896270989, 0.018880837690874154, 0.033530186670583294, 0.029522725298322932]",,,,,
sub-04,7PC,PHA2,train,sub-10,linear_predictivity,260,21,-0.00043539468679538833,,"[10000.0, 3162.277660168379, 10000.0, 3162.277660168379, 3162.277660168379]",0.054959381185748155,1.0511646691282837,0.9446575780001449,0.9948811666876141
sub-04,7PC,PHA2,test,sub-10,linear_predictivity,260,21,0.043831047647376185,"[0.032387663943946224, 0.05100458780519994, 0.03458497576608854, 0.049418047042156715, 0.051759963679489505]",,,,,
sub-04,7PC,PHA3,train,sub-10,linear_predictivity,260,104,0.0018595462277760449,,"[3162.277660168379, 3162.277660168379, 10000.0, 3162.277660168379, 10000.0]",0.05543751483657389,1.0517193232880668,0.9442725103813985,0.9939142686905136
sub-04,7PC,PHA3,test,sub-10,linear_predictivity,260,104,0.04140877563066,"[0.047332132932588436, 0.04945901057198062, 0.02791956496522598, 0.04950465074393297, 0.03282851893957202]",,,,,
sub-04,7PC,PH,train,sub-10,linear_predictivity,260,261,0.04750363413307221,,"[3162.277660168379, 3162.277660168379, 3162.277660168379, 3162.277660168379, 3162.277660168379]",0.10563332249746835,1.0232942905179105,0.8941506695165385,0.9487491194098885
sub-04,7PC,PH,test,sub-10,linear_predictivity,260,261,0.09116325521501471,"[0.09249793616958649, 0.09257665393958661, 0.08827916336806788, 0.09281715131024226, 0.08964537128759033]",,,,,
sub-04,7Am,V1,train,sub-10,linear_predictivity,207,553,-0.0007078199217562977,,"[10000.0, 3162.277660168379, 3162.277660168379, 3162.277660168379, 10000.0]",0.04245488418676123,1.02924896167539,0.957314014167887,0.9969083303672954
sub-04,7Am,V1,test,sub-10,linear_predictivity,207,553,-0.0007406892543055315,"[-0.0035963158295345484, 0.0043278347215795565, -0.002855789005032278, 0.0019718891064614908, -0.0035510652650018785]",,,,,
sub-04,7Am,V2,train,sub-10,linear_predictivity,207,516,-4.3772949114439053e-05,,"[10000.0, 3162.277660168379, 3162.277660168379, 3162.277660168379, 10000.0]",0.04356296912211165,1.0313601134413735,0.9561496368154543,0.9959690016496481
sub-04,7Am,V2,test,sub-10,linear_predictivity,207,516,-0.0044477407340902594,"[-0.00901710780507847, 0.003585556074296731, -0.0024113746189397584, -0.0014789468080186666, -0.012916830512711131]",,,,,
sub-04,7Am,V3,train,sub-10,linear_predictivity,207,400,0.000955733054423477,,"[10000.0, 3162.277660168379, 3162.277660168379, 3162.277660168379, 3162.277660168379]",0.047875773114834944,1.028205948011126,0.9519074034490889,0.9955940342073623
sub-04,7Am,V3,test,sub-10,linear_predictivity,207,400,-0.01409302571637656,"[-0.020579406011974166, -0.006876841021478682, -0.014271389149295662, -0.011877077723076258, -0.01686041467605804]",,,,,
sub-04,7Am,V4,train,sub-10,linear_predictivity,207,574,0.009810120586625533,,"[3162.277660168379, 3162.277660168379, 3162.277660168379, 3162.277660168379, 3162.277660168379]",0.05983350452400937,1.0238106600945103,0.9399634593307054,0.9868731339830678
sub-04,7Am,V4,test,sub-10,linear_predictivity,207,574,0.006897805072372819,"[0.009227809958472537, 0.010498391934800625, -0.0004398882927420853, 0.009050529197634962, 0.006152182563698055]",,,,,
sub-04,7Am,V3A,train,sub-10,linear_predictivity,207,85,0.012077193924834029,,"[10000.0, 3162.277660168379, 10000.0, 3162.277660168379, 3162.277660168379]",0.0519339207656508,1.0222496388128837,0.947890630174015,0.9848658362997179
sub-04,7Am,V3A,test,sub-10,linear_predictivity,207,85,0.041670334294718225,"[0.03200743883734014, 0.048035918309183995, 0.0291628328684966, 0.04957209195212524, 0.04957338950644512]",,,,,
sub-04,7Am,V3B,train,sub-10,linear_predictivity,207,99,0.026521808262922702,,"[3162.277660168379, 3162.277660168379, 3162.277660168379, 3162.277660168379, 3162.277660168379]",0.07305100548377938,1.0145252734646655,0.9267596531829552,0.9703061169661634
sub-04,7Am,V3B,test,sub-10,linear_predictivity,207,99,0.05094525727981063,"[0.05753130890271144, 0.05199850142864382, 0.04053334596504879, 0.054256436004862484, 0.05040669409778661]",,,,,
sub-04,7Am,V6,train,sub-10,linear_predictivity,207,11,0.07777649572646063,,"[3162.277660168379, 3162.277660168379, 3162.277660168379, 3162.277660168379, 3162.277660168379]",0.12121990518757327,0.9850007260441324,0.8785604823386042,0.9187670898265028
sub-04,7Am,V6,test,sub-10,linear_predictivity,207,11,0.18080521616412445,"[0.17861939405095217, 0.1871349075456963, 0.1683126815254635, 0.18847364511126716, 0.18148545258724313]",,,,,
sub-04,7Am,V6A,train,sub-10,linear_predictivity,207,45,0.013172060153323607,,"[10000.0, 3162.277660168379, 10000.0, 10000.0, 10000.0]",0.04398932191780549,1.024136359041607,0.9557743063557955,0.9836725505168072
sub-04,7Am,V6A,test,sub-10,linear_predictivity,207,45,0.06473259253817135,"[0.05835910134311251, 0.07714763835638762, 0.06200776899866719, 0.06135943184567374, 0.06478902214701569]",,,,,
sub-04,7Am,V7,train,sub-10,linear_predictivity,207,61,0.018604068703057888,,"[3162.277660168379, 1000.0, 3162.277660168379, 3162.277660168379, 1000.0]",0.08132189358380575,1.0169287084815326,0.9183857506985476,0.9782405810416155
sub-04,7Am,V7,test,sub-10,linear_predictivity,207,61,0.07397222199747695,"[0.07262928133681688, 0.07929013020177075, 0.05614307410484467, 0.06632806931447867, 0.09547055502947374]",,,,,
sub-04,7Am,V8,train,sub-10,linear_predictivity,207,96,0.013725252601570296,,"[3162.277660168379, 3162.277660168379, 3162.277660168379, 3162.277660168379, 3162.277660168379]",0.06487359266243109,1.021108621199419,0.9348829278095693,0.9824003355549161
sub-04,7Am,V8,test,sub-10,linear_predictivity,207,96,0.0037128791642855132,"[0.008157812492364093, 0.004357400828607496, 0.004086412579143445, 0.0064170284789314, -0.004454258557618867]",,,,,
sub-04,7Am,FFC,train,sub-10,linear_predictivity,207,244,0.015752066391801624,,"[3162.277660168379, 3162.277660168379, 3162.277660168379, 3162.277660168379, 3162.277660168379]",0.06319719391231102,1.0251908258225098,0.9366443300257487,0.9815829839189677
sub-04,7Am,FFC,test,sub-10,linear_predictivity,207,244,0.035431459756650005,"[0.04153457957977953, 0.03473571822176703, 0.029549189834475527, 0.034988407365055166, 0.03634940378217276]",,,,,
sub-04,7Am,PIT,train,sub-10,linear_predictivity,207,100,0.006644796827668894,,"[3162.277660168379, 3162.277660168379, 3162.277660168379, 3162.277660168379, 3162.277660168379]",0.05522827777059782,1.031106776924079,0.9446225945658016,0.9907631399793159
sub-04,7Am,PIT,test,sub-10,linear_predictivity,207,100,0.0016223337429682508,"[0.0071486982899447524, 5.594245290344024e-05, 0.003034568551015624, -0.005400982385474706, 0.0032734418064521453]",,,,,
sub-04,7Am,IPS1,train,sub-10,linear_predictivity,207,166,0.03234335002106235,,"[3162.277660168379, 3162.277660168379, 3162.277660168379, 3162.277660168379, 3162.277660168379]",0.07967034305209668,1.0131541420253474,0.9200693359114511,0.9634995999533509
sub-04,7Am,IPS1,test,sub-10,linear_predictivity,207,166,0.09008056063336115,"[0.0949756618169385, 0.08796248401047785, 0.0770947224878207, 0.09123809487621104, 0.09913183997535756]",,,,,
sub-04,7Am,MST,train,sub-10,linear_predictivity,207,135,0.07498190188795867,,"[1000.0, 1000.0, 1000.0, 1000.0, 1000.0]",0.15559886978295095,0.9840240836446285,0.8441922877253363,0.9215966583215923
sub-04,7Am,MST,test,sub-10,linear_predictivity,207,135,0.15101083641622892,"[0.15539701404759343, 0.15777616775819883, 0.13695444351027497, 0.14351436199841638, 0.16141219476666105]",,,,,
sub-04,7Am,MT,train,sub-10,linear_predictivity,207,86,0.04329497681467959,,"[1000.0, 1000.0, 1000.0, 1000.0, 1000.0]",0.12794795298671152,1.0025436955990885,0.8718464447499861,0.9532864129123755
sub-04,7Am,MT,test,sub-10,linear_predictivity,207,86,0.08842009048004953,"[0.09055560324251759, 0.0906476248226885, 0.08057734897774539, 0.08727055379646848, 0.09304932156082767]",,,,,
sub-04,7Am,FST,train,sub-10,linear_predictivity,207,167,0.029549466837856458,,"[1000.0, 1000.0, 1000.0, 1000.0, 1000.0]",0.11881225965169757,1.006967172956141,0.88087038873821,0.965300253907668
sub-04,7Am,FST,test,sub-10,linear_predictivity,207,167,0.07994751920389798,"[0.09362805186921452, 0.08065473743885722, 0.06960059533186937, 0.061932142921142436, 0.09392206845840635]",,,,,
sub-04,7Am,LO1,train,sub-10,linear_predictivity,207,78,0.0163690613802498,,"[3162.277660168379, 1000.0, 3162.277660168379, 3162.277660168379, 3162.277660168379]",0.07719751199996808,1.0145052648576116,0.9224788262079529,0.9801544216296977
sub-04,7Am,LO1,test,sub-10,linear_predictivity,207,78,0.03941663849333803,"[0.04366456157930497, 0.05531630735216293, 0.023458751804318886, 0.03461030538601494, 0.040033266344888414]",,,,,
sub-04,7Am,LO2,train,sub-10,linear_predictivity,207,80,0.01004359487394195,,"[3162.277660168379, 3162.277660168379, 3162.277660168379, 3162.277660168379, 3162.277660168379]",0.05889999014767868,1.025362238767628,0.9409568502922164,0.9875862051487176
sub-04,7Am,LO2,test,sub-10,linear_predictivity,207,80,0.024335316002351066,"[0.03169716583244701, 0.02385601001723363, 0.020884998232550196, 0.020643715304661032, 0.024594690624863486]",,,,,
sub-04,7Am,LO3,train,sub-10,linear_predictivity,207,113,0.026328744615290497,,"[3162.277660168379, 3162.277660168379, 3162.277660168379, 3162.277660168379, 1000.0]",0.08476438418477064,1.0096044858740858,0.9150834044871947,0.9699905892451796
sub-04,7Am,LO3,test,sub-10,linear_predictivity,207,113,0.05030625717245803,"[0.05578821997437359, 0.04263563601633097, 0.038599347392279985, 0.044692474921757125, 0.06981560755754848]",,,,,
sub-04,7Am,V7,train,sub-10,linear_predictivity,207,61,0.018604068703057888,,"[3162.277660168379, 1000.0, 3162.277660168379, 3162.277660168379, 1000.0]",0.08132189358380575,1.0169287084815326,0.9183857506985476,0.9782405810416155
sub-04,7Am,V7,test,sub-10,linear_predictivity,207,61,0.07397222199747695,"[0.07262928133681688, 0.07929013020177075, 0.05614307410484467, 0.06632806931447867, 0.09547055502947374]",,,,,
sub-04,7Am,IP0,train,sub-10,linear_predictivity,207,103,0.022590713638061553,,"[3162.277660168379, 3162.277660168379, 3162.277660168379, 3162.277660168379, 3162.277660168379]",0.07094405066194134,1.0191206739283307,0.9288254497133155,0.9734572627096745
sub-04,7Am,IP0,test,sub-10,linear_predictivity,207,103,0.03740386163965589,"[0.044940633730641194, 0.031363585859053536, 0.026613013009426537, 0.04252724839250359, 0.041574827206654605]",,,,,
sub-04,7Am,IP1,train,sub-10,linear_predictivity,207,33,0.0026192165695759126,,"[3162.277660168379, 3162.277660168379, 10000.0, 10000.0, 10000.0]",0.03910648257697228,1.0361681146467698,0.9606795031300104,0.9946041575526238
sub-04,7Am,IP1,test,sub-10,linear_predictivity,207,33,0.017424441545879778,"[0.021794266712073837, 0.021322080967746015, 0.007779576084218417, 0.012275213402507762, 0.023951070562852846]",,,,,
sub-04,7Am,MIP,train,sub-10,linear_predictivity,207,178,0.02353693023105512,,"[3162.277660168379, 3162.277660168379, 3162.277660168379, 3162.277660168379, 3162.277660168379]",0.07566056707297282,1.0171587854452777,0.9239768844381533,0.97038701641697
sub-04,7Am,MIP,test,sub-10,linear_predictivity,207,178,0.08250898515468867,"[0.08836453930071445, 0.07927839392361619, 0.0894480459359774, 0.07300309188744025, 0.0824508547256951]",,,,,
sub-04,7Am,VIP,train,sub-10,linear_predictivity,207,100,0.049587891574674386,,"[3162.277660168379, 3162.277660168379, 3162.277660168379, 3162.277660168379, 3162.277660168379]",0.09471957523498617,1.0007076292267758,0.9050480448223406,0.946661303745946
sub-04,7Am,VIP,test,sub-10,linear_predictivity,207,100,0.13332573672869805,"[0.14026481097298457, 0.12934085837269504, 0.13029638423876935, 0.13106102930062702, 0.13566560075841427]",,,,,
sub-04,7Am,LIPd,train,sub-10,linear_predictivity,207,31,-0.0037983326331291743,,"[10000.0, 31622.776601683796, 10000.0, 31622.776601683796, 31622.776601683796]",0.014781560614275806,1.0447773341891569,0.98501326560128,1.0006961343666048
sub-04,7Am,LIPd,test,sub-10,linear_predictivity,207,31,-0.0029419277346640956,"[-0.00037664396534696455, -0.005462377742723601, -0.002896900261938759, -0.004634524176869009, -0.0013391925264421441]",,,,,
sub-04,7Am,LIPv,train,sub-10,linear_predictivity,207,75,0.017010470791808875,,"[3162.277660168379, 3162.277660168379, 3162.277660168379, 3162.277660168379, 3162.277660168379]",0.06233617048275174,1.0250223537307117,0.9374238322920228,0.9793362491913825
sub-04,7Am,LIPv,test,sub-10,linear_predictivity,207,75,0.03516877228387259,"[0.03736928092010433, 0.03482046865606977, 0.03213570951939376, 0.033511863286740634, 0.03800653903705445]",,,,,
sub-04,7Am,AIP,train,sub-10,linear_predictivity,207,409,-0.0043427567963078935,,"[10000.0, 3162.277660168379, 10000.0, 10000.0, 3162.277660168379]",0.037617685406738294,1.0343066497823667,0.9619205581707101,0.9982345001494636
sub-04,7Am,AIP,test,sub-10,linear_predictivity,207,409,0.0213515228536791,"[0.01785755993146193, 0.03056106706507013, 0.013450948590008689, 0.012647680148753778, 0.032240358533100984]",,,,,
sub-04,7Am,7Pm,train,sub-10,linear_predictivity,207,21,0.018510939157091656,,"[10000.0, 10000.0, 10000.0, 10000.0, 10000.0]",0.0432741628990214,1.0262714728138278,0.9565223123096052,0.9783467019788825
sub-04,7Am,7Pm,test,sub-10,linear_predictivity,207,21,0.059063231320484744,"[0.0634498464759888, 0.055716502621197046, 0.05832469377438633, 0.059876279177707915, 0.05794883455314363]",,,,,
sub-04,7Am,7PL,train,sub-10,linear_predictivity,207,106,0.08065558097968782,,"[3162.277660168379, 1000.0, 3162.277660168379, 3162.277660168379, 3162.277660168379]",0.13300369074842353,0.9805707710832315,0.8666660286542978,0.9154845012912295
sub-04,7Am,7PL,test,sub-10,linear_predictivity,207,106,0.20632699289197953,"[0.20563664135313653, 0.2192672905535936, 0.2062742471512526, 0.19681630243006723, 0.20364048297184767]",,,,,
sub-04,7Am,7PC,train,sub-10,linear_predictivity,207,224,0.003139467802029558,,"[3162.277660168379, 3162.277660168379, 3162.277660168379, 3162.277660168379, 3162.277660168379]",0.05543798761670325,1.025306526665036,0.9442268645613566,0.9910755264337476
sub-04,7Am,7PC,test,sub-10,linear_predictivity,207,224,0.03439873019975065,"[0.03689912800697188, 0.03442627880826255, 0.030560042680126836, 0.028604231324056133, 0.04150397017933586]",,,,,
sub-04,7Am,7Am,train,sub-10,linear_predictivity,207,186,0.04820241800084861,,"[3162.277660168379, 3162.277660168379, 3162.277660168379, 3162.277660168379, 3162.277660168379]",0.09502507818513926,1.005552957113393,0.9046324261213053,0.9462353771806707
sub-04,7Am,7Am,test,sub-10,linear_predictivity,207,186,0.14819589195171595,"[0.14982509869058588, 0.15424788720565547, 0.14326058909320855, 0.14676208080299286, 0.146883803966137]",,,,,
sub-04,7Am,7AL,train,sub-10,linear_predictivity,207,158,0.016950681417829655,,"[3162.277660168379, 3162.277660168379, 3162.277660168379, 3162.277660168379, 3162.277660168379]",0.06591525663818748,1.0203123921467987,0.9337231819940364,0.9769940624108256
sub-04,7Am,7AL,test,sub-10,linear_predictivity,207,158,0.08647793574890239,"[0.08889125410349623, 0.08736290656499927, 0.0854345300494191, 0.08417200698497984, 0.08652898104161748]",,,,,
sub-04,7Am,VVC,train,sub-10,linear_predictivity,207,196,0.009049150984555427,,"[3162.277660168379, 3162.277660168379, 3162.277660168379, 3162.277660168379, 3162.277660168379]",0.061382695453415945,1.0253001272126885,0.9383621473159696,0.9867263021691521
sub-04,7Am,VVC,test,sub-10,linear_predictivity,207,196,0.05229596448526419,"[0.05756513472881734, 0.0527078585056677, 0.043102541429446625, 0.05479175163820835, 0.05331253612418094]",,,,,
sub-04,7Am,VMV2,train,sub-10,linear_predictivity,207,94,0.041503277790634306,,"[3162.277660168379, 3162.277660168379, 3162.277660168379, 3162.277660168379, 3162.277660168379]",0.09156793273111387,1.0027339375062694,0.9082108133373517,0.9545265930950955
sub-04,7Am,VMV2,test,sub-10,linear_predictivity,207,94,0.11755273752576881,"[0.1211864255084, 0.11762369317266891, 0.10949290183483609, 0.12611179119186847, 0.11334887592107061]",,,,,
sub-04,7Am,VMV3,train,sub-10,linear_predictivity,207,98,0.015265595972872073,,"[3162.277660168379, 3162.277660168379, 3162.277660168379, 3162.277660168379, 3162.277660168379]",0.069610788663923,1.0174904298199623,0.9301163158480772,0.9801669309561143
sub-04,7Am,VMV3,test,sub-10,linear_predictivity,207,98,0.02035013380420539,"[0.0305696736274306, 0.022974782317834282, 0.007976575338931393, 0.025299276807193734, 0.014930360929636934]",,,,,
sub-04,7Am,VMV1,train,sub-10,linear_predictivity,207,42,0.01408729941836324,,"[3162.277660168379, 3162.277660168379, 10000.0, 10000.0, 3162.277660168379]",0.05927608141194178,1.0223871636606487,0.9404153867774487,0.9801463774219098
sub-04,7Am,VMV1,test,sub-10,linear_predictivity,207,42,0.05632248967061894,"[0.06270618751469861, 0.0631664653488366, 0.047439943348869106, 0.047503563241646424, 0.06079628889904395]",,,,,
sub-04,7Am,PHA2,train,sub-10,linear_predictivity,207,21,0.017542907981592363,,"[3162.277660168379, 3162.277660168379, 3162.277660168379, 10000.0, 10000.0]",0.06362999795287154,1.020399490516701,0.936168390820038,0.9776268518274012
sub-04,7Am,PHA2,test,sub-10,linear_predictivity,207,21,0.07582823375322648,"[0.08233894083143468, 0.08070341921221028, 0.08195325841527404, 0.06577650115632329, 0.06836904915089004]",,,,,
sub-04,7Am,PHA3,train,sub-10,linear_predictivity,207,104,0.0310578990047509,,"[3162.277660168379, 3162.277660168379, 3162.277660168379, 3162.277660168379, 3162.277660168379]",0.08030846224790214,1.0124818077309812,0.9194963093684667,0.9655258261868639
sub-04,7Am,PHA3,test,sub-10,linear_predictivity,207,104,0.11760432577567828,"[0.12152471133914201, 0.11997007137195705, 0.10665123204296606, 0.12159283292894094, 0.1182827811953853]",,,,,
sub-04,7Am,PH,train,sub-10,linear_predictivity,207,261,0.017148898459623522,,"[3162.277660168379, 3162.277660168379, 3162.277660168379, 3162.277660168379, 3162.277660168379]",0.06625602134039356,1.0223329749567296,0.933544543996763,0.9795105068747745
sub-04,7Am,PH,test,sub-10,linear_predictivity,207,261,0.037994555259496084,"[0.04815432963313021, 0.037035957873168775, 0.028326055271696675, 0.034315496828359375, 0.042140936691125376]",,,,,
sub-04,7AL,V1,train,sub-10,linear_predictivity,180,553,-0.003365104910469891,,"[10000.0, 10000.0, 10000.0, 10000.0, 10000.0]",0.02185180800451564,1.036092024688631,0.9779255460557197,0.9996079403801368
sub-04,7AL,V1,test,sub-10,linear_predictivity,180,553,-0.016910739515084688,"[-0.017866165566436158, -0.015391359897188168, -0.01854032539067049, -0.01631691997379992, -0.0164389267473287]",,,,,
sub-04,7AL,V2,train,sub-10,linear_predictivity,180,516,-0.0026694006913368295,,"[10000.0, 10000.0, 10000.0, 10000.0, 10000.0]",0.022789682026295218,1.0351653927314066,0.9769779817323109,0.9987772631086328
sub-04,7AL,V2,test,sub-10,linear_predictivity,180,516,-0.020011128268241446,"[-0.019446216309908674, -0.017399372735573345, -0.02137605982217398, -0.019289139057446714, -0.02254485341610452]",,,,,
sub-04,7AL,V3,train,sub-10,linear_predictivity,180,400,-0.0013666407058695621,,"[10000.0, 10000.0, 10000.0, 10000.0, 10000.0]",0.022287788255961134,1.0351628157276513,0.9775199630362528,0.9981676587669892
sub-04,7AL,V3,test,sub-10,linear_predictivity,180,400,-0.032382377869464636,"[-0.03406702677863317, -0.030048257537833748, -0.032195486517956826, -0.03163428288906046, -0.03396683562383899]",,,,,
sub-04,7AL,V4,train,sub-10,linear_predictivity,180,574,0.007431145178389695,,"[3162.277660168379, 10000.0, 3162.277660168379, 10000.0, 3162.277660168379]",0.04349162161608163,1.0297596707214767,0.9563437533405338,0.9893908601552516
sub-04,7AL,V4,test,sub-10,linear_predictivity,180,574,-0.009226126370696346,"[-0.008698112132629743, -0.008831494955142037, -0.00959253921933843, -0.012777251491005741, -0.006231234055365782]",,,,,
sub-04,7AL,V3A,train,sub-10,linear_predictivity,180,85,0.012165924135486915,,"[3162.277660168379, 3162.277660168379, 3162.277660168379, 3162.277660168379, 3162.277660168379]",0.0582001550024123,1.0249510388196057,0.9416219423057604,0.9847001387174256
sub-04,7AL,V3A,test,sub-10,linear_predictivity,180,85,0.026491090714868028,"[0.021188768286744097, 0.02853983680793085, 0.029643121773876745, 0.024779634813559333, 0.0283040918922291]",,,,,
sub-04,7AL,V3B,train,sub-10,linear_predictivity,180,99,0.019762871787822028,,"[3162.277660168379, 3162.277660168379, 3162.277660168379, 3162.277660168379, 3162.277660168379]",0.06446455303153772,1.0206804895846036,0.9353394875691954,0.9769024171345935
sub-04,7AL,V3B,test,sub-10,linear_predictivity,180,99,0.04196530464914304,"[0.04800588690519117, 0.04327420812568764, 0.038629553681008136, 0.04003490897950967, 0.039881965554318576]",,,,,
sub-04,7AL,V6,train,sub-10,linear_predictivity,180,11,0.031186692679896176,,"[3162.277660168379, 3162.277660168379, 3162.277660168379, 3162.277660168379, 3162.277660168379]",0.07797431923856353,1.0125990360873982,0.921831675955184,0.9656097854023628
sub-04,7AL,V6,test,sub-10,linear_predictivity,180,11,0.09534511531032894,"[0.0929080532422076, 0.1030497096973957, 0.0900773450228692, 0.10092152235367684, 0.08976894623549532]",,,,,
sub-04,7AL,V6A,train,sub-10,linear_predictivity,180,45,0.02785304488172935,,"[3162.277660168379, 3162.277660168379, 3162.277660168379, 3162.277660168379, 3162.277660168379]",0.07345120259054275,1.0182704319744602,0.9263734711334571,0.9690878717178654
sub-04,7AL,V6A,test,sub-10,linear_predictivity,180,45,0.10128500576069444,"[0.09868678039286928, 0.10187429513929078, 0.10838915002605337, 0.09853296411293436, 0.09894183913232438]",,,,,
sub-04,7AL,V7,train,sub-10,linear_predictivity,180,61,0.04246624179915754,,"[3162.277660168379, 3162.277660168379, 3162.277660168379, 3162.277660168379, 3162.277660168379]",0.08754858984017064,1.0076696783997505,0.912208250366899,0.9537765652346792
sub-04,7AL,V7,test,sub-10,linear_predictivity,180,61,0.12165083028688395,"[0.1247392389022256, 0.1249657489314765, 0.11955884774502126, 0.11162889117396113, 0.12736142468173528]",,,,,
sub-04,7AL,V8,train,sub-10,linear_predictivity,180,96,0.009842823998908781,,"[3162.277660168379, 3162.277660168379, 3162.277660168379, 3162.277660168379, 3162.277660168379]",0.05689994825530775,1.0249200969077001,0.942877309218723,0.986483869269672
sub-04,7AL,V8,test,sub-10,linear_predictivity,180,96,-0.008015417224948423,"[-0.007477865462723401, -0.0032462802178658073, -0.005019679187390366, -0.010142340915246325, -0.014190920341516219]",,,,,
sub-04,7AL,FFC,train,sub-10,linear_predictivity,180,244,0.003312084698230818,,"[3162.277660168379, 10000.0, 10000.0, 3162.277660168379, 3162.277660168379]",0.04074979473938799,1.0302423459252197,0.9590530060504971,0.9940398302940749
sub-04,7AL,FFC,test,sub-10,linear_predictivity,180,244,0.018343419411051422,"[0.026309958968498887, 0.012440497841112737, 0.010434600290861273, 0.022514033428131554, 0.020018006526652657]",,,,,
sub-04,7AL,PIT,train,sub-10,linear_predictivity,180,100,0.001459745162951168,,"[10000.0, 10000.0, 10000.0, 10000.0, 10000.0]",0.024178011185150856,1.035698046030601,0.9756758490629289,0.9959888280657333
sub-04,7AL,PIT,test,sub-10,linear_predictivity,180,100,-0.007258772842002224,"[-0.007474280205870768, -0.006046107747620297, -0.011165522126235637, -0.007022160858101334, -0.004585793272183084]",,,,,
sub-04,7AL,IPS1,train,sub-10,linear_predictivity,180,166,0.043763119456402565,,"[3162.277660168379, 3162.277660168379, 3162.277660168379, 3162.277660168379, 3162.277660168379]",0.08957616231467892,1.0054765886666281,0.9101531221412603,0.9518726552885329
sub-04,7AL,IPS1,test,sub-10,linear_predictivity,180,166,0.10076473718631122,"[0.10521603156132009, 0.09618918549320665, 0.0996102512255791, 0.10131216526674518, 0.10149605238470505]",,,,,
sub-04,7AL,MST,train,sub-10,linear_predictivity,180,135,0.04352364428830997,,"[1000.0, 1000.0, 3162.277660168379, 1000.0, 1000.0]",0.11483586971986641,1.0003971502469944,0.8848547457237181,0.9533991687415483
sub-04,7AL,MST,test,sub-10,linear_predictivity,180,135,0.09382790299080071,"[0.10392038217086548, 0.10644662966849835, 0.08551206727457475, 0.08784919239100138, 0.08541124344906358]",,,,,
sub-04,7AL,MT,train,sub-10,linear_predictivity,180,86,0.014147357218209792,,"[3162.277660168379, 3162.277660168379, 3162.277660168379, 3162.277660168379, 1000.0]",0.066828302987436,1.0200997564240963,0.9329766976896741,0.9829965719091902
sub-04,7AL,MT,test,sub-10,linear_predictivity,180,86,0.007779999760515732,"[0.014912185598110823, 0.00773574968851723, 0.01266653635834835, 0.006352486305988188, -0.0027669591483859344]",,,,,
sub-04,7AL,FST,train,sub-10,linear_predictivity,180,167,0.05350268174826092,,"[1000.0, 1000.0, 1000.0, 1000.0, 1000.0]",0.1379380687389941,0.9936100018519799,0.8617224392215391,0.9404041498100089
sub-04,7AL,FST,test,sub-10,linear_predictivity,180,167,0.11940294039528014,"[0.12158966711669433, 0.1297937404573522, 0.11524262924183123, 0.11219996376895423, 0.11818870139156869]",,,,,
sub-04,7AL,LO1,train,sub-10,linear_predictivity,180,78,0.017003323664863866,,"[3162.277660168379, 3162.277660168379, 3162.277660168379, 3162.277660168379, 3162.277660168379]",0.06095745449987137,1.0210284673792163,0.9388422662439831,0.9797823495211556
sub-04,7AL,LO1,test,sub-10,linear_predictivity,180,78,0.03365518852418905,"[0.040250694684657605, 0.04007202498739902, 0.025452155833883532, 0.03142713485265046, 0.031073932262354633]",,,,,
sub-04,7AL,LO2,train,sub-10,linear_predictivity,180,80,0.0026276528742273484,,"[10000.0, 10000.0, 10000.0, 3162.277660168379, 10000.0]",0.03012380585913938,1.0335691204228956,0.9697386534249819,0.9951713628169149
sub-04,7AL,LO2,test,sub-10,linear_predictivity,180,80,0.020773355047690106,"[0.019846501944173714, 0.02175069985332773, 0.011688680815952174, 0.027589435851511655, 0.022991456773485276]",,,,,
sub-04,7AL,LO3,train,sub-10,linear_predictivity,180,113,0.02643586644573897,,"[3162.277660168379, 3162.277660168379, 3162.277660168379, 3162.277660168379, 3162.277660168379]",0.06940298622047039,1.0167458911345695,0.9303810066192316,0.9699525853216352
sub-04,7AL,LO3,test,sub-10,linear_predictivity,180,113,0.03329462039851724,"[0.03967901625337654, 0.029519896197570936, 0.03553825457854707, 0.028949058271243208, 0.032786876691848446]",,,,,
sub-04,7AL,V7,train,sub-10,linear_predictivity,180,61,0.04246624179915754,,"[3162.277660168379, 3162.277660168379, 3162.277660168379, 3162.277660168379, 3162.277660168379]",0.08754858984017064,1.0076696783997505,0.912208250366899,0.9537765652346792
sub-04,7AL,V7,test,sub-10,linear_predictivity,180,61,0.12165083028688395,"[0.1247392389022256, 0.1249657489314765, 0.11955884774502126, 0.11162889117396113, 0.12736142468173528]",,,,,
sub-04,7AL,IP0,train,sub-10,linear_predictivity,180,103,0.025802730693036905,,"[3162.277660168379, 3162.277660168379, 3162.277660168379, 3162.277660168379, 3162.277660168379]",0.07118626835265744,1.0174893230535058,0.9285694845057266,0.9700232764522603
sub-04,7AL,IP0,test,sub-10,linear_predictivity,180,103,0.025816043591134773,"[0.031540193652655965, 0.022176570303209905, 0.023220423276411564, 0.02907552015481427, 0.023067510568582163]",,,,,
sub-04,7AL,IP1,train,sub-10,linear_predictivity,180,33,0.011941577371503188,,"[3162.277660168379, 3162.277660168379, 3162.277660168379, 3162.277660168379, 10000.0]",0.05195058853102371,1.0296577486178067,0.9478192882779591,0.9847975059049394
sub-04,7AL,IP1,test,sub-10,linear_predictivity,180,33,0.020121034957514917,"[0.019817150188545327, 0.01758712648390468, 0.019713233974049445, 0.020215456014041212, 0.023272208127033938]",,,,,
sub-04,7AL,MIP,train,sub-10,linear_predictivity,180,178,0.031511488800988384,,"[1000.0, 1000.0, 3162.277660168379, 3162.277660168379, 3162.277660168379]",0.09592442521101362,1.0101693178689133,0.9035111821702648,0.9618631253199599
sub-04,7AL,MIP,test,sub-10,linear_predictivity,180,178,0.07619051764189398,"[0.08153832376382326, 0.06235859310044514, 0.08547843533643565, 0.07445736769575785, 0.07711986831300799]",,,,,
sub-04,7AL,VIP,train,sub-10,linear_predictivity,180,100,0.05985341863126246,,"[1000.0, 1000.0, 3162.277660168379, 1000.0, 1000.0]",0.1329199049695817,0.9943484995185143,0.8668123288998174,0.9354451883179842
sub-04,7AL,VIP,test,sub-10,linear_predictivity,180,100,0.15327285467719404,"[0.16240696339466448, 0.149350065338578, 0.14909246725329864, 0.15160638016064104, 0.153908397238788]",,,,,
sub-04,7AL,LIPd,train,sub-10,linear_predictivity,180,31,-0.000851196859646822,,"[10000.0, 10000.0, 10000.0, 10000.0, 10000.0]",0.02305984796519466,1.0341800834315098,0.9767561155061465,0.997861196342489
sub-04,7AL,LIPd,test,sub-10,linear_predictivity,180,31,-0.0026674095933315206,"[0.0022540265489993426, -0.005731520038776972, 0.0010399197237744135, -0.003841336091898227, -0.007058138108756161]",,,,,
sub-04,7AL,LIPv,train,sub-10,linear_predictivity,180,75,0.025020355520959287,,"[3162.277660168379, 3162.277660168379, 3162.277660168379, 3162.277660168379, 3162.277660168379]",0.06881719209272488,1.0196413713596457,0.9309292354048502,0.9711190398875523
sub-04,7AL,LIPv,test,sub-10,linear_predictivity,180,75,0.046261506243307535,"[0.050758185635743885, 0.046253502047909616, 0.047742472125821805, 0.04194264409529014, 0.04461072731177223]",,,,,
sub-04,7AL,AIP,train,sub-10,linear_predictivity,180,409,0.014662631268501852,,"[3162.277660168379, 3162.277660168379, 3162.277660168379, 3162.277660168379, 3162.277660168379]",0.06397109540220931,1.023217480481059,0.9356364596202859,0.9785803545350287
sub-04,7AL,AIP,test,sub-10,linear_predictivity,180,409,0.04757706365666435,"[0.04621320180310171, 0.05400638745464172, 0.048364767500270335, 0.04141126442684761, 0.047889697098460374]",,,,,
sub-04,7AL,7Pm,train,sub-10,linear_predictivity,180,21,0.020277369570445212,,"[3162.277660168379, 3162.277660168379, 3162.277660168379, 3162.277660168379, 3162.277660168379]",0.06456597423854585,1.021673778751725,0.9352099759942023,0.9760921949501136
sub-04,7AL,7Pm,test,sub-10,linear_predictivity,180,21,0.07015337326029497,"[0.0772712268249445, 0.06367912947139663, 0.06954411103154193, 0.07262344120211939, 0.06764895777147244]",,,,,
sub-04,7AL,7PL,train,sub-10,linear_predictivity,180,106,0.08955701659468925,,"[1000.0, 1000.0, 1000.0, 1000.0, 1000.0]",0.16322426622016048,0.9796122979432601,0.8365224335478182,0.9061369698385897
sub-04,7AL,7PL,test,sub-10,linear_predictivity,180,106,0.22565828219609035,"[0.2362821836334115, 0.21859519334272762, 0.22675387392462393, 0.2199610959086095, 0.22669906417107938]",,,,,
sub-04,7AL,7PC,train,sub-10,linear_predictivity,180,224,0.03011305551348387,,"[3162.277660168379, 3162.277660168379, 3162.277660168379, 3162.277660168379, 3162.277660168379]",0.08023401234529379,1.0139504032452513,0.9193707523277309,0.9633190918846088
sub-04,7AL,7PC,test,sub-10,linear_predictivity,180,224,0.08720863633286594,"[0.08793993705154676, 0.09417258118571843, 0.0894550585177685, 0.07758907679249165, 0.08688652811680432]",,,,,
sub-04,7AL,7Am,train,sub-10,linear_predictivity,180,186,0.046554582330060795,,"[3162.277660168379, 1000.0, 3162.277660168379, 3162.277660168379, 3162.277660168379]",0.1024520434468841,1.001969425259124,0.8972480430809668,0.947939263539363
sub-04,7AL,7Am,test,sub-10,linear_predictivity,180,186,0.1428364771232027,"[0.14887870520965577, 0.14966583357057356, 0.1379453429783404, 0.14288424183033682, 0.1348082620271069]",,,,,
sub-04,7AL,7AL,train,sub-10,linear_predictivity,180,158,0.032445663260695215,,"[3162.277660168379, 3162.277660168379, 3162.277660168379, 3162.277660168379, 3162.277660168379]",0.08189833039915614,1.012840310395806,0.9177554191262803,0.9616478964989632
sub-04,7AL,7AL,test,sub-10,linear_predictivity,180,158,0.10721541227232187,"[0.11187609641216373, 0.1148473606466411, 0.10355710991059483, 0.10521893389710577, 0.10057756049510391]",,,,,
sub-04,7AL,VVC,train,sub-10,linear_predictivity,180,196,0.015393395130707394,,"[3162.277660168379, 3162.277660168379, 3162.277660168379, 3162.277660168379, 3162.277660168379]",0.06336215228453486,1.0236288284549504,0.936374157949151,0.9802665511040413
sub-04,7AL,VVC,test,sub-10,linear_predictivity,180,196,0.047790932857654886,"[0.05155675086903857, 0.04873668778446663, 0.04154229222064503, 0.04788559569345156, 0.04923333772067261]",,,,,
sub-04,7AL,VMV2,train,sub-10,linear_predictivity,180,94,0.04023315778868237,,"[1000.0, 1000.0, 3162.277660168379, 3162.277660168379, 1000.0]",0.10845896326470858,1.0036115473671479,0.8912834669946719,0.9556587335349123
sub-04,7AL,VMV2,test,sub-10,linear_predictivity,180,94,0.10261486879560766,"[0.10995620258540639, 0.10936858456341438, 0.09305851472721968, 0.10428138881255718, 0.09640965328944073]",,,,,
sub-04,7AL,VMV3,train,sub-10,linear_predictivity,180,98,0.019898838682659598,,"[3162.277660168379, 3162.277660168379, 3162.277660168379, 3162.277660168379, 3162.277660168379]",0.06862315895484344,1.0176452901779611,0.9311221095257315,0.9757208818440561
sub-04,7AL,VMV3,test,sub-10,linear_predictivity,180,98,0.006003810072655618,"[0.01186056136211276, 0.011157579464173112, 0.00031329924709855295, 0.005683374664642111, 0.001004235625251552]",,,,,
sub-04,7AL,VMV1,train,sub-10,linear_predictivity,180,42,0.013750937860277188,,"[3162.277660168379, 3162.277660168379, 3162.277660168379, 3162.277660168379, 3162.277660168379]",0.06227199475246838,1.0239385827476237,0.9373915523541054,0.9804159597779281
sub-04,7AL,VMV1,test,sub-10,linear_predictivity,180,42,0.06172492482629466,"[0.06368270292004094, 0.06509691367872653, 0.059744600168280974, 0.06297989619430319, 0.057120511170121624]",,,,,
sub-04,7AL,PHA2,train,sub-10,linear_predictivity,180,21,0.01831400064531616,,"[3162.277660168379, 3162.277660168379, 3162.277660168379, 3162.277660168379, 3162.277660168379]",0.06752815783361343,1.019724717010048,0.9322001588576052,0.9766931699401434
sub-04,7AL,PHA2,test,sub-10,linear_predictivity,180,21,0.08755051424758468,"[0.0864330899930376, 0.09403845924731893, 0.09075195378509836, 0.08352035207876007, 0.08300871613370847]",,,,,
sub-04,7AL,PHA3,train,sub-10,linear_predictivity,180,104,0.028788553445694955,,"[3162.277660168379, 3162.277660168379, 3162.277660168379, 3162.277660168379, 3162.277660168379]",0.07464267103845694,1.0154533558974514,0.9251291924488889,0.9673446834117785
sub-04,7AL,PHA3,test,sub-10,linear_predictivity,180,104,0.10678284021415177,"[0.10961756250393838, 0.105447258938312, 0.10279891213118503, 0.11158346796770112, 0.10446699952962227]",,,,,
sub-04,7AL,PH,train,sub-10,linear_predictivity,180,261,0.02120776632376686,,"[3162.277660168379, 3162.277660168379, 3162.277660168379, 3162.277660168379, 3162.277660168379]",0.0670403358429947,1.0199121336169035,0.9327570479851136,0.9753105298400332
sub-04,7AL,PH,test,sub-10,linear_predictivity,180,261,0.044519029128328176,"[0.04943053998316618, 0.04651644622989331, 0.0387416950404355, 0.04342039075950589, 0.04448607362863996]",,,,,
sub-04,VVC,V1,train,sub-10,linear_predictivity,170,553,0.007980586909737398,,"[3162.277660168379, 3162.277660168379, 3162.277660168379, 3162.277660168379, 3162.277660168379]",0.06004458819647497,1.0300074494390974,0.9397339705854449,0.9881804881524239
sub-04,VVC,V1,test,sub-10,linear_predictivity,170,553,0.027193583525658937,"[0.029223696551189355, 0.024947784839828967, 0.02778430089271431, 0.02961307343587516, 0.024399061908686914]",,,,,
sub-04,VVC,V2,train,sub-10,linear_predictivity,170,516,0.011439061368937246,,"[3162.277660168379, 3162.277660168379, 3162.277660168379, 3162.277660168379, 3162.277660168379]",0.06228199156277956,1.0278160619866283,0.9374847776151863,0.9846581008568212
sub-04,VVC,V2,test,sub-10,linear_predictivity,170,516,0.01975622040060051,"[0.020382859900481456, 0.0199180950282415, 0.02005145870680847, 0.021914898047702157, 0.01651379031976895]",,,,,
sub-04,VVC,V3,train,sub-10,linear_predictivity,170,400,0.018156933919939326,,"[3162.277660168379, 3162.277660168379, 3162.277660168379, 3162.277660168379, 3162.277660168379]",0.06778964660077712,1.0238874828648323,0.9320255299175022,0.9786820842464323
sub-04,VVC,V3,test,sub-10,linear_predictivity,170,400,0.03034286858792303,"[0.025996442764546907, 0.030797742195568207, 0.03219215681576773, 0.03383762300063957, 0.02889037816309277]",,,,,
sub-04,VVC,V4,train,sub-10,linear_predictivity,170,574,0.061022675179808535,,"[1000.0, 1000.0, 1000.0, 1000.0, 1000.0]",0.15112144284107035,0.9968969083345625,0.8487086129973346,0.935888254297087
sub-04,VVC,V4,test,sub-10,linear_predictivity,170,574,0.14017412958161635,"[0.13731758844318218, 0.1420552855331495, 0.13835548295102498, 0.14477196804950526, 0.13837032293121992]",,,,,
sub-04,VVC,V3A,train,sub-10,linear_predictivity,170,85,0.023899801670959193,,"[3162.277660168379, 1000.0, 3162.277660168379, 3162.277660168379, 1000.0]",0.09172008196039219,1.0209804184547666,0.9081089244335713,0.9728639513697255
sub-04,VVC,V3A,test,sub-10,linear_predictivity,170,85,0.063855916580014,"[0.05705650478769341, 0.07760226056286153, 0.05553876641362455, 0.06311465096746002, 0.06596740016843053]",,,,,
sub-04,VVC,V3B,train,sub-10,linear_predictivity,170,99,0.07877817856670795,,"[1000.0, 1000.0, 1000.0, 1000.0, 1000.0]",0.16373438884893748,0.9890011130422239,0.836065832500344,0.9176673387963659
sub-04,VVC,V3B,test,sub-10,linear_predictivity,170,99,0.18752846443888638,"[0.196441504844225, 0.1846834253565368, 0.1814113404157419, 0.19149478595881494, 0.18361126561911326]",,,,,
sub-04,VVC,V6,train,sub-10,linear_predictivity,170,11,0.02966234459370092,,"[3162.277660168379, 1000.0, 3162.277660168379, 3162.277660168379, 1000.0]",0.09845127983749112,1.0177591008348403,0.901215020422482,0.9670052484051949
sub-04,VVC,V6,test,sub-10,linear_predictivity,170,11,0.08008833627243031,"[0.07413048196813084, 0.09114701033281572, 0.06537041977711695, 0.087590180890611, 0.08220358839347704]",,,,,
sub-04,VVC,V6A,train,sub-10,linear_predictivity,170,45,0.03461007568155777,,"[3162.277660168379, 3162.277660168379, 1000.0, 3162.277660168379, 1000.0]",0.10219528993289584,1.014151843988476,0.8979850109417846,0.9625315991165913
sub-04,VVC,V6A,test,sub-10,linear_predictivity,170,45,0.09697852632170038,"[0.09616154399692729, 0.09372740948683113, 0.09768595757901433, 0.09596104807641083, 0.10135667246931837]",,,,,
sub-04,VVC,V7,train,sub-10,linear_predictivity,170,61,0.07684076512101613,,"[1000.0, 1000.0, 1000.0, 1000.0, 1000.0]",0.1619874226997628,0.9903082188483886,0.8378655408109555,0.9202778406874146
sub-04,VVC,V7,test,sub-10,linear_predictivity,170,61,0.15012149602379102,"[0.15739715655530545, 0.15674970506532027, 0.14730675269574023, 0.1446693915764005, 0.14448447422618865]",,,,,
sub-04,VVC,V8,train,sub-10,linear_predictivity,170,96,0.09799125422134891,,"[1000.0, 1000.0, 1000.0, 1000.0, 1000.0]",0.18446673839374667,0.9772852267618679,0.8152776341460891,0.8976358445683473
sub-04,VVC,V8,test,sub-10,linear_predictivity,170,96,0.20973055620887257,"[0.2136384155442068, 0.20619950597456504, 0.21393308891008958, 0.21498340519833578, 0.19989836541716574]",,,,,
sub-04,VVC,FFC,train,sub-10,linear_predictivity,170,244,0.1026569474628199,,"[1000.0, 1000.0, 1000.0, 1000.0, 1000.0]",0.18660922772242977,0.9789852716676967,0.8132458979307019,0.8947733048406811
sub-04,VVC,FFC,test,sub-10,linear_predictivity,170,244,0.24077385705696952,"[0.24193779426223339, 0.24059575235488995, 0.23972034202028827, 0.23892183646919657, 0.24269356017823943]",,,,,
sub-04,VVC,PIT,train,sub-10,linear_predictivity,170,100,0.08231232162140131,,"[1000.0, 1000.0, 1000.0, 1000.0, 1000.0]",0.16921744827955076,0.9874963873597192,0.8306576714934728,0.9152915311233512
sub-04,VVC,PIT,test,sub-10,linear_predictivity,170,100,0.1756058532423264,"[0.1794696472347996, 0.17650592367105797, 0.1707601623600735, 0.17204893044769293, 0.179244602498008]",,,,,
sub-04,VVC,IPS1,train,sub-10,linear_predictivity,170,166,0.07223972221686606,,"[3162.277660168379, 3162.277660168379, 3162.277660168379, 3162.277660168379, 3162.277660168379]",0.1217216529812704,0.9938160427784506,0.8780212642302618,0.92364026274825
sub-04,VVC,IPS1,test,sub-10,linear_predictivity,170,166,0.2047293510984535,"[0.2100166323804832, 0.2038850568884899, 0.20493481355395024, 0.20265137363255814, 0.20215887903678592]",,,,,
sub-04,VVC,MST,train,sub-10,linear_predictivity,170,135,0.055260040047223714,,"[1000.0, 1000.0, 1000.0, 1000.0, 1000.0]",0.13798699822940788,1.0056588018344155,0.8618989012408658,0.9425157112666372
sub-04,VVC,MST,test,sub-10,linear_predictivity,170,135,0.10502430340065165,"[0.10225305535443893, 0.10980457463242264, 0.10150327342775459, 0.11173307686621813, 0.09982753672242396]",,,,,
sub-04,VVC,MT,train,sub-10,linear_predictivity,170,86,0.0852907313884444,,"[1000.0, 1000.0, 1000.0, 1000.0, 1000.0]",0.16789675506940677,0.9889991177046256,0.8319517500487967,0.9119590603870986
sub-04,VVC,MT,test,sub-10,linear_predictivity,170,86,0.12321877292723651,"[0.12431212541531096, 0.12214667179399886, 0.12373100589064272, 0.12722860999642177, 0.11867545153980824]",,,,,
sub-04,VVC,FST,train,sub-10,linear_predictivity,170,167,0.09929038364033535,,"[1000.0, 1000.0, 1000.0, 1000.0, 1000.0]",0.18606527782589627,0.9746685654847497,0.8136905775671929,0.8961549033350973
sub-04,VVC,FST,test,sub-10,linear_predictivity,170,167,0.19057258852651854,"[0.18990394030032975, 0.1940873291080666, 0.18511343905823763, 0.19313983794471457, 0.19061839622124407]",,,,,
sub-04,VVC,LO1,train,sub-10,linear_predictivity,170,78,0.10493993079270632,,"[1000.0, 1000.0, 1000.0, 1000.0, 1000.0]",0.18596753503962804,0.9761328958749855,0.8138762037759253,0.8923219523748391
sub-04,VVC,LO1,test,sub-10,linear_predictivity,170,78,0.22661724102033148,"[0.2283509962255568, 0.23530899523999102, 0.21472098668832346, 0.23251909710802865, 0.2221861298397577]",,,,,
sub-04,VVC,LO2,train,sub-10,linear_predictivity,170,80,0.11191043555174778,,"[1000.0, 1000.0, 1000.0, 1000.0, 1000.0]",0.1908632795176415,0.9750570979503104,0.8089804282183714,0.8856255704988116
sub-04,VVC,LO2,test,sub-10,linear_predictivity,170,80,0.2265666169838693,"[0.22856427887874373, 0.22752031432089584, 0.2183219340951009, 0.2287677211834259, 0.22965883644117996]",,,,,
sub-04,VVC,LO3,train,sub-10,linear_predictivity,170,113,0.1253723496600174,,"[1000.0, 1000.0, 1000.0, 1000.0, 1000.0]",0.20580688378317138,0.9644331954513458,0.7939604323011166,0.8705307096715847
sub-04,VVC,LO3,test,sub-10,linear_predictivity,170,113,0.23772142693439893,"[0.24257061792383364, 0.24422605880138976, 0.23437672141368926, 0.23166226283206354, 0.23577147370101836]",,,,,
sub-04,VVC,V7,train,sub-10,linear_predictivity,170,61,0.07684076512101613,,"[1000.0, 1000.0, 1000.0, 1000.0, 1000.0]",0.1619874226997628,0.9903082188483886,0.8378655408109555,0.9202778406874146
sub-04,VVC,V7,test,sub-10,linear_predictivity,170,61,0.15012149602379102,"[0.15739715655530545, 0.15674970506532027, 0.14730675269574023, 0.1446693915764005, 0.14448447422618865]",,,,,
sub-04,VVC,IP0,train,sub-10,linear_predictivity,170,103,0.08118838232943781,,"[1000.0, 3162.277660168379, 1000.0, 3162.277660168379, 1000.0]",0.15738695853650225,0.9851766344704884,0.8422005448681548,0.9144630724613327
sub-04,VVC,IP0,test,sub-10,linear_predictivity,170,103,0.2007720227543202,"[0.2162970357161557, 0.18296005997211462, 0.20567367857491933, 0.19394096733712038, 0.20498837217129107]",,,,,
sub-04,VVC,IP1,train,sub-10,linear_predictivity,170,33,0.025994461399658098,,"[10000.0, 10000.0, 10000.0, 10000.0, 10000.0]",0.050399191717104316,1.0301178219358484,0.9494027774814532,0.9708583273258755
sub-04,VVC,IP1,test,sub-10,linear_predictivity,170,33,0.08607365359255861,"[0.08821672614191102, 0.08797834462562466, 0.08108556275133605, 0.08198232629500267, 0.09110530814891857]",,,,,
sub-04,VVC,MIP,train,sub-10,linear_predictivity,170,178,0.03483708321949365,,"[3162.277660168379, 3162.277660168379, 3162.277660168379, 3162.277660168379, 3162.277660168379]",0.08731084686891556,1.0167521640355033,0.9123697100768231,0.9593535437174069
sub-04,VVC,MIP,test,sub-10,linear_predictivity,170,178,0.0841932235903216,"[0.08490847049079202, 0.08298042006612383, 0.08801432813161432, 0.08202004799129195, 0.0830428512717859]",,,,,
sub-04,VVC,VIP,train,sub-10,linear_predictivity,170,100,0.05906042719534092,,"[3162.277660168379, 3162.277660168379, 1000.0, 3162.277660168379, 3162.277660168379]",0.11679409801562576,1.0012972716534456,0.8829899749401608,0.9371990134350987
sub-04,VVC,VIP,test,sub-10,linear_predictivity,170,100,0.16124304027666994,"[0.16420917826395848, 0.15932696383538816, 0.17316402414157608, 0.15588154475894173, 0.1536334903834853]",,,,,
sub-04,VVC,LIPd,train,sub-10,linear_predictivity,170,31,0.012466259466243036,,"[10000.0, 10000.0, 3162.277660168379, 10000.0, 10000.0]",0.04436837617902088,1.0356359941365905,0.9553916329941072,0.9842742252403129
sub-04,VVC,LIPd,test,sub-10,linear_predictivity,170,31,0.034536794364180404,"[0.038289640185662575, 0.033575003452989, 0.03506128987696791, 0.030511891216874632, 0.03524614708840789]",,,,,
sub-04,VVC,LIPv,train,sub-10,linear_predictivity,170,75,0.032840185508301124,,"[3162.277660168379, 3162.277660168379, 3162.277660168379, 3162.277660168379, 3162.277660168379]",0.08107029939619959,1.02041548598504,0.918722958375788,0.9636670089537092
sub-04,VVC,LIPv,test,sub-10,linear_predictivity,170,75,0.09853777478336126,"[0.10557346203863172, 0.09782795906505903, 0.09956900426904684, 0.09561916260757111, 0.09409928593649754]",,,,,
sub-04,VVC,AIP,train,sub-10,linear_predictivity,170,409,0.02102909161608338,,"[3162.277660168379, 3162.277660168379, 3162.277660168379, 3162.277660168379, 3162.277660168379]",0.07680919903535247,1.0235201233768287,0.9228006921349816,0.9720861151065584
sub-04,VVC,AIP,test,sub-10,linear_predictivity,170,409,0.06339227327208241,"[0.06447978042341818, 0.0673575982399861, 0.05925151782336, 0.05812636227032354, 0.06774610760332421]",,,,,
sub-04,VVC,7Pm,train,sub-10,linear_predictivity,170,21,0.02614456380348092,,"[3162.277660168379, 3162.277660168379, 3162.277660168379, 3162.277660168379, 3162.277660168379]",0.07197502719651769,1.027483510863608,0.9278349512120337,0.9706291652673971
sub-04,VVC,7Pm,test,sub-10,linear_predictivity,170,21,0.06589620090664475,"[0.06515423630134942, 0.06368005491156706, 0.06279728944049529, 0.07174151861258989, 0.0661079052672221]",,,,,
sub-04,VVC,7PL,train,sub-10,linear_predictivity,170,106,0.0724941930449152,,"[3162.277660168379, 3162.277660168379, 1000.0, 3162.277660168379, 3162.277660168379]",0.1293452572311523,0.9967512215953122,0.8705186469334505,0.9241657629455398
sub-04,VVC,7PL,test,sub-10,linear_predictivity,170,106,0.18324755210542887,"[0.18359701007510254, 0.17365705304760715, 0.20616783819718257, 0.17933407015690034, 0.17348178905035175]",,,,,
sub-04,VVC,7PC,train,sub-10,linear_predictivity,170,224,0.022757371263003146,,"[3162.277660168379, 3162.277660168379, 3162.277660168379, 3162.277660168379, 3162.277660168379]",0.0772791638609422,1.020824859483022,0.922345213435861,0.9709877295860974
sub-04,VVC,7PC,test,sub-10,linear_predictivity,170,224,0.06105768943539426,"[0.06456306603561303, 0.06773506933182523, 0.057310773175936636, 0.051916658237410526, 0.0637628803961859]",,,,,
sub-04,VVC,7Am,train,sub-10,linear_predictivity,170,186,0.028694412551779108,,"[3162.277660168379, 3162.277660168379, 3162.277660168379, 3162.277660168379, 3162.277660168379]",0.08046379738889751,1.0192957074114066,0.9192107028549497,0.9657227736562387
sub-04,VVC,7Am,test,sub-10,linear_predictivity,170,186,0.07416002042599773,"[0.0745605391072017, 0.08188545328256054, 0.07162584542240735, 0.06945256911313351, 0.0732756952046855]",,,,,
sub-04,VVC,7AL,train,sub-10,linear_predictivity,170,158,0.0076349664750571,,"[3162.277660168379, 3162.277660168379, 3162.277660168379, 3162.277660168379, 3162.277660168379]",0.0627233060320115,1.0301771819988021,0.936928046586807,0.9863328232620345
sub-04,VVC,7AL,test,sub-10,linear_predictivity,170,158,0.021003637137992533,"[0.02121625890071907, 0.03249932230430296, 0.016913602157077774, 0.01568618549139621, 0.018702816836466653]",,,,,
sub-04,VVC,VVC,train,sub-10,linear_predictivity,170,196,0.09928203015588802,,"[1000.0, 3162.277660168379, 3162.277660168379, 3162.277660168379, 3162.277660168379]",0.15572733320880072,0.9774721316857228,0.8439079197033715,0.8960385579776995
sub-04,VVC,VVC,test,sub-10,linear_predictivity,170,196,0.21500017610677094,"[0.23277169472483492, 0.2119983394227461, 0.20841021740487625, 0.21158230984262452, 0.21023831913877303]",,,,,
sub-04,VVC,VMV2,train,sub-10,linear_predictivity,170,94,0.11957829586257485,,"[1000.0, 1000.0, 1000.0, 1000.0, 1000.0]",0.20612959942295003,0.9663436241011831,0.7936122219348892,0.8757033577838623
sub-04,VVC,VMV2,test,sub-10,linear_predictivity,170,94,0.27082717840408393,"[0.2753427298312588, 0.26244585395721964, 0.2683943527314384, 0.27266874992610085, 0.275284205574402]",,,,,
sub-04,VVC,VMV3,train,sub-10,linear_predictivity,170,98,0.14009770043424014,,"[1000.0, 1000.0, 1000.0, 1000.0, 1000.0]",0.22259043256898187,0.950320197525761,0.7771045965468615,0.8545493944558732
sub-04,VVC,VMV3,test,sub-10,linear_predictivity,170,98,0.24276083937059062,"[0.24979536688643736, 0.24583407094724488, 0.24028601065689043, 0.23766254565577927, 0.24022620270660133]",,,,,
sub-04,VVC,VMV1,train,sub-10,linear_predictivity,170,42,0.07534282403770881,,"[1000.0, 1000.0, 1000.0, 1000.0, 1000.0]",0.1647669105839361,0.9925398894808668,0.8349470594282831,0.91931953413142
sub-04,VVC,VMV1,test,sub-10,linear_predictivity,170,42,0.17252611693505604,"[0.17628905486048815, 0.1724428904876455, 0.171685019624196, 0.17233388296382224, 0.16987973673912832]",,,,,
sub-04,VVC,PHA2,train,sub-10,linear_predictivity,170,21,0.07499082216079035,,"[1000.0, 1000.0, 1000.0, 1000.0, 1000.0]",0.16855576473107722,0.9911499067355114,0.8311306469378501,0.9190010715561827
sub-04,VVC,PHA2,test,sub-10,linear_predictivity,170,21,0.2334277292494132,"[0.22914870701680246, 0.22970412712534355, 0.23318819243484135, 0.24134883626658554, 0.23374878340349323]",,,,,
sub-04,VVC,PHA3,train,sub-10,linear_predictivity,170,104,0.10069601930989154,,"[1000.0, 1000.0, 1000.0, 1000.0, 1000.0]",0.18953757016427347,0.9769481611928255,0.8101549254741025,0.8938788657775234
sub-04,VVC,PHA3,test,sub-10,linear_predictivity,170,104,0.27063269754942,"[0.27316977526487474, 0.2660266876258475, 0.26793282543987096, 0.27029159848497053, 0.27574260093153635]",,,,,
sub-04,VVC,PH,train,sub-10,linear_predictivity,170,261,0.09027971296058357,,"[1000.0, 1000.0, 1000.0, 3162.277660168379, 1000.0]",0.1692254282165656,0.9823951690441882,0.8306106063216137,0.9065044184363025
sub-04,VVC,PH,test,sub-10,linear_predictivity,170,261,0.19982978085851463,"[0.20705016344651414, 0.20749376471236264, 0.20073484142825243, 0.17707218528696578, 0.20679794941847826]",,,,,
sub-04,VMV2,V1,train,sub-10,linear_predictivity,115,553,0.006136137399130042,,"[3162.277660168379, 3162.277660168379, 3162.277660168379, 1000.0, 3162.277660168379]",0.046949106796767295,1.0140665469342287,0.9527652030897313,0.9899489128950117
sub-04,VMV2,V1,test,sub-10,linear_predictivity,115,553,0.01408007472281907,"[0.010807168405717575, 0.012554734103298737, 0.015314751411837916, 0.022311508697132706, 0.009412210996108407]",,,,,
sub-04,VMV2,V2,train,sub-10,linear_predictivity,115,516,0.007263564455017224,,"[3162.277660168379, 3162.277660168379, 3162.277660168379, 3162.277660168379, 3162.277660168379]",0.04103703865477458,1.015279223481344,0.9587226300677184,0.9887644414799631
sub-04,VMV2,V2,test,sub-10,linear_predictivity,115,516,0.008278976860992935,"[0.008126711503857248, 0.011243116137985705, 0.011611496301813089, 0.007585469913945299, 0.00282809044736334]",,,,,
sub-04,VMV2,V3,train,sub-10,linear_predictivity,115,400,0.01300323534506247,,"[1000.0, 1000.0, 1000.0, 1000.0, 3162.277660168379]",0.06853937264607005,1.0109878225104723,0.9312304095989576,0.9835752625688523
sub-04,VMV2,V3,test,sub-10,linear_predictivity,115,400,0.01907835052985244,"[0.016669627227064897, 0.02353302910480565, 0.030368554376972102, 0.02245412396327241, 0.002366417977147142]",,,,,
sub-04,VMV2,V4,train,sub-10,linear_predictivity,115,574,0.040883418117998595,,"[1000.0, 1000.0, 1000.0, 1000.0, 1000.0]",0.09783463062503302,0.9979669248395326,0.9019750842935281,0.9558861175950323
sub-04,VMV2,V4,test,sub-10,linear_predictivity,115,574,0.08267499797027199,"[0.08263812056056881, 0.07949487997881471, 0.09151391949919002, 0.08608473938322728, 0.07364333042955912]",,,,,
sub-04,VMV2,V3A,train,sub-10,linear_predictivity,115,85,0.020985488366534164,,"[1000.0, 3162.277660168379, 1000.0, 3162.277660168379, 1000.0]",0.06939158122184229,1.008434311278099,0.9304648117539884,0.97604668200047
sub-04,VMV2,V3A,test,sub-10,linear_predictivity,115,85,0.0474710691333007,"[0.04973428178837418, 0.03991930496626554, 0.058027046807374166, 0.049363126027766796, 0.04031158607672283]",,,,,
sub-04,VMV2,V3B,train,sub-10,linear_predictivity,115,99,0.0475423598334212,,"[3162.277660168379, 3162.277660168379, 1000.0, 3162.277660168379, 3162.277660168379]",0.08161570412884563,0.994584073600835,0.9182193309802184,0.9492997465028248
sub-04,VMV2,V3B,test,sub-10,linear_predictivity,115,99,0.10069069606074314,"[0.10394806843424155, 0.09062695134439479, 0.11268825890074902, 0.10234309302389726, 0.09384710860043308]",,,,,
sub-04,VMV2,V6,train,sub-10,linear_predictivity,115,11,0.05317378010118186,,"[3162.277660168379, 3162.277660168379, 3162.277660168379, 3162.277660168379, 3162.277660168379]",0.08316247647689115,0.9936487251428947,0.9166409382999106,0.9437202883611091
sub-04,VMV2,V6,test,sub-10,linear_predictivity,115,11,0.12567658811782662,"[0.12151945219435065, 0.12422963029646034, 0.12296418372206164, 0.13434934801785847, 0.12532032635840193]",,,,,
sub-04,VMV2,V6A,train,sub-10,linear_predictivity,115,45,0.02597559749548917,,"[3162.277660168379, 1000.0, 1000.0, 3162.277660168379, 3162.277660168379]",0.06986686696930386,1.0066674101170183,0.9300546568865199,0.970998302450122
sub-04,VMV2,V6A,test,sub-10,linear_predictivity,115,45,0.09788799166261021,"[0.09499245122597232, 0.09788855982909968, 0.11360432971183236, 0.09904787162625503, 0.0839067459198916]",,,,,
sub-04,VMV2,V7,train,sub-10,linear_predictivity,115,61,0.05775602852190677,,"[1000.0, 1000.0, 1000.0, 1000.0, 1000.0]",0.11034896399567198,0.9933887380922959,0.8895164908751243,0.9396516266198717
sub-04,VMV2,V7,test,sub-10,linear_predictivity,115,61,0.1284288588024114,"[0.13463994800060466, 0.12408337924596698, 0.1348989683368455, 0.1316322872267494, 0.11688971120189035]",,,,,
sub-04,VMV2,V8,train,sub-10,linear_predictivity,115,96,0.07776242686084817,,"[1000.0, 1000.0, 1000.0, 1000.0, 1000.0]",0.13161538726071434,0.9782435930196398,0.8681564788408999,0.9184778198284945
sub-04,VMV2,V8,test,sub-10,linear_predictivity,115,96,0.1622061642253185,"[0.16726407931316523, 0.158017715618339, 0.17182653332268494, 0.1667285853682352, 0.14719390750416816]",,,,,
sub-04,VMV2,FFC,train,sub-10,linear_predictivity,115,244,0.05476244155311423,,"[1000.0, 1000.0, 1000.0, 1000.0, 1000.0]",0.11025256945454343,0.9914934652857937,0.8895770726117004,0.9423668903059058
sub-04,VMV2,FFC,test,sub-10,linear_predictivity,115,244,0.14071069754853177,"[0.13778304486990847, 0.14289860103134921, 0.1404268355701548, 0.13904036886858126, 0.14340463740266504]",,,,,
sub-04,VMV2,PIT,train,sub-10,linear_predictivity,115,100,0.04419984967213768,,"[1000.0, 1000.0, 1000.0, 1000.0, 1000.0]",0.0981149017345321,0.9979131597065984,0.9017280098408724,0.9529682622937266
sub-04,VMV2,PIT,test,sub-10,linear_predictivity,115,100,0.10344036014335574,"[0.10200665001085411, 0.10852375244912159, 0.1108223527508215, 0.09680155824165272, 0.09904748726432876]",,,,,
sub-04,VMV2,IPS1,train,sub-10,linear_predictivity,115,166,0.05865185559700235,,"[1000.0, 1000.0, 1000.0, 1000.0, 1000.0]",0.11463284866979659,0.9897480347297524,0.88511237035998,0.9370776654322315
sub-04,VMV2,IPS1,test,sub-10,linear_predictivity,115,166,0.20017477564462177,"[0.20397929152493446, 0.1963105987223293, 0.2020322235705289, 0.2037819252270131, 0.1947698391783029]",,,,,
sub-04,VMV2,MST,train,sub-10,linear_predictivity,115,135,0.038053781535130546,,"[1000.0, 1000.0, 1000.0, 1000.0, 1000.0]",0.09331863596803161,1.0013725758520535,0.906521692751506,0.9591236928829463
sub-04,VMV2,MST,test,sub-10,linear_predictivity,115,135,0.07864573347256179,"[0.07198477384504358, 0.08114382965764959, 0.08047008519568966, 0.0894794140830631, 0.07015056458136304]",,,,,
sub-04,VMV2,MT,train,sub-10,linear_predictivity,115,86,0.04454412092405537,,"[1000.0, 1000.0, 1000.0, 1000.0, 1000.0]",0.0982069546378443,0.9986523379720735,0.901639450907156,0.9528503524177442
sub-04,VMV2,MT,test,sub-10,linear_predictivity,115,86,0.08838410045874366,"[0.0888584355139833, 0.0876444842999272, 0.08903744532718816, 0.09006771904053251, 0.0863124181120871]",,,,,
sub-04,VMV2,FST,train,sub-10,linear_predictivity,115,167,0.07392856821104088,,"[1000.0, 1000.0, 1000.0, 1000.0, 1000.0]",0.12729326985735995,0.9835340924814064,0.8725050660910085,0.9222641431262156
sub-04,VMV2,FST,test,sub-10,linear_predictivity,115,167,0.15284174766668723,"[0.1527641970777404, 0.14743449915295434, 0.15725474803786502, 0.16031579658272357, 0.14643949748215285]",,,,,
sub-04,VMV2,LO1,train,sub-10,linear_predictivity,115,78,0.06393312883864652,,"[1000.0, 1000.0, 1000.0, 1000.0, 1000.0]",0.11503746446697752,0.9870650105474305,0.884786747425357,0.9331540572254576
sub-04,VMV2,LO1,test,sub-10,linear_predictivity,115,78,0.13077292533023535,"[0.13545493735997766, 0.1244946565440711, 0.1373124493728645, 0.13581005458101164, 0.12079252879325182]",,,,,
sub-04,VMV2,LO2,train,sub-10,linear_predictivity,115,80,0.05104537343627251,,"[1000.0, 1000.0, 1000.0, 1000.0, 1000.0]",0.1016774829255285,0.998367576373601,0.8981861239370538,0.9464356112827895
sub-04,VMV2,LO2,test,sub-10,linear_predictivity,115,80,0.11589469825338813,"[0.11487898484315026, 0.11442211266188673, 0.12424995059005713, 0.11558784615939346, 0.1103345970124531]",,,,,
sub-04,VMV2,LO3,train,sub-10,linear_predictivity,115,113,0.07027029547605745,,"[1000.0, 1000.0, 1000.0, 1000.0, 1000.0]",0.12408991385881965,0.9834640728673761,0.8757025765399422,0.9262409521723678
sub-04,VMV2,LO3,test,sub-10,linear_predictivity,115,113,0.13213199111068588,"[0.13759662646721835, 0.12489542456972254, 0.13869200243739174, 0.12547200886148716, 0.1340038932176097]",,,,,
sub-04,VMV2,V7,train,sub-10,linear_predictivity,115,61,0.05775602852190677,,"[1000.0, 1000.0, 1000.0, 1000.0, 1000.0]",0.11034896399567198,0.9933887380922959,0.8895164908751243,0.9396516266198717
sub-04,VMV2,V7,test,sub-10,linear_predictivity,115,61,0.1284288588024114,"[0.13463994800060466, 0.12408337924596698, 0.1348989683368455, 0.1316322872267494, 0.11688971120189035]",,,,,
sub-04,VMV2,IP0,train,sub-10,linear_predictivity,115,103,0.06595685301222758,,"[3162.277660168379, 1000.0, 1000.0, 3162.277660168379, 1000.0]",0.11262639271939286,0.9816408045308005,0.887093438478809,0.9297876006890272
sub-04,VMV2,IP0,test,sub-10,linear_predictivity,115,103,0.16094747087873484,"[0.1561185843251582, 0.15718957437794787, 0.169299148696855, 0.15467140479794889, 0.1674586421957642]",,,,,
sub-04,VMV2,IP1,train,sub-10,linear_predictivity,115,33,0.01650708185326984,,"[3162.277660168379, 3162.277660168379, 3162.277660168379, 3162.277660168379, 3162.277660168379]",0.04768425387082938,1.0127045215978814,0.9521315659275789,0.9804642358959988
sub-04,VMV2,IP1,test,sub-10,linear_predictivity,115,33,0.06415895672645626,"[0.06726670661814584, 0.062100919244516724, 0.06472073975208321, 0.05959183037341144, 0.06711458764412406]",,,,,
sub-04,VMV2,MIP,train,sub-10,linear_predictivity,115,178,0.032893172805103704,,"[3162.277660168379, 3162.277660168379, 1000.0, 3162.277660168379, 3162.277660168379]",0.07253701968335827,1.0002132733849225,0.927133849266118,0.961173167426262
sub-04,VMV2,MIP,test,sub-10,linear_predictivity,115,178,0.10196911707463001,"[0.10098008695839111, 0.09944695850556756, 0.11190755634168657, 0.1008369727300391, 0.09667401083746573]",,,,,
sub-04,VMV2,VIP,train,sub-10,linear_predictivity,115,100,0.06381088267344182,,"[1000.0, 1000.0, 1000.0, 1000.0, 1000.0]",0.11716894266231312,0.9873752519057988,0.8825913278730761,0.9321969199293271
sub-04,VMV2,VIP,test,sub-10,linear_predictivity,115,100,0.17969179522417741,"[0.18238056141115813, 0.17867567124592273, 0.18516657962083485, 0.18315553081717253, 0.16908063302579887]",,,,,
sub-04,VMV2,LIPd,train,sub-10,linear_predictivity,115,31,0.006033524976981514,,"[3162.277660168379, 3162.277660168379, 3162.277660168379, 3162.277660168379, 3162.277660168379]",0.03673168669014776,1.0184179379899547,0.9630813452019202,0.9908401644315132
sub-04,VMV2,LIPd,test,sub-10,linear_predictivity,115,31,0.01650182715140434,"[0.020203449315812413, 0.012814294633661238, 0.015228991268648998, 0.016389937747009555, 0.017872462791889497]",,,,,
sub-04,VMV2,LIPv,train,sub-10,linear_predictivity,115,75,0.02388073234279946,,"[3162.277660168379, 3162.277660168379, 1000.0, 3162.277660168379, 3162.277660168379]",0.06061832620912198,1.0093935911553307,0.9391771924924018,0.9728076689489555
sub-04,VMV2,LIPv,test,sub-10,linear_predictivity,115,75,0.07716374719642377,"[0.07803807457919619, 0.07651475303596525, 0.08285693680939273, 0.07568195877299227, 0.07272701278457246]",,,,,
sub-04,VMV2,AIP,train,sub-10,linear_predictivity,115,409,0.0106685457330727,,"[3162.277660168379, 3162.277660168379, 3162.277660168379, 3162.277660168379, 3162.277660168379]",0.04737858991910574,1.0145850719051168,0.9522421223223976,0.9830211294927617
sub-04,VMV2,AIP,test,sub-10,linear_predictivity,115,409,0.048603428127914114,"[0.04419260060327666, 0.054873725732533685, 0.04493621176446164, 0.04802993545400724, 0.05098466708529134]",,,,,
sub-04,VMV2,7Pm,train,sub-10,linear_predictivity,115,21,0.03031464757184986,,"[3162.277660168379, 3162.277660168379, 1000.0, 3162.277660168379, 3162.277660168379]",0.06762735675723411,1.0029263103771031,0.9322293747414323,0.9658030717833309
sub-04,VMV2,7Pm,test,sub-10,linear_predictivity,115,21,0.06430734047518832,"[0.06409518350726842, 0.0628844071632524, 0.06579231850106237, 0.06661905256279872, 0.06214574064155968]",,,,,
sub-04,VMV2,7PL,train,sub-10,linear_predictivity,115,106,0.08635877943904396,,"[3162.277660168379, 1000.0, 1000.0, 1000.0, 1000.0]",0.1350205610359231,0.9701028986869265,0.8648703948624066,0.9098756660035257
sub-04,VMV2,7PL,test,sub-10,linear_predictivity,115,106,0.22294425182367342,"[0.20998579154727331, 0.2227827336719904, 0.23057788643486474, 0.2297782231469685, 0.22159662431727012]",,,,,
sub-04,VMV2,7PC,train,sub-10,linear_predictivity,115,224,0.013982029331705082,,"[3162.277660168379, 1000.0, 1000.0, 3162.277660168379, 3162.277660168379]",0.06220148243007508,1.0120861060271975,0.9373920589046184,0.9801343534183623
sub-04,VMV2,7PC,test,sub-10,linear_predictivity,115,224,0.05271171965175593,"[0.04431290832762552, 0.06838405194946318, 0.060687273185068356, 0.04286216350823333, 0.047312201288389276]",,,,,
sub-04,VMV2,7Am,train,sub-10,linear_predictivity,115,186,0.036016960993568936,,"[3162.277660168379, 3162.277660168379, 3162.277660168379, 3162.277660168379, 3162.277660168379]",0.07026859605829336,0.9996540028967311,0.9294134290560938,0.9586073519484849
sub-04,VMV2,7Am,test,sub-10,linear_predictivity,115,186,0.08501382976228986,"[0.08329419817161908, 0.0877000377706352, 0.083444697648084, 0.0844502306167874, 0.08617998460432359]",,,,,
sub-04,VMV2,7AL,train,sub-10,linear_predictivity,115,158,0.01175518558888891,,"[3162.277660168379, 3162.277660168379, 3162.277660168379, 3162.277660168379, 3162.277660168379]",0.047214311036852585,1.0151700690454903,0.9524429116803665,0.9823780291074937
sub-04,VMV2,7AL,test,sub-10,linear_predictivity,115,158,0.027644698988502914,"[0.02132055251938293, 0.03446993298304028, 0.027282017397035094, 0.027480650211192385, 0.027670341831863877]",,,,,
sub-04,VMV2,VVC,train,sub-10,linear_predictivity,115,196,0.07289068972965569,,"[1000.0, 1000.0, 1000.0, 1000.0, 1000.0]",0.1279145720343529,0.9813499787443096,0.8718103140475542,0.9224983840386749
sub-04,VMV2,VVC,test,sub-10,linear_predictivity,115,196,0.17559652323744107,"[0.17949417749317056, 0.17412119605585868, 0.17241501747108842, 0.17713875632045237, 0.17481346884663512]",,,,,
sub-04,VMV2,VMV2,train,sub-10,linear_predictivity,115,94,0.1367723987743157,,"[3162.277660168379, 3162.277660168379, 3162.277660168379, 3162.277660168379, 3162.277660168379]",0.16483018838313324,0.9408633681957796,0.8349307705047135,0.8591761960409989
sub-04,VMV2,VMV2,test,sub-10,linear_predictivity,115,94,0.28959053231265214,"[0.28992829717108926, 0.28481427920110086, 0.28689225409953206, 0.2950503998118131, 0.2912674312797257]",,,,,
sub-04,VMV2,VMV3,train,sub-10,linear_predictivity,115,98,0.11929543428309348,,"[1000.0, 1000.0, 1000.0, 1000.0, 1000.0]",0.1729651177287976,0.9533094548426417,0.8267269469375508,0.8754174947733983
sub-04,VMV2,VMV3,test,sub-10,linear_predictivity,115,98,0.23303650037317744,"[0.2427104315242437, 0.22989482956616408, 0.23246399177830548, 0.23406455924314593, 0.22604868975402803]",,,,,
sub-04,VMV2,VMV1,train,sub-10,linear_predictivity,115,42,0.07274864412076554,,"[3162.277660168379, 3162.277660168379, 3162.277660168379, 1000.0, 3162.277660168379]",0.11045767752849414,0.9763184887589059,0.8891930875978231,0.922098871437526
sub-04,VMV2,VMV1,test,sub-10,linear_predictivity,115,42,0.16663663868401307,"[0.16184358970449703, 0.16893073472473338, 0.1633900297277012, 0.17840874265967002, 0.1606100966034638]",,,,,
sub-04,VMV2,PHA2,train,sub-10,linear_predictivity,115,21,0.09197201794172534,,"[3162.277660168379, 1000.0, 3162.277660168379, 3162.277660168379, 3162.277660168379]",0.13000503784252698,0.9643689931645589,0.8697070115035673,0.9025004785866854
sub-04,VMV2,PHA2,test,sub-10,linear_predictivity,115,21,0.2483927786221826,"[0.24528884858677094, 0.25864750351369625, 0.24489319366359755, 0.24706798665729537, 0.24606636068955293]",,,,,
sub-04,VMV2,PHA3,train,sub-10,linear_predictivity,115,104,0.11195523189710528,,"[3162.277660168379, 1000.0, 3162.277660168379, 3162.277660168379, 3162.277660168379]",0.14583804596901084,0.9543699550960298,0.8539728745279561,0.8835446380331277
sub-04,VMV2,PHA3,test,sub-10,linear_predictivity,115,104,0.27593327452972155,"[0.27603050239084637, 0.2840754228651225, 0.267165971152888, 0.27544263486297643, 0.27695184137677453]",,,,,
sub-04,VMV2,PH,train,sub-10,linear_predictivity,115,261,0.05500763606745614,,"[1000.0, 1000.0, 1000.0, 1000.0, 1000.0]",0.109118752436166,0.9935747896214414,0.890696049717919,0.9416778992017425
sub-04,VMV2,PH,test,sub-10,linear_predictivity,115,261,0.1375658581955504,"[0.13772721038736088, 0.13506552833139052, 0.1400084513082351, 0.13915635868413273, 0.13587174226663273]",,,,,
sub-04,VMV3,V1,train,sub-10,linear_predictivity,115,553,0.028292102585686388,,"[1000.0, 1000.0, 1000.0, 1000.0, 1000.0]",0.08141870672840171,1.0017479296060392,0.9183618872926698,0.9678703137735157
sub-04,VMV3,V1,test,sub-10,linear_predictivity,115,553,0.04171237990023925,"[0.03988733941840679, 0.04135069001675924, 0.04247866541824813, 0.04621267547440142, 0.0386325291733807]",,,,,
sub-04,VMV3,V2,train,sub-10,linear_predictivity,115,516,0.027080094481527713,,"[1000.0, 1000.0, 1000.0, 1000.0, 1000.0]",0.07974015345964532,1.0019115425020422,0.9200326932724792,0.9690862199704069
sub-04,VMV3,V2,test,sub-10,linear_predictivity,115,516,0.03517800009849507,"[0.03300381704209867, 0.035987830428343165, 0.035103755303285356, 0.038401010202723275, 0.03339358751602487]",,,,,
sub-04,VMV3,V3,train,sub-10,linear_predictivity,115,400,0.03667958142238298,,"[1000.0, 1000.0, 1000.0, 1000.0, 1000.0]",0.08778476677123008,0.9963131564845311,0.9120198894611427,0.9600837044100802
sub-04,VMV3,V3,test,sub-10,linear_predictivity,115,400,0.03478756858151576,"[0.0314577218833165, 0.03582869889336843, 0.03521486934529901, 0.03837692444812442, 0.033059628337470434]",,,,,
sub-04,VMV3,V4,train,sub-10,linear_predictivity,115,574,0.06709065162583819,,"[1000.0, 1000.0, 1000.0, 1000.0, 1000.0]",0.11691701716945621,0.9786092691461091,0.8828882039283361,0.9297254662228873
sub-04,VMV3,V4,test,sub-10,linear_predictivity,115,574,0.1111999111434488,"[0.11016802123215687, 0.11034346086492834, 0.10980346269806275, 0.11460535773841656, 0.11107925318367948]",,,,,
sub-04,VMV3,V3A,train,sub-10,linear_predictivity,115,85,0.03235165600318487,,"[3162.277660168379, 1000.0, 1000.0, 1000.0, 1000.0]",0.08360517678553246,0.9968811944633982,0.9162600109941137,0.9645221114010262
sub-04,VMV3,V3A,test,sub-10,linear_predictivity,115,85,0.07965376744380373,"[0.06312347757762803, 0.07997262794458308, 0.081050621819261, 0.09236208460868087, 0.0817600252688656]",,,,,
sub-04,VMV3,V3B,train,sub-10,linear_predictivity,115,99,0.07884474236224459,,"[1000.0, 1000.0, 1000.0, 1000.0, 1000.0]",0.1279041691269347,0.9729978912330836,0.8719174949293347,0.9180521045281835
sub-04,VMV3,V3B,test,sub-10,linear_predictivity,115,99,0.16848041589860582,"[0.17551302975975336, 0.15814294326758063, 0.1626109274326176, 0.1760653419258562, 0.1700698371072213]",,,,,
sub-04,VMV3,V6,train,sub-10,linear_predictivity,115,11,0.02276608211388417,,"[3162.277660168379, 3162.277660168379, 3162.277660168379, 1000.0, 1000.0]",0.06468592187305065,1.0057862723235513,0.9350596039192416,0.9742217791816603
sub-04,VMV3,V6,test,sub-10,linear_predictivity,115,11,0.09726688591364109,"[0.07852100637357211, 0.08199635739773893, 0.08851834300794927, 0.12558097376051477, 0.11171774902843042]",,,,,
sub-04,VMV3,V6A,train,sub-10,linear_predictivity,115,45,0.04233065161908744,,"[3162.277660168379, 1000.0, 1000.0, 3162.277660168379, 3162.277660168379]",0.08220777774141128,0.9925489853955334,0.9176637175903105,0.9542241774735934
sub-04,VMV3,V6A,test,sub-10,linear_predictivity,115,45,0.10518731069206748,"[0.10618269650807224, 0.10398772598034217, 0.10945393315853895, 0.10726498385170799, 0.09904721396167605]",,,,,
sub-04,VMV3,V7,train,sub-10,linear_predictivity,115,61,0.08324849080088528,,"[1000.0, 1000.0, 1000.0, 1000.0, 1000.0]",0.1319080225114407,0.9703006071848707,0.8678622182686191,0.9130707734492477
sub-04,VMV3,V7,test,sub-10,linear_predictivity,115,61,0.15508767557012973,"[0.1602731615514411, 0.1523380939702363, 0.14772042773763538, 0.16193746277966461, 0.15316923181167122]",,,,,
sub-04,VMV3,V8,train,sub-10,linear_predictivity,115,96,0.1051402264656978,,"[1000.0, 1000.0, 1000.0, 1000.0, 1000.0]",0.15339860150271556,0.958983171201224,0.8463619367137387,0.8909311584708937
sub-04,VMV3,V8,test,sub-10,linear_predictivity,115,96,0.21327213345899762,"[0.2207551616812263, 0.21154345824606038, 0.2144714335665716, 0.21522625973557163, 0.20436435406555828]",,,,,
sub-04,VMV3,FFC,train,sub-10,linear_predictivity,115,244,0.057729509497922334,,"[1000.0, 1000.0, 1000.0, 1000.0, 1000.0]",0.10908583253085927,0.9839978992288373,0.8907418336831825,0.939476748896342
sub-04,VMV3,FFC,test,sub-10,linear_predictivity,115,244,0.1617635723470166,"[0.16129397760190772, 0.15839964993269287, 0.16047395309873946, 0.1606630191359882, 0.16798726196575475]",,,,,
sub-04,VMV3,PIT,train,sub-10,linear_predictivity,115,100,0.04712967152596025,,"[1000.0, 1000.0, 1000.0, 1000.0, 1000.0]",0.09957435971972414,0.9893742807720575,0.9002442996138438,0.9499768665729343
sub-04,VMV3,PIT,test,sub-10,linear_predictivity,115,100,0.1046097100475774,"[0.10567164743026312, 0.10693118931979917, 0.10285028001562906, 0.09735798543481673, 0.11023744803737891]",,,,,
sub-04,VMV3,IPS1,train,sub-10,linear_predictivity,115,166,0.0701990241948226,,"[3162.277660168379, 3162.277660168379, 3162.277660168379, 3162.277660168379, 3162.277660168379]",0.09887967114164428,0.9776092665324325,0.900851511072424,0.9254799585010834
sub-04,VMV3,IPS1,test,sub-10,linear_predictivity,115,166,0.1922166607510734,"[0.19506215092704063, 0.1927720789136392, 0.19186257289587175, 0.19300188792044007, 0.1883846130983754]",,,,,
sub-04,VMV3,MST,train,sub-10,linear_predictivity,115,135,0.05264952701836495,,"[1000.0, 1000.0, 1000.0, 1000.0, 1000.0]",0.10519420584559706,0.9862127385726911,0.8945906164821544,0.9441276134209001
sub-04,VMV3,MST,test,sub-10,linear_predictivity,115,135,0.12097065992380229,"[0.11437996879018042, 0.12548826202732696, 0.11258945524748273, 0.13062902017874434, 0.12176659337527695]",,,,,
sub-04,VMV3,MT,train,sub-10,linear_predictivity,115,86,0.06243187548316911,,"[1000.0, 1000.0, 1000.0, 1000.0, 1000.0]",0.11256828930827525,0.9814090534332311,0.8872679213045691,0.9349379416909146
sub-04,VMV3,MT,test,sub-10,linear_predictivity,115,86,0.1438705155681697,"[0.1430857618102549, 0.14674847507707367, 0.13656449266113946, 0.14610207601194908, 0.14685177228043148]",,,,,
sub-04,VMV3,FST,train,sub-10,linear_predictivity,115,167,0.09718615374949277,,"[316.2277660168379, 316.2277660168379, 1000.0, 316.2277660168379, 316.2277660168379]",0.17793197510614753,0.9563487113189456,0.8215866946983027,0.8963150164215005
sub-04,VMV3,FST,test,sub-10,linear_predictivity,115,167,0.22410848917534074,"[0.23255886231914127, 0.22982783320893713, 0.20368725602989457, 0.2273641337070928, 0.22710436061163777]",,,,,
sub-04,VMV3,LO1,train,sub-10,linear_predictivity,115,78,0.0806682284787919,,"[1000.0, 1000.0, 1000.0, 1000.0, 1000.0]",0.12718601370345795,0.9726719922128562,0.8726490215383487,0.916658562815095
sub-04,VMV3,LO1,test,sub-10,linear_predictivity,115,78,0.155553894978775,"[0.1586709898418098, 0.15455530178033405, 0.1482765544466651, 0.16044304570400875, 0.15582358312105726]",,,,,
sub-04,VMV3,LO2,train,sub-10,linear_predictivity,115,80,0.06067431551116584,,"[1000.0, 1000.0, 1000.0, 1000.0, 1000.0]",0.11221652803122348,0.9816033249658613,0.8876185138799075,0.9368095859038134
sub-04,VMV3,LO2,test,sub-10,linear_predictivity,115,80,0.12520586462172897,"[0.12584946452427587, 0.12324022878335365, 0.12270786265942069, 0.12209497036627344, 0.13213679677532122]",,,,,
sub-04,VMV3,LO3,train,sub-10,linear_predictivity,115,113,0.07692058289407351,,"[1000.0, 1000.0, 1000.0, 1000.0, 1000.0]",0.12613663022148364,0.9719202400883455,0.8736288427426804,0.9192985747756092
sub-04,VMV3,LO3,test,sub-10,linear_predictivity,115,113,0.16637472723529223,"[0.17026574255425922, 0.16182246466438102, 0.1621351946126551, 0.16697097589273438, 0.1706792584524315]",,,,,
sub-04,VMV3,V7,train,sub-10,linear_predictivity,115,61,0.08324849080088528,,"[1000.0, 1000.0, 1000.0, 1000.0, 1000.0]",0.1319080225114407,0.9703006071848707,0.8678622182686191,0.9130707734492477
sub-04,VMV3,V7,test,sub-10,linear_predictivity,115,61,0.15508767557012973,"[0.1602731615514411, 0.1523380939702363, 0.14772042773763538, 0.16193746277966461, 0.15316923181167122]",,,,,
sub-04,VMV3,IP0,train,sub-10,linear_predictivity,115,103,0.07955767281266919,,"[1000.0, 1000.0, 1000.0, 1000.0, 1000.0]",0.12990152088062773,0.9717292538074723,0.8698348420061949,0.9157858749717859
sub-04,VMV3,IP0,test,sub-10,linear_predictivity,115,103,0.18706880465090742,"[0.19356045146057663, 0.18111911081304152, 0.18602604555951957, 0.18846545034253895, 0.18617296507886036]",,,,,
sub-04,VMV3,IP1,train,sub-10,linear_predictivity,115,33,0.02514992528038105,,"[10000.0, 10000.0, 10000.0, 10000.0, 3162.277660168379]",0.044824547787617686,1.0047824929480547,0.9549755885298635,0.9715253128841244
sub-04,VMV3,IP1,test,sub-10,linear_predictivity,115,33,0.08367517707661135,"[0.08620465679600306, 0.08611730399234807, 0.0807328447266545, 0.07452312083815471, 0.09079795902989636]",,,,,
sub-04,VMV3,MIP,train,sub-10,linear_predictivity,115,178,0.03592758052579279,,"[3162.277660168379, 3162.277660168379, 3162.277660168379, 3162.277660168379, 1000.0]",0.07267904313033324,0.9972648922713718,0.9269725582310786,0.9580932125759555
sub-04,VMV3,MIP,test,sub-10,linear_predictivity,115,178,0.09444127157085351,"[0.09520958885546926, 0.09059839419587658, 0.09558897545218857, 0.09203243510044092, 0.09877696425029227]",,,,,
sub-04,VMV3,VIP,train,sub-10,linear_predictivity,115,100,0.0624911907101578,,"[1000.0, 1000.0, 1000.0, 1000.0, 3162.277660168379]",0.1069647658097908,0.9838631442180794,0.8927137809486994,0.9335358828345139
sub-04,VMV3,VIP,test,sub-10,linear_predictivity,115,100,0.14927048140392046,"[0.15897172911309845, 0.14702354598163242, 0.15501512998221448, 0.15089696391971316, 0.1344450380229437]",,,,,
sub-04,VMV3,LIPd,train,sub-10,linear_predictivity,115,31,0.014537245376482287,,"[3162.277660168379, 3162.277660168379, 3162.277660168379, 3162.277660168379, 3162.277660168379]",0.04392325637854883,1.0113888670177715,0.9559038082034442,0.9824476882460834
sub-04,VMV3,LIPd,test,sub-10,linear_predictivity,115,31,0.036080524567048564,"[0.039195082579347514, 0.03665646330421227, 0.02938165386297898, 0.034839004392908504, 0.04033041869579554]",,,,,
sub-04,VMV3,LIPv,train,sub-10,linear_predictivity,115,75,0.03136065383000849,,"[3162.277660168379, 3162.277660168379, 3162.277660168379, 3162.277660168379, 3162.277660168379]",0.059688231103723045,1.002465711551444,0.9400901864673035,0.9649983818499056
sub-04,VMV3,LIPv,test,sub-10,linear_predictivity,115,75,0.0991276506829399,"[0.09953173552538898, 0.098089798997835, 0.09846123998315559, 0.09847210796914062, 0.10108337093917928]",,,,,
sub-04,VMV3,AIP,train,sub-10,linear_predictivity,115,409,0.018091726290103204,,"[3162.277660168379, 3162.277660168379, 3162.277660168379, 3162.277660168379, 3162.277660168379]",0.05571576870364266,1.004365031001345,0.9438778952649098,0.9749318827677012
sub-04,VMV3,AIP,test,sub-10,linear_predictivity,115,409,0.07588692613847696,"[0.0743273803316404, 0.08165658390930358, 0.07527576649407342, 0.07280234662603433, 0.07537255333133311]",,,,,
sub-04,VMV3,7Pm,train,sub-10,linear_predictivity,115,21,0.031674788622447804,,"[3162.277660168379, 3162.277660168379, 3162.277660168379, 3162.277660168379, 3162.277660168379]",0.06019583133726062,1.0030996365878837,0.93959059335048,0.9647246164526226
sub-04,VMV3,7Pm,test,sub-10,linear_predictivity,115,21,0.05812108149306026,"[0.05889268355170056, 0.058113422009851576, 0.05641598357036457, 0.06016316262017989, 0.057020155713204686]",,,,,
sub-04,VMV3,7PL,train,sub-10,linear_predictivity,115,106,0.07680305384031455,,"[1000.0, 1000.0, 1000.0, 1000.0, 1000.0]",0.12854485966045315,0.9754419044327116,0.871250945181842,0.9196674150434759
sub-04,VMV3,7PL,test,sub-10,linear_predictivity,115,106,0.17721284555025096,"[0.18714965317707002, 0.16955341110950461, 0.18013994950908896, 0.17922615858220897, 0.16999505537338233]",,,,,
sub-04,VMV3,7PC,train,sub-10,linear_predictivity,115,224,0.02780914479719509,,"[1000.0, 1000.0, 3162.277660168379, 3162.277660168379, 1000.0]",0.07882278018874393,0.9980422966187215,0.9206531495199451,0.9653022136818749
sub-04,VMV3,7PC,test,sub-10,linear_predictivity,115,224,0.0919144023442168,"[0.0991689334054852, 0.1023347532616525, 0.07822198629452222, 0.07938112225710572, 0.10046521650231835]",,,,,
sub-04,VMV3,7Am,train,sub-10,linear_predictivity,115,186,0.032885636560120876,,"[1000.0, 1000.0, 1000.0, 1000.0, 1000.0]",0.08857652924314455,0.998206614193833,0.9110824225236674,0.9613774099244413
sub-04,VMV3,7Am,test,sub-10,linear_predictivity,115,186,0.09096227555099645,"[0.095836828272222, 0.0980084104893108, 0.08026503292330348, 0.09411168201274363, 0.0865894240574024]",,,,,
sub-04,VMV3,7AL,train,sub-10,linear_predictivity,115,158,0.01898144319615571,,"[1000.0, 1000.0, 3162.277660168379, 1000.0, 3162.277660168379]",0.06716735650152776,1.0046602808398077,0.9324037036566348,0.9749387553442412
sub-04,VMV3,7AL,test,sub-10,linear_predictivity,115,158,0.05699811853379986,"[0.06525747219215276, 0.07183389875151379, 0.03642426846047382, 0.07137897288797647, 0.04009598037688243]",,,,,
sub-04,VMV3,VVC,train,sub-10,linear_predictivity,115,196,0.08098529015435345,,"[1000.0, 1000.0, 1000.0, 1000.0, 1000.0]",0.1331727072115255,0.9700266262345341,0.8665438603946531,0.9142409597704422
sub-04,VMV3,VVC,test,sub-10,linear_predictivity,115,196,0.19513519377367666,"[0.20131272805394737, 0.19737847033989964, 0.19196634665899381, 0.19142359195591185, 0.1935948318596306]",,,,,
sub-04,VMV3,VMV2,train,sub-10,linear_predictivity,115,94,0.1067691362328917,,"[1000.0, 1000.0, 1000.0, 316.2277660168379, 316.2277660168379]",0.17083493250756984,0.9566773212804105,0.8288329037151583,0.8888638828022056
sub-04,VMV3,VMV2,test,sub-10,linear_predictivity,115,94,0.25619871604836075,"[0.25266730347527466, 0.24408531824828336, 0.2529686105637157, 0.2657678110013426, 0.2655045369531875]",,,,,
sub-04,VMV3,VMV3,train,sub-10,linear_predictivity,115,98,0.1423353492971533,,"[1000.0, 1000.0, 1000.0, 1000.0, 1000.0]",0.19256976395162462,0.9360432630067235,0.8071248467956178,0.8522400855067451
sub-04,VMV3,VMV3,test,sub-10,linear_predictivity,115,98,0.26206815648599857,"[0.27224510547933517, 0.26149995112559754, 0.26099552343851523, 0.2579935973747672, 0.25760660501177773]",,,,,
sub-04,VMV3,VMV1,train,sub-10,linear_predictivity,115,42,0.05063175630608907,,"[1000.0, 1000.0, 1000.0, 1000.0, 1000.0]",0.10634395030284349,0.987134905498823,0.89333073207983,0.9438122397202676
sub-04,VMV3,VMV1,test,sub-10,linear_predictivity,115,42,0.1444360157073713,"[0.14849881789126915, 0.14437152930591143, 0.1440811811559269, 0.14504067346941793, 0.1401878767143311]",,,,,
sub-04,VMV3,PHA2,train,sub-10,linear_predictivity,115,21,0.06314617456194548,,"[1000.0, 1000.0, 1000.0, 1000.0, 1000.0]",0.11814299563589437,0.9792609305135714,0.8815757484855233,0.931718466695721
sub-04,VMV3,PHA2,test,sub-10,linear_predictivity,115,21,0.18415104617933892,"[0.1817306032520225, 0.18355331175698528, 0.18844221250627544, 0.1866504734590663, 0.18037862992234507]",,,,,
sub-04,VMV3,PHA3,train,sub-10,linear_predictivity,115,104,0.09229054062808502,,"[1000.0, 1000.0, 1000.0, 1000.0, 1000.0]",0.14421177734050122,0.9655134529807363,0.8554884535970722,0.9029190348838899
sub-04,VMV3,PHA3,test,sub-10,linear_predictivity,115,104,0.2393391059378407,"[0.24624101179470145, 0.23544699908735658, 0.24120942457848762, 0.23584873703064926, 0.2379493571980086]",,,,,
sub-04,VMV3,PH,train,sub-10,linear_predictivity,115,261,0.0735365940409451,,"[1000.0, 1000.0, 1000.0, 1000.0, 1000.0]",0.12479052896557877,0.974041619511872,0.8750114141296127,0.9230536784751926
sub-04,VMV3,PH,test,sub-10,linear_predictivity,115,261,0.17679954806107062,"[0.17952277311326864, 0.17886632462040375, 0.17434582766557916, 0.17141462303477595, 0.1798481918713256]",,,,,
sub-04,VMV1,V1,train,sub-10,linear_predictivity,53,553,0.0038500524919706396,,"[3162.277660168379, 3162.277660168379, 3162.277660168379, 3162.277660168379, 3162.277660168379]",0.027779467616922376,1.0084099102844544,0.9719964582430893,0.9923813224560908
sub-04,VMV1,V1,test,sub-10,linear_predictivity,53,553,0.00031152902172628473,"[0.0003182471916228729, 0.00038169588825068984, -0.0006565176374308387, 0.001940524769250095, -0.0004263051030613954]",,,,,
sub-04,VMV1,V2,train,sub-10,linear_predictivity,53,516,0.0032142825104565895,,"[3162.277660168379, 3162.277660168379, 3162.277660168379, 3162.277660168379, 3162.277660168379]",0.027713421444554076,1.0074769128453045,0.9720504421706602,0.9928399976897271
sub-04,VMV1,V2,test,sub-10,linear_predictivity,53,516,-0.007384461666288214,"[-0.0053003149187516654, -0.006275875548895096, -0.008252451626202651, -0.006327647413325717, -0.010766018824265935]",,,,,
sub-04,VMV1,V3,train,sub-10,linear_predictivity,53,400,0.005069274697237266,,"[3162.277660168379, 3162.277660168379, 3162.277660168379, 3162.277660168379, 3162.277660168379]",0.027869709725826957,1.0076223005365719,0.9719323780347127,0.9917005083963677
sub-04,VMV1,V3,test,sub-10,linear_predictivity,53,400,-0.012443809296072767,"[-0.013847353954398824, -0.011805198069410392, -0.012879149902649704, -0.009975135368005006, -0.013712209185899913]",,,,,
sub-04,VMV1,V4,train,sub-10,linear_predictivity,53,574,0.024032303539433034,,"[1000.0, 1000.0, 1000.0, 1000.0, 1000.0]",0.06199723866072199,0.998034739750047,0.9378140759234318,0.9728842826920193
sub-04,VMV1,V4,test,sub-10,linear_predictivity,53,574,0.03445146154622021,"[0.0376580366887811, 0.03345985029714564, 0.030881733657151335, 0.03896755363624062, 0.031290133451782325]",,,,,
sub-04,VMV1,V3A,train,sub-10,linear_predictivity,53,85,0.01718408234738917,,"[1000.0, 3162.277660168379, 1000.0, 1000.0, 1000.0]",0.05219850790035666,1.0021998298240382,0.9476434169001461,0.9798747733361826
sub-04,VMV1,V3A,test,sub-10,linear_predictivity,53,85,0.04557930426001751,"[0.05040448210513191, 0.0315251501249174, 0.037024640231848815, 0.06120030974170508, 0.04774193909648433]",,,,,
sub-04,VMV1,V3B,train,sub-10,linear_predictivity,53,99,0.03169874501715715,,"[1000.0, 1000.0, 1000.0, 1000.0, 1000.0]",0.06906222354434248,0.9944685717779216,0.9307391535881739,0.9650201331076695
sub-04,VMV1,V3B,test,sub-10,linear_predictivity,53,99,0.0909851279092075,"[0.10268587719160346, 0.08848054290275001, 0.08081293767413339, 0.09402422592286429, 0.08892205585468634]",,,,,
sub-04,VMV1,V6,train,sub-10,linear_predictivity,53,11,0.04988612321923232,,"[1000.0, 3162.277660168379, 1000.0, 3162.277660168379, 1000.0]",0.08300546132382039,0.9824218065909166,0.9167752338971574,0.9467956823557941
sub-04,VMV1,V6,test,sub-10,linear_predictivity,53,11,0.1141367519083903,"[0.12006498477004532, 0.10510887751724657, 0.11437766249590163, 0.11630007714826342, 0.11483215761049462]",,,,,
sub-04,VMV1,V6A,train,sub-10,linear_predictivity,53,45,0.010716273144882198,,"[1000.0, 3162.277660168379, 1000.0, 3162.277660168379, 3162.277660168379]",0.04024720556602572,1.0049109269045777,0.9595755638035612,0.9863132932990659
sub-04,VMV1,V6A,test,sub-10,linear_predictivity,53,45,0.05048919278283134,"[0.06869130933834679, 0.04085255929400426, 0.0574972698851586, 0.045497189488258975, 0.03990763590838804]",,,,,
sub-04,VMV1,V7,train,sub-10,linear_predictivity,53,61,0.02330093043987927,,"[1000.0, 1000.0, 1000.0, 1000.0, 1000.0]",0.06238029469163814,0.9981801351210855,0.9374124769224341,0.9734410525406034
sub-04,VMV1,V7,test,sub-10,linear_predictivity,53,61,0.06806425443692318,"[0.06757718464036493, 0.07292204766331871, 0.06277811790284187, 0.06800038362097409, 0.0690435383571163]",,,,,
sub-04,VMV1,V8,train,sub-10,linear_predictivity,53,96,0.05401313170800095,,"[316.2277660168379, 1000.0, 1000.0, 1000.0, 1000.0]",0.09729977697763745,0.9812206839267918,0.902425635406197,0.9419941565264169
sub-04,VMV1,V8,test,sub-10,linear_predictivity,53,96,0.10141336514634092,"[0.14037578026227773, 0.0950374676276421, 0.0922560022121524, 0.09780803906227331, 0.08158953656735897]",,,,,
sub-04,VMV1,FFC,train,sub-10,linear_predictivity,53,244,0.03925527919053592,,"[1000.0, 1000.0, 1000.0, 1000.0, 1000.0]",0.07478801611790527,0.9906739240501754,0.9250604211428468,0.958182236111214
sub-04,VMV1,FFC,test,sub-10,linear_predictivity,53,244,0.0735866551594378,"[0.07548231975537881, 0.07224327230990037, 0.07112925885253034, 0.07450370566639813, 0.07457471921298132]",,,,,
sub-04,VMV1,PIT,train,sub-10,linear_predictivity,53,100,0.018958398957077717,,"[1000.0, 1000.0, 3162.277660168379, 1000.0, 1000.0]",0.05210972335786117,1.0016404597128232,0.9476885540483704,0.9784708392825682
sub-04,VMV1,PIT,test,sub-10,linear_predictivity,53,100,0.03348188603714687,"[0.0341777349431154, 0.03549397793719192, 0.031269305724254126, 0.032430471113034515, 0.034037940468138406]",,,,,
sub-04,VMV1,IPS1,train,sub-10,linear_predictivity,53,166,0.03248414734355655,,"[1000.0, 1000.0, 1000.0, 1000.0, 1000.0]",0.0738788453527999,0.9917535445294232,0.925865571281187,0.9633202204662021
sub-04,VMV1,IPS1,test,sub-10,linear_predictivity,53,166,0.1017671804911191,"[0.10270555412977897, 0.10476342878385725, 0.0975322073993314, 0.10188501227933291, 0.10194969986329493]",,,,,
sub-04,VMV1,MST,train,sub-10,linear_predictivity,53,135,0.024871542086744372,,"[1000.0, 1000.0, 1000.0, 1000.0, 1000.0]",0.06383452880610828,0.997164179697862,0.9359948637754101,0.9725243381341622
sub-04,VMV1,MST,test,sub-10,linear_predictivity,53,135,0.05081365906143791,"[0.05347816055260486, 0.046551433761840816, 0.042001680854014935, 0.06175689770255604, 0.050280122436172865]",,,,,
sub-04,VMV1,MT,train,sub-10,linear_predictivity,53,86,0.04605539737625778,,"[1000.0, 1000.0, 1000.0, 1000.0, 1000.0]",0.08290662359231153,0.9866653861599854,0.9169005787490146,0.9510230801250336
sub-04,VMV1,MT,test,sub-10,linear_predictivity,53,86,0.08458080004643001,"[0.08969291628467146, 0.08109348070276924, 0.08009835169747818, 0.0894338667057145, 0.08258538484151665]",,,,,
sub-04,VMV1,FST,train,sub-10,linear_predictivity,53,167,0.048194682974590154,,"[1000.0, 1000.0, 1000.0, 1000.0, 1000.0]",0.08803293914965908,0.9843842913491407,0.9117197628730086,0.9479619137592682
sub-04,VMV1,FST,test,sub-10,linear_predictivity,53,167,0.08300416530203983,"[0.08205843510752697, 0.08215769376245294, 0.07919496581996298, 0.08547462413009232, 0.08613510769016394]",,,,,
sub-04,VMV1,LO1,train,sub-10,linear_predictivity,53,78,0.040460337214297586,,"[1000.0, 1000.0, 1000.0, 1000.0, 1000.0]",0.07595995608069037,0.9897098350124086,0.9238698139851902,0.956867995082679
sub-04,VMV1,LO1,test,sub-10,linear_predictivity,53,78,0.07289007476827539,"[0.0798016425959385, 0.0734622554641996, 0.05660669869232649, 0.08005863455570521, 0.07452114253320713]",,,,,
sub-04,VMV1,LO2,train,sub-10,linear_predictivity,53,80,0.02355001492136747,,"[1000.0, 1000.0, 1000.0, 1000.0, 1000.0]",0.059089348584218035,1.0003263188148195,0.9407646542661142,0.9740527374564885
sub-04,VMV1,LO2,test,sub-10,linear_predictivity,53,80,0.05442953849822826,"[0.05599515491543046, 0.05119220286809425, 0.05494670808388659, 0.057767478088676126, 0.05224614853505386]",,,,,
sub-04,VMV1,LO3,train,sub-10,linear_predictivity,53,113,0.06765721935940658,,"[316.2277660168379, 316.2277660168379, 1000.0, 316.2277660168379, 316.2277660168379]",0.12156284766204087,0.974670759055097,0.8780824924929492,0.9283688072503784
sub-04,VMV1,LO3,test,sub-10,linear_predictivity,53,113,0.125130674111751,"[0.13783130058527926, 0.12623781491070507, 0.09813001554149381, 0.13002927554505048, 0.1334249639762263]",,,,,
sub-04,VMV1,V7,train,sub-10,linear_predictivity,53,61,0.02330093043987927,,"[1000.0, 1000.0, 1000.0, 1000.0, 1000.0]",0.06238029469163814,0.9981801351210855,0.9374124769224341,0.9734410525406034
sub-04,VMV1,V7,test,sub-10,linear_predictivity,53,61,0.06806425443692318,"[0.06757718464036493, 0.07292204766331871, 0.06277811790284187, 0.06800038362097409, 0.0690435383571163]",,,,,
sub-04,VMV1,IP0,train,sub-10,linear_predictivity,53,103,0.04994308622702237,,"[1000.0, 1000.0, 1000.0, 1000.0, 1000.0]",0.08907649069740628,0.9839695192883953,0.9106997026313536,0.9461585279814386
sub-04,VMV1,IP0,test,sub-10,linear_predictivity,53,103,0.1137188146730977,"[0.11685720843012837, 0.11114839425262074, 0.10616439946901728, 0.11878977680527243, 0.11563429440844973]",,,,,
sub-04,VMV1,IP1,train,sub-10,linear_predictivity,53,33,0.00560957636438537,,"[1000.0, 1000.0, 1000.0, 1000.0, 1000.0]",0.048881807959714654,1.0069418369267809,0.9509185003532536,0.9911182334216629
sub-04,VMV1,IP1,test,sub-10,linear_predictivity,53,33,0.029124890057939966,"[0.028951272052565674, 0.019801975826698712, 0.023751935909679354, 0.03611528815577557, 0.03700397834498052]",,,,,
sub-04,VMV1,MIP,train,sub-10,linear_predictivity,53,178,0.013395915097597104,,"[1000.0, 1000.0, 1000.0, 1000.0, 1000.0]",0.05947730024116839,0.999442396985145,0.9401817213234921,0.980632645479824
sub-04,VMV1,MIP,test,sub-10,linear_predictivity,53,178,0.05045071568942074,"[0.054265113273719044, 0.050880985131083516, 0.04934659582686666, 0.053557780699910754, 0.044203103515523784]",,,,,
sub-04,VMV1,VIP,train,sub-10,linear_predictivity,53,100,0.02680408935225908,,"[1000.0, 1000.0, 1000.0, 1000.0, 1000.0]",0.0660587533867452,0.996667994033964,0.9336955730222618,0.96925250481789
sub-04,VMV1,VIP,test,sub-10,linear_predictivity,53,100,0.08918878552016467,"[0.0935307062969138, 0.09391607515466992, 0.0897634432320102, 0.08529303821872278, 0.08344066469850661]",,,,,
sub-04,VMV1,LIPd,train,sub-10,linear_predictivity,53,31,0.002389881520900303,,"[1000.0, 1000.0, 3162.277660168379, 1000.0, 3162.277660168379]",0.039054076233714576,1.0092884642588078,0.9607646312442035,0.9943584322872198
sub-04,VMV1,LIPd,test,sub-10,linear_predictivity,53,31,0.01872057096641581,"[0.01856772216034534, 0.013177189417234962, 0.019266973525339855, 0.025308484536444853, 0.01728248519271405]",,,,,
sub-04,VMV1,LIPv,train,sub-10,linear_predictivity,53,75,0.01311888207506258,,"[1000.0, 1000.0, 1000.0, 1000.0, 1000.0]",0.05476296431375227,1.004492189845528,0.9450430706798741,0.9834982255587013
sub-04,VMV1,LIPv,test,sub-10,linear_predictivity,53,75,0.050329271204623605,"[0.048314633168430425, 0.04873491230589119, 0.054595555587866836, 0.05133670400932804, 0.04866455095160154]",,,,,
sub-04,VMV1,AIP,train,sub-10,linear_predictivity,53,409,0.0022381581800324964,,"[1000.0, 1000.0, 3162.277660168379, 1000.0, 1000.0]",0.046320443102320974,1.00624246411811,0.9533319717131341,0.9913300639949941
sub-04,VMV1,AIP,test,sub-10,linear_predictivity,53,409,0.048899656314231,"[0.040498778817303446, 0.05505374510065597, 0.038634073330317105, 0.05083513594959174, 0.05947654837328673]",,,,,
sub-04,VMV1,7Pm,train,sub-10,linear_predictivity,53,21,0.01279040622239422,,"[1000.0, 3162.277660168379, 1000.0, 3162.277660168379, 1000.0]",0.04505907397569463,1.0034147384073822,0.9547245703982391,0.9835980840246883
sub-04,VMV1,7Pm,test,sub-10,linear_predictivity,53,21,0.03324255877665137,"[0.03950280549325687, 0.02816294004070892, 0.03862645040358185, 0.03013989032781641, 0.029780707617892786]",,,,,
sub-04,VMV1,7PL,train,sub-10,linear_predictivity,53,106,0.04503549465493246,,"[1000.0, 1000.0, 1000.0, 1000.0, 1000.0]",0.08457567934530125,0.9843937019539704,0.9151962739113001,0.951342316899467
sub-04,VMV1,7PL,test,sub-10,linear_predictivity,53,106,0.12616650580343136,"[0.13497163165797768, 0.12616254523973702, 0.12996337974777594, 0.12375393478952235, 0.11598103758214388]",,,,,
sub-04,VMV1,7PC,train,sub-10,linear_predictivity,53,224,0.004164522561773601,,"[1000.0, 1000.0, 3162.277660168379, 3162.277660168379, 1000.0]",0.04334660490883547,1.0054541470272198,0.9562163246417015,0.9900004402109646
sub-04,VMV1,7PC,test,sub-10,linear_predictivity,53,224,0.04498447565924686,"[0.046546456956420415, 0.055075658549785925, 0.03663200485600689, 0.033257276372502705, 0.05341098156151836]",,,,,
sub-04,VMV1,7Am,train,sub-10,linear_predictivity,53,186,0.0076946836928826435,,"[1000.0, 1000.0, 3162.277660168379, 3162.277660168379, 3162.277660168379]",0.04230473767407046,1.0024559182062702,0.9572801295724801,0.986845650332565
sub-04,VMV1,7Am,test,sub-10,linear_predictivity,53,186,0.047100041633622795,"[0.05824581885858051, 0.06245515638883161, 0.03848942231655518, 0.038843161608566226, 0.03746664899558048]",,,,,
sub-04,VMV1,7AL,train,sub-10,linear_predictivity,53,158,-0.00598075388817013,,"[3162.277660168379, 3162.277660168379, 3162.277660168379, 3162.277660168379, 10000.0]",0.019212769589937347,1.0132621569262124,0.9804250775811216,1.0001448978064083
sub-04,VMV1,7AL,test,sub-10,linear_predictivity,53,158,0.007074153563854107,"[0.004818835263452942, 0.01107500198697711, 0.00586179820006388, 0.010439125527142957, 0.003176006841633647]",,,,,
sub-04,VMV1,VVC,train,sub-10,linear_predictivity,53,196,0.03612752572454468,,"[316.2277660168379, 1000.0, 1000.0, 1000.0, 1000.0]",0.0830724472884417,0.9883619744425982,0.9165891149618492,0.9591114450257029
sub-04,VMV1,VVC,test,sub-10,linear_predictivity,53,196,0.09804592633230227,"[0.1165526526892304, 0.09615863937503696, 0.08912097478171867, 0.09439548639955704, 0.09400187841596837]",,,,,
sub-04,VMV1,VMV2,train,sub-10,linear_predictivity,53,94,0.10669569590923814,,"[1000.0, 1000.0, 1000.0, 1000.0, 1000.0]",0.14172684878967928,0.9550377414536392,0.8580300535706533,0.8891915208954362
sub-04,VMV1,VMV2,test,sub-10,linear_predictivity,53,94,0.22717527699632817,"[0.23414353740677163, 0.22684022211427932, 0.21912880896684378, 0.22980464582835047, 0.22595917066539556]",,,,,
sub-04,VMV1,VMV3,train,sub-10,linear_predictivity,53,98,0.06635975342871474,,"[316.2277660168379, 1000.0, 1000.0, 1000.0, 1000.0]",0.11224485418501624,0.9738016626226296,0.8873409972336805,0.9281079151936187
sub-04,VMV1,VMV3,test,sub-10,linear_predictivity,53,98,0.12759217028301667,"[0.17389200050764478, 0.12440856225030565, 0.10914292263877025, 0.11566585654203111, 0.11485150947633165]",,,,,
sub-04,VMV1,VMV1,train,sub-10,linear_predictivity,53,42,0.06905262036184738,,"[1000.0, 1000.0, 1000.0, 1000.0, 1000.0]",0.10571781286044928,0.9734385255101474,0.8939459118575284,0.9253337602084455
sub-04,VMV1,VMV1,test,sub-10,linear_predictivity,53,42,0.15962054781028515,"[0.1627084285329048, 0.16625058836543583, 0.15569548182511625, 0.15766648717997628, 0.15578175314799264]",,,,,
sub-04,VMV1,PHA2,train,sub-10,linear_predictivity,53,21,0.07313552806463151,,"[1000.0, 1000.0, 1000.0, 1000.0, 1000.0]",0.11365439424351712,0.9706705718730045,0.8860522031458353,0.9219193707247545
sub-04,VMV1,PHA2,test,sub-10,linear_predictivity,53,21,0.20227694960596673,"[0.19992604924581553, 0.20958593588151864, 0.2048509142029887, 0.201081577834536, 0.19594027086497498]",,,,,
sub-04,VMV1,PHA3,train,sub-10,linear_predictivity,53,104,0.07787681438862057,,"[1000.0, 1000.0, 1000.0, 1000.0, 1000.0]",0.11573852655652606,0.9688974841462519,0.8839989882019262,0.9181621966539689
sub-04,VMV1,PHA3,test,sub-10,linear_predictivity,53,104,0.1997323521594952,"[0.20169628989347047, 0.19815093723850838, 0.19857967433081958, 0.20079252476914683, 0.1994423345655307]",,,,,
sub-04,VMV1,PH,train,sub-10,linear_predictivity,53,261,0.03269016556996068,,"[1000.0, 1000.0, 1000.0, 1000.0, 1000.0]",0.07159161585047921,0.9935574926531163,0.9282301222524474,0.9642826596876171
sub-04,VMV1,PH,test,sub-10,linear_predictivity,53,261,0.06684026636985324,"[0.06499047680444796, 0.06552429066354329, 0.061490128193430305, 0.07158416505779253, 0.07061227113005215]",,,,,
sub-04,PHA2,V1,train,sub-10,linear_predictivity,11,553,-0.0036551624748043057,,"[1000.0, 3162.277660168379, 1000.0, 3162.277660168379, 3162.277660168379]",0.0090660106292016,1.0029917802578168,0.9907158075198217,0.9998995784890067
sub-04,PHA2,V1,test,sub-10,linear_predictivity,11,553,-0.020070137552239763,"[-0.017172423476324743, -0.020411220236245715, -0.02155462470443589, -0.021154525247373695, -0.020057894096818775]",,,,,
sub-04,PHA2,V2,train,sub-10,linear_predictivity,11,516,-0.004602882503762524,,"[3162.277660168379, 3162.277660168379, 1000.0, 3162.277660168379, 3162.277660168379]",0.007304505365717542,1.0036607444047212,0.9924642975157859,1.0006966597695885
sub-04,PHA2,V2,test,sub-10,linear_predictivity,11,516,-0.03095646118912664,"[-0.02910760850510691, -0.028336228130408606, -0.03168775403460508, -0.03182528350977953, -0.03382543176573307]",,,,,
sub-04,PHA2,V3,train,sub-10,linear_predictivity,11,400,-0.0015470988531777277,,"[1000.0, 1000.0, 1000.0, 3162.277660168379, 3162.277660168379]",0.010856240885205768,1.0027420444024022,0.9889476051793329,0.9982655314729744
sub-04,PHA2,V3,test,sub-10,linear_predictivity,11,400,-0.03157571688174076,"[-0.03072595039396859, -0.029463328212464203, -0.03047935585307361, -0.032248460587398955, -0.034961489361798444]",,,,,
sub-04,PHA2,V4,train,sub-10,linear_predictivity,11,574,0.003670864361262046,,"[1000.0, 1000.0, 1000.0, 1000.0, 1000.0]",0.016901061563393806,1.000826964775285,0.982910548984775,0.9932616066294436
sub-04,PHA2,V4,test,sub-10,linear_predictivity,11,574,-0.026973933467751433,"[-0.024439404852993653, -0.028240552228083006, -0.025910619956897623, -0.02681111017484256, -0.029467980125940332]",,,,,
sub-04,PHA2,V3A,train,sub-10,linear_predictivity,11,85,0.0026936181335336,,"[1000.0, 1000.0, 1000.0, 1000.0, 1000.0]",0.016426369807212543,1.0012301667487973,0.9834025997260583,0.9943755346858213
sub-04,PHA2,V3A,test,sub-10,linear_predictivity,11,85,0.0007082705362241028,"[0.004021855800252907, -0.0010289039926997244, -0.0006608535149899518, -0.0017843501489720262, 0.0029936045375293092]",,,,,
sub-04,PHA2,V3B,train,sub-10,linear_predictivity,11,99,0.0027212766868048347,,"[1000.0, 1000.0, 1000.0, 1000.0, 1000.0]",0.017222617032036473,1.0008683364747197,0.9825887052065777,0.9942282186654274
sub-04,PHA2,V3B,test,sub-10,linear_predictivity,11,99,-0.005698220659454631,"[-0.0015844062614348922, -0.00991369970562113, -0.004229663150485352, -0.003941949357645335, -0.008821384822086442]",,,,,
sub-04,PHA2,V6,train,sub-10,linear_predictivity,11,11,0.025224915349701966,,"[316.2277660168379, 316.2277660168379, 316.2277660168379, 316.2277660168379, 316.2277660168379]",0.04663779204263689,0.9895151689191689,0.9531657279445792,0.9716154295338703
sub-04,PHA2,V6,test,sub-10,linear_predictivity,11,11,0.06795734233532248,"[0.0656006173983958, 0.06979460568137281, 0.06171351740425474, 0.075363261318461, 0.06731470987412808]",,,,,
sub-04,PHA2,V6A,train,sub-10,linear_predictivity,11,45,-0.0019255148633103834,,"[3162.277660168379, 3162.277660168379, 3162.277660168379, 3162.277660168379, 3162.277660168379]",0.006967744488685365,1.0040368407998148,0.9928480666482156,0.9989074595580257
sub-04,PHA2,V6A,test,sub-10,linear_predictivity,11,45,0.004151578031434717,"[0.00452040956149912, 0.0004466667861762962, 0.005370772358529548, 0.004537551364411267, 0.005882490086557356]",,,,,
sub-04,PHA2,V7,train,sub-10,linear_predictivity,11,61,-0.0014281998217570736,,"[3162.277660168379, 1000.0, 3162.277660168379, 1000.0, 3162.277660168379]",0.010266575720176196,1.002707674313635,0.989558441102445,0.9986595114130278
sub-04,PHA2,V7,test,sub-10,linear_predictivity,11,61,-0.01377526547048879,"[-0.012802159304917739, -0.018224218694179718, -0.011373395406613114, -0.015405389641158885, -0.011071164305574489]",,,,,
sub-04,PHA2,V8,train,sub-10,linear_predictivity,11,96,0.006065854312477745,,"[1000.0, 1000.0, 1000.0, 1000.0, 1000.0]",0.021010240585402122,0.9990535741710914,0.9787525406303974,0.990184910181943
sub-04,PHA2,V8,test,sub-10,linear_predictivity,11,96,-0.018018359007610556,"[-0.012214198395847175, -0.01694640531868309, -0.013921737682342443, -0.022090893087388788, -0.02491856055379127]",,,,,
sub-04,PHA2,FFC,train,sub-10,linear_predictivity,11,244,0.013798000677225026,,"[1000.0, 1000.0, 1000.0, 1000.0, 1000.0]",0.025640959890210487,0.9967786163027265,0.9741983380346608,0.9836212497066562
sub-04,PHA2,FFC,test,sub-10,linear_predictivity,11,244,0.01556904162248469,"[0.019240483780234362, 0.013614299733907232, 0.016256745907838776, 0.015395763459435968, 0.013337915231007113]",,,,,
sub-04,PHA2,PIT,train,sub-10,linear_predictivity,11,100,0.013859462026556406,,"[1000.0, 1000.0, 1000.0, 1000.0, 1000.0]",0.02555580020458318,0.9969499261545511,0.9742783436341034,0.9834545222316722
sub-04,PHA2,PIT,test,sub-10,linear_predictivity,11,100,0.008056309177840774,"[0.01031547701977144, 0.007785315153940059, 0.008848468704236688, 0.007105585413859442, 0.006226699597396247]",,,,,
sub-04,PHA2,IPS1,train,sub-10,linear_predictivity,11,166,-0.004176660356111975,,"[3162.277660168379, 3162.277660168379, 3162.277660168379, 3162.277660168379, 3162.277660168379]",0.0065387715565793396,1.003708764129085,0.9932090811387908,1.0000827372993217
sub-04,PHA2,IPS1,test,sub-10,linear_predictivity,11,166,0.004227791354013707,"[0.004317798315553503, 0.000573429069810198, 0.0046669912591862555, 0.006282930863690213, 0.00529780726182837]",,,,,
sub-04,PHA2,MST,train,sub-10,linear_predictivity,11,135,0.00795367430500315,,"[1000.0, 1000.0, 1000.0, 1000.0, 1000.0]",0.020125993887093498,0.9992376307072848,0.9796987316111135,0.9892427642619482
sub-04,PHA2,MST,test,sub-10,linear_predictivity,11,135,-0.0020082331428547566,"[-0.0011961697465437697, -0.0011951111797595827, -0.0015776385022300574, -0.0007552941290615695, -0.005316952156678805]",,,,,
sub-04,PHA2,MT,train,sub-10,linear_predictivity,11,86,0.006255317674222447,,"[1000.0, 1000.0, 1000.0, 1000.0, 316.2277660168379]",0.02034514008985106,0.9993952521216347,0.9794841704725028,0.9911103215180276
sub-04,PHA2,MT,test,sub-10,linear_predictivity,11,86,-0.019089614668903437,"[-0.013844271771414106, -0.01847761925079311, -0.017831803228409982, -0.018723208810473232, -0.026571170283426763]",,,,,
sub-04,PHA2,FST,train,sub-10,linear_predictivity,11,167,0.013356282141586637,,"[1000.0, 1000.0, 316.2277660168379, 1000.0, 1000.0]",0.029756427453964097,0.995255674821234,0.9700288301353848,0.9824921266448092
sub-04,PHA2,FST,test,sub-10,linear_predictivity,11,167,0.021991938733091788,"[0.021334565804520568, 0.021010345339949197, 0.02820187256903387, 0.018616570351945805, 0.02079633960000948]",,,,,
sub-04,PHA2,LO1,train,sub-10,linear_predictivity,11,78,0.0026706032746565047,,"[1000.0, 1000.0, 1000.0, 3162.277660168379, 1000.0]",0.013724016321113452,1.0020734934639106,0.986102850200553,0.9945354932023445
sub-04,PHA2,LO1,test,sub-10,linear_predictivity,11,78,-0.008023545504754297,"[-0.0017545324318324184, -0.009902220380011468, -0.008669342439754531, -0.012367646501750961, -0.007423985770422111]",,,,,
sub-04,PHA2,LO2,train,sub-10,linear_predictivity,11,80,0.013476588820250912,,"[316.2277660168379, 1000.0, 1000.0, 1000.0, 1000.0]",0.02737420743909901,0.9962991804823311,0.9724517413978528,0.9840171421681134
sub-04,PHA2,LO2,test,sub-10,linear_predictivity,11,80,0.015515170769905343,"[0.02114581245728598, 0.011837053645078624, 0.01568206284943329, 0.01546010223601188, 0.013450822661716943]",,,,,
sub-04,PHA2,LO3,train,sub-10,linear_predictivity,11,113,0.0038123515627087002,,"[1000.0, 1000.0, 1000.0, 1000.0, 1000.0]",0.016707837619148222,1.0010204975798467,0.9830956369931038,0.9928908711466444
sub-04,PHA2,LO3,test,sub-10,linear_predictivity,11,113,-0.012843673237208687,"[-0.006920422995967815, -0.017122773375066052, -0.009784817107363055, -0.017834451707429328, -0.012555901000217182]",,,,,
sub-04,PHA2,V7,train,sub-10,linear_predictivity,11,61,-0.0014281998217570736,,"[3162.277660168379, 1000.0, 3162.277660168379, 1000.0, 3162.277660168379]",0.010266575720176196,1.002707674313635,0.989558441102445,0.9986595114130278
sub-04,PHA2,V7,test,sub-10,linear_predictivity,11,61,-0.01377526547048879,"[-0.012802159304917739, -0.018224218694179718, -0.011373395406613114, -0.015405389641158885, -0.011071164305574489]",,,,,
sub-04,PHA2,IP0,train,sub-10,linear_predictivity,11,103,0.009051657636162874,,"[1000.0, 1000.0, 1000.0, 1000.0, 1000.0]",0.02450333766031034,0.9973894553101156,0.9752874523614607,0.9872741801633941
sub-04,PHA2,IP0,test,sub-10,linear_predictivity,11,103,0.015160480307606883,"[0.019344766488972882, 0.0063217732132984355, 0.016318388167255518, 0.018325874520427353, 0.015491599148080223]",,,,,
sub-04,PHA2,IP1,train,sub-10,linear_predictivity,11,33,-0.0045660219897265125,,"[1000000000.0, 1000000000.0, 1000000000.0, 1000000000.0, 1000000000.0]",1.9183471952369496e-08,1.0068887251056444,0.9998284182224719,1.0017227774141055
sub-04,PHA2,IP1,test,sub-10,linear_predictivity,11,33,-0.004424403598894103,"[-0.004484764564294266, -0.006240548081484712, -0.0044041613405359625, -0.004122413102286782, -0.0028701309058687934]",,,,,
sub-04,PHA2,MIP,train,sub-10,linear_predictivity,11,178,-0.002915719230025608,,"[1000.0, 3162.277660168379, 1000.0, 1000.0, 1000.0]",0.01466829149733695,1.0013763872265122,0.9850568641762371,0.9975148472055274
sub-04,PHA2,MIP,test,sub-10,linear_predictivity,11,178,0.028522980862878317,"[0.03322638502949506, 0.01531627979535798, 0.036983477258996464, 0.030509140980208734, 0.026579621250333328]",,,,,
sub-04,PHA2,VIP,train,sub-10,linear_predictivity,11,100,0.004605205055274383,,"[1000.0, 1000.0, 1000.0, 1000.0, 1000.0]",0.019181691888715317,0.9997462456331748,0.9806034844503184,0.9919494388734744
sub-04,PHA2,VIP,test,sub-10,linear_predictivity,11,100,0.028340929421707996,"[0.03275321066778734, 0.02296775650396966, 0.029456777982095034, 0.02738253983334797, 0.029144362121339962]",,,,,
sub-04,PHA2,LIPd,train,sub-10,linear_predictivity,11,31,-0.004249190166749753,,"[10000.0, 3162.277660168379, 10000.0, 3162.277660168379, 3162.277660168379]",0.004671962754239008,1.0051875729761597,0.9951425087855645,1.00114288144383
sub-04,PHA2,LIPd,test,sub-10,linear_predictivity,11,31,-0.0011153599675663036,"[0.0003928735589457621, -0.004181473720092899, -0.0014621696639528611, -0.0016812071986035976, 0.001355177185872077]",,,,,
sub-04,PHA2,LIPv,train,sub-10,linear_predictivity,11,75,-0.002997566643946495,,"[3162.277660168379, 3162.277660168379, 3162.277660168379, 3162.277660168379, 3162.277660168379]",0.006095047021662957,1.0042770286293092,0.9937231005696731,0.9999503040721592
sub-04,PHA2,LIPv,test,sub-10,linear_predictivity,11,75,0.001852927317593664,"[0.003260557367864759, -0.0010562064371144049, 0.0030668484716549808, 0.0021886498224810663, 0.0018047873630819182]",,,,,
sub-04,PHA2,AIP,train,sub-10,linear_predictivity,11,409,-0.007536726955935808,,"[3162.277660168379, 1000.0, 1000.0, 3162.277660168379, 1000.0]",0.010470195087744407,1.0028429713896663,0.9891701733896913,1.0018340910929981
sub-04,PHA2,AIP,test,sub-10,linear_predictivity,11,409,0.003914871085854742,"[0.0027670326233496982, 0.0028451874041366286, 0.004175639708225193, 0.00249498867376715, 0.007291507019795044]",,,,,
sub-04,PHA2,7Pm,train,sub-10,linear_predictivity,11,21,0.006092397511399701,,"[1000.0, 1000.0, 1000.0, 1000.0, 1000.0]",0.019272465572573165,1.0002489131455612,0.9805182044292025,0.9905436194412071
sub-04,PHA2,7Pm,test,sub-10,linear_predictivity,11,21,0.026676113540969625,"[0.03074984655176864, 0.023527126868648048, 0.02698132268373724, 0.028456502294968596, 0.023665769305725604]",,,,,
sub-04,PHA2,7PL,train,sub-10,linear_predictivity,11,106,0.03428735792032063,,"[316.2277660168379, 316.2277660168379, 316.2277660168379, 316.2277660168379, 316.2277660168379]",0.05314938860777392,0.9865383728687942,0.9466543162790476,0.9624659606138412
sub-04,PHA2,7PL,test,sub-10,linear_predictivity,11,106,0.1036412093186121,"[0.10606342529235223, 0.09854637905935762, 0.10846907013742312, 0.10450017901614542, 0.10062699308778206]",,,,,
sub-04,PHA2,7PC,train,sub-10,linear_predictivity,11,224,-0.003532293195067601,,"[1000.0, 1000.0, 1000.0, 1000.0, 1000.0]",0.015206043549969298,1.0014252846060534,0.9844557538284777,0.9978394381386112
sub-04,PHA2,7PC,test,sub-10,linear_predictivity,11,224,0.015362056602010751,"[0.014265836259162109, 0.01726756048961577, 0.014104867489268836, 0.012387075358526373, 0.018784943413480668]",,,,,
sub-04,PHA2,7Am,train,sub-10,linear_predictivity,11,186,0.009265345530902315,,"[316.2277660168379, 1000.0, 1000.0, 1000.0, 316.2277660168379]",0.029825374022282636,0.9952281742527657,0.9698398178706356,0.9852452160131093
sub-04,PHA2,7Am,test,sub-10,linear_predictivity,11,186,0.03648052321195196,"[0.042430651153321466, 0.03422843058659022, 0.03313425495910359, 0.03406307994839896, 0.038546199412345564]",,,,,
sub-04,PHA2,7AL,train,sub-10,linear_predictivity,11,158,-0.008657032428157404,,"[3162.277660168379, 3162.277660168379, 1000.0, 3162.277660168379, 3162.277660168379]",0.007204282168338379,1.0032241677625,0.9924565602147617,1.0028942484294114
sub-04,PHA2,7AL,test,sub-10,linear_predictivity,11,158,0.004996876682295666,"[0.0015575621435181591, 0.006361826107208569, 0.008748016745404335, 0.00429709725474583, 0.004019881160601436]",,,,,
sub-04,PHA2,VVC,train,sub-10,linear_predictivity,11,196,0.0028483867380832482,,"[1000.0, 1000.0, 1000.0, 1000.0, 1000.0]",0.01883818036442578,0.9998829450243895,0.9809109196361929,0.9930924461809216
sub-04,PHA2,VVC,test,sub-10,linear_predictivity,11,196,0.009695648360304952,"[0.011510902036994732, 0.00842600120116402, 0.00997405514913922, 0.010324727338288132, 0.008242556075938655]",,,,,
sub-04,PHA2,VMV2,train,sub-10,linear_predictivity,11,94,0.06978654336733171,,"[316.2277660168379, 316.2277660168379, 316.2277660168379, 316.2277660168379, 316.2277660168379]",0.08879583102029993,0.9702280985675703,0.9109601067111296,0.9260258338131966
sub-04,PHA2,VMV2,test,sub-10,linear_predictivity,11,94,0.15240489772336072,"[0.15783492183486716, 0.1495700140399692, 0.15063060968292344, 0.15353607432690697, 0.1504528687321368]",,,,,
sub-04,PHA2,VMV3,train,sub-10,linear_predictivity,11,98,0.012866313459803283,,"[1000.0, 1000.0, 1000.0, 1000.0, 1000.0]",0.030371650895828807,0.9944717348161344,0.9693551839931619,0.9826706292865686
sub-04,PHA2,VMV3,test,sub-10,linear_predictivity,11,98,-0.01028387339633335,"[-0.001569254446652832, -0.012022734138390435, -0.009552618907004724, -0.015897345301137285, -0.012377414188481478]",,,,,
sub-04,PHA2,VMV1,train,sub-10,linear_predictivity,11,42,0.03691736610236247,,"[316.2277660168379, 316.2277660168379, 316.2277660168379, 316.2277660168379, 316.2277660168379]",0.05953599084555004,0.9836422550193259,0.9401341668105825,0.9574436333803835
sub-04,PHA2,VMV1,test,sub-10,linear_predictivity,11,42,0.08270500270089251,"[0.08663893132805052, 0.08630377054845557, 0.08430566360286794, 0.08078936841243264, 0.0754872796126559]",,,,,
sub-04,PHA2,PHA2,train,sub-10,linear_predictivity,11,21,0.05527851548340046,,"[316.2277660168379, 316.2277660168379, 316.2277660168379, 316.2277660168379, 316.2277660168379]",0.07767885800425609,0.975135005268822,0.922031498558599,0.9396858994109205
sub-04,PHA2,PHA2,test,sub-10,linear_predictivity,11,21,0.1668203757515829,"[0.1716671619489807, 0.1744768713878584, 0.16398738373523736, 0.16618924182798556, 0.1577812198578525]",,,,,
sub-04,PHA2,PHA3,train,sub-10,linear_predictivity,11,104,0.05710145909293325,,"[316.2277660168379, 316.2277660168379, 316.2277660168379, 316.2277660168379, 316.2277660168379]",0.07582675662950994,0.9759280718939648,0.9239310820825345,0.9388827331478374
sub-04,PHA2,PHA3,test,sub-10,linear_predictivity,11,104,0.15817534453355017,"[0.16178501616047966, 0.15885107812413266, 0.15736566872963953, 0.15828966843618228, 0.15458529121731676]",,,,,
sub-04,PHA2,PH,train,sub-10,linear_predictivity,11,261,0.007979720723140219,,"[1000.0, 1000.0, 1000.0, 1000.0, 1000.0]",0.02174015205982713,0.9987291265984721,0.9780614151442835,0.9887244447096973
sub-04,PHA2,PH,test,sub-10,linear_predictivity,11,261,0.012010340778888785,"[0.014137600202265567, 0.008549221696733092, 0.012377872682629562, 0.012995476587820895, 0.011991532724994808]",,,,,
sub-04,PHA3,V1,train,sub-10,linear_predictivity,87,553,0.00019040425178421712,,"[3162.277660168379, 3162.277660168379, 3162.277660168379, 3162.277660168379, 3162.277660168379]",0.025113649635463735,1.0137368295915907,0.9746574988240291,0.9959892684676234
sub-04,PHA3,V1,test,sub-10,linear_predictivity,87,553,-0.0056725769563512034,"[-0.005044015258336567, -0.0071984500622340976, -0.005341817733295662, -0.004245760307056415, -0.006532841420833271]",,,,,
sub-04,PHA3,V2,train,sub-10,linear_predictivity,87,516,0.00014165092495520084,,"[3162.277660168379, 3162.277660168379, 3162.277660168379, 3162.277660168379, 3162.277660168379]",0.025262713591253105,1.0146946412389588,0.9745045756585341,0.9960102040273588
sub-04,PHA3,V2,test,sub-10,linear_predictivity,87,516,-0.011946703136034773,"[-0.010857367916568241, -0.012133054404661817, -0.010711644973887994, -0.010358259309173543, -0.015673189075882263]",,,,,
sub-04,PHA3,V3,train,sub-10,linear_predictivity,87,400,0.0032814375240520074,,"[3162.277660168379, 1000.0, 3162.277660168379, 3162.277660168379, 3162.277660168379]",0.031960727106779795,1.0121449890495626,0.9678018884093585,0.9933831107682831
sub-04,PHA3,V3,test,sub-10,linear_predictivity,87,400,-0.011424294523445053,"[-0.013572330617161378, -0.008231955709326612, -0.009300729162959775, -0.010130308903464226, -0.015886148224313276]",,,,,
sub-04,PHA3,V4,train,sub-10,linear_predictivity,87,574,0.02177057740505949,,"[1000.0, 1000.0, 3162.277660168379, 1000.0, 1000.0]",0.059778165919215774,1.0029984503305909,0.939988319590477,0.975185837969691
sub-04,PHA3,V4,test,sub-10,linear_predictivity,87,574,0.03776270757114661,"[0.04420639688644224, 0.03737122550885058, 0.027651025324086826, 0.04371579879780273, 0.035869091338550686]",,,,,
sub-04,PHA3,V3A,train,sub-10,linear_predictivity,87,85,0.012373238768673293,,"[3162.277660168379, 3162.277660168379, 3162.277660168379, 3162.277660168379, 3162.277660168379]",0.03491709948225028,1.0097960373019668,0.9649093035791791,0.9847168343320913
sub-04,PHA3,V3A,test,sub-10,linear_predictivity,87,85,0.034752086120829445,"[0.031990107642959065, 0.033341730564722775, 0.03879934501576766, 0.03505607417366289, 0.034573173207034846]",,,,,
sub-04,PHA3,V3B,train,sub-10,linear_predictivity,87,99,0.02537602589649323,,"[3162.277660168379, 3162.277660168379, 3162.277660168379, 3162.277660168379, 1000.0]",0.05169958286226793,1.00131873113714,0.9480934116328911,0.9714215798506318
sub-04,PHA3,V3B,test,sub-10,linear_predictivity,87,99,0.0692942177443626,"[0.07366089449752862, 0.06476198999954182, 0.06661557700553772, 0.06627609194291403, 0.07515653527629083]",,,,,
sub-04,PHA3,V6,train,sub-10,linear_predictivity,87,11,0.023676410246633132,,"[1000.0, 1000.0, 1000.0, 1000.0, 3162.277660168379]",0.0661923089620043,0.9989769490162912,0.9336937673858987,0.9735059801606617
sub-04,PHA3,V6,test,sub-10,linear_predictivity,87,11,0.0960083990768615,"[0.09492942469276584, 0.10326379469612873, 0.09402044743899297, 0.11339693446628923, 0.07443139409013072]",,,,,
sub-04,PHA3,V6A,train,sub-10,linear_predictivity,87,45,0.011741580317448886,,"[3162.277660168379, 1000.0, 1000.0, 3162.277660168379, 3162.277660168379]",0.045912861650228336,1.0066931991473675,0.9540045501883545,0.9855735002779225
sub-04,PHA3,V6A,test,sub-10,linear_predictivity,87,45,0.07399640297149897,"[0.0688258287074999, 0.08166840640686308, 0.08451914442678124, 0.06850700541982367, 0.0664616298965269]",,,,,
sub-04,PHA3,V7,train,sub-10,linear_predictivity,87,61,0.024051309808018836,,"[1000.0, 1000.0, 1000.0, 1000.0, 1000.0]",0.06490587401651406,1.0018410660048729,0.9349163088804555,0.9728346383137675
sub-04,PHA3,V7,test,sub-10,linear_predictivity,87,61,0.07623365789691947,"[0.08067668016373195, 0.08345255918733195, 0.07370519262467713, 0.06928202015257083, 0.07405183735628551]",,,,,
sub-04,PHA3,V8,train,sub-10,linear_predictivity,87,96,0.04352255538852856,,"[1000.0, 1000.0, 1000.0, 1000.0, 1000.0]",0.08393591403417981,0.9911611845838293,0.9158066511794771,0.952451341434236
sub-04,PHA3,V8,test,sub-10,linear_predictivity,87,96,0.09834929556708946,"[0.10638448893475978, 0.09675056729968105, 0.10264317155433449, 0.1020811928313385, 0.08388705721533345]",,,,,
sub-04,PHA3,FFC,train,sub-10,linear_predictivity,87,244,0.032961222031964686,,"[1000.0, 1000.0, 1000.0, 1000.0, 1000.0]",0.07286778791439294,0.9975941919554557,0.9269662101696815,0.9643185593531454
sub-04,PHA3,FFC,test,sub-10,linear_predictivity,87,244,0.10136825752896958,"[0.10512851483551068, 0.10074044725676698, 0.09940117601590967, 0.09968587179681834, 0.10188527773984224]",,,,,
sub-04,PHA3,PIT,train,sub-10,linear_predictivity,87,100,0.03131045464719471,,"[1000.0, 1000.0, 1000.0, 1000.0, 1000.0]",0.07055154753754492,0.9989146145635729,0.9292766845423523,0.9659609806847044
sub-04,PHA3,PIT,test,sub-10,linear_predictivity,87,100,0.0670488020728984,"[0.07118530501964397, 0.06395268169092794, 0.06850774104775838, 0.06395062407439808, 0.06764765853176366]",,,,,
sub-04,PHA3,IPS1,train,sub-10,linear_predictivity,87,166,0.039937068511204994,,"[1000.0, 1000.0, 1000.0, 1000.0, 1000.0]",0.08335691068775543,0.9919236814471756,0.9163860511214249,0.9558358938321694
sub-04,PHA3,IPS1,test,sub-10,linear_predictivity,87,166,0.1416313119665325,"[0.14649228854812693, 0.14307924798541594, 0.13868051126041375, 0.13646485191648294, 0.14343966012222306]",,,,,
sub-04,PHA3,MST,train,sub-10,linear_predictivity,87,135,0.015140518444258632,,"[1000.0, 1000.0, 1000.0, 1000.0, 1000.0]",0.05556753426884818,1.0072112351853648,0.9442751180391633,0.9822424179643562
sub-04,PHA3,MST,test,sub-10,linear_predictivity,87,135,0.039658109104831814,"[0.04002402089548006, 0.039978053038443456, 0.044315107279625926, 0.04346044902598148, 0.030512915284628156]",,,,,
sub-04,PHA3,MT,train,sub-10,linear_predictivity,87,86,0.021495538331865,,"[1000.0, 1000.0, 1000.0, 1000.0, 1000.0]",0.06210503320938462,1.0031574393559577,0.937727742489914,0.975780278571402
sub-04,PHA3,MT,test,sub-10,linear_predictivity,87,86,0.025530899956315377,"[0.028251705861234613, 0.025110101979766545, 0.02844404589139882, 0.024636926851037026, 0.021211719198139887]",,,,,
sub-04,PHA3,FST,train,sub-10,linear_predictivity,87,167,0.034226945736953,,"[1000.0, 316.2277660168379, 316.2277660168379, 316.2277660168379, 1000.0]",0.09621391528451392,0.9918876647838616,0.9036358944006009,0.9615475352401163
sub-04,PHA3,FST,test,sub-10,linear_predictivity,87,167,0.08443942997848226,"[0.08088075326284877, 0.09054599491797333, 0.08522969389073716, 0.09409099159157433, 0.07144971622927773]",,,,,
sub-04,PHA3,LO1,train,sub-10,linear_predictivity,87,78,0.04696187676689085,,"[1000.0, 1000.0, 1000.0, 1000.0, 1000.0]",0.0858405554262612,0.9907611589119714,0.9139721312539006,0.9500474118231205
sub-04,PHA3,LO1,test,sub-10,linear_predictivity,87,78,0.10621535801425544,"[0.11210836654169921, 0.10748098578738982, 0.09744259544907426, 0.11113594902310701, 0.10290889327000684]",,,,,
sub-04,PHA3,LO2,train,sub-10,linear_predictivity,87,80,0.03199808406272193,,"[1000.0, 1000.0, 1000.0, 1000.0, 1000.0]",0.07128378672249944,0.9986475068860543,0.9285473693056415,0.9654278019605718
sub-04,PHA3,LO2,test,sub-10,linear_predictivity,87,80,0.07429265381005998,"[0.07897314413786904, 0.06744481250103884, 0.07469280647772225, 0.07675969127855062, 0.07359281465511916]",,,,,
sub-04,PHA3,LO3,train,sub-10,linear_predictivity,87,113,0.051110802454640246,,"[1000.0, 1000.0, 1000.0, 1000.0, 1000.0]",0.08958782201724119,0.9885156971337669,0.9101845364673131,0.9452558957262716
sub-04,PHA3,LO3,test,sub-10,linear_predictivity,87,113,0.09864425940022029,"[0.10712088464505938, 0.09478251955776237, 0.0956804528679391, 0.09783878183130977, 0.09779865809903075]",,,,,
sub-04,PHA3,V7,train,sub-10,linear_predictivity,87,61,0.024051309808018836,,"[1000.0, 1000.0, 1000.0, 1000.0, 1000.0]",0.06490587401651406,1.0018410660048729,0.9349163088804555,0.9728346383137675
sub-04,PHA3,V7,test,sub-10,linear_predictivity,87,61,0.07623365789691947,"[0.08067668016373195, 0.08345255918733195, 0.07370519262467713, 0.06928202015257083, 0.07405183735628551]",,,,,
sub-04,PHA3,IP0,train,sub-10,linear_predictivity,87,103,0.043926642878547584,,"[1000.0, 1000.0, 1000.0, 1000.0, 1000.0]",0.08828899054791113,0.9887643093696094,0.9114849225629913,0.9520775555091548
sub-04,PHA3,IP0,test,sub-10,linear_predictivity,87,103,0.11337098360624276,"[0.12063390553835097, 0.11166057165096023, 0.10990320779062299, 0.10973218927926552, 0.11492504377201411]",,,,,
sub-04,PHA3,IP1,train,sub-10,linear_predictivity,87,33,0.011203400132838342,,"[3162.277660168379, 3162.277660168379, 3162.277660168379, 3162.277660168379, 3162.277660168379]",0.034914239229535474,1.0096957675771852,0.964894941054947,0.9857572340465012
sub-04,PHA3,IP1,test,sub-10,linear_predictivity,87,33,0.04051798255164022,"[0.0416319077014655, 0.03979832547657843, 0.040115298877002374, 0.03778463222507308, 0.043259748478081686]",,,,,
sub-04,PHA3,MIP,train,sub-10,linear_predictivity,87,178,0.02617569210494057,,"[3162.277660168379, 1000.0, 1000.0, 1000.0, 1000.0]",0.07113161970861874,0.9949411384070685,0.9285237788586503,0.9674852319090463
sub-04,PHA3,MIP,test,sub-10,linear_predictivity,87,178,0.09909141123603173,"[0.09847174727871513, 0.09794817828412215, 0.1042142597307117, 0.09859714903045286, 0.09622572185615678]",,,,,
sub-04,PHA3,VIP,train,sub-10,linear_predictivity,87,100,0.04658859053796452,,"[1000.0, 1000.0, 1000.0, 1000.0, 1000.0]",0.08857680519563102,0.9882180727250904,0.9111796548225872,0.9493233654441484
sub-04,PHA3,VIP,test,sub-10,linear_predictivity,87,100,0.16178382031345975,"[0.1656384386526011, 0.16290444295735032, 0.16701776919868336, 0.15839188160684206, 0.15496656915182194]",,,,,
sub-04,PHA3,LIPd,train,sub-10,linear_predictivity,87,31,0.002226475340466127,,"[3162.277660168379, 3162.277660168379, 3162.277660168379, 3162.277660168379, 3162.277660168379]",0.025129512717629466,1.0153499230914271,0.9746823469054664,0.994683308891258
sub-04,PHA3,LIPd,test,sub-10,linear_predictivity,87,31,-0.006131597172581718,"[-0.002696172759063728, -0.010674494458000677, -0.006440855543252029, -0.006945984210906008, -0.003900478891686149]",,,,,
sub-04,PHA3,LIPv,train,sub-10,linear_predictivity,87,75,0.010914986275076446,,"[3162.277660168379, 3162.277660168379, 3162.277660168379, 3162.277660168379, 3162.277660168379]",0.03362842965054902,1.0101758914546806,0.9661868026228836,0.9859473132131449
sub-04,PHA3,LIPv,test,sub-10,linear_predictivity,87,75,0.05068706319285958,"[0.050286899734090604, 0.05254808129755279, 0.05365293094473226, 0.04770904269096763, 0.04923836129695465]",,,,,
sub-04,PHA3,AIP,train,sub-10,linear_predictivity,87,409,0.0028863632663334105,,"[1000.0, 1000.0, 1000.0, 1000.0, 1000.0]",0.0514726319761468,1.0086939209558277,0.9481483540024943,0.9905777238430536
sub-04,PHA3,AIP,test,sub-10,linear_predictivity,87,409,0.031390518810246126,"[0.028702524591432355, 0.03411153514804603, 0.031946776128082444, 0.027341948278935, 0.0348498099047348]",,,,,
sub-04,PHA3,7Pm,train,sub-10,linear_predictivity,87,21,0.025392963132202406,,"[3162.277660168379, 3162.277660168379, 3162.277660168379, 3162.277660168379, 3162.277660168379]",0.04746983259729338,1.0030171148826024,0.9523215601273168,0.971203436543235
sub-04,PHA3,7Pm,test,sub-10,linear_predictivity,87,21,0.06828928997591102,"[0.06983013585085958, 0.06473782632962553, 0.0693103085876549, 0.06994768283505731, 0.06762049627635773]",,,,,
sub-04,PHA3,7PL,train,sub-10,linear_predictivity,87,106,0.0831831958037756,,"[1000.0, 1000.0, 1000.0, 1000.0, 1000.0]",0.12316646779184419,0.9684856759753651,0.876609585426881,0.9129773370659937
sub-04,PHA3,7PL,test,sub-10,linear_predictivity,87,106,0.21703139265776797,"[0.22182290260541282, 0.2114619804838264, 0.22357151389365512, 0.2180505778914041, 0.21024998841454134]",,,,,
sub-04,PHA3,7PC,train,sub-10,linear_predictivity,87,224,0.0026186307459308265,,"[1000.0, 1000.0, 1000.0, 1000.0, 1000.0]",0.05189869651067967,1.0078336817472249,0.9477270882876055,0.991071084067795
sub-04,PHA3,7PC,test,sub-10,linear_predictivity,87,224,0.03750267595458515,"[0.03435382427246915, 0.04567318227702887, 0.03620716206207857, 0.03252466229159188, 0.03875454886975729]",,,,,
sub-04,PHA3,7Am,train,sub-10,linear_predictivity,87,186,0.03816210753381995,,"[1000.0, 1000.0, 1000.0, 1000.0, 1000.0]",0.08348890607534046,0.9880313436518458,0.9161635679887434,0.9559084961650738
sub-04,PHA3,7Am,test,sub-10,linear_predictivity,87,186,0.10110909919884685,"[0.10383715043642948, 0.1047336360560628, 0.10357868870461936, 0.09740609822623988, 0.09598992257088267]",,,,,
sub-04,PHA3,7AL,train,sub-10,linear_predictivity,87,158,0.0007112315272176927,,"[3162.277660168379, 1000.0, 3162.277660168379, 1000.0, 3162.277660168379]",0.039027493737282516,1.0082111201187387,0.9606052523614883,0.9929870049481491
sub-04,PHA3,7AL,test,sub-10,linear_predictivity,87,158,0.03040372608687473,"[0.026773319597159114, 0.042295924707446315, 0.02605381011608541, 0.031616428784717376, 0.025279147228965432]",,,,,
sub-04,PHA3,VVC,train,sub-10,linear_predictivity,87,196,0.04905539966981077,,"[1000.0, 1000.0, 1000.0, 1000.0, 1000.0]",0.0926176140449303,0.9861117322148172,0.9071054887721364,0.9464001990503004
sub-04,PHA3,VVC,test,sub-10,linear_predictivity,87,196,0.13810228509046718,"[0.14678985480883514, 0.13899604845038996, 0.1318285311856156, 0.1371033774045223, 0.13579361360297287]",,,,,
sub-04,PHA3,VMV2,train,sub-10,linear_predictivity,87,94,0.09852314086618566,,"[1000.0, 1000.0, 1000.0, 1000.0, 1000.0]",0.13767215586598958,0.9586737814274766,0.8620912403311791,0.8973579888189132
sub-04,PHA3,VMV2,test,sub-10,linear_predictivity,87,94,0.23745128553874398,"[0.2428682913283691, 0.23226003872597575, 0.23259500206467093, 0.24339926976871207, 0.23613382580599215]",,,,,
sub-04,PHA3,VMV3,train,sub-10,linear_predictivity,87,98,0.06869323721068359,,"[1000.0, 1000.0, 1000.0, 1000.0, 1000.0]",0.11131071062846068,0.9737126454927705,0.8883682949837983,0.9260476440428242
sub-04,PHA3,VMV3,test,sub-10,linear_predictivity,87,98,0.15932981107055358,"[0.17423070299818072, 0.1592917984595721, 0.15539342935293757, 0.15891083045538212, 0.14882229408669537]",,,,,
sub-04,PHA3,VMV1,train,sub-10,linear_predictivity,87,42,0.04227484626441424,,"[1000.0, 1000.0, 1000.0, 1000.0, 1000.0]",0.08754117866729641,0.9874917575941643,0.9121407730694253,0.952174453182953
sub-04,PHA3,VMV1,test,sub-10,linear_predictivity,87,42,0.1254768807400743,"[0.1284061163634302, 0.12819320492865346, 0.12333223354653035, 0.1279728272333133, 0.11948002162844422]",,,,,
sub-04,PHA3,PHA2,train,sub-10,linear_predictivity,87,21,0.06846117830131601,,"[1000.0, 1000.0, 1000.0, 1000.0, 1000.0]",0.11382254229800062,0.9724073415433724,0.8858643551931309,0.9259134956533728
sub-04,PHA3,PHA2,test,sub-10,linear_predictivity,87,21,0.1984369947283762,"[0.1952693643871181, 0.20104065785429215, 0.19550518332932593, 0.2032632803957975, 0.19710648767534733]",,,,,
sub-04,PHA3,PHA3,train,sub-10,linear_predictivity,87,104,0.09010717157466938,,"[1000.0, 1000.0, 1000.0, 1000.0, 1000.0]",0.1299438268545509,0.9636600843409729,0.8697872748731452,0.9054022988000984
sub-04,PHA3,PHA3,test,sub-10,linear_predictivity,87,104,0.24750373207127097,"[0.2515449559687108, 0.24573042493432667, 0.24195209364977588, 0.2494434296874499, 0.24884775611609158]",,,,,
sub-04,PHA3,PH,train,sub-10,linear_predictivity,87,261,0.03497732944052267,,"[1000.0, 1000.0, 1000.0, 1000.0, 1000.0]",0.07699569474374145,0.9950345444339057,0.9228071254398026,0.9616605423762165
sub-04,PHA3,PH,test,sub-10,linear_predictivity,87,261,0.08214981506385317,"[0.0880911820689709, 0.08062999136764115, 0.0782034005303445, 0.0798355909497423, 0.08398891040256701]",,,,,
sub-04,PH,V1,train,sub-10,linear_predictivity,340,553,0.01597018093295736,,"[3162.277660168379, 3162.277660168379, 3162.277660168379, 3162.277660168379, 3162.277660168379]",0.08597637450262155,1.0631949692814415,0.9138185209583419,0.9803734543201056
sub-04,PH,V1,test,sub-10,linear_predictivity,340,553,0.04605310275851686,"[0.04902006200760101, 0.04288071887782404, 0.05194696984140929, 0.041355725436335256, 0.0450620376294147]",,,,,
sub-04,PH,V2,train,sub-10,linear_predictivity,340,516,0.020351594975215662,,"[3162.277660168379, 3162.277660168379, 3162.277660168379, 3162.277660168379, 3162.277660168379]",0.08946876420517466,1.057927756023241,0.9102912296549702,0.9754607499645978
sub-04,PH,V2,test,sub-10,linear_predictivity,340,516,0.04337972549076037,"[0.04498320303212253, 0.04246035828463404, 0.04838693435222711, 0.03892360089106739, 0.04214453089375078]",,,,,
sub-04,PH,V3,train,sub-10,linear_predictivity,340,400,0.02710535441510948,,"[3162.277660168379, 3162.277660168379, 3162.277660168379, 3162.277660168379, 3162.277660168379]",0.09480851901466314,1.0528367078306993,0.9049889706877222,0.9694858364916655
sub-04,PH,V3,test,sub-10,linear_predictivity,340,400,0.0573390710741986,"[0.05408381305939459, 0.0570741350633447, 0.06475752359529419, 0.054214091880939765, 0.056565791772019786]",,,,,
sub-04,PH,V4,train,sub-10,linear_predictivity,340,574,0.06886035651287804,,"[3162.277660168379, 3162.277660168379, 3162.277660168379, 3162.277660168379, 3162.277660168379]",0.13377778365909004,1.0274730394898197,0.8660176157292483,0.9277274378745105
sub-04,PH,V4,test,sub-10,linear_predictivity,340,574,0.145337578517235,"[0.14447851264042622, 0.14338959797608086, 0.15198240093251827, 0.1421466467780979, 0.1446907342590517]",,,,,
sub-04,PH,V3A,train,sub-10,linear_predictivity,340,85,0.028823532763260037,,"[3162.277660168379, 3162.277660168379, 3162.277660168379, 3162.277660168379, 3162.277660168379]",0.09337848017933947,1.0580938348431115,0.9064292148016948,0.9677746093987629
sub-04,PH,V3A,test,sub-10,linear_predictivity,340,85,0.06887025243997687,"[0.06543397267516855, 0.06416179392105896, 0.07471844271390271, 0.07207004266693645, 0.06796701022281762]",,,,,
sub-04,PH,V3B,train,sub-10,linear_predictivity,340,99,0.07907828874716442,,"[3162.277660168379, 3162.277660168379, 3162.277660168379, 3162.277660168379, 3162.277660168379]",0.13942773146105267,1.0301563206457993,0.8603775241298734,0.9175086775448438
sub-04,PH,V3B,test,sub-10,linear_predictivity,340,99,0.17112328572524138,"[0.17175532174506275, 0.16721163951108042, 0.17717510870098238, 0.16808447409740557, 0.17138988457167578]",,,,,
sub-04,PH,V6,train,sub-10,linear_predictivity,340,11,0.04056192978955886,,"[3162.277660168379, 1000.0, 1000.0, 3162.277660168379, 1000.0]",0.14096619044683015,1.0418208541305607,0.8588024744636845,0.9559726309541444
sub-04,PH,V6,test,sub-10,linear_predictivity,340,11,0.1233434911118432,"[0.10501829535500015, 0.13860706072953563, 0.1225541717269127, 0.11537419950154847, 0.13516372824621903]",,,,,
sub-04,PH,V6A,train,sub-10,linear_predictivity,340,45,0.06347440284886782,,"[3162.277660168379, 3162.277660168379, 3162.277660168379, 3162.277660168379, 3162.277660168379]",0.12489746452915018,1.0406600228938108,0.874909242637975,0.9330258956710097
sub-04,PH,V6A,test,sub-10,linear_predictivity,340,45,0.14897208107727702,"[0.1511017921785433, 0.14582504580899872, 0.15303509044968805, 0.14654184692952466, 0.14835663001963026]",,,,,
sub-04,PH,V7,train,sub-10,linear_predictivity,340,61,0.13132182699109937,,"[3162.277660168379, 3162.277660168379, 3162.277660168379, 3162.277660168379, 3162.277660168379]",0.18933514470323518,0.9893628778223142,0.8104088624008675,0.8644033307249506
sub-04,PH,V7,test,sub-10,linear_predictivity,340,61,0.21369940469439835,"[0.21756738612044904, 0.20957628757547703, 0.21538357946637635, 0.21141991296088655, 0.21454985734880266]",,,,,
sub-04,PH,V8,train,sub-10,linear_predictivity,340,96,0.052635727600494606,,"[3162.277660168379, 3162.277660168379, 3162.277660168379, 3162.277660168379, 3162.277660168379]",0.11791951105106191,1.0444548281761392,0.8818413154478764,0.9434075327452909
sub-04,PH,V8,test,sub-10,linear_predictivity,340,96,0.12739411138075624,"[0.12698073574445648, 0.12869725156384723, 0.14303275534635826, 0.11836442117589058, 0.11989539307322856]",,,,,
sub-04,PH,FFC,train,sub-10,linear_predictivity,340,244,0.1315063375946403,,"[3162.277660168379, 3162.277660168379, 3162.277660168379, 3162.277660168379, 3162.277660168379]",0.18854873828649507,0.9961752298912836,0.8112935871975923,0.8659289424456814
sub-04,PH,FFC,test,sub-10,linear_predictivity,340,244,0.2867118621823482,"[0.2873715838786491, 0.28385009084943613, 0.28940022739526705, 0.28636590251168187, 0.28657150627670663]",,,,,
sub-04,PH,PIT,train,sub-10,linear_predictivity,340,100,0.11855957701621543,,"[3162.277660168379, 3162.277660168379, 3162.277660168379, 3162.277660168379, 3162.277660168379]",0.17776483227042908,0.9982678043461032,0.8220303946498022,0.8782923571590213
sub-04,PH,PIT,test,sub-10,linear_predictivity,340,100,0.2536013859692541,"[0.2563548344486841, 0.25014037293396935, 0.25597854538985587, 0.24924723952103003, 0.25628593755273116]",,,,,
sub-04,PH,IPS1,train,sub-10,linear_predictivity,340,166,0.0917440804904423,,"[3162.277660168379, 3162.277660168379, 3162.277660168379, 3162.277660168379, 3162.277660168379]",0.15569571005146005,1.0191715989482104,0.843981679010675,0.903096809403457
sub-04,PH,IPS1,test,sub-10,linear_predictivity,340,166,0.18489235555766562,"[0.18372183216353288, 0.18139709564028714, 0.19312379955888495, 0.18200374833595434, 0.18421530208966871]",,,,,
sub-04,PH,MST,train,sub-10,linear_predictivity,340,135,0.1641691635388025,,"[1000.0, 1000.0, 1000.0, 1000.0, 1000.0]",0.2666573801867743,0.9643795457860979,0.7332054275757933,0.8336505696933049
sub-04,PH,MST,test,sub-10,linear_predictivity,340,135,0.3236398347294473,"[0.3248592668049167, 0.32784064222980014, 0.324072014998625, 0.322989257602055, 0.3184379920118396]",,,,,
sub-04,PH,MT,train,sub-10,linear_predictivity,340,86,0.15502561799508913,,"[1000.0, 1000.0, 1000.0, 1000.0, 1000.0]",0.26105245005335964,0.9751592394103467,0.7387986600285197,0.8423704621289675
sub-04,PH,MT,test,sub-10,linear_predictivity,340,86,0.2924761576377238,"[0.29013775439812367, 0.2914021483351962, 0.29882278604020696, 0.29078416235200577, 0.29123393706308637]",,,,,
sub-04,PH,FST,train,sub-10,linear_predictivity,340,167,0.2238762037462085,,"[1000.0, 1000.0, 1000.0, 1000.0, 1000.0]",0.3221153718297086,0.9272617825534246,0.6775337204924694,0.769879780858171
sub-04,PH,FST,test,sub-10,linear_predictivity,340,167,0.357651505940177,"[0.3615677916777082, 0.35158675122264826, 0.3597569140314567, 0.36044959428628637, 0.3548964784827852]",,,,,
sub-04,PH,LO1,train,sub-10,linear_predictivity,340,78,0.12872293330679155,,"[3162.277660168379, 3162.277660168379, 3162.277660168379, 3162.277660168379, 3162.277660168379]",0.18854718649669194,0.9957520048714823,0.8112329936396037,0.8677811253948862
sub-04,PH,LO1,test,sub-10,linear_predictivity,340,78,0.2724224188905916,"[0.2769468309019775, 0.27196812151062055, 0.2723098229453063, 0.2676656165132156, 0.2732217025818379]",,,,,
sub-04,PH,LO2,train,sub-10,linear_predictivity,340,80,0.16006542949889188,,"[3162.277660168379, 3162.277660168379, 3162.277660168379, 3162.277660168379, 3162.277660168379]",0.21499043864836068,0.9752131610472681,0.7848003598724381,0.8369256477354293
sub-04,PH,LO2,test,sub-10,linear_predictivity,340,80,0.32817458837727076,"[0.33107077974434607, 0.3192550802758382, 0.3275329943123522, 0.3259871973671864, 0.337026890186631]",,,,,
sub-04,PH,LO3,train,sub-10,linear_predictivity,340,113,0.15242839593968943,,"[3162.277660168379, 3162.277660168379, 3162.277660168379, 3162.277660168379, 3162.277660168379]",0.20767047921792597,0.9824007226685161,0.7920932323666877,0.8438483349047342
sub-04,PH,LO3,test,sub-10,linear_predictivity,340,113,0.26838119773575375,"[0.2713955182182831, 0.26638323491189414, 0.27169830110567006, 0.2623892734834911, 0.27003966095943044]",,,,,
sub-04,PH,V7,train,sub-10,linear_predictivity,340,61,0.13132182699109937,,"[3162.277660168379, 3162.277660168379, 3162.277660168379, 3162.277660168379, 3162.277660168379]",0.18933514470323518,0.9893628778223142,0.8104088624008675,0.8644033307249506
sub-04,PH,V7,test,sub-10,linear_predictivity,340,61,0.21369940469439835,"[0.21756738612044904, 0.20957628757547703, 0.21538357946637635, 0.21141991296088655, 0.21454985734880266]",,,,,
sub-04,PH,IP0,train,sub-10,linear_predictivity,340,103,0.0785545944204896,,"[3162.277660168379, 3162.277660168379, 3162.277660168379, 3162.277660168379, 3162.277660168379]",0.14125863562810656,1.0331537887724955,0.8584707161307495,0.9168482942463324
sub-04,PH,IP0,test,sub-10,linear_predictivity,340,103,0.16971307630551077,"[0.17070716700544533, 0.16527309729623918, 0.17567484356254853, 0.16696808271116145, 0.16994219095215937]",,,,,
sub-04,PH,IP1,train,sub-10,linear_predictivity,340,33,0.03165906977390655,,"[10000.0, 10000.0, 10000.0, 10000.0, 10000.0]",0.06407417054203778,1.067562155866738,0.9356848843947481,0.9648306146708293
sub-04,PH,IP1,test,sub-10,linear_predictivity,340,33,0.06824425212143559,"[0.07284485327558626, 0.06724134364579451, 0.06677211519080518, 0.0634682338434257, 0.07089471465156627]",,,,,
sub-04,PH,MIP,train,sub-10,linear_predictivity,340,178,0.041093044682539735,,"[3162.277660168379, 3162.277660168379, 3162.277660168379, 3162.277660168379, 3162.277660168379]",0.1107832013370446,1.0499470489343898,0.8888660658275261,0.9528670896482334
sub-04,PH,MIP,test,sub-10,linear_predictivity,340,178,0.06927589020088086,"[0.07239509575302, 0.06926405022511767, 0.07062987015841224, 0.06799888858683996, 0.06609154628101442]",,,,,
sub-04,PH,VIP,train,sub-10,linear_predictivity,340,100,0.0528025453677758,,"[3162.277660168379, 3162.277660168379, 3162.277660168379, 3162.277660168379, 3162.277660168379]",0.11948029110572803,1.0434423454459636,0.880286104763935,0.9433703821336896
sub-04,PH,VIP,test,sub-10,linear_predictivity,340,100,0.11617682950482508,"[0.11810288851883742, 0.11789230995215655, 0.1236951390593502, 0.10746999416109236, 0.11372381583268884]",,,,,
sub-04,PH,LIPd,train,sub-10,linear_predictivity,340,31,0.025684429544027616,,"[10000.0, 10000.0, 10000.0, 10000.0, 10000.0]",0.0571432611226929,1.0722782411853575,0.9426738663085443,0.9714478792416708
sub-04,PH,LIPd,test,sub-10,linear_predictivity,340,31,0.038886054703459266,"[0.04017029991348379, 0.04124437580099669, 0.039485256767664643, 0.0358150048729147, 0.037715336162236525]",,,,,
sub-04,PH,LIPv,train,sub-10,linear_predictivity,340,75,0.0520280254095556,,"[3162.277660168379, 3162.277660168379, 3162.277660168379, 3162.277660168379, 3162.277660168379]",0.11745605442564469,1.0484355696034313,0.8823158181536728,0.9441060264167795
sub-04,PH,LIPv,test,sub-10,linear_predictivity,340,75,0.08788433313953593,"[0.08820425236312919, 0.0868555917144806, 0.09045911892871764, 0.08383320135763477, 0.09006950133371748]",,,,,
sub-04,PH,AIP,train,sub-10,linear_predictivity,340,409,0.060528345168364237,,"[3162.277660168379, 3162.277660168379, 3162.277660168379, 3162.277660168379, 3162.277660168379]",0.13101937178949055,1.0327326918731992,0.8685521089876935,0.93189950636322
sub-04,PH,AIP,test,sub-10,linear_predictivity,340,409,0.12298882893028477,"[0.12369124444711206, 0.12908337394859998, 0.11698162971201886, 0.12234085114579722, 0.12284704539789577]",,,,,
sub-04,PH,7Pm,train,sub-10,linear_predictivity,340,21,0.016631725680423412,,"[10000.0, 10000.0, 10000.0, 10000.0, 10000.0]",0.049042984456189306,1.0700230722839987,0.9507495268978314,0.980126698432451
sub-04,PH,7Pm,test,sub-10,linear_predictivity,340,21,0.05075223046772641,"[0.05441565312027168, 0.05361576545810289, 0.04680620305032696, 0.051333473002580815, 0.04759005770734971]",,,,,
sub-04,PH,7PL,train,sub-10,linear_predictivity,340,106,0.04721046232810097,,"[3162.277660168379, 3162.277660168379, 3162.277660168379, 3162.277660168379, 3162.277660168379]",0.11180620181874097,1.0458127773991177,0.8879695591119807,0.9491908445818616
sub-04,PH,7PL,test,sub-10,linear_predictivity,340,106,0.11942214612494231,"[0.12369065637603743, 0.12109422536766319, 0.12229992764054842, 0.11570539117110705, 0.11432053006935548]",,,,,
sub-04,PH,7PC,train,sub-10,linear_predictivity,340,224,0.079999026084218,,"[3162.277660168379, 3162.277660168379, 3162.277660168379, 3162.277660168379, 3162.277660168379]",0.14665532846701107,1.0193558168277743,0.8529147189922999,0.9126918717465438
sub-04,PH,7PC,test,sub-10,linear_predictivity,340,224,0.16597860805672932,"[0.16710312995892743, 0.16985189841868284, 0.16502413940915406, 0.16270946313964552, 0.16520440935723668]",,,,,
sub-04,PH,7Am,train,sub-10,linear_predictivity,340,186,0.029683308802064753,,"[3162.277660168379, 3162.277660168379, 3162.277660168379, 3162.277660168379, 3162.277660168379]",0.09882947926906635,1.0549218914137608,0.9008353126708556,0.9648165448671205
sub-04,PH,7Am,test,sub-10,linear_predictivity,340,186,0.09612203418968253,"[0.09960338281253195, 0.10155695970556615, 0.09701548565757327, 0.09466307294327234, 0.08777126982946895]",,,,,
sub-04,PH,7AL,train,sub-10,linear_predictivity,340,158,0.04822834870749566,,"[3162.277660168379, 3162.277660168379, 3162.277660168379, 3162.277660168379, 3162.277660168379]",0.11536649828812814,1.042813968979979,0.8842901588743436,0.9459247213649371
sub-04,PH,7AL,test,sub-10,linear_predictivity,340,158,0.09595471058225867,"[0.09804522225342102, 0.09883825598846674, 0.10041712108936557, 0.0923021077702878, 0.09017084580975228]",,,,,
sub-04,PH,VVC,train,sub-10,linear_predictivity,340,196,0.07441066261148387,,"[3162.277660168379, 3162.277660168379, 3162.277660168379, 3162.277660168379, 3162.277660168379]",0.1406923604609422,1.0279400876634317,0.8590323016752842,0.9209204311494983
sub-04,PH,VVC,test,sub-10,linear_predictivity,340,196,0.18347404437986767,"[0.18524019909436465, 0.18146197456418386, 0.1863146976672481, 0.1814711269059818, 0.18288222366756002]",,,,,
sub-04,PH,VMV2,train,sub-10,linear_predictivity,340,94,0.0642768809330247,,"[3162.277660168379, 3162.277660168379, 3162.277660168379, 3162.277660168379, 3162.277660168379]",0.13223736044291615,1.030805713380621,0.8675459374156761,0.9317617491224424
sub-04,PH,VMV2,test,sub-10,linear_predictivity,340,94,0.18250435362071665,"[0.18455059721612083, 0.17787953255183261, 0.1787419467651637, 0.1874741585629019, 0.18387553300756418]",,,,,
sub-04,PH,VMV3,train,sub-10,linear_predictivity,340,98,0.07788571890946498,,"[3162.277660168379, 3162.277660168379, 3162.277660168379, 3162.277660168379, 3162.277660168379]",0.14549024811462233,1.021831244197322,0.8541999242815812,0.9167347012994813
sub-04,PH,VMV3,test,sub-10,linear_predictivity,340,98,0.16143308770429599,"[0.17239859284481746, 0.1586376598315719, 0.1629877025529784, 0.15345625853485406, 0.15968522475725813]",,,,,
sub-04,PH,VMV1,train,sub-10,linear_predictivity,340,42,0.05849903023459895,,"[3162.277660168379, 3162.277660168379, 3162.277660168379, 3162.277660168379, 3162.277660168379]",0.12815410415783318,1.035851569925283,0.871508547483858,0.9357371237448314
sub-04,PH,VMV1,test,sub-10,linear_predictivity,340,42,0.16019333422473622,"[0.16269163200686684, 0.1648098682688312, 0.15974237817671116, 0.15646199191519333, 0.15726080075607868]",,,,,
sub-04,PH,PHA2,train,sub-10,linear_predictivity,340,21,0.042910512896285585,,"[3162.277660168379, 3162.277660168379, 3162.277660168379, 3162.277660168379, 3162.277660168379]",0.11688528818781314,1.040135678359179,0.8828135412403724,0.9517991699980726
sub-04,PH,PHA2,test,sub-10,linear_predictivity,340,21,0.1783243877766222,"[0.17487536926311642, 0.1765145320874785, 0.17085280147907614, 0.18728748483453608, 0.18209175121890395]",,,,,
sub-04,PH,PHA3,train,sub-10,linear_predictivity,340,104,0.0644517921388297,,"[3162.277660168379, 3162.277660168379, 3162.277660168379, 3162.277660168379, 3162.277660168379]",0.13148540724285165,1.0311545968737041,0.8682862176830598,0.9315554247056376
sub-04,PH,PHA3,test,sub-10,linear_predictivity,340,104,0.1816885703429246,"[0.18836108845928917, 0.17379480899881003, 0.17275511988838857, 0.18430537295117336, 0.18922646141696203]",,,,,
sub-04,PH,PH,train,sub-10,linear_predictivity,340,261,0.1442597269672469,,"[3162.277660168379, 3162.277660168379, 3162.277660168379, 3162.277660168379, 3162.277660168379]",0.20174032635569117,0.9853271998715657,0.7980390319561564,0.8521832730328012
sub-04,PH,PH,test,sub-10,linear_predictivity,340,261,0.2577848358495243,"[0.2572102882551689, 0.25586245521572626, 0.2599089241094886, 0.25861524243231754, 0.25732726923491994]",,,,,
