model,layer,roi,split,subject,metric,n_features_1_model,n_features_2_brain,score,test_scores_list,alphas,train_set_train_split_score_mean,ridgecv_val_mse,train_set_train_split_mse,train_set_val_split_mse
taskonomy/segment_unsup25d,encoder.layer1.0.relu,V1,train,sub-02,linear_predictivity,5919,435,0.07571484545750673,,"[10000.0, 10000.0, 10000.0, 10000.0, 10000.0]",0.4469865746950251,1.1047724445203075,0.5528639486944723,0.920678417718723
taskonomy/segment_unsup25d,encoder.layer1.0.relu,V1,test,sub-02,linear_predictivity,5919,435,0.10253842105066158,"[0.0969300110112958, 0.103624226552943, 0.11299963604177192, 0.10389645673489571, 0.09524177491240148]",,,,,
taskonomy/segment_unsup25d,encoder.layer1.0.relu,V2,train,sub-02,linear_predictivity,5919,567,0.030950855511914368,,"[31622.776601683796, 31622.776601683796, 31622.776601683796, 31622.776601683796, 31622.776601683796]",0.2241689943544764,1.1523484529270462,0.7756161509867106,0.9648473962900013
taskonomy/segment_unsup25d,encoder.layer1.0.relu,V2,test,sub-02,linear_predictivity,5919,567,0.02966954705631476,"[0.03076059381707969, 0.02685634742093859, 0.0335889359948381, 0.031161510997700415, 0.025980347051017025]",,,,,
taskonomy/segment_unsup25d,encoder.layer1.0.relu,V3,train,sub-02,linear_predictivity,5919,538,0.027536945213243187,,"[31622.776601683796, 31622.776601683796, 31622.776601683796, 31622.776601683796, 31622.776601683796]",0.22116788208435004,1.1533072360280474,0.7786157211806657,0.968209909657277
taskonomy/segment_unsup25d,encoder.layer1.0.relu,V3,test,sub-02,linear_predictivity,5919,538,0.017643616608081843,"[0.018447302340461144, 0.012700887142766501, 0.01752220978718281, 0.019656654849992173, 0.01989102892000658]",,,,,
taskonomy/segment_unsup25d,encoder.layer1.0.relu,V4,train,sub-02,linear_predictivity,5919,630,0.021799492244156417,,"[31622.776601683796, 31622.776601683796, 31622.776601683796, 31622.776601683796, 31622.776601683796]",0.21608124149377175,1.1555881767841065,0.783720354610441,0.9742702688922528
taskonomy/segment_unsup25d,encoder.layer1.0.relu,V4,test,sub-02,linear_predictivity,5919,630,-0.015465329132448297,"[-0.0194574504978592, -0.017994808024144306, -0.013726572858761093, -0.009893323170968003, -0.016254491110508893]",,,,,
taskonomy/segment_unsup25d,encoder.layer1.0.relu,V3A,train,sub-02,linear_predictivity,5919,273,0.010537452758995775,,"[31622.776601683796, 100000.0, 31622.776601683796, 31622.776601683796, 31622.776601683796]",0.18614847094150358,1.1711971202751081,0.813696520389746,0.9842346392426429
taskonomy/segment_unsup25d,encoder.layer1.0.relu,V3A,test,sub-02,linear_predictivity,5919,273,-0.0064250563976857005,"[0.00026854291048292146, 0.006007268374851533, -0.016018955925999136, 0.005544860827855848, -0.02792699817561967]",,,,,
taskonomy/segment_unsup25d,encoder.layer1.0.relu,V3B,train,sub-02,linear_predictivity,5919,148,0.02009724110093001,,"[31622.776601683796, 31622.776601683796, 31622.776601683796, 31622.776601683796, 31622.776601683796]",0.2155497835312355,1.1665385638992345,0.7843411718723035,0.9774101298160984
taskonomy/segment_unsup25d,encoder.layer1.0.relu,V3B,test,sub-02,linear_predictivity,5919,148,-0.03810431591308701,"[-0.029692757540205044, -0.04745269526486933, -0.0328604033586058, -0.04310901049438465, -0.03740671290737023]",,,,,
taskonomy/segment_unsup25d,encoder.layer1.0.relu,V6,train,sub-02,linear_predictivity,5919,147,0.018271191448152063,,"[100000.0, 100000.0, 100000.0, 31622.776601683796, 31622.776601683796]",0.15037308452090908,1.1905371973150176,0.8493644095839755,0.9762182039879181
taskonomy/segment_unsup25d,encoder.layer1.0.relu,V6,test,sub-02,linear_predictivity,5919,147,0.0485038599342968,"[0.051023738433309616, 0.044074242991069545, 0.04573989788589572, 0.050048251699733246, 0.051633168661475916]",,,,,
taskonomy/segment_unsup25d,encoder.layer1.0.relu,V6A,train,sub-02,linear_predictivity,5919,82,-0.002084621651264018,,"[100000.0, 316227.7660168379, 100000.0, 100000.0, 316227.7660168379]",0.0651939756444909,1.1887751385349994,0.9347160995844153,0.9972690316289725
taskonomy/segment_unsup25d,encoder.layer1.0.relu,V6A,test,sub-02,linear_predictivity,5919,82,0.01072362017840087,"[0.01275679803101303, 0.0020978299105170162, 0.01646260695515203, 0.01828043070270879, 0.0040204352926134805]",,,,,
taskonomy/segment_unsup25d,encoder.layer1.0.relu,V7,train,sub-02,linear_predictivity,5919,88,0.01690597343829898,,"[100000.0, 31622.776601683796, 31622.776601683796, 31622.776601683796, 31622.776601683796]",0.19277752350263772,1.1624604807274068,0.8065245456005379,0.9790271761318886
taskonomy/segment_unsup25d,encoder.layer1.0.relu,V7,test,sub-02,linear_predictivity,5919,88,0.025012450843220076,"[0.025668126427802442, 0.017679819590696977, 0.0430435169249465, 0.025065191470868973, 0.013605599801785493]",,,,,
taskonomy/segment_unsup25d,encoder.layer1.0.relu,V8,train,sub-02,linear_predictivity,5919,105,0.026257729839894894,,"[31622.776601683796, 31622.776601683796, 31622.776601683796, 31622.776601683796, 31622.776601683796]",0.22393512783889458,1.1579511429372182,0.7758262257737577,0.9691515419854433
taskonomy/segment_unsup25d,encoder.layer1.0.relu,V8,test,sub-02,linear_predictivity,5919,105,-0.017648705285094515,"[-0.02346095134272014, -0.012993346579846228, -0.011697362605299702, -0.018148337696454724, -0.02194352820115178]",,,,,
taskonomy/segment_unsup25d,encoder.layer1.0.relu,FFC,train,sub-02,linear_predictivity,5919,269,0.024791168347103845,,"[31622.776601683796, 31622.776601683796, 31622.776601683796, 31622.776601683796, 31622.776601683796]",0.22343916841129033,1.1586288944985248,0.7762972062941567,0.9702311014131595
taskonomy/segment_unsup25d,encoder.layer1.0.relu,FFC,test,sub-02,linear_predictivity,5919,269,0.06384573313614837,"[0.06675740155240922, 0.0646266836695256, 0.06603250193761435, 0.056799061339606285, 0.0650130171815864]",,,,,
taskonomy/segment_unsup25d,encoder.layer1.0.relu,PIT,train,sub-02,linear_predictivity,5919,110,0.035776886894471005,,"[31622.776601683796, 31622.776601683796, 31622.776601683796, 31622.776601683796, 31622.776601683796]",0.22647456118064602,1.1486844461992374,0.7732775693752418,0.959654915149958
taskonomy/segment_unsup25d,encoder.layer1.0.relu,PIT,test,sub-02,linear_predictivity,5919,110,0.07986613261488228,"[0.07449424576801152, 0.08083619853239178, 0.07862221743008921, 0.0726169600023391, 0.0927610413415798]",,,,,
taskonomy/segment_unsup25d,encoder.layer1.0.relu,IPS1,train,sub-02,linear_predictivity,5919,212,-0.0017462932007760873,,"[100000.0, 31622.776601683796, 100000.0, 100000.0, 100000.0]",0.11410215903574157,1.1765221377344468,0.8852064367368637,0.995867661344989
taskonomy/segment_unsup25d,encoder.layer1.0.relu,IPS1,test,sub-02,linear_predictivity,5919,212,0.008666841324601368,"[0.008922315590556635, -0.012591979569353115, 0.02246684413735976, 0.0139872052998909, 0.010549821164552662]",,,,,
taskonomy/segment_unsup25d,encoder.layer1.0.relu,MST,train,sub-02,linear_predictivity,5919,149,0.04387947041684578,,"[31622.776601683796, 31622.776601683796, 10000.0, 10000.0, 31622.776601683796]",0.3278075990202044,1.1152455926197633,0.67187661703815,0.9512799420835835
taskonomy/segment_unsup25d,encoder.layer1.0.relu,MST,test,sub-02,linear_predictivity,5919,149,0.06875307635997743,"[0.09554313525754499, 0.07774632135038019, 0.059381847096166694, 0.04001476104491884, 0.07107931705087642]",,,,,
taskonomy/segment_unsup25d,encoder.layer1.0.relu,MT,train,sub-02,linear_predictivity,5919,99,0.03635852144786067,,"[31622.776601683796, 31622.776601683796, 10000.0, 31622.776601683796, 31622.776601683796]",0.2822141406333424,1.1257365172209772,0.7183961336421054,0.9579413377381245
taskonomy/segment_unsup25d,encoder.layer1.0.relu,MT,test,sub-02,linear_predictivity,5919,99,0.06758224637384161,"[0.07928153933126451, 0.06547239742665355, 0.06611076980655181, 0.07034959590510977, 0.05669692939962847]",,,,,
taskonomy/segment_unsup25d,encoder.layer1.0.relu,FST,train,sub-02,linear_predictivity,5919,171,0.027584375552325666,,"[31622.776601683796, 31622.776601683796, 31622.776601683796, 31622.776601683796, 31622.776601683796]",0.22871964084372226,1.1416396228601549,0.771104995582068,0.9689161645515318
taskonomy/segment_unsup25d,encoder.layer1.0.relu,FST,test,sub-02,linear_predictivity,5919,171,0.045840324428425436,"[0.052707855452989394, 0.05334888212752658, 0.04606505223151803, 0.04170849553895008, 0.035371336791143106]",,,,,
taskonomy/segment_unsup25d,encoder.layer1.0.relu,LO1,train,sub-02,linear_predictivity,5919,78,0.01973160146206161,,"[31622.776601683796, 31622.776601683796, 31622.776601683796, 31622.776601683796, 31622.776601683796]",0.21389916094405287,1.1539012071958343,0.7859546939362747,0.9774611013714942
taskonomy/segment_unsup25d,encoder.layer1.0.relu,LO1,test,sub-02,linear_predictivity,5919,78,0.018445734718917257,"[0.017880100777983163, 0.012266831467757606, 0.01762280038262359, 0.023228056889527827, 0.02123088407669412]",,,,,
taskonomy/segment_unsup25d,encoder.layer1.0.relu,LO2,train,sub-02,linear_predictivity,5919,82,0.03460085842161062,,"[31622.776601683796, 31622.776601683796, 10000.0, 31622.776601683796, 31622.776601683796]",0.2646572476127001,1.143486854150929,0.7355708173293621,0.9614183971561221
taskonomy/segment_unsup25d,encoder.layer1.0.relu,LO2,test,sub-02,linear_predictivity,5919,82,0.08931799924268127,"[0.0904591820504433, 0.08847295580948297, 0.09115751926828107, 0.07997195745876187, 0.09652838162643705]",,,,,
taskonomy/segment_unsup25d,encoder.layer1.0.relu,LO3,train,sub-02,linear_predictivity,5919,124,0.009024816779390968,,"[100000.0, 100000.0, 31622.776601683796, 31622.776601683796, 100000.0]",0.14051393283287897,1.1670667452530386,0.8595942508562056,0.9868829235571711
taskonomy/segment_unsup25d,encoder.layer1.0.relu,LO3,test,sub-02,linear_predictivity,5919,124,0.0320649343251407,"[0.03165321027520396, 0.024851985824243604, 0.037489998427277724, 0.03790852473429963, 0.028420952364678623]",,,,,
taskonomy/segment_unsup25d,encoder.layer1.0.relu,V7,train,sub-02,linear_predictivity,5919,88,0.01690597343829898,,"[100000.0, 31622.776601683796, 31622.776601683796, 31622.776601683796, 31622.776601683796]",0.19277752350263772,1.1624604807274068,0.8065245456005379,0.9790271761318886
taskonomy/segment_unsup25d,encoder.layer1.0.relu,V7,test,sub-02,linear_predictivity,5919,88,0.025012450843220076,"[0.025668126427802442, 0.017679819590696977, 0.0430435169249465, 0.025065191470868973, 0.013605599801785493]",,,,,
taskonomy/segment_unsup25d,encoder.layer1.0.relu,IP0,train,sub-02,linear_predictivity,5919,151,0.0021869168568622805,,"[100000.0, 100000.0, 100000.0, 100000.0, 100000.0]",0.08946694972521922,1.1886202373283683,0.9103132336492926,0.9939823177339054
taskonomy/segment_unsup25d,encoder.layer1.0.relu,IP0,test,sub-02,linear_predictivity,5919,151,0.0005297030157105378,"[0.0033326223293349386, -0.009511637502512094, 0.008032572220331751, -0.0020241174494577915, 0.0028190754808558854]",,,,,
taskonomy/segment_unsup25d,encoder.layer1.0.relu,IP1,train,sub-02,linear_predictivity,5919,78,-0.006134079178118349,,"[316227.7660168379, 100000.0, 316227.7660168379, 316227.7660168379, 316227.7660168379]",0.043553226106842875,1.2259943932773705,0.9559032928333066,1.0014475201826758
taskonomy/segment_unsup25d,encoder.layer1.0.relu,IP1,test,sub-02,linear_predictivity,5919,78,-0.004404277355599942,"[3.112990061510397e-05, -0.01760830268774793, -0.002742653439606345, -0.0006910700962626291, -0.001010490454997906]",,,,,
taskonomy/segment_unsup25d,encoder.layer1.0.relu,MIP,train,sub-02,linear_predictivity,5919,198,-0.005329523426062516,,"[100000.0, 100000.0, 316227.7660168379, 100000.0, 100000.0]",0.07706510026461719,1.1925380490007669,0.9225847957135352,1.0008304798557182
taskonomy/segment_unsup25d,encoder.layer1.0.relu,MIP,test,sub-02,linear_predictivity,5919,198,-0.012661283385549124,"[-0.014752551271597839, -0.02134734102309938, -0.0010296011380184261, -0.0063955775072419094, -0.019781345987788065]",,,,,
taskonomy/segment_unsup25d,encoder.layer1.0.relu,VIP,train,sub-02,linear_predictivity,5919,200,0.001183102286993934,,"[100000.0, 100000.0, 100000.0, 100000.0, 100000.0]",0.08700568602341621,1.1939153129084055,0.9127688256069917,0.9948821766481704
taskonomy/segment_unsup25d,encoder.layer1.0.relu,VIP,test,sub-02,linear_predictivity,5919,200,0.01723404874275073,"[0.015534873227815493, 0.010916330536765375, 0.02419460718106268, 0.022148168992726508, 0.013376263775383583]",,,,,
taskonomy/segment_unsup25d,encoder.layer1.0.relu,LIPd,train,sub-02,linear_predictivity,5919,106,-0.0006137423042026533,,"[100000.0, 100000.0, 100000.0, 100000.0, 100000.0]",0.08809394520432834,1.183583694560149,0.9115958248978074,0.9950927054456713
taskonomy/segment_unsup25d,encoder.layer1.0.relu,LIPd,test,sub-02,linear_predictivity,5919,106,0.008738422901474335,"[0.011982437271889997, 0.004305703304348181, 0.013002630893006822, 0.003914306449577336, 0.01048703658854934]",,,,,
taskonomy/segment_unsup25d,encoder.layer1.0.relu,LIPv,train,sub-02,linear_predictivity,5919,239,-0.0012332534320088173,,"[100000.0, 31622.776601683796, 100000.0, 100000.0, 100000.0]",0.11286272868299677,1.1886558818824617,0.8864552803025664,0.996865080865127
taskonomy/segment_unsup25d,encoder.layer1.0.relu,LIPv,test,sub-02,linear_predictivity,5919,239,0.007799358385003632,"[0.013414883974786625, -0.007391553920210637, 0.014978877882543071, 0.008293158823184219, 0.00970142516471489]",,,,,
taskonomy/segment_unsup25d,encoder.layer1.0.relu,AIP,train,sub-02,linear_predictivity,5919,381,-0.005594694557081645,,"[100000.0, 100000.0, 100000.0, 100000.0, 100000.0]",0.08726788362815532,1.1974594974913793,0.9123798175217429,0.9996561638858884
taskonomy/segment_unsup25d,encoder.layer1.0.relu,AIP,test,sub-02,linear_predictivity,5919,381,-0.003812478204516738,"[-0.004443258596850012, -0.008985256689484631, -0.0028690129761939887, 0.002051207185323058, -0.004816069945378116]",,,,,
taskonomy/segment_unsup25d,encoder.layer1.0.relu,7Pm,train,sub-02,linear_predictivity,5919,37,-0.008087128875745635,,"[1000000000.0, 100000.0, 1000000000.0, 316227.7660168379, 316227.7660168379]",0.030366561605118008,1.223696985682285,0.9692288195333395,1.0047323776236576
taskonomy/segment_unsup25d,encoder.layer1.0.relu,7Pm,test,sub-02,linear_predictivity,5919,37,-0.007852243808387435,"[-0.0047275368463459725, -0.008180183253471288, -0.009279173075355496, -0.007857073071396456, -0.009217252795367961]",,,,,
taskonomy/segment_unsup25d,encoder.layer1.0.relu,7PL,train,sub-02,linear_predictivity,5919,38,-0.0006280615261452319,,"[100000.0, 100000.0, 100000.0, 100000.0, 100000.0]",0.08598576328566532,1.2024983390325492,0.9138215621058825,0.9972510196917593
taskonomy/segment_unsup25d,encoder.layer1.0.relu,7PL,test,sub-02,linear_predictivity,5919,38,-0.008839014645683606,"[-0.004919379318432513, -0.007157248166154732, -0.008091382804430853, -0.009852792262113053, -0.014174270677286879]",,,,,
taskonomy/segment_unsup25d,encoder.layer1.0.relu,7PC,train,sub-02,linear_predictivity,5919,234,-0.007083873769439017,,"[316227.7660168379, 100000.0, 100000.0, 100000.0, 100000.0]",0.07343939831834914,1.2119772957221584,0.9262321760356951,1.0022754771442137
taskonomy/segment_unsup25d,encoder.layer1.0.relu,7PC,test,sub-02,linear_predictivity,5919,234,-0.0044331011318174025,"[-0.002327226018532799, -0.006114002780061202, -0.002454851397224579, -0.009362780154807912, -0.0019066453084605238]",,,,,
taskonomy/segment_unsup25d,encoder.layer1.0.relu,7Am,train,sub-02,linear_predictivity,5919,232,-0.005461692758936962,,"[1000000.0, 100000.0, 100000.0, 100000.0, 316227.7660168379]",0.060801799985592896,1.213359653135144,0.9390545943722076,1.00174899979527
taskonomy/segment_unsup25d,encoder.layer1.0.relu,7Am,test,sub-02,linear_predictivity,5919,232,0.013830934195153915,"[0.0017777945546584184, 0.015766878496199697, 0.0196379397877504, 0.02023988152249662, 0.011732176614664445]",,,,,
taskonomy/segment_unsup25d,encoder.layer1.0.relu,7AL,train,sub-02,linear_predictivity,5919,259,-0.005514486462193554,,"[316227.7660168379, 316227.7660168379, 316227.7660168379, 100000.0, 1000000.0]",0.03930755912584803,1.2253881998232852,0.9604927439622539,1.0021400722128695
taskonomy/segment_unsup25d,encoder.layer1.0.relu,7AL,test,sub-02,linear_predictivity,5919,259,-0.001413009580722743,"[-0.0033111245161330577, 0.00023072219853331893, 0.0013937947162913533, 0.000695814881593704, -0.006074255183899033]",,,,,
taskonomy/segment_unsup25d,encoder.layer1.0.relu,VVC,train,sub-02,linear_predictivity,5919,159,0.004876704189969182,,"[100000.0, 31622.776601683796, 100000.0, 31622.776601683796, 100000.0]",0.14092367691556626,1.1744250548214827,0.8586382596435582,0.9901333374139831
taskonomy/segment_unsup25d,encoder.layer1.0.relu,VVC,test,sub-02,linear_predictivity,5919,159,-0.002076815819945084,"[0.0042985140555658295, -0.009187299431522609, 0.0030321318251776033, -0.009843143543324781, 0.0013157179943785364]",,,,,
taskonomy/segment_unsup25d,encoder.layer1.0.relu,VMV2,train,sub-02,linear_predictivity,5919,124,0.005946226145911308,,"[100000.0, 100000.0, 31622.776601683796, 31622.776601683796, 100000.0]",0.13883068717422717,1.1670721477922068,0.8612068974837307,0.9892988701929779
taskonomy/segment_unsup25d,encoder.layer1.0.relu,VMV2,test,sub-02,linear_predictivity,5919,124,0.020221186505210462,"[0.011846572224607265, 0.015268097285831003, 0.026381468407835455, 0.030088464643222464, 0.01752132996455612]",,,,,
taskonomy/segment_unsup25d,encoder.layer1.0.relu,VMV3,train,sub-02,linear_predictivity,5919,113,0.015081906571153901,,"[31622.776601683796, 31622.776601683796, 31622.776601683796, 31622.776601683796, 31622.776601683796]",0.21635437709324679,1.1485696293610914,0.7834382592062152,0.9804035813029758
taskonomy/segment_unsup25d,encoder.layer1.0.relu,VMV3,test,sub-02,linear_predictivity,5919,113,0.0008248235988336097,"[-0.005415314766592551, -0.00016453195679947712, 0.010828110825799845, -0.000851181772390357, -0.0002729643358494126]",,,,,
taskonomy/segment_unsup25d,encoder.layer1.0.relu,VMV1,train,sub-02,linear_predictivity,5919,84,0.00820888953694022,,"[100000.0, 100000.0, 100000.0, 31622.776601683796, 100000.0]",0.11802491685663077,1.19656391672675,0.8818651959297726,0.988245482187472
taskonomy/segment_unsup25d,encoder.layer1.0.relu,VMV1,test,sub-02,linear_predictivity,5919,84,0.018340172370677452,"[0.012559625490437185, 0.01769322475561355, 0.013838303585764846, 0.024305084118027946, 0.023304623903543726]",,,,,
taskonomy/segment_unsup25d,encoder.layer1.0.relu,PHA2,train,sub-02,linear_predictivity,5919,29,-0.0023896990693831454,,"[100000.0, 316227.7660168379, 100000.0, 316227.7660168379, 100000.0]",0.06553873031987667,1.1905566063264748,0.9340964095111073,0.9981072995373133
taskonomy/segment_unsup25d,encoder.layer1.0.relu,PHA2,test,sub-02,linear_predictivity,5919,29,0.005198141885686091,"[0.007393009074222299, 0.0025150694744729973, 0.010075472706374601, 0.007319214254052147, -0.0013120560806915876]",,,,,
taskonomy/segment_unsup25d,encoder.layer1.0.relu,PHA3,train,sub-02,linear_predictivity,5919,147,-0.004763398064801235,,"[316227.7660168379, 316227.7660168379, 316227.7660168379, 316227.7660168379, 316227.7660168379]",0.033302951658848244,1.1843533406442208,0.9663839803185235,0.9995504306672073
taskonomy/segment_unsup25d,encoder.layer1.0.relu,PHA3,test,sub-02,linear_predictivity,5919,147,-0.0022293247426275913,"[0.0003230817521225372, -0.005816482446973805, -0.00031713163203906807, -0.0003500761640410959, -0.004986015222206525]",,,,,
taskonomy/segment_unsup25d,encoder.layer1.0.relu,PH,train,sub-02,linear_predictivity,5919,360,0.023748880710757512,,"[31622.776601683796, 31622.776601683796, 31622.776601683796, 31622.776601683796, 31622.776601683796]",0.22077244293347142,1.147661056169878,0.7790068001077065,0.9718233931710465
taskonomy/segment_unsup25d,encoder.layer1.0.relu,PH,test,sub-02,linear_predictivity,5919,360,0.01837278599229309,"[0.019801719204397168, 0.014018504801189923, 0.02210966459164023, 0.01535460992200596, 0.020579431442232166]",,,,,
taskonomy/segment_unsup25d,encoder.layer1.1.relu,V1,train,sub-02,linear_predictivity,5919,435,0.07939288854335425,,"[10000.0, 10000.0, 10000.0, 10000.0, 10000.0]",0.46507340301375794,1.0850074691517273,0.5347903936176939,0.9171985613428264
taskonomy/segment_unsup25d,encoder.layer1.1.relu,V1,test,sub-02,linear_predictivity,5919,435,0.11327327483398016,"[0.114285109308091, 0.10904039119941811, 0.12033053841624393, 0.11616876611669164, 0.10654156912945609]",,,,,
taskonomy/segment_unsup25d,encoder.layer1.1.relu,V2,train,sub-02,linear_predictivity,5919,567,0.03051239875118411,,"[31622.776601683796, 31622.776601683796, 31622.776601683796, 31622.776601683796, 31622.776601683796]",0.23240182600587184,1.136574152559515,0.7673861997885949,0.965299641147681
taskonomy/segment_unsup25d,encoder.layer1.1.relu,V2,test,sub-02,linear_predictivity,5919,567,0.03295823962044105,"[0.034882907456788674, 0.029581414184661353, 0.03654787153252951, 0.035976566915728384, 0.027802438012497384]",,,,,
taskonomy/segment_unsup25d,encoder.layer1.1.relu,V3,train,sub-02,linear_predictivity,5919,538,0.027931036701096586,,"[31622.776601683796, 31622.776601683796, 31622.776601683796, 31622.776601683796, 31622.776601683796]",0.2296823647606237,1.137258065350957,0.7701067498112335,0.9678611467394024
taskonomy/segment_unsup25d,encoder.layer1.1.relu,V3,test,sub-02,linear_predictivity,5919,538,0.025231735640043322,"[0.026191203973289837, 0.019806267779727542, 0.02335251126114033, 0.0274671829183217, 0.029341512267737218]",,,,,
taskonomy/segment_unsup25d,encoder.layer1.1.relu,V4,train,sub-02,linear_predictivity,5919,630,0.02241692611699344,,"[31622.776601683796, 31622.776601683796, 31622.776601683796, 31622.776601683796, 31622.776601683796]",0.2247957034484204,1.140593955774619,0.775008700564975,0.9736633318582314
taskonomy/segment_unsup25d,encoder.layer1.1.relu,V4,test,sub-02,linear_predictivity,5919,630,-0.00688274555282069,"[-0.013353668321523352, -0.01077334465335277, -0.005727576934978956, 0.00019040837957584247, -0.004749546233824217]",,,,,
taskonomy/segment_unsup25d,encoder.layer1.1.relu,V3A,train,sub-02,linear_predictivity,5919,273,0.009758975022857962,,"[31622.776601683796, 100000.0, 31622.776601683796, 31622.776601683796, 31622.776601683796]",0.1936457854615277,1.1560320685144863,0.8062004982115477,0.984918866647644
taskonomy/segment_unsup25d,encoder.layer1.1.relu,V3A,test,sub-02,linear_predictivity,5919,273,-0.0033583231614901163,"[0.0015477571446940337, 0.00497735182627349, -0.009509497460734862, 0.0075004540401604385, -0.02130768135784368]",,,,,
taskonomy/segment_unsup25d,encoder.layer1.1.relu,V3B,train,sub-02,linear_predictivity,5919,148,0.01742629327049591,,"[31622.776601683796, 31622.776601683796, 31622.776601683796, 31622.776601683796, 31622.776601683796]",0.2232907905512201,1.1567876810466016,0.7765927332781004,0.9799567644534756
taskonomy/segment_unsup25d,encoder.layer1.1.relu,V3B,test,sub-02,linear_predictivity,5919,148,-0.030392031635802647,"[-0.027392083253369393, -0.039723808959117986, -0.024776689200716604, -0.033524973619264965, -0.026542603146544302]",,,,,
taskonomy/segment_unsup25d,encoder.layer1.1.relu,V6,train,sub-02,linear_predictivity,5919,147,0.020292070097491677,,"[31622.776601683796, 100000.0, 31622.776601683796, 31622.776601683796, 31622.776601683796]",0.20197660944558388,1.1628855666770674,0.7977683148230327,0.974197844901141
taskonomy/segment_unsup25d,encoder.layer1.1.relu,V6,test,sub-02,linear_predictivity,5919,147,0.05194552108646662,"[0.05740773285611862, 0.04402036048774142, 0.04971871171992613, 0.056775671680503285, 0.05180512868804362]",,,,,
taskonomy/segment_unsup25d,encoder.layer1.1.relu,V6A,train,sub-02,linear_predictivity,5919,82,-0.0005240533301366725,,"[100000.0, 100000.0, 100000.0, 100000.0, 100000.0]",0.0883196399839855,1.176687863326999,0.9113959263874267,0.9956783593127421
taskonomy/segment_unsup25d,encoder.layer1.1.relu,V6A,test,sub-02,linear_predictivity,5919,82,0.010073210998909444,"[0.008531652762238955, 0.005340948058362109, 0.014236287823438174, 0.01389510542103494, 0.008362060929473043]",,,,,
taskonomy/segment_unsup25d,encoder.layer1.1.relu,V7,train,sub-02,linear_predictivity,5919,88,0.01448466579893931,,"[100000.0, 31622.776601683796, 31622.776601683796, 31622.776601683796, 31622.776601683796]",0.1994252377454639,1.1523928833661778,0.7998415457749886,0.9812855324516827
taskonomy/segment_unsup25d,encoder.layer1.1.relu,V7,test,sub-02,linear_predictivity,5919,88,0.02940650807251388,"[0.024493897511628785, 0.026293954415654738, 0.048371028320807315, 0.027004826488803188, 0.02086883362567538]",,,,,
taskonomy/segment_unsup25d,encoder.layer1.1.relu,V8,train,sub-02,linear_predictivity,5919,105,0.025193351479239876,,"[31622.776601683796, 31622.776601683796, 31622.776601683796, 31622.776601683796, 31622.776601683796]",0.23084356646739682,1.1462287774140691,0.7689164399605455,0.9701702916201735
taskonomy/segment_unsup25d,encoder.layer1.1.relu,V8,test,sub-02,linear_predictivity,5919,105,-0.011223427064823136,"[-0.020361799725135764, -0.007836429816986951, -0.004242847103115009, -0.010793720144837876, -0.012882338534040078]",,,,,
taskonomy/segment_unsup25d,encoder.layer1.1.relu,FFC,train,sub-02,linear_predictivity,5919,269,0.02637840366958678,,"[31622.776601683796, 31622.776601683796, 31622.776601683796, 31622.776601683796, 31622.776601683796]",0.2323831889916145,1.1409708986152551,0.7673596167551384,0.9687311542193979
taskonomy/segment_unsup25d,encoder.layer1.1.relu,FFC,test,sub-02,linear_predictivity,5919,269,0.06955902826527845,"[0.07004860804909821, 0.06850329235759521, 0.07435791061336425, 0.0634651728157474, 0.07142015749058715]",,,,,
taskonomy/segment_unsup25d,encoder.layer1.1.relu,PIT,train,sub-02,linear_predictivity,5919,110,0.036531568614927984,,"[31622.776601683796, 31622.776601683796, 31622.776601683796, 31622.776601683796, 31622.776601683796]",0.234263740262664,1.133930171023697,0.7654992797163341,0.9589835033671132
taskonomy/segment_unsup25d,encoder.layer1.1.relu,PIT,test,sub-02,linear_predictivity,5919,110,0.08558258887121817,"[0.08236320059573346, 0.08588279548668962, 0.08361126873964526, 0.0779448949656968, 0.09811078456832571]",,,,,
taskonomy/segment_unsup25d,encoder.layer1.1.relu,IPS1,train,sub-02,linear_predictivity,5919,212,-0.001296973023542403,,"[100000.0, 31622.776601683796, 100000.0, 31622.776601683796, 100000.0]",0.14247181107241705,1.1643606286234098,0.8575469074754978,0.9954639656305435
taskonomy/segment_unsup25d,encoder.layer1.1.relu,IPS1,test,sub-02,linear_predictivity,5919,212,0.013317652529826179,"[0.010298595361326211, 0.000343617817525797, 0.02201068095698078, 0.02065008276306509, 0.013285285750233022]",,,,,
taskonomy/segment_unsup25d,encoder.layer1.1.relu,MST,train,sub-02,linear_predictivity,5919,149,0.045822941035053424,,"[31622.776601683796, 31622.776601683796, 10000.0, 10000.0, 31622.776601683796]",0.33966092272878157,1.0990435604077633,0.6600098067972883,0.9491278387934534
taskonomy/segment_unsup25d,encoder.layer1.1.relu,MST,test,sub-02,linear_predictivity,5919,149,0.08258345527279007,"[0.10134313054471487, 0.0831996732322814, 0.08377065958779818, 0.06154791450894979, 0.08305589849020609]",,,,,
taskonomy/segment_unsup25d,encoder.layer1.1.relu,MT,train,sub-02,linear_predictivity,5919,99,0.03867022438217202,,"[31622.776601683796, 31622.776601683796, 10000.0, 31622.776601683796, 31622.776601683796]",0.292984048919156,1.1110534815836333,0.7076592811820491,0.9554292543084074
taskonomy/segment_unsup25d,encoder.layer1.1.relu,MT,test,sub-02,linear_predictivity,5919,99,0.07403183511290469,"[0.0808092908023457, 0.06676627339037551, 0.0800074202970024, 0.07433914605549867, 0.06823704501930111]",,,,,
taskonomy/segment_unsup25d,encoder.layer1.1.relu,FST,train,sub-02,linear_predictivity,5919,171,0.027284674985265756,,"[31622.776601683796, 31622.776601683796, 31622.776601683796, 31622.776601683796, 31622.776601683796]",0.23794765507500185,1.131477339849834,0.7618806598868793,0.9692238483592682
taskonomy/segment_unsup25d,encoder.layer1.1.relu,FST,test,sub-02,linear_predictivity,5919,171,0.044968158574439504,"[0.050447841120884886, 0.05075675848161717, 0.0461906547351888, 0.04146095711962526, 0.0359845814148814]",,,,,
taskonomy/segment_unsup25d,encoder.layer1.1.relu,LO1,train,sub-02,linear_predictivity,5919,78,0.02060465366301844,,"[31622.776601683796, 31622.776601683796, 31622.776601683796, 31622.776601683796, 31622.776601683796]",0.22333723810628298,1.1404599469835026,0.7765061794012184,0.9765063962467835
taskonomy/segment_unsup25d,encoder.layer1.1.relu,LO1,test,sub-02,linear_predictivity,5919,78,0.02566790780698346,"[0.0235025421618412, 0.019003390262463154, 0.024852475192072454, 0.03422536209737336, 0.02675576932116713]",,,,,
taskonomy/segment_unsup25d,encoder.layer1.1.relu,LO2,train,sub-02,linear_predictivity,5919,82,0.03290322863244071,,"[31622.776601683796, 31622.776601683796, 10000.0, 31622.776601683796, 31622.776601683796]",0.2738469371342309,1.1300233636754284,0.7264109077634695,0.9631651815759852
taskonomy/segment_unsup25d,encoder.layer1.1.relu,LO2,test,sub-02,linear_predictivity,5919,82,0.09441638310602188,"[0.09646637067864448, 0.09240008123125593, 0.09998062539993922, 0.08320514378050073, 0.10002969443976895]",,,,,
taskonomy/segment_unsup25d,encoder.layer1.1.relu,LO3,train,sub-02,linear_predictivity,5919,124,0.010421369132036562,,"[31622.776601683796, 100000.0, 31622.776601683796, 31622.776601683796, 31622.776601683796]",0.19295479089870327,1.1502627519703694,0.8066062396279559,0.9856362727694414
taskonomy/segment_unsup25d,encoder.layer1.1.relu,LO3,test,sub-02,linear_predictivity,5919,124,0.0348447221590729,"[0.03300139061655674, 0.024363420502459803, 0.04048630676503619, 0.04070916775436145, 0.03566332515695034]",,,,,
taskonomy/segment_unsup25d,encoder.layer1.1.relu,V7,train,sub-02,linear_predictivity,5919,88,0.01448466579893931,,"[100000.0, 31622.776601683796, 31622.776601683796, 31622.776601683796, 31622.776601683796]",0.1994252377454639,1.1523928833661778,0.7998415457749886,0.9812855324516827
taskonomy/segment_unsup25d,encoder.layer1.1.relu,V7,test,sub-02,linear_predictivity,5919,88,0.02940650807251388,"[0.024493897511628785, 0.026293954415654738, 0.048371028320807315, 0.027004826488803188, 0.02086883362567538]",,,,,
taskonomy/segment_unsup25d,encoder.layer1.1.relu,IP0,train,sub-02,linear_predictivity,5919,151,0.0005910318694496095,,"[100000.0, 100000.0, 100000.0, 100000.0, 100000.0]",0.09154442288098986,1.1783313321135578,0.9082353001044824,0.9955499523506506
taskonomy/segment_unsup25d,encoder.layer1.1.relu,IP0,test,sub-02,linear_predictivity,5919,151,0.0005015872106896996,"[0.0008924201900900641, -0.010167265202212445, 0.008867549779896905, -0.0008301403544810797, 0.003745371640155053]",,,,,
taskonomy/segment_unsup25d,encoder.layer1.1.relu,IP1,train,sub-02,linear_predictivity,5919,78,-0.006497344196968852,,"[316227.7660168379, 100000.0, 316227.7660168379, 316227.7660168379, 316227.7660168379]",0.044144682577504465,1.2007253640987845,0.955304886349882,1.0018220277232013
taskonomy/segment_unsup25d,encoder.layer1.1.relu,IP1,test,sub-02,linear_predictivity,5919,78,-0.00546325683284031,"[-0.0018442845788303164, -0.01738065149526095, -0.004126847490846283, -0.0017591516464965245, -0.0022053489527674775]",,,,,
taskonomy/segment_unsup25d,encoder.layer1.1.relu,MIP,train,sub-02,linear_predictivity,5919,198,-0.00544137985393831,,"[100000.0, 100000.0, 316227.7660168379, 100000.0, 100000.0]",0.0794249935056197,1.1793082034361448,0.9202228298859495,1.0009641773222469
taskonomy/segment_unsup25d,encoder.layer1.1.relu,MIP,test,sub-02,linear_predictivity,5919,198,-0.007198327232956469,"[-0.008289109297327889, -0.014962251071174942, -8.075245645433772e-05, -0.0015668976258058037, -0.011092625714019373]",,,,,
taskonomy/segment_unsup25d,encoder.layer1.1.relu,VIP,train,sub-02,linear_predictivity,5919,200,0.0011652218646645658,,"[100000.0, 100000.0, 100000.0, 100000.0, 100000.0]",0.09011581321161302,1.1705957884005966,0.9096599063169354,0.9949290503607597
taskonomy/segment_unsup25d,encoder.layer1.1.relu,VIP,test,sub-02,linear_predictivity,5919,200,0.014887343885212326,"[0.013687223868810392, 0.01069217529429315, 0.019463305743242156, 0.018314192617407864, 0.012279821902308072]",,,,,
taskonomy/segment_unsup25d,encoder.layer1.1.relu,LIPd,train,sub-02,linear_predictivity,5919,106,-0.0021539277147808785,,"[100000.0, 100000.0, 100000.0, 100000.0, 100000.0]",0.08973078135895454,1.170306447405904,0.9099558906536014,0.9965946567592543
taskonomy/segment_unsup25d,encoder.layer1.1.relu,LIPd,test,sub-02,linear_predictivity,5919,106,0.009546906656908796,"[0.009924720929207483, 0.003878574076943321, 0.015338083107199972, 0.005769261313802781, 0.012823893857390425]",,,,,
taskonomy/segment_unsup25d,encoder.layer1.1.relu,LIPv,train,sub-02,linear_predictivity,5919,239,-0.002020950222410254,,"[100000.0, 31622.776601683796, 100000.0, 100000.0, 100000.0]",0.11551666283004691,1.173531946301696,0.8837735772846015,0.9975927850024471
taskonomy/segment_unsup25d,encoder.layer1.1.relu,LIPv,test,sub-02,linear_predictivity,5919,239,0.012722832159977498,"[0.01649882408271233, 0.0026493720862692154, 0.01980741611289013, 0.01083054927646964, 0.013827999241546186]",,,,,
taskonomy/segment_unsup25d,encoder.layer1.1.relu,AIP,train,sub-02,linear_predictivity,5919,381,-0.0057481936660839636,,"[100000.0, 100000.0, 100000.0, 100000.0, 100000.0]",0.08980405826831925,1.1789881683959937,0.9098491360413501,0.9998433599052211
taskonomy/segment_unsup25d,encoder.layer1.1.relu,AIP,test,sub-02,linear_predictivity,5919,381,0.0013383436951261065,"[0.0006307583307029923, -0.004770704086550027, 0.002828441048771391, 0.006491727703403241, 0.0015114954793029353]",,,,,
taskonomy/segment_unsup25d,encoder.layer1.1.relu,7Pm,train,sub-02,linear_predictivity,5919,37,-0.009148763706142614,,"[1000000000.0, 100000.0, 1000000000.0, 100000.0, 100000.0]",0.05301863021946442,1.1767027307271754,0.9465241200402353,1.0057872815688007
taskonomy/segment_unsup25d,encoder.layer1.1.relu,7Pm,test,sub-02,linear_predictivity,5919,37,-0.009057868682136089,"[-0.0047265635630156285, -0.004773279580011815, -0.009278917727683324, -0.013309809367534712, -0.013200773172434966]",,,,,
taskonomy/segment_unsup25d,encoder.layer1.1.relu,7PL,train,sub-02,linear_predictivity,5919,38,-0.0005603147780707351,,"[100000.0, 100000.0, 100000.0, 100000.0, 100000.0]",0.08924592506061792,1.1694793559868182,0.9105621406956651,0.9971861809538074
taskonomy/segment_unsup25d,encoder.layer1.1.relu,7PL,test,sub-02,linear_predictivity,5919,38,-0.004957617502000534,"[0.003299283074085569, -0.003916758150995672, -0.007532794974354273, -0.008298979222097599, -0.0083388382366407]",,,,,
taskonomy/segment_unsup25d,encoder.layer1.1.relu,7PC,train,sub-02,linear_predictivity,5919,234,-0.007730323546927666,,"[316227.7660168379, 100000.0, 100000.0, 316227.7660168379, 316227.7660168379]",0.05384668589622756,1.184363655479127,0.9456179631163181,1.0029371366880302
taskonomy/segment_unsup25d,encoder.layer1.1.relu,7PC,test,sub-02,linear_predictivity,5919,234,-0.000656650462920989,"[-0.0012463630805148898, -0.0023393741844264216, 0.003255446474788227, -0.003944062057742784, 0.000991100533290923]",,,,,
taskonomy/segment_unsup25d,encoder.layer1.1.relu,7Am,train,sub-02,linear_predictivity,5919,232,-0.004753503008866956,,"[1000000.0, 100000.0, 100000.0, 100000.0, 100000.0]",0.07369841000105173,1.1819716742800568,0.9260035499972787,1.0010093491277277
taskonomy/segment_unsup25d,encoder.layer1.1.relu,7Am,test,sub-02,linear_predictivity,5919,232,0.013432631239443594,"[0.001287314354150282, 0.014045848603279135, 0.01609167295669723, 0.016724952097711455, 0.019013368185379874]",,,,,
taskonomy/segment_unsup25d,encoder.layer1.1.relu,7AL,train,sub-02,linear_predictivity,5919,259,-0.006298071316374499,,"[316227.7660168379, 100000.0, 316227.7660168379, 100000.0, 3162277.6601683795]",0.04910477626777861,1.1946606903648505,0.9507159544460289,1.0029134998382243
taskonomy/segment_unsup25d,encoder.layer1.1.relu,7AL,test,sub-02,linear_predictivity,5919,259,-0.0019892355383846947,"[-0.004201848891834775, 0.0017892908103886867, -0.00037390691640179827, 0.00038727930133756035, -0.007546991995413147]",,,,,
taskonomy/segment_unsup25d,encoder.layer1.1.relu,VVC,train,sub-02,linear_predictivity,5919,159,0.0032182355516365935,,"[100000.0, 31622.776601683796, 100000.0, 31622.776601683796, 100000.0]",0.14471744120015567,1.1642797114965195,0.854838927542793,0.9917960201307233
taskonomy/segment_unsup25d,encoder.layer1.1.relu,VVC,test,sub-02,linear_predictivity,5919,159,0.00032451427721587285,"[0.0039946544579377765, -0.005572257849496824, 0.003364592552728237, -0.001941701065550603, 0.001777283290460778]",,,,,
taskonomy/segment_unsup25d,encoder.layer1.1.relu,VMV2,train,sub-02,linear_predictivity,5919,124,0.008062077388848126,,"[31622.776601683796, 31622.776601683796, 31622.776601683796, 31622.776601683796, 100000.0]",0.19121360221729194,1.1558092345637268,0.8088587767798678,0.9871705620417146
taskonomy/segment_unsup25d,encoder.layer1.1.relu,VMV2,test,sub-02,linear_predictivity,5919,124,0.0209826147301447,"[0.013571219410559606, 0.016782496181702366, 0.025624623062108873, 0.0337803326443952, 0.015154402351957435]",,,,,
taskonomy/segment_unsup25d,encoder.layer1.1.relu,VMV3,train,sub-02,linear_predictivity,5919,113,0.013820977698675475,,"[31622.776601683796, 31622.776601683796, 31622.776601683796, 31622.776601683796, 31622.776601683796]",0.2228263251020574,1.1481285232854959,0.7769756192887268,0.981732832342462
taskonomy/segment_unsup25d,encoder.layer1.1.relu,VMV3,test,sub-02,linear_predictivity,5919,113,0.005482552570336268,"[-0.005555566060363114, 0.004210087085697096, 0.016219841411148832, 0.009750874427126651, 0.0027875259880718734]",,,,,
taskonomy/segment_unsup25d,encoder.layer1.1.relu,VMV1,train,sub-02,linear_predictivity,5919,84,0.009135461501072544,,"[100000.0, 100000.0, 100000.0, 31622.776601683796, 100000.0]",0.12234495407934434,1.1741249118600323,0.877550144435765,0.9873324473462333
taskonomy/segment_unsup25d,encoder.layer1.1.relu,VMV1,test,sub-02,linear_predictivity,5919,84,0.018338556946447173,"[0.013437380267597169, 0.016521800066242726, 0.014457148093169316, 0.027402979930844458, 0.01987347637438221]",,,,,
taskonomy/segment_unsup25d,encoder.layer1.1.relu,PHA2,train,sub-02,linear_predictivity,5919,29,-0.0015831679978544663,,"[100000.0, 100000.0, 100000.0, 100000.0, 100000.0]",0.08942398259740185,1.1696714644833617,0.9103337533621222,0.997189213819793
taskonomy/segment_unsup25d,encoder.layer1.1.relu,PHA2,test,sub-02,linear_predictivity,5919,29,0.00848227179659986,"[0.01244703997322011, 0.000777634438301673, 0.013986608110120992, 0.01307911507266242, 0.0021209613886941092]",,,,,
taskonomy/segment_unsup25d,encoder.layer1.1.relu,PHA3,train,sub-02,linear_predictivity,5919,147,-0.004825804765946326,,"[100000.0, 316227.7660168379, 316227.7660168379, 316227.7660168379, 100000.0]",0.05532889883956632,1.166540596787121,0.9445007755737717,0.9995683267297167
taskonomy/segment_unsup25d,encoder.layer1.1.relu,PHA3,test,sub-02,linear_predictivity,5919,147,-0.0035843591109406938,"[-0.00042392779507874665, -0.005981858331408551, -0.0015575487978861545, -8.525737506351195e-05, -0.009873203255266503]",,,,,
taskonomy/segment_unsup25d,encoder.layer1.1.relu,PH,train,sub-02,linear_predictivity,5919,360,0.025605982745153202,,"[31622.776601683796, 31622.776601683796, 31622.776601683796, 31622.776601683796, 31622.776601683796]",0.2303374919274052,1.1407872736015785,0.7694461760840042,0.9700015845576434
taskonomy/segment_unsup25d,encoder.layer1.1.relu,PH,test,sub-02,linear_predictivity,5919,360,0.02250711831474219,"[0.020778558787907568, 0.016313284022155303, 0.02709542187669521, 0.02185163587544593, 0.026496691011506923]",,,,,
taskonomy/segment_unsup25d,encoder.layer1.2.relu,V1,train,sub-02,linear_predictivity,5919,435,0.09008954615334346,,"[10000.0, 10000.0, 10000.0, 10000.0, 10000.0]",0.493658331807919,1.0674693033002032,0.5062099483338172,0.906501723791371
taskonomy/segment_unsup25d,encoder.layer1.2.relu,V1,test,sub-02,linear_predictivity,5919,435,0.11653042931197802,"[0.12148158607625995, 0.11249214105241176, 0.11865053244808363, 0.12289204864988017, 0.1071358383332545]",,,,,
taskonomy/segment_unsup25d,encoder.layer1.2.relu,V2,train,sub-02,linear_predictivity,5919,567,0.03777620574510719,,"[31622.776601683796, 31622.776601683796, 31622.776601683796, 31622.776601683796, 31622.776601683796]",0.2499983204773008,1.1156391839772628,0.74980065720806,0.9581425918549936
taskonomy/segment_unsup25d,encoder.layer1.2.relu,V2,test,sub-02,linear_predictivity,5919,567,0.0328647069005474,"[0.03893728219445639, 0.025958370497103204, 0.033259452884714956, 0.03382624717640424, 0.032342181750058215]",,,,,
taskonomy/segment_unsup25d,encoder.layer1.2.relu,V3,train,sub-02,linear_predictivity,5919,538,0.03514963532572674,,"[31622.776601683796, 31622.776601683796, 31622.776601683796, 31622.776601683796, 31622.776601683796]",0.2472959182485289,1.1215688690163552,0.7524973746413952,0.9606433463685194
taskonomy/segment_unsup25d,encoder.layer1.2.relu,V3,test,sub-02,linear_predictivity,5919,538,0.03762297014543917,"[0.04070931193166646, 0.028864042979977977, 0.034911823906542405, 0.04109018429391645, 0.04253948761509259]",,,,,
taskonomy/segment_unsup25d,encoder.layer1.2.relu,V4,train,sub-02,linear_predictivity,5919,630,0.029260826189436987,,"[31622.776601683796, 31622.776601683796, 31622.776601683796, 31622.776601683796, 31622.776601683796]",0.24280634803479823,1.1210605828677316,0.7569980922063742,0.9668029230593727
taskonomy/segment_unsup25d,encoder.layer1.2.relu,V4,test,sub-02,linear_predictivity,5919,630,0.0048908829787174335,"[-0.00046928801342119834, -0.0031138258793970493, 0.003914093115968664, 0.014319350467705275, 0.009804085202731475]",,,,,
taskonomy/segment_unsup25d,encoder.layer1.2.relu,V3A,train,sub-02,linear_predictivity,5919,273,0.021955638550782943,,"[31622.776601683796, 31622.776601683796, 31622.776601683796, 31622.776601683796, 31622.776601683796]",0.23656579713623876,1.1408635524534436,0.7632106060604548,0.9729796591932885
taskonomy/segment_unsup25d,encoder.layer1.2.relu,V3A,test,sub-02,linear_predictivity,5919,273,-0.0023483091323603994,"[0.005795341192250878, -0.009905309417778799, -0.008586671767223709, 0.012759906622426697, -0.011804812291477064]",,,,,
taskonomy/segment_unsup25d,encoder.layer1.2.relu,V3B,train,sub-02,linear_predictivity,5919,148,0.027708210315905094,,"[31622.776601683796, 31622.776601683796, 31622.776601683796, 31622.776601683796, 31622.776601683796]",0.24182979607763713,1.1303180002045334,0.7580504917450813,0.9696563782130688
taskonomy/segment_unsup25d,encoder.layer1.2.relu,V3B,test,sub-02,linear_predictivity,5919,148,-0.024160634888537834,"[-0.018684716286224524, -0.029434504189778367, -0.021232242135887, -0.02705501443489334, -0.024396697395905942]",,,,,
taskonomy/segment_unsup25d,encoder.layer1.2.relu,V6,train,sub-02,linear_predictivity,5919,147,0.020724369736961023,,"[31622.776601683796, 31622.776601683796, 31622.776601683796, 31622.776601683796, 31622.776601683796]",0.23713347832135984,1.1392847364510224,0.7625927391114058,0.9737355217349861
taskonomy/segment_unsup25d,encoder.layer1.2.relu,V6,test,sub-02,linear_predictivity,5919,147,0.04623573127771073,"[0.055788745548939485, 0.0320758535799042, 0.04053839544181066, 0.052295375117643386, 0.05048028670025593]",,,,,
taskonomy/segment_unsup25d,encoder.layer1.2.relu,V6A,train,sub-02,linear_predictivity,5919,82,0.0013860047983158808,,"[100000.0, 100000.0, 100000.0, 100000.0, 100000.0]",0.09392095895398825,1.1650633957263612,0.9057997780251199,0.993802425492069
taskonomy/segment_unsup25d,encoder.layer1.2.relu,V6A,test,sub-02,linear_predictivity,5919,82,0.011737034347358222,"[0.010128770427244898, 0.0036602787440175905, 0.015426812305225489, 0.01732963844601822, 0.012139671814284913]",,,,,
taskonomy/segment_unsup25d,encoder.layer1.2.relu,V7,train,sub-02,linear_predictivity,5919,88,0.025056143221598957,,"[31622.776601683796, 31622.776601683796, 31622.776601683796, 31622.776601683796, 31622.776601683796]",0.24281225621418573,1.1218506049156722,0.7569794559626255,0.9706094068390028
taskonomy/segment_unsup25d,encoder.layer1.2.relu,V7,test,sub-02,linear_predictivity,5919,88,0.037377467698648005,"[0.03227092973465633, 0.03304835312983107, 0.05125062881945967, 0.04072319840737531, 0.029594228401917635]",,,,,
taskonomy/segment_unsup25d,encoder.layer1.2.relu,V8,train,sub-02,linear_predictivity,5919,105,0.030360745836505717,,"[31622.776601683796, 31622.776601683796, 31622.776601683796, 31622.776601683796, 31622.776601683796]",0.24748496541768414,1.1109229756593042,0.7522753457028923,0.9649829081490138
taskonomy/segment_unsup25d,encoder.layer1.2.relu,V8,test,sub-02,linear_predictivity,5919,105,-0.010886340614186748,"[-0.022952271298507552, -0.010825446272030201, -0.011856093374136538, -0.0022339155410750293, -0.006563976585184412]",,,,,
taskonomy/segment_unsup25d,encoder.layer1.2.relu,FFC,train,sub-02,linear_predictivity,5919,269,0.031130305399162225,,"[31622.776601683796, 31622.776601683796, 31622.776601683796, 31622.776601683796, 31622.776601683796]",0.24883987210158875,1.118452352860966,0.7509076104520679,0.964001999985995
taskonomy/segment_unsup25d,encoder.layer1.2.relu,FFC,test,sub-02,linear_predictivity,5919,269,0.07567824229476824,"[0.07577742665647674, 0.07957500450898713, 0.07846667370767996, 0.07012704587314154, 0.07444506072755579]",,,,,
taskonomy/segment_unsup25d,encoder.layer1.2.relu,PIT,train,sub-02,linear_predictivity,5919,110,0.04213277017326689,,"[31622.776601683796, 31622.776601683796, 31622.776601683796, 31622.776601683796, 31622.776601683796]",0.2529040365658765,1.1116900569040706,0.7468699942024648,0.9534463111710345
taskonomy/segment_unsup25d,encoder.layer1.2.relu,PIT,test,sub-02,linear_predictivity,5919,110,0.10139677389704049,"[0.09691459101523195, 0.10754785925217063, 0.10176652458776186, 0.09101572847797092, 0.10973916615206708]",,,,,
taskonomy/segment_unsup25d,encoder.layer1.2.relu,IPS1,train,sub-02,linear_predictivity,5919,212,0.004463065972635965,,"[31622.776601683796, 31622.776601683796, 31622.776601683796, 31622.776601683796, 31622.776601683796]",0.22825180925663036,1.14139318893143,0.7714713904671633,0.9894705569779546
taskonomy/segment_unsup25d,encoder.layer1.2.relu,IPS1,test,sub-02,linear_predictivity,5919,212,0.01763304011221869,"[0.00810990700556635, 0.0032212803147002632, 0.028624251840974477, 0.03025698851128635, 0.01795277288856599]",,,,,
taskonomy/segment_unsup25d,encoder.layer1.2.relu,MST,train,sub-02,linear_predictivity,5919,149,0.05600940843008259,,"[31622.776601683796, 31622.776601683796, 10000.0, 31622.776601683796, 31622.776601683796]",0.31641451277589683,1.0767485002822714,0.6841688389105399,0.9393350019016425
taskonomy/segment_unsup25d,encoder.layer1.2.relu,MST,test,sub-02,linear_predictivity,5919,149,0.08746526282796621,"[0.10656020914662606, 0.09078621037502728, 0.06979396179263482, 0.08958944537054102, 0.0805964874550019]",,,,,
taskonomy/segment_unsup25d,encoder.layer1.2.relu,MT,train,sub-02,linear_predictivity,5919,99,0.04724063896120355,,"[31622.776601683796, 31622.776601683796, 31622.776601683796, 31622.776601683796, 31622.776601683796]",0.26663262872513566,1.0910809066802147,0.7330650898298596,0.9467654612408799
taskonomy/segment_unsup25d,encoder.layer1.2.relu,MT,test,sub-02,linear_predictivity,5919,99,0.07265502052512011,"[0.0837701338772423, 0.07020904790401164, 0.07956155525679555, 0.07050189164256677, 0.05923247394498433]",,,,,
taskonomy/segment_unsup25d,encoder.layer1.2.relu,FST,train,sub-02,linear_predictivity,5919,171,0.03331185310245696,,"[31622.776601683796, 31622.776601683796, 31622.776601683796, 31622.776601683796, 31622.776601683796]",0.25326180175644714,1.1069664188211508,0.7465725467454941,0.963284438719886
taskonomy/segment_unsup25d,encoder.layer1.2.relu,FST,test,sub-02,linear_predictivity,5919,171,0.05491656144822989,"[0.0612549620883322, 0.0643642431371298, 0.05307999243687195, 0.0507135204853445, 0.045170089093471005]",,,,,
taskonomy/segment_unsup25d,encoder.layer1.2.relu,LO1,train,sub-02,linear_predictivity,5919,78,0.02369693616674979,,"[31622.776601683796, 31622.776601683796, 31622.776601683796, 31622.776601683796, 31622.776601683796]",0.2382872415906414,1.1343163563514425,0.7615691441401065,0.9734209229619205
taskonomy/segment_unsup25d,encoder.layer1.2.relu,LO1,test,sub-02,linear_predictivity,5919,78,0.042421906490679784,"[0.03415328738957647, 0.029402769418704067, 0.04561112493630328, 0.05290752384963218, 0.050034826859182924]",,,,,
taskonomy/segment_unsup25d,encoder.layer1.2.relu,LO2,train,sub-02,linear_predictivity,5919,82,0.042911403468657565,,"[31622.776601683796, 31622.776601683796, 31622.776601683796, 31622.776601683796, 31622.776601683796]",0.25053045815165903,1.1222411087765198,0.749269188426626,0.9532179059857769
taskonomy/segment_unsup25d,encoder.layer1.2.relu,LO2,test,sub-02,linear_predictivity,5919,82,0.10044436061514114,"[0.10068099294308167, 0.10289111582679762, 0.1012482551294421, 0.0931926456918643, 0.10420879348451995]",,,,,
taskonomy/segment_unsup25d,encoder.layer1.2.relu,LO3,train,sub-02,linear_predictivity,5919,124,0.012243531369184272,,"[100000.0, 100000.0, 31622.776601683796, 31622.776601683796, 100000.0]",0.1560362117654755,1.1443647892457742,0.8441075092884047,0.9834761752817064
taskonomy/segment_unsup25d,encoder.layer1.2.relu,LO3,test,sub-02,linear_predictivity,5919,124,0.03400266329963333,"[0.02722456245000196, 0.027221222708577117, 0.03921746138281992, 0.04699342959187755, 0.029356640364890114]",,,,,
taskonomy/segment_unsup25d,encoder.layer1.2.relu,V7,train,sub-02,linear_predictivity,5919,88,0.025056143221598957,,"[31622.776601683796, 31622.776601683796, 31622.776601683796, 31622.776601683796, 31622.776601683796]",0.24281225621418573,1.1218506049156722,0.7569794559626255,0.9706094068390028
taskonomy/segment_unsup25d,encoder.layer1.2.relu,V7,test,sub-02,linear_predictivity,5919,88,0.037377467698648005,"[0.03227092973465633, 0.03304835312983107, 0.05125062881945967, 0.04072319840737531, 0.029594228401917635]",,,,,
taskonomy/segment_unsup25d,encoder.layer1.2.relu,IP0,train,sub-02,linear_predictivity,5919,151,0.0029789417931758815,,"[100000.0, 100000.0, 100000.0, 100000.0, 100000.0]",0.0973388698878567,1.1634961802375752,0.9024287402267863,0.99303208409581
taskonomy/segment_unsup25d,encoder.layer1.2.relu,IP0,test,sub-02,linear_predictivity,5919,151,0.005115643995733572,"[0.0064810981468136075, -0.004211647352632345, 0.010446220052044774, 0.004398573718547874, 0.008463975413893954]",,,,,
taskonomy/segment_unsup25d,encoder.layer1.2.relu,IP1,train,sub-02,linear_predictivity,5919,78,-0.005157537565024668,,"[100000.0, 100000.0, 100000.0, 316227.7660168379, 316227.7660168379]",0.06923577530578733,1.172740867290362,0.9303947832637902,1.000473301933808
taskonomy/segment_unsup25d,encoder.layer1.2.relu,IP1,test,sub-02,linear_predictivity,5919,78,-0.0073190815104015716,"[-0.004705094152538816, -0.01998447771499147, -0.0071850479420998, -0.002276031514501894, -0.0024447562278758802]",,,,,
taskonomy/segment_unsup25d,encoder.layer1.2.relu,MIP,train,sub-02,linear_predictivity,5919,198,-0.0027526798447740915,,"[100000.0, 100000.0, 100000.0, 100000.0, 100000.0]",0.09501398329563324,1.155148220065049,0.904731314927181,0.9982631810580728
taskonomy/segment_unsup25d,encoder.layer1.2.relu,MIP,test,sub-02,linear_predictivity,5919,198,-0.0031321242793553366,"[-0.003933939056387908, -0.01211428132809156, 0.0010695760942049173, 0.004139523485964497, -0.004821500592466632]",,,,,
taskonomy/segment_unsup25d,encoder.layer1.2.relu,VIP,train,sub-02,linear_predictivity,5919,200,0.0012332945410282966,,"[100000.0, 31622.776601683796, 100000.0, 31622.776601683796, 100000.0]",0.1467939316068156,1.1452880488432324,0.8529035887697104,0.9947302549752302
taskonomy/segment_unsup25d,encoder.layer1.2.relu,VIP,test,sub-02,linear_predictivity,5919,200,0.012305624169860325,"[0.011599522772276452, -0.001515855232439456, 0.018316161427012156, 0.02228830479605169, 0.01083998708640078]",,,,,
taskonomy/segment_unsup25d,encoder.layer1.2.relu,LIPd,train,sub-02,linear_predictivity,5919,106,0.0010971144489827184,,"[100000.0, 100000.0, 100000.0, 100000.0, 100000.0]",0.09749065376693182,1.1493946214434272,0.902184171083303,0.9932644639365387
taskonomy/segment_unsup25d,encoder.layer1.2.relu,LIPd,test,sub-02,linear_predictivity,5919,106,0.009102061821793975,"[0.00837493257731925, 0.00485899742850615, 0.013160155511891848, 0.0070935815459440745, 0.012022642045308549]",,,,,
taskonomy/segment_unsup25d,encoder.layer1.2.relu,LIPv,train,sub-02,linear_predictivity,5919,239,0.0028836747707741113,,"[100000.0, 31622.776601683796, 100000.0, 100000.0, 100000.0]",0.12589703373985214,1.141814943204178,0.8733407736953659,0.992748676660096
taskonomy/segment_unsup25d,encoder.layer1.2.relu,LIPv,test,sub-02,linear_predictivity,5919,239,0.014464445493545086,"[0.01555575364132254, 0.011205906347993927, 0.01704409819926056, 0.013706406144971555, 0.014810063134176843]",,,,,
taskonomy/segment_unsup25d,encoder.layer1.2.relu,AIP,train,sub-02,linear_predictivity,5919,381,-0.004364683849172251,,"[100000.0, 100000.0, 100000.0, 100000.0, 100000.0]",0.0953456473125901,1.1656902652382508,0.9042936418626668,0.9983874549897684
taskonomy/segment_unsup25d,encoder.layer1.2.relu,AIP,test,sub-02,linear_predictivity,5919,381,-0.0007033904261796283,"[-0.0026820383465296126, -0.0031576261063202024, -0.0027329625490480265, 0.006234371741244238, -0.0011786968702445389]",,,,,
taskonomy/segment_unsup25d,encoder.layer1.2.relu,7Pm,train,sub-02,linear_predictivity,5919,37,-0.006480464321033908,,"[100000.0, 100000.0, 316227.7660168379, 100000.0, 100000.0]",0.08050030727755922,1.1621960685850292,0.9191330854865145,1.0032014168793493
taskonomy/segment_unsup25d,encoder.layer1.2.relu,7Pm,test,sub-02,linear_predictivity,5919,37,-0.002938621138028767,"[0.00019041626215572912, 0.004407614218448105, -0.00837632663859472, -0.004364745866868545, -0.006550063665284403]",,,,,
taskonomy/segment_unsup25d,encoder.layer1.2.relu,7PL,train,sub-02,linear_predictivity,5919,38,-0.0003076439743428315,,"[100000.0, 100000.0, 100000.0, 100000.0, 100000.0]",0.09383981509369255,1.1489758738324827,0.9059659032470911,0.9968799855344569
taskonomy/segment_unsup25d,encoder.layer1.2.relu,7PL,test,sub-02,linear_predictivity,5919,38,6.398203586624115e-06,"[0.0055513961275327865, 0.0014690016580542066, -0.0011381184339858364, -0.0008344817912124299, -0.005015806542455607]",,,,,
taskonomy/segment_unsup25d,encoder.layer1.2.relu,7PC,train,sub-02,linear_predictivity,5919,234,-0.00463592033508891,,"[100000.0, 100000.0, 100000.0, 100000.0, 100000.0]",0.09205353776605218,1.1540649522521336,0.9076562083410196,0.9996944334427026
taskonomy/segment_unsup25d,encoder.layer1.2.relu,7PC,test,sub-02,linear_predictivity,5919,234,0.0018372668377200322,"[0.0021889026291768377, 0.003006421705755992, 0.005192935975328134, -0.0026297413376589925, 0.0014278152159981903]",,,,,
taskonomy/segment_unsup25d,encoder.layer1.2.relu,7Am,train,sub-02,linear_predictivity,5919,232,-0.006743317359740522,,"[1000000.0, 100000.0, 316227.7660168379, 100000.0, 100000.0]",0.06464896685450663,1.1634719962116287,0.9349483760927588,1.0030247597922257
taskonomy/segment_unsup25d,encoder.layer1.2.relu,7Am,test,sub-02,linear_predictivity,5919,232,0.010905230647150462,"[0.0007763694067639988, 0.01314857666695009, 0.007630515265527562, 0.0170281916122164, 0.01594250028429426]",,,,,
taskonomy/segment_unsup25d,encoder.layer1.2.relu,7AL,train,sub-02,linear_predictivity,5919,259,-0.006513523083417353,,"[316227.7660168379, 100000.0, 100000.0, 100000.0, 1000000.0]",0.06352799385360217,1.1747497065740327,0.9362151526495147,1.0031053992567671
taskonomy/segment_unsup25d,encoder.layer1.2.relu,7AL,test,sub-02,linear_predictivity,5919,259,0.00016781170959960027,"[-0.0020456608749159794, 0.0024788327071027733, 0.0039640290704381865, 0.0031165193806023087, -0.006674661735229287]",,,,,
taskonomy/segment_unsup25d,encoder.layer1.2.relu,VVC,train,sub-02,linear_predictivity,5919,159,0.004942329603522849,,"[100000.0, 31622.776601683796, 100000.0, 31622.776601683796, 100000.0]",0.15294278638760322,1.1340702395036457,0.846602256091934,0.9900498593251538
taskonomy/segment_unsup25d,encoder.layer1.2.relu,VVC,test,sub-02,linear_predictivity,5919,159,0.002092727734735791,"[0.0024377392033197148, -0.005814273928424139, 0.004448206314087228, 0.00382111869377511, 0.005570848390921041]",,,,,
taskonomy/segment_unsup25d,encoder.layer1.2.relu,VMV2,train,sub-02,linear_predictivity,5919,124,0.013490564626337471,,"[31622.776601683796, 31622.776601683796, 31622.776601683796, 31622.776601683796, 31622.776601683796]",0.22892782021752084,1.1359719643806012,0.7708423871448653,0.9817583426194176
taskonomy/segment_unsup25d,encoder.layer1.2.relu,VMV2,test,sub-02,linear_predictivity,5919,124,0.02120020103083601,"[0.00194596539563285, 0.00880911646509703, 0.020382182302023814, 0.04134154202267869, 0.03352219896874765]",,,,,
taskonomy/segment_unsup25d,encoder.layer1.2.relu,VMV3,train,sub-02,linear_predictivity,5919,113,0.017851207272252576,,"[31622.776601683796, 31622.776601683796, 31622.776601683796, 31622.776601683796, 31622.776601683796]",0.2385314808373687,1.1186062787637028,0.7612377739236929,0.9773716100076684
taskonomy/segment_unsup25d,encoder.layer1.2.relu,VMV3,test,sub-02,linear_predictivity,5919,113,-0.006223918919822715,"[-0.02862370600735228, -0.012781148839419821, -0.005590681356052374, 0.007733854884679338, 0.008142086719031572]",,,,,
taskonomy/segment_unsup25d,encoder.layer1.2.relu,VMV1,train,sub-02,linear_predictivity,5919,84,0.00805255203518117,,"[100000.0, 100000.0, 100000.0, 31622.776601683796, 100000.0]",0.12740992804133314,1.143434411626404,0.872495445630714,0.9883634373804673
taskonomy/segment_unsup25d,encoder.layer1.2.relu,VMV1,test,sub-02,linear_predictivity,5919,84,0.017416363614839076,"[0.012252326328682249, 0.014520996759966516, 0.012689928560109911, 0.02782874999761467, 0.019789816427822033]",,,,,
taskonomy/segment_unsup25d,encoder.layer1.2.relu,PHA2,train,sub-02,linear_predictivity,5919,29,-0.0006970999171633855,,"[100000.0, 100000.0, 100000.0, 100000.0, 100000.0]",0.09407425060704691,1.1521735516737093,0.9056872494175167,0.9963582175816617
taskonomy/segment_unsup25d,encoder.layer1.2.relu,PHA2,test,sub-02,linear_predictivity,5919,29,0.009866945285912575,"[0.01336798092290401, 0.0011126132477055227, 0.014150826279206408, 0.015022776366152032, 0.005680529613594898]",,,,,
taskonomy/segment_unsup25d,encoder.layer1.2.relu,PHA3,train,sub-02,linear_predictivity,5919,147,-0.004480736967179317,,"[100000.0, 316227.7660168379, 316227.7660168379, 100000.0, 100000.0]",0.06935347306639603,1.1567056906796311,0.9305941903231011,0.999192476501876
taskonomy/segment_unsup25d,encoder.layer1.2.relu,PHA3,test,sub-02,linear_predictivity,5919,147,-0.00412985292112249,"[-0.002337515473436558, -0.006738767026939043, -0.0021694366700259183, -0.0008648817274746703, -0.008538663707736259]",,,,,
taskonomy/segment_unsup25d,encoder.layer1.2.relu,PH,train,sub-02,linear_predictivity,5919,360,0.03303262904854047,,"[31622.776601683796, 31622.776601683796, 31622.776601683796, 31622.776601683796, 31622.776601683796]",0.24916015676081466,1.1147578736062385,0.750613181992521,0.96244395471823
taskonomy/segment_unsup25d,encoder.layer1.2.relu,PH,test,sub-02,linear_predictivity,5919,360,0.035753157057088716,"[0.035026764248693394, 0.03723757101252748, 0.03561028091577718, 0.0324664339727353, 0.03842473513571024]",,,,,
taskonomy/segment_unsup25d,encoder.layer2.0.relu,V1,train,sub-02,linear_predictivity,5919,435,0.09152983333614399,,"[10000.0, 10000.0, 10000.0, 10000.0, 10000.0]",0.505048200166726,1.0457817554576632,0.4948295196394811,0.9051659856540363
taskonomy/segment_unsup25d,encoder.layer2.0.relu,V1,test,sub-02,linear_predictivity,5919,435,0.12357617297763605,"[0.12509984578452987, 0.12122492291980118, 0.13239083365770118, 0.12357696551102666, 0.11558829701512134]",,,,,
taskonomy/segment_unsup25d,encoder.layer2.0.relu,V2,train,sub-02,linear_predictivity,5919,567,0.036556691082044096,,"[31622.776601683796, 31622.776601683796, 31622.776601683796, 31622.776601683796, 31622.776601683796]",0.254553249907295,1.091937477174048,0.7452447807312996,0.9593181135638597
taskonomy/segment_unsup25d,encoder.layer2.0.relu,V2,test,sub-02,linear_predictivity,5919,567,0.03777435564892289,"[0.03945872947138779, 0.033779740423738734, 0.03888284851587384, 0.03794078726874897, 0.03880967256486512]",,,,,
taskonomy/segment_unsup25d,encoder.layer2.0.relu,V3,train,sub-02,linear_predictivity,5919,538,0.03785297075497212,,"[31622.776601683796, 31622.776601683796, 31622.776601683796, 31622.776601683796, 31622.776601683796]",0.25419393877851926,1.0902102766852015,0.7455964146123606,0.9579138249701806
taskonomy/segment_unsup25d,encoder.layer2.0.relu,V3,test,sub-02,linear_predictivity,5919,538,0.04894208283507568,"[0.04812467161844551, 0.04320158827127645, 0.04862566307611332, 0.05041315203426395, 0.054345339175279166]",,,,,
taskonomy/segment_unsup25d,encoder.layer2.0.relu,V4,train,sub-02,linear_predictivity,5919,630,0.030715233378875346,,"[31622.776601683796, 31622.776601683796, 31622.776601683796, 31622.776601683796, 31622.776601683796]",0.24908304003567366,1.0944889879789872,0.7507274223510636,0.9654061548758988
taskonomy/segment_unsup25d,encoder.layer2.0.relu,V4,test,sub-02,linear_predictivity,5919,630,0.025191114664065557,"[0.015593093345975794, 0.020806744901138204, 0.02780372510801008, 0.03307965404482861, 0.028672355920375082]",,,,,
taskonomy/segment_unsup25d,encoder.layer2.0.relu,V3A,train,sub-02,linear_predictivity,5919,273,0.023135315418301786,,"[31622.776601683796, 31622.776601683796, 31622.776601683796, 31622.776601683796, 31622.776601683796]",0.24370881205487366,1.1037961841833954,0.7560641887456836,0.9717499681317682
taskonomy/segment_unsup25d,encoder.layer2.0.relu,V3A,test,sub-02,linear_predictivity,5919,273,0.018733446651949388,"[0.02784994148396517, 0.013697602927104539, 0.010452290383724952, 0.02883867095090543, 0.012828727514046845]",,,,,
taskonomy/segment_unsup25d,encoder.layer2.0.relu,V3B,train,sub-02,linear_predictivity,5919,148,0.02704285006785636,,"[31622.776601683796, 31622.776601683796, 31622.776601683796, 31622.776601683796, 31622.776601683796]",0.24668522018081812,1.1043335007229333,0.7531957720717632,0.9702950561926998
taskonomy/segment_unsup25d,encoder.layer2.0.relu,V3B,test,sub-02,linear_predictivity,5919,148,-0.004617492459340738,"[0.0020207120930930424, -0.013898134342913985, -0.0007946631625313415, -0.006478004286624574, -0.003937372597726832]",,,,,
taskonomy/segment_unsup25d,encoder.layer2.0.relu,V6,train,sub-02,linear_predictivity,5919,147,0.022765340293540215,,"[31622.776601683796, 31622.776601683796, 31622.776601683796, 31622.776601683796, 31622.776601683796]",0.24210706612302543,1.1188275537901125,0.7576254842322919,0.971769308616792
taskonomy/segment_unsup25d,encoder.layer2.0.relu,V6,test,sub-02,linear_predictivity,5919,147,0.0457243093132332,"[0.049022325280503265, 0.03439715089694547, 0.04276539853182753, 0.05444601616591719, 0.04799065569097256]",,,,,
taskonomy/segment_unsup25d,encoder.layer2.0.relu,V6A,train,sub-02,linear_predictivity,5919,82,0.0011766337293204624,,"[100000.0, 100000.0, 100000.0, 100000.0, 100000.0]",0.09513003616394329,1.1412789657004663,0.9045886532081951,0.994001686731725
taskonomy/segment_unsup25d,encoder.layer2.0.relu,V6A,test,sub-02,linear_predictivity,5919,82,0.011482148920427556,"[0.00952986901925624, 0.006064880135530555, 0.014382544578583293, 0.01616887814332457, 0.011264572725443121]",,,,,
taskonomy/segment_unsup25d,encoder.layer2.0.relu,V7,train,sub-02,linear_predictivity,5919,88,0.0250944329685024,,"[31622.776601683796, 31622.776601683796, 31622.776601683796, 31622.776601683796, 31622.776601683796]",0.24836448803564998,1.1043597515166543,0.7514526777549004,0.970804113150286
taskonomy/segment_unsup25d,encoder.layer2.0.relu,V7,test,sub-02,linear_predictivity,5919,88,0.05423401190765158,"[0.04892020264671833, 0.050782245452011265, 0.07071794350782205, 0.0533460331479445, 0.04740363478376176]",,,,,
taskonomy/segment_unsup25d,encoder.layer2.0.relu,V8,train,sub-02,linear_predictivity,5919,105,0.030036471542716426,,"[31622.776601683796, 31622.776601683796, 31622.776601683796, 31622.776601683796, 31622.776601683796]",0.25206054660451394,1.0985911239115544,0.7477102672265917,0.965398844984961
taskonomy/segment_unsup25d,encoder.layer2.0.relu,V8,test,sub-02,linear_predictivity,5919,105,0.006252318839206077,"[-0.008482055112071046, 0.01405397121700376, 0.00879244413160083, 0.012495811426573876, 0.004401422532922967]",,,,,
taskonomy/segment_unsup25d,encoder.layer2.0.relu,FFC,train,sub-02,linear_predictivity,5919,269,0.032062748372388455,,"[31622.776601683796, 31622.776601683796, 31622.776601683796, 31622.776601683796, 31622.776601683796]",0.2534073202727572,1.1040197969517933,0.7463387517207074,0.9631417997515044
taskonomy/segment_unsup25d,encoder.layer2.0.relu,FFC,test,sub-02,linear_predictivity,5919,269,0.09454503160827146,"[0.09324947208545122, 0.09721309778253981, 0.10097086838290972, 0.09164804328380803, 0.08964367650664848]",,,,,
taskonomy/segment_unsup25d,encoder.layer2.0.relu,PIT,train,sub-02,linear_predictivity,5919,110,0.04460533496141816,,"[31622.776601683796, 31622.776601683796, 31622.776601683796, 31622.776601683796, 31622.776601683796]",0.25958193145178565,1.088803497853457,0.7401903181736408,0.9509662337735026
taskonomy/segment_unsup25d,encoder.layer2.0.relu,PIT,test,sub-02,linear_predictivity,5919,110,0.12712188430658364,"[0.11974785520077635, 0.13348790468295252, 0.13197368152708158, 0.12152261552101369, 0.12887736460109406]",,,,,
taskonomy/segment_unsup25d,encoder.layer2.0.relu,IPS1,train,sub-02,linear_predictivity,5919,212,-0.00047910632494870724,,"[31622.776601683796, 31622.776601683796, 31622.776601683796, 31622.776601683796, 100000.0]",0.20532576043995002,1.1346577875316124,0.7950531271359594,0.9945519773451359
taskonomy/segment_unsup25d,encoder.layer2.0.relu,IPS1,test,sub-02,linear_predictivity,5919,212,0.022996805585637853,"[0.01826155311596676, 0.012229727222180782, 0.03690067770822386, 0.03273921247425771, 0.014852857407560153]",,,,,
taskonomy/segment_unsup25d,encoder.layer2.0.relu,MST,train,sub-02,linear_predictivity,5919,149,0.05496603764036656,,"[31622.776601683796, 31622.776601683796, 10000.0, 31622.776601683796, 10000.0]",0.36698813942929853,1.0580192554052459,0.6333894105566348,0.9402727634444215
taskonomy/segment_unsup25d,encoder.layer2.0.relu,MST,test,sub-02,linear_predictivity,5919,149,0.06831477864700226,"[0.09528221424113764, 0.07843907975435865, 0.05355949156288948, 0.08484084470007691, 0.02945226297654865]",,,,,
taskonomy/segment_unsup25d,encoder.layer2.0.relu,MT,train,sub-02,linear_predictivity,5919,99,0.04452168195130754,,"[31622.776601683796, 31622.776601683796, 31622.776601683796, 31622.776601683796, 31622.776601683796]",0.2715411968089356,1.0744328671715353,0.7281512601091749,0.9495112570313514
taskonomy/segment_unsup25d,encoder.layer2.0.relu,MT,test,sub-02,linear_predictivity,5919,99,0.06747508685081026,"[0.07376061187725846, 0.0604353738241396, 0.07168309942194252, 0.07248769542708923, 0.059008653703621496]",,,,,
taskonomy/segment_unsup25d,encoder.layer2.0.relu,FST,train,sub-02,linear_predictivity,5919,171,0.032294546801684886,,"[31622.776601683796, 31622.776601683796, 31622.776601683796, 31622.776601683796, 31622.776601683796]",0.25941406322165844,1.0898043657183947,0.7404068924434402,0.9641566995469543
taskonomy/segment_unsup25d,encoder.layer2.0.relu,FST,test,sub-02,linear_predictivity,5919,171,0.05355937257296054,"[0.05896418983434995, 0.05932578808501103, 0.055951307579073, 0.05518122415463377, 0.038374353211734956]",,,,,
taskonomy/segment_unsup25d,encoder.layer2.0.relu,LO1,train,sub-02,linear_predictivity,5919,78,0.03158227568555252,,"[31622.776601683796, 31622.776601683796, 31622.776601683796, 31622.776601683796, 31622.776601683796]",0.24888248033507235,1.0883541298138009,0.750971020359804,0.9655841961723703
taskonomy/segment_unsup25d,encoder.layer2.0.relu,LO1,test,sub-02,linear_predictivity,5919,78,0.06468562701882123,"[0.06033525279984193, 0.05384509709513937, 0.06836628637930578, 0.07343841787711511, 0.06744308094270401]",,,,,
taskonomy/segment_unsup25d,encoder.layer2.0.relu,LO2,train,sub-02,linear_predictivity,5919,82,0.04368491265051112,,"[31622.776601683796, 31622.776601683796, 10000.0, 31622.776601683796, 10000.0]",0.3449019530557932,1.0810284315719225,0.6546522416358647,0.9522806400158684
taskonomy/segment_unsup25d,encoder.layer2.0.relu,LO2,test,sub-02,linear_predictivity,5919,82,0.11128079474870985,"[0.10762320006658263, 0.10865412192108426, 0.11843943146514453, 0.10446806279126565, 0.11721915749947216]",,,,,
taskonomy/segment_unsup25d,encoder.layer2.0.relu,LO3,train,sub-02,linear_predictivity,5919,124,0.017669924267041608,,"[31622.776601683796, 31622.776601683796, 31622.776601683796, 31622.776601683796, 31622.776601683796]",0.23958845444444893,1.1031984840297302,0.7602185722024425,0.9779266793175294
taskonomy/segment_unsup25d,encoder.layer2.0.relu,LO3,test,sub-02,linear_predictivity,5919,124,0.0456429152767621,"[0.041899629125810245, 0.04011034744968326, 0.04588339299522449, 0.0526442915265641, 0.04767691528652841]",,,,,
taskonomy/segment_unsup25d,encoder.layer2.0.relu,V7,train,sub-02,linear_predictivity,5919,88,0.0250944329685024,,"[31622.776601683796, 31622.776601683796, 31622.776601683796, 31622.776601683796, 31622.776601683796]",0.24836448803564998,1.1043597515166543,0.7514526777549004,0.970804113150286
taskonomy/segment_unsup25d,encoder.layer2.0.relu,V7,test,sub-02,linear_predictivity,5919,88,0.05423401190765158,"[0.04892020264671833, 0.050782245452011265, 0.07071794350782205, 0.0533460331479445, 0.04740363478376176]",,,,,
taskonomy/segment_unsup25d,encoder.layer2.0.relu,IP0,train,sub-02,linear_predictivity,5919,151,0.0017874579821370808,,"[100000.0, 100000.0, 100000.0, 100000.0, 100000.0]",0.09797438858345736,1.1336494077948591,0.9017950194899838,0.9942798858244402
taskonomy/segment_unsup25d,encoder.layer2.0.relu,IP0,test,sub-02,linear_predictivity,5919,151,0.007436349791264785,"[0.008217242217643311, -0.0007856074530501851, 0.013588034671478781, 0.008430752339051068, 0.007731327181200951]",,,,,
taskonomy/segment_unsup25d,encoder.layer2.0.relu,IP1,train,sub-02,linear_predictivity,5919,78,-0.005127197725009719,,"[100000.0, 100000.0, 100000.0, 316227.7660168379, 316227.7660168379]",0.06969819645942579,1.1473401330249735,0.9299308021806564,1.0005145662243025
taskonomy/segment_unsup25d,encoder.layer2.0.relu,IP1,test,sub-02,linear_predictivity,5919,78,-0.003876866715031786,"[-0.0031815110675734357, -0.012142760954560369, -0.0025589601657823083, -4.8458268169978185e-06, -0.0014962555604258216]",,,,,
taskonomy/segment_unsup25d,encoder.layer2.0.relu,MIP,train,sub-02,linear_predictivity,5919,198,-0.004094467443791377,,"[100000.0, 100000.0, 100000.0, 100000.0, 100000.0]",0.09449949988163274,1.1477501818090674,0.905257537268743,0.9997030875363272
taskonomy/segment_unsup25d,encoder.layer2.0.relu,MIP,test,sub-02,linear_predictivity,5919,198,0.0009746549905668304,"[0.0001217897520141996, -0.004421956989254584, 0.004972991728161931, 0.00922518928054712, -0.005024738818634515]",,,,,
taskonomy/segment_unsup25d,encoder.layer2.0.relu,VIP,train,sub-02,linear_predictivity,5919,200,-0.0021910560153231146,,"[31622.776601683796, 100000.0, 100000.0, 31622.776601683796, 100000.0]",0.14693872379880413,1.1403225963478174,0.8536101386542934,0.9983654569561103
taskonomy/segment_unsup25d,encoder.layer2.0.relu,VIP,test,sub-02,linear_predictivity,5919,200,0.015010614482731744,"[0.010105389707527317, 0.007844446362995711, 0.016369210976772637, 0.03222708447872797, 0.00850694088763508]",,,,,
taskonomy/segment_unsup25d,encoder.layer2.0.relu,LIPd,train,sub-02,linear_predictivity,5919,106,-0.00024039530585329863,,"[100000.0, 100000.0, 100000.0, 100000.0, 100000.0]",0.09800242297071415,1.1341453508311772,0.9016758754514937,0.9945901643821002
taskonomy/segment_unsup25d,encoder.layer2.0.relu,LIPd,test,sub-02,linear_predictivity,5919,106,0.01111378424805782,"[0.012140489270680437, 0.006369971388564977, 0.014472812582795343, 0.00952978520955443, 0.013055862788693914]",,,,,
taskonomy/segment_unsup25d,encoder.layer2.0.relu,LIPv,train,sub-02,linear_predictivity,5919,239,0.003675580546990561,,"[100000.0, 31622.776601683796, 31622.776601683796, 31622.776601683796, 31622.776601683796]",0.20593780500735265,1.1260299817887307,0.7933390195204243,0.9917642464471415
taskonomy/segment_unsup25d,encoder.layer2.0.relu,LIPv,test,sub-02,linear_predictivity,5919,239,0.026612957224315403,"[0.022190106065154286, 0.02700444657422784, 0.03336072909614664, 0.02893398467712614, 0.021575519708922127]",,,,,
taskonomy/segment_unsup25d,encoder.layer2.0.relu,AIP,train,sub-02,linear_predictivity,5919,381,-0.0047985817769868695,,"[100000.0, 100000.0, 100000.0, 100000.0, 100000.0]",0.09574405537729036,1.1437607509433216,0.9039018188399227,0.9988634422665861
taskonomy/segment_unsup25d,encoder.layer2.0.relu,AIP,test,sub-02,linear_predictivity,5919,381,-0.001515237598119264,"[-0.004120805593476324, -0.004744360606121079, -0.000922713550655061, 0.007642055899109602, -0.005430364139453458]",,,,,
taskonomy/segment_unsup25d,encoder.layer2.0.relu,7Pm,train,sub-02,linear_predictivity,5919,37,-0.006368319079075242,,"[100000.0, 100000.0, 316227.7660168379, 100000.0, 100000.0]",0.08171087292735041,1.1572299537567097,0.9179149072402669,1.003066944509356
taskonomy/segment_unsup25d,encoder.layer2.0.relu,7Pm,test,sub-02,linear_predictivity,5919,37,-0.007941546307081337,"[-0.005603048594549559, -0.0027792041338048717, -0.00943863774439464, -0.010458674714573995, -0.011428166348083623]",,,,,
taskonomy/segment_unsup25d,encoder.layer2.0.relu,7PL,train,sub-02,linear_predictivity,5919,38,-0.002665083818787205,,"[100000.0, 100000.0, 100000.0, 31622.776601683796, 100000.0]",0.12119430323542184,1.1497135404931256,0.8790109725073174,0.9994290400620995
taskonomy/segment_unsup25d,encoder.layer2.0.relu,7PL,test,sub-02,linear_predictivity,5919,38,0.002897393528585981,"[0.008473047855507987, 0.006636185827480972, 0.0012595538649093556, -0.002425316406425293, 0.0005434965014568848]",,,,,
taskonomy/segment_unsup25d,encoder.layer2.0.relu,7PC,train,sub-02,linear_predictivity,5919,234,-0.0047198627199360335,,"[100000.0, 100000.0, 100000.0, 100000.0, 100000.0]",0.09255994235654713,1.1499974523727334,0.9071559992126863,0.9998254103524122
taskonomy/segment_unsup25d,encoder.layer2.0.relu,7PC,test,sub-02,linear_predictivity,5919,234,0.007274446883674237,"[0.005416832354462958, 0.007407713517658537, 0.01046007995944143, 0.00692936915032753, 0.006158239436480727]",,,,,
taskonomy/segment_unsup25d,encoder.layer2.0.relu,7Am,train,sub-02,linear_predictivity,5919,232,-0.005550579357029482,,"[1000000.0, 100000.0, 100000.0, 100000.0, 100000.0]",0.07641443251001122,1.1517035435010972,0.9232910111673014,1.0018562440578496
taskonomy/segment_unsup25d,encoder.layer2.0.relu,7Am,test,sub-02,linear_predictivity,5919,232,0.01304216491385637,"[0.0007724356541709252, 0.013506561468661096, 0.015668457689428705, 0.016588062358441593, 0.018675307398579522]",,,,,
taskonomy/segment_unsup25d,encoder.layer2.0.relu,7AL,train,sub-02,linear_predictivity,5919,259,-0.005473539431358641,,"[100000.0, 100000.0, 100000.0, 100000.0, 1000000.0]",0.07469703192260016,1.1552370418186926,0.9250070919398979,1.0021023926627526
taskonomy/segment_unsup25d,encoder.layer2.0.relu,7AL,test,sub-02,linear_predictivity,5919,259,0.003481743040842664,"[0.0010590818850818532, 0.0071916176968933754, 0.005906806280630549, 0.009745438226341063, -0.006494228884733517]",,,,,
taskonomy/segment_unsup25d,encoder.layer2.0.relu,VVC,train,sub-02,linear_predictivity,5919,159,0.005886378612173298,,"[31622.776601683796, 31622.776601683796, 31622.776601683796, 31622.776601683796, 31622.776601683796]",0.2335448236395906,1.1259489614930822,0.7662205840276858,0.9891369290778986
taskonomy/segment_unsup25d,encoder.layer2.0.relu,VVC,test,sub-02,linear_predictivity,5919,159,0.0036259648366047644,"[-0.004823812798806864, 0.0031447498879691262, 0.0069143904383596865, 0.01132549078365856, 0.00156900587184331]",,,,,
taskonomy/segment_unsup25d,encoder.layer2.0.relu,VMV2,train,sub-02,linear_predictivity,5919,124,0.010654496832282817,,"[31622.776601683796, 31622.776601683796, 31622.776601683796, 31622.776601683796, 31622.776601683796]",0.23445405706712324,1.1164117215639968,0.7653275557676575,0.984598889441058
taskonomy/segment_unsup25d,encoder.layer2.0.relu,VMV2,test,sub-02,linear_predictivity,5919,124,0.011686125060283858,"[0.003963224293465138, 0.006537015741229484, 0.010051868844190685, 0.028006756891934777, 0.00987175953059921]",,,,,
taskonomy/segment_unsup25d,encoder.layer2.0.relu,VMV3,train,sub-02,linear_predictivity,5919,113,0.014165205954798081,,"[31622.776601683796, 31622.776601683796, 31622.776601683796, 31622.776601683796, 31622.776601683796]",0.2430408837228883,1.1024839245705427,0.756753757618216,0.9811741519492934
taskonomy/segment_unsup25d,encoder.layer2.0.relu,VMV3,test,sub-02,linear_predictivity,5919,113,-0.003781964847076734,"[-0.019191529275750054, 0.00047780703628171777, -0.0007040167722459781, 0.006494792783418125, -0.005986878007087481]",,,,,
taskonomy/segment_unsup25d,encoder.layer2.0.relu,VMV1,train,sub-02,linear_predictivity,5919,84,0.00979365189492202,,"[31622.776601683796, 100000.0, 31622.776601683796, 31622.776601683796, 100000.0]",0.1820093150684184,1.129868687825778,0.8181418879188966,0.9866692667598101
taskonomy/segment_unsup25d,encoder.layer2.0.relu,VMV1,test,sub-02,linear_predictivity,5919,84,0.013522711673201654,"[0.005074456634089707, 0.014688127051448526, 0.0067376426923548135, 0.02498636211248139, 0.01612696987563384]",,,,,
taskonomy/segment_unsup25d,encoder.layer2.0.relu,PHA2,train,sub-02,linear_predictivity,5919,29,-0.0008335062712764639,,"[100000.0, 100000.0, 100000.0, 100000.0, 100000.0]",0.09494712943044983,1.1518239919184303,0.9048129208289628,0.996491433140904
taskonomy/segment_unsup25d,encoder.layer2.0.relu,PHA2,test,sub-02,linear_predictivity,5919,29,0.01023334109127047,"[0.013440777560044293, 0.0064965873972624814, 0.0121491579545149, 0.014491761266348248, 0.0045884212781824325]",,,,,
taskonomy/segment_unsup25d,encoder.layer2.0.relu,PHA3,train,sub-02,linear_predictivity,5919,147,-0.003991808191141193,,"[100000.0, 316227.7660168379, 100000.0, 100000.0, 100000.0]",0.08220396514261348,1.138825387550269,0.9176407805633678,0.9987208965733725
taskonomy/segment_unsup25d,encoder.layer2.0.relu,PHA3,test,sub-02,linear_predictivity,5919,147,-0.001308936306407085,"[0.0023036634808529777, -0.0033749175734660605, -0.0016616029604024773, 0.0028149427435664605, -0.006626767222586325]",,,,,
taskonomy/segment_unsup25d,encoder.layer2.0.relu,PH,train,sub-02,linear_predictivity,5919,360,0.03498830298065752,,"[31622.776601683796, 31622.776601683796, 31622.776601683796, 31622.776601683796, 31622.776601683796]",0.2557497515097243,1.1015593442143456,0.744037199634384,0.9606879272849607
taskonomy/segment_unsup25d,encoder.layer2.0.relu,PH,test,sub-02,linear_predictivity,5919,360,0.05936673103280352,"[0.052265584281390824, 0.058213174657482214, 0.0676696479730081, 0.05902743794799087, 0.05965781030414556]",,,,,
taskonomy/segment_unsup25d,encoder.layer2.1.relu,V1,train,sub-02,linear_predictivity,5919,435,0.09231125451636311,,"[10000.0, 10000.0, 10000.0, 10000.0, 10000.0]",0.5208646827796974,1.0392258503918115,0.4790237450267022,0.9045624441491892
taskonomy/segment_unsup25d,encoder.layer2.1.relu,V1,test,sub-02,linear_predictivity,5919,435,0.12929689751346324,"[0.13223581222290973, 0.1308250725903292, 0.13366797489487614, 0.129384679711677, 0.12037094814752423]",,,,,
taskonomy/segment_unsup25d,encoder.layer2.1.relu,V2,train,sub-02,linear_predictivity,5919,567,0.035559260108122985,,"[31622.776601683796, 31622.776601683796, 31622.776601683796, 10000.0, 31622.776601683796]",0.31004677841771777,1.083390719858637,0.6894053262951644,0.9601555648621198
taskonomy/segment_unsup25d,encoder.layer2.1.relu,V2,test,sub-02,linear_predictivity,5919,567,0.03389352628299612,"[0.0422476630431542, 0.03738739827990407, 0.03904666063650438, 0.01228156559789745, 0.038504343857520516]",,,,,
taskonomy/segment_unsup25d,encoder.layer2.1.relu,V3,train,sub-02,linear_predictivity,5919,538,0.03769468293731262,,"[31622.776601683796, 31622.776601683796, 31622.776601683796, 31622.776601683796, 10000.0]",0.3097626253942575,1.0804176542579618,0.6896856482388547,0.9580282900803672
taskonomy/segment_unsup25d,encoder.layer2.1.relu,V3,test,sub-02,linear_predictivity,5919,538,0.04825268785171168,"[0.05317083749571147, 0.047159095812322666, 0.04895377946888516, 0.05094899480115209, 0.041030731680487036]",,,,,
taskonomy/segment_unsup25d,encoder.layer2.1.relu,V4,train,sub-02,linear_predictivity,5919,630,0.030867348732636395,,"[31622.776601683796, 31622.776601683796, 31622.776601683796, 31622.776601683796, 31622.776601683796]",0.2587734450447103,1.084593102470906,0.7410423167526026,0.9653049816014706
taskonomy/segment_unsup25d,encoder.layer2.1.relu,V4,test,sub-02,linear_predictivity,5919,630,0.028638850485141792,"[0.024961027480940853, 0.02433985283745388, 0.028653399969230265, 0.0332694582572679, 0.031970513880816065]",,,,,
taskonomy/segment_unsup25d,encoder.layer2.1.relu,V3A,train,sub-02,linear_predictivity,5919,273,0.02424648766244453,,"[31622.776601683796, 31622.776601683796, 31622.776601683796, 31622.776601683796, 31622.776601683796]",0.2540901241118231,1.091614004979982,0.7456976062392171,0.970828866339754
taskonomy/segment_unsup25d,encoder.layer2.1.relu,V3A,test,sub-02,linear_predictivity,5919,273,0.020139150704952598,"[0.02762180398634103, 0.017699520909553807, 0.012458873984771026, 0.03049580834653604, 0.012419746297561087]",,,,,
taskonomy/segment_unsup25d,encoder.layer2.1.relu,V3B,train,sub-02,linear_predictivity,5919,148,0.028733720399524106,,"[31622.776601683796, 31622.776601683796, 31622.776601683796, 31622.776601683796, 31622.776601683796]",0.2564613011417243,1.0941188885352964,0.7434313550734174,0.9687684426193819
taskonomy/segment_unsup25d,encoder.layer2.1.relu,V3B,test,sub-02,linear_predictivity,5919,148,0.0008104919686503992,"[0.013810990457044607, -0.006653273750269206, 0.001593127104642921, -0.002613703361452835, -0.0020846806067134913]",,,,,
taskonomy/segment_unsup25d,encoder.layer2.1.relu,V6,train,sub-02,linear_predictivity,5919,147,0.02334783685197116,,"[31622.776601683796, 31622.776601683796, 31622.776601683796, 31622.776601683796, 31622.776601683796]",0.2520527284346413,1.108638271332464,0.7476846636371437,0.9712286859106678
taskonomy/segment_unsup25d,encoder.layer2.1.relu,V6,test,sub-02,linear_predictivity,5919,147,0.04677958831505802,"[0.05186408073946308, 0.03765992162803874, 0.043635316907302886, 0.0525065118698783, 0.048232110430607114]",,,,,
taskonomy/segment_unsup25d,encoder.layer2.1.relu,V6A,train,sub-02,linear_predictivity,5919,82,0.0009490664607005488,,"[100000.0, 100000.0, 100000.0, 31622.776601683796, 100000.0]",0.1261930270242801,1.1334303792668128,0.8738963700725876,0.9942940849208718
taskonomy/segment_unsup25d,encoder.layer2.1.relu,V6A,test,sub-02,linear_predictivity,5919,82,0.012244984381158846,"[0.010707544699251859, 0.006628956400349871, 0.01355266252784374, 0.019818571903890414, 0.010517186374458348]",,,,,
taskonomy/segment_unsup25d,encoder.layer2.1.relu,V7,train,sub-02,linear_predictivity,5919,88,0.026942829732519314,,"[31622.776601683796, 31622.776601683796, 31622.776601683796, 31622.776601683796, 31622.776601683796]",0.2581081805398496,1.093889621792059,0.7417247011989933,0.9691826668411085
taskonomy/segment_unsup25d,encoder.layer2.1.relu,V7,test,sub-02,linear_predictivity,5919,88,0.05762281192129074,"[0.05703277163499525, 0.056415162020564825, 0.06910855524367458, 0.05645703151704959, 0.04910053919016946]",,,,,
taskonomy/segment_unsup25d,encoder.layer2.1.relu,V8,train,sub-02,linear_predictivity,5919,105,0.033170569999038675,,"[31622.776601683796, 31622.776601683796, 31622.776601683796, 31622.776601683796, 31622.776601683796]",0.2631877709351868,1.0839326495826551,0.7365883632697183,0.9623672218384727
taskonomy/segment_unsup25d,encoder.layer2.1.relu,V8,test,sub-02,linear_predictivity,5919,105,0.017965955207079103,"[0.008660481453330966, 0.0239088842422991, 0.018987258072254112, 0.01981750916245326, 0.018455643105058078]",,,,,
taskonomy/segment_unsup25d,encoder.layer2.1.relu,FFC,train,sub-02,linear_predictivity,5919,269,0.03358799301042524,,"[31622.776601683796, 31622.776601683796, 31622.776601683796, 31622.776601683796, 31622.776601683796]",0.2629471269229448,1.1010427757824097,0.7368090803700442,0.9617225434956644
taskonomy/segment_unsup25d,encoder.layer2.1.relu,FFC,test,sub-02,linear_predictivity,5919,269,0.09455591842219102,"[0.09469248500625574, 0.09853505093262721, 0.0987224421801651, 0.091111914840857, 0.08971769915105003]",,,,,
taskonomy/segment_unsup25d,encoder.layer2.1.relu,PIT,train,sub-02,linear_predictivity,5919,110,0.044099238148877416,,"[31622.776601683796, 31622.776601683796, 31622.776601683796, 31622.776601683796, 31622.776601683796]",0.2681682755852205,1.081123388557967,0.7316137700467542,0.951519101707159
taskonomy/segment_unsup25d,encoder.layer2.1.relu,PIT,test,sub-02,linear_predictivity,5919,110,0.12779786871654247,"[0.12527341912617723, 0.13698876803924664, 0.13094350904199956, 0.12049288988378098, 0.1252907574915079]",,,,,
taskonomy/segment_unsup25d,encoder.layer2.1.relu,IPS1,train,sub-02,linear_predictivity,5919,212,0.002481425899477033,,"[31622.776601683796, 31622.776601683796, 31622.776601683796, 31622.776601683796, 31622.776601683796]",0.24135896611347357,1.1259136505063843,0.7584016647677917,0.9917594576059431
taskonomy/segment_unsup25d,encoder.layer2.1.relu,IPS1,test,sub-02,linear_predictivity,5919,212,0.03065321157943331,"[0.03201498038166707, 0.02007432708735165, 0.03811715776525366, 0.03749315093930442, 0.025566441723589732]",,,,,
taskonomy/segment_unsup25d,encoder.layer2.1.relu,MST,train,sub-02,linear_predictivity,5919,149,0.060731376465558214,,"[31622.776601683796, 31622.776601683796, 10000.0, 31622.776601683796, 31622.776601683796]",0.33432708101053255,1.0537983565167575,0.6662991654410194,0.934600207181665
taskonomy/segment_unsup25d,encoder.layer2.1.relu,MST,test,sub-02,linear_predictivity,5919,149,0.09201707694766491,"[0.10749121846121587, 0.08951910286414755, 0.077534767083496, 0.0997636739014841, 0.08577662242798102]",,,,,
taskonomy/segment_unsup25d,encoder.layer2.1.relu,MT,train,sub-02,linear_predictivity,5919,99,0.049212369179030185,,"[31622.776601683796, 31622.776601683796, 31622.776601683796, 31622.776601683796, 31622.776601683796]",0.2815218138588978,1.0756805121940933,0.7181765623514587,0.944960557518395
taskonomy/segment_unsup25d,encoder.layer2.1.relu,MT,test,sub-02,linear_predictivity,5919,99,0.08349310936627492,"[0.08725830541877966, 0.0775054101689371, 0.08544018603208775, 0.09096851844088823, 0.07629312677068187]",,,,,
taskonomy/segment_unsup25d,encoder.layer2.1.relu,FST,train,sub-02,linear_predictivity,5919,171,0.03369514530019868,,"[31622.776601683796, 31622.776601683796, 31622.776601683796, 31622.776601683796, 31622.776601683796]",0.2686271300793789,1.083922094518449,0.7312042453795838,0.962851978855155
taskonomy/segment_unsup25d,encoder.layer2.1.relu,FST,test,sub-02,linear_predictivity,5919,171,0.05558436211189499,"[0.06092492801390307, 0.06156997562665999, 0.05621844132377707, 0.05757812786582671, 0.04163033772930812]",,,,,
taskonomy/segment_unsup25d,encoder.layer2.1.relu,LO1,train,sub-02,linear_predictivity,5919,78,0.03367496263435813,,"[31622.776601683796, 31622.776601683796, 31622.776601683796, 31622.776601683796, 31622.776601683796]",0.25910044077561295,1.0792136296180488,0.7407599267876372,0.963553610490586
taskonomy/segment_unsup25d,encoder.layer2.1.relu,LO1,test,sub-02,linear_predictivity,5919,78,0.06734805547952336,"[0.07048308307033596, 0.05871284756053813, 0.06891637470173517, 0.07087982755175647, 0.06774814451325108]",,,,,
taskonomy/segment_unsup25d,encoder.layer2.1.relu,LO2,train,sub-02,linear_predictivity,5919,82,0.04651905490250018,,"[31622.776601683796, 31622.776601683796, 10000.0, 31622.776601683796, 31622.776601683796]",0.31327868231221717,1.07725017705571,0.6870460649141781,0.9496565912065831
taskonomy/segment_unsup25d,encoder.layer2.1.relu,LO2,test,sub-02,linear_predictivity,5919,82,0.10665896750737273,"[0.108585759420647, 0.10913064162732099, 0.10893151807033677, 0.10147101654865563, 0.10517590186990333]",,,,,
taskonomy/segment_unsup25d,encoder.layer2.1.relu,LO3,train,sub-02,linear_predictivity,5919,124,0.01915944735405656,,"[31622.776601683796, 31622.776601683796, 31622.776601683796, 31622.776601683796, 31622.776601683796]",0.24934229656347986,1.100236989714973,0.7504691103477761,0.9764627891841962
taskonomy/segment_unsup25d,encoder.layer2.1.relu,LO3,test,sub-02,linear_predictivity,5919,124,0.05028192282377507,"[0.04679782337823486, 0.04727956417117581, 0.051634759313652794, 0.05645056063616409, 0.049246906619647826]",,,,,
taskonomy/segment_unsup25d,encoder.layer2.1.relu,V7,train,sub-02,linear_predictivity,5919,88,0.026942829732519314,,"[31622.776601683796, 31622.776601683796, 31622.776601683796, 31622.776601683796, 31622.776601683796]",0.2581081805398496,1.093889621792059,0.7417247011989933,0.9691826668411085
taskonomy/segment_unsup25d,encoder.layer2.1.relu,V7,test,sub-02,linear_predictivity,5919,88,0.05762281192129074,"[0.05703277163499525, 0.056415162020564825, 0.06910855524367458, 0.05645703151704959, 0.04910053919016946]",,,,,
taskonomy/segment_unsup25d,encoder.layer2.1.relu,IP0,train,sub-02,linear_predictivity,5919,151,0.0016618274092267298,,"[100000.0, 100000.0, 100000.0, 100000.0, 100000.0]",0.10133372268196232,1.1296140323461266,0.8984385901182652,0.9944207898313543
taskonomy/segment_unsup25d,encoder.layer2.1.relu,IP0,test,sub-02,linear_predictivity,5919,151,0.010054666819844408,"[0.012183886292635322, 0.002531036556775065, 0.014663413710362555, 0.010675279003285656, 0.010219718536163443]",,,,,
taskonomy/segment_unsup25d,encoder.layer2.1.relu,IP1,train,sub-02,linear_predictivity,5919,78,-0.004419010747348089,,"[100000.0, 100000.0, 100000.0, 316227.7660168379, 100000.0]",0.08391039259084473,1.1438471307601652,0.915661770068702,0.9998520411216465
taskonomy/segment_unsup25d,encoder.layer2.1.relu,IP1,test,sub-02,linear_predictivity,5919,78,-0.0018283069424982878,"[0.00021332918048091654, -0.008819765811176014, -0.0008034771421469037, 0.0008401831772651228, -0.0005718041169145598]",,,,,
taskonomy/segment_unsup25d,encoder.layer2.1.relu,MIP,train,sub-02,linear_predictivity,5919,198,-0.003371592306091045,,"[100000.0, 100000.0, 100000.0, 100000.0, 100000.0]",0.09831926847509607,1.1354867288634538,0.9014423486767724,0.9990377480123188
taskonomy/segment_unsup25d,encoder.layer2.1.relu,MIP,test,sub-02,linear_predictivity,5919,198,0.005153643761224639,"[0.00598214763559625, 0.0011887483002459458, 0.005567467251046314, 0.011391994801495593, 0.0016378608177390918]",,,,,
taskonomy/segment_unsup25d,encoder.layer2.1.relu,VIP,train,sub-02,linear_predictivity,5919,200,0.00015222074425729924,,"[100000.0, 100000.0, 100000.0, 31622.776601683796, 100000.0]",0.12634925093424373,1.1341681588955366,0.873877102280092,0.9959777259019834
taskonomy/segment_unsup25d,encoder.layer2.1.relu,VIP,test,sub-02,linear_predictivity,5919,200,0.01933780517913155,"[0.015587313375688265, 0.013350600234651698, 0.018131348687924133, 0.03744598585409828, 0.012173777743295361]",,,,,
taskonomy/segment_unsup25d,encoder.layer2.1.relu,LIPd,train,sub-02,linear_predictivity,5919,106,-5.8454766629117494e-05,,"[100000.0, 100000.0, 100000.0, 100000.0, 100000.0]",0.1016041492472554,1.132234654297381,0.8980818724264251,0.9944946211796186
taskonomy/segment_unsup25d,encoder.layer2.1.relu,LIPd,test,sub-02,linear_predictivity,5919,106,0.014141386211970619,"[0.0157357151432839, 0.009341824516477438, 0.01661556031306895, 0.012836609584875234, 0.016177221502147586]",,,,,
taskonomy/segment_unsup25d,encoder.layer2.1.relu,LIPv,train,sub-02,linear_predictivity,5919,239,0.004626613344712255,,"[100000.0, 31622.776601683796, 31622.776601683796, 31622.776601683796, 31622.776601683796]",0.21451933584452557,1.1205844456852865,0.7847408818305424,0.990946570280386
taskonomy/segment_unsup25d,encoder.layer2.1.relu,LIPv,test,sub-02,linear_predictivity,5919,239,0.035116833388621184,"[0.02633200507640705, 0.03915961425484367, 0.03849802948595608, 0.03899919892462361, 0.032595319201275494]",,,,,
taskonomy/segment_unsup25d,encoder.layer2.1.relu,AIP,train,sub-02,linear_predictivity,5919,381,-0.004926806203305184,,"[100000.0, 100000.0, 100000.0, 100000.0, 100000.0]",0.09910897852485359,1.1437985961411088,0.9005463747943836,0.9990833996423006
taskonomy/segment_unsup25d,encoder.layer2.1.relu,AIP,test,sub-02,linear_predictivity,5919,381,0.0016573906412839401,"[-0.0011287398813845505, -0.00047401600966000257, -0.00021817781477242326, 0.011040692414367006, -0.0009328055021303281]",,,,,
taskonomy/segment_unsup25d,encoder.layer2.1.relu,7Pm,train,sub-02,linear_predictivity,5919,37,-0.004704120821305221,,"[100000.0, 100000.0, 100000.0, 100000.0, 100000.0]",0.09684661998332296,1.1546473255889518,0.9029676288040454,1.0013686035611142
taskonomy/segment_unsup25d,encoder.layer2.1.relu,7Pm,test,sub-02,linear_predictivity,5919,37,-0.005053812884483967,"[-0.0012303995654432708, 0.002696668821736227, -0.013492806481946767, -0.00539320912464289, -0.007849318072123133]",,,,,
taskonomy/segment_unsup25d,encoder.layer2.1.relu,7PL,train,sub-02,linear_predictivity,5919,38,-0.000857836314650919,,"[100000.0, 100000.0, 100000.0, 100000.0, 100000.0]",0.09829728946490071,1.142429817935782,0.9015138646853647,0.9974218945219725
taskonomy/segment_unsup25d,encoder.layer2.1.relu,7PL,test,sub-02,linear_predictivity,5919,38,0.006537770300007959,"[0.010187686691492366, 0.009463436669953248, 0.00177772574161282, 0.008527932088901723, 0.002732070308079631]",,,,,
taskonomy/segment_unsup25d,encoder.layer2.1.relu,7PC,train,sub-02,linear_predictivity,5919,234,-0.004956218653923395,,"[100000.0, 100000.0, 100000.0, 100000.0, 100000.0]",0.09565310957193189,1.1483347488649425,0.9040727377242771,1.0001236856013866
taskonomy/segment_unsup25d,encoder.layer2.1.relu,7PC,test,sub-02,linear_predictivity,5919,234,0.00962329776206336,"[0.0072412172085248565, 0.011119988748670635, 0.011203559622387714, 0.010241847660066425, 0.008309875570667171]",,,,,
taskonomy/segment_unsup25d,encoder.layer2.1.relu,7Am,train,sub-02,linear_predictivity,5919,232,-0.004223094456535388,,"[316227.7660168379, 100000.0, 100000.0, 100000.0, 100000.0]",0.08420595277271412,1.1459072118371987,0.9155207608858607,1.0005488727498
taskonomy/segment_unsup25d,encoder.layer2.1.relu,7Am,test,sub-02,linear_predictivity,5919,232,0.015639064347271192,"[0.0053142072348840354, 0.017087350159436444, 0.015130367985071539, 0.01899404388559005, 0.021669352471373887]",,,,,
taskonomy/segment_unsup25d,encoder.layer2.1.relu,7AL,train,sub-02,linear_predictivity,5919,259,-0.005163477002840028,,"[100000.0, 100000.0, 100000.0, 100000.0, 1000000.0]",0.07758740403569173,1.1570646022998616,0.9221142735709854,1.0018141216488587
taskonomy/segment_unsup25d,encoder.layer2.1.relu,7AL,test,sub-02,linear_predictivity,5919,259,0.004692838953043362,"[0.0032822842999361305, 0.00845123966085223, 0.00756339903667623, 0.01048781169464289, -0.006320539926890674]",,,,,
taskonomy/segment_unsup25d,encoder.layer2.1.relu,VVC,train,sub-02,linear_predictivity,5919,159,0.007173608961601555,,"[31622.776601683796, 31622.776601683796, 31622.776601683796, 31622.776601683796, 31622.776601683796]",0.24304248527460048,1.1219830541161104,0.7567272972902083,0.9878808252432026
taskonomy/segment_unsup25d,encoder.layer2.1.relu,VVC,test,sub-02,linear_predictivity,5919,159,0.01753609622722948,"[0.011710373068531075, 0.01621528928405826, 0.01833350020074141, 0.0246394467646565, 0.01678187181816014]",,,,,
taskonomy/segment_unsup25d,encoder.layer2.1.relu,VMV2,train,sub-02,linear_predictivity,5919,124,0.010331609214496591,,"[31622.776601683796, 31622.776601683796, 31622.776601683796, 31622.776601683796, 100000.0]",0.21657322472900592,1.1109062913769552,0.7835630623851931,0.984954354837965
taskonomy/segment_unsup25d,encoder.layer2.1.relu,VMV2,test,sub-02,linear_predictivity,5919,124,0.023217288919178382,"[0.02225191470641243, 0.017218324025014185, 0.02175935139953314, 0.03769469534195969, 0.017162159122972465]",,,,,
taskonomy/segment_unsup25d,encoder.layer2.1.relu,VMV3,train,sub-02,linear_predictivity,5919,113,0.0152270485805695,,"[31622.776601683796, 31622.776601683796, 31622.776601683796, 31622.776601683796, 31622.776601683796]",0.25225327710246115,1.0953082052016891,0.7475563876990375,0.9802994723808827
taskonomy/segment_unsup25d,encoder.layer2.1.relu,VMV3,test,sub-02,linear_predictivity,5919,113,0.014752234450481874,"[0.002342415413508788, 0.019039358461300455, 0.012747638074617526, 0.023009752444832783, 0.016622007858149813]",,,,,
taskonomy/segment_unsup25d,encoder.layer2.1.relu,VMV1,train,sub-02,linear_predictivity,5919,84,0.010927107587724161,,"[31622.776601683796, 100000.0, 31622.776601683796, 31622.776601683796, 31622.776601683796]",0.21644756290421188,1.119924575624833,0.7834926401043492,0.9854225546913234
taskonomy/segment_unsup25d,encoder.layer2.1.relu,VMV1,test,sub-02,linear_predictivity,5919,84,0.020092234800518943,"[0.011379095407256783, 0.01648022313698842, 0.017986349585917213, 0.031222513398935253, 0.02339299247349704]",,,,,
taskonomy/segment_unsup25d,encoder.layer2.1.relu,PHA2,train,sub-02,linear_predictivity,5919,29,-0.0008295631755585334,,"[100000.0, 100000.0, 100000.0, 100000.0, 100000.0]",0.09905701320668588,1.1400647868392748,0.9007026756032965,0.9964865843001942
taskonomy/segment_unsup25d,encoder.layer2.1.relu,PHA2,test,sub-02,linear_predictivity,5919,29,0.00862854263377101,"[0.012966760622276514, 0.004513272144079193, 0.009732829081809334, 0.01288133605730814, 0.0030485152633818705]",,,,,
taskonomy/segment_unsup25d,encoder.layer2.1.relu,PHA3,train,sub-02,linear_predictivity,5919,147,-0.004393474718023943,,"[100000.0, 316227.7660168379, 100000.0, 100000.0, 100000.0]",0.08501071517963496,1.1393527515757198,0.9148433713097847,0.9991668286329437
taskonomy/segment_unsup25d,encoder.layer2.1.relu,PHA3,test,sub-02,linear_predictivity,5919,147,0.0004538736550632168,"[0.005258867969930922, -0.0026015430836768398, -0.0004304472837803651, 0.004896057645653205, -0.004853566972810838]",,,,,
taskonomy/segment_unsup25d,encoder.layer2.1.relu,PH,train,sub-02,linear_predictivity,5919,360,0.034133763813732544,,"[31622.776601683796, 31622.776601683796, 31622.776601683796, 31622.776601683796, 31622.776601683796]",0.26433440386656126,1.0986985356689052,0.7354575018564191,0.9615873715680936
taskonomy/segment_unsup25d,encoder.layer2.1.relu,PH,test,sub-02,linear_predictivity,5919,360,0.057814902842275626,"[0.053984135636135, 0.05536504014370786, 0.0635483266712192, 0.0575925591424281, 0.05858445261788799]",,,,,
taskonomy/segment_unsup25d,encoder.layer2.2.relu,V1,train,sub-02,linear_predictivity,5919,435,0.09351733390788569,,"[10000.0, 10000.0, 10000.0, 10000.0, 10000.0]",0.5306975618931409,1.035547447827506,0.4691907116968871,0.9034209027695539
taskonomy/segment_unsup25d,encoder.layer2.2.relu,V1,test,sub-02,linear_predictivity,5919,435,0.12539774710069834,"[0.12550064578037576, 0.12792568480732117, 0.1314220728217503, 0.11849879877074684, 0.12364153332329751]",,,,,
taskonomy/segment_unsup25d,encoder.layer2.2.relu,V2,train,sub-02,linear_predictivity,5919,567,0.0374025956990849,,"[10000.0, 31622.776601683796, 31622.776601683796, 10000.0, 10000.0]",0.4106363281736384,1.0794744276306372,0.589109454161088,0.9582268088567952
taskonomy/segment_unsup25d,encoder.layer2.2.relu,V2,test,sub-02,linear_predictivity,5919,567,0.017488948647255684,"[0.012943528733495538, 0.03541648566503463, 0.035564024893499344, -0.007733315815291485, 0.011254019759540391]",,,,,
taskonomy/segment_unsup25d,encoder.layer2.2.relu,V3,train,sub-02,linear_predictivity,5919,538,0.03905043911220669,,"[10000.0, 31622.776601683796, 31622.776601683796, 10000.0, 10000.0]",0.410128482225136,1.0767698709831695,0.5891682919611875,0.9565256180383314
taskonomy/segment_unsup25d,encoder.layer2.2.relu,V3,test,sub-02,linear_predictivity,5919,538,0.03154399011680041,"[0.026906487307848777, 0.04320835532727761, 0.042905240708324736, 0.015350271523631531, 0.02934959571691941]",,,,,
taskonomy/segment_unsup25d,encoder.layer2.2.relu,V4,train,sub-02,linear_predictivity,5919,630,0.0327854621035825,,"[31622.776601683796, 31622.776601683796, 31622.776601683796, 31622.776601683796, 31622.776601683796]",0.26756303251393576,1.0853998070954296,0.7322478579206086,0.9633394219377978
taskonomy/segment_unsup25d,encoder.layer2.2.relu,V4,test,sub-02,linear_predictivity,5919,630,0.028865869544448475,"[0.025381899338066463, 0.027498396493215324, 0.026274716541700452, 0.03353993979787323, 0.03163439555138689]",,,,,
taskonomy/segment_unsup25d,encoder.layer2.2.relu,V3A,train,sub-02,linear_predictivity,5919,273,0.026049499333875164,,"[31622.776601683796, 31622.776601683796, 31622.776601683796, 31622.776601683796, 31622.776601683796]",0.2629370534958503,1.092194835583515,0.7368440301825578,0.96891822447386
taskonomy/segment_unsup25d,encoder.layer2.2.relu,V3A,test,sub-02,linear_predictivity,5919,273,0.015167968289451361,"[0.021311304397697104, 0.015087824734817025, 0.008542736748710311, 0.021146027843258218, 0.009751947722774155]",,,,,
taskonomy/segment_unsup25d,encoder.layer2.2.relu,V3B,train,sub-02,linear_predictivity,5919,148,0.029295535585073983,,"[31622.776601683796, 31622.776601683796, 31622.776601683796, 31622.776601683796, 31622.776601683796]",0.26423133820614864,1.100140489347861,0.7356460816296195,0.9680414442875401
taskonomy/segment_unsup25d,encoder.layer2.2.relu,V3B,test,sub-02,linear_predictivity,5919,148,-0.0033929115042795792,"[0.006284692821153107, -0.008867389080722782, -0.0014080745401537484, -0.008802552546435489, -0.004171234175238981]",,,,,
taskonomy/segment_unsup25d,encoder.layer2.2.relu,V6,train,sub-02,linear_predictivity,5919,147,0.025207501359055164,,"[31622.776601683796, 31622.776601683796, 31622.776601683796, 31622.776601683796, 31622.776601683796]",0.25879499789028027,1.1070800810477848,0.740944502421074,0.9694274445204287
taskonomy/segment_unsup25d,encoder.layer2.2.relu,V6,test,sub-02,linear_predictivity,5919,147,0.04090181720016649,"[0.04411543281160463, 0.032551182849426534, 0.038546071936872636, 0.04677743460757121, 0.042518963795357446]",,,,,
taskonomy/segment_unsup25d,encoder.layer2.2.relu,V6A,train,sub-02,linear_predictivity,5919,82,0.0021840815406837873,,"[100000.0, 100000.0, 100000.0, 31622.776601683796, 31622.776601683796]",0.15723979957319256,1.1240603929341186,0.8426806189549115,0.9929657432931901
taskonomy/segment_unsup25d,encoder.layer2.2.relu,V6A,test,sub-02,linear_predictivity,5919,82,0.019678104109476492,"[0.011391002806863079, 0.013774595127977794, 0.016308378565835634, 0.030787245562681538, 0.0261292984840244]",,,,,
taskonomy/segment_unsup25d,encoder.layer2.2.relu,V7,train,sub-02,linear_predictivity,5919,88,0.029354856106487314,,"[31622.776601683796, 31622.776601683796, 31622.776601683796, 31622.776601683796, 31622.776601683796]",0.2674837960141416,1.0913938036668895,0.7323296524924303,0.9666030992931699
taskonomy/segment_unsup25d,encoder.layer2.2.relu,V7,test,sub-02,linear_predictivity,5919,88,0.05407273999366356,"[0.04899475203266996, 0.058222638434877384, 0.0669029763830048, 0.05173230807485243, 0.044511025042913245]",,,,,
taskonomy/segment_unsup25d,encoder.layer2.2.relu,V8,train,sub-02,linear_predictivity,5919,105,0.03606283489499479,,"[31622.776601683796, 31622.776601683796, 31622.776601683796, 31622.776601683796, 31622.776601683796]",0.27215269359476535,1.0912875721281559,0.727615057339311,0.9593790179690382
taskonomy/segment_unsup25d,encoder.layer2.2.relu,V8,test,sub-02,linear_predictivity,5919,105,0.026423346016077365,"[0.02289922502746421, 0.03373729212264267, 0.023244224654661038, 0.030724443664444996, 0.02151154461117392]",,,,,
taskonomy/segment_unsup25d,encoder.layer2.2.relu,FFC,train,sub-02,linear_predictivity,5919,269,0.03826396517472057,,"[31622.776601683796, 31622.776601683796, 31622.776601683796, 31622.776601683796, 31622.776601683796]",0.27215299040990254,1.0953213075474928,0.7276029658138514,0.9569920735271895
taskonomy/segment_unsup25d,encoder.layer2.2.relu,FFC,test,sub-02,linear_predictivity,5919,269,0.08747494968048988,"[0.08620517654805684, 0.09315750018432253, 0.0931078713835442, 0.07988030623305323, 0.08502389405347262]",,,,,
taskonomy/segment_unsup25d,encoder.layer2.2.relu,PIT,train,sub-02,linear_predictivity,5919,110,0.049400828591282676,,"[31622.776601683796, 31622.776601683796, 31622.776601683796, 31622.776601683796, 31622.776601683796]",0.27861097278942015,1.0723007140020069,0.7211652830738007,0.9461175460759632
taskonomy/segment_unsup25d,encoder.layer2.2.relu,PIT,test,sub-02,linear_predictivity,5919,110,0.12189381579984249,"[0.12031875309507599, 0.13069570574157016, 0.12812946593811192, 0.10907150282065045, 0.12125365140380394]",,,,,
taskonomy/segment_unsup25d,encoder.layer2.2.relu,IPS1,train,sub-02,linear_predictivity,5919,212,0.005459207167514103,,"[31622.776601683796, 31622.776601683796, 31622.776601683796, 31622.776601683796, 31622.776601683796]",0.2511870998469453,1.1185665984770963,0.7485652940314449,0.9887617224970011
taskonomy/segment_unsup25d,encoder.layer2.2.relu,IPS1,test,sub-02,linear_predictivity,5919,212,0.030589518596789926,"[0.028295517059123827, 0.024706674506822728, 0.0371894380458689, 0.03647483903714891, 0.026281124334985275]",,,,,
taskonomy/segment_unsup25d,encoder.layer2.2.relu,MST,train,sub-02,linear_predictivity,5919,149,0.0676981270465495,,"[31622.776601683796, 31622.776601683796, 10000.0, 31622.776601683796, 31622.776601683796]",0.3443168030822016,1.0478569198047754,0.6563225556333709,0.9275839406605035
taskonomy/segment_unsup25d,encoder.layer2.2.relu,MST,test,sub-02,linear_predictivity,5919,149,0.0927825215289351,"[0.10577121890385381, 0.09410284207346532, 0.07933599422492231, 0.09550521180974135, 0.08919734063269263]",,,,,
taskonomy/segment_unsup25d,encoder.layer2.2.relu,MT,train,sub-02,linear_predictivity,5919,99,0.055058225594069005,,"[31622.776601683796, 31622.776601683796, 31622.776601683796, 31622.776601683796, 31622.776601683796]",0.29046363467977726,1.0596968699968858,0.7092313892054671,0.9390383645753329
taskonomy/segment_unsup25d,encoder.layer2.2.relu,MT,test,sub-02,linear_predictivity,5919,99,0.08966369806141687,"[0.09234207369318422, 0.08829152106356958, 0.09111289846752793, 0.09108867105733474, 0.08548332602546793]",,,,,
taskonomy/segment_unsup25d,encoder.layer2.2.relu,FST,train,sub-02,linear_predictivity,5919,171,0.03595707136794336,,"[31622.776601683796, 31622.776601683796, 31622.776601683796, 31622.776601683796, 31622.776601683796]",0.2766430439072035,1.0866739827129104,0.7231831247456082,0.9605202317329262
taskonomy/segment_unsup25d,encoder.layer2.2.relu,FST,test,sub-02,linear_predictivity,5919,171,0.05267278087402103,"[0.05532234909502017, 0.0603504004295962, 0.05588548118638948, 0.05021272186618132, 0.041592951792918]",,,,,
taskonomy/segment_unsup25d,encoder.layer2.2.relu,LO1,train,sub-02,linear_predictivity,5919,78,0.032980868351051636,,"[31622.776601683796, 10000.0, 31622.776601683796, 31622.776601683796, 31622.776601683796]",0.3151643329684224,1.0820214517072493,0.6842090015249022,0.9639197525434
taskonomy/segment_unsup25d,encoder.layer2.2.relu,LO1,test,sub-02,linear_predictivity,5919,78,0.06924391812606928,"[0.0681163897901014, 0.05777755850117485, 0.07099254424514172, 0.07286848207041265, 0.0764646160235158]",,,,,
taskonomy/segment_unsup25d,encoder.layer2.2.relu,LO2,train,sub-02,linear_predictivity,5919,82,0.05238236718856921,,"[31622.776601683796, 31622.776601683796, 10000.0, 31622.776601683796, 10000.0]",0.36800663256706506,1.06804697413043,0.6315506864325129,0.9435982588725436
taskonomy/segment_unsup25d,encoder.layer2.2.relu,LO2,test,sub-02,linear_predictivity,5919,82,0.10137450696756875,"[0.09936438057003799, 0.10325898108609173, 0.1060346852793142, 0.09003987875969141, 0.10817460914270845]",,,,,
taskonomy/segment_unsup25d,encoder.layer2.2.relu,LO3,train,sub-02,linear_predictivity,5919,124,0.02197590576163267,,"[31622.776601683796, 31622.776601683796, 31622.776601683796, 31622.776601683796, 31622.776601683796]",0.25742139011299947,1.1016578725071995,0.7423823098393924,0.9734965516560443
taskonomy/segment_unsup25d,encoder.layer2.2.relu,LO3,test,sub-02,linear_predictivity,5919,124,0.05510503415839814,"[0.04720989819396513, 0.05887199674362101, 0.05519279372985103, 0.059032907128823336, 0.055217574995730184]",,,,,
taskonomy/segment_unsup25d,encoder.layer2.2.relu,V7,train,sub-02,linear_predictivity,5919,88,0.029354856106487314,,"[31622.776601683796, 31622.776601683796, 31622.776601683796, 31622.776601683796, 31622.776601683796]",0.2674837960141416,1.0913938036668895,0.7323296524924303,0.9666030992931699
taskonomy/segment_unsup25d,encoder.layer2.2.relu,V7,test,sub-02,linear_predictivity,5919,88,0.05407273999366356,"[0.04899475203266996, 0.058222638434877384, 0.0669029763830048, 0.05173230807485243, 0.044511025042913245]",,,,,
taskonomy/segment_unsup25d,encoder.layer2.2.relu,IP0,train,sub-02,linear_predictivity,5919,151,0.0009294850447048408,,"[100000.0, 31622.776601683796, 100000.0, 100000.0, 100000.0]",0.13364434155720126,1.1317411633964367,0.8654005378372324,0.9948175447866637
taskonomy/segment_unsup25d,encoder.layer2.2.relu,IP0,test,sub-02,linear_predictivity,5919,151,0.013653968666079246,"[0.013483746309038603, 0.013071612599504066, 0.01768421937066954, 0.011576427518463371, 0.01245383753272065]",,,,,
taskonomy/segment_unsup25d,encoder.layer2.2.relu,IP1,train,sub-02,linear_predictivity,5919,78,-0.004341399192839955,,"[100000.0, 100000.0, 100000.0, 316227.7660168379, 100000.0]",0.08625498523926389,1.1491951931188185,0.9133028040749961,0.9996960160007229
taskonomy/segment_unsup25d,encoder.layer2.2.relu,IP1,test,sub-02,linear_predictivity,5919,78,-0.00010623806225791548,"[0.000839705357352418, -0.006476235263139267, 0.002325192743694999, 0.001538069443191853, 0.0012420774076104192]",,,,,
taskonomy/segment_unsup25d,encoder.layer2.2.relu,MIP,train,sub-02,linear_predictivity,5919,198,-0.00438825486104437,,"[100000.0, 31622.776601683796, 100000.0, 100000.0, 100000.0]",0.1304218969276581,1.1324527080204123,0.8687620147559549,0.9998836207905006
taskonomy/segment_unsup25d,encoder.layer2.2.relu,MIP,test,sub-02,linear_predictivity,5919,198,0.005649321053585955,"[0.005340613863770156, -0.0017571104948712881, 0.007729646958036752, 0.012533054598075093, 0.00440040034291906]",,,,,
taskonomy/segment_unsup25d,encoder.layer2.2.relu,VIP,train,sub-02,linear_predictivity,5919,200,0.0009193795912159646,,"[31622.776601683796, 31622.776601683796, 31622.776601683796, 31622.776601683796, 100000.0]",0.2135315754473673,1.123875679826058,0.7865251944101611,0.9951790774571021
taskonomy/segment_unsup25d,encoder.layer2.2.relu,VIP,test,sub-02,linear_predictivity,5919,200,0.024910511791909465,"[0.02058166981034115, 0.022667838193190647, 0.02674015083803897, 0.04119859164411488, 0.013364308473861674]",,,,,
taskonomy/segment_unsup25d,encoder.layer2.2.relu,LIPd,train,sub-02,linear_predictivity,5919,106,0.0009602660715655325,,"[100000.0, 100000.0, 100000.0, 100000.0, 100000.0]",0.10524855973547587,1.1295442040991204,0.8944291612819031,0.9934408739232168
taskonomy/segment_unsup25d,encoder.layer2.2.relu,LIPd,test,sub-02,linear_predictivity,5919,106,0.016343876179165752,"[0.017787962073977526, 0.011886752075041002, 0.018436318833668763, 0.014816249387459986, 0.01879209852568149]",,,,,
taskonomy/segment_unsup25d,encoder.layer2.2.relu,LIPv,train,sub-02,linear_predictivity,5919,239,0.003839878922389088,,"[100000.0, 31622.776601683796, 31622.776601683796, 31622.776601683796, 31622.776601683796]",0.22113362317816376,1.1249726935406386,0.7780986393511455,0.9916115762078643
taskonomy/segment_unsup25d,encoder.layer2.2.relu,LIPv,test,sub-02,linear_predictivity,5919,239,0.0336953917547322,"[0.023508065669652176, 0.04084558158640826, 0.037524836444349195, 0.03689239025022277, 0.029706084823028542]",,,,,
taskonomy/segment_unsup25d,encoder.layer2.2.relu,AIP,train,sub-02,linear_predictivity,5919,381,-0.004213414312745734,,"[100000.0, 100000.0, 100000.0, 100000.0, 100000.0]",0.10238963638156484,1.1438633912516596,0.8972629553022552,0.9983807516845727
taskonomy/segment_unsup25d,encoder.layer2.2.relu,AIP,test,sub-02,linear_predictivity,5919,381,0.00222438693624749,"[-0.0017306921252081408, 0.0005757320024048826, 0.0001377097044451521, 0.011781212921759415, 0.00035797217783614384]",,,,,
taskonomy/segment_unsup25d,encoder.layer2.2.relu,7Pm,train,sub-02,linear_predictivity,5919,37,-0.004574775116950307,,"[100000.0, 100000.0, 100000.0, 100000.0, 100000.0]",0.09936277696236331,1.1496507987758497,0.9004527390843045,1.0012278584017689
taskonomy/segment_unsup25d,encoder.layer2.2.relu,7Pm,test,sub-02,linear_predictivity,5919,37,-0.0022440974244620385,"[1.0979860561620012e-05, 0.004317159069886453, -0.008039970725552239, -0.0029939242093848808, -0.004514731117821146]",,,,,
taskonomy/segment_unsup25d,encoder.layer2.2.relu,7PL,train,sub-02,linear_predictivity,5919,38,-0.0005907747877189461,,"[100000.0, 100000.0, 100000.0, 100000.0, 100000.0]",0.10068266064007766,1.1393985093078078,0.8991232766493514,0.9971333585466372
taskonomy/segment_unsup25d,encoder.layer2.2.relu,7PL,test,sub-02,linear_predictivity,5919,38,0.007482811043776858,"[0.010377408744728308, 0.008792766556685072, 0.004286165133623928, 0.008631696391447046, 0.005326018392399931]",,,,,
taskonomy/segment_unsup25d,encoder.layer2.2.relu,7PC,train,sub-02,linear_predictivity,5919,234,-0.005064218421597941,,"[100000.0, 100000.0, 100000.0, 100000.0, 100000.0]",0.09854984119435041,1.1424975693891462,0.9011692678302661,1.0002074176842353
taskonomy/segment_unsup25d,encoder.layer2.2.relu,7PC,test,sub-02,linear_predictivity,5919,234,0.008822754537336653,"[0.005006757551529798, 0.010585946229401013, 0.010948597991591294, 0.00899470656946194, 0.008577764344699212]",,,,,
taskonomy/segment_unsup25d,encoder.layer2.2.relu,7Am,train,sub-02,linear_predictivity,5919,232,-0.003899304193541892,,"[316227.7660168379, 100000.0, 100000.0, 100000.0, 100000.0]",0.0862188680044649,1.1425515721877992,0.9135067801259614,1.0002430293972082
taskonomy/segment_unsup25d,encoder.layer2.2.relu,7Am,test,sub-02,linear_predictivity,5919,232,0.015060917738179636,"[0.004594731108265997, 0.017729268736960856, 0.01606182632765151, 0.01681205019939423, 0.020106712318625587]",,,,,
taskonomy/segment_unsup25d,encoder.layer2.2.relu,7AL,train,sub-02,linear_predictivity,5919,259,-0.004203546442996936,,"[100000.0, 100000.0, 100000.0, 100000.0, 316227.7660168379]",0.08438212038673198,1.141015763074113,0.9153470629533622,1.0008451699103307
taskonomy/segment_unsup25d,encoder.layer2.2.relu,7AL,test,sub-02,linear_predictivity,5919,259,0.006513483669498088,"[0.00454591863615734, 0.011272678357606607, 0.009130498526191102, 0.010625988077203607, -0.0030076652496682146]",,,,,
taskonomy/segment_unsup25d,encoder.layer2.2.relu,VVC,train,sub-02,linear_predictivity,5919,159,0.011016376810420574,,"[31622.776601683796, 31622.776601683796, 31622.776601683796, 31622.776601683796, 31622.776601683796]",0.25230500569223374,1.1183469099284893,0.7474616220634497,0.9840152223193461
taskonomy/segment_unsup25d,encoder.layer2.2.relu,VVC,test,sub-02,linear_predictivity,5919,159,0.02307350027304626,"[0.0202252444187548, 0.02438938663831089, 0.022123129371098657, 0.029496377531501732, 0.019133363405565217]",,,,,
taskonomy/segment_unsup25d,encoder.layer2.2.relu,VMV2,train,sub-02,linear_predictivity,5919,124,0.014455482405728453,,"[31622.776601683796, 31622.776601683796, 31622.776601683796, 31622.776601683796, 31622.776601683796]",0.2526883554467898,1.107182894772523,0.7471006346111071,0.9809426461233859
taskonomy/segment_unsup25d,encoder.layer2.2.relu,VMV2,test,sub-02,linear_predictivity,5919,124,0.02754636021612226,"[0.026134216777540388, 0.02338768990589365, 0.0191856598826401, 0.040930248329960776, 0.028093986184576408]",,,,,
taskonomy/segment_unsup25d,encoder.layer2.2.relu,VMV3,train,sub-02,linear_predictivity,5919,113,0.01661677805173666,,"[31622.776601683796, 31622.776601683796, 31622.776601683796, 31622.776601683796, 31622.776601683796]",0.2614736188404252,1.0998638962025669,0.7383318354953198,0.9789833308087263
taskonomy/segment_unsup25d,encoder.layer2.2.relu,VMV3,test,sub-02,linear_predictivity,5919,113,0.02771606838478246,"[0.020746317745649192, 0.03687437281305383, 0.016895372712260617, 0.03644106176957804, 0.027623216883370633]",,,,,
taskonomy/segment_unsup25d,encoder.layer2.2.relu,VMV1,train,sub-02,linear_predictivity,5919,84,0.016473756005231065,,"[31622.776601683796, 31622.776601683796, 31622.776601683796, 31622.776601683796, 31622.776601683796]",0.2521432192760549,1.119825951408998,0.7476967739017264,0.9800325085445355
taskonomy/segment_unsup25d,encoder.layer2.2.relu,VMV1,test,sub-02,linear_predictivity,5919,84,0.013370641882693452,"[0.004978750009644554, 0.01287740564675192, 0.008642896591506868, 0.022882530409037365, 0.017471626756526554]",,,,,
taskonomy/segment_unsup25d,encoder.layer2.2.relu,PHA2,train,sub-02,linear_predictivity,5919,29,3.982823841584551e-05,,"[100000.0, 100000.0, 100000.0, 100000.0, 100000.0]",0.10238199816822166,1.1368956293200552,0.8973770903089084,0.9956243082690666
taskonomy/segment_unsup25d,encoder.layer2.2.relu,PHA2,test,sub-02,linear_predictivity,5919,29,0.010324655055910256,"[0.014537875002448313, 0.00791712191757029, 0.01130738670865672, 0.014139634822570512, 0.0037212568283054516]",,,,,
taskonomy/segment_unsup25d,encoder.layer2.2.relu,PHA3,train,sub-02,linear_predictivity,5919,147,-0.0028118622877729327,,"[100000.0, 100000.0, 100000.0, 100000.0, 100000.0]",0.10119081973684621,1.1318923227525668,0.898511865236477,0.9975524150878249
taskonomy/segment_unsup25d,encoder.layer2.2.relu,PHA3,test,sub-02,linear_predictivity,5919,147,0.0021552665987215514,"[0.006547575011811062, -0.0028276149610034123, 0.0011327449630633023, 0.00831032248527121, -0.0023866945055344064]",,,,,
taskonomy/segment_unsup25d,encoder.layer2.2.relu,PH,train,sub-02,linear_predictivity,5919,360,0.03794894351490097,,"[31622.776601683796, 31622.776601683796, 31622.776601683796, 31622.776601683796, 31622.776601683796]",0.27411371864964196,1.0958254684771347,0.7256679852001432,0.9576700309892423
taskonomy/segment_unsup25d,encoder.layer2.2.relu,PH,test,sub-02,linear_predictivity,5919,360,0.06295624987599852,"[0.06068171642217628, 0.06303887052520747, 0.07046140559993207, 0.059361127254685266, 0.06123812957799147]",,,,,
taskonomy/segment_unsup25d,encoder.layer3.0.relu,V1,train,sub-02,linear_predictivity,5919,435,0.09818200926877425,,"[10000.0, 10000.0, 10000.0, 10000.0, 10000.0]",0.5196443222462961,1.0607561069428655,0.4802344858461363,0.8984565613945088
taskonomy/segment_unsup25d,encoder.layer3.0.relu,V1,test,sub-02,linear_predictivity,5919,435,0.13482033284774375,"[0.135145502282687, 0.13904293605980564, 0.1380674678490844, 0.14350840949274288, 0.11833734855439876]",,,,,
taskonomy/segment_unsup25d,encoder.layer3.0.relu,V2,train,sub-02,linear_predictivity,5919,567,0.044514460919956846,,"[31622.776601683796, 31622.776601683796, 31622.776601683796, 31622.776601683796, 31622.776601683796]",0.27178310908561987,1.1095503671667821,0.7280166550435927,0.9514096377626136
taskonomy/segment_unsup25d,encoder.layer3.0.relu,V2,test,sub-02,linear_predictivity,5919,567,0.04675465603692567,"[0.04854460477823902, 0.04572618333778178, 0.04520097269532611, 0.05072163750032113, 0.0435798818729603]",,,,,
taskonomy/segment_unsup25d,encoder.layer3.0.relu,V3,train,sub-02,linear_predictivity,5919,538,0.04724529107582002,,"[31622.776601683796, 31622.776601683796, 31622.776601683796, 31622.776601683796, 31622.776601683796]",0.27297881166302884,1.1088237185168335,0.726816684569093,0.9485656312840364
taskonomy/segment_unsup25d,encoder.layer3.0.relu,V3,test,sub-02,linear_predictivity,5919,538,0.056548747899416586,"[0.06120920270510035, 0.053479998562805844, 0.051398035866800966, 0.061810629614068684, 0.054845872748307094]",,,,,
taskonomy/segment_unsup25d,encoder.layer3.0.relu,V4,train,sub-02,linear_predictivity,5919,630,0.04128489773144744,,"[31622.776601683796, 31622.776601683796, 31622.776601683796, 31622.776601683796, 31622.776601683796]",0.2684845077142686,1.1113457270237836,0.731318526006586,0.9547905922887214
taskonomy/segment_unsup25d,encoder.layer3.0.relu,V4,test,sub-02,linear_predictivity,5919,630,0.038137131719812936,"[0.038893293737920547, 0.03484227004341572, 0.02536595933639538, 0.053135718954247985, 0.03844841652708502]",,,,,
taskonomy/segment_unsup25d,encoder.layer3.0.relu,V3A,train,sub-02,linear_predictivity,5919,273,0.03325719348801344,,"[31622.776601683796, 31622.776601683796, 31622.776601683796, 31622.776601683796, 31622.776601683796]",0.2619264299135147,1.1277504945006975,0.7378400795742011,0.9616549666393881
taskonomy/segment_unsup25d,encoder.layer3.0.relu,V3A,test,sub-02,linear_predictivity,5919,273,0.00851441786492264,"[0.018356949347236747, 0.0037193396550550374, -0.004463066539001922, 0.021744902670864947, 0.00321396419045839]",,,,,
taskonomy/segment_unsup25d,encoder.layer3.0.relu,V3B,train,sub-02,linear_predictivity,5919,148,0.03728058993510604,,"[31622.776601683796, 31622.776601683796, 31622.776601683796, 31622.776601683796, 31622.776601683796]",0.2631542496388703,1.1429411851878224,0.7367156742401969,0.9599868564802536
taskonomy/segment_unsup25d,encoder.layer3.0.relu,V3B,test,sub-02,linear_predictivity,5919,148,-0.023310407088111475,"[-0.01143517045237564, -0.03058368844069744, -0.029637476806427244, -0.021705796425781416, -0.02318990331527562]",,,,,
taskonomy/segment_unsup25d,encoder.layer3.0.relu,V6,train,sub-02,linear_predictivity,5919,147,0.03352270209327985,,"[31622.776601683796, 31622.776601683796, 31622.776601683796, 31622.776601683796, 31622.776601683796]",0.26134335001317677,1.1248012806968115,0.7384055829859858,0.961261738085849
taskonomy/segment_unsup25d,encoder.layer3.0.relu,V6,test,sub-02,linear_predictivity,5919,147,0.0539844135138274,"[0.05742347285114543, 0.04297894831352945, 0.05568611792253835, 0.06189880525372081, 0.05193472322820296]",,,,,
taskonomy/segment_unsup25d,encoder.layer3.0.relu,V6A,train,sub-02,linear_predictivity,5919,82,0.01580408106004408,,"[31622.776601683796, 31622.776601683796, 31622.776601683796, 31622.776601683796, 31622.776601683796]",0.24397443385256,1.147952817584056,0.7557978696732155,0.979441034089783
taskonomy/segment_unsup25d,encoder.layer3.0.relu,V6A,test,sub-02,linear_predictivity,5919,82,0.028899325227233874,"[0.03077952654806951, 0.02139185012356742, 0.02316195850159912, 0.0419972256886651, 0.027166065274268215]",,,,,
taskonomy/segment_unsup25d,encoder.layer3.0.relu,V7,train,sub-02,linear_predictivity,5919,88,0.04123761116247158,,"[31622.776601683796, 31622.776601683796, 31622.776601683796, 31622.776601683796, 31622.776601683796]",0.2702751519468939,1.1241560827702162,0.729507246021222,0.9546477135299748
taskonomy/segment_unsup25d,encoder.layer3.0.relu,V7,test,sub-02,linear_predictivity,5919,88,0.05967697401652174,"[0.06252383461524126, 0.06213212343644547, 0.06252420571400187, 0.062250565812106966, 0.04895414050481318]",,,,,
taskonomy/segment_unsup25d,encoder.layer3.0.relu,V8,train,sub-02,linear_predictivity,5919,105,0.04575395529121016,,"[31622.776601683796, 31622.776601683796, 31622.776601683796, 31622.776601683796, 31622.776601683796]",0.27298476895192186,1.1141441675960624,0.7267684994071911,0.9495402411444402
taskonomy/segment_unsup25d,encoder.layer3.0.relu,V8,test,sub-02,linear_predictivity,5919,105,0.049108423760291134,"[0.04939564622899678, 0.05370464010535958, 0.030230563231600675, 0.05991057460955835, 0.052300694625940315]",,,,,
taskonomy/segment_unsup25d,encoder.layer3.0.relu,FFC,train,sub-02,linear_predictivity,5919,269,0.040693696021581634,,"[31622.776601683796, 31622.776601683796, 31622.776601683796, 31622.776601683796, 31622.776601683796]",0.2684430927712504,1.1285462052808577,0.7313327161653179,0.9546526524430913
taskonomy/segment_unsup25d,encoder.layer3.0.relu,FFC,test,sub-02,linear_predictivity,5919,269,0.10032715608489347,"[0.10472512265031748, 0.10378940942239334, 0.1013214195641132, 0.0991738799894181, 0.09262594879822528]",,,,,
taskonomy/segment_unsup25d,encoder.layer3.0.relu,PIT,train,sub-02,linear_predictivity,5919,110,0.055473025893578644,,"[31622.776601683796, 31622.776601683796, 31622.776601683796, 31622.776601683796, 31622.776601683796]",0.27790260399902494,1.111179287332619,0.7218742218105558,0.9399494741713796
taskonomy/segment_unsup25d,encoder.layer3.0.relu,PIT,test,sub-02,linear_predictivity,5919,110,0.14442188225416588,"[0.15280183622069532, 0.15257900844387956, 0.13838160074114175, 0.14008109302084487, 0.13826587284426797]",,,,,
taskonomy/segment_unsup25d,encoder.layer3.0.relu,IPS1,train,sub-02,linear_predictivity,5919,212,0.019935492578275198,,"[31622.776601683796, 31622.776601683796, 31622.776601683796, 31622.776601683796, 31622.776601683796]",0.2545131889930431,1.136558519289257,0.7452328742963212,0.9743186450709704
taskonomy/segment_unsup25d,encoder.layer3.0.relu,IPS1,test,sub-02,linear_predictivity,5919,212,0.04044023519443793,"[0.04582614626986354, 0.024711664478611943, 0.04971273070347846, 0.05208291614505946, 0.02986771837517625]",,,,,
taskonomy/segment_unsup25d,encoder.layer3.0.relu,MST,train,sub-02,linear_predictivity,5919,149,0.07549729489891094,,"[31622.776601683796, 31622.776601683796, 31622.776601683796, 31622.776601683796, 31622.776601683796]",0.3001099292253639,1.0841114623306431,0.6996573075510636,0.9199646307531998
taskonomy/segment_unsup25d,encoder.layer3.0.relu,MST,test,sub-02,linear_predictivity,5919,149,0.12174650996091949,"[0.1307705348082735, 0.12852380438871275, 0.12197022375753595, 0.1226867673299626, 0.10478121952011271]",,,,,
taskonomy/segment_unsup25d,encoder.layer3.0.relu,MT,train,sub-02,linear_predictivity,5919,99,0.06991179761672293,,"[31622.776601683796, 31622.776601683796, 31622.776601683796, 31622.776601683796, 31622.776601683796]",0.2962985296127646,1.085967552428901,0.7034054002159621,0.9243693768370731
taskonomy/segment_unsup25d,encoder.layer3.0.relu,MT,test,sub-02,linear_predictivity,5919,99,0.10433310730201995,"[0.10666943885490564, 0.11219804396915517, 0.10486812364367586, 0.10622008632062703, 0.09170984372173603]",,,,,
taskonomy/segment_unsup25d,encoder.layer3.0.relu,FST,train,sub-02,linear_predictivity,5919,171,0.03734708180603545,,"[31622.776601683796, 31622.776601683796, 31622.776601683796, 31622.776601683796, 31622.776601683796]",0.27316503425556116,1.129058940264941,0.7266621357714486,0.9591325702592902
taskonomy/segment_unsup25d,encoder.layer3.0.relu,FST,test,sub-02,linear_predictivity,5919,171,0.05215258468952463,"[0.056915497823078205, 0.06640205356951001, 0.05472844315464797, 0.05213992444304945, 0.030577004457337516]",,,,,
taskonomy/segment_unsup25d,encoder.layer3.0.relu,LO1,train,sub-02,linear_predictivity,5919,78,0.046566831779456024,,"[31622.776601683796, 31622.776601683796, 31622.776601683796, 31622.776601683796, 31622.776601683796]",0.27108283392074706,1.1042781827169883,0.7288106215700342,0.9510470086903966
taskonomy/segment_unsup25d,encoder.layer3.0.relu,LO1,test,sub-02,linear_predictivity,5919,78,0.08050891102938987,"[0.08420168143504646, 0.0702423310838503, 0.07279807322810582, 0.09236241967657782, 0.08294004972336894]",,,,,
taskonomy/segment_unsup25d,encoder.layer3.0.relu,LO2,train,sub-02,linear_predictivity,5919,82,0.058303862389000725,,"[31622.776601683796, 31622.776601683796, 31622.776601683796, 31622.776601683796, 31622.776601683796]",0.27798915766889354,1.108287678384632,0.7218033328782022,0.9377813220097242
taskonomy/segment_unsup25d,encoder.layer3.0.relu,LO2,test,sub-02,linear_predictivity,5919,82,0.11562288632648665,"[0.12041938821928017, 0.12346559352904836, 0.11445789072285925, 0.11088701334142063, 0.10888454581982485]",,,,,
taskonomy/segment_unsup25d,encoder.layer3.0.relu,LO3,train,sub-02,linear_predictivity,5919,124,0.028834222045816923,,"[31622.776601683796, 31622.776601683796, 31622.776601683796, 31622.776601683796, 31622.776601683796]",0.25854867897149436,1.1254858836625155,0.7412688713250615,0.9668800259382528
taskonomy/segment_unsup25d,encoder.layer3.0.relu,LO3,test,sub-02,linear_predictivity,5919,124,0.05915350558376631,"[0.05953256396483468, 0.05466507562888686, 0.05771665864857813, 0.06626429515123197, 0.05758893452529988]",,,,,
taskonomy/segment_unsup25d,encoder.layer3.0.relu,V7,train,sub-02,linear_predictivity,5919,88,0.04123761116247158,,"[31622.776601683796, 31622.776601683796, 31622.776601683796, 31622.776601683796, 31622.776601683796]",0.2702751519468939,1.1241560827702162,0.729507246021222,0.9546477135299748
taskonomy/segment_unsup25d,encoder.layer3.0.relu,V7,test,sub-02,linear_predictivity,5919,88,0.05967697401652174,"[0.06252383461524126, 0.06213212343644547, 0.06252420571400187, 0.062250565812106966, 0.04895414050481318]",,,,,
taskonomy/segment_unsup25d,encoder.layer3.0.relu,IP0,train,sub-02,linear_predictivity,5919,151,0.01002955430268756,,"[100000.0, 31622.776601683796, 31622.776601683796, 31622.776601683796, 100000.0]",0.19250020486524103,1.1494753590439988,0.807292787252007,0.9856257414375269
taskonomy/segment_unsup25d,encoder.layer3.0.relu,IP0,test,sub-02,linear_predictivity,5919,151,0.017376180476994886,"[0.022311964697127328, 0.00279166877310129, 0.027695243525927952, 0.02153155924699134, 0.012550466141826517]",,,,,
taskonomy/segment_unsup25d,encoder.layer3.0.relu,IP1,train,sub-02,linear_predictivity,5919,78,-0.0027129548392503967,,"[100000.0, 100000.0, 100000.0, 316227.7660168379, 100000.0]",0.08694295017469394,1.1797330923350502,0.9126143789530469,0.9980690987832016
taskonomy/segment_unsup25d,encoder.layer3.0.relu,IP1,test,sub-02,linear_predictivity,5919,78,0.0020573344377414005,"[0.005576491418025426, -0.0032458461133873175, 0.004263218906857906, 0.003858031782912299, -0.0001652238057013126]",,,,,
taskonomy/segment_unsup25d,encoder.layer3.0.relu,MIP,train,sub-02,linear_predictivity,5919,198,-0.0007388845601726202,,"[100000.0, 31622.776601683796, 100000.0, 100000.0, 100000.0]",0.13084868614791095,1.1668423290687202,0.8683383825518496,0.996111889193649
taskonomy/segment_unsup25d,encoder.layer3.0.relu,MIP,test,sub-02,linear_predictivity,5919,198,0.0052992219688870945,"[0.01187512974203605, -0.016638113471642575, 0.014753835286635241, 0.0144511807938865, 0.002054077493520256]",,,,,
taskonomy/segment_unsup25d,encoder.layer3.0.relu,VIP,train,sub-02,linear_predictivity,5919,200,0.01566357405711127,,"[31622.776601683796, 31622.776601683796, 31622.776601683796, 31622.776601683796, 31622.776601683796]",0.24447076290300052,1.1385736279355947,0.7553338486473163,0.9803835318599756
taskonomy/segment_unsup25d,encoder.layer3.0.relu,VIP,test,sub-02,linear_predictivity,5919,200,0.0366585083348058,"[0.03902260991558234, 0.026519131043865232, 0.04217575185147204, 0.048926619047596404, 0.026648429815513]",,,,,
taskonomy/segment_unsup25d,encoder.layer3.0.relu,LIPd,train,sub-02,linear_predictivity,5919,106,0.0044561435928852245,,"[100000.0, 31622.776601683796, 100000.0, 100000.0, 100000.0]",0.13490052898035834,1.1735732582170109,0.8643437520021502,0.9897917063424337
taskonomy/segment_unsup25d,encoder.layer3.0.relu,LIPd,test,sub-02,linear_predictivity,5919,106,0.015341166186676669,"[0.02149668312067833, -0.0002250055296887471, 0.018275313418425337, 0.018091964291145984, 0.01906687563282245]",,,,,
taskonomy/segment_unsup25d,encoder.layer3.0.relu,LIPv,train,sub-02,linear_predictivity,5919,239,0.010454079155169464,,"[100000.0, 31622.776601683796, 31622.776601683796, 100000.0, 31622.776601683796]",0.19266975392000285,1.1571486282270678,0.8059935191904873,0.9851617957016308
taskonomy/segment_unsup25d,encoder.layer3.0.relu,LIPv,test,sub-02,linear_predictivity,5919,239,0.03305561635391853,"[0.036597138356786275, 0.033605626510253166, 0.03482601886044289, 0.030999832338016092, 0.029249465704094233]",,,,,
taskonomy/segment_unsup25d,encoder.layer3.0.relu,AIP,train,sub-02,linear_predictivity,5919,381,-0.0016356723499171195,,"[100000.0, 31622.776601683796, 100000.0, 100000.0, 31622.776601683796]",0.15916813421392267,1.1630550244421998,0.8393834610316275,0.9954906771839672
taskonomy/segment_unsup25d,encoder.layer3.0.relu,AIP,test,sub-02,linear_predictivity,5919,381,-0.006418729411446443,"[0.004901576254941482, -0.02337346574942156, 0.005040371775514868, 0.008816794837539957, -0.027478924175806965]",,,,,
taskonomy/segment_unsup25d,encoder.layer3.0.relu,7Pm,train,sub-02,linear_predictivity,5919,37,-0.0021673948836011627,,"[100000.0, 100000.0, 100000.0, 100000.0, 100000.0]",0.09932305904930647,1.1760379524732678,0.9004837118937694,0.9987867837645779
taskonomy/segment_unsup25d,encoder.layer3.0.relu,7Pm,test,sub-02,linear_predictivity,5919,37,-0.0019372342319787905,"[-0.003516121752896842, 0.0042237907853939875, -0.00866269488150755, 0.0011353438180456705, -0.002866489128929218]",,,,,
taskonomy/segment_unsup25d,encoder.layer3.0.relu,7PL,train,sub-02,linear_predictivity,5919,38,0.0008024688302535299,,"[100000.0, 100000.0, 100000.0, 100000.0, 100000.0]",0.10116302172323581,1.1552632000856455,0.8986367394170405,0.9956664943100411
taskonomy/segment_unsup25d,encoder.layer3.0.relu,7PL,test,sub-02,linear_predictivity,5919,38,0.008878972276350584,"[0.011992903459667748, 0.00790969213260666, 0.007402470162491798, 0.014802353888023116, 0.002287441738963599]",,,,,
taskonomy/segment_unsup25d,encoder.layer3.0.relu,7PC,train,sub-02,linear_predictivity,5919,234,-0.001563097494915036,,"[100000.0, 100000.0, 100000.0, 100000.0, 100000.0]",0.10006821581782813,1.1749020959266194,0.8996420987055751,0.9966766508922644
taskonomy/segment_unsup25d,encoder.layer3.0.relu,7PC,test,sub-02,linear_predictivity,5919,234,0.012355807892863264,"[0.013859659293709572, 0.011959046919333792, 0.015370626216819594, 0.010899093591732975, 0.009690613442720387]",,,,,
taskonomy/segment_unsup25d,encoder.layer3.0.relu,7Am,train,sub-02,linear_predictivity,5919,232,-0.0036951547277111092,,"[316227.7660168379, 100000.0, 100000.0, 100000.0, 100000.0]",0.08667436776722692,1.1819343799972444,0.9130491432944616,1.0000069403790204
taskonomy/segment_unsup25d,encoder.layer3.0.relu,7Am,test,sub-02,linear_predictivity,5919,232,0.01965187564610756,"[0.008624778407582138, 0.020462996853448105, 0.022514525452009628, 0.023965887755521546, 0.022691189761976368]",,,,,
taskonomy/segment_unsup25d,encoder.layer3.0.relu,7AL,train,sub-02,linear_predictivity,5919,259,-0.0012198883215652234,,"[100000.0, 100000.0, 100000.0, 100000.0, 100000.0]",0.09843809311046839,1.166877508429088,0.9013671103153429,0.9978265035938708
taskonomy/segment_unsup25d,encoder.layer3.0.relu,7AL,test,sub-02,linear_predictivity,5919,259,0.013424334227180004,"[0.014535324353791996, 0.019221526191489258, 0.013254462975863825, 0.014923504167034985, 0.005186853447719948]",,,,,
taskonomy/segment_unsup25d,encoder.layer3.0.relu,VVC,train,sub-02,linear_predictivity,5919,159,0.01637707524327008,,"[31622.776601683796, 31622.776601683796, 31622.776601683796, 31622.776601683796, 31622.776601683796]",0.25067047349983596,1.1404601031153452,0.7490943204159377,0.9786052708381208
taskonomy/segment_unsup25d,encoder.layer3.0.relu,VVC,test,sub-02,linear_predictivity,5919,159,0.03661092220024629,"[0.03700395978498512, 0.03607610283107727, 0.025671952416715105, 0.04647643267384346, 0.03782616329461047]",,,,,
taskonomy/segment_unsup25d,encoder.layer3.0.relu,VMV2,train,sub-02,linear_predictivity,5919,124,0.02845892731212819,,"[31622.776601683796, 31622.776601683796, 31622.776601683796, 31622.776601683796, 31622.776601683796]",0.25670097266914454,1.1210186940525684,0.7430874076635346,0.9670695078511422
taskonomy/segment_unsup25d,encoder.layer3.0.relu,VMV2,test,sub-02,linear_predictivity,5919,124,0.052128029882283246,"[0.05021982402223404, 0.04463987068582958, 0.03647636768820599, 0.0749602544803445, 0.054343832534802156]",,,,,
taskonomy/segment_unsup25d,encoder.layer3.0.relu,VMV3,train,sub-02,linear_predictivity,5919,113,0.030420949089348292,,"[31622.776601683796, 10000.0, 31622.776601683796, 31622.776601683796, 31622.776601683796]",0.31390548276704516,1.1039320735555422,0.6848973350626435,0.9644374740301336
taskonomy/segment_unsup25d,encoder.layer3.0.relu,VMV3,test,sub-02,linear_predictivity,5919,113,0.0470483712835562,"[0.04183469867911352, 0.04326401065355708, 0.021767592830160776, 0.07037873492544464, 0.057996819329505]",,,,,
taskonomy/segment_unsup25d,encoder.layer3.0.relu,VMV1,train,sub-02,linear_predictivity,5919,84,0.022196785910837038,,"[31622.776601683796, 31622.776601683796, 31622.776601683796, 31622.776601683796, 31622.776601683796]",0.2514161993278269,1.145837057564533,0.7484297583857273,0.9743724741585844
taskonomy/segment_unsup25d,encoder.layer3.0.relu,VMV1,test,sub-02,linear_predictivity,5919,84,0.031257797038644515,"[0.02121681829001885, 0.030702347289765095, 0.028334578890529403, 0.0411784655830477, 0.03485677513986152]",,,,,
taskonomy/segment_unsup25d,encoder.layer3.0.relu,PHA2,train,sub-02,linear_predictivity,5919,29,0.003037091942819167,,"[100000.0, 100000.0, 100000.0, 100000.0, 100000.0]",0.10275649989740843,1.1540684687869007,0.8970084604529511,0.9927196028783569
taskonomy/segment_unsup25d,encoder.layer3.0.relu,PHA2,test,sub-02,linear_predictivity,5919,29,0.005720997330340721,"[0.009529441753572088, 0.002547615737514168, 0.007342914302383365, 0.009760616440972167, -0.0005756015827381799]",,,,,
taskonomy/segment_unsup25d,encoder.layer3.0.relu,PHA3,train,sub-02,linear_predictivity,5919,147,0.002860991216049763,,"[31622.776601683796, 31622.776601683796, 31622.776601683796, 100000.0, 100000.0]",0.187313133298804,1.1471099862384067,0.8122777613930279,0.9918628741638964
taskonomy/segment_unsup25d,encoder.layer3.0.relu,PHA3,test,sub-02,linear_predictivity,5919,147,-0.00047221718118997354,"[0.00914263595731092, -0.02183070130180224, -0.0048563494180169885, 0.013670076089028102, 0.0015132527675303376]",,,,,
taskonomy/segment_unsup25d,encoder.layer3.0.relu,PH,train,sub-02,linear_predictivity,5919,360,0.051031841809580945,,"[31622.776601683796, 31622.776601683796, 31622.776601683796, 31622.776601683796, 31622.776601683796]",0.27827937891868804,1.1083842106929926,0.721486167600994,0.9444898677274722
taskonomy/segment_unsup25d,encoder.layer3.0.relu,PH,test,sub-02,linear_predictivity,5919,360,0.0747498130828737,"[0.07904711126222604, 0.07769109143446704, 0.07504965189391719, 0.07266420435617918, 0.0692970064675791]",,,,,
taskonomy/segment_unsup25d,encoder.layer3.1.relu,V1,train,sub-02,linear_predictivity,5919,435,0.09463787668890973,,"[10000.0, 10000.0, 10000.0, 10000.0, 10000.0]",0.5226698946552244,1.0647648082859544,0.47720606273674954,0.9019358311247432
taskonomy/segment_unsup25d,encoder.layer3.1.relu,V1,test,sub-02,linear_predictivity,5919,435,0.13313253953682347,"[0.1304967140680526, 0.13540552164188008, 0.13902239490294246, 0.1377806047024701, 0.12295746236877218]",,,,,
taskonomy/segment_unsup25d,encoder.layer3.1.relu,V2,train,sub-02,linear_predictivity,5919,567,0.0442332340904584,,"[31622.776601683796, 31622.776601683796, 31622.776601683796, 31622.776601683796, 31622.776601683796]",0.27427305294648024,1.1117198290277885,0.7255287428885548,0.9517131783899826
taskonomy/segment_unsup25d,encoder.layer3.1.relu,V2,test,sub-02,linear_predictivity,5919,567,0.04482944149838998,"[0.04490614929563336, 0.042976958292487245, 0.04553108258140785, 0.04808977580046603, 0.04264324152195542]",,,,,
taskonomy/segment_unsup25d,encoder.layer3.1.relu,V3,train,sub-02,linear_predictivity,5919,538,0.04791139002596078,,"[31622.776601683796, 31622.776601683796, 31622.776601683796, 31622.776601683796, 31622.776601683796]",0.2757504648339368,1.1146733825097712,0.7240430183673002,0.9478687885087386
taskonomy/segment_unsup25d,encoder.layer3.1.relu,V3,test,sub-02,linear_predictivity,5919,538,0.053096026932890936,"[0.05498107111238915, 0.04846567275677822, 0.0504318233829277, 0.05714353820455691, 0.05445802920780276]",,,,,
taskonomy/segment_unsup25d,encoder.layer3.1.relu,V4,train,sub-02,linear_predictivity,5919,630,0.04292506549406156,,"[31622.776601683796, 31622.776601683796, 31622.776601683796, 31622.776601683796, 31622.776601683796]",0.27163832280435757,1.1181719966092314,0.728166576239668,0.9531755700390769
taskonomy/segment_unsup25d,encoder.layer3.1.relu,V4,test,sub-02,linear_predictivity,5919,630,0.030405385247200593,"[0.03104638103353903, 0.025230336049108702, 0.020584390767220084, 0.04366203145889519, 0.03150378692723997]",,,,,
taskonomy/segment_unsup25d,encoder.layer3.1.relu,V3A,train,sub-02,linear_predictivity,5919,273,0.032560161154139046,,"[31622.776601683796, 31622.776601683796, 31622.776601683796, 31622.776601683796, 31622.776601683796]",0.2635023383186792,1.1370276310276113,0.7362716873883993,0.9624527284608135
taskonomy/segment_unsup25d,encoder.layer3.1.relu,V3A,test,sub-02,linear_predictivity,5919,273,0.0021118552859719685,"[0.009179327533897464, -0.004583869950219404, -0.00906885479868282, 0.01577465845221306, -0.0007419848073484547]",,,,,
taskonomy/segment_unsup25d,encoder.layer3.1.relu,V3B,train,sub-02,linear_predictivity,5919,148,0.038403451816454305,,"[31622.776601683796, 31622.776601683796, 31622.776601683796, 31622.776601683796, 31622.776601683796]",0.26619923005787466,1.1508507559343648,0.7336741181747227,0.9589176598144732
taskonomy/segment_unsup25d,encoder.layer3.1.relu,V3B,test,sub-02,linear_predictivity,5919,148,-0.03167722490591914,"[-0.022994792969905437, -0.040789252561449246, -0.03539254625182532, -0.0275549566189382, -0.03165457612747753]",,,,,
taskonomy/segment_unsup25d,encoder.layer3.1.relu,V6,train,sub-02,linear_predictivity,5919,147,0.03252136125941488,,"[31622.776601683796, 31622.776601683796, 31622.776601683796, 31622.776601683796, 31622.776601683796]",0.26247504019132484,1.1341062770549812,0.7372799219991568,0.9623334394341722
taskonomy/segment_unsup25d,encoder.layer3.1.relu,V6,test,sub-02,linear_predictivity,5919,147,0.04546955466661885,"[0.04710798573416508, 0.03517317994058419, 0.047025083453973264, 0.050969108135364316, 0.04707241606900738]",,,,,
taskonomy/segment_unsup25d,encoder.layer3.1.relu,V6A,train,sub-02,linear_predictivity,5919,82,0.011868781272623266,,"[100000.0, 31622.776601683796, 31622.776601683796, 31622.776601683796, 31622.776601683796]",0.21992213803756896,1.1478846926033384,0.7798401516923841,0.9833280538473057
taskonomy/segment_unsup25d,encoder.layer3.1.relu,V6A,test,sub-02,linear_predictivity,5919,82,0.023355622752224556,"[0.017869760462912734, 0.017901265611538895, 0.020576641212032253, 0.03772488696083076, 0.02270555951380813]",,,,,
taskonomy/segment_unsup25d,encoder.layer3.1.relu,V7,train,sub-02,linear_predictivity,5919,88,0.04375235452641905,,"[31622.776601683796, 31622.776601683796, 31622.776601683796, 31622.776601683796, 31622.776601683796]",0.2738851146987805,1.1282279721819553,0.7259066393326663,0.9522729443094142
taskonomy/segment_unsup25d,encoder.layer3.1.relu,V7,test,sub-02,linear_predictivity,5919,88,0.055651854696595525,"[0.05694442318956914, 0.05786746776796417, 0.06110050724864621, 0.06147476236771588, 0.04087211290908226]",,,,,
taskonomy/segment_unsup25d,encoder.layer3.1.relu,V8,train,sub-02,linear_predictivity,5919,105,0.04734380975713753,,"[31622.776601683796, 31622.776601683796, 31622.776601683796, 31622.776601683796, 31622.776601683796]",0.2759787731035989,1.1212910024869318,0.7237818104429783,0.9480390907127758
taskonomy/segment_unsup25d,encoder.layer3.1.relu,V8,test,sub-02,linear_predictivity,5919,105,0.04239643606093575,"[0.045286729490675914, 0.046249345110630155, 0.026347454339385228, 0.05237386359307665, 0.041724787770910855]",,,,,
taskonomy/segment_unsup25d,encoder.layer3.1.relu,FFC,train,sub-02,linear_predictivity,5919,269,0.04135265256854069,,"[31622.776601683796, 31622.776601683796, 31622.776601683796, 31622.776601683796, 31622.776601683796]",0.27032031884702856,1.1383712448736034,0.7294563520431152,0.9539937744800095
taskonomy/segment_unsup25d,encoder.layer3.1.relu,FFC,test,sub-02,linear_predictivity,5919,269,0.09928581533402325,"[0.10299862408755141, 0.10166378227139881, 0.10316420494129026, 0.09620247244452819, 0.09239999292534763]",,,,,
taskonomy/segment_unsup25d,encoder.layer3.1.relu,PIT,train,sub-02,linear_predictivity,5919,110,0.059206926481133564,,"[31622.776601683796, 31622.776601683796, 31622.776601683796, 31622.776601683796, 31622.776601683796]",0.28077142366009833,1.1209684860008664,0.7190056791687616,0.9362532898183382
taskonomy/segment_unsup25d,encoder.layer3.1.relu,PIT,test,sub-02,linear_predictivity,5919,110,0.14851860946757736,"[0.15745357477111221, 0.15364104064630166, 0.1450760286971144, 0.14300590468105556, 0.143416498542303]",,,,,
taskonomy/segment_unsup25d,encoder.layer3.1.relu,IPS1,train,sub-02,linear_predictivity,5919,212,0.01972990958512993,,"[31622.776601683796, 31622.776601683796, 31622.776601683796, 31622.776601683796, 31622.776601683796]",0.2557956992756459,1.1461757630832026,0.7439482285475261,0.9744779651987556
taskonomy/segment_unsup25d,encoder.layer3.1.relu,IPS1,test,sub-02,linear_predictivity,5919,212,0.03610414727903436,"[0.038230138017651946, 0.023133576324272813, 0.044379919398764366, 0.05025128262349175, 0.024525820030990922]",,,,,
taskonomy/segment_unsup25d,encoder.layer3.1.relu,MST,train,sub-02,linear_predictivity,5919,149,0.07481351732741694,,"[31622.776601683796, 31622.776601683796, 31622.776601683796, 31622.776601683796, 31622.776601683796]",0.3025896295133914,1.0955925476585833,0.6971846241837615,0.9206761713104585
taskonomy/segment_unsup25d,encoder.layer3.1.relu,MST,test,sub-02,linear_predictivity,5919,149,0.12507540938631126,"[0.12915442402214908, 0.12798912160793313, 0.12939485373964904, 0.12489037242585188, 0.113948275135973]",,,,,
taskonomy/segment_unsup25d,encoder.layer3.1.relu,MT,train,sub-02,linear_predictivity,5919,99,0.06871850523930391,,"[31622.776601683796, 31622.776601683796, 31622.776601683796, 31622.776601683796, 31622.776601683796]",0.2987982063824557,1.0981418745680012,0.7009190787315964,0.9256321873014073
taskonomy/segment_unsup25d,encoder.layer3.1.relu,MT,test,sub-02,linear_predictivity,5919,99,0.104321841837378,"[0.10164390640234315, 0.1083477606730427, 0.10951110367503622, 0.10571531726215244, 0.09639112117431553]",,,,,
taskonomy/segment_unsup25d,encoder.layer3.1.relu,FST,train,sub-02,linear_predictivity,5919,171,0.039389387628807955,,"[31622.776601683796, 31622.776601683796, 31622.776601683796, 31622.776601683796, 31622.776601683796]",0.276014457137473,1.1246231172003691,0.7238236526294355,0.9572335831204724
taskonomy/segment_unsup25d,encoder.layer3.1.relu,FST,test,sub-02,linear_predictivity,5919,171,0.05218999752565727,"[0.055024193120609015, 0.06463895096066159, 0.05844832281745198, 0.05058444907273742, 0.03225407165682638]",,,,,
taskonomy/segment_unsup25d,encoder.layer3.1.relu,LO1,train,sub-02,linear_predictivity,5919,78,0.05103632849453077,,"[31622.776601683796, 31622.776601683796, 31622.776601683796, 31622.776601683796, 31622.776601683796]",0.27543470449320573,1.1087170741670638,0.7244591004018301,0.9466340939048881
taskonomy/segment_unsup25d,encoder.layer3.1.relu,LO1,test,sub-02,linear_predictivity,5919,78,0.07372135749191203,"[0.07475562256824783, 0.06064449207478084, 0.0700409492116438, 0.08567875516849427, 0.07748696843639333]",,,,,
taskonomy/segment_unsup25d,encoder.layer3.1.relu,LO2,train,sub-02,linear_predictivity,5919,82,0.06014792257803583,,"[31622.776601683796, 31622.776601683796, 31622.776601683796, 31622.776601683796, 31622.776601683796]",0.2811742702052764,1.1144440542305012,0.7186204683502602,0.935999825002247
taskonomy/segment_unsup25d,encoder.layer3.1.relu,LO2,test,sub-02,linear_predictivity,5919,82,0.11891906496819941,"[0.12537064666476513, 0.12287677719401191, 0.11874494150723135, 0.1138282419040005, 0.11377471757098825]",,,,,
taskonomy/segment_unsup25d,encoder.layer3.1.relu,LO3,train,sub-02,linear_predictivity,5919,124,0.03044289459867727,,"[31622.776601683796, 31622.776601683796, 31622.776601683796, 31622.776601683796, 31622.776601683796]",0.2619721703773169,1.1318960319249163,0.7378392387184989,0.9652260809971723
taskonomy/segment_unsup25d,encoder.layer3.1.relu,LO3,test,sub-02,linear_predictivity,5919,124,0.055344934595520034,"[0.054926361811305155, 0.050935837001869676, 0.0565296770993904, 0.0632937527243755, 0.05103904434065945]",,,,,
taskonomy/segment_unsup25d,encoder.layer3.1.relu,V7,train,sub-02,linear_predictivity,5919,88,0.04375235452641905,,"[31622.776601683796, 31622.776601683796, 31622.776601683796, 31622.776601683796, 31622.776601683796]",0.2738851146987805,1.1282279721819553,0.7259066393326663,0.9522729443094142
taskonomy/segment_unsup25d,encoder.layer3.1.relu,V7,test,sub-02,linear_predictivity,5919,88,0.055651854696595525,"[0.05694442318956914, 0.05786746776796417, 0.06110050724864621, 0.06147476236771588, 0.04087211290908226]",,,,,
taskonomy/segment_unsup25d,encoder.layer3.1.relu,IP0,train,sub-02,linear_predictivity,5919,151,0.009490643595650326,,"[100000.0, 31622.776601683796, 31622.776601683796, 31622.776601683796, 100000.0]",0.19394438025313385,1.164338124421068,0.8058504431281384,0.986142500310707
taskonomy/segment_unsup25d,encoder.layer3.1.relu,IP0,test,sub-02,linear_predictivity,5919,151,0.01092810521569774,"[0.017897269259257175, -0.005862917485135598, 0.021099457549593862, 0.012872662648660849, 0.008634054106112402]",,,,,
taskonomy/segment_unsup25d,encoder.layer3.1.relu,IP1,train,sub-02,linear_predictivity,5919,78,-0.00219590423902793,,"[100000.0, 100000.0, 100000.0, 316227.7660168379, 100000.0]",0.08754107104079155,1.1926995363662194,0.9120147253194764,0.9975625107030097
taskonomy/segment_unsup25d,encoder.layer3.1.relu,IP1,test,sub-02,linear_predictivity,5919,78,0.000441783118907653,"[0.0032973834197469764, -0.0044200593646309145, 0.0033279403409402467, 0.0033002329100435502, -0.0032965817115615938]",,,,,
taskonomy/segment_unsup25d,encoder.layer3.1.relu,MIP,train,sub-02,linear_predictivity,5919,198,-0.001478746000334482,,"[100000.0, 31622.776601683796, 100000.0, 100000.0, 100000.0]",0.13037900353526718,1.184022700466322,0.8688112861252204,0.9968550529976209
taskonomy/segment_unsup25d,encoder.layer3.1.relu,MIP,test,sub-02,linear_predictivity,5919,198,0.006002714844456639,"[0.012250213387705768, -0.015744655183145453, 0.014619784422176967, 0.015632921470455044, 0.0032553101250908686]",,,,,
taskonomy/segment_unsup25d,encoder.layer3.1.relu,VIP,train,sub-02,linear_predictivity,5919,200,0.014095928556733278,,"[31622.776601683796, 31622.776601683796, 31622.776601683796, 31622.776601683796, 31622.776601683796]",0.2456601219732352,1.1490223814050282,0.7541372120315757,0.9818497764758451
taskonomy/segment_unsup25d,encoder.layer3.1.relu,VIP,test,sub-02,linear_predictivity,5919,200,0.03707570697954685,"[0.038656726271979754, 0.026385328187503384, 0.04396033683881983, 0.050077432213902213, 0.026298711385529083]",,,,,
taskonomy/segment_unsup25d,encoder.layer3.1.relu,LIPd,train,sub-02,linear_predictivity,5919,106,0.00781196314246299,,"[100000.0, 100000.0, 100000.0, 100000.0, 100000.0]",0.10919250246186207,1.185340225208074,0.8904817706385234,0.9866248140992155
taskonomy/segment_unsup25d,encoder.layer3.1.relu,LIPd,test,sub-02,linear_predictivity,5919,106,0.017444310670213115,"[0.019263674059163773, 0.011684057704119075, 0.01859929872940873, 0.01888036012262251, 0.01879416273575149]",,,,,
taskonomy/segment_unsup25d,encoder.layer3.1.relu,LIPv,train,sub-02,linear_predictivity,5919,239,0.012635111595365019,,"[100000.0, 31622.776601683796, 31622.776601683796, 100000.0, 31622.776601683796]",0.19472654677958737,1.1653528297732052,0.8039386275836924,0.9830695577626655
taskonomy/segment_unsup25d,encoder.layer3.1.relu,LIPv,test,sub-02,linear_predictivity,5919,239,0.028508373817002337,"[0.03296054827453189, 0.025293444073276855, 0.029889235381283234, 0.030070973980478873, 0.024327667375440846]",,,,,
taskonomy/segment_unsup25d,encoder.layer3.1.relu,AIP,train,sub-02,linear_predictivity,5919,381,-0.00023529816806553585,,"[100000.0, 31622.776601683796, 100000.0, 100000.0, 100000.0]",0.13303392295384342,1.1704407002637969,0.8660391662623572,0.9941521546660173
taskonomy/segment_unsup25d,encoder.layer3.1.relu,AIP,test,sub-02,linear_predictivity,5919,381,-0.0051118332819900265,"[0.001755007290933624, -0.03327165993050435, 0.0033441079446153077, 0.0064431813161094035, -0.0038298030311041216]",,,,,
taskonomy/segment_unsup25d,encoder.layer3.1.relu,7Pm,train,sub-02,linear_predictivity,5919,37,-0.0013134258197715178,,"[100000.0, 100000.0, 100000.0, 100000.0, 100000.0]",0.10000254938394756,1.1845924750252743,0.8998090660527952,0.997990959377548
taskonomy/segment_unsup25d,encoder.layer3.1.relu,7Pm,test,sub-02,linear_predictivity,5919,37,-0.005527677577239741,"[-0.008245488168419055, 0.0005852234807464017, -0.012106918999159541, -0.004599847806458135, -0.003271356392908377]",,,,,
taskonomy/segment_unsup25d,encoder.layer3.1.relu,7PL,train,sub-02,linear_predictivity,5919,38,0.0007309668625801282,,"[100000.0, 100000.0, 100000.0, 100000.0, 100000.0]",0.10134970456771844,1.1612609726767027,0.8984467680394369,0.9957073207576957
taskonomy/segment_unsup25d,encoder.layer3.1.relu,7PL,test,sub-02,linear_predictivity,5919,38,0.009312880035182682,"[0.011993820662860685, 0.006959911168158046, 0.008689891564363464, 0.013297100769910052, 0.005623676010621163]",,,,,
taskonomy/segment_unsup25d,encoder.layer3.1.relu,7PC,train,sub-02,linear_predictivity,5919,234,-0.0011389766165516577,,"[100000.0, 100000.0, 100000.0, 100000.0, 100000.0]",0.10121993362008183,1.1820983470876427,0.8984878766732182,0.9962416874757579
taskonomy/segment_unsup25d,encoder.layer3.1.relu,7PC,test,sub-02,linear_predictivity,5919,234,0.012728022357185873,"[0.013060852983520194, 0.011172896941577493, 0.016651625422095834, 0.011353997285045131, 0.011400739153690718]",,,,,
taskonomy/segment_unsup25d,encoder.layer3.1.relu,7Am,train,sub-02,linear_predictivity,5919,232,-0.003953021175686996,,"[316227.7660168379, 100000.0, 100000.0, 100000.0, 100000.0]",0.08686530604398209,1.193275646794481,0.9128610334508943,1.0002933390648674
taskonomy/segment_unsup25d,encoder.layer3.1.relu,7Am,test,sub-02,linear_predictivity,5919,232,0.019201862781161323,"[0.008882400309211825, 0.019710415959215005, 0.021591630719574637, 0.022249644714498144, 0.023575222203306996]",,,,,
taskonomy/segment_unsup25d,encoder.layer3.1.relu,7AL,train,sub-02,linear_predictivity,5919,259,-0.0024710997461796624,,"[100000.0, 100000.0, 100000.0, 100000.0, 100000.0]",0.0983150375434854,1.1781081687596011,0.9014901519435717,0.9990785115088687
taskonomy/segment_unsup25d,encoder.layer3.1.relu,7AL,test,sub-02,linear_predictivity,5919,259,0.014751333951511247,"[0.01622541555407538, 0.018671719653363183, 0.01601240992132945, 0.016076573537570058, 0.006770551091218175]",,,,,
taskonomy/segment_unsup25d,encoder.layer3.1.relu,VVC,train,sub-02,linear_predictivity,5919,159,0.01722966943236322,,"[31622.776601683796, 31622.776601683796, 31622.776601683796, 31622.776601683796, 31622.776601683796]",0.2534438053070164,1.1480448535428445,0.7463260984944519,0.9778136072360427
taskonomy/segment_unsup25d,encoder.layer3.1.relu,VVC,test,sub-02,linear_predictivity,5919,159,0.032890044847164075,"[0.033258820257154084, 0.03287372502037101, 0.023070130667306017, 0.04331258156532859, 0.031934966725660686]",,,,,
taskonomy/segment_unsup25d,encoder.layer3.1.relu,VMV2,train,sub-02,linear_predictivity,5919,124,0.03007577721379942,,"[31622.776601683796, 31622.776601683796, 31622.776601683796, 31622.776601683796, 31622.776601683796]",0.26026084315452264,1.1218169702082945,0.7395336798872524,0.9655491316982892
taskonomy/segment_unsup25d,encoder.layer3.1.relu,VMV2,test,sub-02,linear_predictivity,5919,124,0.051770426289337444,"[0.05138567011996541, 0.04538465026719811, 0.0337717565054947, 0.07509427075637715, 0.053215783797651864]",,,,,
taskonomy/segment_unsup25d,encoder.layer3.1.relu,VMV3,train,sub-02,linear_predictivity,5919,113,0.03263823673941176,,"[31622.776601683796, 10000.0, 31622.776601683796, 31622.776601683796, 31622.776601683796]",0.3165622775372488,1.1136504798677191,0.6822488356378624,0.9624205956602105
taskonomy/segment_unsup25d,encoder.layer3.1.relu,VMV3,test,sub-02,linear_predictivity,5919,113,0.04279529207077653,"[0.04304946181694308, 0.03093255363680307, 0.01939866874891061, 0.07029804274127338, 0.0502977334099525]",,,,,
taskonomy/segment_unsup25d,encoder.layer3.1.relu,VMV1,train,sub-02,linear_predictivity,5919,84,0.02357897517385936,,"[31622.776601683796, 31622.776601683796, 31622.776601683796, 31622.776601683796, 31622.776601683796]",0.2540763143454619,1.1457316366599586,0.7457740571278738,0.9730039680574771
taskonomy/segment_unsup25d,encoder.layer3.1.relu,VMV1,test,sub-02,linear_predictivity,5919,84,0.0311228499864528,"[0.023101447734105718, 0.03012908732248698, 0.028065083977887227, 0.0391562508776185, 0.03516238002016556]",,,,,
taskonomy/segment_unsup25d,encoder.layer3.1.relu,PHA2,train,sub-02,linear_predictivity,5919,29,0.0026668704168455615,,"[100000.0, 100000.0, 100000.0, 100000.0, 100000.0]",0.10397269453844675,1.1597239434499413,0.8957962735357652,0.9931270689652096
taskonomy/segment_unsup25d,encoder.layer3.1.relu,PHA2,test,sub-02,linear_predictivity,5919,29,0.006357724000669866,"[0.008455652389810104, 0.003520680541844795, 0.008656135431943558, 0.010594053623921905, 0.0005620980158289678]",,,,,
taskonomy/segment_unsup25d,encoder.layer3.1.relu,PHA3,train,sub-02,linear_predictivity,5919,147,0.0019129333082717743,,"[31622.776601683796, 100000.0, 31622.776601683796, 100000.0, 100000.0]",0.16113330574877266,1.1526282830779453,0.8388064886781728,0.9929182319788936
taskonomy/segment_unsup25d,encoder.layer3.1.relu,PHA3,test,sub-02,linear_predictivity,5919,147,0.006696913426911841,"[0.011054470847190322, 0.003020511201076795, -0.00210229719146136, 0.016895465222177893, 0.0046164170555755574]",,,,,
taskonomy/segment_unsup25d,encoder.layer3.1.relu,PH,train,sub-02,linear_predictivity,5919,360,0.05316898837578558,,"[31622.776601683796, 31622.776601683796, 31622.776601683796, 31622.776601683796, 31622.776601683796]",0.2810261830508168,1.1186438992964787,0.7187311894489452,0.9422884827828286
taskonomy/segment_unsup25d,encoder.layer3.1.relu,PH,test,sub-02,linear_predictivity,5919,360,0.07181207716512834,"[0.07261509299826249, 0.07285254720407396, 0.07742515133680479, 0.07070207181950466, 0.06546552246699584]",,,,,
taskonomy/segment_unsup25d,encoder.layer3.2.relu,V1,train,sub-02,linear_predictivity,5919,435,0.09211127991968845,,"[10000.0, 10000.0, 10000.0, 10000.0, 10000.0]",0.5256865957561994,1.0709243463319584,0.47419329307787395,0.9045295407503634
taskonomy/segment_unsup25d,encoder.layer3.2.relu,V1,test,sub-02,linear_predictivity,5919,435,0.13211990485470987,"[0.12925705453691594, 0.13733122375051357, 0.13529288010305565, 0.13948229054786435, 0.11923607533520003]",,,,,
taskonomy/segment_unsup25d,encoder.layer3.2.relu,V2,train,sub-02,linear_predictivity,5919,567,0.04523069144911241,,"[31622.776601683796, 31622.776601683796, 31622.776601683796, 31622.776601683796, 31622.776601683796]",0.2775043991156348,1.1126040775306454,0.72229857429102,0.9507339428962615
taskonomy/segment_unsup25d,encoder.layer3.2.relu,V2,test,sub-02,linear_predictivity,5919,567,0.046951559156634015,"[0.04848692080882066, 0.04438815360477436, 0.045662718255616325, 0.052139508397993695, 0.04408049471596503]",,,,,
taskonomy/segment_unsup25d,encoder.layer3.2.relu,V3,train,sub-02,linear_predictivity,5919,538,0.04952129683731695,,"[31622.776601683796, 31622.776601683796, 31622.776601683796, 31622.776601683796, 31622.776601683796]",0.27970718739755673,1.1098045572244704,0.7200878701251039,0.9462650331854933
taskonomy/segment_unsup25d,encoder.layer3.2.relu,V3,test,sub-02,linear_predictivity,5919,538,0.06285994558628062,"[0.06495271237332273, 0.058827524008127755, 0.060325215071639016, 0.06782108589061285, 0.062373190587700744]",,,,,
taskonomy/segment_unsup25d,encoder.layer3.2.relu,V4,train,sub-02,linear_predictivity,5919,630,0.0443629576353378,,"[31622.776601683796, 31622.776601683796, 31622.776601683796, 31622.776601683796, 31622.776601683796]",0.27529784086566644,1.1134334131820847,0.7245162820847315,0.9518318327686235
taskonomy/segment_unsup25d,encoder.layer3.2.relu,V4,test,sub-02,linear_predictivity,5919,630,0.03918508776906735,"[0.040633340362681965, 0.0335105726318936, 0.030016710877200023, 0.05328929065579887, 0.03847552431776229]",,,,,
taskonomy/segment_unsup25d,encoder.layer3.2.relu,V3A,train,sub-02,linear_predictivity,5919,273,0.03590566132367893,,"[31622.776601683796, 31622.776601683796, 31622.776601683796, 31622.776601683796, 31622.776601683796]",0.2676954683750988,1.127590309720278,0.7320883411233419,0.9592349969692482
taskonomy/segment_unsup25d,encoder.layer3.2.relu,V3A,test,sub-02,linear_predictivity,5919,273,0.010071848601487321,"[0.017073691612563467, 0.0031679755896835125, 0.0023170955247112856, 0.02139292864530065, 0.0064075516351776865]",,,,,
taskonomy/segment_unsup25d,encoder.layer3.2.relu,V3B,train,sub-02,linear_predictivity,5919,148,0.041882401630279106,,"[31622.776601683796, 31622.776601683796, 31622.776601683796, 31622.776601683796, 31622.776601683796]",0.27061103495505917,1.140013406332947,0.7292733104573765,0.9555151841411323
taskonomy/segment_unsup25d,encoder.layer3.2.relu,V3B,test,sub-02,linear_predictivity,5919,148,-0.027325322931059742,"[-0.019539504387068973, -0.03886417734358628, -0.029158979481756518, -0.02370420320082503, -0.025359750242061906]",,,,,
taskonomy/segment_unsup25d,encoder.layer3.2.relu,V6,train,sub-02,linear_predictivity,5919,147,0.03310127341692192,,"[31622.776601683796, 31622.776601683796, 31622.776601683796, 31622.776601683796, 31622.776601683796]",0.265629346170806,1.1297598003747567,0.7341294771885264,0.9618111400228804
taskonomy/segment_unsup25d,encoder.layer3.2.relu,V6,test,sub-02,linear_predictivity,5919,147,0.05356801513067505,"[0.05733660799747895, 0.04414415561194654, 0.050983599943835826, 0.05826120473561238, 0.05711450736450155]",,,,,
taskonomy/segment_unsup25d,encoder.layer3.2.relu,V6A,train,sub-02,linear_predictivity,5919,82,0.015449159525837263,,"[31622.776601683796, 31622.776601683796, 31622.776601683796, 31622.776601683796, 31622.776601683796]",0.24952460591705727,1.1497516619986194,0.7502528607997372,0.9798173171438149
taskonomy/segment_unsup25d,encoder.layer3.2.relu,V6A,test,sub-02,linear_predictivity,5919,82,0.03508770155780689,"[0.03652940065472516, 0.02775796646636576, 0.03305601725398556, 0.04485587508337447, 0.03323924833058348]",,,,,
taskonomy/segment_unsup25d,encoder.layer3.2.relu,V7,train,sub-02,linear_predictivity,5919,88,0.04918529689115193,,"[31622.776601683796, 31622.776601683796, 31622.776601683796, 31622.776601683796, 31622.776601683796]",0.27890370060205666,1.1169942464421723,0.7209104696839146,0.9470947734219614
taskonomy/segment_unsup25d,encoder.layer3.2.relu,V7,test,sub-02,linear_predictivity,5919,88,0.060897036819081485,"[0.06258884281794021, 0.05939829581093185, 0.06642067988085194, 0.06685543385190407, 0.04922193173377936]",,,,,
taskonomy/segment_unsup25d,encoder.layer3.2.relu,V8,train,sub-02,linear_predictivity,5919,105,0.049825312428271394,,"[31622.776601683796, 31622.776601683796, 31622.776601683796, 31622.776601683796, 31622.776601683796]",0.2796578195480439,1.1136081325828677,0.720110651434151,0.9456474345153911
taskonomy/segment_unsup25d,encoder.layer3.2.relu,V8,test,sub-02,linear_predictivity,5919,105,0.050698581191119405,"[0.05623612433689125, 0.05171308104793111, 0.035787845326391766, 0.060019994448670705, 0.04973586079571222]",,,,,
taskonomy/segment_unsup25d,encoder.layer3.2.relu,FFC,train,sub-02,linear_predictivity,5919,269,0.04387667257650056,,"[31622.776601683796, 31622.776601683796, 31622.776601683796, 31622.776601683796, 31622.776601683796]",0.273993593268177,1.1306011172317931,0.725782684371652,0.9515105130601315
taskonomy/segment_unsup25d,encoder.layer3.2.relu,FFC,test,sub-02,linear_predictivity,5919,269,0.10461787326249536,"[0.10967028845205087, 0.10785937012353906, 0.10887116788002568, 0.10144745356223153, 0.09524108629462964]",,,,,
taskonomy/segment_unsup25d,encoder.layer3.2.relu,PIT,train,sub-02,linear_predictivity,5919,110,0.058933887498999,,"[31622.776601683796, 31622.776601683796, 31622.776601683796, 31622.776601683796, 31622.776601683796]",0.28352717113702386,1.1161704578313745,0.7162525891900366,0.9365380441737079
taskonomy/segment_unsup25d,encoder.layer3.2.relu,PIT,test,sub-02,linear_predictivity,5919,110,0.1569831625045945,"[0.16598378166621947, 0.1620095185719463, 0.15565874106499789, 0.1512012452582904, 0.15006252596151845]",,,,,
taskonomy/segment_unsup25d,encoder.layer3.2.relu,IPS1,train,sub-02,linear_predictivity,5919,212,0.02151010900756838,,"[31622.776601683796, 31622.776601683796, 31622.776601683796, 31622.776601683796, 31622.776601683796]",0.2589727330482853,1.1393036978843878,0.7407859644576076,0.9728564707917748
taskonomy/segment_unsup25d,encoder.layer3.2.relu,IPS1,test,sub-02,linear_predictivity,5919,212,0.04161491979741527,"[0.04512985590052459, 0.027522493203884064, 0.045011081483622845, 0.05781110824758264, 0.03260006015146222]",,,,,
taskonomy/segment_unsup25d,encoder.layer3.2.relu,MST,train,sub-02,linear_predictivity,5919,149,0.07917055867386236,,"[31622.776601683796, 31622.776601683796, 31622.776601683796, 31622.776601683796, 31622.776601683796]",0.30626674897187445,1.0925140067285106,0.6935218402462703,0.9165099460225461
taskonomy/segment_unsup25d,encoder.layer3.2.relu,MST,test,sub-02,linear_predictivity,5919,149,0.12911784691882242,"[0.13618510785308133, 0.13627661742931688, 0.13176898787934752, 0.12531488414880773, 0.1160436372835586]",,,,,
taskonomy/segment_unsup25d,encoder.layer3.2.relu,MT,train,sub-02,linear_predictivity,5919,99,0.07201249821401787,,"[31622.776601683796, 31622.776601683796, 31622.776601683796, 31622.776601683796, 31622.776601683796]",0.3021912371403081,1.093569709721605,0.6975310721986372,0.9224272446836705
taskonomy/segment_unsup25d,encoder.layer3.2.relu,MT,test,sub-02,linear_predictivity,5919,99,0.10787847614457616,"[0.11078588192108414, 0.11371288128578541, 0.11314029457462678, 0.10503918242964698, 0.09671414051173742]",,,,,
taskonomy/segment_unsup25d,encoder.layer3.2.relu,FST,train,sub-02,linear_predictivity,5919,171,0.0431073546809258,,"[31622.776601683796, 31622.776601683796, 31622.776601683796, 31622.776601683796, 31622.776601683796]",0.27924884303964653,1.1197646317696373,0.7205958768159733,0.9535876122820625
taskonomy/segment_unsup25d,encoder.layer3.2.relu,FST,test,sub-02,linear_predictivity,5919,171,0.055550722767319684,"[0.05678221060693292, 0.06663352349460702, 0.0634962686084301, 0.054106392813375974, 0.03673521831325236]",,,,,
taskonomy/segment_unsup25d,encoder.layer3.2.relu,LO1,train,sub-02,linear_predictivity,5919,78,0.05251862490202236,,"[31622.776601683796, 31622.776601683796, 31622.776601683796, 31622.776601683796, 31622.776601683796]",0.2784658535089782,1.112599119513085,0.7214345984809036,0.9452465133149353
taskonomy/segment_unsup25d,encoder.layer3.2.relu,LO1,test,sub-02,linear_predictivity,5919,78,0.08786063637443449,"[0.09194500597695852, 0.0711536656646896, 0.08511089210169984, 0.10156435217510458, 0.08952926595371989]",,,,,
taskonomy/segment_unsup25d,encoder.layer3.2.relu,LO2,train,sub-02,linear_predictivity,5919,82,0.06751356661017967,,"[31622.776601683796, 31622.776601683796, 31622.776601683796, 31622.776601683796, 31622.776601683796]",0.2886813725834493,1.1040944676600724,0.711113428991569,0.9286739502280417
taskonomy/segment_unsup25d,encoder.layer3.2.relu,LO2,test,sub-02,linear_predictivity,5919,82,0.12795159037486567,"[0.13092781052153454, 0.1324605235407386, 0.13081347770890725, 0.12554442404231686, 0.12001171606083114]",,,,,
taskonomy/segment_unsup25d,encoder.layer3.2.relu,LO3,train,sub-02,linear_predictivity,5919,124,0.03343688747465449,,"[31622.776601683796, 31622.776601683796, 31622.776601683796, 31622.776601683796, 31622.776601683796]",0.26574483268749166,1.132702488758863,0.7340688002529447,0.9622791014628473
taskonomy/segment_unsup25d,encoder.layer3.2.relu,LO3,test,sub-02,linear_predictivity,5919,124,0.06321955764996087,"[0.06359573372331626, 0.05765796499942171, 0.06570946308626917, 0.06985934700963702, 0.0592752794311602]",,,,,
taskonomy/segment_unsup25d,encoder.layer3.2.relu,V7,train,sub-02,linear_predictivity,5919,88,0.04918529689115193,,"[31622.776601683796, 31622.776601683796, 31622.776601683796, 31622.776601683796, 31622.776601683796]",0.27890370060205666,1.1169942464421723,0.7209104696839146,0.9470947734219614
taskonomy/segment_unsup25d,encoder.layer3.2.relu,V7,test,sub-02,linear_predictivity,5919,88,0.060897036819081485,"[0.06258884281794021, 0.05939829581093185, 0.06642067988085194, 0.06685543385190407, 0.04922193173377936]",,,,,
taskonomy/segment_unsup25d,encoder.layer3.2.relu,IP0,train,sub-02,linear_predictivity,5919,151,0.011312065694450951,,"[100000.0, 31622.776601683796, 31622.776601683796, 31622.776601683796, 100000.0]",0.19608733317297553,1.1602472681892402,0.8037145040877143,0.984396426437063
taskonomy/segment_unsup25d,encoder.layer3.2.relu,IP0,test,sub-02,linear_predictivity,5919,151,0.013879082099035586,"[0.01980160919673735, -0.0048563147824888355, 0.024065344342205836, 0.01977350262926288, 0.010611269109460702]",,,,,
taskonomy/segment_unsup25d,encoder.layer3.2.relu,IP1,train,sub-02,linear_predictivity,5919,78,-0.0016544979321884532,,"[100000.0, 100000.0, 100000.0, 316227.7660168379, 100000.0]",0.08830648103837226,1.1881589806123087,0.9112502318648101,0.9970978831038699
taskonomy/segment_unsup25d,encoder.layer3.2.relu,IP1,test,sub-02,linear_predictivity,5919,78,-0.0002973089670527368,"[0.003296813157458869, -0.004908910107677489, 0.0019820200990558336, 0.0032112818447358684, -0.005067749828836766]",,,,,
taskonomy/segment_unsup25d,encoder.layer3.2.relu,MIP,train,sub-02,linear_predictivity,5919,198,-0.0009665241865455012,,"[100000.0, 31622.776601683796, 100000.0, 100000.0, 100000.0]",0.132254313301724,1.179270940084517,0.8669322491574885,0.9963789784036152
taskonomy/segment_unsup25d,encoder.layer3.2.relu,MIP,test,sub-02,linear_predictivity,5919,198,0.008276885509508464,"[0.014819076504704482, -0.012875845271950547, 0.014377178751941224, 0.01869777859737383, 0.006366238965473338]",,,,,
taskonomy/segment_unsup25d,encoder.layer3.2.relu,VIP,train,sub-02,linear_predictivity,5919,200,0.014988922826936814,,"[31622.776601683796, 31622.776601683796, 31622.776601683796, 31622.776601683796, 31622.776601683796]",0.24863611158336116,1.1424347359723594,0.7511675396860826,0.9810270338790664
taskonomy/segment_unsup25d,encoder.layer3.2.relu,VIP,test,sub-02,linear_predictivity,5919,200,0.04096090234696066,"[0.04437010842653695, 0.030648442256551185, 0.04260922553076541, 0.054223855770351805, 0.032952879750597984]",,,,,
taskonomy/segment_unsup25d,encoder.layer3.2.relu,LIPd,train,sub-02,linear_predictivity,5919,106,0.00880168891465071,,"[100000.0, 100000.0, 100000.0, 100000.0, 100000.0]",0.11064627472709876,1.1831866246967837,0.8890361966876672,0.98572475174593
taskonomy/segment_unsup25d,encoder.layer3.2.relu,LIPd,test,sub-02,linear_predictivity,5919,106,0.019143950132232933,"[0.022203756436279743, 0.013161746837967581, 0.020827996134111917, 0.020889771509310772, 0.01863647974349464]",,,,,
taskonomy/segment_unsup25d,encoder.layer3.2.relu,LIPv,train,sub-02,linear_predictivity,5919,239,0.016782599720093792,,"[100000.0, 31622.776601683796, 31622.776601683796, 31622.776601683796, 31622.776601683796]",0.2259612664823914,1.1566328091390747,0.7732800541998274,0.9788250893308028
taskonomy/segment_unsup25d,encoder.layer3.2.relu,LIPv,test,sub-02,linear_predictivity,5919,239,0.034051347614902014,"[0.035997135378361377, 0.03192701722857883, 0.03404434551726772, 0.03994387799654719, 0.028344361953754945]",,,,,
taskonomy/segment_unsup25d,encoder.layer3.2.relu,AIP,train,sub-02,linear_predictivity,5919,381,0.00036546652084798676,,"[100000.0, 31622.776601683796, 100000.0, 100000.0, 100000.0]",0.13464113736156616,1.1698682353757446,0.8644278607970298,0.9936145287114337
taskonomy/segment_unsup25d,encoder.layer3.2.relu,AIP,test,sub-02,linear_predictivity,5919,381,-0.005333674338296795,"[0.0027659004634618908, -0.03194360684229543, 0.000366986683592013, 0.006090780003712014, -0.003948431999954468]",,,,,
taskonomy/segment_unsup25d,encoder.layer3.2.relu,7Pm,train,sub-02,linear_predictivity,5919,37,-0.00214856345395365,,"[100000.0, 100000.0, 100000.0, 100000.0, 100000.0]",0.10057091117913286,1.1923018244912504,0.899238830149249,0.998812961583664
taskonomy/segment_unsup25d,encoder.layer3.2.relu,7Pm,test,sub-02,linear_predictivity,5919,37,-0.00830337937855873,"[-0.01057002936091721, -0.0006891283193811205, -0.01428801918129924, -0.009225020713608945, -0.0067446993175871465]",,,,,
taskonomy/segment_unsup25d,encoder.layer3.2.relu,7PL,train,sub-02,linear_predictivity,5919,38,0.00029012507256819897,,"[100000.0, 100000.0, 100000.0, 100000.0, 100000.0]",0.10207174899230578,1.1715616296025986,0.8977218825474951,0.9961200882226805
taskonomy/segment_unsup25d,encoder.layer3.2.relu,7PL,test,sub-02,linear_predictivity,5919,38,0.00843488015504126,"[0.011467013931673195, 0.006126127872062348, 0.007583481500099538, 0.011921307385545327, 0.0050764700858258955]",,,,,
taskonomy/segment_unsup25d,encoder.layer3.2.relu,7PC,train,sub-02,linear_predictivity,5919,234,-0.00025732115622661164,,"[100000.0, 100000.0, 100000.0, 100000.0, 100000.0]",0.10270770479107619,1.1783185809200316,0.8970001816096509,0.9953897751468752
taskonomy/segment_unsup25d,encoder.layer3.2.relu,7PC,test,sub-02,linear_predictivity,5919,234,0.012281836413219008,"[0.013065264026222982, 0.011417140018581106, 0.015336353675960299, 0.01039848709610047, 0.011191937249230175]",,,,,
taskonomy/segment_unsup25d,encoder.layer3.2.relu,7Am,train,sub-02,linear_predictivity,5919,232,-0.004485786578333221,,"[316227.7660168379, 100000.0, 100000.0, 100000.0, 100000.0]",0.08702746530138955,1.1928230032561655,0.912700407147164,1.0008361081331745
taskonomy/segment_unsup25d,encoder.layer3.2.relu,7Am,test,sub-02,linear_predictivity,5919,232,0.01693425053578063,"[0.007711952795228476, 0.016846145213359278, 0.019128647498425445, 0.019091704960893865, 0.021892802210996085]",,,,,
taskonomy/segment_unsup25d,encoder.layer3.2.relu,7AL,train,sub-02,linear_predictivity,5919,259,-0.0021255137339691033,,"[100000.0, 100000.0, 100000.0, 100000.0, 100000.0]",0.09919232474341932,1.1857262750845075,0.9006138928900395,0.9987648013620927
taskonomy/segment_unsup25d,encoder.layer3.2.relu,7AL,test,sub-02,linear_predictivity,5919,259,0.0160756454671306,"[0.01769641037400784, 0.020431136820397894, 0.017774811698330138, 0.01627586002169294, 0.008200008421224196]",,,,,
taskonomy/segment_unsup25d,encoder.layer3.2.relu,VVC,train,sub-02,linear_predictivity,5919,159,0.01993266963920984,,"[31622.776601683796, 31622.776601683796, 31622.776601683796, 31622.776601683796, 31622.776601683796]",0.25694084416648644,1.139214600977204,0.7428357068028675,0.9752102479107082
taskonomy/segment_unsup25d,encoder.layer3.2.relu,VVC,test,sub-02,linear_predictivity,5919,159,0.03880404101807144,"[0.04207029398875221, 0.03576173504727421, 0.029664198564987112, 0.04944244111412993, 0.03708153637521375]",,,,,
taskonomy/segment_unsup25d,encoder.layer3.2.relu,VMV2,train,sub-02,linear_predictivity,5919,124,0.03134437246072003,,"[31622.776601683796, 31622.776601683796, 31622.776601683796, 31622.776601683796, 31622.776601683796]",0.2636097364476939,1.117678570987413,0.7361884090923889,0.964321212642765
taskonomy/segment_unsup25d,encoder.layer3.2.relu,VMV2,test,sub-02,linear_predictivity,5919,124,0.057784607880583504,"[0.0601556741761456, 0.05269844848717544, 0.03568625961516526, 0.08027250025313079, 0.06011015687130047]",,,,,
taskonomy/segment_unsup25d,encoder.layer3.2.relu,VMV3,train,sub-02,linear_predictivity,5919,113,0.037030831301348585,,"[31622.776601683796, 10000.0, 10000.0, 31622.776601683796, 31622.776601683796]",0.3668899890625688,1.1031092190861806,0.6318570615532897,0.9581789446598833
taskonomy/segment_unsup25d,encoder.layer3.2.relu,VMV3,test,sub-02,linear_predictivity,5919,113,0.038571410228775624,"[0.05235277160324336, 0.03786667517695682, -0.02788944441146173, 0.07503724593247474, 0.055489802842664915]",,,,,
taskonomy/segment_unsup25d,encoder.layer3.2.relu,VMV1,train,sub-02,linear_predictivity,5919,84,0.026051836491995484,,"[31622.776601683796, 31622.776601683796, 31622.776601683796, 31622.776601683796, 31622.776601683796]",0.25783798499135163,1.138425669152676,0.7420118742511066,0.9705258235248527
taskonomy/segment_unsup25d,encoder.layer3.2.relu,VMV1,test,sub-02,linear_predictivity,5919,84,0.03504220204431772,"[0.029861658263457245, 0.03362011869793774, 0.02891246763235406, 0.041455190172821434, 0.041361575455018104]",,,,,
taskonomy/segment_unsup25d,encoder.layer3.2.relu,PHA2,train,sub-02,linear_predictivity,5919,29,0.0029551906680253905,,"[100000.0, 100000.0, 100000.0, 100000.0, 100000.0]",0.10448005343380184,1.154913456241156,0.8952882752503166,0.9928609824398548
taskonomy/segment_unsup25d,encoder.layer3.2.relu,PHA2,test,sub-02,linear_predictivity,5919,29,0.007661770489184816,"[0.009592087195420894, 0.004885716799866832, 0.009294527755403112, 0.012171258496018002, 0.00236526219921524]",,,,,
taskonomy/segment_unsup25d,encoder.layer3.2.relu,PHA3,train,sub-02,linear_predictivity,5919,147,0.0025904902387146166,,"[31622.776601683796, 31622.776601683796, 31622.776601683796, 31622.776601683796, 100000.0]",0.21987485207296914,1.1447622201123724,0.780009409687505,0.9922499772444704
taskonomy/segment_unsup25d,encoder.layer3.2.relu,PHA3,test,sub-02,linear_predictivity,5919,147,0.0009494795611900348,"[0.007840916617338685, -0.019677344723260427, -0.004118894897450336, 0.01627045976342696, 0.00443226104589529]",,,,,
taskonomy/segment_unsup25d,encoder.layer3.2.relu,PH,train,sub-02,linear_predictivity,5919,360,0.05343859086886522,,"[31622.776601683796, 31622.776601683796, 31622.776601683796, 31622.776601683796, 31622.776601683796]",0.2830716728658701,1.1203031174186804,0.716687190456506,0.9420411056412137
taskonomy/segment_unsup25d,encoder.layer3.2.relu,PH,test,sub-02,linear_predictivity,5919,360,0.07189328506030548,"[0.07444451541998143, 0.07233785950231451, 0.07612107522026104, 0.07112749615427781, 0.06543547900469265]",,,,,
taskonomy/segment_unsup25d,encoder.layer3.3.relu,V1,train,sub-02,linear_predictivity,5919,435,0.0934854520581102,,"[10000.0, 10000.0, 10000.0, 10000.0, 10000.0]",0.5284923659168971,1.0654282825281745,0.47138676491539433,0.9031921713896847
taskonomy/segment_unsup25d,encoder.layer3.3.relu,V1,test,sub-02,linear_predictivity,5919,435,0.1371167702289829,"[0.13379648043822492, 0.1435370384947467, 0.14287259516892145, 0.1426930605998544, 0.12268467644316679]",,,,,
taskonomy/segment_unsup25d,encoder.layer3.3.relu,V2,train,sub-02,linear_predictivity,5919,567,0.04647265893354655,,"[31622.776601683796, 31622.776601683796, 31622.776601683796, 31622.776601683796, 31622.776601683796]",0.27961565913819386,1.106234534772311,0.7201863525577707,0.9494995784293853
taskonomy/segment_unsup25d,encoder.layer3.3.relu,V2,test,sub-02,linear_predictivity,5919,567,0.048655350778086824,"[0.04976051498204257, 0.04660387886236706, 0.04846492533741155, 0.05283621437819674, 0.045611220330416195]",,,,,
taskonomy/segment_unsup25d,encoder.layer3.3.relu,V3,train,sub-02,linear_predictivity,5919,538,0.05096828224320697,,"[31622.776601683796, 31622.776601683796, 31622.776601683796, 31622.776601683796, 31622.776601683796]",0.28214019374077903,1.1031348732723867,0.7176550223757325,0.9448282164861789
taskonomy/segment_unsup25d,encoder.layer3.3.relu,V3,test,sub-02,linear_predictivity,5919,538,0.06939194935299553,"[0.06988254549174547, 0.06777171672066104, 0.06745272202357853, 0.07471207309518473, 0.06714068943380785]",,,,,
taskonomy/segment_unsup25d,encoder.layer3.3.relu,V4,train,sub-02,linear_predictivity,5919,630,0.04438898354189509,,"[31622.776601683796, 31622.776601683796, 31622.776601683796, 31622.776601683796, 31622.776601683796]",0.2767669142823606,1.1127325772236902,0.7230441349047669,0.9517931775631905
taskonomy/segment_unsup25d,encoder.layer3.3.relu,V4,test,sub-02,linear_predictivity,5919,630,0.050029407379203784,"[0.04942980154467795, 0.045720502466222564, 0.041789360276939275, 0.06636247636023974, 0.04684489624793939]",,,,,
taskonomy/segment_unsup25d,encoder.layer3.3.relu,V3A,train,sub-02,linear_predictivity,5919,273,0.037234375499336614,,"[31622.776601683796, 31622.776601683796, 31622.776601683796, 31622.776601683796, 31622.776601683796]",0.26977880478247523,1.1217452571684834,0.7299962203696135,0.957821430679642
taskonomy/segment_unsup25d,encoder.layer3.3.relu,V3A,test,sub-02,linear_predictivity,5919,273,0.017896766726815855,"[0.019620390257145067, 0.013513909521323897, 0.011010639949745434, 0.03160439348079038, 0.013734500425074486]",,,,,
taskonomy/segment_unsup25d,encoder.layer3.3.relu,V3B,train,sub-02,linear_predictivity,5919,148,0.03996877305986947,,"[31622.776601683796, 31622.776601683796, 31622.776601683796, 31622.776601683796, 31622.776601683796]",0.27135624167581973,1.1412522168615649,0.7285230099250048,0.9573677668640219
taskonomy/segment_unsup25d,encoder.layer3.3.relu,V3B,test,sub-02,linear_predictivity,5919,148,-0.016971797072371904,"[-0.014141974592792029, -0.02661811788755842, -0.019952253577295152, -0.009358068392968147, -0.014788570911245759]",,,,,
taskonomy/segment_unsup25d,encoder.layer3.3.relu,V6,train,sub-02,linear_predictivity,5919,147,0.03387041244498687,,"[31622.776601683796, 31622.776601683796, 31622.776601683796, 31622.776601683796, 31622.776601683796]",0.267457429118999,1.1284362255479659,0.732298646694588,0.961028359883246
taskonomy/segment_unsup25d,encoder.layer3.3.relu,V6,test,sub-02,linear_predictivity,5919,147,0.05150696845856838,"[0.052147494641471275, 0.04280526326384823, 0.05117963200797438, 0.05630542162167688, 0.05509703075787113]",,,,,
taskonomy/segment_unsup25d,encoder.layer3.3.relu,V6A,train,sub-02,linear_predictivity,5919,82,0.014572909262400067,,"[31622.776601683796, 31622.776601683796, 31622.776601683796, 31622.776601683796, 31622.776601683796]",0.24993347226011764,1.149555524318948,0.7498502398840283,0.9807346694413444
taskonomy/segment_unsup25d,encoder.layer3.3.relu,V6A,test,sub-02,linear_predictivity,5919,82,0.0404548181777664,"[0.03677392026447871, 0.03252744349467357, 0.04026875459504048, 0.05195190971924763, 0.040752062815391614]",,,,,
taskonomy/segment_unsup25d,encoder.layer3.3.relu,V7,train,sub-02,linear_predictivity,5919,88,0.04681573619902966,,"[31622.776601683796, 31622.776601683796, 31622.776601683796, 31622.776601683796, 31622.776601683796]",0.2783676067637149,1.1236801583533969,0.7214402803974992,0.9493357274336025
taskonomy/segment_unsup25d,encoder.layer3.3.relu,V7,test,sub-02,linear_predictivity,5919,88,0.06682020705612476,"[0.06485592505193843, 0.06471188654704418, 0.07162582443503553, 0.07726337812046213, 0.05564402112614353]",,,,,
taskonomy/segment_unsup25d,encoder.layer3.3.relu,V8,train,sub-02,linear_predictivity,5919,105,0.05001035651698616,,"[31622.776601683796, 31622.776601683796, 31622.776601683796, 31622.776601683796, 31622.776601683796]",0.28148677851019743,1.116017135468427,0.7182821178726762,0.9455067858500342
taskonomy/segment_unsup25d,encoder.layer3.3.relu,V8,test,sub-02,linear_predictivity,5919,105,0.05551249595428115,"[0.05886850845641887, 0.055979670130932795, 0.04299328558099183, 0.06663155984491377, 0.053089455758148496]",,,,,
taskonomy/segment_unsup25d,encoder.layer3.3.relu,FFC,train,sub-02,linear_predictivity,5919,269,0.043219405267376464,,"[31622.776601683796, 31622.776601683796, 31622.776601683796, 31622.776601683796, 31622.776601683796]",0.27533122672275406,1.1307564329269122,0.7244451253289605,0.9521427796272519
taskonomy/segment_unsup25d,encoder.layer3.3.relu,FFC,test,sub-02,linear_predictivity,5919,269,0.1084931289482403,"[0.11276918093224807, 0.1124124407973405, 0.11462955752821617, 0.10573568075794783, 0.09691878472544896]",,,,,
taskonomy/segment_unsup25d,encoder.layer3.3.relu,PIT,train,sub-02,linear_predictivity,5919,110,0.05973330637627773,,"[31622.776601683796, 31622.776601683796, 31622.776601683796, 31622.776601683796, 31622.776601683796]",0.28558256495401835,1.1099496950052596,0.7141937750303647,0.9357212990233599
taskonomy/segment_unsup25d,encoder.layer3.3.relu,PIT,test,sub-02,linear_predictivity,5919,110,0.16187510075895956,"[0.16954826501340756, 0.1674552513730185, 0.1647712805664483, 0.15442182868328186, 0.15317887815864156]",,,,,
taskonomy/segment_unsup25d,encoder.layer3.3.relu,IPS1,train,sub-02,linear_predictivity,5919,212,0.02112357962722216,,"[31622.776601683796, 31622.776601683796, 31622.776601683796, 31622.776601683796, 31622.776601683796]",0.2603404458639359,1.1390886288000952,0.7394140356699733,0.9731924434367011
taskonomy/segment_unsup25d,encoder.layer3.3.relu,IPS1,test,sub-02,linear_predictivity,5919,212,0.03901779092363865,"[0.041704816069976836, 0.02538600086541502, 0.03953590806790278, 0.0578430170657944, 0.030619212549104227]",,,,,
taskonomy/segment_unsup25d,encoder.layer3.3.relu,MST,train,sub-02,linear_predictivity,5919,149,0.07809985734533761,,"[31622.776601683796, 31622.776601683796, 31622.776601683796, 31622.776601683796, 31622.776601683796]",0.3072992185379898,1.0945008060767296,0.692485515860532,0.9174881313829732
taskonomy/segment_unsup25d,encoder.layer3.3.relu,MST,test,sub-02,linear_predictivity,5919,149,0.13016022926787812,"[0.1357142494215414, 0.1395601202597411, 0.1324594015420385, 0.12679250954303586, 0.11627486557303376]",,,,,
taskonomy/segment_unsup25d,encoder.layer3.3.relu,MT,train,sub-02,linear_predictivity,5919,99,0.06846502693811611,,"[31622.776601683796, 31622.776601683796, 31622.776601683796, 31622.776601683796, 31622.776601683796]",0.3021484151302758,1.094415523954185,0.6975687580846701,0.9258295369177041
taskonomy/segment_unsup25d,encoder.layer3.3.relu,MT,test,sub-02,linear_predictivity,5919,99,0.10513642351575318,"[0.10730285702474082, 0.112747111791952, 0.1108520385129419, 0.09886531344069358, 0.09591479680843758]",,,,,
taskonomy/segment_unsup25d,encoder.layer3.3.relu,FST,train,sub-02,linear_predictivity,5919,171,0.04251063653584803,,"[31622.776601683796, 31622.776601683796, 31622.776601683796, 31622.776601683796, 31622.776601683796]",0.279816586424624,1.1268934872690688,0.7200290914729757,0.9541996922474496
taskonomy/segment_unsup25d,encoder.layer3.3.relu,FST,test,sub-02,linear_predictivity,5919,171,0.058539240412351826,"[0.05761862640799498, 0.06739938328468313, 0.0659353769605382, 0.06056519838938654, 0.04117761701915629]",,,,,
taskonomy/segment_unsup25d,encoder.layer3.3.relu,LO1,train,sub-02,linear_predictivity,5919,78,0.052439813085317574,,"[31622.776601683796, 31622.776601683796, 31622.776601683796, 31622.776601683796, 31622.776601683796]",0.27956028327441246,1.109548935787981,0.7203460210791495,0.9453816159018773
taskonomy/segment_unsup25d,encoder.layer3.3.relu,LO1,test,sub-02,linear_predictivity,5919,78,0.10098186624485077,"[0.1000527623128941, 0.08508069418740428, 0.10222390052477759, 0.11515176517194313, 0.10240020902723468]",,,,,
taskonomy/segment_unsup25d,encoder.layer3.3.relu,LO2,train,sub-02,linear_predictivity,5919,82,0.06835705158239397,,"[31622.776601683796, 31622.776601683796, 31622.776601683796, 31622.776601683796, 31622.776601683796]",0.29129851857347855,1.0944742838465824,0.7084922590412408,0.9277752794709192
taskonomy/segment_unsup25d,encoder.layer3.3.relu,LO2,test,sub-02,linear_predictivity,5919,82,0.13759636132806913,"[0.13746135131399007, 0.14360031413708782, 0.14254462902974982, 0.13508154807018607, 0.1292939640893319]",,,,,
taskonomy/segment_unsup25d,encoder.layer3.3.relu,LO3,train,sub-02,linear_predictivity,5919,124,0.032975078761223256,,"[31622.776601683796, 31622.776601683796, 31622.776601683796, 31622.776601683796, 31622.776601683796]",0.2667644057634696,1.1291683069597422,0.7330478729086449,0.9627080918252853
taskonomy/segment_unsup25d,encoder.layer3.3.relu,LO3,test,sub-02,linear_predictivity,5919,124,0.06552829537081271,"[0.0634948426870877, 0.05968128082176754, 0.06812008108185659, 0.07210901959885983, 0.06423625266449189]",,,,,
taskonomy/segment_unsup25d,encoder.layer3.3.relu,V7,train,sub-02,linear_predictivity,5919,88,0.04681573619902966,,"[31622.776601683796, 31622.776601683796, 31622.776601683796, 31622.776601683796, 31622.776601683796]",0.2783676067637149,1.1236801583533969,0.7214402803974992,0.9493357274336025
taskonomy/segment_unsup25d,encoder.layer3.3.relu,V7,test,sub-02,linear_predictivity,5919,88,0.06682020705612476,"[0.06485592505193843, 0.06471188654704418, 0.07162582443503553, 0.07726337812046213, 0.05564402112614353]",,,,,
taskonomy/segment_unsup25d,encoder.layer3.3.relu,IP0,train,sub-02,linear_predictivity,5919,151,0.009362288992399544,,"[100000.0, 31622.776601683796, 31622.776601683796, 100000.0, 100000.0]",0.16750677993237006,1.1601158699572935,0.8317144273485596,0.986573102865665
taskonomy/segment_unsup25d,encoder.layer3.3.relu,IP0,test,sub-02,linear_predictivity,5919,151,0.01805648514217647,"[0.022162544198526837, 0.002987754658473259, 0.030652736452292568, 0.020907616546163486, 0.01357177385542621]",,,,,
taskonomy/segment_unsup25d,encoder.layer3.3.relu,IP1,train,sub-02,linear_predictivity,5919,78,-8.115880122194996e-05,,"[100000.0, 100000.0, 100000.0, 100000.0, 100000.0]",0.1014011433759671,1.1854816272042998,0.8983261734792413,0.9954173819588419
taskonomy/segment_unsup25d,encoder.layer3.3.relu,IP1,test,sub-02,linear_predictivity,5919,78,0.001603498977672177,"[0.005241969784145264, -0.0029738652413467334, 0.003013298254015574, 0.006617610995965921, -0.0038815189044191403]",,,,,
taskonomy/segment_unsup25d,encoder.layer3.3.relu,MIP,train,sub-02,linear_predictivity,5919,198,-0.0005103606461359499,,"[100000.0, 31622.776601683796, 100000.0, 100000.0, 100000.0]",0.13367337825906112,1.169006452870033,0.8655051933675756,0.9959097567455583
taskonomy/segment_unsup25d,encoder.layer3.3.relu,MIP,test,sub-02,linear_predictivity,5919,198,0.005718036122421378,"[0.012632990860479174, -0.0173433478324631, 0.010949705560169646, 0.01750402205007001, 0.0048468099738511565]",,,,,
taskonomy/segment_unsup25d,encoder.layer3.3.relu,VIP,train,sub-02,linear_predictivity,5919,200,0.015055446992932802,,"[31622.776601683796, 31622.776601683796, 31622.776601683796, 31622.776601683796, 31622.776601683796]",0.25021488625552757,1.1391900861774231,0.749589460892924,0.9809451301706295
taskonomy/segment_unsup25d,encoder.layer3.3.relu,VIP,test,sub-02,linear_predictivity,5919,200,0.03976306028762291,"[0.04019628016263557, 0.030236414397582446, 0.039081957613431084, 0.056201355924904245, 0.033099293339561194]",,,,,
taskonomy/segment_unsup25d,encoder.layer3.3.relu,LIPd,train,sub-02,linear_predictivity,5919,106,0.008570353231400816,,"[100000.0, 100000.0, 100000.0, 100000.0, 100000.0]",0.11087471996456173,1.1790483980028141,0.8888031254175791,0.9859191972460369
taskonomy/segment_unsup25d,encoder.layer3.3.relu,LIPd,test,sub-02,linear_predictivity,5919,106,0.017702680737114777,"[0.019922452129067056, 0.012551392610950837, 0.019928682439283873, 0.01933556469564072, 0.016775311810631383]",,,,,
taskonomy/segment_unsup25d,encoder.layer3.3.relu,LIPv,train,sub-02,linear_predictivity,5919,239,0.015403993806437352,,"[100000.0, 31622.776601683796, 31622.776601683796, 31622.776601683796, 31622.776601683796]",0.22637778604281963,1.1544662215313923,0.7728526998334718,0.9800983262345436
taskonomy/segment_unsup25d,encoder.layer3.3.relu,LIPv,test,sub-02,linear_predictivity,5919,239,0.03303547693123761,"[0.03387792843958565, 0.03371949403160945, 0.03102368714992258, 0.0404240298447007, 0.026132245190369673]",,,,,
taskonomy/segment_unsup25d,encoder.layer3.3.relu,AIP,train,sub-02,linear_predictivity,5919,381,-5.8108355965842076e-05,,"[100000.0, 31622.776601683796, 100000.0, 100000.0, 31622.776601683796]",0.1632930744292008,1.1665957680810422,0.8352289976178447,0.9939801439675755
taskonomy/segment_unsup25d,encoder.layer3.3.relu,AIP,test,sub-02,linear_predictivity,5919,381,-0.013977304449189603,"[0.000917273826115855, -0.036441884176541914, -0.0012998013220815669, 0.004415317183140343, -0.037477427756580736]",,,,,
taskonomy/segment_unsup25d,encoder.layer3.3.relu,7Pm,train,sub-02,linear_predictivity,5919,37,-0.002000464467869626,,"[100000.0, 100000.0, 100000.0, 100000.0, 100000.0]",0.10128991031650081,1.182316201959443,0.8985205000543981,0.9986753761990828
taskonomy/segment_unsup25d,encoder.layer3.3.relu,7Pm,test,sub-02,linear_predictivity,5919,37,-0.008107350657084995,"[-0.009296202418575223, 0.0010144948261721016, -0.014043458709295093, -0.009385181058432227, -0.00882640592529454]",,,,,
taskonomy/segment_unsup25d,encoder.layer3.3.relu,7PL,train,sub-02,linear_predictivity,5919,38,0.00021270620624941572,,"[100000.0, 100000.0, 100000.0, 100000.0, 100000.0]",0.10265973253650842,1.163896689557949,0.8971349102515308,0.9962387227087552
taskonomy/segment_unsup25d,encoder.layer3.3.relu,7PL,test,sub-02,linear_predictivity,5919,38,0.010053505877237771,"[0.013754003489858864, 0.008373080304373328, 0.009081768499407963, 0.01345745638714161, 0.00560122070540709]",,,,,
taskonomy/segment_unsup25d,encoder.layer3.3.relu,7PC,train,sub-02,linear_predictivity,5919,234,-0.0008686195823743878,,"[100000.0, 100000.0, 100000.0, 100000.0, 100000.0]",0.10259700012395742,1.1760533435485914,0.8971091799997282,0.99598644647306
taskonomy/segment_unsup25d,encoder.layer3.3.relu,7PC,test,sub-02,linear_predictivity,5919,234,0.011346821322435387,"[0.012138422270936037, 0.010194300804956659, 0.013854707449857845, 0.009565933975604039, 0.010980742110822351]",,,,,
taskonomy/segment_unsup25d,encoder.layer3.3.relu,7Am,train,sub-02,linear_predictivity,5919,232,-0.004894854153520881,,"[316227.7660168379, 100000.0, 100000.0, 100000.0, 316227.7660168379]",0.07502806148331942,1.1855639570051233,0.9248792660267544,1.0012363364191428
taskonomy/segment_unsup25d,encoder.layer3.3.relu,7Am,test,sub-02,linear_predictivity,5919,232,0.01321743386510488,"[0.006487494545453738, 0.01631091981084214, 0.01630794822468645, 0.01726804660163579, 0.009712760142906283]",,,,,
taskonomy/segment_unsup25d,encoder.layer3.3.relu,7AL,train,sub-02,linear_predictivity,5919,259,-0.0024703025352741824,,"[100000.0, 100000.0, 100000.0, 100000.0, 100000.0]",0.09916558802156446,1.1785737295183427,0.9006402245116313,0.9990992558164414
taskonomy/segment_unsup25d,encoder.layer3.3.relu,7AL,test,sub-02,linear_predictivity,5919,259,0.014190082139392327,"[0.015685533667102482, 0.017857960424519894, 0.015490754981014425, 0.014631504063116077, 0.007284657561208755]",,,,,
taskonomy/segment_unsup25d,encoder.layer3.3.relu,VVC,train,sub-02,linear_predictivity,5919,159,0.018970612917311794,,"[31622.776601683796, 31622.776601683796, 31622.776601683796, 31622.776601683796, 31622.776601683796]",0.2579452506426131,1.1421476711941843,0.7418278617841705,0.9761035194471406
taskonomy/segment_unsup25d,encoder.layer3.3.relu,VVC,test,sub-02,linear_predictivity,5919,159,0.045218335989198326,"[0.04663856765597523, 0.04026710368937814, 0.03787308801541751, 0.05572848417304052, 0.04558443641218023]",,,,,
taskonomy/segment_unsup25d,encoder.layer3.3.relu,VMV2,train,sub-02,linear_predictivity,5919,124,0.03143438041154982,,"[31622.776601683796, 31622.776601683796, 31622.776601683796, 31622.776601683796, 31622.776601683796]",0.2657379614355494,1.1187695140921736,0.7340659243295463,0.9642928460206676
taskonomy/segment_unsup25d,encoder.layer3.3.relu,VMV2,test,sub-02,linear_predictivity,5919,124,0.06162518476358968,"[0.05780971261035581, 0.05564987203405147, 0.041520164910965274, 0.0860784490532993, 0.06706772520927658]",,,,,
taskonomy/segment_unsup25d,encoder.layer3.3.relu,VMV3,train,sub-02,linear_predictivity,5919,113,0.03705856858483476,,"[31622.776601683796, 10000.0, 31622.776601683796, 31622.776601683796, 31622.776601683796]",0.3236297076300169,1.1075554290132454,0.6751728921492087,0.958172564384656
taskonomy/segment_unsup25d,encoder.layer3.3.relu,VMV3,test,sub-02,linear_predictivity,5919,113,0.051801907499763725,"[0.05599293049166663, 0.037228920474424505, 0.026361559988464615, 0.07865995519316846, 0.06076617135109441]",,,,,
taskonomy/segment_unsup25d,encoder.layer3.3.relu,VMV1,train,sub-02,linear_predictivity,5919,84,0.02659146329030113,,"[31622.776601683796, 31622.776601683796, 31622.776601683796, 31622.776601683796, 31622.776601683796]",0.2599852390163847,1.1366496675585456,0.7398642430244007,0.969995961868871
taskonomy/segment_unsup25d,encoder.layer3.3.relu,VMV1,test,sub-02,linear_predictivity,5919,84,0.0316454506129953,"[0.021004630511721824, 0.031763265673808265, 0.029529133980444162, 0.037745793303315726, 0.03818442959568648]",,,,,
taskonomy/segment_unsup25d,encoder.layer3.3.relu,PHA2,train,sub-02,linear_predictivity,5919,29,0.003267614324790387,,"[100000.0, 100000.0, 100000.0, 100000.0, 100000.0]",0.10544704961184988,1.1554219262047516,0.8943267430892956,0.992605786514629
taskonomy/segment_unsup25d,encoder.layer3.3.relu,PHA2,test,sub-02,linear_predictivity,5919,29,0.007317533972944781,"[0.007545979185679644, 0.0045637980736016135, 0.009722630860505326, 0.011712367510494254, 0.0030428942344430656]",,,,,
taskonomy/segment_unsup25d,encoder.layer3.3.relu,PHA3,train,sub-02,linear_predictivity,5919,147,0.0023333793010583146,,"[31622.776601683796, 31622.776601683796, 31622.776601683796, 31622.776601683796, 100000.0]",0.2214846021348119,1.1434231578830738,0.7784091345918969,0.9925629400244516
taskonomy/segment_unsup25d,encoder.layer3.3.relu,PHA3,test,sub-02,linear_predictivity,5919,147,-0.00028155494848691194,"[0.0036350791261962655, -0.01880419270191666, -0.004190335283835961, 0.013840678089520258, 0.00411099602760154]",,,,,
taskonomy/segment_unsup25d,encoder.layer3.3.relu,PH,train,sub-02,linear_predictivity,5919,360,0.05259217785564106,,"[31622.776601683796, 31622.776601683796, 31622.776601683796, 31622.776601683796, 31622.776601683796]",0.28379292053720484,1.1198824697564702,0.7159620722496347,0.9428718169350854
taskonomy/segment_unsup25d,encoder.layer3.3.relu,PH,test,sub-02,linear_predictivity,5919,360,0.07346171123711179,"[0.07748407494728142, 0.0724451147260083, 0.07915025877713663, 0.07338905540079795, 0.06484005233433461]",,,,,
taskonomy/segment_unsup25d,encoder.layer3.4.relu,V1,train,sub-02,linear_predictivity,5919,435,0.0926515791209042,,"[10000.0, 10000.0, 10000.0, 10000.0, 10000.0]",0.5305113201390713,1.0625676603495418,0.4693658339859397,0.9039563097029678
taskonomy/segment_unsup25d,encoder.layer3.4.relu,V1,test,sub-02,linear_predictivity,5919,435,0.13632331862697294,"[0.13301817961074194, 0.14329168240259677, 0.14651494326003375, 0.1385412821527001, 0.12025050570879206]",,,,,
taskonomy/segment_unsup25d,encoder.layer3.4.relu,V2,train,sub-02,linear_predictivity,5919,567,0.046238881755330856,,"[31622.776601683796, 31622.776601683796, 31622.776601683796, 31622.776601683796, 31622.776601683796]",0.2805033916410377,1.1031952788919006,0.7193010395165869,0.9497496382654964
taskonomy/segment_unsup25d,encoder.layer3.4.relu,V2,test,sub-02,linear_predictivity,5919,567,0.048135821395117566,"[0.04972512033042034, 0.04639487992936927, 0.04896865215375226, 0.052668004224740626, 0.04292245033730532]",,,,,
taskonomy/segment_unsup25d,encoder.layer3.4.relu,V3,train,sub-02,linear_predictivity,5919,538,0.051139865839595074,,"[31622.776601683796, 31622.776601683796, 31622.776601683796, 31622.776601683796, 31622.776601683796]",0.2834984285222123,1.0987667510385402,0.7162986204826891,0.9446736547692256
taskonomy/segment_unsup25d,encoder.layer3.4.relu,V3,test,sub-02,linear_predictivity,5919,538,0.06818510457033974,"[0.06769121454366167, 0.06648156763815526, 0.06732213064477223, 0.07460129360661413, 0.06482931641849539]",,,,,
taskonomy/segment_unsup25d,encoder.layer3.4.relu,V4,train,sub-02,linear_predictivity,5919,630,0.042692498903711656,,"[31622.776601683796, 31622.776601683796, 31622.776601683796, 31622.776601683796, 31622.776601683796]",0.27743052645404875,1.1066802075899553,0.7223802170023881,0.9534528600267386
taskonomy/segment_unsup25d,encoder.layer3.4.relu,V4,test,sub-02,linear_predictivity,5919,630,0.04975424477772198,"[0.04787877022606497, 0.04556312539528405, 0.04240160618678978, 0.06905646714245502, 0.04387125493801607]",,,,,
taskonomy/segment_unsup25d,encoder.layer3.4.relu,V3A,train,sub-02,linear_predictivity,5919,273,0.037636570228655,,"[31622.776601683796, 31622.776601683796, 31622.776601683796, 31622.776601683796, 31622.776601683796]",0.27138910699167196,1.1205035142158501,0.7283849862801475,0.9573847726802753
taskonomy/segment_unsup25d,encoder.layer3.4.relu,V3A,test,sub-02,linear_predictivity,5919,273,0.015721060396467222,"[0.01684892114784232, 0.010795864161105406, 0.008890207068157035, 0.031440763505572324, 0.010629546099659035]",,,,,
taskonomy/segment_unsup25d,encoder.layer3.4.relu,V3B,train,sub-02,linear_predictivity,5919,148,0.03930422028683848,,"[31622.776601683796, 31622.776601683796, 31622.776601683796, 31622.776601683796, 31622.776601683796]",0.27260240208392267,1.130243738023438,0.7272714080094187,0.9579455629734561
taskonomy/segment_unsup25d,encoder.layer3.4.relu,V3B,test,sub-02,linear_predictivity,5919,148,-0.011809375711261965,"[-0.009486614604337293, -0.022711573433637947, -0.014564394742414099, -0.0010120743143733572, -0.011272221461547131]",,,,,
taskonomy/segment_unsup25d,encoder.layer3.4.relu,V6,train,sub-02,linear_predictivity,5919,147,0.03506333524544599,,"[31622.776601683796, 31622.776601683796, 31622.776601683796, 31622.776601683796, 31622.776601683796]",0.2698017531027818,1.1236254766393508,0.7299589202969539,0.959887103541505
taskonomy/segment_unsup25d,encoder.layer3.4.relu,V6,test,sub-02,linear_predictivity,5919,147,0.04423723268795634,"[0.04591468127956685, 0.036483207383089786, 0.04385263623622509, 0.05221374004882125, 0.04272189849207875]",,,,,
taskonomy/segment_unsup25d,encoder.layer3.4.relu,V6A,train,sub-02,linear_predictivity,5919,82,0.011742997179305475,,"[31622.776601683796, 31622.776601683796, 31622.776601683796, 31622.776601683796, 31622.776601683796]",0.25011707014451945,1.146242410257652,0.7496641216430391,0.9835006935893105
taskonomy/segment_unsup25d,encoder.layer3.4.relu,V6A,test,sub-02,linear_predictivity,5919,82,0.04355366983570488,"[0.04153457331284517, 0.03531126234847033, 0.04476094814790796, 0.05367588037741816, 0.04248568499188277]",,,,,
taskonomy/segment_unsup25d,encoder.layer3.4.relu,V7,train,sub-02,linear_predictivity,5919,88,0.046419753690662535,,"[31622.776601683796, 31622.776601683796, 31622.776601683796, 31622.776601683796, 31622.776601683796]",0.2796315310167626,1.111781480329255,0.7201862557023857,0.9497806006782353
taskonomy/segment_unsup25d,encoder.layer3.4.relu,V7,test,sub-02,linear_predictivity,5919,88,0.0688783343085296,"[0.06401242543951967, 0.06702034942031504, 0.07390260416943505, 0.08220754786162005, 0.05724874465175824]",,,,,
taskonomy/segment_unsup25d,encoder.layer3.4.relu,V8,train,sub-02,linear_predictivity,5919,105,0.04847265268569342,,"[31622.776601683796, 31622.776601683796, 31622.776601683796, 31622.776601683796, 31622.776601683796]",0.28209310778255015,1.1089275118474309,0.7176785195231514,0.94700389365468
taskonomy/segment_unsup25d,encoder.layer3.4.relu,V8,test,sub-02,linear_predictivity,5919,105,0.05476307600498097,"[0.05625205599446399, 0.05522883090304306, 0.04451911705782599, 0.0666386926910936, 0.05117668337847822]",,,,,
taskonomy/segment_unsup25d,encoder.layer3.4.relu,FFC,train,sub-02,linear_predictivity,5919,269,0.04313765900432177,,"[31622.776601683796, 31622.776601683796, 31622.776601683796, 31622.776601683796, 31622.776601683796]",0.2768556742417541,1.1236234965435101,0.7229248055204511,0.9522788242112906
taskonomy/segment_unsup25d,encoder.layer3.4.relu,FFC,test,sub-02,linear_predictivity,5919,269,0.11297412980752748,"[0.11792321288358133, 0.11464533297201998, 0.12029624348438153, 0.11291672630619208, 0.09908913339146244]",,,,,
taskonomy/segment_unsup25d,encoder.layer3.4.relu,PIT,train,sub-02,linear_predictivity,5919,110,0.061517936261259884,,"[31622.776601683796, 31622.776601683796, 31622.776601683796, 31622.776601683796, 31622.776601683796]",0.28808298695440054,1.1053608307634326,0.7116920979123031,0.9339306932124295
taskonomy/segment_unsup25d,encoder.layer3.4.relu,PIT,test,sub-02,linear_predictivity,5919,110,0.16547845449345572,"[0.17138290009797916, 0.16770117638271725, 0.17040837692452343, 0.16247714318705878, 0.1554226758749999]",,,,,
taskonomy/segment_unsup25d,encoder.layer3.4.relu,IPS1,train,sub-02,linear_predictivity,5919,212,0.02086325254357687,,"[31622.776601683796, 31622.776601683796, 31622.776601683796, 31622.776601683796, 31622.776601683796]",0.2613721591786636,1.1313828226452016,0.7383863634907639,0.9734709985228587
taskonomy/segment_unsup25d,encoder.layer3.4.relu,IPS1,test,sub-02,linear_predictivity,5919,212,0.03774812102386288,"[0.03999404960502045, 0.02262070179813619, 0.03917209167874832, 0.058188432733105366, 0.02876532930430407]",,,,,
taskonomy/segment_unsup25d,encoder.layer3.4.relu,MST,train,sub-02,linear_predictivity,5919,149,0.07854854299028328,,"[31622.776601683796, 31622.776601683796, 31622.776601683796, 31622.776601683796, 31622.776601683796]",0.30887290944374535,1.0929402925448408,0.6909109088463556,0.9170273322685134
taskonomy/segment_unsup25d,encoder.layer3.4.relu,MST,test,sub-02,linear_predictivity,5919,149,0.13882573165667286,"[0.1449297223091832, 0.1462182894431493, 0.14107415138643467, 0.1366957109314047, 0.1252107842131924]",,,,,
taskonomy/segment_unsup25d,encoder.layer3.4.relu,MT,train,sub-02,linear_predictivity,5919,99,0.06925949907093962,,"[31622.776601683796, 31622.776601683796, 31622.776601683796, 31622.776601683796, 31622.776601683796]",0.30444761653845176,1.0915454539510396,0.6952736815888041,0.9251047231889808
taskonomy/segment_unsup25d,encoder.layer3.4.relu,MT,test,sub-02,linear_predictivity,5919,99,0.10684260321949376,"[0.11074242860463825, 0.11333854987878289, 0.11271182735658408, 0.10108784309356081, 0.09633236716390282]",,,,,
taskonomy/segment_unsup25d,encoder.layer3.4.relu,FST,train,sub-02,linear_predictivity,5919,171,0.042818115775216825,,"[31622.776601683796, 31622.776601683796, 31622.776601683796, 31622.776601683796, 31622.776601683796]",0.2815698874643907,1.1187037884152846,0.7182836991371297,0.9539927593901896
taskonomy/segment_unsup25d,encoder.layer3.4.relu,FST,test,sub-02,linear_predictivity,5919,171,0.06486556320335299,"[0.06336581673917245, 0.07025308015283348, 0.07476348572034894, 0.06618279022792675, 0.0497626431764833]",,,,,
taskonomy/segment_unsup25d,encoder.layer3.4.relu,LO1,train,sub-02,linear_predictivity,5919,78,0.05219520460433027,,"[31622.776601683796, 31622.776601683796, 31622.776601683796, 31622.776601683796, 31622.776601683796]",0.28129581415678023,1.102483205028749,0.7186132707849835,0.9456204845856565
taskonomy/segment_unsup25d,encoder.layer3.4.relu,LO1,test,sub-02,linear_predictivity,5919,78,0.10522066526951121,"[0.10412911466700632, 0.08878170612529813, 0.10866932710559851, 0.12106495751018514, 0.10345822093946798]",,,,,
taskonomy/segment_unsup25d,encoder.layer3.4.relu,LO2,train,sub-02,linear_predictivity,5919,82,0.06748261483981077,,"[31622.776601683796, 31622.776601683796, 31622.776601683796, 31622.776601683796, 31622.776601683796]",0.29307230499633485,1.0854851894533315,0.7067198666096965,0.928703961440517
taskonomy/segment_unsup25d,encoder.layer3.4.relu,LO2,test,sub-02,linear_predictivity,5919,82,0.14315841127925802,"[0.14505417395818176, 0.14577401793214156, 0.15015959890596356, 0.14154594073639962, 0.13325832486360356]",,,,,
taskonomy/segment_unsup25d,encoder.layer3.4.relu,LO3,train,sub-02,linear_predictivity,5919,124,0.0321430307305972,,"[31622.776601683796, 31622.776601683796, 31622.776601683796, 31622.776601683796, 31622.776601683796]",0.2679238799917617,1.1220748963951512,0.7318842079092387,0.9634534030878946
taskonomy/segment_unsup25d,encoder.layer3.4.relu,LO3,test,sub-02,linear_predictivity,5919,124,0.06669890169714203,"[0.06727420910825493, 0.059629495039443675, 0.06844648115264622, 0.07500334108170263, 0.06314098210366269]",,,,,
taskonomy/segment_unsup25d,encoder.layer3.4.relu,V7,train,sub-02,linear_predictivity,5919,88,0.046419753690662535,,"[31622.776601683796, 31622.776601683796, 31622.776601683796, 31622.776601683796, 31622.776601683796]",0.2796315310167626,1.111781480329255,0.7201862557023857,0.9497806006782353
taskonomy/segment_unsup25d,encoder.layer3.4.relu,V7,test,sub-02,linear_predictivity,5919,88,0.0688783343085296,"[0.06401242543951967, 0.06702034942031504, 0.07390260416943505, 0.08220754786162005, 0.05724874465175824]",,,,,
taskonomy/segment_unsup25d,encoder.layer3.4.relu,IP0,train,sub-02,linear_predictivity,5919,151,0.008709745526189817,,"[100000.0, 31622.776601683796, 31622.776601683796, 100000.0, 100000.0]",0.1676610945268585,1.146002247302123,0.8315533818255325,0.9872613408080861
taskonomy/segment_unsup25d,encoder.layer3.4.relu,IP0,test,sub-02,linear_predictivity,5919,151,0.01859857934846205,"[0.022497713338603006, 0.0032914274338683787, 0.03215767434414328, 0.022160507710834113, 0.012885573914861488]",,,,,
taskonomy/segment_unsup25d,encoder.layer3.4.relu,IP1,train,sub-02,linear_predictivity,5919,78,-7.928208941210736e-05,,"[100000.0, 100000.0, 100000.0, 100000.0, 100000.0]",0.10143821280249128,1.1774309054913963,0.8982909520166824,0.9954277275149153
taskonomy/segment_unsup25d,encoder.layer3.4.relu,IP1,test,sub-02,linear_predictivity,5919,78,0.0011015516202341916,"[0.004911180254565466, -0.002964953479654121, 0.002238513784134003, 0.006710739313482177, -0.005387721771356568]",,,,,
taskonomy/segment_unsup25d,encoder.layer3.4.relu,MIP,train,sub-02,linear_predictivity,5919,198,-0.0013501672008362636,,"[100000.0, 31622.776601683796, 100000.0, 100000.0, 100000.0]",0.13345474262484497,1.1685569289943953,0.8657227220960149,0.9967589791074746
taskonomy/segment_unsup25d,encoder.layer3.4.relu,MIP,test,sub-02,linear_predictivity,5919,198,0.0061539786429599865,"[0.011358294936426618, -0.014107537091930878, 0.011045915057784886, 0.018110270023177312, 0.004362950289341996]",,,,,
taskonomy/segment_unsup25d,encoder.layer3.4.relu,VIP,train,sub-02,linear_predictivity,5919,200,0.013808578622733856,,"[31622.776601683796, 31622.776601683796, 31622.776601683796, 31622.776601683796, 31622.776601683796]",0.25075892518645154,1.138270533305068,0.749053000677999,0.9822463824352436
taskonomy/segment_unsup25d,encoder.layer3.4.relu,VIP,test,sub-02,linear_predictivity,5919,200,0.04303427187161786,"[0.04243054521238955, 0.0319786810772459, 0.04369200116156238, 0.06049505081030873, 0.036575081096582716]",,,,,
taskonomy/segment_unsup25d,encoder.layer3.4.relu,LIPd,train,sub-02,linear_predictivity,5919,106,0.007244875793093769,,"[100000.0, 31622.776601683796, 100000.0, 100000.0, 100000.0]",0.139340412195271,1.1691874357063814,0.8598903359599117,0.9871186305230919
taskonomy/segment_unsup25d,encoder.layer3.4.relu,LIPd,test,sub-02,linear_predictivity,5919,106,0.017123509653168188,"[0.021346375742690136, 0.0009008159213410656, 0.02276408147295323, 0.021473225405029037, 0.019133049723827473]",,,,,
taskonomy/segment_unsup25d,encoder.layer3.4.relu,LIPv,train,sub-02,linear_predictivity,5919,239,0.01613526597862215,,"[100000.0, 31622.776601683796, 31622.776601683796, 31622.776601683796, 31622.776601683796]",0.2277490318792066,1.145187443924105,0.7714795138884754,0.9794134889042203
taskonomy/segment_unsup25d,encoder.layer3.4.relu,LIPv,test,sub-02,linear_predictivity,5919,239,0.03412364808984417,"[0.032225283181240585, 0.03264418433895347, 0.03437246632407456, 0.043221507896058844, 0.02815479870889339]",,,,,
taskonomy/segment_unsup25d,encoder.layer3.4.relu,AIP,train,sub-02,linear_predictivity,5919,381,0.0003294490493332397,,"[100000.0, 31622.776601683796, 100000.0, 100000.0, 100000.0]",0.13573571318486735,1.160641877496857,0.863324656646111,0.9936845380470546
taskonomy/segment_unsup25d,encoder.layer3.4.relu,AIP,test,sub-02,linear_predictivity,5919,381,-0.007135290109500642,"[0.0005954687136630221, -0.03605104989083313, -0.0003409897301012563, 0.005228638449542281, -0.005108518089774121]",,,,,
taskonomy/segment_unsup25d,encoder.layer3.4.relu,7Pm,train,sub-02,linear_predictivity,5919,37,-0.0022943642981601182,,"[100000.0, 100000.0, 100000.0, 100000.0, 100000.0]",0.1011971329185273,1.1824037726114915,0.8986094545690259,0.9989437811050237
taskonomy/segment_unsup25d,encoder.layer3.4.relu,7Pm,test,sub-02,linear_predictivity,5919,37,-0.01015141018157945,"[-0.010710812194736805, -0.002370508011918038, -0.01699648495659397, -0.009781637093845014, -0.010897608650803428]",,,,,
taskonomy/segment_unsup25d,encoder.layer3.4.relu,7PL,train,sub-02,linear_predictivity,5919,38,-0.00020557149192711342,,"[100000.0, 100000.0, 100000.0, 100000.0, 100000.0]",0.10236551065601263,1.1665695895929733,0.8974264053734657,0.996639337652564
taskonomy/segment_unsup25d,encoder.layer3.4.relu,7PL,test,sub-02,linear_predictivity,5919,38,0.008309869539230826,"[0.011366191117718142, 0.005782120958345688, 0.006970602786238684, 0.014218071313597095, 0.003212361520254518]",,,,,
taskonomy/segment_unsup25d,encoder.layer3.4.relu,7PC,train,sub-02,linear_predictivity,5919,234,-0.0012520970427467566,,"[100000.0, 100000.0, 100000.0, 100000.0, 100000.0]",0.1024472883242619,1.1722090700140302,0.8972587244141227,0.9963493497718915
taskonomy/segment_unsup25d,encoder.layer3.4.relu,7PC,test,sub-02,linear_predictivity,5919,234,0.011696138648581123,"[0.012303563447325415, 0.01069398079010938, 0.014575865713727742, 0.009396037595268122, 0.011511245696474952]",,,,,
taskonomy/segment_unsup25d,encoder.layer3.4.relu,7Am,train,sub-02,linear_predictivity,5919,232,-0.005081898732188606,,"[316227.7660168379, 100000.0, 100000.0, 100000.0, 316227.7660168379]",0.07488741306787446,1.1882201062995665,0.925019641303485,1.001429982683047
taskonomy/segment_unsup25d,encoder.layer3.4.relu,7Am,test,sub-02,linear_predictivity,5919,232,0.013251040873095015,"[0.006617209221827318, 0.01621027389603, 0.016512417953003886, 0.017719959664319815, 0.009195343630294065]",,,,,
taskonomy/segment_unsup25d,encoder.layer3.4.relu,7AL,train,sub-02,linear_predictivity,5919,259,-0.0034953759105422356,,"[100000.0, 100000.0, 100000.0, 100000.0, 100000.0]",0.09875442233754442,1.1796028326989223,0.9010536071405078,1.0001315859075148
taskonomy/segment_unsup25d,encoder.layer3.4.relu,7AL,test,sub-02,linear_predictivity,5919,259,0.0144727843898241,"[0.015508480646375607, 0.01811178389203772, 0.016360117916483702, 0.015337734558306084, 0.0070458049359173845]",,,,,
taskonomy/segment_unsup25d,encoder.layer3.4.relu,VVC,train,sub-02,linear_predictivity,5919,159,0.019655558749710738,,"[31622.776601683796, 31622.776601683796, 31622.776601683796, 31622.776601683796, 31622.776601683796]",0.2597482165440976,1.1357884329991073,0.7400242148273537,0.9754002821528737
taskonomy/segment_unsup25d,encoder.layer3.4.relu,VVC,test,sub-02,linear_predictivity,5919,159,0.048167596032019894,"[0.048759100501072954, 0.04226505917296714, 0.04233051827225502, 0.06147872998479489, 0.04600457222900944]",,,,,
taskonomy/segment_unsup25d,encoder.layer3.4.relu,VMV2,train,sub-02,linear_predictivity,5919,124,0.03178691715168996,,"[31622.776601683796, 31622.776601683796, 31622.776601683796, 31622.776601683796, 31622.776601683796]",0.26726409653208877,1.1094987136555716,0.7325394176503035,0.9639083559285533
taskonomy/segment_unsup25d,encoder.layer3.4.relu,VMV2,test,sub-02,linear_predictivity,5919,124,0.06649093466761632,"[0.062444486367537876, 0.058226882740451444, 0.049565443618008576, 0.09232554949253566, 0.06989231111954808]",,,,,
taskonomy/segment_unsup25d,encoder.layer3.4.relu,VMV3,train,sub-02,linear_predictivity,5919,113,0.037793494351683145,,"[31622.776601683796, 10000.0, 31622.776601683796, 31622.776601683796, 31622.776601683796]",0.32606932802433575,1.096011657264399,0.6727194675714335,0.9573725156747173
taskonomy/segment_unsup25d,encoder.layer3.4.relu,VMV3,test,sub-02,linear_predictivity,5919,113,0.05732292491100227,"[0.05841884526969823, 0.04718723481934164, 0.03535953852968508, 0.08552218046913052, 0.06012682546715588]",,,,,
taskonomy/segment_unsup25d,encoder.layer3.4.relu,VMV1,train,sub-02,linear_predictivity,5919,84,0.027700705895058055,,"[31622.776601683796, 31622.776601683796, 31622.776601683796, 31622.776601683796, 31622.776601683796]",0.2619755805086127,1.1297114774997037,0.7378775604201138,0.9689298241090831
taskonomy/segment_unsup25d,encoder.layer3.4.relu,VMV1,test,sub-02,linear_predictivity,5919,84,0.0303401335058772,"[0.019829530019014198, 0.030686447722221805, 0.02889471940670631, 0.03665902643440351, 0.03563094394704015]",,,,,
taskonomy/segment_unsup25d,encoder.layer3.4.relu,PHA2,train,sub-02,linear_predictivity,5919,29,0.0024204729246353873,,"[100000.0, 100000.0, 100000.0, 100000.0, 100000.0]",0.1050069009742212,1.155746257290756,0.8947652662856094,0.993447225714873
taskonomy/segment_unsup25d,encoder.layer3.4.relu,PHA2,test,sub-02,linear_predictivity,5919,29,0.007058404795117447,"[0.006435433243903537, 0.00462696929476168, 0.00937675466703138, 0.011580660401915632, 0.0032722063679750065]",,,,,
taskonomy/segment_unsup25d,encoder.layer3.4.relu,PHA3,train,sub-02,linear_predictivity,5919,147,0.0031551676391141517,,"[31622.776601683796, 31622.776601683796, 31622.776601683796, 31622.776601683796, 100000.0]",0.2229591838989768,1.1395224099252075,0.7769309549613801,0.9916718894748321
taskonomy/segment_unsup25d,encoder.layer3.4.relu,PHA3,test,sub-02,linear_predictivity,5919,147,-0.002165729168293205,"[-1.8082656254427737e-05, -0.01910675615556421, -0.006457693125238533, 0.012774939551884782, 0.001978946543706364]",,,,,
taskonomy/segment_unsup25d,encoder.layer3.4.relu,PH,train,sub-02,linear_predictivity,5919,360,0.05371984824662198,,"[31622.776601683796, 31622.776601683796, 31622.776601683796, 31622.776601683796, 31622.776601683796]",0.2855105919766191,1.1057000602054903,0.7142525174348144,0.9419113611807868
taskonomy/segment_unsup25d,encoder.layer3.4.relu,PH,test,sub-02,linear_predictivity,5919,360,0.0791604637777081,"[0.0819651515070293, 0.07809541286712005, 0.08649813880706222, 0.0792528845533227, 0.06999073115400622]",,,,,
taskonomy/segment_unsup25d,encoder.layer3.5.relu,V1,train,sub-02,linear_predictivity,5919,435,0.09073870744813976,,"[10000.0, 10000.0, 10000.0, 10000.0, 10000.0]",0.5348815237128649,1.059745239677605,0.4649912473050743,0.9058341480527721
taskonomy/segment_unsup25d,encoder.layer3.5.relu,V1,test,sub-02,linear_predictivity,5919,435,0.13841099093623804,"[0.1366889929422641, 0.1408382901752804, 0.1481497347368554, 0.14346532122590816, 0.12291261560088218]",,,,,
taskonomy/segment_unsup25d,encoder.layer3.5.relu,V2,train,sub-02,linear_predictivity,5919,567,0.044866202456382426,,"[31622.776601683796, 31622.776601683796, 31622.776601683796, 31622.776601683796, 31622.776601683796]",0.2817846886452807,1.0997568412160685,0.7180193813310993,0.9511182612886933
taskonomy/segment_unsup25d,encoder.layer3.5.relu,V2,test,sub-02,linear_predictivity,5919,567,0.04801566897293771,"[0.050511274124966525, 0.04547674671371342, 0.04746608106820391, 0.05250128939458581, 0.044122953563218895]",,,,,
taskonomy/segment_unsup25d,encoder.layer3.5.relu,V3,train,sub-02,linear_predictivity,5919,538,0.05052141159342882,,"[31622.776601683796, 31622.776601683796, 31622.776601683796, 31622.776601683796, 31622.776601683796]",0.28492003570911495,1.0967269920799037,0.7148801490732308,0.9453410822638018
taskonomy/segment_unsup25d,encoder.layer3.5.relu,V3,test,sub-02,linear_predictivity,5919,538,0.06962078789833173,"[0.07020807837369542, 0.06686847474561178, 0.06847898429002523, 0.07577267214661829, 0.06677572993570795]",,,,,
taskonomy/segment_unsup25d,encoder.layer3.5.relu,V4,train,sub-02,linear_predictivity,5919,630,0.04187419166471595,,"[31622.776601683796, 31622.776601683796, 31622.776601683796, 31622.776601683796, 31622.776601683796]",0.27874498462800423,1.104829717193528,0.7210701961525064,0.9543371584705918
taskonomy/segment_unsup25d,encoder.layer3.5.relu,V4,test,sub-02,linear_predictivity,5919,630,0.04510750495792941,"[0.04352642675282949, 0.0411814584319076, 0.037481552787560546, 0.06218584853643177, 0.041162238280917626]",,,,,
taskonomy/segment_unsup25d,encoder.layer3.5.relu,V3A,train,sub-02,linear_predictivity,5919,273,0.03576271611676074,,"[31622.776601683796, 31622.776601683796, 31622.776601683796, 31622.776601683796, 31622.776601683796]",0.2726138383239333,1.1184696286803222,0.7271591178453495,0.9592543857192221
taskonomy/segment_unsup25d,encoder.layer3.5.relu,V3A,test,sub-02,linear_predictivity,5919,273,0.0092116823516356,"[0.011473067665108782, 0.004781949440965192, 0.002666369127156633, 0.023797209965442188, 0.003339815559505204]",,,,,
taskonomy/segment_unsup25d,encoder.layer3.5.relu,V3B,train,sub-02,linear_predictivity,5919,148,0.03725222345963439,,"[31622.776601683796, 31622.776601683796, 31622.776601683796, 31622.776601683796, 31622.776601683796]",0.2733604195623454,1.121723193578894,0.7265107782760525,0.9599889019880055
taskonomy/segment_unsup25d,encoder.layer3.5.relu,V3B,test,sub-02,linear_predictivity,5919,148,-0.011827574449636554,"[-0.004800052013569244, -0.026507588936821504, -0.016884433138434164, -0.0003124864425621168, -0.010633311716795732]",,,,,
taskonomy/segment_unsup25d,encoder.layer3.5.relu,V6,train,sub-02,linear_predictivity,5919,147,0.033995593825786805,,"[31622.776601683796, 31622.776601683796, 31622.776601683796, 31622.776601683796, 31622.776601683796]",0.27178295060589036,1.1178145650423492,0.7279784705660581,0.9609473919475484
taskonomy/segment_unsup25d,encoder.layer3.5.relu,V6,test,sub-02,linear_predictivity,5919,147,0.0458102319193431,"[0.04639153300818721, 0.03815747785819916, 0.04476825332984649, 0.05786437416484354, 0.04186952123563914]",,,,,
taskonomy/segment_unsup25d,encoder.layer3.5.relu,V6A,train,sub-02,linear_predictivity,5919,82,0.009517424267055747,,"[100000.0, 31622.776601683796, 31622.776601683796, 31622.776601683796, 31622.776601683796]",0.2234854113314416,1.1417195335771597,0.7762828910443155,0.98573317901936
taskonomy/segment_unsup25d,encoder.layer3.5.relu,V6A,test,sub-02,linear_predictivity,5919,82,0.04433448238288602,"[0.030402370995514003, 0.03718413907049144, 0.05148911499075066, 0.059475880395053596, 0.04312090646262043]",,,,,
taskonomy/segment_unsup25d,encoder.layer3.5.relu,V7,train,sub-02,linear_predictivity,5919,88,0.04490379309446582,,"[31622.776601683796, 31622.776601683796, 31622.776601683796, 31622.776601683796, 31622.776601683796]",0.28075157236781034,1.107081200485691,0.7190604623573162,0.9512723316168092
taskonomy/segment_unsup25d,encoder.layer3.5.relu,V7,test,sub-02,linear_predictivity,5919,88,0.0664611167583579,"[0.06576328241576207, 0.06289773509667151, 0.06970660484850053, 0.08035438868579849, 0.05358357274505696]",,,,,
taskonomy/segment_unsup25d,encoder.layer3.5.relu,V8,train,sub-02,linear_predictivity,5919,105,0.04787490063230751,,"[31622.776601683796, 31622.776601683796, 31622.776601683796, 31622.776601683796, 31622.776601683796]",0.28385751254323155,1.1077720627460892,0.7159156937649158,0.9476229988742562
taskonomy/segment_unsup25d,encoder.layer3.5.relu,V8,test,sub-02,linear_predictivity,5919,105,0.051802535317448085,"[0.050986539775958975, 0.052392524671889096, 0.04165770887247059, 0.06278831170045324, 0.051187591566468495]",,,,,
taskonomy/segment_unsup25d,encoder.layer3.5.relu,FFC,train,sub-02,linear_predictivity,5919,269,0.04273375873958256,,"[31622.776601683796, 31622.776601683796, 31622.776601683796, 31622.776601683796, 31622.776601683796]",0.2789936161657085,1.1101901630510649,0.7207938558274052,0.9527940340800274
taskonomy/segment_unsup25d,encoder.layer3.5.relu,FFC,test,sub-02,linear_predictivity,5919,269,0.11576930021424192,"[0.12182008013257516, 0.11593598200735374, 0.12133776618946526, 0.11629327988785262, 0.10345939285396276]",,,,,
taskonomy/segment_unsup25d,encoder.layer3.5.relu,PIT,train,sub-02,linear_predictivity,5919,110,0.061607362466202555,,"[31622.776601683796, 31622.776601683796, 31622.776601683796, 31622.776601683796, 31622.776601683796]",0.29030933726975006,1.0955983307040154,0.7094712587863258,0.9339112566195855
taskonomy/segment_unsup25d,encoder.layer3.5.relu,PIT,test,sub-02,linear_predictivity,5919,110,0.16072990780862462,"[0.1675287967661803, 0.16006712678606663, 0.16527661089455573, 0.15715186112791274, 0.15362514346840778]",,,,,
taskonomy/segment_unsup25d,encoder.layer3.5.relu,IPS1,train,sub-02,linear_predictivity,5919,212,0.018238599616163823,,"[31622.776601683796, 31622.776601683796, 31622.776601683796, 31622.776601683796, 31622.776601683796]",0.26251544108223646,1.126304161912716,0.7372419440501075,0.9760676816220426
taskonomy/segment_unsup25d,encoder.layer3.5.relu,IPS1,test,sub-02,linear_predictivity,5919,212,0.04082811999993788,"[0.04794166979817144, 0.02251132137119684, 0.04315741000403347, 0.05802235343338252, 0.032507845392905126]",,,,,
taskonomy/segment_unsup25d,encoder.layer3.5.relu,MST,train,sub-02,linear_predictivity,5919,149,0.08100526569149233,,"[31622.776601683796, 31622.776601683796, 31622.776601683796, 31622.776601683796, 31622.776601683796]",0.31240191057900335,1.0718542691875645,0.6873790183264723,0.9145539258892621
taskonomy/segment_unsup25d,encoder.layer3.5.relu,MST,test,sub-02,linear_predictivity,5919,149,0.14509850071833838,"[0.15172659925965098, 0.1522306739427823, 0.14895254538302047, 0.14357476709723713, 0.129007917909001]",,,,,
taskonomy/segment_unsup25d,encoder.layer3.5.relu,MT,train,sub-02,linear_predictivity,5919,99,0.0716309216614619,,"[31622.776601683796, 31622.776601683796, 31622.776601683796, 31622.776601683796, 31622.776601683796]",0.3081816130781846,1.0696216175732005,0.6915410275832689,0.9227373130207643
taskonomy/segment_unsup25d,encoder.layer3.5.relu,MT,test,sub-02,linear_predictivity,5919,99,0.11416282933991688,"[0.11901935883436951, 0.12128866189621099, 0.12018499442365461, 0.10998786688299565, 0.10033326466235369]",,,,,
taskonomy/segment_unsup25d,encoder.layer3.5.relu,FST,train,sub-02,linear_predictivity,5919,171,0.041210687029992414,,"[31622.776601683796, 31622.776601683796, 31622.776601683796, 31622.776601683796, 31622.776601683796]",0.28297817205010245,1.1127637756784803,0.7168615998513891,0.955496282888314
taskonomy/segment_unsup25d,encoder.layer3.5.relu,FST,test,sub-02,linear_predictivity,5919,171,0.06705433700388151,"[0.06782489844062815, 0.07176169832277389, 0.07678513833924602, 0.06911878890241546, 0.049781161014344065]",,,,,
taskonomy/segment_unsup25d,encoder.layer3.5.relu,LO1,train,sub-02,linear_predictivity,5919,78,0.05197545698374053,,"[31622.776601683796, 31622.776601683796, 31622.776601683796, 31622.776601683796, 31622.776601683796]",0.28347038323081974,1.0981576104565796,0.7164273035054491,0.94568497871815
taskonomy/segment_unsup25d,encoder.layer3.5.relu,LO1,test,sub-02,linear_predictivity,5919,78,0.10769808761540707,"[0.10529750883274065, 0.08846303687075063, 0.11369750351617935, 0.12394649224138192, 0.10708589661598274]",,,,,
taskonomy/segment_unsup25d,encoder.layer3.5.relu,LO2,train,sub-02,linear_predictivity,5919,82,0.06603509053317405,,"[31622.776601683796, 31622.776601683796, 31622.776601683796, 31622.776601683796, 31622.776601683796]",0.2942175672722475,1.0807261668192,0.705582890598913,0.9302586673929201
taskonomy/segment_unsup25d,encoder.layer3.5.relu,LO2,test,sub-02,linear_predictivity,5919,82,0.15237055427731255,"[0.1550637742544326, 0.15209986128534272, 0.16105621427205635, 0.1520225423169898, 0.1416103792577412]",,,,,
taskonomy/segment_unsup25d,encoder.layer3.5.relu,LO3,train,sub-02,linear_predictivity,5919,124,0.030836247062534967,,"[31622.776601683796, 31622.776601683796, 31622.776601683796, 31622.776601683796, 31622.776601683796]",0.27004427520877866,1.117667631492378,0.729778042614814,0.9648968530376925
taskonomy/segment_unsup25d,encoder.layer3.5.relu,LO3,test,sub-02,linear_predictivity,5919,124,0.07008616793310354,"[0.07196817437605944, 0.06089810398907895, 0.07276907448993185, 0.08085514271641829, 0.06394034409402913]",,,,,
taskonomy/segment_unsup25d,encoder.layer3.5.relu,V7,train,sub-02,linear_predictivity,5919,88,0.04490379309446582,,"[31622.776601683796, 31622.776601683796, 31622.776601683796, 31622.776601683796, 31622.776601683796]",0.28075157236781034,1.107081200485691,0.7190604623573162,0.9512723316168092
taskonomy/segment_unsup25d,encoder.layer3.5.relu,V7,test,sub-02,linear_predictivity,5919,88,0.0664611167583579,"[0.06576328241576207, 0.06289773509667151, 0.06970660484850053, 0.08035438868579849, 0.05358357274505696]",,,,,
taskonomy/segment_unsup25d,encoder.layer3.5.relu,IP0,train,sub-02,linear_predictivity,5919,151,0.0067247085451335705,,"[100000.0, 31622.776601683796, 31622.776601683796, 100000.0, 100000.0]",0.16823587352316144,1.1377607039566513,0.8309716146780414,0.9891333609020077
taskonomy/segment_unsup25d,encoder.layer3.5.relu,IP0,test,sub-02,linear_predictivity,5919,151,0.015881928074390546,"[0.021973467729154896, -0.0008804773770256299, 0.0275230569352556, 0.019055270454624035, 0.011738322629943827]",,,,,
taskonomy/segment_unsup25d,encoder.layer3.5.relu,IP1,train,sub-02,linear_predictivity,5919,78,-0.0020077138567677817,,"[100000.0, 100000.0, 100000.0, 316227.7660168379, 100000.0]",0.08879116286640092,1.169216964848581,0.9107670493168272,0.9974620588397209
taskonomy/segment_unsup25d,encoder.layer3.5.relu,IP1,test,sub-02,linear_predictivity,5919,78,4.461979380594172e-05,"[0.004968308726420835, -0.002959348250345586, 0.0007942936880310922, 0.0026220033996460453, -0.005202158594722678]",,,,,
taskonomy/segment_unsup25d,encoder.layer3.5.relu,MIP,train,sub-02,linear_predictivity,5919,198,-0.00211982999912871,,"[100000.0, 31622.776601683796, 100000.0, 100000.0, 100000.0]",0.1343341789579396,1.1582365743281855,0.8648341089935702,0.9974876358131499
taskonomy/segment_unsup25d,encoder.layer3.5.relu,MIP,test,sub-02,linear_predictivity,5919,198,0.005222855944507705,"[0.012035219257856392, -0.016798192297158145, 0.009694456742021462, 0.016448539090054653, 0.004734256929764164]",,,,,
taskonomy/segment_unsup25d,encoder.layer3.5.relu,VIP,train,sub-02,linear_predictivity,5919,200,0.01255372597458728,,"[31622.776601683796, 31622.776601683796, 31622.776601683796, 31622.776601683796, 31622.776601683796]",0.2526992367020766,1.1321579352206628,0.7471111675942399,0.9835010489522358
taskonomy/segment_unsup25d,encoder.layer3.5.relu,VIP,test,sub-02,linear_predictivity,5919,200,0.042501014658920235,"[0.04358505158710214, 0.029375396746273683, 0.044487072365694325, 0.05734661366172512, 0.037710938933805886]",,,,,
taskonomy/segment_unsup25d,encoder.layer3.5.relu,LIPd,train,sub-02,linear_predictivity,5919,106,0.005797664618950746,,"[100000.0, 31622.776601683796, 100000.0, 100000.0, 100000.0]",0.13945509887916943,1.1562083497817213,0.8597670200047499,0.9885046833768458
taskonomy/segment_unsup25d,encoder.layer3.5.relu,LIPd,test,sub-02,linear_predictivity,5919,106,0.016463649364478816,"[0.023771393424321476, -0.0014835244091459406, 0.020410073135106475, 0.020678185942085953, 0.01894211873002611]",,,,,
taskonomy/segment_unsup25d,encoder.layer3.5.relu,LIPv,train,sub-02,linear_predictivity,5919,239,0.011929174454742016,,"[100000.0, 31622.776601683796, 31622.776601683796, 100000.0, 31622.776601683796]",0.19970336789044316,1.1397508023873226,0.7989137624443575,0.9837648422420191
taskonomy/segment_unsup25d,encoder.layer3.5.relu,LIPv,test,sub-02,linear_predictivity,5919,239,0.02839278603048822,"[0.031688258897339554, 0.02691315776869506, 0.028631632869330285, 0.02944712176570489, 0.02528375885137131]",,,,,
taskonomy/segment_unsup25d,encoder.layer3.5.relu,AIP,train,sub-02,linear_predictivity,5919,381,-0.0015813154838461877,,"[100000.0, 31622.776601683796, 100000.0, 100000.0, 100000.0]",0.13574637153822353,1.1509010329968243,0.8633100791066324,0.995548997195167
taskonomy/segment_unsup25d,encoder.layer3.5.relu,AIP,test,sub-02,linear_predictivity,5919,381,-0.007239896064910675,"[0.0016422153520047693, -0.03774546922069913, -0.000782865021490487, 0.005407565529173074, -0.004720926963541611]",,,,,
taskonomy/segment_unsup25d,encoder.layer3.5.relu,7Pm,train,sub-02,linear_predictivity,5919,37,-0.0011232409526759433,,"[100000.0, 100000.0, 100000.0, 100000.0, 100000.0]",0.10253223493310804,1.1727762051067046,0.8972733180372947,0.9977693063300894
taskonomy/segment_unsup25d,encoder.layer3.5.relu,7Pm,test,sub-02,linear_predictivity,5919,37,-0.008434907235500295,"[-0.008623784158819476, -0.001479489098664505, -0.014938347359145634, -0.007984030590424667, -0.009148884970447187]",,,,,
taskonomy/segment_unsup25d,encoder.layer3.5.relu,7PL,train,sub-02,linear_predictivity,5919,38,0.00027963127679299116,,"[100000.0, 100000.0, 100000.0, 100000.0, 100000.0]",0.10289556684987507,1.159587230734702,0.896897176552779,0.9961567278355729
taskonomy/segment_unsup25d,encoder.layer3.5.relu,7PL,test,sub-02,linear_predictivity,5919,38,0.009424172347604499,"[0.012311539444062889, 0.006147169379385072, 0.008379142517061546, 0.014849099500549497, 0.005433910896963492]",,,,,
taskonomy/segment_unsup25d,encoder.layer3.5.relu,7PC,train,sub-02,linear_predictivity,5919,234,-0.001992318490134841,,"[100000.0, 100000.0, 100000.0, 100000.0, 100000.0]",0.10246302935949766,1.164793480709809,0.8972448598130647,0.9971098779136807
taskonomy/segment_unsup25d,encoder.layer3.5.relu,7PC,test,sub-02,linear_predictivity,5919,234,0.009104496410418151,"[0.011900686908040185, 0.007621125631963663, 0.010914623564237877, 0.005207438259425762, 0.009878607688423273]",,,,,
taskonomy/segment_unsup25d,encoder.layer3.5.relu,7Am,train,sub-02,linear_predictivity,5919,232,-0.004938676115687647,,"[316227.7660168379, 100000.0, 100000.0, 100000.0, 316227.7660168379]",0.07565421779226299,1.1837953467849984,0.9242549757011356,1.0012997394258116
taskonomy/segment_unsup25d,encoder.layer3.5.relu,7Am,test,sub-02,linear_predictivity,5919,232,0.012809714449957701,"[0.005780151235009561, 0.016175643862698274, 0.01592382471212977, 0.016817227251628396, 0.009351725188322503]",,,,,
taskonomy/segment_unsup25d,encoder.layer3.5.relu,7AL,train,sub-02,linear_predictivity,5919,259,-0.003984444947247614,,"[100000.0, 100000.0, 100000.0, 100000.0, 100000.0]",0.09935115732173253,1.1730828083432132,0.9004563698722011,1.0006090708902726
taskonomy/segment_unsup25d,encoder.layer3.5.relu,7AL,test,sub-02,linear_predictivity,5919,259,0.013495449891291412,"[0.015113629754797879, 0.016020951052755313, 0.015327998734988508, 0.012753742483886311, 0.008260927430029047]",,,,,
taskonomy/segment_unsup25d,encoder.layer3.5.relu,VVC,train,sub-02,linear_predictivity,5919,159,0.019356399677703525,,"[31622.776601683796, 31622.776601683796, 31622.776601683796, 31622.776601683796, 31622.776601683796]",0.2620327885016746,1.1284816923320975,0.7377446620569951,0.975771013321283
taskonomy/segment_unsup25d,encoder.layer3.5.relu,VVC,test,sub-02,linear_predictivity,5919,159,0.05129270858422382,"[0.051347351818408264, 0.04590864459932829, 0.04429932390454951, 0.06337499799552215, 0.051533224603310876]",,,,,
taskonomy/segment_unsup25d,encoder.layer3.5.relu,VMV2,train,sub-02,linear_predictivity,5919,124,0.03231626995407424,,"[31622.776601683796, 31622.776601683796, 31622.776601683796, 31622.776601683796, 31622.776601683796]",0.27030110208924485,1.1015130475329762,0.7295077582405328,0.9634312414010372
taskonomy/segment_unsup25d,encoder.layer3.5.relu,VMV2,test,sub-02,linear_predictivity,5919,124,0.07485770800728168,"[0.0728970297352723, 0.06368288195177138, 0.058602651912431386, 0.09800791114161274, 0.08109806529532057]",,,,,
taskonomy/segment_unsup25d,encoder.layer3.5.relu,VMV3,train,sub-02,linear_predictivity,5919,113,0.03711830325338904,,"[31622.776601683796, 10000.0, 31622.776601683796, 31622.776601683796, 31622.776601683796]",0.32828290319189046,1.0981810423208365,0.6705078958905636,0.9581701929863151
taskonomy/segment_unsup25d,encoder.layer3.5.relu,VMV3,test,sub-02,linear_predictivity,5919,113,0.06260866740704658,"[0.06620967925069077, 0.049663421013057686, 0.04062935332741486, 0.08765050807493431, 0.06889037536913525]",,,,,
taskonomy/segment_unsup25d,encoder.layer3.5.relu,VMV1,train,sub-02,linear_predictivity,5919,84,0.027551258061347606,,"[31622.776601683796, 31622.776601683796, 31622.776601683796, 31622.776601683796, 31622.776601683796]",0.2648095536023608,1.1197985393473355,0.7350456169160651,0.9691216306816614
taskonomy/segment_unsup25d,encoder.layer3.5.relu,VMV1,test,sub-02,linear_predictivity,5919,84,0.03334409576981281,"[0.024020371227587045, 0.03214975732938787, 0.03255937333853977, 0.04103412590363337, 0.036956851049916]",,,,,
taskonomy/segment_unsup25d,encoder.layer3.5.relu,PHA2,train,sub-02,linear_predictivity,5919,29,0.002133356288774233,,"[100000.0, 100000.0, 100000.0, 100000.0, 100000.0]",0.10558113745737804,1.1517507802962823,0.8941950661925453,0.9937683705979323
taskonomy/segment_unsup25d,encoder.layer3.5.relu,PHA2,test,sub-02,linear_predictivity,5919,29,0.005931187686874783,"[0.005553837147619199, 0.0031099143132614446, 0.007856468724946646, 0.009204597639624614, 0.003931120608922009]",,,,,
taskonomy/segment_unsup25d,encoder.layer3.5.relu,PHA3,train,sub-02,linear_predictivity,5919,147,0.0005247579875968056,,"[31622.776601683796, 31622.776601683796, 100000.0, 31622.776601683796, 100000.0]",0.1948732272588218,1.1387963995551251,0.8052806546924545,0.9943131217235299
taskonomy/segment_unsup25d,encoder.layer3.5.relu,PHA3,test,sub-02,linear_predictivity,5919,147,0.0004711832440333106,"[0.00027810658669575564, -0.018720424391179092, 0.007258954189111386, 0.00990611844534497, 0.003633161390193535]",,,,,
taskonomy/segment_unsup25d,encoder.layer3.5.relu,PH,train,sub-02,linear_predictivity,5919,360,0.04993060394079145,,"[31622.776601683796, 31622.776601683796, 31622.776601683796, 31622.776601683796, 31622.776601683796]",0.28594905324168984,1.099088877376439,0.713819950946206,0.945742445065423
taskonomy/segment_unsup25d,encoder.layer3.5.relu,PH,test,sub-02,linear_predictivity,5919,360,0.08276944594398059,"[0.088141408945998, 0.08177301954455235, 0.08704056630532589, 0.08074579810490487, 0.07614643681912182]",,,,,
taskonomy/segment_unsup25d,encoder.layer4.0.relu,V1,train,sub-02,linear_predictivity,5919,435,0.0912649181287328,,"[10000.0, 10000.0, 10000.0, 10000.0, 10000.0]",0.5100351022654575,1.068770683033797,0.4898354358460953,0.905419776937902
taskonomy/segment_unsup25d,encoder.layer4.0.relu,V1,test,sub-02,linear_predictivity,5919,435,0.1323518317963465,"[0.12527556669062578, 0.13082789873946685, 0.14598304264982345, 0.13026034378117482, 0.1294123071206416]",,,,,
taskonomy/segment_unsup25d,encoder.layer4.0.relu,V2,train,sub-02,linear_predictivity,5919,567,0.04517493380391456,,"[31622.776601683796, 31622.776601683796, 31622.776601683796, 31622.776601683796, 31622.776601683796]",0.2681639458031098,1.1099381817561862,0.7316394191862856,0.9508109478708787
taskonomy/segment_unsup25d,encoder.layer4.0.relu,V2,test,sub-02,linear_predictivity,5919,567,0.057218323956183426,"[0.05351938762122508, 0.05209094376695999, 0.05757981258738132, 0.06039770537268986, 0.06250377043266084]",,,,,
taskonomy/segment_unsup25d,encoder.layer4.0.relu,V3,train,sub-02,linear_predictivity,5919,538,0.05076933375623533,,"[31622.776601683796, 31622.776601683796, 31622.776601683796, 31622.776601683796, 31622.776601683796]",0.2708172558101727,1.1106682054349581,0.7289821390082025,0.9450851139797557
taskonomy/segment_unsup25d,encoder.layer4.0.relu,V3,test,sub-02,linear_predictivity,5919,538,0.07858825503160236,"[0.07925795315348065, 0.07490240136734645, 0.0746697088231343, 0.07895583160838382, 0.08515538020566657]",,,,,
taskonomy/segment_unsup25d,encoder.layer4.0.relu,V4,train,sub-02,linear_predictivity,5919,630,0.04307383703415842,,"[31622.776601683796, 31622.776601683796, 31622.776601683796, 31622.776601683796, 31622.776601683796]",0.26493611391450383,1.1144789250704512,0.7348957408079936,0.9533878119860161
taskonomy/segment_unsup25d,encoder.layer4.0.relu,V4,test,sub-02,linear_predictivity,5919,630,0.04212511138701365,"[0.04552964544125061, 0.035450795533423216, 0.0315862801318748, 0.04230128857329472, 0.0557575472552249]",,,,,
taskonomy/segment_unsup25d,encoder.layer4.0.relu,V3A,train,sub-02,linear_predictivity,5919,273,0.037368906359742424,,"[31622.776601683796, 31622.776601683796, 31622.776601683796, 31622.776601683796, 31622.776601683796]",0.260162102137908,1.1246583947699431,0.7396285678283812,0.9578868066310923
taskonomy/segment_unsup25d,encoder.layer4.0.relu,V3A,test,sub-02,linear_predictivity,5919,273,0.005766421786915482,"[0.005780988650974767, -0.005579081572681639, 0.0018625104903472792, 0.017282006364406945, 0.009485685001530058]",,,,,
taskonomy/segment_unsup25d,encoder.layer4.0.relu,V3B,train,sub-02,linear_predictivity,5919,148,0.03861098367935803,,"[31622.776601683796, 31622.776601683796, 31622.776601683796, 31622.776601683796, 31622.776601683796]",0.26027433885006707,1.1381981687365712,0.7396143661280506,0.9588710705544468
taskonomy/segment_unsup25d,encoder.layer4.0.relu,V3B,test,sub-02,linear_predictivity,5919,148,-0.02513253319349181,"[-0.01243906172323705, -0.044621067879222404, -0.033674501719680956, -0.028060127637415687, -0.00686790700790296]",,,,,
taskonomy/segment_unsup25d,encoder.layer4.0.relu,V6,train,sub-02,linear_predictivity,5919,147,0.030910131226798677,,"[31622.776601683796, 31622.776601683796, 31622.776601683796, 31622.776601683796, 31622.776601683796]",0.2574334352106571,1.1332752851587642,0.7423150649144766,0.9639011028578193
taskonomy/segment_unsup25d,encoder.layer4.0.relu,V6,test,sub-02,linear_predictivity,5919,147,0.04214285711461746,"[0.04013721570745343, 0.027528911199725416, 0.046191838945810734, 0.05280119804628126, 0.044055121673816464]",,,,,
taskonomy/segment_unsup25d,encoder.layer4.0.relu,V6A,train,sub-02,linear_predictivity,5919,82,0.014223740750880485,,"[31622.776601683796, 31622.776601683796, 31622.776601683796, 31622.776601683796, 31622.776601683796]",0.23931428630652177,1.157742744807636,0.7604738753327599,0.9811849532635316
taskonomy/segment_unsup25d,encoder.layer4.0.relu,V6A,test,sub-02,linear_predictivity,5919,82,0.02217291237647434,"[0.021527920772817077, 0.011137005843751005, 0.028980127617270836, 0.0217881147828837, 0.027431392865649086]",,,,,
taskonomy/segment_unsup25d,encoder.layer4.0.relu,V7,train,sub-02,linear_predictivity,5919,88,0.04694533663735826,,"[31622.776601683796, 31622.776601683796, 31622.776601683796, 31622.776601683796, 31622.776601683796]",0.26842832474785816,1.1223640065871816,0.7314055424470187,0.9494984004716407
taskonomy/segment_unsup25d,encoder.layer4.0.relu,V7,test,sub-02,linear_predictivity,5919,88,0.05838886132238745,"[0.056138813131075355, 0.05046174369307208, 0.06328321863771817, 0.05926849745017007, 0.06279203369990155]",,,,,
taskonomy/segment_unsup25d,encoder.layer4.0.relu,V8,train,sub-02,linear_predictivity,5919,105,0.04842396944198508,,"[31622.776601683796, 31622.776601683796, 31622.776601683796, 31622.776601683796, 31622.776601683796]",0.2708536027170789,1.1146227470399812,0.7289426956357501,0.9473580504337825
taskonomy/segment_unsup25d,encoder.layer4.0.relu,V8,test,sub-02,linear_predictivity,5919,105,0.04993705883108322,"[0.049485023609225944, 0.05007416628871441, 0.04070512131430085, 0.04281990640125027, 0.06660107654192463]",,,,,
taskonomy/segment_unsup25d,encoder.layer4.0.relu,FFC,train,sub-02,linear_predictivity,5919,269,0.046707627799576684,,"[31622.776601683796, 31622.776601683796, 31622.776601683796, 31622.776601683796, 31622.776601683796]",0.2678584704450342,1.128157594057351,0.7319226846246061,0.9487853528052306
taskonomy/segment_unsup25d,encoder.layer4.0.relu,FFC,test,sub-02,linear_predictivity,5919,269,0.11430874027037959,"[0.12458158302530122, 0.11206513432621318, 0.118067677921818, 0.10863092113163654, 0.10819838494692903]",,,,,
taskonomy/segment_unsup25d,encoder.layer4.0.relu,PIT,train,sub-02,linear_predictivity,5919,110,0.06440640699298864,,"[31622.776601683796, 31622.776601683796, 31622.776601683796, 31622.776601683796, 31622.776601683796]",0.27794736363549194,1.1190807790260973,0.7218384656147451,0.9312248786278016
taskonomy/segment_unsup25d,encoder.layer4.0.relu,PIT,test,sub-02,linear_predictivity,5919,110,0.16253083029152954,"[0.17806458269656944, 0.1599898098801514, 0.15833340125328657, 0.1526699978107306, 0.1635963598169097]",,,,,
taskonomy/segment_unsup25d,encoder.layer4.0.relu,IPS1,train,sub-02,linear_predictivity,5919,212,0.022710253008515213,,"[31622.776601683796, 31622.776601683796, 31622.776601683796, 31622.776601683796, 31622.776601683796]",0.25012000625301045,1.1465949029220093,0.7496267485441539,0.9717336010424681
taskonomy/segment_unsup25d,encoder.layer4.0.relu,IPS1,test,sub-02,linear_predictivity,5919,212,0.02756182537312,"[0.028770969327667595, 0.012151296880686027, 0.03112676487439815, 0.0314319421964581, 0.03432815358639012]",,,,,
taskonomy/segment_unsup25d,encoder.layer4.0.relu,MST,train,sub-02,linear_predictivity,5919,149,0.08593228757759606,,"[31622.776601683796, 31622.776601683796, 31622.776601683796, 31622.776601683796, 31622.776601683796]",0.30430964033610286,1.0767044890432946,0.6954670770828782,0.9095795723732131
taskonomy/segment_unsup25d,encoder.layer4.0.relu,MST,test,sub-02,linear_predictivity,5919,149,0.14546296888590063,"[0.15198504845737126, 0.14826813661460006, 0.1472613981775808, 0.15174725912874035, 0.12805300205121076]",,,,,
taskonomy/segment_unsup25d,encoder.layer4.0.relu,MT,train,sub-02,linear_predictivity,5919,99,0.0760240754642451,,"[31622.776601683796, 31622.776601683796, 31622.776601683796, 31622.776601683796, 31622.776601683796]",0.3004424820504754,1.0730669595590547,0.6992699644726899,0.9181518707940336
taskonomy/segment_unsup25d,encoder.layer4.0.relu,MT,test,sub-02,linear_predictivity,5919,99,0.11681229542844482,"[0.12113748609535656, 0.12359141557285283, 0.11884060171068572, 0.1178391229721945, 0.10265285079113447]",,,,,
taskonomy/segment_unsup25d,encoder.layer4.0.relu,FST,train,sub-02,linear_predictivity,5919,171,0.04500967923047371,,"[31622.776601683796, 31622.776601683796, 31622.776601683796, 31622.776601683796, 31622.776601683796]",0.27126413062377985,1.11610423074232,0.7285812006925353,0.9517531703350877
taskonomy/segment_unsup25d,encoder.layer4.0.relu,FST,test,sub-02,linear_predictivity,5919,171,0.05769558358503091,"[0.06480476101183767, 0.048460983533452615, 0.0639015792999159, 0.06145638709367878, 0.04985420698626958]",,,,,
taskonomy/segment_unsup25d,encoder.layer4.0.relu,LO1,train,sub-02,linear_predictivity,5919,78,0.04996727177657831,,"[31622.776601683796, 31622.776601683796, 31622.776601683796, 31622.776601683796, 31622.776601683796]",0.26831929813032845,1.1167205694616034,0.7315934276244789,0.9478986114535116
taskonomy/segment_unsup25d,encoder.layer4.0.relu,LO1,test,sub-02,linear_predictivity,5919,78,0.1257368608021896,"[0.12470841888276038, 0.10683734388914104, 0.12556401287145627, 0.13109647869113036, 0.14047804967645994]",,,,,
taskonomy/segment_unsup25d,encoder.layer4.0.relu,LO2,train,sub-02,linear_predictivity,5919,82,0.06699788588629303,,"[31622.776601683796, 31622.776601683796, 31622.776601683796, 31622.776601683796, 31622.776601683796]",0.2800730826682402,1.0977356713007893,0.7197358868926378,0.9293311121743933
taskonomy/segment_unsup25d,encoder.layer4.0.relu,LO2,test,sub-02,linear_predictivity,5919,82,0.1552421427519452,"[0.16109288932560928, 0.15125481663485246, 0.1569336310268958, 0.15290624183111687, 0.15402313494125164]",,,,,
taskonomy/segment_unsup25d,encoder.layer4.0.relu,LO3,train,sub-02,linear_predictivity,5919,124,0.03080697841018201,,"[31622.776601683796, 31622.776601683796, 31622.776601683796, 31622.776601683796, 31622.776601683796]",0.25676857318257107,1.1313478744041228,0.7430544001826839,0.9649502294983969
taskonomy/segment_unsup25d,encoder.layer4.0.relu,LO3,test,sub-02,linear_predictivity,5919,124,0.0622823293982707,"[0.05981012654359174, 0.05895969799746728, 0.06402649696176833, 0.06664743160209029, 0.06196789388643584]",,,,,
taskonomy/segment_unsup25d,encoder.layer4.0.relu,V7,train,sub-02,linear_predictivity,5919,88,0.04694533663735826,,"[31622.776601683796, 31622.776601683796, 31622.776601683796, 31622.776601683796, 31622.776601683796]",0.26842832474785816,1.1223640065871816,0.7314055424470187,0.9494984004716407
taskonomy/segment_unsup25d,encoder.layer4.0.relu,V7,test,sub-02,linear_predictivity,5919,88,0.05838886132238745,"[0.056138813131075355, 0.05046174369307208, 0.06328321863771817, 0.05926849745017007, 0.06279203369990155]",,,,,
taskonomy/segment_unsup25d,encoder.layer4.0.relu,IP0,train,sub-02,linear_predictivity,5919,151,0.007305493905539962,,"[100000.0, 31622.776601683796, 100000.0, 100000.0, 100000.0]",0.13231132133965132,1.1648982240479433,0.8667975916109905,0.9889609427944819
taskonomy/segment_unsup25d,encoder.layer4.0.relu,IP0,test,sub-02,linear_predictivity,5919,151,0.009990406334602256,"[0.018877425425230753, -0.0102633641226052, 0.012261968242749537, 0.01395037535887964, 0.015125626768756551]",,,,,
taskonomy/segment_unsup25d,encoder.layer4.0.relu,IP1,train,sub-02,linear_predictivity,5919,78,3.845473818640729e-06,,"[100000.0, 100000.0, 100000.0, 316227.7660168379, 100000.0]",0.08536910022776398,1.1933019693825053,0.9142018313845492,0.9955754643328655
taskonomy/segment_unsup25d,encoder.layer4.0.relu,IP1,test,sub-02,linear_predictivity,5919,78,-0.004068819336053694,"[-0.0025026506936363033, -0.008676163161661147, -0.004153519491860715, 0.0006444263675181, -0.005656189700628404]",,,,,
taskonomy/segment_unsup25d,encoder.layer4.0.relu,MIP,train,sub-02,linear_predictivity,5919,198,0.0008621306931286113,,"[100000.0, 31622.776601683796, 100000.0, 100000.0, 100000.0]",0.12802480713647227,1.1811404651352704,0.8711914499078228,0.9946986695627318
taskonomy/segment_unsup25d,encoder.layer4.0.relu,MIP,test,sub-02,linear_predictivity,5919,198,0.0003227646730560033,"[0.004398056267865335, -0.029041205946658186, 0.00622168920233596, 0.011595208520196677, 0.008440075321540232]",,,,,
taskonomy/segment_unsup25d,encoder.layer4.0.relu,VIP,train,sub-02,linear_predictivity,5919,200,0.015068761648637517,,"[31622.776601683796, 31622.776601683796, 31622.776601683796, 31622.776601683796, 31622.776601683796]",0.24057566474273892,1.1612153512896617,0.759225067909702,0.9808951579010413
taskonomy/segment_unsup25d,encoder.layer4.0.relu,VIP,test,sub-02,linear_predictivity,5919,200,0.017602232367650468,"[0.01118598383679646, 0.008826389962092942, 0.025336647570083425, 0.02271857125382308, 0.01994356921545644]",,,,,
taskonomy/segment_unsup25d,encoder.layer4.0.relu,LIPd,train,sub-02,linear_predictivity,5919,106,0.008597154726667921,,"[100000.0, 31622.776601683796, 100000.0, 100000.0, 100000.0]",0.13536774309098937,1.1680602346771902,0.863890167065853,0.985856476736326
taskonomy/segment_unsup25d,encoder.layer4.0.relu,LIPd,test,sub-02,linear_predictivity,5919,106,0.003978278235864392,"[0.01612606510272116, -0.02902660949731239, 0.009290194402722737, 0.006026602296963909, 0.017475138874226546]",,,,,
taskonomy/segment_unsup25d,encoder.layer4.0.relu,LIPv,train,sub-02,linear_predictivity,5919,239,0.013178461209658621,,"[31622.776601683796, 31622.776601683796, 100000.0, 100000.0, 31622.776601683796]",0.19052380954166528,1.1645515779368525,0.8086112937496217,0.9826749991329645
taskonomy/segment_unsup25d,encoder.layer4.0.relu,LIPv,test,sub-02,linear_predictivity,5919,239,0.015623973577016764,"[0.012424013855851884, 0.007459527615847642, 0.01828917049231841, 0.0159192412526814, 0.02402791466838448]",,,,,
taskonomy/segment_unsup25d,encoder.layer4.0.relu,AIP,train,sub-02,linear_predictivity,5919,381,0.0005111568016873085,,"[100000.0, 100000.0, 100000.0, 100000.0, 100000.0]",0.10238669317119234,1.1743801702829495,0.8972539366441465,0.9936594597136565
taskonomy/segment_unsup25d,encoder.layer4.0.relu,AIP,test,sub-02,linear_predictivity,5919,381,-0.007960429551913496,"[-0.010255398109567961, -0.016753469111479225, -0.007123964306557975, -9.784433024624435e-05, -0.005571471901716066]",,,,,
taskonomy/segment_unsup25d,encoder.layer4.0.relu,7Pm,train,sub-02,linear_predictivity,5919,37,-0.0004976832073930042,,"[100000.0, 100000.0, 100000.0, 100000.0, 100000.0]",0.09784553854197534,1.1959672277656754,0.9019645895229225,0.9972149972208483
taskonomy/segment_unsup25d,encoder.layer4.0.relu,7Pm,test,sub-02,linear_predictivity,5919,37,-0.008771909557268738,"[-0.010186282236725134, -0.0014431988415253792, -0.007290153787214663, -0.013918095230761521, -0.011021817690116996]",,,,,
taskonomy/segment_unsup25d,encoder.layer4.0.relu,7PL,train,sub-02,linear_predictivity,5919,38,0.0012700330812929963,,"[100000.0, 100000.0, 100000.0, 100000.0, 100000.0]",0.09847115653642394,1.193665674139093,0.9013188087144874,0.9951359685553551
taskonomy/segment_unsup25d,encoder.layer4.0.relu,7PL,test,sub-02,linear_predictivity,5919,38,0.00498790301377849,"[0.004820371259164151, 0.0005278501714051467, 0.01068108728157324, 0.003473466952929155, 0.0054367394038207575]",,,,,
taskonomy/segment_unsup25d,encoder.layer4.0.relu,7PC,train,sub-02,linear_predictivity,5919,234,-0.0014258891498251278,,"[100000.0, 100000.0, 100000.0, 100000.0, 100000.0]",0.09809067577708853,1.1821640025678688,0.9016167245622227,0.9965310075460895
taskonomy/segment_unsup25d,encoder.layer4.0.relu,7PC,test,sub-02,linear_predictivity,5919,234,0.0030996039103762716,"[0.004869069236521681, 0.0006828576089229436, 0.005029450310548236, -0.0033126494872038233, 0.008229291883092321]",,,,,
taskonomy/segment_unsup25d,encoder.layer4.0.relu,7Am,train,sub-02,linear_predictivity,5919,232,-0.003598229939161306,,"[100000.0, 100000.0, 100000.0, 100000.0, 316227.7660168379]",0.08540589771490889,1.2079255728348062,0.9145702037117207,0.999962365924113
taskonomy/segment_unsup25d,encoder.layer4.0.relu,7Am,test,sub-02,linear_predictivity,5919,232,0.012917782600986253,"[0.011004020831910736, 0.014300503064258537, 0.010702214776826069, 0.01702867398768695, 0.011553500344248974]",,,,,
taskonomy/segment_unsup25d,encoder.layer4.0.relu,7AL,train,sub-02,linear_predictivity,5919,259,-0.004487061605534572,,"[100000.0, 100000.0, 100000.0, 100000.0, 100000.0]",0.09494909473649389,1.190513992480735,0.904857026086404,1.0010891750849786
taskonomy/segment_unsup25d,encoder.layer4.0.relu,7AL,test,sub-02,linear_predictivity,5919,259,0.000106615154319065,"[0.0017989924034000667, 0.0030303691570230554, -0.0014874821449088452, -0.003966180432666336, 0.0011573767887473841]",,,,,
taskonomy/segment_unsup25d,encoder.layer4.0.relu,VVC,train,sub-02,linear_predictivity,5919,159,0.020995101565774662,,"[31622.776601683796, 31622.776601683796, 31622.776601683796, 31622.776601683796, 31622.776601683796]",0.2493642433356022,1.1408248484207981,0.7504190365719771,0.9742424370959968
taskonomy/segment_unsup25d,encoder.layer4.0.relu,VVC,test,sub-02,linear_predictivity,5919,159,0.04318570424395429,"[0.045592990582791024, 0.040433667197999935, 0.03621469424922273, 0.0407166931135816, 0.05297047607617618]",,,,,
taskonomy/segment_unsup25d,encoder.layer4.0.relu,VMV2,train,sub-02,linear_predictivity,5919,124,0.03325775464759756,,"[31622.776601683796, 31622.776601683796, 31622.776601683796, 31622.776601683796, 31622.776601683796]",0.25806957349046483,1.119093999259088,0.7417482964797155,0.9627537322107094
taskonomy/segment_unsup25d,encoder.layer4.0.relu,VMV2,test,sub-02,linear_predictivity,5919,124,0.058041651433413666,"[0.05777079637137729, 0.05022674846969213, 0.05341942527602919, 0.056277883819292863, 0.07251340323067688]",,,,,
taskonomy/segment_unsup25d,encoder.layer4.0.relu,VMV3,train,sub-02,linear_predictivity,5919,113,0.05194298403840098,,"[10000.0, 10000.0, 10000.0, 31622.776601683796, 10000.0]",0.44863886265101005,1.0968321589347692,0.5496083101946471,0.9443172687069549
taskonomy/segment_unsup25d,encoder.layer4.0.relu,VMV3,test,sub-02,linear_predictivity,5919,113,0.06615461651835991,"[0.05742820878131985, 0.0671243178996076, 0.037198862539434, 0.07059208220841891, 0.09842961116301917]",,,,,
taskonomy/segment_unsup25d,encoder.layer4.0.relu,VMV1,train,sub-02,linear_predictivity,5919,84,0.022793062912981103,,"[31622.776601683796, 31622.776601683796, 31622.776601683796, 31622.776601683796, 31622.776601683796]",0.24992510167163573,1.141576409683201,0.7499346190647616,0.9738992837683206
taskonomy/segment_unsup25d,encoder.layer4.0.relu,VMV1,test,sub-02,linear_predictivity,5919,84,0.031242022214895006,"[0.026061336008837057, 0.022959193866103875, 0.0446872861832566, 0.025395805349579952, 0.03710648966669755]",,,,,
taskonomy/segment_unsup25d,encoder.layer4.0.relu,PHA2,train,sub-02,linear_predictivity,5919,29,0.0017340250565438557,,"[100000.0, 100000.0, 100000.0, 100000.0, 100000.0]",0.10114653241320785,1.167570231453706,0.8986401231368806,0.9942815298899201
taskonomy/segment_unsup25d,encoder.layer4.0.relu,PHA2,test,sub-02,linear_predictivity,5919,29,-0.006087315717127238,"[-0.005466807578193576, -0.010238883211152773, -0.0005356231781776607, -0.00575953577852707, -0.008435728839585111]",,,,,
taskonomy/segment_unsup25d,encoder.layer4.0.relu,PHA3,train,sub-02,linear_predictivity,5919,147,0.0026069651407015057,,"[31622.776601683796, 31622.776601683796, 31622.776601683796, 31622.776601683796, 100000.0]",0.21332749390377606,1.1571815404463446,0.7865618602947356,0.9923373041888667
taskonomy/segment_unsup25d,encoder.layer4.0.relu,PHA3,test,sub-02,linear_predictivity,5919,147,-0.02062633404023438,"[-0.01745748791006137, -0.03954154666384832, -0.01968711651538585, -0.022730497740266094, -0.003715021371610267]",,,,,
taskonomy/segment_unsup25d,encoder.layer4.0.relu,PH,train,sub-02,linear_predictivity,5919,360,0.05186079298647622,,"[31622.776601683796, 31622.776601683796, 31622.776601683796, 31622.776601683796, 31622.776601683796]",0.2717490733255704,1.119222148617625,0.7280508558919554,0.94432679596421
taskonomy/segment_unsup25d,encoder.layer4.0.relu,PH,test,sub-02,linear_predictivity,5919,360,0.08261637197719059,"[0.08323210820579215, 0.07699624044164045, 0.08820229108779161, 0.07989786271793439, 0.08475335743279433]",,,,,
taskonomy/segment_unsup25d,encoder.layer4.1.relu,V1,train,sub-02,linear_predictivity,5919,435,0.0882602432885536,,"[10000.0, 10000.0, 10000.0, 10000.0, 10000.0]",0.4884480399733183,1.0710105554102998,0.5114262880255598,0.9085902524242556
taskonomy/segment_unsup25d,encoder.layer4.1.relu,V1,test,sub-02,linear_predictivity,5919,435,0.12077953456568455,"[0.11474278644359157, 0.11836976595064219, 0.1304769526811453, 0.1251224429042176, 0.11518572484882621]",,,,,
taskonomy/segment_unsup25d,encoder.layer4.1.relu,V2,train,sub-02,linear_predictivity,5919,567,0.04309818223804871,,"[31622.776601683796, 31622.776601683796, 31622.776601683796, 31622.776601683796, 31622.776601683796]",0.25222376642972966,1.1081007224739614,0.7475764303884012,0.9528823296283985
taskonomy/segment_unsup25d,encoder.layer4.1.relu,V2,test,sub-02,linear_predictivity,5919,567,0.05046410735246182,"[0.04646495150908348, 0.04639383784367245, 0.04932752141007171, 0.055817977568293445, 0.054316248431188]",,,,,
taskonomy/segment_unsup25d,encoder.layer4.1.relu,V3,train,sub-02,linear_predictivity,5919,538,0.04877349710533492,,"[31622.776601683796, 31622.776601683796, 31622.776601683796, 31622.776601683796, 31622.776601683796]",0.2557579917845529,1.1107074304442648,0.7440403723316248,0.9471007769309739
taskonomy/segment_unsup25d,encoder.layer4.1.relu,V3,test,sub-02,linear_predictivity,5919,538,0.07144852868435841,"[0.0718798740807321, 0.06884551032843786, 0.06637574934478223, 0.07129245739971447, 0.07884905226812543]",,,,,
taskonomy/segment_unsup25d,encoder.layer4.1.relu,V4,train,sub-02,linear_predictivity,5919,630,0.040705752446591914,,"[31622.776601683796, 31622.776601683796, 31622.776601683796, 31622.776601683796, 31622.776601683796]",0.24934466224395782,1.115508847679859,0.7504891682464585,0.9557761974257668
taskonomy/segment_unsup25d,encoder.layer4.1.relu,V4,test,sub-02,linear_predictivity,5919,630,0.040397594164731765,"[0.04454344328907885, 0.033939328044306105, 0.029149178066747536, 0.037865481378901354, 0.05649054004462497]",,,,,
taskonomy/segment_unsup25d,encoder.layer4.1.relu,V3A,train,sub-02,linear_predictivity,5919,273,0.03721851080246166,,"[31622.776601683796, 31622.776601683796, 31622.776601683796, 31622.776601683796, 31622.776601683796]",0.24633971168229038,1.1184824667743924,0.753448938772312,0.9580686147093479
taskonomy/segment_unsup25d,encoder.layer4.1.relu,V3A,test,sub-02,linear_predictivity,5919,273,0.008868926884625405,"[0.009239302475142215, -0.0023961816560366628, 0.006010287188152288, 0.01934927763943632, 0.012141948776432864]",,,,,
taskonomy/segment_unsup25d,encoder.layer4.1.relu,V3B,train,sub-02,linear_predictivity,5919,148,0.040455832921864845,,"[31622.776601683796, 31622.776601683796, 31622.776601683796, 31622.776601683796, 31622.776601683796]",0.24740457760680962,1.1247631376873723,0.7524874223630378,0.9571404448587065
taskonomy/segment_unsup25d,encoder.layer4.1.relu,V3B,test,sub-02,linear_predictivity,5919,148,-0.02093356594710214,"[-0.006659156646936229, -0.03842973426706722, -0.02869110126876467, -0.026364444164529058, -0.00452339338821352]",,,,,
taskonomy/segment_unsup25d,encoder.layer4.1.relu,V6,train,sub-02,linear_predictivity,5919,147,0.03053210229830773,,"[31622.776601683796, 31622.776601683796, 31622.776601683796, 31622.776601683796, 31622.776601683796]",0.2430197455556775,1.1307537816538,0.7567250661447837,0.964306018160609
taskonomy/segment_unsup25d,encoder.layer4.1.relu,V6,test,sub-02,linear_predictivity,5919,147,0.03520842045477837,"[0.03072013770719124, 0.024031852224386623, 0.04377098636868889, 0.04270464214220268, 0.03481448383142241]",,,,,
taskonomy/segment_unsup25d,encoder.layer4.1.relu,V6A,train,sub-02,linear_predictivity,5919,82,0.013555322446986068,,"[31622.776601683796, 31622.776601683796, 31622.776601683796, 31622.776601683796, 31622.776601683796]",0.22427667424950695,1.1497528418718113,0.7755003212617213,0.9817683413327973
taskonomy/segment_unsup25d,encoder.layer4.1.relu,V6A,test,sub-02,linear_predictivity,5919,82,0.017384067746980657,"[0.017480729628607108, 0.005396308319887993, 0.023908159319984686, 0.01591150049152411, 0.02422364097489938]",,,,,
taskonomy/segment_unsup25d,encoder.layer4.1.relu,V7,train,sub-02,linear_predictivity,5919,88,0.046483989543407024,,"[31622.776601683796, 31622.776601683796, 31622.776601683796, 31622.776601683796, 31622.776601683796]",0.2544689864724575,1.114156269820675,0.7453706372547733,0.9501774175036293
taskonomy/segment_unsup25d,encoder.layer4.1.relu,V7,test,sub-02,linear_predictivity,5919,88,0.06186462874644331,"[0.06184648479944302, 0.05303483355617167, 0.06820665830099185, 0.058801197505255504, 0.06743396957035451]",,,,,
taskonomy/segment_unsup25d,encoder.layer4.1.relu,V8,train,sub-02,linear_predictivity,5919,105,0.0462510206724907,,"[31622.776601683796, 31622.776601683796, 31622.776601683796, 31622.776601683796, 31622.776601683796]",0.2552052905379653,1.118128556018653,0.7445882478086876,0.9495319874628368
taskonomy/segment_unsup25d,encoder.layer4.1.relu,V8,test,sub-02,linear_predictivity,5919,105,0.05372992009503417,"[0.05696281306703372, 0.05345958146445185, 0.045096930708370335, 0.04165474839827379, 0.07147552683704111]",,,,,
taskonomy/segment_unsup25d,encoder.layer4.1.relu,FFC,train,sub-02,linear_predictivity,5919,269,0.04638335953735366,,"[31622.776601683796, 31622.776601683796, 31622.776601683796, 31622.776601683796, 31622.776601683796]",0.25401522067710525,1.1248849102160938,0.745766981078681,0.9491808432686115
taskonomy/segment_unsup25d,encoder.layer4.1.relu,FFC,test,sub-02,linear_predictivity,5919,269,0.11642537024840308,"[0.12808773801880885, 0.11459841154817692, 0.11900184083909547, 0.11152690278565774, 0.10891195805027634]",,,,,
taskonomy/segment_unsup25d,encoder.layer4.1.relu,PIT,train,sub-02,linear_predictivity,5919,110,0.0639009038776915,,"[31622.776601683796, 31622.776601683796, 31622.776601683796, 31622.776601683796, 31622.776601683796]",0.26437645752743794,1.1140045589049508,0.7354116846412315,0.9318360579448572
taskonomy/segment_unsup25d,encoder.layer4.1.relu,PIT,test,sub-02,linear_predictivity,5919,110,0.1634328909469501,"[0.17899281603386713, 0.16073309631865138, 0.15839551335140697, 0.15252544628886516, 0.16651758274195985]",,,,,
taskonomy/segment_unsup25d,encoder.layer4.1.relu,IPS1,train,sub-02,linear_predictivity,5919,212,0.02249334118599057,,"[31622.776601683796, 31622.776601683796, 31622.776601683796, 31622.776601683796, 31622.776601683796]",0.23558594217885717,1.1388916163526563,0.7641533452340888,0.9719995982507568
taskonomy/segment_unsup25d,encoder.layer4.1.relu,IPS1,test,sub-02,linear_predictivity,5919,212,0.027986972894960015,"[0.03006108671711827, 0.014436536660075884, 0.03152760270509834, 0.02896900961833685, 0.034940628774170715]",,,,,
taskonomy/segment_unsup25d,encoder.layer4.1.relu,MST,train,sub-02,linear_predictivity,5919,149,0.08211598616026812,,"[31622.776601683796, 31622.776601683796, 31622.776601683796, 31622.776601683796, 31622.776601683796]",0.289644883800502,1.0756295325019554,0.7101289096192032,0.913369298444872
taskonomy/segment_unsup25d,encoder.layer4.1.relu,MST,test,sub-02,linear_predictivity,5919,149,0.1356248196565107,"[0.14600817150909673, 0.13638042113645066, 0.13757061436608028, 0.14376498147249647, 0.11439990979842914]",,,,,
taskonomy/segment_unsup25d,encoder.layer4.1.relu,MT,train,sub-02,linear_predictivity,5919,99,0.07002743815816173,,"[31622.776601683796, 31622.776601683796, 10000.0, 31622.776601683796, 31622.776601683796]",0.3260462783113878,1.069424814511565,0.6746515017789222,0.9241371852286792
taskonomy/segment_unsup25d,encoder.layer4.1.relu,MT,test,sub-02,linear_predictivity,5919,99,0.10530000423187102,"[0.11313230926413687, 0.1100598272241952, 0.10608540252841381, 0.10834745281117976, 0.08887502933142946]",,,,,
taskonomy/segment_unsup25d,encoder.layer4.1.relu,FST,train,sub-02,linear_predictivity,5919,171,0.04340780530234915,,"[31622.776601683796, 31622.776601683796, 31622.776601683796, 31622.776601683796, 31622.776601683796]",0.256937146944366,1.1128614796915404,0.7429035660942207,0.9532347090277206
taskonomy/segment_unsup25d,encoder.layer4.1.relu,FST,test,sub-02,linear_predictivity,5919,171,0.055915555370413095,"[0.06714773605782849, 0.04396410045137462, 0.06374715016048457, 0.060581241009206074, 0.04413754917317169]",,,,,
taskonomy/segment_unsup25d,encoder.layer4.1.relu,LO1,train,sub-02,linear_predictivity,5919,78,0.04817510053942439,,"[31622.776601683796, 31622.776601683796, 31622.776601683796, 31622.776601683796, 31622.776601683796]",0.2527288838096423,1.1162802333376334,0.7471938103923269,0.9498159318385209
taskonomy/segment_unsup25d,encoder.layer4.1.relu,LO1,test,sub-02,linear_predictivity,5919,78,0.12314483436024562,"[0.12253030533587765, 0.10676605822929282, 0.1210167286247317, 0.12712528849507096, 0.1382857911162549]",,,,,
taskonomy/segment_unsup25d,encoder.layer4.1.relu,LO2,train,sub-02,linear_predictivity,5919,82,0.06664105441479865,,"[31622.776601683796, 31622.776601683796, 31622.776601683796, 31622.776601683796, 31622.776601683796]",0.2668078785470376,1.0961795200648852,0.7330021290813791,0.9297273732459507
taskonomy/segment_unsup25d,encoder.layer4.1.relu,LO2,test,sub-02,linear_predictivity,5919,82,0.15069903167261364,"[0.16037035865178628, 0.1427858817823251, 0.15211250015907746, 0.14868982903569208, 0.14953658873418726]",,,,,
taskonomy/segment_unsup25d,encoder.layer4.1.relu,LO3,train,sub-02,linear_predictivity,5919,124,0.02943281488921296,,"[31622.776601683796, 31622.776601683796, 31622.776601683796, 31622.776601683796, 31622.776601683796]",0.24183132247267122,1.1262580091065337,0.7579846963813422,0.9662367574979596
taskonomy/segment_unsup25d,encoder.layer4.1.relu,LO3,test,sub-02,linear_predictivity,5919,124,0.058883937034265296,"[0.059621317841836205, 0.05562073821889852, 0.057539333493370884, 0.06319570099566828, 0.058442594621552615]",,,,,
taskonomy/segment_unsup25d,encoder.layer4.1.relu,V7,train,sub-02,linear_predictivity,5919,88,0.046483989543407024,,"[31622.776601683796, 31622.776601683796, 31622.776601683796, 31622.776601683796, 31622.776601683796]",0.2544689864724575,1.114156269820675,0.7453706372547733,0.9501774175036293
taskonomy/segment_unsup25d,encoder.layer4.1.relu,V7,test,sub-02,linear_predictivity,5919,88,0.06186462874644331,"[0.06184648479944302, 0.05303483355617167, 0.06820665830099185, 0.058801197505255504, 0.06743396957035451]",,,,,
taskonomy/segment_unsup25d,encoder.layer4.1.relu,IP0,train,sub-02,linear_predictivity,5919,151,0.010723459860614308,,"[31622.776601683796, 31622.776601683796, 31622.776601683796, 100000.0, 31622.776601683796]",0.20005027850735962,1.1521170818438662,0.7992496717766825,0.9857677486292353
taskonomy/segment_unsup25d,encoder.layer4.1.relu,IP0,test,sub-02,linear_predictivity,5919,151,0.006854109782672707,"[0.016732949082034338, -0.011683362310036187, 0.00898457504326499, 0.008749701235041494, 0.011486685863058895]",,,,,
taskonomy/segment_unsup25d,encoder.layer4.1.relu,IP1,train,sub-02,linear_predictivity,5919,78,0.0016536114838015912,,"[100000.0, 100000.0, 100000.0, 100000.0, 100000.0]",0.09127710748936813,1.1829489406082314,0.9084608888831751,0.9938530358107011
taskonomy/segment_unsup25d,encoder.layer4.1.relu,IP1,test,sub-02,linear_predictivity,5919,78,-0.006990988256655192,"[-0.0035268923603730216, -0.009882192741218467, -0.007262543859956269, -0.006318255988069228, -0.007965056333658977]",,,,,
taskonomy/segment_unsup25d,encoder.layer4.1.relu,MIP,train,sub-02,linear_predictivity,5919,198,0.001199595192593162,,"[100000.0, 31622.776601683796, 100000.0, 100000.0, 100000.0]",0.11982755962008573,1.1752171608848023,0.8794130628340383,0.9943835870866955
taskonomy/segment_unsup25d,encoder.layer4.1.relu,MIP,test,sub-02,linear_predictivity,5919,198,0.001350649239194131,"[0.005591816302791118, -0.025536047328056626, 0.0071656128971528225, 0.011094076267451066, 0.008437788056632275]",,,,,
taskonomy/segment_unsup25d,encoder.layer4.1.relu,VIP,train,sub-02,linear_predictivity,5919,200,0.013883499745514012,,"[31622.776601683796, 31622.776601683796, 31622.776601683796, 31622.776601683796, 31622.776601683796]",0.22534431897627835,1.1577486019277212,0.7744439820656267,0.9819966145103596
taskonomy/segment_unsup25d,encoder.layer4.1.relu,VIP,test,sub-02,linear_predictivity,5919,200,0.014438675056669256,"[0.006937481753989252, 0.005190680781409167, 0.023680540395523253, 0.01777895820524229, 0.018605714147182317]",,,,,
taskonomy/segment_unsup25d,encoder.layer4.1.relu,LIPd,train,sub-02,linear_predictivity,5919,106,0.008878552194075955,,"[100000.0, 31622.776601683796, 100000.0, 100000.0, 100000.0]",0.12828194791050854,1.1543751251648289,0.870995929377169,0.985627604336322
taskonomy/segment_unsup25d,encoder.layer4.1.relu,LIPd,test,sub-02,linear_predictivity,5919,106,0.004425915134162998,"[0.015525951928494649, -0.022215925654315537, 0.00941166451670379, 0.0027402288838139035, 0.016667655996118188]",,,,,
taskonomy/segment_unsup25d,encoder.layer4.1.relu,LIPv,train,sub-02,linear_predictivity,5919,239,0.01471824640478693,,"[31622.776601683796, 31622.776601683796, 31622.776601683796, 100000.0, 31622.776601683796]",0.20494961939128697,1.1584841729334008,0.7943197027083472,0.9812413567784837
taskonomy/segment_unsup25d,encoder.layer4.1.relu,LIPv,test,sub-02,linear_predictivity,5919,239,0.017907612579861863,"[0.015694155627230092, 0.013861881781549665, 0.017761397653501633, 0.011180089814813166, 0.031040538022214764]",,,,,
taskonomy/segment_unsup25d,encoder.layer4.1.relu,AIP,train,sub-02,linear_predictivity,5919,381,-0.0010898436471562924,,"[100000.0, 31622.776601683796, 100000.0, 100000.0, 100000.0]",0.12128828604054435,1.1698002388514388,0.8778387924658182,0.9951643010243225
taskonomy/segment_unsup25d,encoder.layer4.1.relu,AIP,test,sub-02,linear_predictivity,5919,381,-0.017004838428321224,"[-0.012094217488606594, -0.05162165815264091, -0.010129292773327483, -0.002591024584005525, -0.008587999143025604]",,,,,
taskonomy/segment_unsup25d,encoder.layer4.1.relu,7Pm,train,sub-02,linear_predictivity,5919,37,-0.0010004378430721978,,"[100000.0, 100000.0, 100000.0, 100000.0, 100000.0]",0.09138051978582101,1.1864561858812221,0.9084271965519989,0.9976994161913929
taskonomy/segment_unsup25d,encoder.layer4.1.relu,7Pm,test,sub-02,linear_predictivity,5919,37,-0.010266284047592614,"[-0.0112428802325332, -0.0029714979674522702, -0.007215370766100538, -0.01807776482977208, -0.011823906442104976]",,,,,
taskonomy/segment_unsup25d,encoder.layer4.1.relu,7PL,train,sub-02,linear_predictivity,5919,38,0.000964460290571217,,"[100000.0, 100000.0, 100000.0, 100000.0, 100000.0]",0.09168687426657189,1.1839657884471717,0.9081026154720627,0.9954646654930845
taskonomy/segment_unsup25d,encoder.layer4.1.relu,7PL,test,sub-02,linear_predictivity,5919,38,0.002271711399265274,"[0.001292495605157084, -0.0010720701359701805, 0.008871778428013887, -0.0026912757573494804, 0.0049576288564750605]",,,,,
taskonomy/segment_unsup25d,encoder.layer4.1.relu,7PC,train,sub-02,linear_predictivity,5919,234,-0.0021263555899391595,,"[100000.0, 100000.0, 100000.0, 100000.0, 100000.0]",0.0917293996068819,1.1806369907806242,0.9079730657611732,0.9972215287987224
taskonomy/segment_unsup25d,encoder.layer4.1.relu,7PC,test,sub-02,linear_predictivity,5919,234,0.0008807464622456254,"[0.002858952233519741, -0.0012492645510614024, 0.0011695782421768067, -0.0050682214383046065, 0.006692687824897589]",,,,,
taskonomy/segment_unsup25d,encoder.layer4.1.relu,7Am,train,sub-02,linear_predictivity,5919,232,-0.002556205824637008,,"[100000.0, 100000.0, 100000.0, 100000.0, 100000.0]",0.0915141950894663,1.195333001928056,0.9082822630647241,0.9989031554560478
taskonomy/segment_unsup25d,encoder.layer4.1.relu,7Am,test,sub-02,linear_predictivity,5919,232,0.011590878790686316,"[0.00733184019328863, 0.011024860128400144, 0.009535182969640548, 0.012623633548075745, 0.01743887711402651]",,,,,
taskonomy/segment_unsup25d,encoder.layer4.1.relu,7AL,train,sub-02,linear_predictivity,5919,259,-0.005398983547384607,,"[100000.0, 100000.0, 100000.0, 100000.0, 316227.7660168379]",0.0770261915814806,1.187786015447254,0.9227096651208416,1.0019927663362254
taskonomy/segment_unsup25d,encoder.layer4.1.relu,7AL,test,sub-02,linear_predictivity,5919,259,-0.002639046714906793,"[-0.000516296725156374, -0.00040743310481702866, -0.004221157723526111, -0.004577492927150921, -0.0034728530938835287]",,,,,
taskonomy/segment_unsup25d,encoder.layer4.1.relu,VVC,train,sub-02,linear_predictivity,5919,159,0.019957502168207342,,"[31622.776601683796, 31622.776601683796, 31622.776601683796, 31622.776601683796, 31622.776601683796]",0.23444179353029537,1.1378138372046818,0.765333487337166,0.9752366461450684
taskonomy/segment_unsup25d,encoder.layer4.1.relu,VVC,test,sub-02,linear_predictivity,5919,159,0.046586546860004074,"[0.05195993908198589, 0.04375745020114579, 0.04129515936815385, 0.03976556033829027, 0.056154625310444586]",,,,,
taskonomy/segment_unsup25d,encoder.layer4.1.relu,VMV2,train,sub-02,linear_predictivity,5919,124,0.03380589199971464,,"[10000.0, 31622.776601683796, 31622.776601683796, 31622.776601683796, 10000.0]",0.32943787366116345,1.1106726386310917,0.6703715738311459,0.9621711521342601
taskonomy/segment_unsup25d,encoder.layer4.1.relu,VMV2,test,sub-02,linear_predictivity,5919,124,0.05637710727002636,"[0.0437322970644452, 0.05356146818242574, 0.059693586650658534, 0.04873962602421837, 0.0761585584283839]",,,,,
taskonomy/segment_unsup25d,encoder.layer4.1.relu,VMV3,train,sub-02,linear_predictivity,5919,113,0.057153927730004994,,"[10000.0, 10000.0, 10000.0, 10000.0, 10000.0]",0.4722603936358644,1.0993776412594278,0.5275570507004963,0.9382947107522692
taskonomy/segment_unsup25d,encoder.layer4.1.relu,VMV3,test,sub-02,linear_predictivity,5919,113,0.07091174416154153,"[0.06956540309600762, 0.0711044053343601, 0.04721165563195571, 0.06547420134164214, 0.10120305540374207]",,,,,
taskonomy/segment_unsup25d,encoder.layer4.1.relu,VMV1,train,sub-02,linear_predictivity,5919,84,0.022901313336370535,,"[31622.776601683796, 31622.776601683796, 31622.776601683796, 31622.776601683796, 31622.776601683796]",0.23638876835287234,1.1367715721889373,0.7634644243240489,0.9737580649748212
taskonomy/segment_unsup25d,encoder.layer4.1.relu,VMV1,test,sub-02,linear_predictivity,5919,84,0.024430875355105384,"[0.01984340175240103, 0.020129153440135238, 0.040124954915798476, 0.012136419870117158, 0.029920446797075024]",,,,,
taskonomy/segment_unsup25d,encoder.layer4.1.relu,PHA2,train,sub-02,linear_predictivity,5919,29,0.00022648134112002183,,"[100000.0, 100000.0, 31622.776601683796, 100000.0, 100000.0]",0.12018865072176214,1.1545064980628514,0.8793505330114737,0.9957534649404775
taskonomy/segment_unsup25d,encoder.layer4.1.relu,PHA2,test,sub-02,linear_predictivity,5919,29,-0.01304184844398767,"[-0.007669719886889987, -0.008381981955646088, -0.032066950790602004, -0.007856179836042159, -0.009234409750758104]",,,,,
taskonomy/segment_unsup25d,encoder.layer4.1.relu,PHA3,train,sub-02,linear_predictivity,5919,147,0.00535889400504707,,"[31622.776601683796, 31622.776601683796, 31622.776601683796, 31622.776601683796, 31622.776601683796]",0.22615644316848088,1.1471037856794328,0.7736010192108039,0.9895505146689686
taskonomy/segment_unsup25d,encoder.layer4.1.relu,PHA3,test,sub-02,linear_predictivity,5919,147,-0.023506601364000707,"[-0.014842089434091389, -0.03453031056765039, -0.022399943807567196, -0.02402269671115443, -0.021737966299540144]",,,,,
taskonomy/segment_unsup25d,encoder.layer4.1.relu,PH,train,sub-02,linear_predictivity,5919,360,0.04964054663130314,,"[31622.776601683796, 31622.776601683796, 31622.776601683796, 31622.776601683796, 31622.776601683796]",0.25658276834479066,1.1144658964961476,0.7432274418733802,0.9466474423677816
taskonomy/segment_unsup25d,encoder.layer4.1.relu,PH,test,sub-02,linear_predictivity,5919,360,0.08241674140376036,"[0.0854626604481502, 0.07547180983534273, 0.08707345133534418, 0.07971330149740789, 0.0843624839025568]",,,,,
taskonomy/segment_unsup25d,encoder.layer4.2.relu,V1,train,sub-02,linear_predictivity,5919,435,0.0863939155426166,,"[10000.0, 10000.0, 10000.0, 10000.0, 10000.0]",0.46974263629362356,1.0730168242173825,0.5301253381654181,0.9104034843426726
taskonomy/segment_unsup25d,encoder.layer4.2.relu,V1,test,sub-02,linear_predictivity,5919,435,0.12390360269389702,"[0.12460349304292945, 0.11767786248515506, 0.1282574950421535, 0.12894969781870042, 0.12002946508054663]",,,,,
taskonomy/segment_unsup25d,encoder.layer4.2.relu,V2,train,sub-02,linear_predictivity,5919,567,0.040829919863382406,,"[31622.776601683796, 31622.776601683796, 31622.776601683796, 31622.776601683796, 31622.776601683796]",0.23956499508419635,1.1140928087273667,0.7602323865710826,0.9551131415749399
taskonomy/segment_unsup25d,encoder.layer4.2.relu,V2,test,sub-02,linear_predictivity,5919,567,0.04943953894981617,"[0.04630208738718691, 0.045166742823761444, 0.04822175023231245, 0.055140297305754586, 0.052366817000065465]",,,,,
taskonomy/segment_unsup25d,encoder.layer4.2.relu,V3,train,sub-02,linear_predictivity,5919,538,0.04649347609770194,,"[31622.776601683796, 31622.776601683796, 31622.776601683796, 31622.776601683796, 31622.776601683796]",0.24326987182462592,1.1162254038483428,0.7565285479561992,0.9493925268711143
taskonomy/segment_unsup25d,encoder.layer4.2.relu,V3,test,sub-02,linear_predictivity,5919,538,0.06999372998230928,"[0.07296077653481628, 0.06706217759234512, 0.06384500305932501, 0.06958099112509719, 0.07651970159996277]",,,,,
taskonomy/segment_unsup25d,encoder.layer4.2.relu,V4,train,sub-02,linear_predictivity,5919,630,0.03828337984033682,,"[31622.776601683796, 31622.776601683796, 31622.776601683796, 31622.776601683796, 31622.776601683796]",0.2362360458296046,1.1188965180527721,0.7636057356180952,0.9582761525949065
taskonomy/segment_unsup25d,encoder.layer4.2.relu,V4,test,sub-02,linear_predictivity,5919,630,0.042865590440536026,"[0.04854142568161521, 0.03664877375914241, 0.030555424836308995, 0.040728400872381706, 0.05785392705323183]",,,,,
taskonomy/segment_unsup25d,encoder.layer4.2.relu,V3A,train,sub-02,linear_predictivity,5919,273,0.0358184494284514,,"[31622.776601683796, 31622.776601683796, 31622.776601683796, 31622.776601683796, 31622.776601683796]",0.23462757647930443,1.1240403113358486,0.7651682875128282,0.9595812899544034
taskonomy/segment_unsup25d,encoder.layer4.2.relu,V3A,test,sub-02,linear_predictivity,5919,273,0.01710870053563791,"[0.017978800524402077, 0.0066977947567166156, 0.013030707261256044, 0.02865352573609257, 0.01918267439972223]",,,,,
taskonomy/segment_unsup25d,encoder.layer4.2.relu,V3B,train,sub-02,linear_predictivity,5919,148,0.04060590695286682,,"[31622.776601683796, 31622.776601683796, 31622.776601683796, 31622.776601683796, 31622.776601683796]",0.23644570314163538,1.1307376850437452,0.7634517345554264,0.9571246787881451
taskonomy/segment_unsup25d,encoder.layer4.2.relu,V3B,test,sub-02,linear_predictivity,5919,148,-0.005898279659686756,"[0.007086803779983573, -0.020092428582657713, -0.016601250157856427, -0.010441167159143488, 0.010556643821240276]",,,,,
taskonomy/segment_unsup25d,encoder.layer4.2.relu,V6,train,sub-02,linear_predictivity,5919,147,0.028939541744705127,,"[31622.776601683796, 31622.776601683796, 31622.776601683796, 31622.776601683796, 31622.776601683796]",0.23029742667630856,1.1433789009415893,0.7694395257472981,0.9658530793110293
taskonomy/segment_unsup25d,encoder.layer4.2.relu,V6,test,sub-02,linear_predictivity,5919,147,0.03084154153815053,"[0.028093216553144184, 0.02318232732054518, 0.03947503087594648, 0.037842487472992604, 0.025614645468124187]",,,,,
taskonomy/segment_unsup25d,encoder.layer4.2.relu,V6A,train,sub-02,linear_predictivity,5919,82,0.007640176892173598,,"[31622.776601683796, 100000.0, 31622.776601683796, 31622.776601683796, 100000.0]",0.1637552485293871,1.168456211450937,0.8364714966037239,0.9877274677692638
taskonomy/segment_unsup25d,encoder.layer4.2.relu,V6A,test,sub-02,linear_predictivity,5919,82,0.022974494288125723,"[0.0251833362282581, 0.01731585465236005, 0.02589428536744124, 0.023044846963731012, 0.02343414822883821]",,,,,
taskonomy/segment_unsup25d,encoder.layer4.2.relu,V7,train,sub-02,linear_predictivity,5919,88,0.04414876272518265,,"[31622.776601683796, 31622.776601683796, 31622.776601683796, 31622.776601683796, 31622.776601683796]",0.24128967321222347,1.1278734755942255,0.7585620450226768,0.9526874267294858
taskonomy/segment_unsup25d,encoder.layer4.2.relu,V7,test,sub-02,linear_predictivity,5919,88,0.07028863958379829,"[0.07027585387563656, 0.0636944502082235, 0.07211548741539915, 0.06935434367732395, 0.07600306274240826]",,,,,
taskonomy/segment_unsup25d,encoder.layer4.2.relu,V8,train,sub-02,linear_predictivity,5919,105,0.044166073469848875,,"[31622.776601683796, 31622.776601683796, 31622.776601683796, 31622.776601683796, 31622.776601683796]",0.24167519732162387,1.1246479642025646,0.7581244821213978,0.9516372780037502
taskonomy/segment_unsup25d,encoder.layer4.2.relu,V8,test,sub-02,linear_predictivity,5919,105,0.05870832438784379,"[0.06295696612280943, 0.06026207713108575, 0.04712693984247205, 0.04805898389104339, 0.07513665495180834]",,,,,
taskonomy/segment_unsup25d,encoder.layer4.2.relu,FFC,train,sub-02,linear_predictivity,5919,269,0.04283802238353774,,"[31622.776601683796, 31622.776601683796, 31622.776601683796, 31622.776601683796, 31622.776601683796]",0.24131006655156742,1.1286333581241645,0.7584699972251041,0.9526975839285944
taskonomy/segment_unsup25d,encoder.layer4.2.relu,FFC,test,sub-02,linear_predictivity,5919,269,0.1183346706985545,"[0.12977529855442319, 0.11761099938354547, 0.12166738608297013, 0.11308702350365489, 0.1095326459681788]",,,,,
taskonomy/segment_unsup25d,encoder.layer4.2.relu,PIT,train,sub-02,linear_predictivity,5919,110,0.06322726536608926,,"[31622.776601683796, 31622.776601683796, 31622.776601683796, 31622.776601683796, 31622.776601683796]",0.2538602660044815,1.1146056129695838,0.7459288064424989,0.9325463590280098
taskonomy/segment_unsup25d,encoder.layer4.2.relu,PIT,test,sub-02,linear_predictivity,5919,110,0.1598139052423383,"[0.17632033128426428, 0.1552978021633486, 0.1563392285253524, 0.14685915010999853, 0.1642530141287277]",,,,,
taskonomy/segment_unsup25d,encoder.layer4.2.relu,IPS1,train,sub-02,linear_predictivity,5919,212,0.015307883653475799,,"[31622.776601683796, 31622.776601683796, 31622.776601683796, 31622.776601683796, 31622.776601683796]",0.22003234796988594,1.1546373163753632,0.7797189227150986,0.979329157106428
taskonomy/segment_unsup25d,encoder.layer4.2.relu,IPS1,test,sub-02,linear_predictivity,5919,212,0.02578261743506462,"[0.028041212821664982, 0.015337760739991099, 0.024546361270658013, 0.027515185353164513, 0.033472566989844486]",,,,,
taskonomy/segment_unsup25d,encoder.layer4.2.relu,MST,train,sub-02,linear_predictivity,5919,149,0.07528696976997648,,"[31622.776601683796, 31622.776601683796, 31622.776601683796, 31622.776601683796, 31622.776601683796]",0.2753440870089202,1.088458633817864,0.7244195487002744,0.9200455130249212
taskonomy/segment_unsup25d,encoder.layer4.2.relu,MST,test,sub-02,linear_predictivity,5919,149,0.13978438483930064,"[0.1485728907178059, 0.1427954414568633, 0.13928013232060002, 0.15118943147850344, 0.1170840282227306]",,,,,
taskonomy/segment_unsup25d,encoder.layer4.2.relu,MT,train,sub-02,linear_predictivity,5919,99,0.06518553963796771,,"[31622.776601683796, 31622.776601683796, 31622.776601683796, 31622.776601683796, 31622.776601683796]",0.2707822659676274,1.0880636122029488,0.7289015699541092,0.9285924709791835
taskonomy/segment_unsup25d,encoder.layer4.2.relu,MT,test,sub-02,linear_predictivity,5919,99,0.10372548159726051,"[0.10913322785871388, 0.10958300737856012, 0.10339644983464309, 0.11164009237700413, 0.08487463053738135]",,,,,
taskonomy/segment_unsup25d,encoder.layer4.2.relu,FST,train,sub-02,linear_predictivity,5919,171,0.03996522638134319,,"[31622.776601683796, 31622.776601683796, 31622.776601683796, 31622.776601683796, 31622.776601683796]",0.24414610521404345,1.121147018906766,0.7556856655928191,0.956480229730763
taskonomy/segment_unsup25d,encoder.layer4.2.relu,FST,test,sub-02,linear_predictivity,5919,171,0.0644558840252933,"[0.07207650480563618, 0.056084530762170355, 0.07208780235331225, 0.06830820323041317, 0.05372237897493452]",,,,,
taskonomy/segment_unsup25d,encoder.layer4.2.relu,LO1,train,sub-02,linear_predictivity,5919,78,0.044693766228746296,,"[31622.776601683796, 31622.776601683796, 31622.776601683796, 31622.776601683796, 31622.776601683796]",0.2393355328304087,1.1201024771754435,0.7606028251072608,0.9534539622405255
taskonomy/segment_unsup25d,encoder.layer4.2.relu,LO1,test,sub-02,linear_predictivity,5919,78,0.1153146510437697,"[0.1172518355843054, 0.10074224114000539, 0.10832246991199088, 0.12211694804584354, 0.12813976053670323]",,,,,
taskonomy/segment_unsup25d,encoder.layer4.2.relu,LO2,train,sub-02,linear_predictivity,5919,82,0.06308569612170932,,"[31622.776601683796, 31622.776601683796, 31622.776601683796, 31622.776601683796, 31622.776601683796]",0.25497467561696374,1.1056368486210617,0.7448355468179704,0.9332117888777697
taskonomy/segment_unsup25d,encoder.layer4.2.relu,LO2,test,sub-02,linear_predictivity,5919,82,0.15048682926967838,"[0.15832027225944345, 0.14341854853486238, 0.1545493815418749, 0.14918616100568857, 0.14695978300652263]",,,,,
taskonomy/segment_unsup25d,encoder.layer4.2.relu,LO3,train,sub-02,linear_predictivity,5919,124,0.024722460942854987,,"[31622.776601683796, 31622.776601683796, 31622.776601683796, 31622.776601683796, 31622.776601683796]",0.22840854157565546,1.1378773817176246,0.7714033405039931,0.9708706538292402
taskonomy/segment_unsup25d,encoder.layer4.2.relu,LO3,test,sub-02,linear_predictivity,5919,124,0.05643247529151509,"[0.056655148931830074, 0.05600454081148364, 0.052319130252421395, 0.06266200497426068, 0.05452155148757968]",,,,,
taskonomy/segment_unsup25d,encoder.layer4.2.relu,V7,train,sub-02,linear_predictivity,5919,88,0.04414876272518265,,"[31622.776601683796, 31622.776601683796, 31622.776601683796, 31622.776601683796, 31622.776601683796]",0.24128967321222347,1.1278734755942255,0.7585620450226768,0.9526874267294858
taskonomy/segment_unsup25d,encoder.layer4.2.relu,V7,test,sub-02,linear_predictivity,5919,88,0.07028863958379829,"[0.07027585387563656, 0.0636944502082235, 0.07211548741539915, 0.06935434367732395, 0.07600306274240826]",,,,,
taskonomy/segment_unsup25d,encoder.layer4.2.relu,IP0,train,sub-02,linear_predictivity,5919,151,0.006407766669759614,,"[100000.0, 31622.776601683796, 100000.0, 100000.0, 100000.0]",0.11719138400144766,1.1586274976405169,0.8819972992161829,0.9900165294678811
taskonomy/segment_unsup25d,encoder.layer4.2.relu,IP0,test,sub-02,linear_predictivity,5919,151,0.0066555908441324725,"[0.01413995029390585, -0.005474225497331522, 0.003684856897725999, 0.008779565448363348, 0.012147807077998684]",,,,,
taskonomy/segment_unsup25d,encoder.layer4.2.relu,IP1,train,sub-02,linear_predictivity,5919,78,-0.0003502074079820885,,"[100000.0, 100000.0, 100000.0, 316227.7660168379, 100000.0]",0.07581813516601837,1.190645027907051,0.9237747180978685,0.9959582911797635
taskonomy/segment_unsup25d,encoder.layer4.2.relu,IP1,test,sub-02,linear_predictivity,5919,78,-0.007499462310806208,"[-0.005864192370267074, -0.011124725146121516, -0.008724380101206436, -0.003196382893608225, -0.008587631042827787]",,,,,
taskonomy/segment_unsup25d,encoder.layer4.2.relu,MIP,train,sub-02,linear_predictivity,5919,198,0.0006950855318141548,,"[100000.0, 100000.0, 100000.0, 100000.0, 100000.0]",0.08762809910222728,1.1853959080651637,0.9121331945235124,0.9950691457387079
taskonomy/segment_unsup25d,encoder.layer4.2.relu,MIP,test,sub-02,linear_predictivity,5919,198,0.0067591759283672755,"[0.004643252145702826, 0.0031057062838498036, 0.0072357735935046595, 0.010914218669122974, 0.007896928949656112]",,,,,
taskonomy/segment_unsup25d,encoder.layer4.2.relu,VIP,train,sub-02,linear_predictivity,5919,200,0.007154211611607464,,"[31622.776601683796, 31622.776601683796, 31622.776601683796, 100000.0, 31622.776601683796]",0.18697177457498007,1.17044821626116,0.8124333351495066,0.9889059727706823
taskonomy/segment_unsup25d,encoder.layer4.2.relu,VIP,test,sub-02,linear_predictivity,5919,200,0.015102001800214043,"[0.008002392132358212, 0.009531144811801576, 0.020503094589001306, 0.018384979721680846, 0.019088397746228284]",,,,,
taskonomy/segment_unsup25d,encoder.layer4.2.relu,LIPd,train,sub-02,linear_predictivity,5919,106,0.007314773040505012,,"[100000.0, 31622.776601683796, 100000.0, 100000.0, 100000.0]",0.12170757740192668,1.1605138761436513,0.87759130180788,0.9871080238597102
taskonomy/segment_unsup25d,encoder.layer4.2.relu,LIPd,test,sub-02,linear_predictivity,5919,106,0.00802918015433247,"[0.01587342286936204, -0.009416613800543192, 0.010808595024122078, 0.003954794344722073, 0.018925702333999355]",,,,,
taskonomy/segment_unsup25d,encoder.layer4.2.relu,LIPv,train,sub-02,linear_predictivity,5919,239,0.012344695433656872,,"[100000.0, 31622.776601683796, 100000.0, 100000.0, 100000.0]",0.12318358463585777,1.1685654015976001,0.8761115369537572,0.9837904043932877
taskonomy/segment_unsup25d,encoder.layer4.2.relu,LIPv,test,sub-02,linear_predictivity,5919,239,0.022611527690180638,"[0.02511760141077435, 0.024875891143707307, 0.019533758169411088, 0.013069284238840819, 0.03046110348816963]",,,,,
taskonomy/segment_unsup25d,encoder.layer4.2.relu,AIP,train,sub-02,linear_predictivity,5919,381,-0.0008551285215925526,,"[100000.0, 100000.0, 100000.0, 100000.0, 100000.0]",0.09051893023067607,1.1710935520752472,0.9091222303909735,0.9950514553480128
taskonomy/segment_unsup25d,encoder.layer4.2.relu,AIP,test,sub-02,linear_predictivity,5919,381,-0.0141300260905739,"[-0.015141828585083115, -0.021315595609183866, -0.014627812894675811, -0.007345381172499497, -0.012219512191427211]",,,,,
taskonomy/segment_unsup25d,encoder.layer4.2.relu,7Pm,train,sub-02,linear_predictivity,5919,37,-0.0027990756690279136,,"[100000.0, 100000.0, 316227.7660168379, 100000.0, 100000.0]",0.0763219784974685,1.1892394088395069,0.923315510165858,0.9995233474430842
taskonomy/segment_unsup25d,encoder.layer4.2.relu,7Pm,test,sub-02,linear_predictivity,5919,37,-0.009798895750005417,"[-0.012009035187703045, -0.0014347114678582296, -0.003494146435774266, -0.019040319858271256, -0.013016265800420295]",,,,,
taskonomy/segment_unsup25d,encoder.layer4.2.relu,7PL,train,sub-02,linear_predictivity,5919,38,-0.0004468964496351213,,"[100000.0, 100000.0, 100000.0, 100000.0, 100000.0]",0.08652794532583767,1.1888589291712328,0.9132633475921269,0.9968917237308267
taskonomy/segment_unsup25d,encoder.layer4.2.relu,7PL,test,sub-02,linear_predictivity,5919,38,-0.0009905860914511864,"[-0.002574872265962892, -0.0013817807467229983, 0.0054779175550050815, -0.006679910000449602, 0.0002057150008744799]",,,,,
taskonomy/segment_unsup25d,encoder.layer4.2.relu,7PC,train,sub-02,linear_predictivity,5919,234,-0.003054550870920337,,"[100000.0, 100000.0, 100000.0, 100000.0, 100000.0]",0.086728901534448,1.1901067151121134,0.9129705045125208,0.99810611133583
taskonomy/segment_unsup25d,encoder.layer4.2.relu,7PC,test,sub-02,linear_predictivity,5919,234,0.001071173255031336,"[0.0034256265324391945, -0.0011884679593651788, 0.0005206301554835402, -0.004779631366185781, 0.007377708912784905]",,,,,
taskonomy/segment_unsup25d,encoder.layer4.2.relu,7Am,train,sub-02,linear_predictivity,5919,232,-0.004717351118514198,,"[316227.7660168379, 100000.0, 100000.0, 100000.0, 100000.0]",0.0760310512909345,1.2116754228117668,0.9237021896079037,1.0010233423859958
taskonomy/segment_unsup25d,encoder.layer4.2.relu,7Am,test,sub-02,linear_predictivity,5919,232,0.010660042811674032,"[0.004137823574154831, 0.012671753940060742, 0.008373082242044895, 0.012054584816666169, 0.01606296948544352]",,,,,
taskonomy/segment_unsup25d,encoder.layer4.2.relu,7AL,train,sub-02,linear_predictivity,5919,259,-0.006580580955622444,,"[316227.7660168379, 100000.0, 316227.7660168379, 100000.0, 316227.7660168379]",0.05153698556577695,1.1993728445906913,0.9483258364726627,1.003195454638521
taskonomy/segment_unsup25d,encoder.layer4.2.relu,7AL,test,sub-02,linear_predictivity,5919,259,-0.0034203393695370634,"[-0.0006386302624214517, -0.002530443688178057, -0.004280885509060788, -0.005048968039557123, -0.004602769348467897]",,,,,
taskonomy/segment_unsup25d,encoder.layer4.2.relu,VVC,train,sub-02,linear_predictivity,5919,159,0.01671985839145969,,"[31622.776601683796, 31622.776601683796, 31622.776601683796, 31622.776601683796, 31622.776601683796]",0.22080680400406383,1.1443419686470218,0.7789649239328766,0.9784161092450201
taskonomy/segment_unsup25d,encoder.layer4.2.relu,VVC,test,sub-02,linear_predictivity,5919,159,0.049502708427605235,"[0.05619374298099386, 0.04927477888000885, 0.04148990753960558, 0.04362955220222909, 0.05692556053518881]",,,,,
taskonomy/segment_unsup25d,encoder.layer4.2.relu,VMV2,train,sub-02,linear_predictivity,5919,124,0.028885118705353586,,"[10000.0, 31622.776601683796, 31622.776601683796, 31622.776601683796, 10000.0]",0.3129052660886609,1.1198458018282558,0.6869066192704801,0.9670689504054941
taskonomy/segment_unsup25d,encoder.layer4.2.relu,VMV2,test,sub-02,linear_predictivity,5919,124,0.0566795842541046,"[0.050164384868670746, 0.05735094078972339, 0.05380196072877963, 0.047943351084346594, 0.07413728379900265]",,,,,
taskonomy/segment_unsup25d,encoder.layer4.2.relu,VMV3,train,sub-02,linear_predictivity,5919,113,0.05114103043013314,,"[10000.0, 10000.0, 10000.0, 10000.0, 10000.0]",0.4504404857672971,1.1088278183321267,0.5493878200716933,0.9444419983442345
taskonomy/segment_unsup25d,encoder.layer4.2.relu,VMV3,test,sub-02,linear_predictivity,5919,113,0.08410912040631609,"[0.08732094785523228, 0.09631764705238394, 0.04580911247656127, 0.08135796490115965, 0.10973992974624323]",,,,,
taskonomy/segment_unsup25d,encoder.layer4.2.relu,VMV1,train,sub-02,linear_predictivity,5919,84,0.02203129485550656,,"[31622.776601683796, 31622.776601683796, 31622.776601683796, 31622.776601683796, 31622.776601683796]",0.22478755824644114,1.143534196913206,0.7750655518330393,0.9746647362508254
taskonomy/segment_unsup25d,encoder.layer4.2.relu,VMV1,test,sub-02,linear_predictivity,5919,84,0.020274723114032268,"[0.015228820733385802, 0.0174805196041881, 0.034576720474986215, 0.007775433264622282, 0.026312121492978943]",,,,,
taskonomy/segment_unsup25d,encoder.layer4.2.relu,PHA2,train,sub-02,linear_predictivity,5919,29,0.0003010508906810062,,"[100000.0, 100000.0, 100000.0, 100000.0, 100000.0]",0.08890394280391611,1.1692133314154867,0.9108793354291489,0.9957279779959128
taskonomy/segment_unsup25d,encoder.layer4.2.relu,PHA2,test,sub-02,linear_predictivity,5919,29,-0.007153934841366378,"[-0.00912273970810814, -0.007026045920285486, -0.0037472221730219975, -0.007290930301286745, -0.008582736104129525]",,,,,
taskonomy/segment_unsup25d,encoder.layer4.2.relu,PHA3,train,sub-02,linear_predictivity,5919,147,-0.0008089025625935532,,"[31622.776601683796, 31622.776601683796, 100000.0, 31622.776601683796, 100000.0]",0.16367451748339384,1.1634650537486122,0.8364013077980147,0.9955935129722044
taskonomy/segment_unsup25d,encoder.layer4.2.relu,PHA3,test,sub-02,linear_predictivity,5919,147,-0.01849445265512815,"[-0.01857711751058319, -0.034735606447952476, -0.006720266700437356, -0.026921432614886946, -0.005517840001780796]",,,,,
taskonomy/segment_unsup25d,encoder.layer4.2.relu,PH,train,sub-02,linear_predictivity,5919,360,0.04728050184053984,,"[31622.776601683796, 31622.776601683796, 31622.776601683796, 31622.776601683796, 31622.776601683796]",0.24461369668811636,1.1119571500618517,0.75519849933339,0.9489969082054855
taskonomy/segment_unsup25d,encoder.layer4.2.relu,PH,test,sub-02,linear_predictivity,5919,360,0.08056563474986678,"[0.08534212029899951, 0.07429060422121239, 0.08296467128973384, 0.07884873060680045, 0.08138204733258769]",,,,,
