model,layer,roi,split,subject,n_features_1_model,n_features_2_brain,metric,score
taskonomy/room_layout,encoder.layer1.0.relu,V1,train,sub-09,5919,641,rsa,0.05331198498606682
taskonomy/room_layout,encoder.layer1.0.relu,V2,train,sub-09,5919,754,rsa,0.0387713648378849
taskonomy/room_layout,encoder.layer1.0.relu,V3,train,sub-09,5919,575,rsa,0.02732081338763237
taskonomy/room_layout,encoder.layer1.0.relu,V4,train,sub-09,5919,616,rsa,0.03233477845788002
taskonomy/room_layout,encoder.layer1.0.relu,V3A,train,sub-09,5919,270,rsa,0.015943216159939766
taskonomy/room_layout,encoder.layer1.0.relu,V3B,train,sub-09,5919,148,rsa,0.011098556220531464
taskonomy/room_layout,encoder.layer1.0.relu,V6,train,sub-09,5919,104,rsa,0.009929538704454899
taskonomy/room_layout,encoder.layer1.0.relu,V6A,train,sub-09,5919,85,rsa,0.015153272077441216
taskonomy/room_layout,encoder.layer1.0.relu,V7,train,sub-09,5919,87,rsa,0.020940231159329414
taskonomy/room_layout,encoder.layer1.0.relu,V8,train,sub-09,5919,101,rsa,0.020620673894882202
taskonomy/room_layout,encoder.layer1.0.relu,FFC,train,sub-09,5919,263,rsa,0.03170628845691681
taskonomy/room_layout,encoder.layer1.0.relu,PIT,train,sub-09,5919,123,rsa,0.019372262060642242
taskonomy/room_layout,encoder.layer1.0.relu,IPS1,train,sub-09,5919,243,rsa,0.016887152567505836
taskonomy/room_layout,encoder.layer1.0.relu,MST,train,sub-09,5919,149,rsa,0.024783099070191383
taskonomy/room_layout,encoder.layer1.0.relu,MT,train,sub-09,5919,100,rsa,0.02491455338895321
taskonomy/room_layout,encoder.layer1.0.relu,FST,train,sub-09,5919,156,rsa,0.017235953360795975
taskonomy/room_layout,encoder.layer1.0.relu,LO1,train,sub-09,5919,79,rsa,0.015787111595273018
taskonomy/room_layout,encoder.layer1.0.relu,LO2,train,sub-09,5919,80,rsa,0.015727592632174492
taskonomy/room_layout,encoder.layer1.0.relu,LO3,train,sub-09,5919,125,rsa,0.027366040274500847
taskonomy/room_layout,encoder.layer1.0.relu,V7,train,sub-09,5919,87,rsa,0.020940231159329414
taskonomy/room_layout,encoder.layer1.0.relu,IP0,train,sub-09,5919,198,rsa,0.01316926907747984
taskonomy/room_layout,encoder.layer1.0.relu,IP1,train,sub-09,5919,114,rsa,0.008904713205993176
taskonomy/room_layout,encoder.layer1.0.relu,MIP,train,sub-09,5919,280,rsa,0.015537439845502377
taskonomy/room_layout,encoder.layer1.0.relu,VIP,train,sub-09,5919,180,rsa,0.01083791721612215
taskonomy/room_layout,encoder.layer1.0.relu,LIPd,train,sub-09,5919,69,rsa,0.0051876758225262165
taskonomy/room_layout,encoder.layer1.0.relu,LIPv,train,sub-09,5919,239,rsa,0.008997888304293156
taskonomy/room_layout,encoder.layer1.0.relu,AIP,train,sub-09,5919,275,rsa,0.007947840727865696
taskonomy/room_layout,encoder.layer1.0.relu,7Pm,train,sub-09,5919,17,rsa,0.0005171013763174415
taskonomy/room_layout,encoder.layer1.0.relu,7PL,train,sub-09,5919,133,rsa,0.007415761239826679
taskonomy/room_layout,encoder.layer1.0.relu,7PC,train,sub-09,5919,315,rsa,0.00913938321173191
taskonomy/room_layout,encoder.layer1.0.relu,7Am,train,sub-09,5919,228,rsa,0.009754144586622715
taskonomy/room_layout,encoder.layer1.0.relu,7AL,train,sub-09,5919,178,rsa,0.004502810072153807
taskonomy/room_layout,encoder.layer1.0.relu,VVC,train,sub-09,5919,151,rsa,0.02264915034174919
taskonomy/room_layout,encoder.layer1.0.relu,VMV2,train,sub-09,5919,119,rsa,0.026653718203306198
taskonomy/room_layout,encoder.layer1.0.relu,VMV3,train,sub-09,5919,109,rsa,0.013357240706682205
taskonomy/room_layout,encoder.layer1.0.relu,VMV1,train,sub-09,5919,96,rsa,0.019731979817152023
taskonomy/room_layout,encoder.layer1.0.relu,PHA2,train,sub-09,5919,17,rsa,-0.0004730720538645983
taskonomy/room_layout,encoder.layer1.0.relu,PHA3,train,sub-09,5919,104,rsa,0.010664526373147964
taskonomy/room_layout,encoder.layer1.0.relu,PH,train,sub-09,5919,258,rsa,0.028840066865086555
taskonomy/room_layout,encoder.layer1.1.relu,V1,train,sub-09,5919,641,rsa,0.04582745581865311
taskonomy/room_layout,encoder.layer1.1.relu,V2,train,sub-09,5919,754,rsa,0.03565673530101776
taskonomy/room_layout,encoder.layer1.1.relu,V3,train,sub-09,5919,575,rsa,0.025326497852802277
taskonomy/room_layout,encoder.layer1.1.relu,V4,train,sub-09,5919,616,rsa,0.028653789311647415
taskonomy/room_layout,encoder.layer1.1.relu,V3A,train,sub-09,5919,270,rsa,0.014399465173482895
taskonomy/room_layout,encoder.layer1.1.relu,V3B,train,sub-09,5919,148,rsa,0.010412106290459633
taskonomy/room_layout,encoder.layer1.1.relu,V6,train,sub-09,5919,104,rsa,0.007038341369479895
taskonomy/room_layout,encoder.layer1.1.relu,V6A,train,sub-09,5919,85,rsa,0.012348780408501625
taskonomy/room_layout,encoder.layer1.1.relu,V7,train,sub-09,5919,87,rsa,0.01841648668050766
taskonomy/room_layout,encoder.layer1.1.relu,V8,train,sub-09,5919,101,rsa,0.018257999792695045
taskonomy/room_layout,encoder.layer1.1.relu,FFC,train,sub-09,5919,263,rsa,0.02721593901515007
taskonomy/room_layout,encoder.layer1.1.relu,PIT,train,sub-09,5919,123,rsa,0.01625552773475647
taskonomy/room_layout,encoder.layer1.1.relu,IPS1,train,sub-09,5919,243,rsa,0.016239823773503304
taskonomy/room_layout,encoder.layer1.1.relu,MST,train,sub-09,5919,149,rsa,0.020989196375012398
taskonomy/room_layout,encoder.layer1.1.relu,MT,train,sub-09,5919,100,rsa,0.020466182380914688
taskonomy/room_layout,encoder.layer1.1.relu,FST,train,sub-09,5919,156,rsa,0.01518404483795166
taskonomy/room_layout,encoder.layer1.1.relu,LO1,train,sub-09,5919,79,rsa,0.012387079186737537
taskonomy/room_layout,encoder.layer1.1.relu,LO2,train,sub-09,5919,80,rsa,0.01306464895606041
taskonomy/room_layout,encoder.layer1.1.relu,LO3,train,sub-09,5919,125,rsa,0.024100065231323242
taskonomy/room_layout,encoder.layer1.1.relu,V7,train,sub-09,5919,87,rsa,0.01841648668050766
taskonomy/room_layout,encoder.layer1.1.relu,IP0,train,sub-09,5919,198,rsa,0.01180002186447382
taskonomy/room_layout,encoder.layer1.1.relu,IP1,train,sub-09,5919,114,rsa,0.00759393023326993
taskonomy/room_layout,encoder.layer1.1.relu,MIP,train,sub-09,5919,280,rsa,0.013243982568383217
taskonomy/room_layout,encoder.layer1.1.relu,VIP,train,sub-09,5919,180,rsa,0.009768886491656303
taskonomy/room_layout,encoder.layer1.1.relu,LIPd,train,sub-09,5919,69,rsa,0.004282260779291391
taskonomy/room_layout,encoder.layer1.1.relu,LIPv,train,sub-09,5919,239,rsa,0.006819236557930708
taskonomy/room_layout,encoder.layer1.1.relu,AIP,train,sub-09,5919,275,rsa,0.006950369570404291
taskonomy/room_layout,encoder.layer1.1.relu,7Pm,train,sub-09,5919,17,rsa,0.00021261211077217013
taskonomy/room_layout,encoder.layer1.1.relu,7PL,train,sub-09,5919,133,rsa,0.006533324718475342
taskonomy/room_layout,encoder.layer1.1.relu,7PC,train,sub-09,5919,315,rsa,0.008252134546637535
taskonomy/room_layout,encoder.layer1.1.relu,7Am,train,sub-09,5919,228,rsa,0.008164003491401672
taskonomy/room_layout,encoder.layer1.1.relu,7AL,train,sub-09,5919,178,rsa,0.0039251032285392284
taskonomy/room_layout,encoder.layer1.1.relu,VVC,train,sub-09,5919,151,rsa,0.019337033852934837
taskonomy/room_layout,encoder.layer1.1.relu,VMV2,train,sub-09,5919,119,rsa,0.023231105878949165
taskonomy/room_layout,encoder.layer1.1.relu,VMV3,train,sub-09,5919,109,rsa,0.010759868659079075
taskonomy/room_layout,encoder.layer1.1.relu,VMV1,train,sub-09,5919,96,rsa,0.01737247407436371
taskonomy/room_layout,encoder.layer1.1.relu,PHA2,train,sub-09,5919,17,rsa,-2.039949322352186e-05
taskonomy/room_layout,encoder.layer1.1.relu,PHA3,train,sub-09,5919,104,rsa,0.009692342951893806
taskonomy/room_layout,encoder.layer1.1.relu,PH,train,sub-09,5919,258,rsa,0.02559807151556015
taskonomy/room_layout,encoder.layer1.2.relu,V1,train,sub-09,5919,641,rsa,0.03865055739879608
taskonomy/room_layout,encoder.layer1.2.relu,V2,train,sub-09,5919,754,rsa,0.03138125687837601
taskonomy/room_layout,encoder.layer1.2.relu,V3,train,sub-09,5919,575,rsa,0.022018708288669586
taskonomy/room_layout,encoder.layer1.2.relu,V4,train,sub-09,5919,616,rsa,0.024428920820355415
taskonomy/room_layout,encoder.layer1.2.relu,V3A,train,sub-09,5919,270,rsa,0.013051105663180351
taskonomy/room_layout,encoder.layer1.2.relu,V3B,train,sub-09,5919,148,rsa,0.009004692547023296
taskonomy/room_layout,encoder.layer1.2.relu,V6,train,sub-09,5919,104,rsa,0.005415052641183138
taskonomy/room_layout,encoder.layer1.2.relu,V6A,train,sub-09,5919,85,rsa,0.010199660435318947
taskonomy/room_layout,encoder.layer1.2.relu,V7,train,sub-09,5919,87,rsa,0.01674669235944748
taskonomy/room_layout,encoder.layer1.2.relu,V8,train,sub-09,5919,101,rsa,0.015112997964024544
taskonomy/room_layout,encoder.layer1.2.relu,FFC,train,sub-09,5919,263,rsa,0.02270887792110443
taskonomy/room_layout,encoder.layer1.2.relu,PIT,train,sub-09,5919,123,rsa,0.013763215392827988
taskonomy/room_layout,encoder.layer1.2.relu,IPS1,train,sub-09,5919,243,rsa,0.014421339146792889
taskonomy/room_layout,encoder.layer1.2.relu,MST,train,sub-09,5919,149,rsa,0.01752939075231552
taskonomy/room_layout,encoder.layer1.2.relu,MT,train,sub-09,5919,100,rsa,0.017128733918070793
taskonomy/room_layout,encoder.layer1.2.relu,FST,train,sub-09,5919,156,rsa,0.012107117101550102
taskonomy/room_layout,encoder.layer1.2.relu,LO1,train,sub-09,5919,79,rsa,0.01059141755104065
taskonomy/room_layout,encoder.layer1.2.relu,LO2,train,sub-09,5919,80,rsa,0.010663078166544437
taskonomy/room_layout,encoder.layer1.2.relu,LO3,train,sub-09,5919,125,rsa,0.02070320025086403
taskonomy/room_layout,encoder.layer1.2.relu,V7,train,sub-09,5919,87,rsa,0.01674669235944748
taskonomy/room_layout,encoder.layer1.2.relu,IP0,train,sub-09,5919,198,rsa,0.009751785546541214
taskonomy/room_layout,encoder.layer1.2.relu,IP1,train,sub-09,5919,114,rsa,0.0063452450558543205
taskonomy/room_layout,encoder.layer1.2.relu,MIP,train,sub-09,5919,280,rsa,0.010141455568373203
taskonomy/room_layout,encoder.layer1.2.relu,VIP,train,sub-09,5919,180,rsa,0.00869943667203188
taskonomy/room_layout,encoder.layer1.2.relu,LIPd,train,sub-09,5919,69,rsa,0.0033348153810948133
taskonomy/room_layout,encoder.layer1.2.relu,LIPv,train,sub-09,5919,239,rsa,0.00639805244281888
taskonomy/room_layout,encoder.layer1.2.relu,AIP,train,sub-09,5919,275,rsa,0.005800365470349789
taskonomy/room_layout,encoder.layer1.2.relu,7Pm,train,sub-09,5919,17,rsa,2.410242086625658e-05
taskonomy/room_layout,encoder.layer1.2.relu,7PL,train,sub-09,5919,133,rsa,0.00500526325777173
taskonomy/room_layout,encoder.layer1.2.relu,7PC,train,sub-09,5919,315,rsa,0.007011220790445805
taskonomy/room_layout,encoder.layer1.2.relu,7Am,train,sub-09,5919,228,rsa,0.006152132526040077
taskonomy/room_layout,encoder.layer1.2.relu,7AL,train,sub-09,5919,178,rsa,0.002776416717097163
taskonomy/room_layout,encoder.layer1.2.relu,VVC,train,sub-09,5919,151,rsa,0.0158474650233984
taskonomy/room_layout,encoder.layer1.2.relu,VMV2,train,sub-09,5919,119,rsa,0.02014443837106228
taskonomy/room_layout,encoder.layer1.2.relu,VMV3,train,sub-09,5919,109,rsa,0.009109489619731903
taskonomy/room_layout,encoder.layer1.2.relu,VMV1,train,sub-09,5919,96,rsa,0.014083066955208778
taskonomy/room_layout,encoder.layer1.2.relu,PHA2,train,sub-09,5919,17,rsa,6.915249105077237e-05
taskonomy/room_layout,encoder.layer1.2.relu,PHA3,train,sub-09,5919,104,rsa,0.008253782987594604
taskonomy/room_layout,encoder.layer1.2.relu,PH,train,sub-09,5919,258,rsa,0.02084496058523655
taskonomy/room_layout,encoder.layer2.0.relu,V1,train,sub-09,5919,641,rsa,0.04000859335064888
taskonomy/room_layout,encoder.layer2.0.relu,V2,train,sub-09,5919,754,rsa,0.03414539620280266
taskonomy/room_layout,encoder.layer2.0.relu,V3,train,sub-09,5919,575,rsa,0.02456549182534218
taskonomy/room_layout,encoder.layer2.0.relu,V4,train,sub-09,5919,616,rsa,0.027088958770036697
taskonomy/room_layout,encoder.layer2.0.relu,V3A,train,sub-09,5919,270,rsa,0.01594099961221218
taskonomy/room_layout,encoder.layer2.0.relu,V3B,train,sub-09,5919,148,rsa,0.010892781428992748
taskonomy/room_layout,encoder.layer2.0.relu,V6,train,sub-09,5919,104,rsa,0.00783325731754303
taskonomy/room_layout,encoder.layer2.0.relu,V6A,train,sub-09,5919,85,rsa,0.01340859942138195
taskonomy/room_layout,encoder.layer2.0.relu,V7,train,sub-09,5919,87,rsa,0.01929045468568802
taskonomy/room_layout,encoder.layer2.0.relu,V8,train,sub-09,5919,101,rsa,0.016493676230311394
taskonomy/room_layout,encoder.layer2.0.relu,FFC,train,sub-09,5919,263,rsa,0.024912331253290176
taskonomy/room_layout,encoder.layer2.0.relu,PIT,train,sub-09,5919,123,rsa,0.01510655041784048
taskonomy/room_layout,encoder.layer2.0.relu,IPS1,train,sub-09,5919,243,rsa,0.016802266240119934
taskonomy/room_layout,encoder.layer2.0.relu,MST,train,sub-09,5919,149,rsa,0.020125923678278923
taskonomy/room_layout,encoder.layer2.0.relu,MT,train,sub-09,5919,100,rsa,0.019643330946564674
taskonomy/room_layout,encoder.layer2.0.relu,FST,train,sub-09,5919,156,rsa,0.013283421285450459
taskonomy/room_layout,encoder.layer2.0.relu,LO1,train,sub-09,5919,79,rsa,0.01203321572393179
taskonomy/room_layout,encoder.layer2.0.relu,LO2,train,sub-09,5919,80,rsa,0.011432327330112457
taskonomy/room_layout,encoder.layer2.0.relu,LO3,train,sub-09,5919,125,rsa,0.023316625505685806
taskonomy/room_layout,encoder.layer2.0.relu,V7,train,sub-09,5919,87,rsa,0.01929045468568802
taskonomy/room_layout,encoder.layer2.0.relu,IP0,train,sub-09,5919,198,rsa,0.011168224737048149
taskonomy/room_layout,encoder.layer2.0.relu,IP1,train,sub-09,5919,114,rsa,0.006627742666751146
taskonomy/room_layout,encoder.layer2.0.relu,MIP,train,sub-09,5919,280,rsa,0.012382451444864273
taskonomy/room_layout,encoder.layer2.0.relu,VIP,train,sub-09,5919,180,rsa,0.011100842617452145
taskonomy/room_layout,encoder.layer2.0.relu,LIPd,train,sub-09,5919,69,rsa,0.003514511277899146
taskonomy/room_layout,encoder.layer2.0.relu,LIPv,train,sub-09,5919,239,rsa,0.007960407063364983
taskonomy/room_layout,encoder.layer2.0.relu,AIP,train,sub-09,5919,275,rsa,0.006781747564673424
taskonomy/room_layout,encoder.layer2.0.relu,7Pm,train,sub-09,5919,17,rsa,0.0005907253944315016
taskonomy/room_layout,encoder.layer2.0.relu,7PL,train,sub-09,5919,133,rsa,0.006692160852253437
taskonomy/room_layout,encoder.layer2.0.relu,7PC,train,sub-09,5919,315,rsa,0.008498799987137318
taskonomy/room_layout,encoder.layer2.0.relu,7Am,train,sub-09,5919,228,rsa,0.008052445948123932
taskonomy/room_layout,encoder.layer2.0.relu,7AL,train,sub-09,5919,178,rsa,0.003846805775538087
taskonomy/room_layout,encoder.layer2.0.relu,VVC,train,sub-09,5919,151,rsa,0.018596727401018143
taskonomy/room_layout,encoder.layer2.0.relu,VMV2,train,sub-09,5919,119,rsa,0.023706398904323578
taskonomy/room_layout,encoder.layer2.0.relu,VMV3,train,sub-09,5919,109,rsa,0.010652314871549606
taskonomy/room_layout,encoder.layer2.0.relu,VMV1,train,sub-09,5919,96,rsa,0.017677325755357742
taskonomy/room_layout,encoder.layer2.0.relu,PHA2,train,sub-09,5919,17,rsa,0.0005317310569807887
taskonomy/room_layout,encoder.layer2.0.relu,PHA3,train,sub-09,5919,104,rsa,0.011421997100114822
taskonomy/room_layout,encoder.layer2.0.relu,PH,train,sub-09,5919,258,rsa,0.02301558293402195
taskonomy/room_layout,encoder.layer2.1.relu,V1,train,sub-09,5919,641,rsa,0.033602215349674225
taskonomy/room_layout,encoder.layer2.1.relu,V2,train,sub-09,5919,754,rsa,0.03079121746122837
taskonomy/room_layout,encoder.layer2.1.relu,V3,train,sub-09,5919,575,rsa,0.022068453952670097
taskonomy/room_layout,encoder.layer2.1.relu,V4,train,sub-09,5919,616,rsa,0.023402146995067596
taskonomy/room_layout,encoder.layer2.1.relu,V3A,train,sub-09,5919,270,rsa,0.014153200201690197
taskonomy/room_layout,encoder.layer2.1.relu,V3B,train,sub-09,5919,148,rsa,0.009235793724656105
taskonomy/room_layout,encoder.layer2.1.relu,V6,train,sub-09,5919,104,rsa,0.005293567199259996
taskonomy/room_layout,encoder.layer2.1.relu,V6A,train,sub-09,5919,85,rsa,0.010736428201198578
taskonomy/room_layout,encoder.layer2.1.relu,V7,train,sub-09,5919,87,rsa,0.016779301688075066
taskonomy/room_layout,encoder.layer2.1.relu,V8,train,sub-09,5919,101,rsa,0.013953041285276413
taskonomy/room_layout,encoder.layer2.1.relu,FFC,train,sub-09,5919,263,rsa,0.02154180407524109
taskonomy/room_layout,encoder.layer2.1.relu,PIT,train,sub-09,5919,123,rsa,0.013186831958591938
taskonomy/room_layout,encoder.layer2.1.relu,IPS1,train,sub-09,5919,243,rsa,0.014368537813425064
taskonomy/room_layout,encoder.layer2.1.relu,MST,train,sub-09,5919,149,rsa,0.016879746690392494
taskonomy/room_layout,encoder.layer2.1.relu,MT,train,sub-09,5919,100,rsa,0.01603958010673523
taskonomy/room_layout,encoder.layer2.1.relu,FST,train,sub-09,5919,156,rsa,0.011099833995103836
taskonomy/room_layout,encoder.layer2.1.relu,LO1,train,sub-09,5919,79,rsa,0.009754680097103119
taskonomy/room_layout,encoder.layer2.1.relu,LO2,train,sub-09,5919,80,rsa,0.009596379473805428
taskonomy/room_layout,encoder.layer2.1.relu,LO3,train,sub-09,5919,125,rsa,0.020113958045840263
taskonomy/room_layout,encoder.layer2.1.relu,V7,train,sub-09,5919,87,rsa,0.016779301688075066
taskonomy/room_layout,encoder.layer2.1.relu,IP0,train,sub-09,5919,198,rsa,0.009006168693304062
taskonomy/room_layout,encoder.layer2.1.relu,IP1,train,sub-09,5919,114,rsa,0.005545384716242552
taskonomy/room_layout,encoder.layer2.1.relu,MIP,train,sub-09,5919,280,rsa,0.009461463429033756
taskonomy/room_layout,encoder.layer2.1.relu,VIP,train,sub-09,5919,180,rsa,0.008946245536208153
taskonomy/room_layout,encoder.layer2.1.relu,LIPd,train,sub-09,5919,69,rsa,0.0027987444773316383
taskonomy/room_layout,encoder.layer2.1.relu,LIPv,train,sub-09,5919,239,rsa,0.006393124349415302
taskonomy/room_layout,encoder.layer2.1.relu,AIP,train,sub-09,5919,275,rsa,0.005808706395328045
taskonomy/room_layout,encoder.layer2.1.relu,7Pm,train,sub-09,5919,17,rsa,0.00022393339895643294
taskonomy/room_layout,encoder.layer2.1.relu,7PL,train,sub-09,5919,133,rsa,0.004939110949635506
taskonomy/room_layout,encoder.layer2.1.relu,7PC,train,sub-09,5919,315,rsa,0.007010276895016432
taskonomy/room_layout,encoder.layer2.1.relu,7Am,train,sub-09,5919,228,rsa,0.006057130638509989
taskonomy/room_layout,encoder.layer2.1.relu,7AL,train,sub-09,5919,178,rsa,0.0025501097552478313
taskonomy/room_layout,encoder.layer2.1.relu,VVC,train,sub-09,5919,151,rsa,0.015282946638762951
taskonomy/room_layout,encoder.layer2.1.relu,VMV2,train,sub-09,5919,119,rsa,0.021014753729104996
taskonomy/room_layout,encoder.layer2.1.relu,VMV3,train,sub-09,5919,109,rsa,0.009122640825808048
taskonomy/room_layout,encoder.layer2.1.relu,VMV1,train,sub-09,5919,96,rsa,0.01454157754778862
taskonomy/room_layout,encoder.layer2.1.relu,PHA2,train,sub-09,5919,17,rsa,0.00020528981985989958
taskonomy/room_layout,encoder.layer2.1.relu,PHA3,train,sub-09,5919,104,rsa,0.008885149843990803
taskonomy/room_layout,encoder.layer2.1.relu,PH,train,sub-09,5919,258,rsa,0.019764933735132217
taskonomy/room_layout,encoder.layer2.2.relu,V1,train,sub-09,5919,641,rsa,0.031369853764772415
taskonomy/room_layout,encoder.layer2.2.relu,V2,train,sub-09,5919,754,rsa,0.029501013457775116
taskonomy/room_layout,encoder.layer2.2.relu,V3,train,sub-09,5919,575,rsa,0.02114846557378769
taskonomy/room_layout,encoder.layer2.2.relu,V4,train,sub-09,5919,616,rsa,0.02164975367486477
taskonomy/room_layout,encoder.layer2.2.relu,V3A,train,sub-09,5919,270,rsa,0.013591133989393711
taskonomy/room_layout,encoder.layer2.2.relu,V3B,train,sub-09,5919,148,rsa,0.008501286618411541
taskonomy/room_layout,encoder.layer2.2.relu,V6,train,sub-09,5919,104,rsa,0.004189171828329563
taskonomy/room_layout,encoder.layer2.2.relu,V6A,train,sub-09,5919,85,rsa,0.0091715632006526
taskonomy/room_layout,encoder.layer2.2.relu,V7,train,sub-09,5919,87,rsa,0.015694426372647285
taskonomy/room_layout,encoder.layer2.2.relu,V8,train,sub-09,5919,101,rsa,0.012971995398402214
taskonomy/room_layout,encoder.layer2.2.relu,FFC,train,sub-09,5919,263,rsa,0.020431136712431908
taskonomy/room_layout,encoder.layer2.2.relu,PIT,train,sub-09,5919,123,rsa,0.012323099188506603
taskonomy/room_layout,encoder.layer2.2.relu,IPS1,train,sub-09,5919,243,rsa,0.013727612793445587
taskonomy/room_layout,encoder.layer2.2.relu,MST,train,sub-09,5919,149,rsa,0.01549692265689373
taskonomy/room_layout,encoder.layer2.2.relu,MT,train,sub-09,5919,100,rsa,0.014953607693314552
taskonomy/room_layout,encoder.layer2.2.relu,FST,train,sub-09,5919,156,rsa,0.010395541787147522
taskonomy/room_layout,encoder.layer2.2.relu,LO1,train,sub-09,5919,79,rsa,0.009261587634682655
taskonomy/room_layout,encoder.layer2.2.relu,LO2,train,sub-09,5919,80,rsa,0.00858952198177576
taskonomy/room_layout,encoder.layer2.2.relu,LO3,train,sub-09,5919,125,rsa,0.018687093630433083
taskonomy/room_layout,encoder.layer2.2.relu,V7,train,sub-09,5919,87,rsa,0.015694426372647285
taskonomy/room_layout,encoder.layer2.2.relu,IP0,train,sub-09,5919,198,rsa,0.008202609606087208
taskonomy/room_layout,encoder.layer2.2.relu,IP1,train,sub-09,5919,114,rsa,0.005270189605653286
taskonomy/room_layout,encoder.layer2.2.relu,MIP,train,sub-09,5919,280,rsa,0.008708544075489044
taskonomy/room_layout,encoder.layer2.2.relu,VIP,train,sub-09,5919,180,rsa,0.008071617223322392
taskonomy/room_layout,encoder.layer2.2.relu,LIPd,train,sub-09,5919,69,rsa,0.0028838396538048983
taskonomy/room_layout,encoder.layer2.2.relu,LIPv,train,sub-09,5919,239,rsa,0.005871312692761421
taskonomy/room_layout,encoder.layer2.2.relu,AIP,train,sub-09,5919,275,rsa,0.005278225988149643
taskonomy/room_layout,encoder.layer2.2.relu,7Pm,train,sub-09,5919,17,rsa,0.0002998721320182085
taskonomy/room_layout,encoder.layer2.2.relu,7PL,train,sub-09,5919,133,rsa,0.004510633181780577
taskonomy/room_layout,encoder.layer2.2.relu,7PC,train,sub-09,5919,315,rsa,0.006645160261541605
taskonomy/room_layout,encoder.layer2.2.relu,7Am,train,sub-09,5919,228,rsa,0.005332643166184425
taskonomy/room_layout,encoder.layer2.2.relu,7AL,train,sub-09,5919,178,rsa,0.0023166819009929895
taskonomy/room_layout,encoder.layer2.2.relu,VVC,train,sub-09,5919,151,rsa,0.01358869206160307
taskonomy/room_layout,encoder.layer2.2.relu,VMV2,train,sub-09,5919,119,rsa,0.01912134699523449
taskonomy/room_layout,encoder.layer2.2.relu,VMV3,train,sub-09,5919,109,rsa,0.008339191786944866
taskonomy/room_layout,encoder.layer2.2.relu,VMV1,train,sub-09,5919,96,rsa,0.013039721176028252
taskonomy/room_layout,encoder.layer2.2.relu,PHA2,train,sub-09,5919,17,rsa,0.00015600123151671141
taskonomy/room_layout,encoder.layer2.2.relu,PHA3,train,sub-09,5919,104,rsa,0.007941883988678455
taskonomy/room_layout,encoder.layer2.2.relu,PH,train,sub-09,5919,258,rsa,0.01886466145515442
taskonomy/room_layout,encoder.layer3.0.relu,V1,train,sub-09,5919,641,rsa,0.03299466893076897
taskonomy/room_layout,encoder.layer3.0.relu,V2,train,sub-09,5919,754,rsa,0.032741520553827286
taskonomy/room_layout,encoder.layer3.0.relu,V3,train,sub-09,5919,575,rsa,0.023742519319057465
taskonomy/room_layout,encoder.layer3.0.relu,V4,train,sub-09,5919,616,rsa,0.027504388242959976
taskonomy/room_layout,encoder.layer3.0.relu,V3A,train,sub-09,5919,270,rsa,0.01730533130466938
taskonomy/room_layout,encoder.layer3.0.relu,V3B,train,sub-09,5919,148,rsa,0.012234436348080635
taskonomy/room_layout,encoder.layer3.0.relu,V6,train,sub-09,5919,104,rsa,0.006326635833829641
taskonomy/room_layout,encoder.layer3.0.relu,V6A,train,sub-09,5919,85,rsa,0.013091353699564934
taskonomy/room_layout,encoder.layer3.0.relu,V7,train,sub-09,5919,87,rsa,0.019806750118732452
taskonomy/room_layout,encoder.layer3.0.relu,V8,train,sub-09,5919,101,rsa,0.016094813123345375
taskonomy/room_layout,encoder.layer3.0.relu,FFC,train,sub-09,5919,263,rsa,0.024657083675265312
taskonomy/room_layout,encoder.layer3.0.relu,PIT,train,sub-09,5919,123,rsa,0.01628120429813862
taskonomy/room_layout,encoder.layer3.0.relu,IPS1,train,sub-09,5919,243,rsa,0.017258957028388977
taskonomy/room_layout,encoder.layer3.0.relu,MST,train,sub-09,5919,149,rsa,0.020813506096601486
taskonomy/room_layout,encoder.layer3.0.relu,MT,train,sub-09,5919,100,rsa,0.020198358222842216
taskonomy/room_layout,encoder.layer3.0.relu,FST,train,sub-09,5919,156,rsa,0.012705793604254723
taskonomy/room_layout,encoder.layer3.0.relu,LO1,train,sub-09,5919,79,rsa,0.012397545389831066
taskonomy/room_layout,encoder.layer3.0.relu,LO2,train,sub-09,5919,80,rsa,0.010976276360452175
taskonomy/room_layout,encoder.layer3.0.relu,LO3,train,sub-09,5919,125,rsa,0.023867662996053696
taskonomy/room_layout,encoder.layer3.0.relu,V7,train,sub-09,5919,87,rsa,0.019806750118732452
taskonomy/room_layout,encoder.layer3.0.relu,IP0,train,sub-09,5919,198,rsa,0.011032765731215477
taskonomy/room_layout,encoder.layer3.0.relu,IP1,train,sub-09,5919,114,rsa,0.006633658893406391
taskonomy/room_layout,encoder.layer3.0.relu,MIP,train,sub-09,5919,280,rsa,0.012420762330293655
taskonomy/room_layout,encoder.layer3.0.relu,VIP,train,sub-09,5919,180,rsa,0.011010587215423584
taskonomy/room_layout,encoder.layer3.0.relu,LIPd,train,sub-09,5919,69,rsa,0.0038818814791738987
taskonomy/room_layout,encoder.layer3.0.relu,LIPv,train,sub-09,5919,239,rsa,0.008186394348740578
taskonomy/room_layout,encoder.layer3.0.relu,AIP,train,sub-09,5919,275,rsa,0.006312139332294464
taskonomy/room_layout,encoder.layer3.0.relu,7Pm,train,sub-09,5919,17,rsa,0.0003448212519288063
taskonomy/room_layout,encoder.layer3.0.relu,7PL,train,sub-09,5919,133,rsa,0.006760264281183481
taskonomy/room_layout,encoder.layer3.0.relu,7PC,train,sub-09,5919,315,rsa,0.008609704673290253
taskonomy/room_layout,encoder.layer3.0.relu,7Am,train,sub-09,5919,228,rsa,0.00826922059059143
taskonomy/room_layout,encoder.layer3.0.relu,7AL,train,sub-09,5919,178,rsa,0.003389643272385001
taskonomy/room_layout,encoder.layer3.0.relu,VVC,train,sub-09,5919,151,rsa,0.018206380307674408
taskonomy/room_layout,encoder.layer3.0.relu,VMV2,train,sub-09,5919,119,rsa,0.027817949652671814
taskonomy/room_layout,encoder.layer3.0.relu,VMV3,train,sub-09,5919,109,rsa,0.010923067107796669
taskonomy/room_layout,encoder.layer3.0.relu,VMV1,train,sub-09,5919,96,rsa,0.018188104033470154
taskonomy/room_layout,encoder.layer3.0.relu,PHA2,train,sub-09,5919,17,rsa,0.0007083095842972398
taskonomy/room_layout,encoder.layer3.0.relu,PHA3,train,sub-09,5919,104,rsa,0.010521139949560165
taskonomy/room_layout,encoder.layer3.0.relu,PH,train,sub-09,5919,258,rsa,0.021539025008678436
taskonomy/room_layout,encoder.layer3.1.relu,V1,train,sub-09,5919,641,rsa,0.028025807812809944
taskonomy/room_layout,encoder.layer3.1.relu,V2,train,sub-09,5919,754,rsa,0.027870643883943558
taskonomy/room_layout,encoder.layer3.1.relu,V3,train,sub-09,5919,575,rsa,0.020712757483124733
taskonomy/room_layout,encoder.layer3.1.relu,V4,train,sub-09,5919,616,rsa,0.02290371246635914
taskonomy/room_layout,encoder.layer3.1.relu,V3A,train,sub-09,5919,270,rsa,0.0147559754550457
taskonomy/room_layout,encoder.layer3.1.relu,V3B,train,sub-09,5919,148,rsa,0.009320289827883244
taskonomy/room_layout,encoder.layer3.1.relu,V6,train,sub-09,5919,104,rsa,0.004127666354179382
taskonomy/room_layout,encoder.layer3.1.relu,V6A,train,sub-09,5919,85,rsa,0.010141382925212383
taskonomy/room_layout,encoder.layer3.1.relu,V7,train,sub-09,5919,87,rsa,0.016619352623820305
taskonomy/room_layout,encoder.layer3.1.relu,V8,train,sub-09,5919,101,rsa,0.013625696301460266
taskonomy/room_layout,encoder.layer3.1.relu,FFC,train,sub-09,5919,263,rsa,0.0206627044826746
taskonomy/room_layout,encoder.layer3.1.relu,PIT,train,sub-09,5919,123,rsa,0.013770753517746925
taskonomy/room_layout,encoder.layer3.1.relu,IPS1,train,sub-09,5919,243,rsa,0.014327502809464931
taskonomy/room_layout,encoder.layer3.1.relu,MST,train,sub-09,5919,149,rsa,0.016864247620105743
taskonomy/room_layout,encoder.layer3.1.relu,MT,train,sub-09,5919,100,rsa,0.016228970140218735
taskonomy/room_layout,encoder.layer3.1.relu,FST,train,sub-09,5919,156,rsa,0.010598854161798954
taskonomy/room_layout,encoder.layer3.1.relu,LO1,train,sub-09,5919,79,rsa,0.010139533318579197
taskonomy/room_layout,encoder.layer3.1.relu,LO2,train,sub-09,5919,80,rsa,0.00875549204647541
taskonomy/room_layout,encoder.layer3.1.relu,LO3,train,sub-09,5919,125,rsa,0.020441655069589615
taskonomy/room_layout,encoder.layer3.1.relu,V7,train,sub-09,5919,87,rsa,0.016619352623820305
taskonomy/room_layout,encoder.layer3.1.relu,IP0,train,sub-09,5919,198,rsa,0.008502556011080742
taskonomy/room_layout,encoder.layer3.1.relu,IP1,train,sub-09,5919,114,rsa,0.005290824919939041
taskonomy/room_layout,encoder.layer3.1.relu,MIP,train,sub-09,5919,280,rsa,0.009683769196271896
taskonomy/room_layout,encoder.layer3.1.relu,VIP,train,sub-09,5919,180,rsa,0.008763788267970085
taskonomy/room_layout,encoder.layer3.1.relu,LIPd,train,sub-09,5919,69,rsa,0.0031537830363959074
taskonomy/room_layout,encoder.layer3.1.relu,LIPv,train,sub-09,5919,239,rsa,0.0061211115680634975
taskonomy/room_layout,encoder.layer3.1.relu,AIP,train,sub-09,5919,275,rsa,0.0048906528390944
taskonomy/room_layout,encoder.layer3.1.relu,7Pm,train,sub-09,5919,17,rsa,0.0002381252561463043
taskonomy/room_layout,encoder.layer3.1.relu,7PL,train,sub-09,5919,133,rsa,0.005089083686470985
taskonomy/room_layout,encoder.layer3.1.relu,7PC,train,sub-09,5919,315,rsa,0.006932448595762253
taskonomy/room_layout,encoder.layer3.1.relu,7Am,train,sub-09,5919,228,rsa,0.005577093455940485
taskonomy/room_layout,encoder.layer3.1.relu,7AL,train,sub-09,5919,178,rsa,0.0025397457648068666
taskonomy/room_layout,encoder.layer3.1.relu,VVC,train,sub-09,5919,151,rsa,0.014616481028497219
taskonomy/room_layout,encoder.layer3.1.relu,VMV2,train,sub-09,5919,119,rsa,0.022431429475545883
taskonomy/room_layout,encoder.layer3.1.relu,VMV3,train,sub-09,5919,109,rsa,0.009035983122885227
taskonomy/room_layout,encoder.layer3.1.relu,VMV1,train,sub-09,5919,96,rsa,0.014959489926695824
taskonomy/room_layout,encoder.layer3.1.relu,PHA2,train,sub-09,5919,17,rsa,8.391714072786272e-05
taskonomy/room_layout,encoder.layer3.1.relu,PHA3,train,sub-09,5919,104,rsa,0.00890782568603754
taskonomy/room_layout,encoder.layer3.1.relu,PH,train,sub-09,5919,258,rsa,0.018125737085938454
taskonomy/room_layout,encoder.layer3.2.relu,V1,train,sub-09,5919,641,rsa,0.02523808926343918
taskonomy/room_layout,encoder.layer3.2.relu,V2,train,sub-09,5919,754,rsa,0.025699328631162643
taskonomy/room_layout,encoder.layer3.2.relu,V3,train,sub-09,5919,575,rsa,0.019161710515618324
taskonomy/room_layout,encoder.layer3.2.relu,V4,train,sub-09,5919,616,rsa,0.02017812244594097
taskonomy/room_layout,encoder.layer3.2.relu,V3A,train,sub-09,5919,270,rsa,0.01379054132848978
taskonomy/room_layout,encoder.layer3.2.relu,V3B,train,sub-09,5919,148,rsa,0.008102932013571262
taskonomy/room_layout,encoder.layer3.2.relu,V6,train,sub-09,5919,104,rsa,0.002980393124744296
taskonomy/room_layout,encoder.layer3.2.relu,V6A,train,sub-09,5919,85,rsa,0.0085788918659091
taskonomy/room_layout,encoder.layer3.2.relu,V7,train,sub-09,5919,87,rsa,0.015018460340797901
taskonomy/room_layout,encoder.layer3.2.relu,V8,train,sub-09,5919,101,rsa,0.012338281609117985
taskonomy/room_layout,encoder.layer3.2.relu,FFC,train,sub-09,5919,263,rsa,0.018920013681054115
taskonomy/room_layout,encoder.layer3.2.relu,PIT,train,sub-09,5919,123,rsa,0.012209410779178143
taskonomy/room_layout,encoder.layer3.2.relu,IPS1,train,sub-09,5919,243,rsa,0.013131612911820412
taskonomy/room_layout,encoder.layer3.2.relu,MST,train,sub-09,5919,149,rsa,0.014847205951809883
taskonomy/room_layout,encoder.layer3.2.relu,MT,train,sub-09,5919,100,rsa,0.014579007402062416
taskonomy/room_layout,encoder.layer3.2.relu,FST,train,sub-09,5919,156,rsa,0.009232502430677414
taskonomy/room_layout,encoder.layer3.2.relu,LO1,train,sub-09,5919,79,rsa,0.00909053161740303
taskonomy/room_layout,encoder.layer3.2.relu,LO2,train,sub-09,5919,80,rsa,0.007973541505634785
taskonomy/room_layout,encoder.layer3.2.relu,LO3,train,sub-09,5919,125,rsa,0.018186571076512337
taskonomy/room_layout,encoder.layer3.2.relu,V7,train,sub-09,5919,87,rsa,0.015018460340797901
taskonomy/room_layout,encoder.layer3.2.relu,IP0,train,sub-09,5919,198,rsa,0.0074020386673510075
taskonomy/room_layout,encoder.layer3.2.relu,IP1,train,sub-09,5919,114,rsa,0.004938768222928047
taskonomy/room_layout,encoder.layer3.2.relu,MIP,train,sub-09,5919,280,rsa,0.008420677855610847
taskonomy/room_layout,encoder.layer3.2.relu,VIP,train,sub-09,5919,180,rsa,0.007735783234238625
taskonomy/room_layout,encoder.layer3.2.relu,LIPd,train,sub-09,5919,69,rsa,0.0028311635833233595
taskonomy/room_layout,encoder.layer3.2.relu,LIPv,train,sub-09,5919,239,rsa,0.0054323491640388966
taskonomy/room_layout,encoder.layer3.2.relu,AIP,train,sub-09,5919,275,rsa,0.004352669697254896
taskonomy/room_layout,encoder.layer3.2.relu,7Pm,train,sub-09,5919,17,rsa,0.00019603705732151866
taskonomy/room_layout,encoder.layer3.2.relu,7PL,train,sub-09,5919,133,rsa,0.004169412888586521
taskonomy/room_layout,encoder.layer3.2.relu,7PC,train,sub-09,5919,315,rsa,0.006185466423630714
taskonomy/room_layout,encoder.layer3.2.relu,7Am,train,sub-09,5919,228,rsa,0.004894377198070288
taskonomy/room_layout,encoder.layer3.2.relu,7AL,train,sub-09,5919,178,rsa,0.00204790523275733
taskonomy/room_layout,encoder.layer3.2.relu,VVC,train,sub-09,5919,151,rsa,0.01273863110691309
taskonomy/room_layout,encoder.layer3.2.relu,VMV2,train,sub-09,5919,119,rsa,0.01986098103225231
taskonomy/room_layout,encoder.layer3.2.relu,VMV3,train,sub-09,5919,109,rsa,0.007988582365214825
taskonomy/room_layout,encoder.layer3.2.relu,VMV1,train,sub-09,5919,96,rsa,0.012702090665698051
taskonomy/room_layout,encoder.layer3.2.relu,PHA2,train,sub-09,5919,17,rsa,-0.000100407560239546
taskonomy/room_layout,encoder.layer3.2.relu,PHA3,train,sub-09,5919,104,rsa,0.007727321237325668
taskonomy/room_layout,encoder.layer3.2.relu,PH,train,sub-09,5919,258,rsa,0.016433313488960266
taskonomy/room_layout,encoder.layer3.3.relu,V1,train,sub-09,5919,641,rsa,0.02230854146182537
taskonomy/room_layout,encoder.layer3.3.relu,V2,train,sub-09,5919,754,rsa,0.02322407066822052
taskonomy/room_layout,encoder.layer3.3.relu,V3,train,sub-09,5919,575,rsa,0.01746232621371746
taskonomy/room_layout,encoder.layer3.3.relu,V4,train,sub-09,5919,616,rsa,0.01735604740679264
taskonomy/room_layout,encoder.layer3.3.relu,V3A,train,sub-09,5919,270,rsa,0.012458997778594494
taskonomy/room_layout,encoder.layer3.3.relu,V3B,train,sub-09,5919,148,rsa,0.006939645390957594
taskonomy/room_layout,encoder.layer3.3.relu,V6,train,sub-09,5919,104,rsa,0.0019338057609274983
taskonomy/room_layout,encoder.layer3.3.relu,V6A,train,sub-09,5919,85,rsa,0.0069990092888474464
taskonomy/room_layout,encoder.layer3.3.relu,V7,train,sub-09,5919,87,rsa,0.013533663004636765
taskonomy/room_layout,encoder.layer3.3.relu,V8,train,sub-09,5919,101,rsa,0.011195654980838299
taskonomy/room_layout,encoder.layer3.3.relu,FFC,train,sub-09,5919,263,rsa,0.017200857400894165
taskonomy/room_layout,encoder.layer3.3.relu,PIT,train,sub-09,5919,123,rsa,0.010405576787889004
taskonomy/room_layout,encoder.layer3.3.relu,IPS1,train,sub-09,5919,243,rsa,0.012081942521035671
taskonomy/room_layout,encoder.layer3.3.relu,MST,train,sub-09,5919,149,rsa,0.013145574368536472
taskonomy/room_layout,encoder.layer3.3.relu,MT,train,sub-09,5919,100,rsa,0.0129403630271554
taskonomy/room_layout,encoder.layer3.3.relu,FST,train,sub-09,5919,156,rsa,0.008326775394380093
taskonomy/room_layout,encoder.layer3.3.relu,LO1,train,sub-09,5919,79,rsa,0.007848836481571198
taskonomy/room_layout,encoder.layer3.3.relu,LO2,train,sub-09,5919,80,rsa,0.006907515227794647
taskonomy/room_layout,encoder.layer3.3.relu,LO3,train,sub-09,5919,125,rsa,0.016140557825565338
taskonomy/room_layout,encoder.layer3.3.relu,V7,train,sub-09,5919,87,rsa,0.013533663004636765
taskonomy/room_layout,encoder.layer3.3.relu,IP0,train,sub-09,5919,198,rsa,0.006309356074780226
taskonomy/room_layout,encoder.layer3.3.relu,IP1,train,sub-09,5919,114,rsa,0.004452667199075222
taskonomy/room_layout,encoder.layer3.3.relu,MIP,train,sub-09,5919,280,rsa,0.007219040300697088
taskonomy/room_layout,encoder.layer3.3.relu,VIP,train,sub-09,5919,180,rsa,0.006635224912315607
taskonomy/room_layout,encoder.layer3.3.relu,LIPd,train,sub-09,5919,69,rsa,0.002272666897624731
taskonomy/room_layout,encoder.layer3.3.relu,LIPv,train,sub-09,5919,239,rsa,0.004437206778675318
taskonomy/room_layout,encoder.layer3.3.relu,AIP,train,sub-09,5919,275,rsa,0.0037281173281371593
taskonomy/room_layout,encoder.layer3.3.relu,7Pm,train,sub-09,5919,17,rsa,3.74152441509068e-05
taskonomy/room_layout,encoder.layer3.3.relu,7PL,train,sub-09,5919,133,rsa,0.003402640111744404
taskonomy/room_layout,encoder.layer3.3.relu,7PC,train,sub-09,5919,315,rsa,0.005364578682929277
taskonomy/room_layout,encoder.layer3.3.relu,7Am,train,sub-09,5919,228,rsa,0.003888149978592992
taskonomy/room_layout,encoder.layer3.3.relu,7AL,train,sub-09,5919,178,rsa,0.001682099886238575
taskonomy/room_layout,encoder.layer3.3.relu,VVC,train,sub-09,5919,151,rsa,0.010935530066490173
taskonomy/room_layout,encoder.layer3.3.relu,VMV2,train,sub-09,5919,119,rsa,0.01709476299583912
taskonomy/room_layout,encoder.layer3.3.relu,VMV3,train,sub-09,5919,109,rsa,0.007156988140195608
taskonomy/room_layout,encoder.layer3.3.relu,VMV1,train,sub-09,5919,96,rsa,0.010697674006223679
taskonomy/room_layout,encoder.layer3.3.relu,PHA2,train,sub-09,5919,17,rsa,-0.0002962107537314296
taskonomy/room_layout,encoder.layer3.3.relu,PHA3,train,sub-09,5919,104,rsa,0.006885608658194542
taskonomy/room_layout,encoder.layer3.3.relu,PH,train,sub-09,5919,258,rsa,0.014739662408828735
taskonomy/room_layout,encoder.layer3.4.relu,V1,train,sub-09,5919,641,rsa,0.020785538479685783
taskonomy/room_layout,encoder.layer3.4.relu,V2,train,sub-09,5919,754,rsa,0.021982621401548386
taskonomy/room_layout,encoder.layer3.4.relu,V3,train,sub-09,5919,575,rsa,0.01644303649663925
taskonomy/room_layout,encoder.layer3.4.relu,V4,train,sub-09,5919,616,rsa,0.015650218352675438
taskonomy/room_layout,encoder.layer3.4.relu,V3A,train,sub-09,5919,270,rsa,0.011961580254137516
taskonomy/room_layout,encoder.layer3.4.relu,V3B,train,sub-09,5919,148,rsa,0.006155755836516619
taskonomy/room_layout,encoder.layer3.4.relu,V6,train,sub-09,5919,104,rsa,0.0015005654422566295
taskonomy/room_layout,encoder.layer3.4.relu,V6A,train,sub-09,5919,85,rsa,0.006148641463369131
taskonomy/room_layout,encoder.layer3.4.relu,V7,train,sub-09,5919,87,rsa,0.012813925743103027
taskonomy/room_layout,encoder.layer3.4.relu,V8,train,sub-09,5919,101,rsa,0.01031945738941431
taskonomy/room_layout,encoder.layer3.4.relu,FFC,train,sub-09,5919,263,rsa,0.016285059973597527
taskonomy/room_layout,encoder.layer3.4.relu,PIT,train,sub-09,5919,123,rsa,0.009557479061186314
taskonomy/room_layout,encoder.layer3.4.relu,IPS1,train,sub-09,5919,243,rsa,0.011627119965851307
taskonomy/room_layout,encoder.layer3.4.relu,MST,train,sub-09,5919,149,rsa,0.011989956721663475
taskonomy/room_layout,encoder.layer3.4.relu,MT,train,sub-09,5919,100,rsa,0.011987308971583843
taskonomy/room_layout,encoder.layer3.4.relu,FST,train,sub-09,5919,156,rsa,0.007616529706865549
taskonomy/room_layout,encoder.layer3.4.relu,LO1,train,sub-09,5919,79,rsa,0.007455796469002962
taskonomy/room_layout,encoder.layer3.4.relu,LO2,train,sub-09,5919,80,rsa,0.006261781789362431
taskonomy/room_layout,encoder.layer3.4.relu,LO3,train,sub-09,5919,125,rsa,0.014650864526629448
taskonomy/room_layout,encoder.layer3.4.relu,V7,train,sub-09,5919,87,rsa,0.012813925743103027
taskonomy/room_layout,encoder.layer3.4.relu,IP0,train,sub-09,5919,198,rsa,0.0057083237916231155
taskonomy/room_layout,encoder.layer3.4.relu,IP1,train,sub-09,5919,114,rsa,0.004296323750168085
taskonomy/room_layout,encoder.layer3.4.relu,MIP,train,sub-09,5919,280,rsa,0.006554895080626011
taskonomy/room_layout,encoder.layer3.4.relu,VIP,train,sub-09,5919,180,rsa,0.006073178723454475
taskonomy/room_layout,encoder.layer3.4.relu,LIPd,train,sub-09,5919,69,rsa,0.0019426454091444612
taskonomy/room_layout,encoder.layer3.4.relu,LIPv,train,sub-09,5919,239,rsa,0.0039802249521017075
taskonomy/room_layout,encoder.layer3.4.relu,AIP,train,sub-09,5919,275,rsa,0.0033681034110486507
taskonomy/room_layout,encoder.layer3.4.relu,7Pm,train,sub-09,5919,17,rsa,6.480661977548152e-05
taskonomy/room_layout,encoder.layer3.4.relu,7PL,train,sub-09,5919,133,rsa,0.002989014843478799
taskonomy/room_layout,encoder.layer3.4.relu,7PC,train,sub-09,5919,315,rsa,0.005037999711930752
taskonomy/room_layout,encoder.layer3.4.relu,7Am,train,sub-09,5919,228,rsa,0.0034331954084336758
taskonomy/room_layout,encoder.layer3.4.relu,7AL,train,sub-09,5919,178,rsa,0.001492199138738215
taskonomy/room_layout,encoder.layer3.4.relu,VVC,train,sub-09,5919,151,rsa,0.009998881258070469
taskonomy/room_layout,encoder.layer3.4.relu,VMV2,train,sub-09,5919,119,rsa,0.015713166445493698
taskonomy/room_layout,encoder.layer3.4.relu,VMV3,train,sub-09,5919,109,rsa,0.006895987316966057
taskonomy/room_layout,encoder.layer3.4.relu,VMV1,train,sub-09,5919,96,rsa,0.009128979407250881
taskonomy/room_layout,encoder.layer3.4.relu,PHA2,train,sub-09,5919,17,rsa,-0.0004026934620924294
taskonomy/room_layout,encoder.layer3.4.relu,PHA3,train,sub-09,5919,104,rsa,0.00596297811716795
taskonomy/room_layout,encoder.layer3.4.relu,PH,train,sub-09,5919,258,rsa,0.013544556684792042
taskonomy/room_layout,encoder.layer3.5.relu,V1,train,sub-09,5919,641,rsa,0.0203737523406744
taskonomy/room_layout,encoder.layer3.5.relu,V2,train,sub-09,5919,754,rsa,0.02184845507144928
taskonomy/room_layout,encoder.layer3.5.relu,V3,train,sub-09,5919,575,rsa,0.016293775290250778
taskonomy/room_layout,encoder.layer3.5.relu,V4,train,sub-09,5919,616,rsa,0.015156406909227371
taskonomy/room_layout,encoder.layer3.5.relu,V3A,train,sub-09,5919,270,rsa,0.011765671893954277
taskonomy/room_layout,encoder.layer3.5.relu,V3B,train,sub-09,5919,148,rsa,0.005948442965745926
taskonomy/room_layout,encoder.layer3.5.relu,V6,train,sub-09,5919,104,rsa,0.0014277190202847123
taskonomy/room_layout,encoder.layer3.5.relu,V6A,train,sub-09,5919,85,rsa,0.005731137935072184
taskonomy/room_layout,encoder.layer3.5.relu,V7,train,sub-09,5919,87,rsa,0.012544873170554638
taskonomy/room_layout,encoder.layer3.5.relu,V8,train,sub-09,5919,101,rsa,0.009915928356349468
taskonomy/room_layout,encoder.layer3.5.relu,FFC,train,sub-09,5919,263,rsa,0.01638966239988804
taskonomy/room_layout,encoder.layer3.5.relu,PIT,train,sub-09,5919,123,rsa,0.009424696676433086
taskonomy/room_layout,encoder.layer3.5.relu,IPS1,train,sub-09,5919,243,rsa,0.011512583121657372
taskonomy/room_layout,encoder.layer3.5.relu,MST,train,sub-09,5919,149,rsa,0.011924822814762592
taskonomy/room_layout,encoder.layer3.5.relu,MT,train,sub-09,5919,100,rsa,0.012018358334898949
taskonomy/room_layout,encoder.layer3.5.relu,FST,train,sub-09,5919,156,rsa,0.007527102250605822
taskonomy/room_layout,encoder.layer3.5.relu,LO1,train,sub-09,5919,79,rsa,0.007548202760517597
taskonomy/room_layout,encoder.layer3.5.relu,LO2,train,sub-09,5919,80,rsa,0.00604088744148612
taskonomy/room_layout,encoder.layer3.5.relu,LO3,train,sub-09,5919,125,rsa,0.014215701259672642
taskonomy/room_layout,encoder.layer3.5.relu,V7,train,sub-09,5919,87,rsa,0.012544873170554638
taskonomy/room_layout,encoder.layer3.5.relu,IP0,train,sub-09,5919,198,rsa,0.005533603951334953
taskonomy/room_layout,encoder.layer3.5.relu,IP1,train,sub-09,5919,114,rsa,0.0041019245982170105
taskonomy/room_layout,encoder.layer3.5.relu,MIP,train,sub-09,5919,280,rsa,0.006308310199528933
taskonomy/room_layout,encoder.layer3.5.relu,VIP,train,sub-09,5919,180,rsa,0.006028767675161362
taskonomy/room_layout,encoder.layer3.5.relu,LIPd,train,sub-09,5919,69,rsa,0.001858988543972373
taskonomy/room_layout,encoder.layer3.5.relu,LIPv,train,sub-09,5919,239,rsa,0.003949157427996397
taskonomy/room_layout,encoder.layer3.5.relu,AIP,train,sub-09,5919,275,rsa,0.003289884887635708
taskonomy/room_layout,encoder.layer3.5.relu,7Pm,train,sub-09,5919,17,rsa,-1.707712362986058e-05
taskonomy/room_layout,encoder.layer3.5.relu,7PL,train,sub-09,5919,133,rsa,0.002985967556014657
taskonomy/room_layout,encoder.layer3.5.relu,7PC,train,sub-09,5919,315,rsa,0.005146061535924673
taskonomy/room_layout,encoder.layer3.5.relu,7Am,train,sub-09,5919,228,rsa,0.0034889033995568752
taskonomy/room_layout,encoder.layer3.5.relu,7AL,train,sub-09,5919,178,rsa,0.001582957454957068
taskonomy/room_layout,encoder.layer3.5.relu,VVC,train,sub-09,5919,151,rsa,0.009570807218551636
taskonomy/room_layout,encoder.layer3.5.relu,VMV2,train,sub-09,5919,119,rsa,0.015198898501694202
taskonomy/room_layout,encoder.layer3.5.relu,VMV3,train,sub-09,5919,109,rsa,0.006742705591022968
taskonomy/room_layout,encoder.layer3.5.relu,VMV1,train,sub-09,5919,96,rsa,0.008808506652712822
taskonomy/room_layout,encoder.layer3.5.relu,PHA2,train,sub-09,5919,17,rsa,-0.00033158782753162086
taskonomy/room_layout,encoder.layer3.5.relu,PHA3,train,sub-09,5919,104,rsa,0.0058988467790186405
taskonomy/room_layout,encoder.layer3.5.relu,PH,train,sub-09,5919,258,rsa,0.013503710739314556
taskonomy/room_layout,encoder.layer4.0.relu,V1,train,sub-09,5919,641,rsa,0.027506832033395767
taskonomy/room_layout,encoder.layer4.0.relu,V2,train,sub-09,5919,754,rsa,0.02799334190785885
taskonomy/room_layout,encoder.layer4.0.relu,V3,train,sub-09,5919,575,rsa,0.020479436963796616
taskonomy/room_layout,encoder.layer4.0.relu,V4,train,sub-09,5919,616,rsa,0.02146041765809059
taskonomy/room_layout,encoder.layer4.0.relu,V3A,train,sub-09,5919,270,rsa,0.01587948203086853
taskonomy/room_layout,encoder.layer4.0.relu,V3B,train,sub-09,5919,148,rsa,0.010310444049537182
taskonomy/room_layout,encoder.layer4.0.relu,V6,train,sub-09,5919,104,rsa,0.004470596555620432
taskonomy/room_layout,encoder.layer4.0.relu,V6A,train,sub-09,5919,85,rsa,0.009190673008561134
taskonomy/room_layout,encoder.layer4.0.relu,V7,train,sub-09,5919,87,rsa,0.015942391008138657
taskonomy/room_layout,encoder.layer4.0.relu,V8,train,sub-09,5919,101,rsa,0.013624802231788635
taskonomy/room_layout,encoder.layer4.0.relu,FFC,train,sub-09,5919,263,rsa,0.023547664284706116
taskonomy/room_layout,encoder.layer4.0.relu,PIT,train,sub-09,5919,123,rsa,0.013347026892006397
taskonomy/room_layout,encoder.layer4.0.relu,IPS1,train,sub-09,5919,243,rsa,0.015260355547070503
taskonomy/room_layout,encoder.layer4.0.relu,MST,train,sub-09,5919,149,rsa,0.017422568053007126
taskonomy/room_layout,encoder.layer4.0.relu,MT,train,sub-09,5919,100,rsa,0.020054636523127556
taskonomy/room_layout,encoder.layer4.0.relu,FST,train,sub-09,5919,156,rsa,0.00938621535897255
taskonomy/room_layout,encoder.layer4.0.relu,LO1,train,sub-09,5919,79,rsa,0.012504770420491695
taskonomy/room_layout,encoder.layer4.0.relu,LO2,train,sub-09,5919,80,rsa,0.009101512841880322
taskonomy/room_layout,encoder.layer4.0.relu,LO3,train,sub-09,5919,125,rsa,0.019114885479211807
taskonomy/room_layout,encoder.layer4.0.relu,V7,train,sub-09,5919,87,rsa,0.015942391008138657
taskonomy/room_layout,encoder.layer4.0.relu,IP0,train,sub-09,5919,198,rsa,0.009421456605196
taskonomy/room_layout,encoder.layer4.0.relu,IP1,train,sub-09,5919,114,rsa,0.006206190679222345
taskonomy/room_layout,encoder.layer4.0.relu,MIP,train,sub-09,5919,280,rsa,0.011457023210823536
taskonomy/room_layout,encoder.layer4.0.relu,VIP,train,sub-09,5919,180,rsa,0.009902210906147957
taskonomy/room_layout,encoder.layer4.0.relu,LIPd,train,sub-09,5919,69,rsa,0.0029762722551822662
taskonomy/room_layout,encoder.layer4.0.relu,LIPv,train,sub-09,5919,239,rsa,0.007448579650372267
taskonomy/room_layout,encoder.layer4.0.relu,AIP,train,sub-09,5919,275,rsa,0.004810539074242115
taskonomy/room_layout,encoder.layer4.0.relu,7Pm,train,sub-09,5919,17,rsa,0.00011786387767642736
taskonomy/room_layout,encoder.layer4.0.relu,7PL,train,sub-09,5919,133,rsa,0.004887651652097702
taskonomy/room_layout,encoder.layer4.0.relu,7PC,train,sub-09,5919,315,rsa,0.007347482722252607
taskonomy/room_layout,encoder.layer4.0.relu,7Am,train,sub-09,5919,228,rsa,0.008440295234322548
taskonomy/room_layout,encoder.layer4.0.relu,7AL,train,sub-09,5919,178,rsa,0.0028909938409924507
taskonomy/room_layout,encoder.layer4.0.relu,VVC,train,sub-09,5919,151,rsa,0.015039435587823391
taskonomy/room_layout,encoder.layer4.0.relu,VMV2,train,sub-09,5919,119,rsa,0.024306712672114372
taskonomy/room_layout,encoder.layer4.0.relu,VMV3,train,sub-09,5919,109,rsa,0.011327153071761131
taskonomy/room_layout,encoder.layer4.0.relu,VMV1,train,sub-09,5919,96,rsa,0.013594101183116436
taskonomy/room_layout,encoder.layer4.0.relu,PHA2,train,sub-09,5919,17,rsa,0.0005502915009856224
taskonomy/room_layout,encoder.layer4.0.relu,PHA3,train,sub-09,5919,104,rsa,0.00978450570255518
taskonomy/room_layout,encoder.layer4.0.relu,PH,train,sub-09,5919,258,rsa,0.019284190610051155
taskonomy/room_layout,encoder.layer4.1.relu,V1,train,sub-09,5919,641,rsa,0.024155696853995323
taskonomy/room_layout,encoder.layer4.1.relu,V2,train,sub-09,5919,754,rsa,0.024291492998600006
taskonomy/room_layout,encoder.layer4.1.relu,V3,train,sub-09,5919,575,rsa,0.017816929146647453
taskonomy/room_layout,encoder.layer4.1.relu,V4,train,sub-09,5919,616,rsa,0.018447186797857285
taskonomy/room_layout,encoder.layer4.1.relu,V3A,train,sub-09,5919,270,rsa,0.013056322932243347
taskonomy/room_layout,encoder.layer4.1.relu,V3B,train,sub-09,5919,148,rsa,0.009342207573354244
taskonomy/room_layout,encoder.layer4.1.relu,V6,train,sub-09,5919,104,rsa,0.0026700394228100777
taskonomy/room_layout,encoder.layer4.1.relu,V6A,train,sub-09,5919,85,rsa,0.007625992875546217
taskonomy/room_layout,encoder.layer4.1.relu,V7,train,sub-09,5919,87,rsa,0.014424907974898815
taskonomy/room_layout,encoder.layer4.1.relu,V8,train,sub-09,5919,101,rsa,0.013169500976800919
taskonomy/room_layout,encoder.layer4.1.relu,FFC,train,sub-09,5919,263,rsa,0.02351110801100731
taskonomy/room_layout,encoder.layer4.1.relu,PIT,train,sub-09,5919,123,rsa,0.012554608285427094
taskonomy/room_layout,encoder.layer4.1.relu,IPS1,train,sub-09,5919,243,rsa,0.013879110105335712
taskonomy/room_layout,encoder.layer4.1.relu,MST,train,sub-09,5919,149,rsa,0.015398322604596615
taskonomy/room_layout,encoder.layer4.1.relu,MT,train,sub-09,5919,100,rsa,0.01843028888106346
taskonomy/room_layout,encoder.layer4.1.relu,FST,train,sub-09,5919,156,rsa,0.009118746966123581
taskonomy/room_layout,encoder.layer4.1.relu,LO1,train,sub-09,5919,79,rsa,0.012009981088340282
taskonomy/room_layout,encoder.layer4.1.relu,LO2,train,sub-09,5919,80,rsa,0.009438345208764076
taskonomy/room_layout,encoder.layer4.1.relu,LO3,train,sub-09,5919,125,rsa,0.017957530915737152
taskonomy/room_layout,encoder.layer4.1.relu,V7,train,sub-09,5919,87,rsa,0.014424907974898815
taskonomy/room_layout,encoder.layer4.1.relu,IP0,train,sub-09,5919,198,rsa,0.00832375418394804
taskonomy/room_layout,encoder.layer4.1.relu,IP1,train,sub-09,5919,114,rsa,0.005797170102596283
taskonomy/room_layout,encoder.layer4.1.relu,MIP,train,sub-09,5919,280,rsa,0.010504018515348434
taskonomy/room_layout,encoder.layer4.1.relu,VIP,train,sub-09,5919,180,rsa,0.009214214980602264
taskonomy/room_layout,encoder.layer4.1.relu,LIPd,train,sub-09,5919,69,rsa,0.002754342509433627
taskonomy/room_layout,encoder.layer4.1.relu,LIPv,train,sub-09,5919,239,rsa,0.006377547513693571
taskonomy/room_layout,encoder.layer4.1.relu,AIP,train,sub-09,5919,275,rsa,0.004513746593147516
taskonomy/room_layout,encoder.layer4.1.relu,7Pm,train,sub-09,5919,17,rsa,0.000341411039698869
taskonomy/room_layout,encoder.layer4.1.relu,7PL,train,sub-09,5919,133,rsa,0.004102704580873251
taskonomy/room_layout,encoder.layer4.1.relu,7PC,train,sub-09,5919,315,rsa,0.006818902678787708
taskonomy/room_layout,encoder.layer4.1.relu,7Am,train,sub-09,5919,228,rsa,0.007749822922050953
taskonomy/room_layout,encoder.layer4.1.relu,7AL,train,sub-09,5919,178,rsa,0.002458930015563965
taskonomy/room_layout,encoder.layer4.1.relu,VVC,train,sub-09,5919,151,rsa,0.0137324882671237
taskonomy/room_layout,encoder.layer4.1.relu,VMV2,train,sub-09,5919,119,rsa,0.022892044857144356
taskonomy/room_layout,encoder.layer4.1.relu,VMV3,train,sub-09,5919,109,rsa,0.010634692385792732
taskonomy/room_layout,encoder.layer4.1.relu,VMV1,train,sub-09,5919,96,rsa,0.012140737846493721
taskonomy/room_layout,encoder.layer4.1.relu,PHA2,train,sub-09,5919,17,rsa,0.00034494383726269007
taskonomy/room_layout,encoder.layer4.1.relu,PHA3,train,sub-09,5919,104,rsa,0.008492700755596161
taskonomy/room_layout,encoder.layer4.1.relu,PH,train,sub-09,5919,258,rsa,0.0199778713285923
taskonomy/room_layout,encoder.layer4.2.relu,V1,train,sub-09,5919,641,rsa,0.022352466359734535
taskonomy/room_layout,encoder.layer4.2.relu,V2,train,sub-09,5919,754,rsa,0.02201109193265438
taskonomy/room_layout,encoder.layer4.2.relu,V3,train,sub-09,5919,575,rsa,0.01594497077167034
taskonomy/room_layout,encoder.layer4.2.relu,V4,train,sub-09,5919,616,rsa,0.01677381619811058
taskonomy/room_layout,encoder.layer4.2.relu,V3A,train,sub-09,5919,270,rsa,0.011294652707874775
taskonomy/room_layout,encoder.layer4.2.relu,V3B,train,sub-09,5919,148,rsa,0.008851959370076656
taskonomy/room_layout,encoder.layer4.2.relu,V6,train,sub-09,5919,104,rsa,0.0023411959409713745
taskonomy/room_layout,encoder.layer4.2.relu,V6A,train,sub-09,5919,85,rsa,0.006979803089052439
taskonomy/room_layout,encoder.layer4.2.relu,V7,train,sub-09,5919,87,rsa,0.012852342799305916
taskonomy/room_layout,encoder.layer4.2.relu,V8,train,sub-09,5919,101,rsa,0.013568386435508728
taskonomy/room_layout,encoder.layer4.2.relu,FFC,train,sub-09,5919,263,rsa,0.024737071245908737
taskonomy/room_layout,encoder.layer4.2.relu,PIT,train,sub-09,5919,123,rsa,0.012481742538511753
taskonomy/room_layout,encoder.layer4.2.relu,IPS1,train,sub-09,5919,243,rsa,0.012556232511997223
taskonomy/room_layout,encoder.layer4.2.relu,MST,train,sub-09,5919,149,rsa,0.014738625846803188
taskonomy/room_layout,encoder.layer4.2.relu,MT,train,sub-09,5919,100,rsa,0.018519345670938492
taskonomy/room_layout,encoder.layer4.2.relu,FST,train,sub-09,5919,156,rsa,0.00916745513677597
taskonomy/room_layout,encoder.layer4.2.relu,LO1,train,sub-09,5919,79,rsa,0.011750143021345139
taskonomy/room_layout,encoder.layer4.2.relu,LO2,train,sub-09,5919,80,rsa,0.009820645675063133
taskonomy/room_layout,encoder.layer4.2.relu,LO3,train,sub-09,5919,125,rsa,0.018138017505407333
taskonomy/room_layout,encoder.layer4.2.relu,V7,train,sub-09,5919,87,rsa,0.012852342799305916
taskonomy/room_layout,encoder.layer4.2.relu,IP0,train,sub-09,5919,198,rsa,0.008279143832623959
taskonomy/room_layout,encoder.layer4.2.relu,IP1,train,sub-09,5919,114,rsa,0.005352314095944166
taskonomy/room_layout,encoder.layer4.2.relu,MIP,train,sub-09,5919,280,rsa,0.010608951561152935
taskonomy/room_layout,encoder.layer4.2.relu,VIP,train,sub-09,5919,180,rsa,0.008790032006800175
taskonomy/room_layout,encoder.layer4.2.relu,LIPd,train,sub-09,5919,69,rsa,0.0029868867713958025
taskonomy/room_layout,encoder.layer4.2.relu,LIPv,train,sub-09,5919,239,rsa,0.006113649345934391
taskonomy/room_layout,encoder.layer4.2.relu,AIP,train,sub-09,5919,275,rsa,0.00419104378670454
taskonomy/room_layout,encoder.layer4.2.relu,7Pm,train,sub-09,5919,17,rsa,0.0005325553938746452
taskonomy/room_layout,encoder.layer4.2.relu,7PL,train,sub-09,5919,133,rsa,0.0038082138635218143
taskonomy/room_layout,encoder.layer4.2.relu,7PC,train,sub-09,5919,315,rsa,0.006177468691021204
taskonomy/room_layout,encoder.layer4.2.relu,7Am,train,sub-09,5919,228,rsa,0.007755727972835302
taskonomy/room_layout,encoder.layer4.2.relu,7AL,train,sub-09,5919,178,rsa,0.0020580252166837454
taskonomy/room_layout,encoder.layer4.2.relu,VVC,train,sub-09,5919,151,rsa,0.013723164796829224
taskonomy/room_layout,encoder.layer4.2.relu,VMV2,train,sub-09,5919,119,rsa,0.022992290556430817
taskonomy/room_layout,encoder.layer4.2.relu,VMV3,train,sub-09,5919,109,rsa,0.010883735492825508
taskonomy/room_layout,encoder.layer4.2.relu,VMV1,train,sub-09,5919,96,rsa,0.012360825203359127
taskonomy/room_layout,encoder.layer4.2.relu,PHA2,train,sub-09,5919,17,rsa,0.0004894050071015954
taskonomy/room_layout,encoder.layer4.2.relu,PHA3,train,sub-09,5919,104,rsa,0.008506817743182182
taskonomy/room_layout,encoder.layer4.2.relu,PH,train,sub-09,5919,258,rsa,0.02119590900838375
taskonomy/room_layout,encoder.layer1.0.relu,V1,test,sub-09,5919,641,rsa,0.035794492810964584
taskonomy/room_layout,encoder.layer1.0.relu,V2,test,sub-09,5919,754,rsa,-0.03055620566010475
taskonomy/room_layout,encoder.layer1.0.relu,V3,test,sub-09,5919,575,rsa,0.012077288702130318
taskonomy/room_layout,encoder.layer1.0.relu,V4,test,sub-09,5919,616,rsa,0.060949213802814484
taskonomy/room_layout,encoder.layer1.0.relu,V3A,test,sub-09,5919,270,rsa,0.12597663700580597
taskonomy/room_layout,encoder.layer1.0.relu,V3B,test,sub-09,5919,148,rsa,0.07545673102140427
taskonomy/room_layout,encoder.layer1.0.relu,V6,test,sub-09,5919,104,rsa,0.04551728069782257
taskonomy/room_layout,encoder.layer1.0.relu,V6A,test,sub-09,5919,85,rsa,0.0382770299911499
taskonomy/room_layout,encoder.layer1.0.relu,V7,test,sub-09,5919,87,rsa,0.13750454783439636
taskonomy/room_layout,encoder.layer1.0.relu,V8,test,sub-09,5919,101,rsa,-0.001528729684650898
taskonomy/room_layout,encoder.layer1.0.relu,FFC,test,sub-09,5919,263,rsa,0.02674606442451477
taskonomy/room_layout,encoder.layer1.0.relu,PIT,test,sub-09,5919,123,rsa,0.012594588100910187
taskonomy/room_layout,encoder.layer1.0.relu,IPS1,test,sub-09,5919,243,rsa,0.07984845340251923
taskonomy/room_layout,encoder.layer1.0.relu,MST,test,sub-09,5919,149,rsa,0.032698117196559906
taskonomy/room_layout,encoder.layer1.0.relu,MT,test,sub-09,5919,100,rsa,0.06593498587608337
taskonomy/room_layout,encoder.layer1.0.relu,FST,test,sub-09,5919,156,rsa,0.024701371788978577
taskonomy/room_layout,encoder.layer1.0.relu,LO1,test,sub-09,5919,79,rsa,0.055463727563619614
taskonomy/room_layout,encoder.layer1.0.relu,LO2,test,sub-09,5919,80,rsa,0.01723778061568737
taskonomy/room_layout,encoder.layer1.0.relu,LO3,test,sub-09,5919,125,rsa,0.02248506247997284
taskonomy/room_layout,encoder.layer1.0.relu,V7,test,sub-09,5919,87,rsa,0.13750454783439636
taskonomy/room_layout,encoder.layer1.0.relu,IP0,test,sub-09,5919,198,rsa,0.09721893817186356
taskonomy/room_layout,encoder.layer1.0.relu,IP1,test,sub-09,5919,114,rsa,0.02839285507798195
taskonomy/room_layout,encoder.layer1.0.relu,MIP,test,sub-09,5919,280,rsa,0.033694975078105927
taskonomy/room_layout,encoder.layer1.0.relu,VIP,test,sub-09,5919,180,rsa,-0.021786320954561234
taskonomy/room_layout,encoder.layer1.0.relu,LIPd,test,sub-09,5919,69,rsa,-0.05204491317272186
taskonomy/room_layout,encoder.layer1.0.relu,LIPv,test,sub-09,5919,239,rsa,-0.025964880362153053
taskonomy/room_layout,encoder.layer1.0.relu,AIP,test,sub-09,5919,275,rsa,0.05029841512441635
taskonomy/room_layout,encoder.layer1.0.relu,7Pm,test,sub-09,5919,17,rsa,-0.010661629028618336
taskonomy/room_layout,encoder.layer1.0.relu,7PL,test,sub-09,5919,133,rsa,0.021582184359431267
taskonomy/room_layout,encoder.layer1.0.relu,7PC,test,sub-09,5919,315,rsa,-0.009616089053452015
taskonomy/room_layout,encoder.layer1.0.relu,7Am,test,sub-09,5919,228,rsa,0.04500263184309006
taskonomy/room_layout,encoder.layer1.0.relu,7AL,test,sub-09,5919,178,rsa,0.06299418956041336
taskonomy/room_layout,encoder.layer1.0.relu,VVC,test,sub-09,5919,151,rsa,-0.002490322571247816
taskonomy/room_layout,encoder.layer1.0.relu,VMV2,test,sub-09,5919,119,rsa,-0.02286340668797493
taskonomy/room_layout,encoder.layer1.0.relu,VMV3,test,sub-09,5919,109,rsa,-0.04887451231479645
taskonomy/room_layout,encoder.layer1.0.relu,VMV1,test,sub-09,5919,96,rsa,0.009076414629817009
taskonomy/room_layout,encoder.layer1.0.relu,PHA2,test,sub-09,5919,17,rsa,0.007235238328576088
taskonomy/room_layout,encoder.layer1.0.relu,PHA3,test,sub-09,5919,104,rsa,-0.01257278025150299
taskonomy/room_layout,encoder.layer1.0.relu,PH,test,sub-09,5919,258,rsa,0.03366667032241821
taskonomy/room_layout,encoder.layer1.1.relu,V1,test,sub-09,5919,641,rsa,0.022110039368271828
taskonomy/room_layout,encoder.layer1.1.relu,V2,test,sub-09,5919,754,rsa,-0.04156481847167015
taskonomy/room_layout,encoder.layer1.1.relu,V3,test,sub-09,5919,575,rsa,0.007408866658806801
taskonomy/room_layout,encoder.layer1.1.relu,V4,test,sub-09,5919,616,rsa,0.05281160771846771
taskonomy/room_layout,encoder.layer1.1.relu,V3A,test,sub-09,5919,270,rsa,0.12870559096336365
taskonomy/room_layout,encoder.layer1.1.relu,V3B,test,sub-09,5919,148,rsa,0.08542492985725403
taskonomy/room_layout,encoder.layer1.1.relu,V6,test,sub-09,5919,104,rsa,0.0429556742310524
taskonomy/room_layout,encoder.layer1.1.relu,V6A,test,sub-09,5919,85,rsa,0.0383063405752182
taskonomy/room_layout,encoder.layer1.1.relu,V7,test,sub-09,5919,87,rsa,0.14863601326942444
taskonomy/room_layout,encoder.layer1.1.relu,V8,test,sub-09,5919,101,rsa,-0.0025480249896645546
taskonomy/room_layout,encoder.layer1.1.relu,FFC,test,sub-09,5919,263,rsa,0.020329274237155914
taskonomy/room_layout,encoder.layer1.1.relu,PIT,test,sub-09,5919,123,rsa,0.0128448735922575
taskonomy/room_layout,encoder.layer1.1.relu,IPS1,test,sub-09,5919,243,rsa,0.07684864103794098
taskonomy/room_layout,encoder.layer1.1.relu,MST,test,sub-09,5919,149,rsa,0.03286495432257652
taskonomy/room_layout,encoder.layer1.1.relu,MT,test,sub-09,5919,100,rsa,0.06757785379886627
taskonomy/room_layout,encoder.layer1.1.relu,FST,test,sub-09,5919,156,rsa,0.02486405149102211
taskonomy/room_layout,encoder.layer1.1.relu,LO1,test,sub-09,5919,79,rsa,0.04914027079939842
taskonomy/room_layout,encoder.layer1.1.relu,LO2,test,sub-09,5919,80,rsa,0.021428320556879044
taskonomy/room_layout,encoder.layer1.1.relu,LO3,test,sub-09,5919,125,rsa,0.022911934182047844
taskonomy/room_layout,encoder.layer1.1.relu,V7,test,sub-09,5919,87,rsa,0.14863601326942444
taskonomy/room_layout,encoder.layer1.1.relu,IP0,test,sub-09,5919,198,rsa,0.09648634493350983
taskonomy/room_layout,encoder.layer1.1.relu,IP1,test,sub-09,5919,114,rsa,0.02558424323797226
taskonomy/room_layout,encoder.layer1.1.relu,MIP,test,sub-09,5919,280,rsa,0.03245580941438675
taskonomy/room_layout,encoder.layer1.1.relu,VIP,test,sub-09,5919,180,rsa,-0.020779171958565712
taskonomy/room_layout,encoder.layer1.1.relu,LIPd,test,sub-09,5919,69,rsa,-0.053138598799705505
taskonomy/room_layout,encoder.layer1.1.relu,LIPv,test,sub-09,5919,239,rsa,-0.02799053303897381
taskonomy/room_layout,encoder.layer1.1.relu,AIP,test,sub-09,5919,275,rsa,0.053722478449344635
taskonomy/room_layout,encoder.layer1.1.relu,7Pm,test,sub-09,5919,17,rsa,-0.006703542545437813
taskonomy/room_layout,encoder.layer1.1.relu,7PL,test,sub-09,5919,133,rsa,0.02183927595615387
taskonomy/room_layout,encoder.layer1.1.relu,7PC,test,sub-09,5919,315,rsa,-0.013578947633504868
taskonomy/room_layout,encoder.layer1.1.relu,7Am,test,sub-09,5919,228,rsa,0.04390378296375275
taskonomy/room_layout,encoder.layer1.1.relu,7AL,test,sub-09,5919,178,rsa,0.06095311790704727
taskonomy/room_layout,encoder.layer1.1.relu,VVC,test,sub-09,5919,151,rsa,-0.012957694008946419
taskonomy/room_layout,encoder.layer1.1.relu,VMV2,test,sub-09,5919,119,rsa,-0.02529830113053322
taskonomy/room_layout,encoder.layer1.1.relu,VMV3,test,sub-09,5919,109,rsa,-0.05522801727056503
taskonomy/room_layout,encoder.layer1.1.relu,VMV1,test,sub-09,5919,96,rsa,0.006064082495868206
taskonomy/room_layout,encoder.layer1.1.relu,PHA2,test,sub-09,5919,17,rsa,0.008922534994781017
taskonomy/room_layout,encoder.layer1.1.relu,PHA3,test,sub-09,5919,104,rsa,-0.010902967303991318
taskonomy/room_layout,encoder.layer1.1.relu,PH,test,sub-09,5919,258,rsa,0.03558256849646568
taskonomy/room_layout,encoder.layer1.2.relu,V1,test,sub-09,5919,641,rsa,0.017206942662596703
taskonomy/room_layout,encoder.layer1.2.relu,V2,test,sub-09,5919,754,rsa,-0.04907885938882828
taskonomy/room_layout,encoder.layer1.2.relu,V3,test,sub-09,5919,575,rsa,0.0023250700905919075
taskonomy/room_layout,encoder.layer1.2.relu,V4,test,sub-09,5919,616,rsa,0.04385603219270706
taskonomy/room_layout,encoder.layer1.2.relu,V3A,test,sub-09,5919,270,rsa,0.12250764667987823
taskonomy/room_layout,encoder.layer1.2.relu,V3B,test,sub-09,5919,148,rsa,0.07966791093349457
taskonomy/room_layout,encoder.layer1.2.relu,V6,test,sub-09,5919,104,rsa,0.04077891632914543
taskonomy/room_layout,encoder.layer1.2.relu,V6A,test,sub-09,5919,85,rsa,0.03322328254580498
taskonomy/room_layout,encoder.layer1.2.relu,V7,test,sub-09,5919,87,rsa,0.14534221589565277
taskonomy/room_layout,encoder.layer1.2.relu,V8,test,sub-09,5919,101,rsa,-0.009920132346451283
taskonomy/room_layout,encoder.layer1.2.relu,FFC,test,sub-09,5919,263,rsa,0.010357696563005447
taskonomy/room_layout,encoder.layer1.2.relu,PIT,test,sub-09,5919,123,rsa,0.008023642934858799
taskonomy/room_layout,encoder.layer1.2.relu,IPS1,test,sub-09,5919,243,rsa,0.07311491668224335
taskonomy/room_layout,encoder.layer1.2.relu,MST,test,sub-09,5919,149,rsa,0.024454189464449883
taskonomy/room_layout,encoder.layer1.2.relu,MT,test,sub-09,5919,100,rsa,0.06352774798870087
taskonomy/room_layout,encoder.layer1.2.relu,FST,test,sub-09,5919,156,rsa,0.016567980870604515
taskonomy/room_layout,encoder.layer1.2.relu,LO1,test,sub-09,5919,79,rsa,0.04762425646185875
taskonomy/room_layout,encoder.layer1.2.relu,LO2,test,sub-09,5919,80,rsa,0.021730493754148483
taskonomy/room_layout,encoder.layer1.2.relu,LO3,test,sub-09,5919,125,rsa,0.020027536898851395
taskonomy/room_layout,encoder.layer1.2.relu,V7,test,sub-09,5919,87,rsa,0.14534221589565277
taskonomy/room_layout,encoder.layer1.2.relu,IP0,test,sub-09,5919,198,rsa,0.08955712616443634
taskonomy/room_layout,encoder.layer1.2.relu,IP1,test,sub-09,5919,114,rsa,0.02465037629008293
taskonomy/room_layout,encoder.layer1.2.relu,MIP,test,sub-09,5919,280,rsa,0.018590005114674568
taskonomy/room_layout,encoder.layer1.2.relu,VIP,test,sub-09,5919,180,rsa,-0.032338254153728485
taskonomy/room_layout,encoder.layer1.2.relu,LIPd,test,sub-09,5919,69,rsa,-0.0603705532848835
taskonomy/room_layout,encoder.layer1.2.relu,LIPv,test,sub-09,5919,239,rsa,-0.030232617631554604
taskonomy/room_layout,encoder.layer1.2.relu,AIP,test,sub-09,5919,275,rsa,0.04565717279911041
taskonomy/room_layout,encoder.layer1.2.relu,7Pm,test,sub-09,5919,17,rsa,-0.00708230584859848
taskonomy/room_layout,encoder.layer1.2.relu,7PL,test,sub-09,5919,133,rsa,0.01355698611587286
taskonomy/room_layout,encoder.layer1.2.relu,7PC,test,sub-09,5919,315,rsa,-0.01778225041925907
taskonomy/room_layout,encoder.layer1.2.relu,7Am,test,sub-09,5919,228,rsa,0.03546861186623573
taskonomy/room_layout,encoder.layer1.2.relu,7AL,test,sub-09,5919,178,rsa,0.056684210896492004
taskonomy/room_layout,encoder.layer1.2.relu,VVC,test,sub-09,5919,151,rsa,-0.02296154759824276
taskonomy/room_layout,encoder.layer1.2.relu,VMV2,test,sub-09,5919,119,rsa,-0.026867546141147614
taskonomy/room_layout,encoder.layer1.2.relu,VMV3,test,sub-09,5919,109,rsa,-0.051806360483169556
taskonomy/room_layout,encoder.layer1.2.relu,VMV1,test,sub-09,5919,96,rsa,-0.009116088971495628
taskonomy/room_layout,encoder.layer1.2.relu,PHA2,test,sub-09,5919,17,rsa,0.0020736781880259514
taskonomy/room_layout,encoder.layer1.2.relu,PHA3,test,sub-09,5919,104,rsa,-0.01710328832268715
taskonomy/room_layout,encoder.layer1.2.relu,PH,test,sub-09,5919,258,rsa,0.02405432239174843
taskonomy/room_layout,encoder.layer2.0.relu,V1,test,sub-09,5919,641,rsa,0.011696961708366871
taskonomy/room_layout,encoder.layer2.0.relu,V2,test,sub-09,5919,754,rsa,-0.045402899384498596
taskonomy/room_layout,encoder.layer2.0.relu,V3,test,sub-09,5919,575,rsa,0.009224969893693924
taskonomy/room_layout,encoder.layer2.0.relu,V4,test,sub-09,5919,616,rsa,0.04174276441335678
taskonomy/room_layout,encoder.layer2.0.relu,V3A,test,sub-09,5919,270,rsa,0.1277187615633011
taskonomy/room_layout,encoder.layer2.0.relu,V3B,test,sub-09,5919,148,rsa,0.08566062152385712
taskonomy/room_layout,encoder.layer2.0.relu,V6,test,sub-09,5919,104,rsa,0.04623475670814514
taskonomy/room_layout,encoder.layer2.0.relu,V6A,test,sub-09,5919,85,rsa,0.029644902795553207
taskonomy/room_layout,encoder.layer2.0.relu,V7,test,sub-09,5919,87,rsa,0.13841569423675537
taskonomy/room_layout,encoder.layer2.0.relu,V8,test,sub-09,5919,101,rsa,-0.00788001250475645
taskonomy/room_layout,encoder.layer2.0.relu,FFC,test,sub-09,5919,263,rsa,0.00589683186262846
taskonomy/room_layout,encoder.layer2.0.relu,PIT,test,sub-09,5919,123,rsa,0.002435946138575673
taskonomy/room_layout,encoder.layer2.0.relu,IPS1,test,sub-09,5919,243,rsa,0.06385627388954163
taskonomy/room_layout,encoder.layer2.0.relu,MST,test,sub-09,5919,149,rsa,0.024323055520653725
taskonomy/room_layout,encoder.layer2.0.relu,MT,test,sub-09,5919,100,rsa,0.0599997416138649
taskonomy/room_layout,encoder.layer2.0.relu,FST,test,sub-09,5919,156,rsa,0.01328189205378294
taskonomy/room_layout,encoder.layer2.0.relu,LO1,test,sub-09,5919,79,rsa,0.045937299728393555
taskonomy/room_layout,encoder.layer2.0.relu,LO2,test,sub-09,5919,80,rsa,0.01170351728796959
taskonomy/room_layout,encoder.layer2.0.relu,LO3,test,sub-09,5919,125,rsa,0.01771773397922516
taskonomy/room_layout,encoder.layer2.0.relu,V7,test,sub-09,5919,87,rsa,0.13841569423675537
taskonomy/room_layout,encoder.layer2.0.relu,IP0,test,sub-09,5919,198,rsa,0.08821500837802887
taskonomy/room_layout,encoder.layer2.0.relu,IP1,test,sub-09,5919,114,rsa,0.0279927309602499
taskonomy/room_layout,encoder.layer2.0.relu,MIP,test,sub-09,5919,280,rsa,0.021697668358683586
taskonomy/room_layout,encoder.layer2.0.relu,VIP,test,sub-09,5919,180,rsa,-0.032515015453100204
taskonomy/room_layout,encoder.layer2.0.relu,LIPd,test,sub-09,5919,69,rsa,-0.061411306262016296
taskonomy/room_layout,encoder.layer2.0.relu,LIPv,test,sub-09,5919,239,rsa,-0.03163566440343857
taskonomy/room_layout,encoder.layer2.0.relu,AIP,test,sub-09,5919,275,rsa,0.05022242292761803
taskonomy/room_layout,encoder.layer2.0.relu,7Pm,test,sub-09,5919,17,rsa,-0.004068493843078613
taskonomy/room_layout,encoder.layer2.0.relu,7PL,test,sub-09,5919,133,rsa,0.014650825411081314
taskonomy/room_layout,encoder.layer2.0.relu,7PC,test,sub-09,5919,315,rsa,-0.017536181956529617
taskonomy/room_layout,encoder.layer2.0.relu,7Am,test,sub-09,5919,228,rsa,0.04631850868463516
taskonomy/room_layout,encoder.layer2.0.relu,7AL,test,sub-09,5919,178,rsa,0.05131750926375389
taskonomy/room_layout,encoder.layer2.0.relu,VVC,test,sub-09,5919,151,rsa,-0.027767635881900787
taskonomy/room_layout,encoder.layer2.0.relu,VMV2,test,sub-09,5919,119,rsa,-0.02840486355125904
taskonomy/room_layout,encoder.layer2.0.relu,VMV3,test,sub-09,5919,109,rsa,-0.05287385359406471
taskonomy/room_layout,encoder.layer2.0.relu,VMV1,test,sub-09,5919,96,rsa,-0.009411127306520939
taskonomy/room_layout,encoder.layer2.0.relu,PHA2,test,sub-09,5919,17,rsa,0.0031676627695560455
taskonomy/room_layout,encoder.layer2.0.relu,PHA3,test,sub-09,5919,104,rsa,-0.017568685114383698
taskonomy/room_layout,encoder.layer2.0.relu,PH,test,sub-09,5919,258,rsa,0.01926325634121895
taskonomy/room_layout,encoder.layer2.1.relu,V1,test,sub-09,5919,641,rsa,0.005918964743614197
taskonomy/room_layout,encoder.layer2.1.relu,V2,test,sub-09,5919,754,rsa,-0.05281887948513031
taskonomy/room_layout,encoder.layer2.1.relu,V3,test,sub-09,5919,575,rsa,0.00477985292673111
taskonomy/room_layout,encoder.layer2.1.relu,V4,test,sub-09,5919,616,rsa,0.04006313905119896
taskonomy/room_layout,encoder.layer2.1.relu,V3A,test,sub-09,5919,270,rsa,0.12877564132213593
taskonomy/room_layout,encoder.layer2.1.relu,V3B,test,sub-09,5919,148,rsa,0.08451320976018906
taskonomy/room_layout,encoder.layer2.1.relu,V6,test,sub-09,5919,104,rsa,0.04465619474649429
taskonomy/room_layout,encoder.layer2.1.relu,V6A,test,sub-09,5919,85,rsa,0.031153306365013123
taskonomy/room_layout,encoder.layer2.1.relu,V7,test,sub-09,5919,87,rsa,0.14938437938690186
taskonomy/room_layout,encoder.layer2.1.relu,V8,test,sub-09,5919,101,rsa,-0.008350790478289127
taskonomy/room_layout,encoder.layer2.1.relu,FFC,test,sub-09,5919,263,rsa,0.003060164861381054
taskonomy/room_layout,encoder.layer2.1.relu,PIT,test,sub-09,5919,123,rsa,0.003976754378527403
taskonomy/room_layout,encoder.layer2.1.relu,IPS1,test,sub-09,5919,243,rsa,0.06484609097242355
taskonomy/room_layout,encoder.layer2.1.relu,MST,test,sub-09,5919,149,rsa,0.021453961730003357
taskonomy/room_layout,encoder.layer2.1.relu,MT,test,sub-09,5919,100,rsa,0.0628577470779419
taskonomy/room_layout,encoder.layer2.1.relu,FST,test,sub-09,5919,156,rsa,0.011959745548665524
taskonomy/room_layout,encoder.layer2.1.relu,LO1,test,sub-09,5919,79,rsa,0.045218341052532196
taskonomy/room_layout,encoder.layer2.1.relu,LO2,test,sub-09,5919,80,rsa,0.014263786375522614
taskonomy/room_layout,encoder.layer2.1.relu,LO3,test,sub-09,5919,125,rsa,0.018823916092514992
taskonomy/room_layout,encoder.layer2.1.relu,V7,test,sub-09,5919,87,rsa,0.14938437938690186
taskonomy/room_layout,encoder.layer2.1.relu,IP0,test,sub-09,5919,198,rsa,0.08553878962993622
taskonomy/room_layout,encoder.layer2.1.relu,IP1,test,sub-09,5919,114,rsa,0.025746172294020653
taskonomy/room_layout,encoder.layer2.1.relu,MIP,test,sub-09,5919,280,rsa,0.012598121538758278
taskonomy/room_layout,encoder.layer2.1.relu,VIP,test,sub-09,5919,180,rsa,-0.03865489363670349
taskonomy/room_layout,encoder.layer2.1.relu,LIPd,test,sub-09,5919,69,rsa,-0.06296578049659729
taskonomy/room_layout,encoder.layer2.1.relu,LIPv,test,sub-09,5919,239,rsa,-0.033058490604162216
taskonomy/room_layout,encoder.layer2.1.relu,AIP,test,sub-09,5919,275,rsa,0.04389137774705887
taskonomy/room_layout,encoder.layer2.1.relu,7Pm,test,sub-09,5919,17,rsa,-0.007314515300095081
taskonomy/room_layout,encoder.layer2.1.relu,7PL,test,sub-09,5919,133,rsa,0.01303979940712452
taskonomy/room_layout,encoder.layer2.1.relu,7PC,test,sub-09,5919,315,rsa,-0.019892657175660133
taskonomy/room_layout,encoder.layer2.1.relu,7Am,test,sub-09,5919,228,rsa,0.03823792189359665
taskonomy/room_layout,encoder.layer2.1.relu,7AL,test,sub-09,5919,178,rsa,0.048009082674980164
taskonomy/room_layout,encoder.layer2.1.relu,VVC,test,sub-09,5919,151,rsa,-0.030930522829294205
taskonomy/room_layout,encoder.layer2.1.relu,VMV2,test,sub-09,5919,119,rsa,-0.02981811948120594
taskonomy/room_layout,encoder.layer2.1.relu,VMV3,test,sub-09,5919,109,rsa,-0.05706576257944107
taskonomy/room_layout,encoder.layer2.1.relu,VMV1,test,sub-09,5919,96,rsa,-0.016833405941724777
taskonomy/room_layout,encoder.layer2.1.relu,PHA2,test,sub-09,5919,17,rsa,0.00282630929723382
taskonomy/room_layout,encoder.layer2.1.relu,PHA3,test,sub-09,5919,104,rsa,-0.018349621444940567
taskonomy/room_layout,encoder.layer2.1.relu,PH,test,sub-09,5919,258,rsa,0.01770128682255745
taskonomy/room_layout,encoder.layer2.2.relu,V1,test,sub-09,5919,641,rsa,0.0037471577525138855
taskonomy/room_layout,encoder.layer2.2.relu,V2,test,sub-09,5919,754,rsa,-0.056736059486866
taskonomy/room_layout,encoder.layer2.2.relu,V3,test,sub-09,5919,575,rsa,0.0020130611956119537
taskonomy/room_layout,encoder.layer2.2.relu,V4,test,sub-09,5919,616,rsa,0.03851832449436188
taskonomy/room_layout,encoder.layer2.2.relu,V3A,test,sub-09,5919,270,rsa,0.12790262699127197
taskonomy/room_layout,encoder.layer2.2.relu,V3B,test,sub-09,5919,148,rsa,0.08552821725606918
taskonomy/room_layout,encoder.layer2.2.relu,V6,test,sub-09,5919,104,rsa,0.046035949140787125
taskonomy/room_layout,encoder.layer2.2.relu,V6A,test,sub-09,5919,85,rsa,0.03172336891293526
taskonomy/room_layout,encoder.layer2.2.relu,V7,test,sub-09,5919,87,rsa,0.15485253930091858
taskonomy/room_layout,encoder.layer2.2.relu,V8,test,sub-09,5919,101,rsa,-0.00957975909113884
taskonomy/room_layout,encoder.layer2.2.relu,FFC,test,sub-09,5919,263,rsa,0.0024221267085522413
taskonomy/room_layout,encoder.layer2.2.relu,PIT,test,sub-09,5919,123,rsa,0.002364132087677717
taskonomy/room_layout,encoder.layer2.2.relu,IPS1,test,sub-09,5919,243,rsa,0.07234638929367065
taskonomy/room_layout,encoder.layer2.2.relu,MST,test,sub-09,5919,149,rsa,0.021289542317390442
taskonomy/room_layout,encoder.layer2.2.relu,MT,test,sub-09,5919,100,rsa,0.06478028744459152
taskonomy/room_layout,encoder.layer2.2.relu,FST,test,sub-09,5919,156,rsa,0.011370861902832985
taskonomy/room_layout,encoder.layer2.2.relu,LO1,test,sub-09,5919,79,rsa,0.048522379249334335
taskonomy/room_layout,encoder.layer2.2.relu,LO2,test,sub-09,5919,80,rsa,0.01484950352460146
taskonomy/room_layout,encoder.layer2.2.relu,LO3,test,sub-09,5919,125,rsa,0.02061302773654461
taskonomy/room_layout,encoder.layer2.2.relu,V7,test,sub-09,5919,87,rsa,0.15485253930091858
taskonomy/room_layout,encoder.layer2.2.relu,IP0,test,sub-09,5919,198,rsa,0.08909108489751816
taskonomy/room_layout,encoder.layer2.2.relu,IP1,test,sub-09,5919,114,rsa,0.026448756456375122
taskonomy/room_layout,encoder.layer2.2.relu,MIP,test,sub-09,5919,280,rsa,0.011150400154292583
taskonomy/room_layout,encoder.layer2.2.relu,VIP,test,sub-09,5919,180,rsa,-0.04181253910064697
taskonomy/room_layout,encoder.layer2.2.relu,LIPd,test,sub-09,5919,69,rsa,-0.06453627347946167
taskonomy/room_layout,encoder.layer2.2.relu,LIPv,test,sub-09,5919,239,rsa,-0.033000584691762924
taskonomy/room_layout,encoder.layer2.2.relu,AIP,test,sub-09,5919,275,rsa,0.0431487038731575
taskonomy/room_layout,encoder.layer2.2.relu,7Pm,test,sub-09,5919,17,rsa,-0.0071808770298957825
taskonomy/room_layout,encoder.layer2.2.relu,7PL,test,sub-09,5919,133,rsa,0.014039609581232071
taskonomy/room_layout,encoder.layer2.2.relu,7PC,test,sub-09,5919,315,rsa,-0.018899543210864067
taskonomy/room_layout,encoder.layer2.2.relu,7Am,test,sub-09,5919,228,rsa,0.038503047078847885
taskonomy/room_layout,encoder.layer2.2.relu,7AL,test,sub-09,5919,178,rsa,0.05130356550216675
taskonomy/room_layout,encoder.layer2.2.relu,VVC,test,sub-09,5919,151,rsa,-0.03037741407752037
taskonomy/room_layout,encoder.layer2.2.relu,VMV2,test,sub-09,5919,119,rsa,-0.03276035562157631
taskonomy/room_layout,encoder.layer2.2.relu,VMV3,test,sub-09,5919,109,rsa,-0.05428951978683472
taskonomy/room_layout,encoder.layer2.2.relu,VMV1,test,sub-09,5919,96,rsa,-0.020377401262521744
taskonomy/room_layout,encoder.layer2.2.relu,PHA2,test,sub-09,5919,17,rsa,0.0032275584526360035
taskonomy/room_layout,encoder.layer2.2.relu,PHA3,test,sub-09,5919,104,rsa,-0.020943714305758476
taskonomy/room_layout,encoder.layer2.2.relu,PH,test,sub-09,5919,258,rsa,0.0166284441947937
taskonomy/room_layout,encoder.layer3.0.relu,V1,test,sub-09,5919,641,rsa,0.0037977099418640137
taskonomy/room_layout,encoder.layer3.0.relu,V2,test,sub-09,5919,754,rsa,-0.049255289137363434
taskonomy/room_layout,encoder.layer3.0.relu,V3,test,sub-09,5919,575,rsa,0.005174361169338226
taskonomy/room_layout,encoder.layer3.0.relu,V4,test,sub-09,5919,616,rsa,0.0457240492105484
taskonomy/room_layout,encoder.layer3.0.relu,V3A,test,sub-09,5919,270,rsa,0.13625568151474
taskonomy/room_layout,encoder.layer3.0.relu,V3B,test,sub-09,5919,148,rsa,0.09013278782367706
taskonomy/room_layout,encoder.layer3.0.relu,V6,test,sub-09,5919,104,rsa,0.04802338033914566
taskonomy/room_layout,encoder.layer3.0.relu,V6A,test,sub-09,5919,85,rsa,0.02991434559226036
taskonomy/room_layout,encoder.layer3.0.relu,V7,test,sub-09,5919,87,rsa,0.14744077622890472
taskonomy/room_layout,encoder.layer3.0.relu,V8,test,sub-09,5919,101,rsa,-0.01170620322227478
taskonomy/room_layout,encoder.layer3.0.relu,FFC,test,sub-09,5919,263,rsa,0.017249763011932373
taskonomy/room_layout,encoder.layer3.0.relu,PIT,test,sub-09,5919,123,rsa,0.0006450281944125891
taskonomy/room_layout,encoder.layer3.0.relu,IPS1,test,sub-09,5919,243,rsa,0.08310693502426147
taskonomy/room_layout,encoder.layer3.0.relu,MST,test,sub-09,5919,149,rsa,0.027735533192753792
taskonomy/room_layout,encoder.layer3.0.relu,MT,test,sub-09,5919,100,rsa,0.06869079172611237
taskonomy/room_layout,encoder.layer3.0.relu,FST,test,sub-09,5919,156,rsa,0.01697932928800583
taskonomy/room_layout,encoder.layer3.0.relu,LO1,test,sub-09,5919,79,rsa,0.05928396061062813
taskonomy/room_layout,encoder.layer3.0.relu,LO2,test,sub-09,5919,80,rsa,0.013326684013009071
taskonomy/room_layout,encoder.layer3.0.relu,LO3,test,sub-09,5919,125,rsa,0.02473360113799572
taskonomy/room_layout,encoder.layer3.0.relu,V7,test,sub-09,5919,87,rsa,0.14744077622890472
taskonomy/room_layout,encoder.layer3.0.relu,IP0,test,sub-09,5919,198,rsa,0.09888572245836258
taskonomy/room_layout,encoder.layer3.0.relu,IP1,test,sub-09,5919,114,rsa,0.03268732503056526
taskonomy/room_layout,encoder.layer3.0.relu,MIP,test,sub-09,5919,280,rsa,0.015587123110890388
taskonomy/room_layout,encoder.layer3.0.relu,VIP,test,sub-09,5919,180,rsa,-0.03555101528763771
taskonomy/room_layout,encoder.layer3.0.relu,LIPd,test,sub-09,5919,69,rsa,-0.06160598248243332
taskonomy/room_layout,encoder.layer3.0.relu,LIPv,test,sub-09,5919,239,rsa,-0.03360934183001518
taskonomy/room_layout,encoder.layer3.0.relu,AIP,test,sub-09,5919,275,rsa,0.04183920472860336
taskonomy/room_layout,encoder.layer3.0.relu,7Pm,test,sub-09,5919,17,rsa,-0.008460428565740585
taskonomy/room_layout,encoder.layer3.0.relu,7PL,test,sub-09,5919,133,rsa,0.0149221271276474
taskonomy/room_layout,encoder.layer3.0.relu,7PC,test,sub-09,5919,315,rsa,-0.013884532265365124
taskonomy/room_layout,encoder.layer3.0.relu,7Am,test,sub-09,5919,228,rsa,0.04907546192407608
taskonomy/room_layout,encoder.layer3.0.relu,7AL,test,sub-09,5919,178,rsa,0.05994081497192383
taskonomy/room_layout,encoder.layer3.0.relu,VVC,test,sub-09,5919,151,rsa,-0.02347225695848465
taskonomy/room_layout,encoder.layer3.0.relu,VMV2,test,sub-09,5919,119,rsa,-0.021638618782162666
taskonomy/room_layout,encoder.layer3.0.relu,VMV3,test,sub-09,5919,109,rsa,-0.048114266246557236
taskonomy/room_layout,encoder.layer3.0.relu,VMV1,test,sub-09,5919,96,rsa,-0.017251141369342804
taskonomy/room_layout,encoder.layer3.0.relu,PHA2,test,sub-09,5919,17,rsa,0.00625320291146636
taskonomy/room_layout,encoder.layer3.0.relu,PHA3,test,sub-09,5919,104,rsa,-0.017498020082712173
taskonomy/room_layout,encoder.layer3.0.relu,PH,test,sub-09,5919,258,rsa,0.02163483016192913
taskonomy/room_layout,encoder.layer3.1.relu,V1,test,sub-09,5919,641,rsa,-0.000577922910451889
taskonomy/room_layout,encoder.layer3.1.relu,V2,test,sub-09,5919,754,rsa,-0.05277491733431816
taskonomy/room_layout,encoder.layer3.1.relu,V3,test,sub-09,5919,575,rsa,0.0025694845244288445
taskonomy/room_layout,encoder.layer3.1.relu,V4,test,sub-09,5919,616,rsa,0.039429791271686554
taskonomy/room_layout,encoder.layer3.1.relu,V3A,test,sub-09,5919,270,rsa,0.122658371925354
taskonomy/room_layout,encoder.layer3.1.relu,V3B,test,sub-09,5919,148,rsa,0.0908387303352356
taskonomy/room_layout,encoder.layer3.1.relu,V6,test,sub-09,5919,104,rsa,0.039403896778821945
taskonomy/room_layout,encoder.layer3.1.relu,V6A,test,sub-09,5919,85,rsa,0.022519370540976524
taskonomy/room_layout,encoder.layer3.1.relu,V7,test,sub-09,5919,87,rsa,0.146803617477417
taskonomy/room_layout,encoder.layer3.1.relu,V8,test,sub-09,5919,101,rsa,-0.01396407000720501
taskonomy/room_layout,encoder.layer3.1.relu,FFC,test,sub-09,5919,263,rsa,0.009667884558439255
taskonomy/room_layout,encoder.layer3.1.relu,PIT,test,sub-09,5919,123,rsa,-0.0028440547175705433
taskonomy/room_layout,encoder.layer3.1.relu,IPS1,test,sub-09,5919,243,rsa,0.07315770536661148
taskonomy/room_layout,encoder.layer3.1.relu,MST,test,sub-09,5919,149,rsa,0.01758219674229622
taskonomy/room_layout,encoder.layer3.1.relu,MT,test,sub-09,5919,100,rsa,0.06293129920959473
taskonomy/room_layout,encoder.layer3.1.relu,FST,test,sub-09,5919,156,rsa,0.008657358586788177
taskonomy/room_layout,encoder.layer3.1.relu,LO1,test,sub-09,5919,79,rsa,0.05352542921900749
taskonomy/room_layout,encoder.layer3.1.relu,LO2,test,sub-09,5919,80,rsa,0.011530488729476929
taskonomy/room_layout,encoder.layer3.1.relu,LO3,test,sub-09,5919,125,rsa,0.018637649714946747
taskonomy/room_layout,encoder.layer3.1.relu,V7,test,sub-09,5919,87,rsa,0.146803617477417
taskonomy/room_layout,encoder.layer3.1.relu,IP0,test,sub-09,5919,198,rsa,0.09008806198835373
taskonomy/room_layout,encoder.layer3.1.relu,IP1,test,sub-09,5919,114,rsa,0.024473149329423904
taskonomy/room_layout,encoder.layer3.1.relu,MIP,test,sub-09,5919,280,rsa,0.006614013109356165
taskonomy/room_layout,encoder.layer3.1.relu,VIP,test,sub-09,5919,180,rsa,-0.04721764847636223
taskonomy/room_layout,encoder.layer3.1.relu,LIPd,test,sub-09,5919,69,rsa,-0.06404437869787216
taskonomy/room_layout,encoder.layer3.1.relu,LIPv,test,sub-09,5919,239,rsa,-0.03312874957919121
taskonomy/room_layout,encoder.layer3.1.relu,AIP,test,sub-09,5919,275,rsa,0.03588974475860596
taskonomy/room_layout,encoder.layer3.1.relu,7Pm,test,sub-09,5919,17,rsa,-0.00915980339050293
taskonomy/room_layout,encoder.layer3.1.relu,7PL,test,sub-09,5919,133,rsa,0.009739892557263374
taskonomy/room_layout,encoder.layer3.1.relu,7PC,test,sub-09,5919,315,rsa,-0.012945774011313915
taskonomy/room_layout,encoder.layer3.1.relu,7Am,test,sub-09,5919,228,rsa,0.04157332330942154
taskonomy/room_layout,encoder.layer3.1.relu,7AL,test,sub-09,5919,178,rsa,0.05484750121831894
taskonomy/room_layout,encoder.layer3.1.relu,VVC,test,sub-09,5919,151,rsa,-0.029471557587385178
taskonomy/room_layout,encoder.layer3.1.relu,VMV2,test,sub-09,5919,119,rsa,-0.026109980419278145
taskonomy/room_layout,encoder.layer3.1.relu,VMV3,test,sub-09,5919,109,rsa,-0.04659795016050339
taskonomy/room_layout,encoder.layer3.1.relu,VMV1,test,sub-09,5919,96,rsa,-0.02385196089744568
taskonomy/room_layout,encoder.layer3.1.relu,PHA2,test,sub-09,5919,17,rsa,0.003358657006174326
taskonomy/room_layout,encoder.layer3.1.relu,PHA3,test,sub-09,5919,104,rsa,-0.02687506377696991
taskonomy/room_layout,encoder.layer3.1.relu,PH,test,sub-09,5919,258,rsa,0.014070761390030384
taskonomy/room_layout,encoder.layer3.2.relu,V1,test,sub-09,5919,641,rsa,-0.0020583663135766983
taskonomy/room_layout,encoder.layer3.2.relu,V2,test,sub-09,5919,754,rsa,-0.05529810115695
taskonomy/room_layout,encoder.layer3.2.relu,V3,test,sub-09,5919,575,rsa,-0.00021216552704572678
taskonomy/room_layout,encoder.layer3.2.relu,V4,test,sub-09,5919,616,rsa,0.03580457344651222
taskonomy/room_layout,encoder.layer3.2.relu,V3A,test,sub-09,5919,270,rsa,0.12082885205745697
taskonomy/room_layout,encoder.layer3.2.relu,V3B,test,sub-09,5919,148,rsa,0.08941804617643356
taskonomy/room_layout,encoder.layer3.2.relu,V6,test,sub-09,5919,104,rsa,0.040161971002817154
taskonomy/room_layout,encoder.layer3.2.relu,V6A,test,sub-09,5919,85,rsa,0.023353053256869316
taskonomy/room_layout,encoder.layer3.2.relu,V7,test,sub-09,5919,87,rsa,0.14969424903392792
taskonomy/room_layout,encoder.layer3.2.relu,V8,test,sub-09,5919,101,rsa,-0.015283477492630482
taskonomy/room_layout,encoder.layer3.2.relu,FFC,test,sub-09,5919,263,rsa,0.006811101455241442
taskonomy/room_layout,encoder.layer3.2.relu,PIT,test,sub-09,5919,123,rsa,-0.0011372212320566177
taskonomy/room_layout,encoder.layer3.2.relu,IPS1,test,sub-09,5919,243,rsa,0.07072361558675766
taskonomy/room_layout,encoder.layer3.2.relu,MST,test,sub-09,5919,149,rsa,0.016636036336421967
taskonomy/room_layout,encoder.layer3.2.relu,MT,test,sub-09,5919,100,rsa,0.061567481607198715
taskonomy/room_layout,encoder.layer3.2.relu,FST,test,sub-09,5919,156,rsa,0.00737344054505229
taskonomy/room_layout,encoder.layer3.2.relu,LO1,test,sub-09,5919,79,rsa,0.05072111263871193
taskonomy/room_layout,encoder.layer3.2.relu,LO2,test,sub-09,5919,80,rsa,0.014697746373713017
taskonomy/room_layout,encoder.layer3.2.relu,LO3,test,sub-09,5919,125,rsa,0.020096855238080025
taskonomy/room_layout,encoder.layer3.2.relu,V7,test,sub-09,5919,87,rsa,0.14969424903392792
taskonomy/room_layout,encoder.layer3.2.relu,IP0,test,sub-09,5919,198,rsa,0.08473467081785202
taskonomy/room_layout,encoder.layer3.2.relu,IP1,test,sub-09,5919,114,rsa,0.02547517418861389
taskonomy/room_layout,encoder.layer3.2.relu,MIP,test,sub-09,5919,280,rsa,0.00425054831430316
taskonomy/room_layout,encoder.layer3.2.relu,VIP,test,sub-09,5919,180,rsa,-0.050385456532239914
taskonomy/room_layout,encoder.layer3.2.relu,LIPd,test,sub-09,5919,69,rsa,-0.06314879655838013
taskonomy/room_layout,encoder.layer3.2.relu,LIPv,test,sub-09,5919,239,rsa,-0.03264659270644188
taskonomy/room_layout,encoder.layer3.2.relu,AIP,test,sub-09,5919,275,rsa,0.037087805569171906
taskonomy/room_layout,encoder.layer3.2.relu,7Pm,test,sub-09,5919,17,rsa,-0.008529840037226677
taskonomy/room_layout,encoder.layer3.2.relu,7PL,test,sub-09,5919,133,rsa,0.005152582190930843
taskonomy/room_layout,encoder.layer3.2.relu,7PC,test,sub-09,5919,315,rsa,-0.011619160883128643
taskonomy/room_layout,encoder.layer3.2.relu,7Am,test,sub-09,5919,228,rsa,0.03493364155292511
taskonomy/room_layout,encoder.layer3.2.relu,7AL,test,sub-09,5919,178,rsa,0.04812781140208244
taskonomy/room_layout,encoder.layer3.2.relu,VVC,test,sub-09,5919,151,rsa,-0.031879860907793045
taskonomy/room_layout,encoder.layer3.2.relu,VMV2,test,sub-09,5919,119,rsa,-0.03183969110250473
taskonomy/room_layout,encoder.layer3.2.relu,VMV3,test,sub-09,5919,109,rsa,-0.04674533009529114
taskonomy/room_layout,encoder.layer3.2.relu,VMV1,test,sub-09,5919,96,rsa,-0.02716781757771969
taskonomy/room_layout,encoder.layer3.2.relu,PHA2,test,sub-09,5919,17,rsa,0.0017524637514725327
taskonomy/room_layout,encoder.layer3.2.relu,PHA3,test,sub-09,5919,104,rsa,-0.027373505756258965
taskonomy/room_layout,encoder.layer3.2.relu,PH,test,sub-09,5919,258,rsa,0.01349260751157999
taskonomy/room_layout,encoder.layer3.3.relu,V1,test,sub-09,5919,641,rsa,-0.006629973649978638
taskonomy/room_layout,encoder.layer3.3.relu,V2,test,sub-09,5919,754,rsa,-0.05739183723926544
taskonomy/room_layout,encoder.layer3.3.relu,V3,test,sub-09,5919,575,rsa,-0.0026010945439338684
taskonomy/room_layout,encoder.layer3.3.relu,V4,test,sub-09,5919,616,rsa,0.03199577331542969
taskonomy/room_layout,encoder.layer3.3.relu,V3A,test,sub-09,5919,270,rsa,0.11400750279426575
taskonomy/room_layout,encoder.layer3.3.relu,V3B,test,sub-09,5919,148,rsa,0.09010371565818787
taskonomy/room_layout,encoder.layer3.3.relu,V6,test,sub-09,5919,104,rsa,0.03725488483905792
taskonomy/room_layout,encoder.layer3.3.relu,V6A,test,sub-09,5919,85,rsa,0.020014874637126923
taskonomy/room_layout,encoder.layer3.3.relu,V7,test,sub-09,5919,87,rsa,0.15013156831264496
taskonomy/room_layout,encoder.layer3.3.relu,V8,test,sub-09,5919,101,rsa,-0.01837940141558647
taskonomy/room_layout,encoder.layer3.3.relu,FFC,test,sub-09,5919,263,rsa,0.0020134022925049067
taskonomy/room_layout,encoder.layer3.3.relu,PIT,test,sub-09,5919,123,rsa,-0.0013901602942496538
taskonomy/room_layout,encoder.layer3.3.relu,IPS1,test,sub-09,5919,243,rsa,0.07069923728704453
taskonomy/room_layout,encoder.layer3.3.relu,MST,test,sub-09,5919,149,rsa,0.015351949259638786
taskonomy/room_layout,encoder.layer3.3.relu,MT,test,sub-09,5919,100,rsa,0.060349173843860626
taskonomy/room_layout,encoder.layer3.3.relu,FST,test,sub-09,5919,156,rsa,0.00455976789817214
taskonomy/room_layout,encoder.layer3.3.relu,LO1,test,sub-09,5919,79,rsa,0.04667024314403534
taskonomy/room_layout,encoder.layer3.3.relu,LO2,test,sub-09,5919,80,rsa,0.01298802625387907
taskonomy/room_layout,encoder.layer3.3.relu,LO3,test,sub-09,5919,125,rsa,0.015680931508541107
taskonomy/room_layout,encoder.layer3.3.relu,V7,test,sub-09,5919,87,rsa,0.15013156831264496
taskonomy/room_layout,encoder.layer3.3.relu,IP0,test,sub-09,5919,198,rsa,0.08267846703529358
taskonomy/room_layout,encoder.layer3.3.relu,IP1,test,sub-09,5919,114,rsa,0.023974206298589706
taskonomy/room_layout,encoder.layer3.3.relu,MIP,test,sub-09,5919,280,rsa,0.0019139028154313564
taskonomy/room_layout,encoder.layer3.3.relu,VIP,test,sub-09,5919,180,rsa,-0.05221562832593918
taskonomy/room_layout,encoder.layer3.3.relu,LIPd,test,sub-09,5919,69,rsa,-0.06012273579835892
taskonomy/room_layout,encoder.layer3.3.relu,LIPv,test,sub-09,5919,239,rsa,-0.03128855675458908
taskonomy/room_layout,encoder.layer3.3.relu,AIP,test,sub-09,5919,275,rsa,0.03594962880015373
taskonomy/room_layout,encoder.layer3.3.relu,7Pm,test,sub-09,5919,17,rsa,-0.009932214394211769
taskonomy/room_layout,encoder.layer3.3.relu,7PL,test,sub-09,5919,133,rsa,0.0011415970511734486
taskonomy/room_layout,encoder.layer3.3.relu,7PC,test,sub-09,5919,315,rsa,-0.010370900854468346
taskonomy/room_layout,encoder.layer3.3.relu,7Am,test,sub-09,5919,228,rsa,0.028415923938155174
taskonomy/room_layout,encoder.layer3.3.relu,7AL,test,sub-09,5919,178,rsa,0.04333536699414253
taskonomy/room_layout,encoder.layer3.3.relu,VVC,test,sub-09,5919,151,rsa,-0.033951304852962494
taskonomy/room_layout,encoder.layer3.3.relu,VMV2,test,sub-09,5919,119,rsa,-0.03670808672904968
taskonomy/room_layout,encoder.layer3.3.relu,VMV3,test,sub-09,5919,109,rsa,-0.04959411174058914
taskonomy/room_layout,encoder.layer3.3.relu,VMV1,test,sub-09,5919,96,rsa,-0.02945600263774395
taskonomy/room_layout,encoder.layer3.3.relu,PHA2,test,sub-09,5919,17,rsa,0.00023079803213477135
taskonomy/room_layout,encoder.layer3.3.relu,PHA3,test,sub-09,5919,104,rsa,-0.02925908751785755
taskonomy/room_layout,encoder.layer3.3.relu,PH,test,sub-09,5919,258,rsa,0.009748735465109348
taskonomy/room_layout,encoder.layer3.4.relu,V1,test,sub-09,5919,641,rsa,-0.010722039267420769
taskonomy/room_layout,encoder.layer3.4.relu,V2,test,sub-09,5919,754,rsa,-0.05953540280461311
taskonomy/room_layout,encoder.layer3.4.relu,V3,test,sub-09,5919,575,rsa,-0.005600703880190849
taskonomy/room_layout,encoder.layer3.4.relu,V4,test,sub-09,5919,616,rsa,0.025801103562116623
taskonomy/room_layout,encoder.layer3.4.relu,V3A,test,sub-09,5919,270,rsa,0.11128532141447067
taskonomy/room_layout,encoder.layer3.4.relu,V3B,test,sub-09,5919,148,rsa,0.08854798972606659
taskonomy/room_layout,encoder.layer3.4.relu,V6,test,sub-09,5919,104,rsa,0.03600994497537613
taskonomy/room_layout,encoder.layer3.4.relu,V6A,test,sub-09,5919,85,rsa,0.015546738170087337
taskonomy/room_layout,encoder.layer3.4.relu,V7,test,sub-09,5919,87,rsa,0.14206069707870483
taskonomy/room_layout,encoder.layer3.4.relu,V8,test,sub-09,5919,101,rsa,-0.02117757499217987
taskonomy/room_layout,encoder.layer3.4.relu,FFC,test,sub-09,5919,263,rsa,-0.0007421139162033796
taskonomy/room_layout,encoder.layer3.4.relu,PIT,test,sub-09,5919,123,rsa,-0.004570454359054565
taskonomy/room_layout,encoder.layer3.4.relu,IPS1,test,sub-09,5919,243,rsa,0.07068826258182526
taskonomy/room_layout,encoder.layer3.4.relu,MST,test,sub-09,5919,149,rsa,0.011809838935732841
taskonomy/room_layout,encoder.layer3.4.relu,MT,test,sub-09,5919,100,rsa,0.05815916508436203
taskonomy/room_layout,encoder.layer3.4.relu,FST,test,sub-09,5919,156,rsa,0.002300804480910301
taskonomy/room_layout,encoder.layer3.4.relu,LO1,test,sub-09,5919,79,rsa,0.04604426398873329
taskonomy/room_layout,encoder.layer3.4.relu,LO2,test,sub-09,5919,80,rsa,0.012539144605398178
taskonomy/room_layout,encoder.layer3.4.relu,LO3,test,sub-09,5919,125,rsa,0.010358370840549469
taskonomy/room_layout,encoder.layer3.4.relu,V7,test,sub-09,5919,87,rsa,0.14206069707870483
taskonomy/room_layout,encoder.layer3.4.relu,IP0,test,sub-09,5919,198,rsa,0.07800257205963135
taskonomy/room_layout,encoder.layer3.4.relu,IP1,test,sub-09,5919,114,rsa,0.025132296606898308
taskonomy/room_layout,encoder.layer3.4.relu,MIP,test,sub-09,5919,280,rsa,-0.0019056114833801985
taskonomy/room_layout,encoder.layer3.4.relu,VIP,test,sub-09,5919,180,rsa,-0.05635135620832443
taskonomy/room_layout,encoder.layer3.4.relu,LIPd,test,sub-09,5919,69,rsa,-0.06250597536563873
taskonomy/room_layout,encoder.layer3.4.relu,LIPv,test,sub-09,5919,239,rsa,-0.033780187368392944
taskonomy/room_layout,encoder.layer3.4.relu,AIP,test,sub-09,5919,275,rsa,0.03369944542646408
taskonomy/room_layout,encoder.layer3.4.relu,7Pm,test,sub-09,5919,17,rsa,-0.011582007631659508
taskonomy/room_layout,encoder.layer3.4.relu,7PL,test,sub-09,5919,133,rsa,-0.0003589233383536339
taskonomy/room_layout,encoder.layer3.4.relu,7PC,test,sub-09,5919,315,rsa,-0.0112401582300663
taskonomy/room_layout,encoder.layer3.4.relu,7Am,test,sub-09,5919,228,rsa,0.025236470624804497
taskonomy/room_layout,encoder.layer3.4.relu,7AL,test,sub-09,5919,178,rsa,0.041852936148643494
taskonomy/room_layout,encoder.layer3.4.relu,VVC,test,sub-09,5919,151,rsa,-0.03598026558756828
taskonomy/room_layout,encoder.layer3.4.relu,VMV2,test,sub-09,5919,119,rsa,-0.03903810679912567
taskonomy/room_layout,encoder.layer3.4.relu,VMV3,test,sub-09,5919,109,rsa,-0.04943609982728958
taskonomy/room_layout,encoder.layer3.4.relu,VMV1,test,sub-09,5919,96,rsa,-0.03153142333030701
taskonomy/room_layout,encoder.layer3.4.relu,PHA2,test,sub-09,5919,17,rsa,-0.0006412089569494128
taskonomy/room_layout,encoder.layer3.4.relu,PHA3,test,sub-09,5919,104,rsa,-0.031203055754303932
taskonomy/room_layout,encoder.layer3.4.relu,PH,test,sub-09,5919,258,rsa,0.007877795957028866
taskonomy/room_layout,encoder.layer3.5.relu,V1,test,sub-09,5919,641,rsa,-0.010886330157518387
taskonomy/room_layout,encoder.layer3.5.relu,V2,test,sub-09,5919,754,rsa,-0.06146658584475517
taskonomy/room_layout,encoder.layer3.5.relu,V3,test,sub-09,5919,575,rsa,-0.005719373933970928
taskonomy/room_layout,encoder.layer3.5.relu,V4,test,sub-09,5919,616,rsa,0.024918392300605774
taskonomy/room_layout,encoder.layer3.5.relu,V3A,test,sub-09,5919,270,rsa,0.11022926867008209
taskonomy/room_layout,encoder.layer3.5.relu,V3B,test,sub-09,5919,148,rsa,0.0891471803188324
taskonomy/room_layout,encoder.layer3.5.relu,V6,test,sub-09,5919,104,rsa,0.03528518229722977
taskonomy/room_layout,encoder.layer3.5.relu,V6A,test,sub-09,5919,85,rsa,0.01607605442404747
taskonomy/room_layout,encoder.layer3.5.relu,V7,test,sub-09,5919,87,rsa,0.1394575834274292
taskonomy/room_layout,encoder.layer3.5.relu,V8,test,sub-09,5919,101,rsa,-0.02332403138279915
taskonomy/room_layout,encoder.layer3.5.relu,FFC,test,sub-09,5919,263,rsa,-0.0024105957709252834
taskonomy/room_layout,encoder.layer3.5.relu,PIT,test,sub-09,5919,123,rsa,-0.004461994394659996
taskonomy/room_layout,encoder.layer3.5.relu,IPS1,test,sub-09,5919,243,rsa,0.0686790719628334
taskonomy/room_layout,encoder.layer3.5.relu,MST,test,sub-09,5919,149,rsa,0.00946494098752737
taskonomy/room_layout,encoder.layer3.5.relu,MT,test,sub-09,5919,100,rsa,0.05770387500524521
taskonomy/room_layout,encoder.layer3.5.relu,FST,test,sub-09,5919,156,rsa,0.0005830330774188042
taskonomy/room_layout,encoder.layer3.5.relu,LO1,test,sub-09,5919,79,rsa,0.04692137986421585
taskonomy/room_layout,encoder.layer3.5.relu,LO2,test,sub-09,5919,80,rsa,0.014107011258602142
taskonomy/room_layout,encoder.layer3.5.relu,LO3,test,sub-09,5919,125,rsa,0.008922360837459564
taskonomy/room_layout,encoder.layer3.5.relu,V7,test,sub-09,5919,87,rsa,0.1394575834274292
taskonomy/room_layout,encoder.layer3.5.relu,IP0,test,sub-09,5919,198,rsa,0.07537470012903214
taskonomy/room_layout,encoder.layer3.5.relu,IP1,test,sub-09,5919,114,rsa,0.024061542004346848
taskonomy/room_layout,encoder.layer3.5.relu,MIP,test,sub-09,5919,280,rsa,-0.0033104480244219303
taskonomy/room_layout,encoder.layer3.5.relu,VIP,test,sub-09,5919,180,rsa,-0.05550365149974823
taskonomy/room_layout,encoder.layer3.5.relu,LIPd,test,sub-09,5919,69,rsa,-0.06430583447217941
taskonomy/room_layout,encoder.layer3.5.relu,LIPv,test,sub-09,5919,239,rsa,-0.035719532519578934
taskonomy/room_layout,encoder.layer3.5.relu,AIP,test,sub-09,5919,275,rsa,0.03358514606952667
taskonomy/room_layout,encoder.layer3.5.relu,7Pm,test,sub-09,5919,17,rsa,-0.011649679392576218
taskonomy/room_layout,encoder.layer3.5.relu,7PL,test,sub-09,5919,133,rsa,-0.0005822787061333656
taskonomy/room_layout,encoder.layer3.5.relu,7PC,test,sub-09,5919,315,rsa,-0.012574346736073494
taskonomy/room_layout,encoder.layer3.5.relu,7Am,test,sub-09,5919,228,rsa,0.026199985295534134
taskonomy/room_layout,encoder.layer3.5.relu,7AL,test,sub-09,5919,178,rsa,0.04193161800503731
taskonomy/room_layout,encoder.layer3.5.relu,VVC,test,sub-09,5919,151,rsa,-0.0383368618786335
taskonomy/room_layout,encoder.layer3.5.relu,VMV2,test,sub-09,5919,119,rsa,-0.040118105709552765
taskonomy/room_layout,encoder.layer3.5.relu,VMV3,test,sub-09,5919,109,rsa,-0.049203574657440186
taskonomy/room_layout,encoder.layer3.5.relu,VMV1,test,sub-09,5919,96,rsa,-0.032882217317819595
taskonomy/room_layout,encoder.layer3.5.relu,PHA2,test,sub-09,5919,17,rsa,-0.00015387265011668205
taskonomy/room_layout,encoder.layer3.5.relu,PHA3,test,sub-09,5919,104,rsa,-0.03321651369333267
taskonomy/room_layout,encoder.layer3.5.relu,PH,test,sub-09,5919,258,rsa,0.007492218166589737
taskonomy/room_layout,encoder.layer4.0.relu,V1,test,sub-09,5919,641,rsa,-0.00620877742767334
taskonomy/room_layout,encoder.layer4.0.relu,V2,test,sub-09,5919,754,rsa,-0.05370258167386055
taskonomy/room_layout,encoder.layer4.0.relu,V3,test,sub-09,5919,575,rsa,0.0011856891214847565
taskonomy/room_layout,encoder.layer4.0.relu,V4,test,sub-09,5919,616,rsa,0.03143908083438873
taskonomy/room_layout,encoder.layer4.0.relu,V3A,test,sub-09,5919,270,rsa,0.12360275536775589
taskonomy/room_layout,encoder.layer4.0.relu,V3B,test,sub-09,5919,148,rsa,0.0911928117275238
taskonomy/room_layout,encoder.layer4.0.relu,V6,test,sub-09,5919,104,rsa,0.0472327396273613
taskonomy/room_layout,encoder.layer4.0.relu,V6A,test,sub-09,5919,85,rsa,0.018636833876371384
taskonomy/room_layout,encoder.layer4.0.relu,V7,test,sub-09,5919,87,rsa,0.12761114537715912
taskonomy/room_layout,encoder.layer4.0.relu,V8,test,sub-09,5919,101,rsa,-0.01760229282081127
taskonomy/room_layout,encoder.layer4.0.relu,FFC,test,sub-09,5919,263,rsa,0.011667773127555847
taskonomy/room_layout,encoder.layer4.0.relu,PIT,test,sub-09,5919,123,rsa,-0.004186410456895828
taskonomy/room_layout,encoder.layer4.0.relu,IPS1,test,sub-09,5919,243,rsa,0.07391713559627533
taskonomy/room_layout,encoder.layer4.0.relu,MST,test,sub-09,5919,149,rsa,0.018543321639299393
taskonomy/room_layout,encoder.layer4.0.relu,MT,test,sub-09,5919,100,rsa,0.06589308381080627
taskonomy/room_layout,encoder.layer4.0.relu,FST,test,sub-09,5919,156,rsa,0.008292889222502708
taskonomy/room_layout,encoder.layer4.0.relu,LO1,test,sub-09,5919,79,rsa,0.05618773400783539
taskonomy/room_layout,encoder.layer4.0.relu,LO2,test,sub-09,5919,80,rsa,0.018150055781006813
taskonomy/room_layout,encoder.layer4.0.relu,LO3,test,sub-09,5919,125,rsa,0.024552300572395325
taskonomy/room_layout,encoder.layer4.0.relu,V7,test,sub-09,5919,87,rsa,0.12761114537715912
taskonomy/room_layout,encoder.layer4.0.relu,IP0,test,sub-09,5919,198,rsa,0.07330895215272903
taskonomy/room_layout,encoder.layer4.0.relu,IP1,test,sub-09,5919,114,rsa,0.02985326200723648
taskonomy/room_layout,encoder.layer4.0.relu,MIP,test,sub-09,5919,280,rsa,-0.0017109853215515614
taskonomy/room_layout,encoder.layer4.0.relu,VIP,test,sub-09,5919,180,rsa,-0.04580703377723694
taskonomy/room_layout,encoder.layer4.0.relu,LIPd,test,sub-09,5919,69,rsa,-0.06504859030246735
taskonomy/room_layout,encoder.layer4.0.relu,LIPv,test,sub-09,5919,239,rsa,-0.0417671725153923
taskonomy/room_layout,encoder.layer4.0.relu,AIP,test,sub-09,5919,275,rsa,0.027641601860523224
taskonomy/room_layout,encoder.layer4.0.relu,7Pm,test,sub-09,5919,17,rsa,-0.0077836643904447556
taskonomy/room_layout,encoder.layer4.0.relu,7PL,test,sub-09,5919,133,rsa,0.0013228137977421284
taskonomy/room_layout,encoder.layer4.0.relu,7PC,test,sub-09,5919,315,rsa,-0.004850253462791443
taskonomy/room_layout,encoder.layer4.0.relu,7Am,test,sub-09,5919,228,rsa,0.033749792724847794
taskonomy/room_layout,encoder.layer4.0.relu,7AL,test,sub-09,5919,178,rsa,0.051673270761966705
taskonomy/room_layout,encoder.layer4.0.relu,VVC,test,sub-09,5919,151,rsa,-0.030561795458197594
taskonomy/room_layout,encoder.layer4.0.relu,VMV2,test,sub-09,5919,119,rsa,-0.019536126405000687
taskonomy/room_layout,encoder.layer4.0.relu,VMV3,test,sub-09,5919,109,rsa,-0.03503236919641495
taskonomy/room_layout,encoder.layer4.0.relu,VMV1,test,sub-09,5919,96,rsa,-0.0291155893355608
taskonomy/room_layout,encoder.layer4.0.relu,PHA2,test,sub-09,5919,17,rsa,0.00039798207581043243
taskonomy/room_layout,encoder.layer4.0.relu,PHA3,test,sub-09,5919,104,rsa,-0.03104642778635025
taskonomy/room_layout,encoder.layer4.0.relu,PH,test,sub-09,5919,258,rsa,0.01883385144174099
taskonomy/room_layout,encoder.layer4.1.relu,V1,test,sub-09,5919,641,rsa,-0.009300267323851585
taskonomy/room_layout,encoder.layer4.1.relu,V2,test,sub-09,5919,754,rsa,-0.06009490042924881
taskonomy/room_layout,encoder.layer4.1.relu,V3,test,sub-09,5919,575,rsa,-0.0029613319784402847
taskonomy/room_layout,encoder.layer4.1.relu,V4,test,sub-09,5919,616,rsa,0.028411753475666046
taskonomy/room_layout,encoder.layer4.1.relu,V3A,test,sub-09,5919,270,rsa,0.1195768266916275
taskonomy/room_layout,encoder.layer4.1.relu,V3B,test,sub-09,5919,148,rsa,0.09323125332593918
taskonomy/room_layout,encoder.layer4.1.relu,V6,test,sub-09,5919,104,rsa,0.04297909885644913
taskonomy/room_layout,encoder.layer4.1.relu,V6A,test,sub-09,5919,85,rsa,0.019519738852977753
taskonomy/room_layout,encoder.layer4.1.relu,V7,test,sub-09,5919,87,rsa,0.12293244898319244
taskonomy/room_layout,encoder.layer4.1.relu,V8,test,sub-09,5919,101,rsa,-0.013904893770813942
taskonomy/room_layout,encoder.layer4.1.relu,FFC,test,sub-09,5919,263,rsa,0.009663309901952744
taskonomy/room_layout,encoder.layer4.1.relu,PIT,test,sub-09,5919,123,rsa,-0.009480094537138939
taskonomy/room_layout,encoder.layer4.1.relu,IPS1,test,sub-09,5919,243,rsa,0.06672588735818863
taskonomy/room_layout,encoder.layer4.1.relu,MST,test,sub-09,5919,149,rsa,0.024832412600517273
taskonomy/room_layout,encoder.layer4.1.relu,MT,test,sub-09,5919,100,rsa,0.06779081374406815
taskonomy/room_layout,encoder.layer4.1.relu,FST,test,sub-09,5919,156,rsa,0.010325326584279537
taskonomy/room_layout,encoder.layer4.1.relu,LO1,test,sub-09,5919,79,rsa,0.04774180427193642
taskonomy/room_layout,encoder.layer4.1.relu,LO2,test,sub-09,5919,80,rsa,0.016179261729121208
taskonomy/room_layout,encoder.layer4.1.relu,LO3,test,sub-09,5919,125,rsa,0.03294777125120163
taskonomy/room_layout,encoder.layer4.1.relu,V7,test,sub-09,5919,87,rsa,0.12293244898319244
taskonomy/room_layout,encoder.layer4.1.relu,IP0,test,sub-09,5919,198,rsa,0.06707068532705307
taskonomy/room_layout,encoder.layer4.1.relu,IP1,test,sub-09,5919,114,rsa,0.033943064510822296
taskonomy/room_layout,encoder.layer4.1.relu,MIP,test,sub-09,5919,280,rsa,-0.0060897404327988625
taskonomy/room_layout,encoder.layer4.1.relu,VIP,test,sub-09,5919,180,rsa,-0.049870532006025314
taskonomy/room_layout,encoder.layer4.1.relu,LIPd,test,sub-09,5919,69,rsa,-0.06528427451848984
taskonomy/room_layout,encoder.layer4.1.relu,LIPv,test,sub-09,5919,239,rsa,-0.03721259534358978
taskonomy/room_layout,encoder.layer4.1.relu,AIP,test,sub-09,5919,275,rsa,0.029163625091314316
taskonomy/room_layout,encoder.layer4.1.relu,7Pm,test,sub-09,5919,17,rsa,-0.006194724701344967
taskonomy/room_layout,encoder.layer4.1.relu,7PL,test,sub-09,5919,133,rsa,-0.004644427448511124
taskonomy/room_layout,encoder.layer4.1.relu,7PC,test,sub-09,5919,315,rsa,-0.002768879756331444
taskonomy/room_layout,encoder.layer4.1.relu,7Am,test,sub-09,5919,228,rsa,0.0222336295992136
taskonomy/room_layout,encoder.layer4.1.relu,7AL,test,sub-09,5919,178,rsa,0.043691206723451614
taskonomy/room_layout,encoder.layer4.1.relu,VVC,test,sub-09,5919,151,rsa,-0.030815578997135162
taskonomy/room_layout,encoder.layer4.1.relu,VMV2,test,sub-09,5919,119,rsa,-0.018723854795098305
taskonomy/room_layout,encoder.layer4.1.relu,VMV3,test,sub-09,5919,109,rsa,-0.03824124112725258
taskonomy/room_layout,encoder.layer4.1.relu,VMV1,test,sub-09,5919,96,rsa,-0.028885765001177788
taskonomy/room_layout,encoder.layer4.1.relu,PHA2,test,sub-09,5919,17,rsa,0.0022606973070651293
taskonomy/room_layout,encoder.layer4.1.relu,PHA3,test,sub-09,5919,104,rsa,-0.028472481295466423
taskonomy/room_layout,encoder.layer4.1.relu,PH,test,sub-09,5919,258,rsa,0.022168777883052826
taskonomy/room_layout,encoder.layer4.2.relu,V1,test,sub-09,5919,641,rsa,-0.006703583523631096
taskonomy/room_layout,encoder.layer4.2.relu,V2,test,sub-09,5919,754,rsa,-0.057632166892290115
taskonomy/room_layout,encoder.layer4.2.relu,V3,test,sub-09,5919,575,rsa,-0.004193322733044624
taskonomy/room_layout,encoder.layer4.2.relu,V4,test,sub-09,5919,616,rsa,0.0323047935962677
taskonomy/room_layout,encoder.layer4.2.relu,V3A,test,sub-09,5919,270,rsa,0.113425113260746
taskonomy/room_layout,encoder.layer4.2.relu,V3B,test,sub-09,5919,148,rsa,0.0877121239900589
taskonomy/room_layout,encoder.layer4.2.relu,V6,test,sub-09,5919,104,rsa,0.04346171393990517
taskonomy/room_layout,encoder.layer4.2.relu,V6A,test,sub-09,5919,85,rsa,0.023717623203992844
taskonomy/room_layout,encoder.layer4.2.relu,V7,test,sub-09,5919,87,rsa,0.11143141984939575
taskonomy/room_layout,encoder.layer4.2.relu,V8,test,sub-09,5919,101,rsa,-0.005279627162963152
taskonomy/room_layout,encoder.layer4.2.relu,FFC,test,sub-09,5919,263,rsa,0.013749148696660995
taskonomy/room_layout,encoder.layer4.2.relu,PIT,test,sub-09,5919,123,rsa,-0.012765949591994286
taskonomy/room_layout,encoder.layer4.2.relu,IPS1,test,sub-09,5919,243,rsa,0.06627438217401505
taskonomy/room_layout,encoder.layer4.2.relu,MST,test,sub-09,5919,149,rsa,0.02545497566461563
taskonomy/room_layout,encoder.layer4.2.relu,MT,test,sub-09,5919,100,rsa,0.0718497484922409
taskonomy/room_layout,encoder.layer4.2.relu,FST,test,sub-09,5919,156,rsa,0.011470513418316841
taskonomy/room_layout,encoder.layer4.2.relu,LO1,test,sub-09,5919,79,rsa,0.043935708701610565
taskonomy/room_layout,encoder.layer4.2.relu,LO2,test,sub-09,5919,80,rsa,0.01706666126847267
taskonomy/room_layout,encoder.layer4.2.relu,LO3,test,sub-09,5919,125,rsa,0.04831530526280403
taskonomy/room_layout,encoder.layer4.2.relu,V7,test,sub-09,5919,87,rsa,0.11143141984939575
taskonomy/room_layout,encoder.layer4.2.relu,IP0,test,sub-09,5919,198,rsa,0.06379114836454391
taskonomy/room_layout,encoder.layer4.2.relu,IP1,test,sub-09,5919,114,rsa,0.03802788257598877
taskonomy/room_layout,encoder.layer4.2.relu,MIP,test,sub-09,5919,280,rsa,-0.0047070421278476715
taskonomy/room_layout,encoder.layer4.2.relu,VIP,test,sub-09,5919,180,rsa,-0.042866747826337814
taskonomy/room_layout,encoder.layer4.2.relu,LIPd,test,sub-09,5919,69,rsa,-0.06232162192463875
taskonomy/room_layout,encoder.layer4.2.relu,LIPv,test,sub-09,5919,239,rsa,-0.02765768952667713
taskonomy/room_layout,encoder.layer4.2.relu,AIP,test,sub-09,5919,275,rsa,0.022392982617020607
taskonomy/room_layout,encoder.layer4.2.relu,7Pm,test,sub-09,5919,17,rsa,-0.00496908463537693
taskonomy/room_layout,encoder.layer4.2.relu,7PL,test,sub-09,5919,133,rsa,-0.004712529946118593
taskonomy/room_layout,encoder.layer4.2.relu,7PC,test,sub-09,5919,315,rsa,-0.001173878088593483
taskonomy/room_layout,encoder.layer4.2.relu,7Am,test,sub-09,5919,228,rsa,0.024196770042181015
taskonomy/room_layout,encoder.layer4.2.relu,7AL,test,sub-09,5919,178,rsa,0.04815319553017616
taskonomy/room_layout,encoder.layer4.2.relu,VVC,test,sub-09,5919,151,rsa,-0.026098743081092834
taskonomy/room_layout,encoder.layer4.2.relu,VMV2,test,sub-09,5919,119,rsa,-0.000247882679104805
taskonomy/room_layout,encoder.layer4.2.relu,VMV3,test,sub-09,5919,109,rsa,-0.02517879195511341
taskonomy/room_layout,encoder.layer4.2.relu,VMV1,test,sub-09,5919,96,rsa,-0.02169610932469368
taskonomy/room_layout,encoder.layer4.2.relu,PHA2,test,sub-09,5919,17,rsa,0.0047921049408614635
taskonomy/room_layout,encoder.layer4.2.relu,PHA3,test,sub-09,5919,104,rsa,-0.02390827238559723
taskonomy/room_layout,encoder.layer4.2.relu,PH,test,sub-09,5919,258,rsa,0.024112466722726822
