model,layer,roi,split,subject,n_features_1_model,n_features_2_brain,metric,score
vissl/simclr_resnet50_1000epochs,layer1.0,V1,train,sub-10,5919,553,rsa,0.05567636713385582
vissl/simclr_resnet50_1000epochs,layer1.0,V2,train,sub-10,5919,516,rsa,0.040945686399936676
vissl/simclr_resnet50_1000epochs,layer1.0,V3,train,sub-10,5919,400,rsa,0.03455756977200508
vissl/simclr_resnet50_1000epochs,layer1.0,V4,train,sub-10,5919,574,rsa,0.03666854277253151
vissl/simclr_resnet50_1000epochs,layer1.0,V3A,train,sub-10,5919,85,rsa,0.021869642660021782
vissl/simclr_resnet50_1000epochs,layer1.0,V3B,train,sub-10,5919,99,rsa,0.013218953274190426
vissl/simclr_resnet50_1000epochs,layer1.0,V6,train,sub-10,5919,11,rsa,0.009511678479611874
vissl/simclr_resnet50_1000epochs,layer1.0,V6A,train,sub-10,5919,45,rsa,0.008887553587555885
vissl/simclr_resnet50_1000epochs,layer1.0,V7,train,sub-10,5919,61,rsa,0.006031862925738096
vissl/simclr_resnet50_1000epochs,layer1.0,V8,train,sub-10,5919,96,rsa,0.02289971522986889
vissl/simclr_resnet50_1000epochs,layer1.0,FFC,train,sub-10,5919,244,rsa,0.022977471351623535
vissl/simclr_resnet50_1000epochs,layer1.0,PIT,train,sub-10,5919,100,rsa,0.014131427742540836
vissl/simclr_resnet50_1000epochs,layer1.0,IPS1,train,sub-10,5919,166,rsa,0.003356541972607374
vissl/simclr_resnet50_1000epochs,layer1.0,MST,train,sub-10,5919,135,rsa,0.028207741677761078
vissl/simclr_resnet50_1000epochs,layer1.0,MT,train,sub-10,5919,86,rsa,0.02100560814142227
vissl/simclr_resnet50_1000epochs,layer1.0,FST,train,sub-10,5919,167,rsa,0.007566417101770639
vissl/simclr_resnet50_1000epochs,layer1.0,LO1,train,sub-10,5919,78,rsa,0.015616524964571
vissl/simclr_resnet50_1000epochs,layer1.0,LO2,train,sub-10,5919,80,rsa,0.011124057695269585
vissl/simclr_resnet50_1000epochs,layer1.0,LO3,train,sub-10,5919,113,rsa,0.01189497485756874
vissl/simclr_resnet50_1000epochs,layer1.0,V7,train,sub-10,5919,61,rsa,0.006031862925738096
vissl/simclr_resnet50_1000epochs,layer1.0,IP0,train,sub-10,5919,103,rsa,0.008525542914867401
vissl/simclr_resnet50_1000epochs,layer1.0,IP1,train,sub-10,5919,33,rsa,-0.00014664533955510706
vissl/simclr_resnet50_1000epochs,layer1.0,MIP,train,sub-10,5919,178,rsa,0.0030930195935070515
vissl/simclr_resnet50_1000epochs,layer1.0,VIP,train,sub-10,5919,100,rsa,0.003182115498930216
vissl/simclr_resnet50_1000epochs,layer1.0,LIPd,train,sub-10,5919,31,rsa,0.0012813322246074677
vissl/simclr_resnet50_1000epochs,layer1.0,LIPv,train,sub-10,5919,75,rsa,0.0042425524443387985
vissl/simclr_resnet50_1000epochs,layer1.0,AIP,train,sub-10,5919,409,rsa,0.0029952179174870253
vissl/simclr_resnet50_1000epochs,layer1.0,7Pm,train,sub-10,5919,21,rsa,0.0031617567874491215
vissl/simclr_resnet50_1000epochs,layer1.0,7PL,train,sub-10,5919,106,rsa,0.0020160586573183537
vissl/simclr_resnet50_1000epochs,layer1.0,7PC,train,sub-10,5919,224,rsa,0.0013538827188313007
vissl/simclr_resnet50_1000epochs,layer1.0,7Am,train,sub-10,5919,186,rsa,0.0031782640144228935
vissl/simclr_resnet50_1000epochs,layer1.0,7AL,train,sub-10,5919,158,rsa,0.0023352436255663633
vissl/simclr_resnet50_1000epochs,layer1.0,VVC,train,sub-10,5919,196,rsa,0.02530454657971859
vissl/simclr_resnet50_1000epochs,layer1.0,VMV2,train,sub-10,5919,94,rsa,0.01857978105545044
vissl/simclr_resnet50_1000epochs,layer1.0,VMV3,train,sub-10,5919,98,rsa,0.015440864488482475
vissl/simclr_resnet50_1000epochs,layer1.0,VMV1,train,sub-10,5919,42,rsa,0.01015801914036274
vissl/simclr_resnet50_1000epochs,layer1.0,PHA2,train,sub-10,5919,21,rsa,0.005435371771454811
vissl/simclr_resnet50_1000epochs,layer1.0,PHA3,train,sub-10,5919,104,rsa,0.015618669800460339
vissl/simclr_resnet50_1000epochs,layer1.0,PH,train,sub-10,5919,261,rsa,0.01585967466235161
vissl/simclr_resnet50_1000epochs,layer1.1,V1,train,sub-10,5919,553,rsa,0.0455230288207531
vissl/simclr_resnet50_1000epochs,layer1.1,V2,train,sub-10,5919,516,rsa,0.034856148064136505
vissl/simclr_resnet50_1000epochs,layer1.1,V3,train,sub-10,5919,400,rsa,0.029545359313488007
vissl/simclr_resnet50_1000epochs,layer1.1,V4,train,sub-10,5919,574,rsa,0.030205000191926956
vissl/simclr_resnet50_1000epochs,layer1.1,V3A,train,sub-10,5919,85,rsa,0.01914994791150093
vissl/simclr_resnet50_1000epochs,layer1.1,V3B,train,sub-10,5919,99,rsa,0.010519892908632755
vissl/simclr_resnet50_1000epochs,layer1.1,V6,train,sub-10,5919,11,rsa,0.009845825843513012
vissl/simclr_resnet50_1000epochs,layer1.1,V6A,train,sub-10,5919,45,rsa,0.006836185231804848
vissl/simclr_resnet50_1000epochs,layer1.1,V7,train,sub-10,5919,61,rsa,0.005402692593634129
vissl/simclr_resnet50_1000epochs,layer1.1,V8,train,sub-10,5919,96,rsa,0.018701424822211266
vissl/simclr_resnet50_1000epochs,layer1.1,FFC,train,sub-10,5919,244,rsa,0.020671866834163666
vissl/simclr_resnet50_1000epochs,layer1.1,PIT,train,sub-10,5919,100,rsa,0.011775410734117031
vissl/simclr_resnet50_1000epochs,layer1.1,IPS1,train,sub-10,5919,166,rsa,0.003191621508449316
vissl/simclr_resnet50_1000epochs,layer1.1,MST,train,sub-10,5919,135,rsa,0.029285695403814316
vissl/simclr_resnet50_1000epochs,layer1.1,MT,train,sub-10,5919,86,rsa,0.019031360745429993
vissl/simclr_resnet50_1000epochs,layer1.1,FST,train,sub-10,5919,167,rsa,0.007249993272125721
vissl/simclr_resnet50_1000epochs,layer1.1,LO1,train,sub-10,5919,78,rsa,0.01382965873926878
vissl/simclr_resnet50_1000epochs,layer1.1,LO2,train,sub-10,5919,80,rsa,0.010425612330436707
vissl/simclr_resnet50_1000epochs,layer1.1,LO3,train,sub-10,5919,113,rsa,0.009891590103507042
vissl/simclr_resnet50_1000epochs,layer1.1,V7,train,sub-10,5919,61,rsa,0.005402692593634129
vissl/simclr_resnet50_1000epochs,layer1.1,IP0,train,sub-10,5919,103,rsa,0.0060570198111236095
vissl/simclr_resnet50_1000epochs,layer1.1,IP1,train,sub-10,5919,33,rsa,5.375462933443487e-06
vissl/simclr_resnet50_1000epochs,layer1.1,MIP,train,sub-10,5919,178,rsa,0.0026917511131614447
vissl/simclr_resnet50_1000epochs,layer1.1,VIP,train,sub-10,5919,100,rsa,0.0025475595612078905
vissl/simclr_resnet50_1000epochs,layer1.1,LIPd,train,sub-10,5919,31,rsa,0.0009649064159020782
vissl/simclr_resnet50_1000epochs,layer1.1,LIPv,train,sub-10,5919,75,rsa,0.0039053084328770638
vissl/simclr_resnet50_1000epochs,layer1.1,AIP,train,sub-10,5919,409,rsa,0.0027680376078933477
vissl/simclr_resnet50_1000epochs,layer1.1,7Pm,train,sub-10,5919,21,rsa,0.002458146307617426
vissl/simclr_resnet50_1000epochs,layer1.1,7PL,train,sub-10,5919,106,rsa,0.00044587079901248217
vissl/simclr_resnet50_1000epochs,layer1.1,7PC,train,sub-10,5919,224,rsa,0.0009480103035457432
vissl/simclr_resnet50_1000epochs,layer1.1,7Am,train,sub-10,5919,186,rsa,0.001691347686573863
vissl/simclr_resnet50_1000epochs,layer1.1,7AL,train,sub-10,5919,158,rsa,0.0019808285869657993
vissl/simclr_resnet50_1000epochs,layer1.1,VVC,train,sub-10,5919,196,rsa,0.02013060636818409
vissl/simclr_resnet50_1000epochs,layer1.1,VMV2,train,sub-10,5919,94,rsa,0.014657244086265564
vissl/simclr_resnet50_1000epochs,layer1.1,VMV3,train,sub-10,5919,98,rsa,0.011816921643912792
vissl/simclr_resnet50_1000epochs,layer1.1,VMV1,train,sub-10,5919,42,rsa,0.00784987397491932
vissl/simclr_resnet50_1000epochs,layer1.1,PHA2,train,sub-10,5919,21,rsa,0.002928402042016387
vissl/simclr_resnet50_1000epochs,layer1.1,PHA3,train,sub-10,5919,104,rsa,0.013042213395237923
vissl/simclr_resnet50_1000epochs,layer1.1,PH,train,sub-10,5919,261,rsa,0.015252279117703438
vissl/simclr_resnet50_1000epochs,layer1.2,V1,train,sub-10,5919,553,rsa,0.036295510828495026
vissl/simclr_resnet50_1000epochs,layer1.2,V2,train,sub-10,5919,516,rsa,0.028693262487649918
vissl/simclr_resnet50_1000epochs,layer1.2,V3,train,sub-10,5919,400,rsa,0.02441493794322014
vissl/simclr_resnet50_1000epochs,layer1.2,V4,train,sub-10,5919,574,rsa,0.024434585124254227
vissl/simclr_resnet50_1000epochs,layer1.2,V3A,train,sub-10,5919,85,rsa,0.016343841329216957
vissl/simclr_resnet50_1000epochs,layer1.2,V3B,train,sub-10,5919,99,rsa,0.008633577264845371
vissl/simclr_resnet50_1000epochs,layer1.2,V6,train,sub-10,5919,11,rsa,0.009683449752628803
vissl/simclr_resnet50_1000epochs,layer1.2,V6A,train,sub-10,5919,45,rsa,0.005445215851068497
vissl/simclr_resnet50_1000epochs,layer1.2,V7,train,sub-10,5919,61,rsa,0.004357893019914627
vissl/simclr_resnet50_1000epochs,layer1.2,V8,train,sub-10,5919,96,rsa,0.014408446848392487
vissl/simclr_resnet50_1000epochs,layer1.2,FFC,train,sub-10,5919,244,rsa,0.016913622617721558
vissl/simclr_resnet50_1000epochs,layer1.2,PIT,train,sub-10,5919,100,rsa,0.00953653734177351
vissl/simclr_resnet50_1000epochs,layer1.2,IPS1,train,sub-10,5919,166,rsa,0.0029660603031516075
vissl/simclr_resnet50_1000epochs,layer1.2,MST,train,sub-10,5919,135,rsa,0.027888385578989983
vissl/simclr_resnet50_1000epochs,layer1.2,MT,train,sub-10,5919,86,rsa,0.016421392560005188
vissl/simclr_resnet50_1000epochs,layer1.2,FST,train,sub-10,5919,167,rsa,0.0062388526275753975
vissl/simclr_resnet50_1000epochs,layer1.2,LO1,train,sub-10,5919,78,rsa,0.011887487955391407
vissl/simclr_resnet50_1000epochs,layer1.2,LO2,train,sub-10,5919,80,rsa,0.008876966312527657
vissl/simclr_resnet50_1000epochs,layer1.2,LO3,train,sub-10,5919,113,rsa,0.008234481327235699
vissl/simclr_resnet50_1000epochs,layer1.2,V7,train,sub-10,5919,61,rsa,0.004357893019914627
vissl/simclr_resnet50_1000epochs,layer1.2,IP0,train,sub-10,5919,103,rsa,0.004092371556907892
vissl/simclr_resnet50_1000epochs,layer1.2,IP1,train,sub-10,5919,33,rsa,0.00020287721417844296
vissl/simclr_resnet50_1000epochs,layer1.2,MIP,train,sub-10,5919,178,rsa,0.0020836188923567533
vissl/simclr_resnet50_1000epochs,layer1.2,VIP,train,sub-10,5919,100,rsa,0.0023161601275205612
vissl/simclr_resnet50_1000epochs,layer1.2,LIPd,train,sub-10,5919,31,rsa,0.0007826685323379934
vissl/simclr_resnet50_1000epochs,layer1.2,LIPv,train,sub-10,5919,75,rsa,0.0034254882484674454
vissl/simclr_resnet50_1000epochs,layer1.2,AIP,train,sub-10,5919,409,rsa,0.002498895861208439
vissl/simclr_resnet50_1000epochs,layer1.2,7Pm,train,sub-10,5919,21,rsa,0.0019353830721229315
vissl/simclr_resnet50_1000epochs,layer1.2,7PL,train,sub-10,5919,106,rsa,-0.0005299988551996648
vissl/simclr_resnet50_1000epochs,layer1.2,7PC,train,sub-10,5919,224,rsa,0.000854822457768023
vissl/simclr_resnet50_1000epochs,layer1.2,7Am,train,sub-10,5919,186,rsa,0.000659987679682672
vissl/simclr_resnet50_1000epochs,layer1.2,7AL,train,sub-10,5919,158,rsa,0.0015810122713446617
vissl/simclr_resnet50_1000epochs,layer1.2,VVC,train,sub-10,5919,196,rsa,0.015523792244493961
vissl/simclr_resnet50_1000epochs,layer1.2,VMV2,train,sub-10,5919,94,rsa,0.010821382515132427
vissl/simclr_resnet50_1000epochs,layer1.2,VMV3,train,sub-10,5919,98,rsa,0.008835388347506523
vissl/simclr_resnet50_1000epochs,layer1.2,VMV1,train,sub-10,5919,42,rsa,0.005364854820072651
vissl/simclr_resnet50_1000epochs,layer1.2,PHA2,train,sub-10,5919,21,rsa,0.0007649877807125449
vissl/simclr_resnet50_1000epochs,layer1.2,PHA3,train,sub-10,5919,104,rsa,0.009775188751518726
vissl/simclr_resnet50_1000epochs,layer1.2,PH,train,sub-10,5919,261,rsa,0.012915689498186111
vissl/simclr_resnet50_1000epochs,layer2.0,V1,train,sub-10,5919,553,rsa,0.06378070265054703
vissl/simclr_resnet50_1000epochs,layer2.0,V2,train,sub-10,5919,516,rsa,0.04894055798649788
vissl/simclr_resnet50_1000epochs,layer2.0,V3,train,sub-10,5919,400,rsa,0.04158417508006096
vissl/simclr_resnet50_1000epochs,layer2.0,V4,train,sub-10,5919,574,rsa,0.04002152010798454
vissl/simclr_resnet50_1000epochs,layer2.0,V3A,train,sub-10,5919,85,rsa,0.023423124104738235
vissl/simclr_resnet50_1000epochs,layer2.0,V3B,train,sub-10,5919,99,rsa,0.012231782078742981
vissl/simclr_resnet50_1000epochs,layer2.0,V6,train,sub-10,5919,11,rsa,0.013008302077651024
vissl/simclr_resnet50_1000epochs,layer2.0,V6A,train,sub-10,5919,45,rsa,0.007878150790929794
vissl/simclr_resnet50_1000epochs,layer2.0,V7,train,sub-10,5919,61,rsa,0.007338471245020628
vissl/simclr_resnet50_1000epochs,layer2.0,V8,train,sub-10,5919,96,rsa,0.019807929173111916
vissl/simclr_resnet50_1000epochs,layer2.0,FFC,train,sub-10,5919,244,rsa,0.02290068194270134
vissl/simclr_resnet50_1000epochs,layer2.0,PIT,train,sub-10,5919,100,rsa,0.015314176678657532
vissl/simclr_resnet50_1000epochs,layer2.0,IPS1,train,sub-10,5919,166,rsa,0.004636922385543585
vissl/simclr_resnet50_1000epochs,layer2.0,MST,train,sub-10,5919,135,rsa,0.03499486297369003
vissl/simclr_resnet50_1000epochs,layer2.0,MT,train,sub-10,5919,86,rsa,0.021582942456007004
vissl/simclr_resnet50_1000epochs,layer2.0,FST,train,sub-10,5919,167,rsa,0.009744694456458092
vissl/simclr_resnet50_1000epochs,layer2.0,LO1,train,sub-10,5919,78,rsa,0.016858873888850212
vissl/simclr_resnet50_1000epochs,layer2.0,LO2,train,sub-10,5919,80,rsa,0.013273618184030056
vissl/simclr_resnet50_1000epochs,layer2.0,LO3,train,sub-10,5919,113,rsa,0.011873223818838596
vissl/simclr_resnet50_1000epochs,layer2.0,V7,train,sub-10,5919,61,rsa,0.007338471245020628
vissl/simclr_resnet50_1000epochs,layer2.0,IP0,train,sub-10,5919,103,rsa,0.006870758719742298
vissl/simclr_resnet50_1000epochs,layer2.0,IP1,train,sub-10,5919,33,rsa,0.00037034950219094753
vissl/simclr_resnet50_1000epochs,layer2.0,MIP,train,sub-10,5919,178,rsa,0.0030386338476091623
vissl/simclr_resnet50_1000epochs,layer2.0,VIP,train,sub-10,5919,100,rsa,0.0032387934625148773
vissl/simclr_resnet50_1000epochs,layer2.0,LIPd,train,sub-10,5919,31,rsa,0.0013145733391866088
vissl/simclr_resnet50_1000epochs,layer2.0,LIPv,train,sub-10,5919,75,rsa,0.004587832372635603
vissl/simclr_resnet50_1000epochs,layer2.0,AIP,train,sub-10,5919,409,rsa,0.0030423454008996487
vissl/simclr_resnet50_1000epochs,layer2.0,7Pm,train,sub-10,5919,21,rsa,0.00248753372579813
vissl/simclr_resnet50_1000epochs,layer2.0,7PL,train,sub-10,5919,106,rsa,0.0004509082646109164
vissl/simclr_resnet50_1000epochs,layer2.0,7PC,train,sub-10,5919,224,rsa,0.0016555602196604013
vissl/simclr_resnet50_1000epochs,layer2.0,7Am,train,sub-10,5919,186,rsa,0.002715845825150609
vissl/simclr_resnet50_1000epochs,layer2.0,7AL,train,sub-10,5919,158,rsa,0.0023764236830174923
vissl/simclr_resnet50_1000epochs,layer2.0,VVC,train,sub-10,5919,196,rsa,0.02083767205476761
vissl/simclr_resnet50_1000epochs,layer2.0,VMV2,train,sub-10,5919,94,rsa,0.0132283391430974
vissl/simclr_resnet50_1000epochs,layer2.0,VMV3,train,sub-10,5919,98,rsa,0.011394033208489418
vissl/simclr_resnet50_1000epochs,layer2.0,VMV1,train,sub-10,5919,42,rsa,0.00746565917506814
vissl/simclr_resnet50_1000epochs,layer2.0,PHA2,train,sub-10,5919,21,rsa,0.0019379348959773779
vissl/simclr_resnet50_1000epochs,layer2.0,PHA3,train,sub-10,5919,104,rsa,0.012169413268566132
vissl/simclr_resnet50_1000epochs,layer2.0,PH,train,sub-10,5919,261,rsa,0.017355257645249367
vissl/simclr_resnet50_1000epochs,layer2.1,V1,train,sub-10,5919,553,rsa,0.05264771729707718
vissl/simclr_resnet50_1000epochs,layer2.1,V2,train,sub-10,5919,516,rsa,0.04206611216068268
vissl/simclr_resnet50_1000epochs,layer2.1,V3,train,sub-10,5919,400,rsa,0.0361492820084095
vissl/simclr_resnet50_1000epochs,layer2.1,V4,train,sub-10,5919,574,rsa,0.03440210968255997
vissl/simclr_resnet50_1000epochs,layer2.1,V3A,train,sub-10,5919,85,rsa,0.021534888073801994
vissl/simclr_resnet50_1000epochs,layer2.1,V3B,train,sub-10,5919,99,rsa,0.010787952691316605
vissl/simclr_resnet50_1000epochs,layer2.1,V6,train,sub-10,5919,11,rsa,0.013247302733361721
vissl/simclr_resnet50_1000epochs,layer2.1,V6A,train,sub-10,5919,45,rsa,0.00634808000177145
vissl/simclr_resnet50_1000epochs,layer2.1,V7,train,sub-10,5919,61,rsa,0.007126370910555124
vissl/simclr_resnet50_1000epochs,layer2.1,V8,train,sub-10,5919,96,rsa,0.0167889092117548
vissl/simclr_resnet50_1000epochs,layer2.1,FFC,train,sub-10,5919,244,rsa,0.020664861425757408
vissl/simclr_resnet50_1000epochs,layer2.1,PIT,train,sub-10,5919,100,rsa,0.012974725104868412
vissl/simclr_resnet50_1000epochs,layer2.1,IPS1,train,sub-10,5919,166,rsa,0.00414788955822587
vissl/simclr_resnet50_1000epochs,layer2.1,MST,train,sub-10,5919,135,rsa,0.035319261252880096
vissl/simclr_resnet50_1000epochs,layer2.1,MT,train,sub-10,5919,86,rsa,0.0205189548432827
vissl/simclr_resnet50_1000epochs,layer2.1,FST,train,sub-10,5919,167,rsa,0.009387098252773285
vissl/simclr_resnet50_1000epochs,layer2.1,LO1,train,sub-10,5919,78,rsa,0.01521265972405672
vissl/simclr_resnet50_1000epochs,layer2.1,LO2,train,sub-10,5919,80,rsa,0.01202156487852335
vissl/simclr_resnet50_1000epochs,layer2.1,LO3,train,sub-10,5919,113,rsa,0.010365276597440243
vissl/simclr_resnet50_1000epochs,layer2.1,V7,train,sub-10,5919,61,rsa,0.007126370910555124
vissl/simclr_resnet50_1000epochs,layer2.1,IP0,train,sub-10,5919,103,rsa,0.005611666478216648
vissl/simclr_resnet50_1000epochs,layer2.1,IP1,train,sub-10,5919,33,rsa,0.0003534794377628714
vissl/simclr_resnet50_1000epochs,layer2.1,MIP,train,sub-10,5919,178,rsa,0.0027359100058674812
vissl/simclr_resnet50_1000epochs,layer2.1,VIP,train,sub-10,5919,100,rsa,0.0025958120822906494
vissl/simclr_resnet50_1000epochs,layer2.1,LIPd,train,sub-10,5919,31,rsa,0.0011541923740878701
vissl/simclr_resnet50_1000epochs,layer2.1,LIPv,train,sub-10,5919,75,rsa,0.004438037984073162
vissl/simclr_resnet50_1000epochs,layer2.1,AIP,train,sub-10,5919,409,rsa,0.0030490648932754993
vissl/simclr_resnet50_1000epochs,layer2.1,7Pm,train,sub-10,5919,21,rsa,0.002283017383888364
vissl/simclr_resnet50_1000epochs,layer2.1,7PL,train,sub-10,5919,106,rsa,-0.00026261131279170513
vissl/simclr_resnet50_1000epochs,layer2.1,7PC,train,sub-10,5919,224,rsa,0.0014428019057959318
vissl/simclr_resnet50_1000epochs,layer2.1,7Am,train,sub-10,5919,186,rsa,0.0018776413053274155
vissl/simclr_resnet50_1000epochs,layer2.1,7AL,train,sub-10,5919,158,rsa,0.0020419396460056305
vissl/simclr_resnet50_1000epochs,layer2.1,VVC,train,sub-10,5919,196,rsa,0.017642682418227196
vissl/simclr_resnet50_1000epochs,layer2.1,VMV2,train,sub-10,5919,94,rsa,0.01130523718893528
vissl/simclr_resnet50_1000epochs,layer2.1,VMV3,train,sub-10,5919,98,rsa,0.009521417319774628
vissl/simclr_resnet50_1000epochs,layer2.1,VMV1,train,sub-10,5919,42,rsa,0.006041071843355894
vissl/simclr_resnet50_1000epochs,layer2.1,PHA2,train,sub-10,5919,21,rsa,0.0007905676029622555
vissl/simclr_resnet50_1000epochs,layer2.1,PHA3,train,sub-10,5919,104,rsa,0.010820523835718632
vissl/simclr_resnet50_1000epochs,layer2.1,PH,train,sub-10,5919,261,rsa,0.01611318252980709
vissl/simclr_resnet50_1000epochs,layer2.2,V1,train,sub-10,5919,553,rsa,0.039351947605609894
vissl/simclr_resnet50_1000epochs,layer2.2,V2,train,sub-10,5919,516,rsa,0.0329362191259861
vissl/simclr_resnet50_1000epochs,layer2.2,V3,train,sub-10,5919,400,rsa,0.028532467782497406
vissl/simclr_resnet50_1000epochs,layer2.2,V4,train,sub-10,5919,574,rsa,0.0263898316770792
vissl/simclr_resnet50_1000epochs,layer2.2,V3A,train,sub-10,5919,85,rsa,0.017971238121390343
vissl/simclr_resnet50_1000epochs,layer2.2,V3B,train,sub-10,5919,99,rsa,0.008712254464626312
vissl/simclr_resnet50_1000epochs,layer2.2,V6,train,sub-10,5919,11,rsa,0.013414683751761913
vissl/simclr_resnet50_1000epochs,layer2.2,V6A,train,sub-10,5919,45,rsa,0.0047447034157812595
vissl/simclr_resnet50_1000epochs,layer2.2,V7,train,sub-10,5919,61,rsa,0.005742855370044708
vissl/simclr_resnet50_1000epochs,layer2.2,V8,train,sub-10,5919,96,rsa,0.011499453336000443
vissl/simclr_resnet50_1000epochs,layer2.2,FFC,train,sub-10,5919,244,rsa,0.016099710017442703
vissl/simclr_resnet50_1000epochs,layer2.2,PIT,train,sub-10,5919,100,rsa,0.009806325659155846
vissl/simclr_resnet50_1000epochs,layer2.2,IPS1,train,sub-10,5919,166,rsa,0.0031984427478164434
vissl/simclr_resnet50_1000epochs,layer2.2,MST,train,sub-10,5919,135,rsa,0.03399554640054703
vissl/simclr_resnet50_1000epochs,layer2.2,MT,train,sub-10,5919,86,rsa,0.017137350514531136
vissl/simclr_resnet50_1000epochs,layer2.2,FST,train,sub-10,5919,167,rsa,0.0075922864489257336
vissl/simclr_resnet50_1000epochs,layer2.2,LO1,train,sub-10,5919,78,rsa,0.011174360290169716
vissl/simclr_resnet50_1000epochs,layer2.2,LO2,train,sub-10,5919,80,rsa,0.009749604389071465
vissl/simclr_resnet50_1000epochs,layer2.2,LO3,train,sub-10,5919,113,rsa,0.007412011735141277
vissl/simclr_resnet50_1000epochs,layer2.2,V7,train,sub-10,5919,61,rsa,0.005742855370044708
vissl/simclr_resnet50_1000epochs,layer2.2,IP0,train,sub-10,5919,103,rsa,0.0033638598397374153
vissl/simclr_resnet50_1000epochs,layer2.2,IP1,train,sub-10,5919,33,rsa,5.816394696012139e-05
vissl/simclr_resnet50_1000epochs,layer2.2,MIP,train,sub-10,5919,178,rsa,0.0020462991669774055
vissl/simclr_resnet50_1000epochs,layer2.2,VIP,train,sub-10,5919,100,rsa,0.0015645039966329932
vissl/simclr_resnet50_1000epochs,layer2.2,LIPd,train,sub-10,5919,31,rsa,0.000676674535498023
vissl/simclr_resnet50_1000epochs,layer2.2,LIPv,train,sub-10,5919,75,rsa,0.003767943475395441
vissl/simclr_resnet50_1000epochs,layer2.2,AIP,train,sub-10,5919,409,rsa,0.0024008755572140217
vissl/simclr_resnet50_1000epochs,layer2.2,7Pm,train,sub-10,5919,21,rsa,0.001435989746823907
vissl/simclr_resnet50_1000epochs,layer2.2,7PL,train,sub-10,5919,106,rsa,-0.0012549490202218294
vissl/simclr_resnet50_1000epochs,layer2.2,7PC,train,sub-10,5919,224,rsa,0.0010466136736795306
vissl/simclr_resnet50_1000epochs,layer2.2,7Am,train,sub-10,5919,186,rsa,0.0007297071861103177
vissl/simclr_resnet50_1000epochs,layer2.2,7AL,train,sub-10,5919,158,rsa,0.0012205976527184248
vissl/simclr_resnet50_1000epochs,layer2.2,VVC,train,sub-10,5919,196,rsa,0.012212159112095833
vissl/simclr_resnet50_1000epochs,layer2.2,VMV2,train,sub-10,5919,94,rsa,0.00717542041093111
vissl/simclr_resnet50_1000epochs,layer2.2,VMV3,train,sub-10,5919,98,rsa,0.0065581039525568485
vissl/simclr_resnet50_1000epochs,layer2.2,VMV1,train,sub-10,5919,42,rsa,0.003668676596134901
vissl/simclr_resnet50_1000epochs,layer2.2,PHA2,train,sub-10,5919,21,rsa,-0.0010238249087706208
vissl/simclr_resnet50_1000epochs,layer2.2,PHA3,train,sub-10,5919,104,rsa,0.007881775498390198
vissl/simclr_resnet50_1000epochs,layer2.2,PH,train,sub-10,5919,261,rsa,0.012542188167572021
vissl/simclr_resnet50_1000epochs,layer2.3,V1,train,sub-10,5919,553,rsa,0.03372255340218544
vissl/simclr_resnet50_1000epochs,layer2.3,V2,train,sub-10,5919,516,rsa,0.028752293437719345
vissl/simclr_resnet50_1000epochs,layer2.3,V3,train,sub-10,5919,400,rsa,0.025268185883760452
vissl/simclr_resnet50_1000epochs,layer2.3,V4,train,sub-10,5919,574,rsa,0.02442500926554203
vissl/simclr_resnet50_1000epochs,layer2.3,V3A,train,sub-10,5919,85,rsa,0.017108995467424393
vissl/simclr_resnet50_1000epochs,layer2.3,V3B,train,sub-10,5919,99,rsa,0.008353913202881813
vissl/simclr_resnet50_1000epochs,layer2.3,V6,train,sub-10,5919,11,rsa,0.012896616011857986
vissl/simclr_resnet50_1000epochs,layer2.3,V6A,train,sub-10,5919,45,rsa,0.004896667320281267
vissl/simclr_resnet50_1000epochs,layer2.3,V7,train,sub-10,5919,61,rsa,0.005772472359240055
vissl/simclr_resnet50_1000epochs,layer2.3,V8,train,sub-10,5919,96,rsa,0.010870737954974174
vissl/simclr_resnet50_1000epochs,layer2.3,FFC,train,sub-10,5919,244,rsa,0.01601472496986389
vissl/simclr_resnet50_1000epochs,layer2.3,PIT,train,sub-10,5919,100,rsa,0.009328902699053288
vissl/simclr_resnet50_1000epochs,layer2.3,IPS1,train,sub-10,5919,166,rsa,0.0031248650047928095
vissl/simclr_resnet50_1000epochs,layer2.3,MST,train,sub-10,5919,135,rsa,0.03420759364962578
vissl/simclr_resnet50_1000epochs,layer2.3,MT,train,sub-10,5919,86,rsa,0.016975462436676025
vissl/simclr_resnet50_1000epochs,layer2.3,FST,train,sub-10,5919,167,rsa,0.007694196421653032
vissl/simclr_resnet50_1000epochs,layer2.3,LO1,train,sub-10,5919,78,rsa,0.010719841346144676
vissl/simclr_resnet50_1000epochs,layer2.3,LO2,train,sub-10,5919,80,rsa,0.00984257273375988
vissl/simclr_resnet50_1000epochs,layer2.3,LO3,train,sub-10,5919,113,rsa,0.0075919050723314285
vissl/simclr_resnet50_1000epochs,layer2.3,V7,train,sub-10,5919,61,rsa,0.005772472359240055
vissl/simclr_resnet50_1000epochs,layer2.3,IP0,train,sub-10,5919,103,rsa,0.003148624673485756
vissl/simclr_resnet50_1000epochs,layer2.3,IP1,train,sub-10,5919,33,rsa,0.00012332553160376847
vissl/simclr_resnet50_1000epochs,layer2.3,MIP,train,sub-10,5919,178,rsa,0.0019185948185622692
vissl/simclr_resnet50_1000epochs,layer2.3,VIP,train,sub-10,5919,100,rsa,0.0016241580015048385
vissl/simclr_resnet50_1000epochs,layer2.3,LIPd,train,sub-10,5919,31,rsa,0.0005881255492568016
vissl/simclr_resnet50_1000epochs,layer2.3,LIPv,train,sub-10,5919,75,rsa,0.003400967223569751
vissl/simclr_resnet50_1000epochs,layer2.3,AIP,train,sub-10,5919,409,rsa,0.0025491390842944384
vissl/simclr_resnet50_1000epochs,layer2.3,7Pm,train,sub-10,5919,21,rsa,0.001358727808110416
vissl/simclr_resnet50_1000epochs,layer2.3,7PL,train,sub-10,5919,106,rsa,-0.0014669561060145497
vissl/simclr_resnet50_1000epochs,layer2.3,7PC,train,sub-10,5919,224,rsa,0.0012502423487603664
vissl/simclr_resnet50_1000epochs,layer2.3,7Am,train,sub-10,5919,186,rsa,0.0007204661378636956
vissl/simclr_resnet50_1000epochs,layer2.3,7AL,train,sub-10,5919,158,rsa,0.0014716279692947865
vissl/simclr_resnet50_1000epochs,layer2.3,VVC,train,sub-10,5919,196,rsa,0.01183424610644579
vissl/simclr_resnet50_1000epochs,layer2.3,VMV2,train,sub-10,5919,94,rsa,0.007254086900502443
vissl/simclr_resnet50_1000epochs,layer2.3,VMV3,train,sub-10,5919,98,rsa,0.006566405761986971
vissl/simclr_resnet50_1000epochs,layer2.3,VMV1,train,sub-10,5919,42,rsa,0.003590441308915615
vissl/simclr_resnet50_1000epochs,layer2.3,PHA2,train,sub-10,5919,21,rsa,-0.0011447002179920673
vissl/simclr_resnet50_1000epochs,layer2.3,PHA3,train,sub-10,5919,104,rsa,0.00823675375431776
vissl/simclr_resnet50_1000epochs,layer2.3,PH,train,sub-10,5919,261,rsa,0.012464546598494053
vissl/simclr_resnet50_1000epochs,layer3.1,V1,train,sub-10,5919,553,rsa,0.06721512973308563
vissl/simclr_resnet50_1000epochs,layer3.1,V2,train,sub-10,5919,516,rsa,0.05571823939681053
vissl/simclr_resnet50_1000epochs,layer3.1,V3,train,sub-10,5919,400,rsa,0.05076951906085014
vissl/simclr_resnet50_1000epochs,layer3.1,V4,train,sub-10,5919,574,rsa,0.05318784341216087
vissl/simclr_resnet50_1000epochs,layer3.1,V3A,train,sub-10,5919,85,rsa,0.029312320053577423
vissl/simclr_resnet50_1000epochs,layer3.1,V3B,train,sub-10,5919,99,rsa,0.016612691804766655
vissl/simclr_resnet50_1000epochs,layer3.1,V6,train,sub-10,5919,11,rsa,0.01713472418487072
vissl/simclr_resnet50_1000epochs,layer3.1,V6A,train,sub-10,5919,45,rsa,0.010619597509503365
vissl/simclr_resnet50_1000epochs,layer3.1,V7,train,sub-10,5919,61,rsa,0.011324640363454819
vissl/simclr_resnet50_1000epochs,layer3.1,V8,train,sub-10,5919,96,rsa,0.02762080542743206
vissl/simclr_resnet50_1000epochs,layer3.1,FFC,train,sub-10,5919,244,rsa,0.03560764342546463
vissl/simclr_resnet50_1000epochs,layer3.1,PIT,train,sub-10,5919,100,rsa,0.021264858543872833
vissl/simclr_resnet50_1000epochs,layer3.1,IPS1,train,sub-10,5919,166,rsa,0.006988633889704943
vissl/simclr_resnet50_1000epochs,layer3.1,MST,train,sub-10,5919,135,rsa,0.04962154105305672
vissl/simclr_resnet50_1000epochs,layer3.1,MT,train,sub-10,5919,86,rsa,0.03480619937181473
vissl/simclr_resnet50_1000epochs,layer3.1,FST,train,sub-10,5919,167,rsa,0.016390150412917137
vissl/simclr_resnet50_1000epochs,layer3.1,LO1,train,sub-10,5919,78,rsa,0.025049695745110512
vissl/simclr_resnet50_1000epochs,layer3.1,LO2,train,sub-10,5919,80,rsa,0.02171950414776802
vissl/simclr_resnet50_1000epochs,layer3.1,LO3,train,sub-10,5919,113,rsa,0.02001979574561119
vissl/simclr_resnet50_1000epochs,layer3.1,V7,train,sub-10,5919,61,rsa,0.011324640363454819
vissl/simclr_resnet50_1000epochs,layer3.1,IP0,train,sub-10,5919,103,rsa,0.010887878946959972
vissl/simclr_resnet50_1000epochs,layer3.1,IP1,train,sub-10,5919,33,rsa,0.0012353039346635342
vissl/simclr_resnet50_1000epochs,layer3.1,MIP,train,sub-10,5919,178,rsa,0.0045470623299479485
vissl/simclr_resnet50_1000epochs,layer3.1,VIP,train,sub-10,5919,100,rsa,0.004487114958465099
vissl/simclr_resnet50_1000epochs,layer3.1,LIPd,train,sub-10,5919,31,rsa,0.001444923342205584
vissl/simclr_resnet50_1000epochs,layer3.1,LIPv,train,sub-10,5919,75,rsa,0.005971547216176987
vissl/simclr_resnet50_1000epochs,layer3.1,AIP,train,sub-10,5919,409,rsa,0.004566199146211147
vissl/simclr_resnet50_1000epochs,layer3.1,7Pm,train,sub-10,5919,21,rsa,0.003349298844113946
vissl/simclr_resnet50_1000epochs,layer3.1,7PL,train,sub-10,5919,106,rsa,0.0010977966012433171
vissl/simclr_resnet50_1000epochs,layer3.1,7PC,train,sub-10,5919,224,rsa,0.0035381915513426065
vissl/simclr_resnet50_1000epochs,layer3.1,7Am,train,sub-10,5919,186,rsa,0.005848453380167484
vissl/simclr_resnet50_1000epochs,layer3.1,7AL,train,sub-10,5919,158,rsa,0.004112992435693741
vissl/simclr_resnet50_1000epochs,layer3.1,VVC,train,sub-10,5919,196,rsa,0.028600608929991722
vissl/simclr_resnet50_1000epochs,layer3.1,VMV2,train,sub-10,5919,94,rsa,0.02065787836909294
vissl/simclr_resnet50_1000epochs,layer3.1,VMV3,train,sub-10,5919,98,rsa,0.015409442596137524
vissl/simclr_resnet50_1000epochs,layer3.1,VMV1,train,sub-10,5919,42,rsa,0.012814740650355816
vissl/simclr_resnet50_1000epochs,layer3.1,PHA2,train,sub-10,5919,21,rsa,0.005395772401243448
vissl/simclr_resnet50_1000epochs,layer3.1,PHA3,train,sub-10,5919,104,rsa,0.020685533061623573
vissl/simclr_resnet50_1000epochs,layer3.1,PH,train,sub-10,5919,261,rsa,0.027676822617650032
vissl/simclr_resnet50_1000epochs,layer3.2,V1,train,sub-10,5919,553,rsa,0.06386307626962662
vissl/simclr_resnet50_1000epochs,layer3.2,V2,train,sub-10,5919,516,rsa,0.05448434501886368
vissl/simclr_resnet50_1000epochs,layer3.2,V3,train,sub-10,5919,400,rsa,0.05069715529680252
vissl/simclr_resnet50_1000epochs,layer3.2,V4,train,sub-10,5919,574,rsa,0.05436871945858002
vissl/simclr_resnet50_1000epochs,layer3.2,V3A,train,sub-10,5919,85,rsa,0.0293208546936512
vissl/simclr_resnet50_1000epochs,layer3.2,V3B,train,sub-10,5919,99,rsa,0.017185840755701065
vissl/simclr_resnet50_1000epochs,layer3.2,V6,train,sub-10,5919,11,rsa,0.01776195876300335
vissl/simclr_resnet50_1000epochs,layer3.2,V6A,train,sub-10,5919,45,rsa,0.010916425846517086
vissl/simclr_resnet50_1000epochs,layer3.2,V7,train,sub-10,5919,61,rsa,0.011835978366434574
vissl/simclr_resnet50_1000epochs,layer3.2,V8,train,sub-10,5919,96,rsa,0.028470531105995178
vissl/simclr_resnet50_1000epochs,layer3.2,FFC,train,sub-10,5919,244,rsa,0.03836797550320625
vissl/simclr_resnet50_1000epochs,layer3.2,PIT,train,sub-10,5919,100,rsa,0.022689562290906906
vissl/simclr_resnet50_1000epochs,layer3.2,IPS1,train,sub-10,5919,166,rsa,0.007446574978530407
vissl/simclr_resnet50_1000epochs,layer3.2,MST,train,sub-10,5919,135,rsa,0.05148353800177574
vissl/simclr_resnet50_1000epochs,layer3.2,MT,train,sub-10,5919,86,rsa,0.03628399595618248
vissl/simclr_resnet50_1000epochs,layer3.2,FST,train,sub-10,5919,167,rsa,0.017737319692969322
vissl/simclr_resnet50_1000epochs,layer3.2,LO1,train,sub-10,5919,78,rsa,0.026805154979228973
vissl/simclr_resnet50_1000epochs,layer3.2,LO2,train,sub-10,5919,80,rsa,0.024109799414873123
vissl/simclr_resnet50_1000epochs,layer3.2,LO3,train,sub-10,5919,113,rsa,0.022166946902871132
vissl/simclr_resnet50_1000epochs,layer3.2,V7,train,sub-10,5919,61,rsa,0.011835978366434574
vissl/simclr_resnet50_1000epochs,layer3.2,IP0,train,sub-10,5919,103,rsa,0.011884529143571854
vissl/simclr_resnet50_1000epochs,layer3.2,IP1,train,sub-10,5919,33,rsa,0.0014205228071659803
vissl/simclr_resnet50_1000epochs,layer3.2,MIP,train,sub-10,5919,178,rsa,0.0049205441027879715
vissl/simclr_resnet50_1000epochs,layer3.2,VIP,train,sub-10,5919,100,rsa,0.00466539990156889
vissl/simclr_resnet50_1000epochs,layer3.2,LIPd,train,sub-10,5919,31,rsa,0.0015259146457538009
vissl/simclr_resnet50_1000epochs,layer3.2,LIPv,train,sub-10,5919,75,rsa,0.006440268829464912
vissl/simclr_resnet50_1000epochs,layer3.2,AIP,train,sub-10,5919,409,rsa,0.005059237591922283
vissl/simclr_resnet50_1000epochs,layer3.2,7Pm,train,sub-10,5919,21,rsa,0.003650421742349863
vissl/simclr_resnet50_1000epochs,layer3.2,7PL,train,sub-10,5919,106,rsa,0.001010032370686531
vissl/simclr_resnet50_1000epochs,layer3.2,7PC,train,sub-10,5919,224,rsa,0.004056602716445923
vissl/simclr_resnet50_1000epochs,layer3.2,7Am,train,sub-10,5919,186,rsa,0.006186958402395248
vissl/simclr_resnet50_1000epochs,layer3.2,7AL,train,sub-10,5919,158,rsa,0.004593070596456528
vissl/simclr_resnet50_1000epochs,layer3.2,VVC,train,sub-10,5919,196,rsa,0.029598984867334366
vissl/simclr_resnet50_1000epochs,layer3.2,VMV2,train,sub-10,5919,94,rsa,0.02201687917113304
vissl/simclr_resnet50_1000epochs,layer3.2,VMV3,train,sub-10,5919,98,rsa,0.01612325944006443
vissl/simclr_resnet50_1000epochs,layer3.2,VMV1,train,sub-10,5919,42,rsa,0.014166224747896194
vissl/simclr_resnet50_1000epochs,layer3.2,PHA2,train,sub-10,5919,21,rsa,0.006391359958797693
vissl/simclr_resnet50_1000epochs,layer3.2,PHA3,train,sub-10,5919,104,rsa,0.02280721813440323
vissl/simclr_resnet50_1000epochs,layer3.2,PH,train,sub-10,5919,261,rsa,0.029773421585559845
vissl/simclr_resnet50_1000epochs,layer3.3,V1,train,sub-10,5919,553,rsa,0.06173262372612953
vissl/simclr_resnet50_1000epochs,layer3.3,V2,train,sub-10,5919,516,rsa,0.05326193571090698
vissl/simclr_resnet50_1000epochs,layer3.3,V3,train,sub-10,5919,400,rsa,0.050410155206918716
vissl/simclr_resnet50_1000epochs,layer3.3,V4,train,sub-10,5919,574,rsa,0.0551726296544075
vissl/simclr_resnet50_1000epochs,layer3.3,V3A,train,sub-10,5919,85,rsa,0.028876442462205887
vissl/simclr_resnet50_1000epochs,layer3.3,V3B,train,sub-10,5919,99,rsa,0.017743634060025215
vissl/simclr_resnet50_1000epochs,layer3.3,V6,train,sub-10,5919,11,rsa,0.017767298966646194
vissl/simclr_resnet50_1000epochs,layer3.3,V6A,train,sub-10,5919,45,rsa,0.010827556252479553
vissl/simclr_resnet50_1000epochs,layer3.3,V7,train,sub-10,5919,61,rsa,0.012384017929434776
vissl/simclr_resnet50_1000epochs,layer3.3,V8,train,sub-10,5919,96,rsa,0.028182253241539
vissl/simclr_resnet50_1000epochs,layer3.3,FFC,train,sub-10,5919,244,rsa,0.03976375609636307
vissl/simclr_resnet50_1000epochs,layer3.3,PIT,train,sub-10,5919,100,rsa,0.02349182404577732
vissl/simclr_resnet50_1000epochs,layer3.3,IPS1,train,sub-10,5919,166,rsa,0.008015821687877178
vissl/simclr_resnet50_1000epochs,layer3.3,MST,train,sub-10,5919,135,rsa,0.05158941075205803
vissl/simclr_resnet50_1000epochs,layer3.3,MT,train,sub-10,5919,86,rsa,0.036309413611888885
vissl/simclr_resnet50_1000epochs,layer3.3,FST,train,sub-10,5919,167,rsa,0.018581798300147057
vissl/simclr_resnet50_1000epochs,layer3.3,LO1,train,sub-10,5919,78,rsa,0.02791598066687584
vissl/simclr_resnet50_1000epochs,layer3.3,LO2,train,sub-10,5919,80,rsa,0.025868764147162437
vissl/simclr_resnet50_1000epochs,layer3.3,LO3,train,sub-10,5919,113,rsa,0.023824363946914673
vissl/simclr_resnet50_1000epochs,layer3.3,V7,train,sub-10,5919,61,rsa,0.012384017929434776
vissl/simclr_resnet50_1000epochs,layer3.3,IP0,train,sub-10,5919,103,rsa,0.0124072739854455
vissl/simclr_resnet50_1000epochs,layer3.3,IP1,train,sub-10,5919,33,rsa,0.001809505745768547
vissl/simclr_resnet50_1000epochs,layer3.3,MIP,train,sub-10,5919,178,rsa,0.005003535188734531
vissl/simclr_resnet50_1000epochs,layer3.3,VIP,train,sub-10,5919,100,rsa,0.004616940394043922
vissl/simclr_resnet50_1000epochs,layer3.3,LIPd,train,sub-10,5919,31,rsa,0.0014788078842684627
vissl/simclr_resnet50_1000epochs,layer3.3,LIPv,train,sub-10,5919,75,rsa,0.006459388881921768
vissl/simclr_resnet50_1000epochs,layer3.3,AIP,train,sub-10,5919,409,rsa,0.005325607489794493
vissl/simclr_resnet50_1000epochs,layer3.3,7Pm,train,sub-10,5919,21,rsa,0.0038854004815220833
vissl/simclr_resnet50_1000epochs,layer3.3,7PL,train,sub-10,5919,106,rsa,0.0010698871919885278
vissl/simclr_resnet50_1000epochs,layer3.3,7PC,train,sub-10,5919,224,rsa,0.004412182606756687
vissl/simclr_resnet50_1000epochs,layer3.3,7Am,train,sub-10,5919,186,rsa,0.0065900664776563644
vissl/simclr_resnet50_1000epochs,layer3.3,7AL,train,sub-10,5919,158,rsa,0.00474059022963047
vissl/simclr_resnet50_1000epochs,layer3.3,VVC,train,sub-10,5919,196,rsa,0.029488764703273773
vissl/simclr_resnet50_1000epochs,layer3.3,VMV2,train,sub-10,5919,94,rsa,0.022029366344213486
vissl/simclr_resnet50_1000epochs,layer3.3,VMV3,train,sub-10,5919,98,rsa,0.01615915633738041
vissl/simclr_resnet50_1000epochs,layer3.3,VMV1,train,sub-10,5919,42,rsa,0.014793220907449722
vissl/simclr_resnet50_1000epochs,layer3.3,PHA2,train,sub-10,5919,21,rsa,0.0067994375713169575
vissl/simclr_resnet50_1000epochs,layer3.3,PHA3,train,sub-10,5919,104,rsa,0.022897956892848015
vissl/simclr_resnet50_1000epochs,layer3.3,PH,train,sub-10,5919,261,rsa,0.030477376654744148
vissl/simclr_resnet50_1000epochs,layer3.4,V1,train,sub-10,5919,553,rsa,0.059928376227617264
vissl/simclr_resnet50_1000epochs,layer3.4,V2,train,sub-10,5919,516,rsa,0.05238806828856468
vissl/simclr_resnet50_1000epochs,layer3.4,V3,train,sub-10,5919,400,rsa,0.05038485303521156
vissl/simclr_resnet50_1000epochs,layer3.4,V4,train,sub-10,5919,574,rsa,0.056239474564790726
vissl/simclr_resnet50_1000epochs,layer3.4,V3A,train,sub-10,5919,85,rsa,0.02885863371193409
vissl/simclr_resnet50_1000epochs,layer3.4,V3B,train,sub-10,5919,99,rsa,0.018200142309069633
vissl/simclr_resnet50_1000epochs,layer3.4,V6,train,sub-10,5919,11,rsa,0.01805739477276802
vissl/simclr_resnet50_1000epochs,layer3.4,V6A,train,sub-10,5919,45,rsa,0.011005028150975704
vissl/simclr_resnet50_1000epochs,layer3.4,V7,train,sub-10,5919,61,rsa,0.01248589251190424
vissl/simclr_resnet50_1000epochs,layer3.4,V8,train,sub-10,5919,96,rsa,0.028940735384821892
vissl/simclr_resnet50_1000epochs,layer3.4,FFC,train,sub-10,5919,244,rsa,0.04217880591750145
vissl/simclr_resnet50_1000epochs,layer3.4,PIT,train,sub-10,5919,100,rsa,0.024832069873809814
vissl/simclr_resnet50_1000epochs,layer3.4,IPS1,train,sub-10,5919,166,rsa,0.008039465174078941
vissl/simclr_resnet50_1000epochs,layer3.4,MST,train,sub-10,5919,135,rsa,0.053144924342632294
vissl/simclr_resnet50_1000epochs,layer3.4,MT,train,sub-10,5919,86,rsa,0.03725381940603256
vissl/simclr_resnet50_1000epochs,layer3.4,FST,train,sub-10,5919,167,rsa,0.019366519525647163
vissl/simclr_resnet50_1000epochs,layer3.4,LO1,train,sub-10,5919,78,rsa,0.028947876766324043
vissl/simclr_resnet50_1000epochs,layer3.4,LO2,train,sub-10,5919,80,rsa,0.02767806686460972
vissl/simclr_resnet50_1000epochs,layer3.4,LO3,train,sub-10,5919,113,rsa,0.02485603652894497
vissl/simclr_resnet50_1000epochs,layer3.4,V7,train,sub-10,5919,61,rsa,0.01248589251190424
vissl/simclr_resnet50_1000epochs,layer3.4,IP0,train,sub-10,5919,103,rsa,0.01280748937278986
vissl/simclr_resnet50_1000epochs,layer3.4,IP1,train,sub-10,5919,33,rsa,0.0017692761030048132
vissl/simclr_resnet50_1000epochs,layer3.4,MIP,train,sub-10,5919,178,rsa,0.005155243910849094
vissl/simclr_resnet50_1000epochs,layer3.4,VIP,train,sub-10,5919,100,rsa,0.00463923579081893
vissl/simclr_resnet50_1000epochs,layer3.4,LIPd,train,sub-10,5919,31,rsa,0.0014385445974767208
vissl/simclr_resnet50_1000epochs,layer3.4,LIPv,train,sub-10,5919,75,rsa,0.00669424282386899
vissl/simclr_resnet50_1000epochs,layer3.4,AIP,train,sub-10,5919,409,rsa,0.005385562777519226
vissl/simclr_resnet50_1000epochs,layer3.4,7Pm,train,sub-10,5919,21,rsa,0.00392110412940383
vissl/simclr_resnet50_1000epochs,layer3.4,7PL,train,sub-10,5919,106,rsa,0.0011234486009925604
vissl/simclr_resnet50_1000epochs,layer3.4,7PC,train,sub-10,5919,224,rsa,0.004459525924175978
vissl/simclr_resnet50_1000epochs,layer3.4,7Am,train,sub-10,5919,186,rsa,0.0066785383969545364
vissl/simclr_resnet50_1000epochs,layer3.4,7AL,train,sub-10,5919,158,rsa,0.004745689686387777
vissl/simclr_resnet50_1000epochs,layer3.4,VVC,train,sub-10,5919,196,rsa,0.030308231711387634
vissl/simclr_resnet50_1000epochs,layer3.4,VMV2,train,sub-10,5919,94,rsa,0.022417305037379265
vissl/simclr_resnet50_1000epochs,layer3.4,VMV3,train,sub-10,5919,98,rsa,0.01620595157146454
vissl/simclr_resnet50_1000epochs,layer3.4,VMV1,train,sub-10,5919,42,rsa,0.015594693832099438
vissl/simclr_resnet50_1000epochs,layer3.4,PHA2,train,sub-10,5919,21,rsa,0.007454469799995422
vissl/simclr_resnet50_1000epochs,layer3.4,PHA3,train,sub-10,5919,104,rsa,0.023992367088794708
vissl/simclr_resnet50_1000epochs,layer3.4,PH,train,sub-10,5919,261,rsa,0.03252251818776131
vissl/simclr_resnet50_1000epochs,layer3.5,V1,train,sub-10,5919,553,rsa,0.05406932160258293
vissl/simclr_resnet50_1000epochs,layer3.5,V2,train,sub-10,5919,516,rsa,0.048419807106256485
vissl/simclr_resnet50_1000epochs,layer3.5,V3,train,sub-10,5919,400,rsa,0.047342877835035324
vissl/simclr_resnet50_1000epochs,layer3.5,V4,train,sub-10,5919,574,rsa,0.05353044718503952
vissl/simclr_resnet50_1000epochs,layer3.5,V3A,train,sub-10,5919,85,rsa,0.02720778062939644
vissl/simclr_resnet50_1000epochs,layer3.5,V3B,train,sub-10,5919,99,rsa,0.01717664860188961
vissl/simclr_resnet50_1000epochs,layer3.5,V6,train,sub-10,5919,11,rsa,0.01753181777894497
vissl/simclr_resnet50_1000epochs,layer3.5,V6A,train,sub-10,5919,45,rsa,0.010538860224187374
vissl/simclr_resnet50_1000epochs,layer3.5,V7,train,sub-10,5919,61,rsa,0.011923369951546192
vissl/simclr_resnet50_1000epochs,layer3.5,V8,train,sub-10,5919,96,rsa,0.026823708787560463
vissl/simclr_resnet50_1000epochs,layer3.5,FFC,train,sub-10,5919,244,rsa,0.04164370894432068
vissl/simclr_resnet50_1000epochs,layer3.5,PIT,train,sub-10,5919,100,rsa,0.024211203679442406
vissl/simclr_resnet50_1000epochs,layer3.5,IPS1,train,sub-10,5919,166,rsa,0.007478213869035244
vissl/simclr_resnet50_1000epochs,layer3.5,MST,train,sub-10,5919,135,rsa,0.05173898860812187
vissl/simclr_resnet50_1000epochs,layer3.5,MT,train,sub-10,5919,86,rsa,0.03665318340063095
vissl/simclr_resnet50_1000epochs,layer3.5,FST,train,sub-10,5919,167,rsa,0.018389414995908737
vissl/simclr_resnet50_1000epochs,layer3.5,LO1,train,sub-10,5919,78,rsa,0.028184523805975914
vissl/simclr_resnet50_1000epochs,layer3.5,LO2,train,sub-10,5919,80,rsa,0.027300167828798294
vissl/simclr_resnet50_1000epochs,layer3.5,LO3,train,sub-10,5919,113,rsa,0.025228682905435562
vissl/simclr_resnet50_1000epochs,layer3.5,V7,train,sub-10,5919,61,rsa,0.011923369951546192
vissl/simclr_resnet50_1000epochs,layer3.5,IP0,train,sub-10,5919,103,rsa,0.011813255026936531
vissl/simclr_resnet50_1000epochs,layer3.5,IP1,train,sub-10,5919,33,rsa,0.0017427122220396996
vissl/simclr_resnet50_1000epochs,layer3.5,MIP,train,sub-10,5919,178,rsa,0.0045485240407288074
vissl/simclr_resnet50_1000epochs,layer3.5,VIP,train,sub-10,5919,100,rsa,0.004393949173390865
vissl/simclr_resnet50_1000epochs,layer3.5,LIPd,train,sub-10,5919,31,rsa,0.0013720446731895208
vissl/simclr_resnet50_1000epochs,layer3.5,LIPv,train,sub-10,5919,75,rsa,0.006249973084777594
vissl/simclr_resnet50_1000epochs,layer3.5,AIP,train,sub-10,5919,409,rsa,0.004898264538496733
vissl/simclr_resnet50_1000epochs,layer3.5,7Pm,train,sub-10,5919,21,rsa,0.003713933052495122
vissl/simclr_resnet50_1000epochs,layer3.5,7PL,train,sub-10,5919,106,rsa,0.0008143038721755147
vissl/simclr_resnet50_1000epochs,layer3.5,7PC,train,sub-10,5919,224,rsa,0.004128745757043362
vissl/simclr_resnet50_1000epochs,layer3.5,7Am,train,sub-10,5919,186,rsa,0.005973151419311762
vissl/simclr_resnet50_1000epochs,layer3.5,7AL,train,sub-10,5919,158,rsa,0.004476116970181465
vissl/simclr_resnet50_1000epochs,layer3.5,VVC,train,sub-10,5919,196,rsa,0.028111545369029045
vissl/simclr_resnet50_1000epochs,layer3.5,VMV2,train,sub-10,5919,94,rsa,0.021260933950543404
vissl/simclr_resnet50_1000epochs,layer3.5,VMV3,train,sub-10,5919,98,rsa,0.015450775623321533
vissl/simclr_resnet50_1000epochs,layer3.5,VMV1,train,sub-10,5919,42,rsa,0.01487398985773325
vissl/simclr_resnet50_1000epochs,layer3.5,PHA2,train,sub-10,5919,21,rsa,0.006472314242273569
vissl/simclr_resnet50_1000epochs,layer3.5,PHA3,train,sub-10,5919,104,rsa,0.022123560309410095
vissl/simclr_resnet50_1000epochs,layer3.5,PH,train,sub-10,5919,261,rsa,0.03165394812822342
vissl/simclr_resnet50_1000epochs,layer4.0,V1,train,sub-10,5919,553,rsa,0.10254187136888504
vissl/simclr_resnet50_1000epochs,layer4.0,V2,train,sub-10,5919,516,rsa,0.08699598908424377
vissl/simclr_resnet50_1000epochs,layer4.0,V3,train,sub-10,5919,400,rsa,0.08826663345098495
vissl/simclr_resnet50_1000epochs,layer4.0,V4,train,sub-10,5919,574,rsa,0.11644510924816132
vissl/simclr_resnet50_1000epochs,layer4.0,V3A,train,sub-10,5919,85,rsa,0.05056094378232956
vissl/simclr_resnet50_1000epochs,layer4.0,V3B,train,sub-10,5919,99,rsa,0.03927500918507576
vissl/simclr_resnet50_1000epochs,layer4.0,V6,train,sub-10,5919,11,rsa,0.023294655606150627
vissl/simclr_resnet50_1000epochs,layer4.0,V6A,train,sub-10,5919,45,rsa,0.02575995773077011
vissl/simclr_resnet50_1000epochs,layer4.0,V7,train,sub-10,5919,61,rsa,0.027826746925711632
vissl/simclr_resnet50_1000epochs,layer4.0,V8,train,sub-10,5919,96,rsa,0.0683170035481453
vissl/simclr_resnet50_1000epochs,layer4.0,FFC,train,sub-10,5919,244,rsa,0.09655333310365677
vissl/simclr_resnet50_1000epochs,layer4.0,PIT,train,sub-10,5919,100,rsa,0.05695261061191559
vissl/simclr_resnet50_1000epochs,layer4.0,IPS1,train,sub-10,5919,166,rsa,0.01929149590432644
vissl/simclr_resnet50_1000epochs,layer4.0,MST,train,sub-10,5919,135,rsa,0.08384709805250168
vissl/simclr_resnet50_1000epochs,layer4.0,MT,train,sub-10,5919,86,rsa,0.07755614817142487
vissl/simclr_resnet50_1000epochs,layer4.0,FST,train,sub-10,5919,167,rsa,0.042923685163259506
vissl/simclr_resnet50_1000epochs,layer4.0,LO1,train,sub-10,5919,78,rsa,0.07078886032104492
vissl/simclr_resnet50_1000epochs,layer4.0,LO2,train,sub-10,5919,80,rsa,0.0632421001791954
vissl/simclr_resnet50_1000epochs,layer4.0,LO3,train,sub-10,5919,113,rsa,0.0668506771326065
vissl/simclr_resnet50_1000epochs,layer4.0,V7,train,sub-10,5919,61,rsa,0.027826746925711632
vissl/simclr_resnet50_1000epochs,layer4.0,IP0,train,sub-10,5919,103,rsa,0.03272634744644165
vissl/simclr_resnet50_1000epochs,layer4.0,IP1,train,sub-10,5919,33,rsa,0.006529892794787884
vissl/simclr_resnet50_1000epochs,layer4.0,MIP,train,sub-10,5919,178,rsa,0.01183997094631195
vissl/simclr_resnet50_1000epochs,layer4.0,VIP,train,sub-10,5919,100,rsa,0.013023576699197292
vissl/simclr_resnet50_1000epochs,layer4.0,LIPd,train,sub-10,5919,31,rsa,0.004255517385900021
vissl/simclr_resnet50_1000epochs,layer4.0,LIPv,train,sub-10,5919,75,rsa,0.01275118812918663
vissl/simclr_resnet50_1000epochs,layer4.0,AIP,train,sub-10,5919,409,rsa,0.010655597783625126
vissl/simclr_resnet50_1000epochs,layer4.0,7Pm,train,sub-10,5919,21,rsa,0.0098225437104702
vissl/simclr_resnet50_1000epochs,layer4.0,7PL,train,sub-10,5919,106,rsa,0.009493831545114517
vissl/simclr_resnet50_1000epochs,layer4.0,7PC,train,sub-10,5919,224,rsa,0.010571424849331379
vissl/simclr_resnet50_1000epochs,layer4.0,7Am,train,sub-10,5919,186,rsa,0.020822040736675262
vissl/simclr_resnet50_1000epochs,layer4.0,7AL,train,sub-10,5919,158,rsa,0.012335620820522308
vissl/simclr_resnet50_1000epochs,layer4.0,VVC,train,sub-10,5919,196,rsa,0.07193280011415482
vissl/simclr_resnet50_1000epochs,layer4.0,VMV2,train,sub-10,5919,94,rsa,0.0580517053604126
vissl/simclr_resnet50_1000epochs,layer4.0,VMV3,train,sub-10,5919,98,rsa,0.040377840399742126
vissl/simclr_resnet50_1000epochs,layer4.0,VMV1,train,sub-10,5919,42,rsa,0.04256736859679222
vissl/simclr_resnet50_1000epochs,layer4.0,PHA2,train,sub-10,5919,21,rsa,0.026708761230111122
vissl/simclr_resnet50_1000epochs,layer4.0,PHA3,train,sub-10,5919,104,rsa,0.05454728752374649
vissl/simclr_resnet50_1000epochs,layer4.0,PH,train,sub-10,5919,261,rsa,0.07316465675830841
vissl/simclr_resnet50_1000epochs,layer4.1,V1,train,sub-10,5919,553,rsa,0.10180632025003433
vissl/simclr_resnet50_1000epochs,layer4.1,V2,train,sub-10,5919,516,rsa,0.08832442760467529
vissl/simclr_resnet50_1000epochs,layer4.1,V3,train,sub-10,5919,400,rsa,0.09224783629179001
vissl/simclr_resnet50_1000epochs,layer4.1,V4,train,sub-10,5919,574,rsa,0.12914852797985077
vissl/simclr_resnet50_1000epochs,layer4.1,V3A,train,sub-10,5919,85,rsa,0.05424106493592262
vissl/simclr_resnet50_1000epochs,layer4.1,V3B,train,sub-10,5919,99,rsa,0.045376114547252655
vissl/simclr_resnet50_1000epochs,layer4.1,V6,train,sub-10,5919,11,rsa,0.02575983852148056
vissl/simclr_resnet50_1000epochs,layer4.1,V6A,train,sub-10,5919,45,rsa,0.029008211567997932
vissl/simclr_resnet50_1000epochs,layer4.1,V7,train,sub-10,5919,61,rsa,0.0321311429142952
vissl/simclr_resnet50_1000epochs,layer4.1,V8,train,sub-10,5919,96,rsa,0.07360232621431351
vissl/simclr_resnet50_1000epochs,layer4.1,FFC,train,sub-10,5919,244,rsa,0.11700291931629181
vissl/simclr_resnet50_1000epochs,layer4.1,PIT,train,sub-10,5919,100,rsa,0.06598257273435593
vissl/simclr_resnet50_1000epochs,layer4.1,IPS1,train,sub-10,5919,166,rsa,0.024111995473504066
vissl/simclr_resnet50_1000epochs,layer4.1,MST,train,sub-10,5919,135,rsa,0.09268196672201157
vissl/simclr_resnet50_1000epochs,layer4.1,MT,train,sub-10,5919,86,rsa,0.09087212383747101
vissl/simclr_resnet50_1000epochs,layer4.1,FST,train,sub-10,5919,167,rsa,0.05174623802304268
vissl/simclr_resnet50_1000epochs,layer4.1,LO1,train,sub-10,5919,78,rsa,0.08536282181739807
vissl/simclr_resnet50_1000epochs,layer4.1,LO2,train,sub-10,5919,80,rsa,0.07586393505334854
vissl/simclr_resnet50_1000epochs,layer4.1,LO3,train,sub-10,5919,113,rsa,0.08426479995250702
vissl/simclr_resnet50_1000epochs,layer4.1,V7,train,sub-10,5919,61,rsa,0.0321311429142952
vissl/simclr_resnet50_1000epochs,layer4.1,IP0,train,sub-10,5919,103,rsa,0.03759651258587837
vissl/simclr_resnet50_1000epochs,layer4.1,IP1,train,sub-10,5919,33,rsa,0.009181635454297066
vissl/simclr_resnet50_1000epochs,layer4.1,MIP,train,sub-10,5919,178,rsa,0.012954028323292732
vissl/simclr_resnet50_1000epochs,layer4.1,VIP,train,sub-10,5919,100,rsa,0.014969228766858578
vissl/simclr_resnet50_1000epochs,layer4.1,LIPd,train,sub-10,5919,31,rsa,0.005884968210011721
vissl/simclr_resnet50_1000epochs,layer4.1,LIPv,train,sub-10,5919,75,rsa,0.015046325512230396
vissl/simclr_resnet50_1000epochs,layer4.1,AIP,train,sub-10,5919,409,rsa,0.012614831328392029
vissl/simclr_resnet50_1000epochs,layer4.1,7Pm,train,sub-10,5919,21,rsa,0.011595000512897968
vissl/simclr_resnet50_1000epochs,layer4.1,7PL,train,sub-10,5919,106,rsa,0.0117128761485219
vissl/simclr_resnet50_1000epochs,layer4.1,7PC,train,sub-10,5919,224,rsa,0.012746399268507957
vissl/simclr_resnet50_1000epochs,layer4.1,7Am,train,sub-10,5919,186,rsa,0.024997636675834656
vissl/simclr_resnet50_1000epochs,layer4.1,7AL,train,sub-10,5919,158,rsa,0.01463270839303732
vissl/simclr_resnet50_1000epochs,layer4.1,VVC,train,sub-10,5919,196,rsa,0.07951536029577255
vissl/simclr_resnet50_1000epochs,layer4.1,VMV2,train,sub-10,5919,94,rsa,0.06502524763345718
vissl/simclr_resnet50_1000epochs,layer4.1,VMV3,train,sub-10,5919,98,rsa,0.045374684035778046
vissl/simclr_resnet50_1000epochs,layer4.1,VMV1,train,sub-10,5919,42,rsa,0.050447016954422
vissl/simclr_resnet50_1000epochs,layer4.1,PHA2,train,sub-10,5919,21,rsa,0.031576063483953476
vissl/simclr_resnet50_1000epochs,layer4.1,PHA3,train,sub-10,5919,104,rsa,0.0601220428943634
vissl/simclr_resnet50_1000epochs,layer4.1,PH,train,sub-10,5919,261,rsa,0.08721660077571869
vissl/simclr_resnet50_1000epochs,layer4.2,V1,train,sub-10,5919,553,rsa,0.10959500819444656
vissl/simclr_resnet50_1000epochs,layer4.2,V2,train,sub-10,5919,516,rsa,0.09787676483392715
vissl/simclr_resnet50_1000epochs,layer4.2,V3,train,sub-10,5919,400,rsa,0.10581070929765701
vissl/simclr_resnet50_1000epochs,layer4.2,V4,train,sub-10,5919,574,rsa,0.15646295249462128
vissl/simclr_resnet50_1000epochs,layer4.2,V3A,train,sub-10,5919,85,rsa,0.058463335037231445
vissl/simclr_resnet50_1000epochs,layer4.2,V3B,train,sub-10,5919,99,rsa,0.056636884808540344
vissl/simclr_resnet50_1000epochs,layer4.2,V6,train,sub-10,5919,11,rsa,0.025522347539663315
vissl/simclr_resnet50_1000epochs,layer4.2,V6A,train,sub-10,5919,45,rsa,0.03390854597091675
vissl/simclr_resnet50_1000epochs,layer4.2,V7,train,sub-10,5919,61,rsa,0.03909752145409584
vissl/simclr_resnet50_1000epochs,layer4.2,V8,train,sub-10,5919,96,rsa,0.08553076535463333
vissl/simclr_resnet50_1000epochs,layer4.2,FFC,train,sub-10,5919,244,rsa,0.14813107252120972
vissl/simclr_resnet50_1000epochs,layer4.2,PIT,train,sub-10,5919,100,rsa,0.08651246875524521
vissl/simclr_resnet50_1000epochs,layer4.2,IPS1,train,sub-10,5919,166,rsa,0.032053910195827484
vissl/simclr_resnet50_1000epochs,layer4.2,MST,train,sub-10,5919,135,rsa,0.09903112053871155
vissl/simclr_resnet50_1000epochs,layer4.2,MT,train,sub-10,5919,86,rsa,0.10994243621826172
vissl/simclr_resnet50_1000epochs,layer4.2,FST,train,sub-10,5919,167,rsa,0.0688045471906662
vissl/simclr_resnet50_1000epochs,layer4.2,LO1,train,sub-10,5919,78,rsa,0.11442892253398895
vissl/simclr_resnet50_1000epochs,layer4.2,LO2,train,sub-10,5919,80,rsa,0.10069984197616577
vissl/simclr_resnet50_1000epochs,layer4.2,LO3,train,sub-10,5919,113,rsa,0.11232611536979675
vissl/simclr_resnet50_1000epochs,layer4.2,V7,train,sub-10,5919,61,rsa,0.03909752145409584
vissl/simclr_resnet50_1000epochs,layer4.2,IP0,train,sub-10,5919,103,rsa,0.04503420367836952
vissl/simclr_resnet50_1000epochs,layer4.2,IP1,train,sub-10,5919,33,rsa,0.011767578311264515
vissl/simclr_resnet50_1000epochs,layer4.2,MIP,train,sub-10,5919,178,rsa,0.01620999351143837
vissl/simclr_resnet50_1000epochs,layer4.2,VIP,train,sub-10,5919,100,rsa,0.0197405107319355
vissl/simclr_resnet50_1000epochs,layer4.2,LIPd,train,sub-10,5919,31,rsa,0.007897994481027126
vissl/simclr_resnet50_1000epochs,layer4.2,LIPv,train,sub-10,5919,75,rsa,0.018323566764593124
vissl/simclr_resnet50_1000epochs,layer4.2,AIP,train,sub-10,5919,409,rsa,0.015872608870267868
vissl/simclr_resnet50_1000epochs,layer4.2,7Pm,train,sub-10,5919,21,rsa,0.01415667962282896
vissl/simclr_resnet50_1000epochs,layer4.2,7PL,train,sub-10,5919,106,rsa,0.016387857496738434
vissl/simclr_resnet50_1000epochs,layer4.2,7PC,train,sub-10,5919,224,rsa,0.015868589282035828
vissl/simclr_resnet50_1000epochs,layer4.2,7Am,train,sub-10,5919,186,rsa,0.034684740006923676
vissl/simclr_resnet50_1000epochs,layer4.2,7AL,train,sub-10,5919,158,rsa,0.018132740631699562
vissl/simclr_resnet50_1000epochs,layer4.2,VVC,train,sub-10,5919,196,rsa,0.09136532247066498
vissl/simclr_resnet50_1000epochs,layer4.2,VMV2,train,sub-10,5919,94,rsa,0.07317216694355011
vissl/simclr_resnet50_1000epochs,layer4.2,VMV3,train,sub-10,5919,98,rsa,0.05273113027215004
vissl/simclr_resnet50_1000epochs,layer4.2,VMV1,train,sub-10,5919,42,rsa,0.059923555701971054
vissl/simclr_resnet50_1000epochs,layer4.2,PHA2,train,sub-10,5919,21,rsa,0.03957248106598854
vissl/simclr_resnet50_1000epochs,layer4.2,PHA3,train,sub-10,5919,104,rsa,0.06657790392637253
vissl/simclr_resnet50_1000epochs,layer4.2,PH,train,sub-10,5919,261,rsa,0.11177585273981094
vissl/simclr_resnet50_1000epochs,layer1.0,V1,test,sub-10,5919,553,rsa,0.028245925903320312
vissl/simclr_resnet50_1000epochs,layer1.0,V2,test,sub-10,5919,516,rsa,0.012431463226675987
vissl/simclr_resnet50_1000epochs,layer1.0,V3,test,sub-10,5919,400,rsa,0.00657097902148962
vissl/simclr_resnet50_1000epochs,layer1.0,V4,test,sub-10,5919,574,rsa,-0.022848347201943398
vissl/simclr_resnet50_1000epochs,layer1.0,V3A,test,sub-10,5919,85,rsa,-0.02715432643890381
vissl/simclr_resnet50_1000epochs,layer1.0,V3B,test,sub-10,5919,99,rsa,-0.008634327910840511
vissl/simclr_resnet50_1000epochs,layer1.0,V6,test,sub-10,5919,11,rsa,-0.08542841672897339
vissl/simclr_resnet50_1000epochs,layer1.0,V6A,test,sub-10,5919,45,rsa,0.01338285207748413
vissl/simclr_resnet50_1000epochs,layer1.0,V7,test,sub-10,5919,61,rsa,0.03531590476632118
vissl/simclr_resnet50_1000epochs,layer1.0,V8,test,sub-10,5919,96,rsa,-0.0018977709114551544
vissl/simclr_resnet50_1000epochs,layer1.0,FFC,test,sub-10,5919,244,rsa,-0.005541297607123852
vissl/simclr_resnet50_1000epochs,layer1.0,PIT,test,sub-10,5919,100,rsa,-0.010211534798145294
vissl/simclr_resnet50_1000epochs,layer1.0,IPS1,test,sub-10,5919,166,rsa,0.003493259660899639
vissl/simclr_resnet50_1000epochs,layer1.0,MST,test,sub-10,5919,135,rsa,-0.01610536128282547
vissl/simclr_resnet50_1000epochs,layer1.0,MT,test,sub-10,5919,86,rsa,0.014618514105677605
vissl/simclr_resnet50_1000epochs,layer1.0,FST,test,sub-10,5919,167,rsa,-0.005360140930861235
vissl/simclr_resnet50_1000epochs,layer1.0,LO1,test,sub-10,5919,78,rsa,0.04613770544528961
vissl/simclr_resnet50_1000epochs,layer1.0,LO2,test,sub-10,5919,80,rsa,0.00504068611189723
vissl/simclr_resnet50_1000epochs,layer1.0,LO3,test,sub-10,5919,113,rsa,-0.0006876010447740555
vissl/simclr_resnet50_1000epochs,layer1.0,V7,test,sub-10,5919,61,rsa,0.03531590476632118
vissl/simclr_resnet50_1000epochs,layer1.0,IP0,test,sub-10,5919,103,rsa,-0.01422150805592537
vissl/simclr_resnet50_1000epochs,layer1.0,IP1,test,sub-10,5919,33,rsa,-0.02666836604475975
vissl/simclr_resnet50_1000epochs,layer1.0,MIP,test,sub-10,5919,178,rsa,0.00552782416343689
vissl/simclr_resnet50_1000epochs,layer1.0,VIP,test,sub-10,5919,100,rsa,-0.006799780763685703
vissl/simclr_resnet50_1000epochs,layer1.0,LIPd,test,sub-10,5919,31,rsa,0.0015391749329864979
vissl/simclr_resnet50_1000epochs,layer1.0,LIPv,test,sub-10,5919,75,rsa,-0.0007544499821960926
vissl/simclr_resnet50_1000epochs,layer1.0,AIP,test,sub-10,5919,409,rsa,-0.005328968167304993
vissl/simclr_resnet50_1000epochs,layer1.0,7Pm,test,sub-10,5919,21,rsa,2.5496818125247955e-05
vissl/simclr_resnet50_1000epochs,layer1.0,7PL,test,sub-10,5919,106,rsa,0.005300256423652172
vissl/simclr_resnet50_1000epochs,layer1.0,7PC,test,sub-10,5919,224,rsa,-0.03924957290291786
vissl/simclr_resnet50_1000epochs,layer1.0,7Am,test,sub-10,5919,186,rsa,-0.014781374484300613
vissl/simclr_resnet50_1000epochs,layer1.0,7AL,test,sub-10,5919,158,rsa,0.003836662508547306
vissl/simclr_resnet50_1000epochs,layer1.0,VVC,test,sub-10,5919,196,rsa,0.031337954103946686
vissl/simclr_resnet50_1000epochs,layer1.0,VMV2,test,sub-10,5919,94,rsa,0.053173378109931946
vissl/simclr_resnet50_1000epochs,layer1.0,VMV3,test,sub-10,5919,98,rsa,0.04974011331796646
vissl/simclr_resnet50_1000epochs,layer1.0,VMV1,test,sub-10,5919,42,rsa,0.023107264190912247
vissl/simclr_resnet50_1000epochs,layer1.0,PHA2,test,sub-10,5919,21,rsa,0.004708596505224705
vissl/simclr_resnet50_1000epochs,layer1.0,PHA3,test,sub-10,5919,104,rsa,0.008653530851006508
vissl/simclr_resnet50_1000epochs,layer1.0,PH,test,sub-10,5919,261,rsa,0.04046273231506348
vissl/simclr_resnet50_1000epochs,layer1.1,V1,test,sub-10,5919,553,rsa,4.119332879781723e-05
vissl/simclr_resnet50_1000epochs,layer1.1,V2,test,sub-10,5919,516,rsa,-0.004779987037181854
vissl/simclr_resnet50_1000epochs,layer1.1,V3,test,sub-10,5919,400,rsa,-0.016717057675123215
vissl/simclr_resnet50_1000epochs,layer1.1,V4,test,sub-10,5919,574,rsa,-0.04917684197425842
vissl/simclr_resnet50_1000epochs,layer1.1,V3A,test,sub-10,5919,85,rsa,-0.05212840437889099
vissl/simclr_resnet50_1000epochs,layer1.1,V3B,test,sub-10,5919,99,rsa,-0.016932308673858643
vissl/simclr_resnet50_1000epochs,layer1.1,V6,test,sub-10,5919,11,rsa,-0.11269912123680115
vissl/simclr_resnet50_1000epochs,layer1.1,V6A,test,sub-10,5919,45,rsa,0.005964560434222221
vissl/simclr_resnet50_1000epochs,layer1.1,V7,test,sub-10,5919,61,rsa,0.022822100669145584
vissl/simclr_resnet50_1000epochs,layer1.1,V8,test,sub-10,5919,96,rsa,-0.0058846441097557545
vissl/simclr_resnet50_1000epochs,layer1.1,FFC,test,sub-10,5919,244,rsa,-0.015801219269633293
vissl/simclr_resnet50_1000epochs,layer1.1,PIT,test,sub-10,5919,100,rsa,-0.02828989364206791
vissl/simclr_resnet50_1000epochs,layer1.1,IPS1,test,sub-10,5919,166,rsa,-0.001497691497206688
vissl/simclr_resnet50_1000epochs,layer1.1,MST,test,sub-10,5919,135,rsa,-0.03550140559673309
vissl/simclr_resnet50_1000epochs,layer1.1,MT,test,sub-10,5919,86,rsa,-0.005687317345291376
vissl/simclr_resnet50_1000epochs,layer1.1,FST,test,sub-10,5919,167,rsa,-0.014461596496403217
vissl/simclr_resnet50_1000epochs,layer1.1,LO1,test,sub-10,5919,78,rsa,0.034342918545007706
vissl/simclr_resnet50_1000epochs,layer1.1,LO2,test,sub-10,5919,80,rsa,-0.0015359134413301945
vissl/simclr_resnet50_1000epochs,layer1.1,LO3,test,sub-10,5919,113,rsa,-0.023684993386268616
vissl/simclr_resnet50_1000epochs,layer1.1,V7,test,sub-10,5919,61,rsa,0.022822100669145584
vissl/simclr_resnet50_1000epochs,layer1.1,IP0,test,sub-10,5919,103,rsa,-0.03631523996591568
vissl/simclr_resnet50_1000epochs,layer1.1,IP1,test,sub-10,5919,33,rsa,-0.0241117924451828
vissl/simclr_resnet50_1000epochs,layer1.1,MIP,test,sub-10,5919,178,rsa,5.694665014743805e-05
vissl/simclr_resnet50_1000epochs,layer1.1,VIP,test,sub-10,5919,100,rsa,-0.020878879353404045
vissl/simclr_resnet50_1000epochs,layer1.1,LIPd,test,sub-10,5919,31,rsa,0.005610812455415726
vissl/simclr_resnet50_1000epochs,layer1.1,LIPv,test,sub-10,5919,75,rsa,-0.0018929240759462118
vissl/simclr_resnet50_1000epochs,layer1.1,AIP,test,sub-10,5919,409,rsa,-0.004340269602835178
vissl/simclr_resnet50_1000epochs,layer1.1,7Pm,test,sub-10,5919,21,rsa,-0.007548400200903416
vissl/simclr_resnet50_1000epochs,layer1.1,7PL,test,sub-10,5919,106,rsa,-0.007459826301783323
vissl/simclr_resnet50_1000epochs,layer1.1,7PC,test,sub-10,5919,224,rsa,-0.048084575682878494
vissl/simclr_resnet50_1000epochs,layer1.1,7Am,test,sub-10,5919,186,rsa,-0.02645109035074711
vissl/simclr_resnet50_1000epochs,layer1.1,7AL,test,sub-10,5919,158,rsa,0.0027870836202055216
vissl/simclr_resnet50_1000epochs,layer1.1,VVC,test,sub-10,5919,196,rsa,0.03240905702114105
vissl/simclr_resnet50_1000epochs,layer1.1,VMV2,test,sub-10,5919,94,rsa,0.04279499873518944
vissl/simclr_resnet50_1000epochs,layer1.1,VMV3,test,sub-10,5919,98,rsa,0.042912714183330536
vissl/simclr_resnet50_1000epochs,layer1.1,VMV1,test,sub-10,5919,42,rsa,0.017104584723711014
vissl/simclr_resnet50_1000epochs,layer1.1,PHA2,test,sub-10,5919,21,rsa,-0.0016880771145224571
vissl/simclr_resnet50_1000epochs,layer1.1,PHA3,test,sub-10,5919,104,rsa,-0.0012909243814647198
vissl/simclr_resnet50_1000epochs,layer1.1,PH,test,sub-10,5919,261,rsa,0.03500329703092575
vissl/simclr_resnet50_1000epochs,layer1.2,V1,test,sub-10,5919,553,rsa,-0.014304940588772297
vissl/simclr_resnet50_1000epochs,layer1.2,V2,test,sub-10,5919,516,rsa,-0.013353469781577587
vissl/simclr_resnet50_1000epochs,layer1.2,V3,test,sub-10,5919,400,rsa,-0.02675243839621544
vissl/simclr_resnet50_1000epochs,layer1.2,V4,test,sub-10,5919,574,rsa,-0.059448760002851486
vissl/simclr_resnet50_1000epochs,layer1.2,V3A,test,sub-10,5919,85,rsa,-0.06260829418897629
vissl/simclr_resnet50_1000epochs,layer1.2,V3B,test,sub-10,5919,99,rsa,-0.019161060452461243
vissl/simclr_resnet50_1000epochs,layer1.2,V6,test,sub-10,5919,11,rsa,-0.1252249777317047
vissl/simclr_resnet50_1000epochs,layer1.2,V6A,test,sub-10,5919,45,rsa,0.004972997587174177
vissl/simclr_resnet50_1000epochs,layer1.2,V7,test,sub-10,5919,61,rsa,0.01723397523164749
vissl/simclr_resnet50_1000epochs,layer1.2,V8,test,sub-10,5919,96,rsa,-0.005422639660537243
vissl/simclr_resnet50_1000epochs,layer1.2,FFC,test,sub-10,5919,244,rsa,-0.021177398040890694
vissl/simclr_resnet50_1000epochs,layer1.2,PIT,test,sub-10,5919,100,rsa,-0.03398486226797104
vissl/simclr_resnet50_1000epochs,layer1.2,IPS1,test,sub-10,5919,166,rsa,-0.004234606400132179
vissl/simclr_resnet50_1000epochs,layer1.2,MST,test,sub-10,5919,135,rsa,-0.0412902794778347
vissl/simclr_resnet50_1000epochs,layer1.2,MT,test,sub-10,5919,86,rsa,-0.01026763953268528
vissl/simclr_resnet50_1000epochs,layer1.2,FST,test,sub-10,5919,167,rsa,-0.015063939616084099
vissl/simclr_resnet50_1000epochs,layer1.2,LO1,test,sub-10,5919,78,rsa,0.03065979853272438
vissl/simclr_resnet50_1000epochs,layer1.2,LO2,test,sub-10,5919,80,rsa,-0.006171582732349634
vissl/simclr_resnet50_1000epochs,layer1.2,LO3,test,sub-10,5919,113,rsa,-0.029422584921121597
vissl/simclr_resnet50_1000epochs,layer1.2,V7,test,sub-10,5919,61,rsa,0.01723397523164749
vissl/simclr_resnet50_1000epochs,layer1.2,IP0,test,sub-10,5919,103,rsa,-0.04305538162589073
vissl/simclr_resnet50_1000epochs,layer1.2,IP1,test,sub-10,5919,33,rsa,-0.021311704069375992
vissl/simclr_resnet50_1000epochs,layer1.2,MIP,test,sub-10,5919,178,rsa,-0.003868452273309231
vissl/simclr_resnet50_1000epochs,layer1.2,VIP,test,sub-10,5919,100,rsa,-0.025715716183185577
vissl/simclr_resnet50_1000epochs,layer1.2,LIPd,test,sub-10,5919,31,rsa,0.007728755474090576
vissl/simclr_resnet50_1000epochs,layer1.2,LIPv,test,sub-10,5919,75,rsa,-0.0018330824095755816
vissl/simclr_resnet50_1000epochs,layer1.2,AIP,test,sub-10,5919,409,rsa,-0.001572518260218203
vissl/simclr_resnet50_1000epochs,layer1.2,7Pm,test,sub-10,5919,21,rsa,-0.009522058069705963
vissl/simclr_resnet50_1000epochs,layer1.2,7PL,test,sub-10,5919,106,rsa,-0.014168206602334976
vissl/simclr_resnet50_1000epochs,layer1.2,7PC,test,sub-10,5919,224,rsa,-0.04560648277401924
vissl/simclr_resnet50_1000epochs,layer1.2,7Am,test,sub-10,5919,186,rsa,-0.029878893867135048
vissl/simclr_resnet50_1000epochs,layer1.2,7AL,test,sub-10,5919,158,rsa,0.002107944805175066
vissl/simclr_resnet50_1000epochs,layer1.2,VVC,test,sub-10,5919,196,rsa,0.028931353241205215
vissl/simclr_resnet50_1000epochs,layer1.2,VMV2,test,sub-10,5919,94,rsa,0.038004711270332336
vissl/simclr_resnet50_1000epochs,layer1.2,VMV3,test,sub-10,5919,98,rsa,0.0414595901966095
vissl/simclr_resnet50_1000epochs,layer1.2,VMV1,test,sub-10,5919,42,rsa,0.01282055675983429
vissl/simclr_resnet50_1000epochs,layer1.2,PHA2,test,sub-10,5919,21,rsa,-0.0025484878569841385
vissl/simclr_resnet50_1000epochs,layer1.2,PHA3,test,sub-10,5919,104,rsa,-0.00716651976108551
vissl/simclr_resnet50_1000epochs,layer1.2,PH,test,sub-10,5919,261,rsa,0.032392825931310654
vissl/simclr_resnet50_1000epochs,layer2.0,V1,test,sub-10,5919,553,rsa,0.008885042741894722
vissl/simclr_resnet50_1000epochs,layer2.0,V2,test,sub-10,5919,516,rsa,-0.00725674070417881
vissl/simclr_resnet50_1000epochs,layer2.0,V3,test,sub-10,5919,400,rsa,-0.032244037836790085
vissl/simclr_resnet50_1000epochs,layer2.0,V4,test,sub-10,5919,574,rsa,-0.055027130991220474
vissl/simclr_resnet50_1000epochs,layer2.0,V3A,test,sub-10,5919,85,rsa,-0.06781796365976334
vissl/simclr_resnet50_1000epochs,layer2.0,V3B,test,sub-10,5919,99,rsa,-0.02248978428542614
vissl/simclr_resnet50_1000epochs,layer2.0,V6,test,sub-10,5919,11,rsa,-0.12187747657299042
vissl/simclr_resnet50_1000epochs,layer2.0,V6A,test,sub-10,5919,45,rsa,0.009390814229846
vissl/simclr_resnet50_1000epochs,layer2.0,V7,test,sub-10,5919,61,rsa,0.009127672761678696
vissl/simclr_resnet50_1000epochs,layer2.0,V8,test,sub-10,5919,96,rsa,0.009495261125266552
vissl/simclr_resnet50_1000epochs,layer2.0,FFC,test,sub-10,5919,244,rsa,-0.019727757200598717
vissl/simclr_resnet50_1000epochs,layer2.0,PIT,test,sub-10,5919,100,rsa,-0.037490490823984146
vissl/simclr_resnet50_1000epochs,layer2.0,IPS1,test,sub-10,5919,166,rsa,-0.00905824825167656
vissl/simclr_resnet50_1000epochs,layer2.0,MST,test,sub-10,5919,135,rsa,-0.03167281299829483
vissl/simclr_resnet50_1000epochs,layer2.0,MT,test,sub-10,5919,86,rsa,-0.01647612825036049
vissl/simclr_resnet50_1000epochs,layer2.0,FST,test,sub-10,5919,167,rsa,-0.020037347450852394
vissl/simclr_resnet50_1000epochs,layer2.0,LO1,test,sub-10,5919,78,rsa,0.024849483743309975
vissl/simclr_resnet50_1000epochs,layer2.0,LO2,test,sub-10,5919,80,rsa,-0.0036559528671205044
vissl/simclr_resnet50_1000epochs,layer2.0,LO3,test,sub-10,5919,113,rsa,-0.035902827978134155
vissl/simclr_resnet50_1000epochs,layer2.0,V7,test,sub-10,5919,61,rsa,0.009127672761678696
vissl/simclr_resnet50_1000epochs,layer2.0,IP0,test,sub-10,5919,103,rsa,-0.04748834669589996
vissl/simclr_resnet50_1000epochs,layer2.0,IP1,test,sub-10,5919,33,rsa,-0.02140825241804123
vissl/simclr_resnet50_1000epochs,layer2.0,MIP,test,sub-10,5919,178,rsa,-0.005414210259914398
vissl/simclr_resnet50_1000epochs,layer2.0,VIP,test,sub-10,5919,100,rsa,-0.029190724715590477
vissl/simclr_resnet50_1000epochs,layer2.0,LIPd,test,sub-10,5919,31,rsa,0.006165488623082638
vissl/simclr_resnet50_1000epochs,layer2.0,LIPv,test,sub-10,5919,75,rsa,-0.005467508919537067
vissl/simclr_resnet50_1000epochs,layer2.0,AIP,test,sub-10,5919,409,rsa,-0.001681582536548376
vissl/simclr_resnet50_1000epochs,layer2.0,7Pm,test,sub-10,5919,21,rsa,-0.011105230078101158
vissl/simclr_resnet50_1000epochs,layer2.0,7PL,test,sub-10,5919,106,rsa,-0.014884443953633308
vissl/simclr_resnet50_1000epochs,layer2.0,7PC,test,sub-10,5919,224,rsa,-0.04683312028646469
vissl/simclr_resnet50_1000epochs,layer2.0,7Am,test,sub-10,5919,186,rsa,-0.026919404044747353
vissl/simclr_resnet50_1000epochs,layer2.0,7AL,test,sub-10,5919,158,rsa,0.0020746071822941303
vissl/simclr_resnet50_1000epochs,layer2.0,VVC,test,sub-10,5919,196,rsa,0.03478914126753807
vissl/simclr_resnet50_1000epochs,layer2.0,VMV2,test,sub-10,5919,94,rsa,0.031814925372600555
vissl/simclr_resnet50_1000epochs,layer2.0,VMV3,test,sub-10,5919,98,rsa,0.024905510246753693
vissl/simclr_resnet50_1000epochs,layer2.0,VMV1,test,sub-10,5919,42,rsa,0.01066434383392334
vissl/simclr_resnet50_1000epochs,layer2.0,PHA2,test,sub-10,5919,21,rsa,0.0033178767189383507
vissl/simclr_resnet50_1000epochs,layer2.0,PHA3,test,sub-10,5919,104,rsa,0.0012243781238794327
vissl/simclr_resnet50_1000epochs,layer2.0,PH,test,sub-10,5919,261,rsa,0.03021254390478134
vissl/simclr_resnet50_1000epochs,layer2.1,V1,test,sub-10,5919,553,rsa,-0.0014241356402635574
vissl/simclr_resnet50_1000epochs,layer2.1,V2,test,sub-10,5919,516,rsa,-0.01528959907591343
vissl/simclr_resnet50_1000epochs,layer2.1,V3,test,sub-10,5919,400,rsa,-0.0385441817343235
vissl/simclr_resnet50_1000epochs,layer2.1,V4,test,sub-10,5919,574,rsa,-0.06398599594831467
vissl/simclr_resnet50_1000epochs,layer2.1,V3A,test,sub-10,5919,85,rsa,-0.07195756584405899
vissl/simclr_resnet50_1000epochs,layer2.1,V3B,test,sub-10,5919,99,rsa,-0.02321700006723404
vissl/simclr_resnet50_1000epochs,layer2.1,V6,test,sub-10,5919,11,rsa,-0.12670522928237915
vissl/simclr_resnet50_1000epochs,layer2.1,V6A,test,sub-10,5919,45,rsa,0.005541625898331404
vissl/simclr_resnet50_1000epochs,layer2.1,V7,test,sub-10,5919,61,rsa,0.008973224088549614
vissl/simclr_resnet50_1000epochs,layer2.1,V8,test,sub-10,5919,96,rsa,0.007027138955891132
vissl/simclr_resnet50_1000epochs,layer2.1,FFC,test,sub-10,5919,244,rsa,-0.020850012078881264
vissl/simclr_resnet50_1000epochs,layer2.1,PIT,test,sub-10,5919,100,rsa,-0.039791759103536606
vissl/simclr_resnet50_1000epochs,layer2.1,IPS1,test,sub-10,5919,166,rsa,-0.009873044677078724
vissl/simclr_resnet50_1000epochs,layer2.1,MST,test,sub-10,5919,135,rsa,-0.034262098371982574
vissl/simclr_resnet50_1000epochs,layer2.1,MT,test,sub-10,5919,86,rsa,-0.01658894680440426
vissl/simclr_resnet50_1000epochs,layer2.1,FST,test,sub-10,5919,167,rsa,-0.02011306770145893
vissl/simclr_resnet50_1000epochs,layer2.1,LO1,test,sub-10,5919,78,rsa,0.022613398730754852
vissl/simclr_resnet50_1000epochs,layer2.1,LO2,test,sub-10,5919,80,rsa,-0.005502087064087391
vissl/simclr_resnet50_1000epochs,layer2.1,LO3,test,sub-10,5919,113,rsa,-0.03837227076292038
vissl/simclr_resnet50_1000epochs,layer2.1,V7,test,sub-10,5919,61,rsa,0.008973224088549614
vissl/simclr_resnet50_1000epochs,layer2.1,IP0,test,sub-10,5919,103,rsa,-0.049419499933719635
vissl/simclr_resnet50_1000epochs,layer2.1,IP1,test,sub-10,5919,33,rsa,-0.020825868472456932
vissl/simclr_resnet50_1000epochs,layer2.1,MIP,test,sub-10,5919,178,rsa,-0.007358456030488014
vissl/simclr_resnet50_1000epochs,layer2.1,VIP,test,sub-10,5919,100,rsa,-0.033888403326272964
vissl/simclr_resnet50_1000epochs,layer2.1,LIPd,test,sub-10,5919,31,rsa,0.006136246025562286
vissl/simclr_resnet50_1000epochs,layer2.1,LIPv,test,sub-10,5919,75,rsa,-0.00497601879760623
vissl/simclr_resnet50_1000epochs,layer2.1,AIP,test,sub-10,5919,409,rsa,-0.001809135777875781
vissl/simclr_resnet50_1000epochs,layer2.1,7Pm,test,sub-10,5919,21,rsa,-0.012156070210039616
vissl/simclr_resnet50_1000epochs,layer2.1,7PL,test,sub-10,5919,106,rsa,-0.01792352832853794
vissl/simclr_resnet50_1000epochs,layer2.1,7PC,test,sub-10,5919,224,rsa,-0.04664543271064758
vissl/simclr_resnet50_1000epochs,layer2.1,7Am,test,sub-10,5919,186,rsa,-0.028452273458242416
vissl/simclr_resnet50_1000epochs,layer2.1,7AL,test,sub-10,5919,158,rsa,0.0030103465542197227
vissl/simclr_resnet50_1000epochs,layer2.1,VVC,test,sub-10,5919,196,rsa,0.03576122596859932
vissl/simclr_resnet50_1000epochs,layer2.1,VMV2,test,sub-10,5919,94,rsa,0.025791920721530914
vissl/simclr_resnet50_1000epochs,layer2.1,VMV3,test,sub-10,5919,98,rsa,0.02430504560470581
vissl/simclr_resnet50_1000epochs,layer2.1,VMV1,test,sub-10,5919,42,rsa,0.009879074059426785
vissl/simclr_resnet50_1000epochs,layer2.1,PHA2,test,sub-10,5919,21,rsa,-0.0005843453109264374
vissl/simclr_resnet50_1000epochs,layer2.1,PHA3,test,sub-10,5919,104,rsa,-0.001754807773977518
vissl/simclr_resnet50_1000epochs,layer2.1,PH,test,sub-10,5919,261,rsa,0.029671652242541313
vissl/simclr_resnet50_1000epochs,layer2.2,V1,test,sub-10,5919,553,rsa,-0.017950493842363358
vissl/simclr_resnet50_1000epochs,layer2.2,V2,test,sub-10,5919,516,rsa,-0.023098792880773544
vissl/simclr_resnet50_1000epochs,layer2.2,V3,test,sub-10,5919,400,rsa,-0.04404051601886749
vissl/simclr_resnet50_1000epochs,layer2.2,V4,test,sub-10,5919,574,rsa,-0.07370539009571075
vissl/simclr_resnet50_1000epochs,layer2.2,V3A,test,sub-10,5919,85,rsa,-0.07881440967321396
vissl/simclr_resnet50_1000epochs,layer2.2,V3B,test,sub-10,5919,99,rsa,-0.02572905644774437
vissl/simclr_resnet50_1000epochs,layer2.2,V6,test,sub-10,5919,11,rsa,-0.13550260663032532
vissl/simclr_resnet50_1000epochs,layer2.2,V6A,test,sub-10,5919,45,rsa,0.0038353402633219957
vissl/simclr_resnet50_1000epochs,layer2.2,V7,test,sub-10,5919,61,rsa,0.007585371844470501
vissl/simclr_resnet50_1000epochs,layer2.2,V8,test,sub-10,5919,96,rsa,0.0026441593654453754
vissl/simclr_resnet50_1000epochs,layer2.2,FFC,test,sub-10,5919,244,rsa,-0.026995157822966576
vissl/simclr_resnet50_1000epochs,layer2.2,PIT,test,sub-10,5919,100,rsa,-0.04446236044168472
vissl/simclr_resnet50_1000epochs,layer2.2,IPS1,test,sub-10,5919,166,rsa,-0.009226946160197258
vissl/simclr_resnet50_1000epochs,layer2.2,MST,test,sub-10,5919,135,rsa,-0.042724840342998505
vissl/simclr_resnet50_1000epochs,layer2.2,MT,test,sub-10,5919,86,rsa,-0.02140919119119644
vissl/simclr_resnet50_1000epochs,layer2.2,FST,test,sub-10,5919,167,rsa,-0.022319292649626732
vissl/simclr_resnet50_1000epochs,layer2.2,LO1,test,sub-10,5919,78,rsa,0.017454911023378372
vissl/simclr_resnet50_1000epochs,layer2.2,LO2,test,sub-10,5919,80,rsa,-0.010622585192322731
vissl/simclr_resnet50_1000epochs,layer2.2,LO3,test,sub-10,5919,113,rsa,-0.04224499315023422
vissl/simclr_resnet50_1000epochs,layer2.2,V7,test,sub-10,5919,61,rsa,0.007585371844470501
vissl/simclr_resnet50_1000epochs,layer2.2,IP0,test,sub-10,5919,103,rsa,-0.05479739233851433
vissl/simclr_resnet50_1000epochs,layer2.2,IP1,test,sub-10,5919,33,rsa,-0.01732652261853218
vissl/simclr_resnet50_1000epochs,layer2.2,MIP,test,sub-10,5919,178,rsa,-0.007359755225479603
vissl/simclr_resnet50_1000epochs,layer2.2,VIP,test,sub-10,5919,100,rsa,-0.03679104149341583
vissl/simclr_resnet50_1000epochs,layer2.2,LIPd,test,sub-10,5919,31,rsa,0.008643092587590218
vissl/simclr_resnet50_1000epochs,layer2.2,LIPv,test,sub-10,5919,75,rsa,-0.003908280283212662
vissl/simclr_resnet50_1000epochs,layer2.2,AIP,test,sub-10,5919,409,rsa,0.000774238258600235
vissl/simclr_resnet50_1000epochs,layer2.2,7Pm,test,sub-10,5919,21,rsa,-0.015549487434327602
vissl/simclr_resnet50_1000epochs,layer2.2,7PL,test,sub-10,5919,106,rsa,-0.021279651671648026
vissl/simclr_resnet50_1000epochs,layer2.2,7PC,test,sub-10,5919,224,rsa,-0.04273144528269768
vissl/simclr_resnet50_1000epochs,layer2.2,7Am,test,sub-10,5919,186,rsa,-0.03174038231372833
vissl/simclr_resnet50_1000epochs,layer2.2,7AL,test,sub-10,5919,158,rsa,0.002379626501351595
vissl/simclr_resnet50_1000epochs,layer2.2,VVC,test,sub-10,5919,196,rsa,0.031086038798093796
vissl/simclr_resnet50_1000epochs,layer2.2,VMV2,test,sub-10,5919,94,rsa,0.020484646782279015
vissl/simclr_resnet50_1000epochs,layer2.2,VMV3,test,sub-10,5919,98,rsa,0.026865530759096146
vissl/simclr_resnet50_1000epochs,layer2.2,VMV1,test,sub-10,5919,42,rsa,0.006397739052772522
vissl/simclr_resnet50_1000epochs,layer2.2,PHA2,test,sub-10,5919,21,rsa,-0.004646264482289553
vissl/simclr_resnet50_1000epochs,layer2.2,PHA3,test,sub-10,5919,104,rsa,-0.008735604584217072
vissl/simclr_resnet50_1000epochs,layer2.2,PH,test,sub-10,5919,261,rsa,0.025136906653642654
vissl/simclr_resnet50_1000epochs,layer2.3,V1,test,sub-10,5919,553,rsa,-0.024485690519213676
vissl/simclr_resnet50_1000epochs,layer2.3,V2,test,sub-10,5919,516,rsa,-0.023965653032064438
vissl/simclr_resnet50_1000epochs,layer2.3,V3,test,sub-10,5919,400,rsa,-0.04206478223204613
vissl/simclr_resnet50_1000epochs,layer2.3,V4,test,sub-10,5919,574,rsa,-0.07352571934461594
vissl/simclr_resnet50_1000epochs,layer2.3,V3A,test,sub-10,5919,85,rsa,-0.08019127696752548
vissl/simclr_resnet50_1000epochs,layer2.3,V3B,test,sub-10,5919,99,rsa,-0.026838770136237144
vissl/simclr_resnet50_1000epochs,layer2.3,V6,test,sub-10,5919,11,rsa,-0.13612839579582214
vissl/simclr_resnet50_1000epochs,layer2.3,V6A,test,sub-10,5919,45,rsa,0.004213086329400539
vissl/simclr_resnet50_1000epochs,layer2.3,V7,test,sub-10,5919,61,rsa,0.008958986029028893
vissl/simclr_resnet50_1000epochs,layer2.3,V8,test,sub-10,5919,96,rsa,-0.0027804733254015446
vissl/simclr_resnet50_1000epochs,layer2.3,FFC,test,sub-10,5919,244,rsa,-0.025758150964975357
vissl/simclr_resnet50_1000epochs,layer2.3,PIT,test,sub-10,5919,100,rsa,-0.043110109865665436
vissl/simclr_resnet50_1000epochs,layer2.3,IPS1,test,sub-10,5919,166,rsa,-0.008831704035401344
vissl/simclr_resnet50_1000epochs,layer2.3,MST,test,sub-10,5919,135,rsa,-0.043256163597106934
vissl/simclr_resnet50_1000epochs,layer2.3,MT,test,sub-10,5919,86,rsa,-0.019080910831689835
vissl/simclr_resnet50_1000epochs,layer2.3,FST,test,sub-10,5919,167,rsa,-0.021813690662384033
vissl/simclr_resnet50_1000epochs,layer2.3,LO1,test,sub-10,5919,78,rsa,0.019681891426444054
vissl/simclr_resnet50_1000epochs,layer2.3,LO2,test,sub-10,5919,80,rsa,-0.009668922051787376
vissl/simclr_resnet50_1000epochs,layer2.3,LO3,test,sub-10,5919,113,rsa,-0.04037630930542946
vissl/simclr_resnet50_1000epochs,layer2.3,V7,test,sub-10,5919,61,rsa,0.008958986029028893
vissl/simclr_resnet50_1000epochs,layer2.3,IP0,test,sub-10,5919,103,rsa,-0.05520305037498474
vissl/simclr_resnet50_1000epochs,layer2.3,IP1,test,sub-10,5919,33,rsa,-0.016022415831685066
vissl/simclr_resnet50_1000epochs,layer2.3,MIP,test,sub-10,5919,178,rsa,-0.008127978071570396
vissl/simclr_resnet50_1000epochs,layer2.3,VIP,test,sub-10,5919,100,rsa,-0.03704157471656799
vissl/simclr_resnet50_1000epochs,layer2.3,LIPd,test,sub-10,5919,31,rsa,0.008204733952879906
vissl/simclr_resnet50_1000epochs,layer2.3,LIPv,test,sub-10,5919,75,rsa,-0.002893335185945034
vissl/simclr_resnet50_1000epochs,layer2.3,AIP,test,sub-10,5919,409,rsa,0.001719838473945856
vissl/simclr_resnet50_1000epochs,layer2.3,7Pm,test,sub-10,5919,21,rsa,-0.016675123944878578
vissl/simclr_resnet50_1000epochs,layer2.3,7PL,test,sub-10,5919,106,rsa,-0.022075645625591278
vissl/simclr_resnet50_1000epochs,layer2.3,7PC,test,sub-10,5919,224,rsa,-0.04193536192178726
vissl/simclr_resnet50_1000epochs,layer2.3,7Am,test,sub-10,5919,186,rsa,-0.032019007951021194
vissl/simclr_resnet50_1000epochs,layer2.3,7AL,test,sub-10,5919,158,rsa,0.003880106844007969
vissl/simclr_resnet50_1000epochs,layer2.3,VVC,test,sub-10,5919,196,rsa,0.03313737362623215
vissl/simclr_resnet50_1000epochs,layer2.3,VMV2,test,sub-10,5919,94,rsa,0.021344712004065514
vissl/simclr_resnet50_1000epochs,layer2.3,VMV3,test,sub-10,5919,98,rsa,0.029589643701910973
vissl/simclr_resnet50_1000epochs,layer2.3,VMV1,test,sub-10,5919,42,rsa,0.009707339107990265
vissl/simclr_resnet50_1000epochs,layer2.3,PHA2,test,sub-10,5919,21,rsa,-0.004504982382059097
vissl/simclr_resnet50_1000epochs,layer2.3,PHA3,test,sub-10,5919,104,rsa,-0.008664799854159355
vissl/simclr_resnet50_1000epochs,layer2.3,PH,test,sub-10,5919,261,rsa,0.025739382952451706
vissl/simclr_resnet50_1000epochs,layer3.1,V1,test,sub-10,5919,553,rsa,0.02386496588587761
vissl/simclr_resnet50_1000epochs,layer3.1,V2,test,sub-10,5919,516,rsa,0.005186064168810844
vissl/simclr_resnet50_1000epochs,layer3.1,V3,test,sub-10,5919,400,rsa,-0.011658649891614914
vissl/simclr_resnet50_1000epochs,layer3.1,V4,test,sub-10,5919,574,rsa,-0.039243195205926895
vissl/simclr_resnet50_1000epochs,layer3.1,V3A,test,sub-10,5919,85,rsa,-0.05812310054898262
vissl/simclr_resnet50_1000epochs,layer3.1,V3B,test,sub-10,5919,99,rsa,-0.01701567880809307
vissl/simclr_resnet50_1000epochs,layer3.1,V6,test,sub-10,5919,11,rsa,-0.11830960214138031
vissl/simclr_resnet50_1000epochs,layer3.1,V6A,test,sub-10,5919,45,rsa,0.02258172631263733
vissl/simclr_resnet50_1000epochs,layer3.1,V7,test,sub-10,5919,61,rsa,0.0286033283919096
vissl/simclr_resnet50_1000epochs,layer3.1,V8,test,sub-10,5919,96,rsa,0.017340276390314102
vissl/simclr_resnet50_1000epochs,layer3.1,FFC,test,sub-10,5919,244,rsa,0.007681322284042835
vissl/simclr_resnet50_1000epochs,layer3.1,PIT,test,sub-10,5919,100,rsa,-0.01796218752861023
vissl/simclr_resnet50_1000epochs,layer3.1,IPS1,test,sub-10,5919,166,rsa,0.001780427061021328
vissl/simclr_resnet50_1000epochs,layer3.1,MST,test,sub-10,5919,135,rsa,-0.011074532754719257
vissl/simclr_resnet50_1000epochs,layer3.1,MT,test,sub-10,5919,86,rsa,0.012699902057647705
vissl/simclr_resnet50_1000epochs,layer3.1,FST,test,sub-10,5919,167,rsa,-0.007082261145114899
vissl/simclr_resnet50_1000epochs,layer3.1,LO1,test,sub-10,5919,78,rsa,0.041192054748535156
vissl/simclr_resnet50_1000epochs,layer3.1,LO2,test,sub-10,5919,80,rsa,0.012430465780198574
vissl/simclr_resnet50_1000epochs,layer3.1,LO3,test,sub-10,5919,113,rsa,-0.015167273581027985
vissl/simclr_resnet50_1000epochs,layer3.1,V7,test,sub-10,5919,61,rsa,0.0286033283919096
vissl/simclr_resnet50_1000epochs,layer3.1,IP0,test,sub-10,5919,103,rsa,-0.035515185445547104
vissl/simclr_resnet50_1000epochs,layer3.1,IP1,test,sub-10,5919,33,rsa,-0.018985621631145477
vissl/simclr_resnet50_1000epochs,layer3.1,MIP,test,sub-10,5919,178,rsa,0.002521890215575695
vissl/simclr_resnet50_1000epochs,layer3.1,VIP,test,sub-10,5919,100,rsa,-0.028997082263231277
vissl/simclr_resnet50_1000epochs,layer3.1,LIPd,test,sub-10,5919,31,rsa,0.007550850044935942
vissl/simclr_resnet50_1000epochs,layer3.1,LIPv,test,sub-10,5919,75,rsa,0.002419807016849518
vissl/simclr_resnet50_1000epochs,layer3.1,AIP,test,sub-10,5919,409,rsa,0.00447804294526577
vissl/simclr_resnet50_1000epochs,layer3.1,7Pm,test,sub-10,5919,21,rsa,-0.013026434928178787
vissl/simclr_resnet50_1000epochs,layer3.1,7PL,test,sub-10,5919,106,rsa,-0.007203817367553711
vissl/simclr_resnet50_1000epochs,layer3.1,7PC,test,sub-10,5919,224,rsa,-0.03210967779159546
vissl/simclr_resnet50_1000epochs,layer3.1,7Am,test,sub-10,5919,186,rsa,-0.016526196151971817
vissl/simclr_resnet50_1000epochs,layer3.1,7AL,test,sub-10,5919,158,rsa,0.01063491776585579
vissl/simclr_resnet50_1000epochs,layer3.1,VVC,test,sub-10,5919,196,rsa,0.059522487223148346
vissl/simclr_resnet50_1000epochs,layer3.1,VMV2,test,sub-10,5919,94,rsa,0.04620105028152466
vissl/simclr_resnet50_1000epochs,layer3.1,VMV3,test,sub-10,5919,98,rsa,0.03530539944767952
vissl/simclr_resnet50_1000epochs,layer3.1,VMV1,test,sub-10,5919,42,rsa,0.027351493015885353
vissl/simclr_resnet50_1000epochs,layer3.1,PHA2,test,sub-10,5919,21,rsa,0.01398387085646391
vissl/simclr_resnet50_1000epochs,layer3.1,PHA3,test,sub-10,5919,104,rsa,0.02574661560356617
vissl/simclr_resnet50_1000epochs,layer3.1,PH,test,sub-10,5919,261,rsa,0.0509352944791317
vissl/simclr_resnet50_1000epochs,layer3.2,V1,test,sub-10,5919,553,rsa,0.020234014838933945
vissl/simclr_resnet50_1000epochs,layer3.2,V2,test,sub-10,5919,516,rsa,0.003687361255288124
vissl/simclr_resnet50_1000epochs,layer3.2,V3,test,sub-10,5919,400,rsa,-0.01285879872739315
vissl/simclr_resnet50_1000epochs,layer3.2,V4,test,sub-10,5919,574,rsa,-0.041391339153051376
vissl/simclr_resnet50_1000epochs,layer3.2,V3A,test,sub-10,5919,85,rsa,-0.05864190310239792
vissl/simclr_resnet50_1000epochs,layer3.2,V3B,test,sub-10,5919,99,rsa,-0.015012992545962334
vissl/simclr_resnet50_1000epochs,layer3.2,V6,test,sub-10,5919,11,rsa,-0.11531531810760498
vissl/simclr_resnet50_1000epochs,layer3.2,V6A,test,sub-10,5919,45,rsa,0.0242777019739151
vissl/simclr_resnet50_1000epochs,layer3.2,V7,test,sub-10,5919,61,rsa,0.029673947021365166
vissl/simclr_resnet50_1000epochs,layer3.2,V8,test,sub-10,5919,96,rsa,0.014725759625434875
vissl/simclr_resnet50_1000epochs,layer3.2,FFC,test,sub-10,5919,244,rsa,0.009843149222433567
vissl/simclr_resnet50_1000epochs,layer3.2,PIT,test,sub-10,5919,100,rsa,-0.016072047874331474
vissl/simclr_resnet50_1000epochs,layer3.2,IPS1,test,sub-10,5919,166,rsa,0.005506269633769989
vissl/simclr_resnet50_1000epochs,layer3.2,MST,test,sub-10,5919,135,rsa,-0.006031546741724014
vissl/simclr_resnet50_1000epochs,layer3.2,MT,test,sub-10,5919,86,rsa,0.012970898300409317
vissl/simclr_resnet50_1000epochs,layer3.2,FST,test,sub-10,5919,167,rsa,-0.005425977520644665
vissl/simclr_resnet50_1000epochs,layer3.2,LO1,test,sub-10,5919,78,rsa,0.042476922273635864
vissl/simclr_resnet50_1000epochs,layer3.2,LO2,test,sub-10,5919,80,rsa,0.015123817138373852
vissl/simclr_resnet50_1000epochs,layer3.2,LO3,test,sub-10,5919,113,rsa,-0.0137275829911232
vissl/simclr_resnet50_1000epochs,layer3.2,V7,test,sub-10,5919,61,rsa,0.029673947021365166
vissl/simclr_resnet50_1000epochs,layer3.2,IP0,test,sub-10,5919,103,rsa,-0.035723574459552765
vissl/simclr_resnet50_1000epochs,layer3.2,IP1,test,sub-10,5919,33,rsa,-0.01563851535320282
vissl/simclr_resnet50_1000epochs,layer3.2,MIP,test,sub-10,5919,178,rsa,0.001289118081331253
vissl/simclr_resnet50_1000epochs,layer3.2,VIP,test,sub-10,5919,100,rsa,-0.02869938313961029
vissl/simclr_resnet50_1000epochs,layer3.2,LIPd,test,sub-10,5919,31,rsa,0.0076368716545403
vissl/simclr_resnet50_1000epochs,layer3.2,LIPv,test,sub-10,5919,75,rsa,0.003934961743652821
vissl/simclr_resnet50_1000epochs,layer3.2,AIP,test,sub-10,5919,409,rsa,0.004948822315782309
vissl/simclr_resnet50_1000epochs,layer3.2,7Pm,test,sub-10,5919,21,rsa,-0.011998935602605343
vissl/simclr_resnet50_1000epochs,layer3.2,7PL,test,sub-10,5919,106,rsa,-0.007880049757659435
vissl/simclr_resnet50_1000epochs,layer3.2,7PC,test,sub-10,5919,224,rsa,-0.0312638059258461
vissl/simclr_resnet50_1000epochs,layer3.2,7Am,test,sub-10,5919,186,rsa,-0.015418942086398602
vissl/simclr_resnet50_1000epochs,layer3.2,7AL,test,sub-10,5919,158,rsa,0.011505333706736565
vissl/simclr_resnet50_1000epochs,layer3.2,VVC,test,sub-10,5919,196,rsa,0.06190715357661247
vissl/simclr_resnet50_1000epochs,layer3.2,VMV2,test,sub-10,5919,94,rsa,0.049644917249679565
vissl/simclr_resnet50_1000epochs,layer3.2,VMV3,test,sub-10,5919,98,rsa,0.035821229219436646
vissl/simclr_resnet50_1000epochs,layer3.2,VMV1,test,sub-10,5919,42,rsa,0.03054737113416195
vissl/simclr_resnet50_1000epochs,layer3.2,PHA2,test,sub-10,5919,21,rsa,0.016984280198812485
vissl/simclr_resnet50_1000epochs,layer3.2,PHA3,test,sub-10,5919,104,rsa,0.030476612970232964
vissl/simclr_resnet50_1000epochs,layer3.2,PH,test,sub-10,5919,261,rsa,0.053173474967479706
vissl/simclr_resnet50_1000epochs,layer3.3,V1,test,sub-10,5919,553,rsa,0.01721274107694626
vissl/simclr_resnet50_1000epochs,layer3.3,V2,test,sub-10,5919,516,rsa,0.001608278602361679
vissl/simclr_resnet50_1000epochs,layer3.3,V3,test,sub-10,5919,400,rsa,-0.014141403138637543
vissl/simclr_resnet50_1000epochs,layer3.3,V4,test,sub-10,5919,574,rsa,-0.04147125035524368
vissl/simclr_resnet50_1000epochs,layer3.3,V3A,test,sub-10,5919,85,rsa,-0.06082674115896225
vissl/simclr_resnet50_1000epochs,layer3.3,V3B,test,sub-10,5919,99,rsa,-0.018318651244044304
vissl/simclr_resnet50_1000epochs,layer3.3,V6,test,sub-10,5919,11,rsa,-0.11936807632446289
vissl/simclr_resnet50_1000epochs,layer3.3,V6A,test,sub-10,5919,45,rsa,0.021379072219133377
vissl/simclr_resnet50_1000epochs,layer3.3,V7,test,sub-10,5919,61,rsa,0.026971466839313507
vissl/simclr_resnet50_1000epochs,layer3.3,V8,test,sub-10,5919,96,rsa,0.014027578756213188
vissl/simclr_resnet50_1000epochs,layer3.3,FFC,test,sub-10,5919,244,rsa,0.010570716112852097
vissl/simclr_resnet50_1000epochs,layer3.3,PIT,test,sub-10,5919,100,rsa,-0.015476503409445286
vissl/simclr_resnet50_1000epochs,layer3.3,IPS1,test,sub-10,5919,166,rsa,0.004445022903382778
vissl/simclr_resnet50_1000epochs,layer3.3,MST,test,sub-10,5919,135,rsa,-0.007363247685134411
vissl/simclr_resnet50_1000epochs,layer3.3,MT,test,sub-10,5919,86,rsa,0.013692518696188927
vissl/simclr_resnet50_1000epochs,layer3.3,FST,test,sub-10,5919,167,rsa,-0.006220734678208828
vissl/simclr_resnet50_1000epochs,layer3.3,LO1,test,sub-10,5919,78,rsa,0.0434778593480587
vissl/simclr_resnet50_1000epochs,layer3.3,LO2,test,sub-10,5919,80,rsa,0.01663999632000923
vissl/simclr_resnet50_1000epochs,layer3.3,LO3,test,sub-10,5919,113,rsa,-0.013810575008392334
vissl/simclr_resnet50_1000epochs,layer3.3,V7,test,sub-10,5919,61,rsa,0.026971466839313507
vissl/simclr_resnet50_1000epochs,layer3.3,IP0,test,sub-10,5919,103,rsa,-0.03987672179937363
vissl/simclr_resnet50_1000epochs,layer3.3,IP1,test,sub-10,5919,33,rsa,-0.014070004224777222
vissl/simclr_resnet50_1000epochs,layer3.3,MIP,test,sub-10,5919,178,rsa,0.0006746780127286911
vissl/simclr_resnet50_1000epochs,layer3.3,VIP,test,sub-10,5919,100,rsa,-0.03162752464413643
vissl/simclr_resnet50_1000epochs,layer3.3,LIPd,test,sub-10,5919,31,rsa,0.009098140522837639
vissl/simclr_resnet50_1000epochs,layer3.3,LIPv,test,sub-10,5919,75,rsa,0.003270179033279419
vissl/simclr_resnet50_1000epochs,layer3.3,AIP,test,sub-10,5919,409,rsa,0.0046445755288004875
vissl/simclr_resnet50_1000epochs,layer3.3,7Pm,test,sub-10,5919,21,rsa,-0.013368265703320503
vissl/simclr_resnet50_1000epochs,layer3.3,7PL,test,sub-10,5919,106,rsa,-0.010467619635164738
vissl/simclr_resnet50_1000epochs,layer3.3,7PC,test,sub-10,5919,224,rsa,-0.03295007348060608
vissl/simclr_resnet50_1000epochs,layer3.3,7Am,test,sub-10,5919,186,rsa,-0.018615255132317543
vissl/simclr_resnet50_1000epochs,layer3.3,7AL,test,sub-10,5919,158,rsa,0.011263609863817692
vissl/simclr_resnet50_1000epochs,layer3.3,VVC,test,sub-10,5919,196,rsa,0.06029169261455536
vissl/simclr_resnet50_1000epochs,layer3.3,VMV2,test,sub-10,5919,94,rsa,0.04682789370417595
vissl/simclr_resnet50_1000epochs,layer3.3,VMV3,test,sub-10,5919,98,rsa,0.0345911867916584
vissl/simclr_resnet50_1000epochs,layer3.3,VMV1,test,sub-10,5919,42,rsa,0.02897910587489605
vissl/simclr_resnet50_1000epochs,layer3.3,PHA2,test,sub-10,5919,21,rsa,0.0160391703248024
vissl/simclr_resnet50_1000epochs,layer3.3,PHA3,test,sub-10,5919,104,rsa,0.028189921751618385
vissl/simclr_resnet50_1000epochs,layer3.3,PH,test,sub-10,5919,261,rsa,0.055107519030570984
vissl/simclr_resnet50_1000epochs,layer3.4,V1,test,sub-10,5919,553,rsa,0.017488114535808563
vissl/simclr_resnet50_1000epochs,layer3.4,V2,test,sub-10,5919,516,rsa,0.004298405721783638
vissl/simclr_resnet50_1000epochs,layer3.4,V3,test,sub-10,5919,400,rsa,-0.010852240025997162
vissl/simclr_resnet50_1000epochs,layer3.4,V4,test,sub-10,5919,574,rsa,-0.038609579205513
vissl/simclr_resnet50_1000epochs,layer3.4,V3A,test,sub-10,5919,85,rsa,-0.05919044092297554
vissl/simclr_resnet50_1000epochs,layer3.4,V3B,test,sub-10,5919,99,rsa,-0.020146595314145088
vissl/simclr_resnet50_1000epochs,layer3.4,V6,test,sub-10,5919,11,rsa,-0.11911838501691818
vissl/simclr_resnet50_1000epochs,layer3.4,V6A,test,sub-10,5919,45,rsa,0.020275264978408813
vissl/simclr_resnet50_1000epochs,layer3.4,V7,test,sub-10,5919,61,rsa,0.023700401186943054
vissl/simclr_resnet50_1000epochs,layer3.4,V8,test,sub-10,5919,96,rsa,0.012228786945343018
vissl/simclr_resnet50_1000epochs,layer3.4,FFC,test,sub-10,5919,244,rsa,0.012736106291413307
vissl/simclr_resnet50_1000epochs,layer3.4,PIT,test,sub-10,5919,100,rsa,-0.010564994998276234
vissl/simclr_resnet50_1000epochs,layer3.4,IPS1,test,sub-10,5919,166,rsa,0.004719137214124203
vissl/simclr_resnet50_1000epochs,layer3.4,MST,test,sub-10,5919,135,rsa,-0.007615385577082634
vissl/simclr_resnet50_1000epochs,layer3.4,MT,test,sub-10,5919,86,rsa,0.015164864249527454
vissl/simclr_resnet50_1000epochs,layer3.4,FST,test,sub-10,5919,167,rsa,-0.005127486772835255
vissl/simclr_resnet50_1000epochs,layer3.4,LO1,test,sub-10,5919,78,rsa,0.04344695061445236
vissl/simclr_resnet50_1000epochs,layer3.4,LO2,test,sub-10,5919,80,rsa,0.019112927839159966
vissl/simclr_resnet50_1000epochs,layer3.4,LO3,test,sub-10,5919,113,rsa,-0.01281447522342205
vissl/simclr_resnet50_1000epochs,layer3.4,V7,test,sub-10,5919,61,rsa,0.023700401186943054
vissl/simclr_resnet50_1000epochs,layer3.4,IP0,test,sub-10,5919,103,rsa,-0.041494034230709076
vissl/simclr_resnet50_1000epochs,layer3.4,IP1,test,sub-10,5919,33,rsa,-0.017887547612190247
vissl/simclr_resnet50_1000epochs,layer3.4,MIP,test,sub-10,5919,178,rsa,0.00010845903307199478
vissl/simclr_resnet50_1000epochs,layer3.4,VIP,test,sub-10,5919,100,rsa,-0.03408746421337128
vissl/simclr_resnet50_1000epochs,layer3.4,LIPd,test,sub-10,5919,31,rsa,0.008470071479678154
vissl/simclr_resnet50_1000epochs,layer3.4,LIPv,test,sub-10,5919,75,rsa,0.0031396280974149704
vissl/simclr_resnet50_1000epochs,layer3.4,AIP,test,sub-10,5919,409,rsa,0.002606516471132636
vissl/simclr_resnet50_1000epochs,layer3.4,7Pm,test,sub-10,5919,21,rsa,-0.015798624604940414
vissl/simclr_resnet50_1000epochs,layer3.4,7PL,test,sub-10,5919,106,rsa,-0.011079413816332817
vissl/simclr_resnet50_1000epochs,layer3.4,7PC,test,sub-10,5919,224,rsa,-0.03376041352748871
vissl/simclr_resnet50_1000epochs,layer3.4,7Am,test,sub-10,5919,186,rsa,-0.020281188189983368
vissl/simclr_resnet50_1000epochs,layer3.4,7AL,test,sub-10,5919,158,rsa,0.010928583331406116
vissl/simclr_resnet50_1000epochs,layer3.4,VVC,test,sub-10,5919,196,rsa,0.06059976667165756
vissl/simclr_resnet50_1000epochs,layer3.4,VMV2,test,sub-10,5919,94,rsa,0.04569648951292038
vissl/simclr_resnet50_1000epochs,layer3.4,VMV3,test,sub-10,5919,98,rsa,0.035523802042007446
vissl/simclr_resnet50_1000epochs,layer3.4,VMV1,test,sub-10,5919,42,rsa,0.03246474266052246
vissl/simclr_resnet50_1000epochs,layer3.4,PHA2,test,sub-10,5919,21,rsa,0.018308870494365692
vissl/simclr_resnet50_1000epochs,layer3.4,PHA3,test,sub-10,5919,104,rsa,0.028384169563651085
vissl/simclr_resnet50_1000epochs,layer3.4,PH,test,sub-10,5919,261,rsa,0.05737819895148277
vissl/simclr_resnet50_1000epochs,layer3.5,V1,test,sub-10,5919,553,rsa,0.00861324742436409
vissl/simclr_resnet50_1000epochs,layer3.5,V2,test,sub-10,5919,516,rsa,0.0003376901149749756
vissl/simclr_resnet50_1000epochs,layer3.5,V3,test,sub-10,5919,400,rsa,-0.01585972122848034
vissl/simclr_resnet50_1000epochs,layer3.5,V4,test,sub-10,5919,574,rsa,-0.045733142644166946
vissl/simclr_resnet50_1000epochs,layer3.5,V3A,test,sub-10,5919,85,rsa,-0.059594206511974335
vissl/simclr_resnet50_1000epochs,layer3.5,V3B,test,sub-10,5919,99,rsa,-0.025341399013996124
vissl/simclr_resnet50_1000epochs,layer3.5,V6,test,sub-10,5919,11,rsa,-0.12062862515449524
vissl/simclr_resnet50_1000epochs,layer3.5,V6A,test,sub-10,5919,45,rsa,0.018106140196323395
vissl/simclr_resnet50_1000epochs,layer3.5,V7,test,sub-10,5919,61,rsa,0.020587880164384842
vissl/simclr_resnet50_1000epochs,layer3.5,V8,test,sub-10,5919,96,rsa,0.0011903531849384308
vissl/simclr_resnet50_1000epochs,layer3.5,FFC,test,sub-10,5919,244,rsa,0.014154709875583649
vissl/simclr_resnet50_1000epochs,layer3.5,PIT,test,sub-10,5919,100,rsa,-0.009065328165888786
vissl/simclr_resnet50_1000epochs,layer3.5,IPS1,test,sub-10,5919,166,rsa,0.003682062029838562
vissl/simclr_resnet50_1000epochs,layer3.5,MST,test,sub-10,5919,135,rsa,-0.012440556660294533
vissl/simclr_resnet50_1000epochs,layer3.5,MT,test,sub-10,5919,86,rsa,0.012957163155078888
vissl/simclr_resnet50_1000epochs,layer3.5,FST,test,sub-10,5919,167,rsa,-0.008832443505525589
vissl/simclr_resnet50_1000epochs,layer3.5,LO1,test,sub-10,5919,78,rsa,0.04018270596861839
vissl/simclr_resnet50_1000epochs,layer3.5,LO2,test,sub-10,5919,80,rsa,0.01692476123571396
vissl/simclr_resnet50_1000epochs,layer3.5,LO3,test,sub-10,5919,113,rsa,-0.015635080635547638
vissl/simclr_resnet50_1000epochs,layer3.5,V7,test,sub-10,5919,61,rsa,0.020587880164384842
vissl/simclr_resnet50_1000epochs,layer3.5,IP0,test,sub-10,5919,103,rsa,-0.049136675894260406
vissl/simclr_resnet50_1000epochs,layer3.5,IP1,test,sub-10,5919,33,rsa,-0.02013048529624939
vissl/simclr_resnet50_1000epochs,layer3.5,MIP,test,sub-10,5919,178,rsa,-0.0021949317306280136
vissl/simclr_resnet50_1000epochs,layer3.5,VIP,test,sub-10,5919,100,rsa,-0.03792977333068848
vissl/simclr_resnet50_1000epochs,layer3.5,LIPd,test,sub-10,5919,31,rsa,0.007821841165423393
vissl/simclr_resnet50_1000epochs,layer3.5,LIPv,test,sub-10,5919,75,rsa,0.004936053417623043
vissl/simclr_resnet50_1000epochs,layer3.5,AIP,test,sub-10,5919,409,rsa,6.890390068292618e-06
vissl/simclr_resnet50_1000epochs,layer3.5,7Pm,test,sub-10,5919,21,rsa,-0.019255362451076508
vissl/simclr_resnet50_1000epochs,layer3.5,7PL,test,sub-10,5919,106,rsa,-0.0138203464448452
vissl/simclr_resnet50_1000epochs,layer3.5,7PC,test,sub-10,5919,224,rsa,-0.03826984018087387
vissl/simclr_resnet50_1000epochs,layer3.5,7Am,test,sub-10,5919,186,rsa,-0.023152068257331848
vissl/simclr_resnet50_1000epochs,layer3.5,7AL,test,sub-10,5919,158,rsa,0.009736349806189537
vissl/simclr_resnet50_1000epochs,layer3.5,VVC,test,sub-10,5919,196,rsa,0.05697431042790413
vissl/simclr_resnet50_1000epochs,layer3.5,VMV2,test,sub-10,5919,94,rsa,0.040641020983457565
vissl/simclr_resnet50_1000epochs,layer3.5,VMV3,test,sub-10,5919,98,rsa,0.03625962883234024
vissl/simclr_resnet50_1000epochs,layer3.5,VMV1,test,sub-10,5919,42,rsa,0.0332205705344677
vissl/simclr_resnet50_1000epochs,layer3.5,PHA2,test,sub-10,5919,21,rsa,0.014260681346058846
vissl/simclr_resnet50_1000epochs,layer3.5,PHA3,test,sub-10,5919,104,rsa,0.018985960632562637
vissl/simclr_resnet50_1000epochs,layer3.5,PH,test,sub-10,5919,261,rsa,0.054670460522174835
vissl/simclr_resnet50_1000epochs,layer4.0,V1,test,sub-10,5919,553,rsa,0.10865180194377899
vissl/simclr_resnet50_1000epochs,layer4.0,V2,test,sub-10,5919,516,rsa,0.07212863862514496
vissl/simclr_resnet50_1000epochs,layer4.0,V3,test,sub-10,5919,400,rsa,0.05987033247947693
vissl/simclr_resnet50_1000epochs,layer4.0,V4,test,sub-10,5919,574,rsa,0.08124672621488571
vissl/simclr_resnet50_1000epochs,layer4.0,V3A,test,sub-10,5919,85,rsa,0.0212898850440979
vissl/simclr_resnet50_1000epochs,layer4.0,V3B,test,sub-10,5919,99,rsa,0.028798092156648636
vissl/simclr_resnet50_1000epochs,layer4.0,V6,test,sub-10,5919,11,rsa,-0.05098095163702965
vissl/simclr_resnet50_1000epochs,layer4.0,V6A,test,sub-10,5919,45,rsa,0.07362741231918335
vissl/simclr_resnet50_1000epochs,layer4.0,V7,test,sub-10,5919,61,rsa,0.08132802695035934
vissl/simclr_resnet50_1000epochs,layer4.0,V8,test,sub-10,5919,96,rsa,0.0669768899679184
vissl/simclr_resnet50_1000epochs,layer4.0,FFC,test,sub-10,5919,244,rsa,0.1225489154458046
vissl/simclr_resnet50_1000epochs,layer4.0,PIT,test,sub-10,5919,100,rsa,0.07294808328151703
vissl/simclr_resnet50_1000epochs,layer4.0,IPS1,test,sub-10,5919,166,rsa,0.041540078818798065
vissl/simclr_resnet50_1000epochs,layer4.0,MST,test,sub-10,5919,135,rsa,0.10319293290376663
vissl/simclr_resnet50_1000epochs,layer4.0,MT,test,sub-10,5919,86,rsa,0.11525800824165344
vissl/simclr_resnet50_1000epochs,layer4.0,FST,test,sub-10,5919,167,rsa,0.06556929647922516
vissl/simclr_resnet50_1000epochs,layer4.0,LO1,test,sub-10,5919,78,rsa,0.12622778117656708
vissl/simclr_resnet50_1000epochs,layer4.0,LO2,test,sub-10,5919,80,rsa,0.09667586535215378
vissl/simclr_resnet50_1000epochs,layer4.0,LO3,test,sub-10,5919,113,rsa,0.09174201637506485
vissl/simclr_resnet50_1000epochs,layer4.0,V7,test,sub-10,5919,61,rsa,0.08132802695035934
vissl/simclr_resnet50_1000epochs,layer4.0,IP0,test,sub-10,5919,103,rsa,0.03560428321361542
vissl/simclr_resnet50_1000epochs,layer4.0,IP1,test,sub-10,5919,33,rsa,-0.006102672312408686
vissl/simclr_resnet50_1000epochs,layer4.0,MIP,test,sub-10,5919,178,rsa,0.028513938188552856
vissl/simclr_resnet50_1000epochs,layer4.0,VIP,test,sub-10,5919,100,rsa,0.012719763442873955
vissl/simclr_resnet50_1000epochs,layer4.0,LIPd,test,sub-10,5919,31,rsa,0.011740150861442089
vissl/simclr_resnet50_1000epochs,layer4.0,LIPv,test,sub-10,5919,75,rsa,0.02564648538827896
vissl/simclr_resnet50_1000epochs,layer4.0,AIP,test,sub-10,5919,409,rsa,0.008002685382962227
vissl/simclr_resnet50_1000epochs,layer4.0,7Pm,test,sub-10,5919,21,rsa,0.014001335948705673
vissl/simclr_resnet50_1000epochs,layer4.0,7PL,test,sub-10,5919,106,rsa,0.02352159097790718
vissl/simclr_resnet50_1000epochs,layer4.0,7PC,test,sub-10,5919,224,rsa,0.006268258206546307
vissl/simclr_resnet50_1000epochs,layer4.0,7Am,test,sub-10,5919,186,rsa,0.026837287470698357
vissl/simclr_resnet50_1000epochs,layer4.0,7AL,test,sub-10,5919,158,rsa,0.029535707086324692
vissl/simclr_resnet50_1000epochs,layer4.0,VVC,test,sub-10,5919,196,rsa,0.1296132206916809
vissl/simclr_resnet50_1000epochs,layer4.0,VMV2,test,sub-10,5919,94,rsa,0.12249036133289337
vissl/simclr_resnet50_1000epochs,layer4.0,VMV3,test,sub-10,5919,98,rsa,0.06786313652992249
vissl/simclr_resnet50_1000epochs,layer4.0,VMV1,test,sub-10,5919,42,rsa,0.0798177421092987
vissl/simclr_resnet50_1000epochs,layer4.0,PHA2,test,sub-10,5919,21,rsa,0.08279913663864136
vissl/simclr_resnet50_1000epochs,layer4.0,PHA3,test,sub-10,5919,104,rsa,0.12235808372497559
vissl/simclr_resnet50_1000epochs,layer4.0,PH,test,sub-10,5919,261,rsa,0.13643670082092285
vissl/simclr_resnet50_1000epochs,layer4.1,V1,test,sub-10,5919,553,rsa,0.11700102686882019
vissl/simclr_resnet50_1000epochs,layer4.1,V2,test,sub-10,5919,516,rsa,0.08625844866037369
vissl/simclr_resnet50_1000epochs,layer4.1,V3,test,sub-10,5919,400,rsa,0.07836855202913284
vissl/simclr_resnet50_1000epochs,layer4.1,V4,test,sub-10,5919,574,rsa,0.11938328295946121
vissl/simclr_resnet50_1000epochs,layer4.1,V3A,test,sub-10,5919,85,rsa,0.038359325379133224
vissl/simclr_resnet50_1000epochs,layer4.1,V3B,test,sub-10,5919,99,rsa,0.046878013759851456
vissl/simclr_resnet50_1000epochs,layer4.1,V6,test,sub-10,5919,11,rsa,-0.034936390817165375
vissl/simclr_resnet50_1000epochs,layer4.1,V6A,test,sub-10,5919,45,rsa,0.08778548240661621
vissl/simclr_resnet50_1000epochs,layer4.1,V7,test,sub-10,5919,61,rsa,0.09173407405614853
vissl/simclr_resnet50_1000epochs,layer4.1,V8,test,sub-10,5919,96,rsa,0.08110490441322327
vissl/simclr_resnet50_1000epochs,layer4.1,FFC,test,sub-10,5919,244,rsa,0.1659834384918213
vissl/simclr_resnet50_1000epochs,layer4.1,PIT,test,sub-10,5919,100,rsa,0.09932096302509308
vissl/simclr_resnet50_1000epochs,layer4.1,IPS1,test,sub-10,5919,166,rsa,0.05455002188682556
vissl/simclr_resnet50_1000epochs,layer4.1,MST,test,sub-10,5919,135,rsa,0.12576068937778473
vissl/simclr_resnet50_1000epochs,layer4.1,MT,test,sub-10,5919,86,rsa,0.14592760801315308
vissl/simclr_resnet50_1000epochs,layer4.1,FST,test,sub-10,5919,167,rsa,0.0853276252746582
vissl/simclr_resnet50_1000epochs,layer4.1,LO1,test,sub-10,5919,78,rsa,0.15594929456710815
vissl/simclr_resnet50_1000epochs,layer4.1,LO2,test,sub-10,5919,80,rsa,0.13003695011138916
vissl/simclr_resnet50_1000epochs,layer4.1,LO3,test,sub-10,5919,113,rsa,0.12540018558502197
vissl/simclr_resnet50_1000epochs,layer4.1,V7,test,sub-10,5919,61,rsa,0.09173407405614853
vissl/simclr_resnet50_1000epochs,layer4.1,IP0,test,sub-10,5919,103,rsa,0.04914354532957077
vissl/simclr_resnet50_1000epochs,layer4.1,IP1,test,sub-10,5919,33,rsa,-0.0015267729759216309
vissl/simclr_resnet50_1000epochs,layer4.1,MIP,test,sub-10,5919,178,rsa,0.03643067926168442
vissl/simclr_resnet50_1000epochs,layer4.1,VIP,test,sub-10,5919,100,rsa,0.025153622031211853
vissl/simclr_resnet50_1000epochs,layer4.1,LIPd,test,sub-10,5919,31,rsa,0.013004997745156288
vissl/simclr_resnet50_1000epochs,layer4.1,LIPv,test,sub-10,5919,75,rsa,0.03698540851473808
vissl/simclr_resnet50_1000epochs,layer4.1,AIP,test,sub-10,5919,409,rsa,0.012041902169585228
vissl/simclr_resnet50_1000epochs,layer4.1,7Pm,test,sub-10,5919,21,rsa,0.021302785724401474
vissl/simclr_resnet50_1000epochs,layer4.1,7PL,test,sub-10,5919,106,rsa,0.034217242151498795
vissl/simclr_resnet50_1000epochs,layer4.1,7PC,test,sub-10,5919,224,rsa,0.014007525518536568
vissl/simclr_resnet50_1000epochs,layer4.1,7Am,test,sub-10,5919,186,rsa,0.039452940225601196
vissl/simclr_resnet50_1000epochs,layer4.1,7AL,test,sub-10,5919,158,rsa,0.03528149425983429
vissl/simclr_resnet50_1000epochs,layer4.1,VVC,test,sub-10,5919,196,rsa,0.14600247144699097
vissl/simclr_resnet50_1000epochs,layer4.1,VMV2,test,sub-10,5919,94,rsa,0.13255243003368378
vissl/simclr_resnet50_1000epochs,layer4.1,VMV3,test,sub-10,5919,98,rsa,0.08507660031318665
vissl/simclr_resnet50_1000epochs,layer4.1,VMV1,test,sub-10,5919,42,rsa,0.09242017567157745
vissl/simclr_resnet50_1000epochs,layer4.1,PHA2,test,sub-10,5919,21,rsa,0.0978730320930481
vissl/simclr_resnet50_1000epochs,layer4.1,PHA3,test,sub-10,5919,104,rsa,0.1376018524169922
vissl/simclr_resnet50_1000epochs,layer4.1,PH,test,sub-10,5919,261,rsa,0.1731068342924118
vissl/simclr_resnet50_1000epochs,layer4.2,V1,test,sub-10,5919,553,rsa,0.1483009159564972
vissl/simclr_resnet50_1000epochs,layer4.2,V2,test,sub-10,5919,516,rsa,0.12095440924167633
vissl/simclr_resnet50_1000epochs,layer4.2,V3,test,sub-10,5919,400,rsa,0.11805261671543121
vissl/simclr_resnet50_1000epochs,layer4.2,V4,test,sub-10,5919,574,rsa,0.19787615537643433
vissl/simclr_resnet50_1000epochs,layer4.2,V3A,test,sub-10,5919,85,rsa,0.08193999528884888
vissl/simclr_resnet50_1000epochs,layer4.2,V3B,test,sub-10,5919,99,rsa,0.08120401948690414
vissl/simclr_resnet50_1000epochs,layer4.2,V6,test,sub-10,5919,11,rsa,0.014846866950392723
vissl/simclr_resnet50_1000epochs,layer4.2,V6A,test,sub-10,5919,45,rsa,0.10557771474123001
vissl/simclr_resnet50_1000epochs,layer4.2,V7,test,sub-10,5919,61,rsa,0.11547248065471649
vissl/simclr_resnet50_1000epochs,layer4.2,V8,test,sub-10,5919,96,rsa,0.10072754323482513
vissl/simclr_resnet50_1000epochs,layer4.2,FFC,test,sub-10,5919,244,rsa,0.22429566085338593
vissl/simclr_resnet50_1000epochs,layer4.2,PIT,test,sub-10,5919,100,rsa,0.14555630087852478
vissl/simclr_resnet50_1000epochs,layer4.2,IPS1,test,sub-10,5919,166,rsa,0.07008913159370422
vissl/simclr_resnet50_1000epochs,layer4.2,MST,test,sub-10,5919,135,rsa,0.1652391403913498
vissl/simclr_resnet50_1000epochs,layer4.2,MT,test,sub-10,5919,86,rsa,0.18707284331321716
vissl/simclr_resnet50_1000epochs,layer4.2,FST,test,sub-10,5919,167,rsa,0.12893015146255493
vissl/simclr_resnet50_1000epochs,layer4.2,LO1,test,sub-10,5919,78,rsa,0.20195791125297546
vissl/simclr_resnet50_1000epochs,layer4.2,LO2,test,sub-10,5919,80,rsa,0.19249114394187927
vissl/simclr_resnet50_1000epochs,layer4.2,LO3,test,sub-10,5919,113,rsa,0.19095379114151
vissl/simclr_resnet50_1000epochs,layer4.2,V7,test,sub-10,5919,61,rsa,0.11547248065471649
vissl/simclr_resnet50_1000epochs,layer4.2,IP0,test,sub-10,5919,103,rsa,0.09303891658782959
vissl/simclr_resnet50_1000epochs,layer4.2,IP1,test,sub-10,5919,33,rsa,0.01186751201748848
vissl/simclr_resnet50_1000epochs,layer4.2,MIP,test,sub-10,5919,178,rsa,0.05163554474711418
vissl/simclr_resnet50_1000epochs,layer4.2,VIP,test,sub-10,5919,100,rsa,0.05143065005540848
vissl/simclr_resnet50_1000epochs,layer4.2,LIPd,test,sub-10,5919,31,rsa,0.018745943903923035
vissl/simclr_resnet50_1000epochs,layer4.2,LIPv,test,sub-10,5919,75,rsa,0.0458451509475708
vissl/simclr_resnet50_1000epochs,layer4.2,AIP,test,sub-10,5919,409,rsa,0.020008275285363197
vissl/simclr_resnet50_1000epochs,layer4.2,7Pm,test,sub-10,5919,21,rsa,0.04054062068462372
vissl/simclr_resnet50_1000epochs,layer4.2,7PL,test,sub-10,5919,106,rsa,0.05236170440912247
vissl/simclr_resnet50_1000epochs,layer4.2,7PC,test,sub-10,5919,224,rsa,0.04030872881412506
vissl/simclr_resnet50_1000epochs,layer4.2,7Am,test,sub-10,5919,186,rsa,0.06627418100833893
vissl/simclr_resnet50_1000epochs,layer4.2,7AL,test,sub-10,5919,158,rsa,0.0466664619743824
vissl/simclr_resnet50_1000epochs,layer4.2,VVC,test,sub-10,5919,196,rsa,0.15909981727600098
vissl/simclr_resnet50_1000epochs,layer4.2,VMV2,test,sub-10,5919,94,rsa,0.13820628821849823
vissl/simclr_resnet50_1000epochs,layer4.2,VMV3,test,sub-10,5919,98,rsa,0.08702005445957184
vissl/simclr_resnet50_1000epochs,layer4.2,VMV1,test,sub-10,5919,42,rsa,0.09133785218000412
vissl/simclr_resnet50_1000epochs,layer4.2,PHA2,test,sub-10,5919,21,rsa,0.13213270902633667
vissl/simclr_resnet50_1000epochs,layer4.2,PHA3,test,sub-10,5919,104,rsa,0.16641515493392944
vissl/simclr_resnet50_1000epochs,layer4.2,PH,test,sub-10,5919,261,rsa,0.2253633290529251
