model,layer,roi,split,subject,n_features_1_model,n_features_2_brain,metric,score
taskonomy/denoising,encoder.layer1.0.relu,V1,train,sub-02,5919,435,rsa,0.058955077081918716
taskonomy/denoising,encoder.layer1.0.relu,V2,train,sub-02,5919,567,rsa,0.02978101186454296
taskonomy/denoising,encoder.layer1.0.relu,V3,train,sub-02,5919,538,rsa,0.025244656950235367
taskonomy/denoising,encoder.layer1.0.relu,V4,train,sub-02,5919,630,rsa,0.0211815033107996
taskonomy/denoising,encoder.layer1.0.relu,V3A,train,sub-02,5919,273,rsa,0.026697581633925438
taskonomy/denoising,encoder.layer1.0.relu,V3B,train,sub-02,5919,148,rsa,0.013416632078588009
taskonomy/denoising,encoder.layer1.0.relu,V6,train,sub-02,5919,147,rsa,0.018147697672247887
taskonomy/denoising,encoder.layer1.0.relu,V6A,train,sub-02,5919,82,rsa,0.014092196710407734
taskonomy/denoising,encoder.layer1.0.relu,V7,train,sub-02,5919,88,rsa,0.024797314777970314
taskonomy/denoising,encoder.layer1.0.relu,V8,train,sub-02,5919,105,rsa,0.027635039761662483
taskonomy/denoising,encoder.layer1.0.relu,FFC,train,sub-02,5919,269,rsa,0.018528517335653305
taskonomy/denoising,encoder.layer1.0.relu,PIT,train,sub-02,5919,110,rsa,0.010640098713338375
taskonomy/denoising,encoder.layer1.0.relu,IPS1,train,sub-02,5919,212,rsa,0.011928005144000053
taskonomy/denoising,encoder.layer1.0.relu,MST,train,sub-02,5919,149,rsa,0.03003676049411297
taskonomy/denoising,encoder.layer1.0.relu,MT,train,sub-02,5919,99,rsa,0.02799786627292633
taskonomy/denoising,encoder.layer1.0.relu,FST,train,sub-02,5919,171,rsa,0.033535897731781006
taskonomy/denoising,encoder.layer1.0.relu,LO1,train,sub-02,5919,78,rsa,0.01411180105060339
taskonomy/denoising,encoder.layer1.0.relu,LO2,train,sub-02,5919,82,rsa,0.01465452928096056
taskonomy/denoising,encoder.layer1.0.relu,LO3,train,sub-02,5919,124,rsa,0.02854793332517147
taskonomy/denoising,encoder.layer1.0.relu,V7,train,sub-02,5919,88,rsa,0.024797314777970314
taskonomy/denoising,encoder.layer1.0.relu,IP0,train,sub-02,5919,151,rsa,0.008104510605335236
taskonomy/denoising,encoder.layer1.0.relu,IP1,train,sub-02,5919,78,rsa,0.005131491459906101
taskonomy/denoising,encoder.layer1.0.relu,MIP,train,sub-02,5919,198,rsa,0.0038554181810468435
taskonomy/denoising,encoder.layer1.0.relu,VIP,train,sub-02,5919,200,rsa,0.006875214632600546
taskonomy/denoising,encoder.layer1.0.relu,LIPd,train,sub-02,5919,106,rsa,0.005017722025513649
taskonomy/denoising,encoder.layer1.0.relu,LIPv,train,sub-02,5919,239,rsa,0.010202345438301563
taskonomy/denoising,encoder.layer1.0.relu,AIP,train,sub-02,5919,381,rsa,0.004087779670953751
taskonomy/denoising,encoder.layer1.0.relu,7Pm,train,sub-02,5919,37,rsa,0.004118609707802534
taskonomy/denoising,encoder.layer1.0.relu,7PL,train,sub-02,5919,38,rsa,0.00215407507494092
taskonomy/denoising,encoder.layer1.0.relu,7PC,train,sub-02,5919,234,rsa,0.005971126724034548
taskonomy/denoising,encoder.layer1.0.relu,7Am,train,sub-02,5919,232,rsa,0.00445203622803092
taskonomy/denoising,encoder.layer1.0.relu,7AL,train,sub-02,5919,259,rsa,0.0019838400185108185
taskonomy/denoising,encoder.layer1.0.relu,VVC,train,sub-02,5919,159,rsa,0.019677478820085526
taskonomy/denoising,encoder.layer1.0.relu,VMV2,train,sub-02,5919,124,rsa,0.021929185837507248
taskonomy/denoising,encoder.layer1.0.relu,VMV3,train,sub-02,5919,113,rsa,0.020017756149172783
taskonomy/denoising,encoder.layer1.0.relu,VMV1,train,sub-02,5919,84,rsa,0.01818273216485977
taskonomy/denoising,encoder.layer1.0.relu,PHA2,train,sub-02,5919,29,rsa,0.002686989028006792
taskonomy/denoising,encoder.layer1.0.relu,PHA3,train,sub-02,5919,147,rsa,0.007413046434521675
taskonomy/denoising,encoder.layer1.0.relu,PH,train,sub-02,5919,360,rsa,0.018175944685935974
taskonomy/denoising,encoder.layer1.1.relu,V1,train,sub-02,5919,435,rsa,0.06180990859866142
taskonomy/denoising,encoder.layer1.1.relu,V2,train,sub-02,5919,567,rsa,0.030978793278336525
taskonomy/denoising,encoder.layer1.1.relu,V3,train,sub-02,5919,538,rsa,0.025496620684862137
taskonomy/denoising,encoder.layer1.1.relu,V4,train,sub-02,5919,630,rsa,0.02140294760465622
taskonomy/denoising,encoder.layer1.1.relu,V3A,train,sub-02,5919,273,rsa,0.026388879865407944
taskonomy/denoising,encoder.layer1.1.relu,V3B,train,sub-02,5919,148,rsa,0.013414163142442703
taskonomy/denoising,encoder.layer1.1.relu,V6,train,sub-02,5919,147,rsa,0.01779945008456707
taskonomy/denoising,encoder.layer1.1.relu,V6A,train,sub-02,5919,82,rsa,0.013942103832960129
taskonomy/denoising,encoder.layer1.1.relu,V7,train,sub-02,5919,88,rsa,0.02542722038924694
taskonomy/denoising,encoder.layer1.1.relu,V8,train,sub-02,5919,105,rsa,0.027455970644950867
taskonomy/denoising,encoder.layer1.1.relu,FFC,train,sub-02,5919,269,rsa,0.018541093915700912
taskonomy/denoising,encoder.layer1.1.relu,PIT,train,sub-02,5919,110,rsa,0.010804074816405773
taskonomy/denoising,encoder.layer1.1.relu,IPS1,train,sub-02,5919,212,rsa,0.012295188382267952
taskonomy/denoising,encoder.layer1.1.relu,MST,train,sub-02,5919,149,rsa,0.03008716180920601
taskonomy/denoising,encoder.layer1.1.relu,MT,train,sub-02,5919,99,rsa,0.02733566239476204
taskonomy/denoising,encoder.layer1.1.relu,FST,train,sub-02,5919,171,rsa,0.034292083233594894
taskonomy/denoising,encoder.layer1.1.relu,LO1,train,sub-02,5919,78,rsa,0.014695171266794205
taskonomy/denoising,encoder.layer1.1.relu,LO2,train,sub-02,5919,82,rsa,0.014530726708471775
taskonomy/denoising,encoder.layer1.1.relu,LO3,train,sub-02,5919,124,rsa,0.028222527354955673
taskonomy/denoising,encoder.layer1.1.relu,V7,train,sub-02,5919,88,rsa,0.02542722038924694
taskonomy/denoising,encoder.layer1.1.relu,IP0,train,sub-02,5919,151,rsa,0.008560530841350555
taskonomy/denoising,encoder.layer1.1.relu,IP1,train,sub-02,5919,78,rsa,0.0050430623814463615
taskonomy/denoising,encoder.layer1.1.relu,MIP,train,sub-02,5919,198,rsa,0.0037257017102092505
taskonomy/denoising,encoder.layer1.1.relu,VIP,train,sub-02,5919,200,rsa,0.0068742274306714535
taskonomy/denoising,encoder.layer1.1.relu,LIPd,train,sub-02,5919,106,rsa,0.005198396276682615
taskonomy/denoising,encoder.layer1.1.relu,LIPv,train,sub-02,5919,239,rsa,0.009599536657333374
taskonomy/denoising,encoder.layer1.1.relu,AIP,train,sub-02,5919,381,rsa,0.004358792211860418
taskonomy/denoising,encoder.layer1.1.relu,7Pm,train,sub-02,5919,37,rsa,0.0036570809315890074
taskonomy/denoising,encoder.layer1.1.relu,7PL,train,sub-02,5919,38,rsa,0.0022252590861171484
taskonomy/denoising,encoder.layer1.1.relu,7PC,train,sub-02,5919,234,rsa,0.006017506122589111
taskonomy/denoising,encoder.layer1.1.relu,7Am,train,sub-02,5919,232,rsa,0.004632048774510622
taskonomy/denoising,encoder.layer1.1.relu,7AL,train,sub-02,5919,259,rsa,0.002024634275585413
taskonomy/denoising,encoder.layer1.1.relu,VVC,train,sub-02,5919,159,rsa,0.019228538498282433
taskonomy/denoising,encoder.layer1.1.relu,VMV2,train,sub-02,5919,124,rsa,0.022975388914346695
taskonomy/denoising,encoder.layer1.1.relu,VMV3,train,sub-02,5919,113,rsa,0.02004728652536869
taskonomy/denoising,encoder.layer1.1.relu,VMV1,train,sub-02,5919,84,rsa,0.017846666276454926
taskonomy/denoising,encoder.layer1.1.relu,PHA2,train,sub-02,5919,29,rsa,0.002886642701923847
taskonomy/denoising,encoder.layer1.1.relu,PHA3,train,sub-02,5919,147,rsa,0.007676915731281042
taskonomy/denoising,encoder.layer1.1.relu,PH,train,sub-02,5919,360,rsa,0.017693916335701942
taskonomy/denoising,encoder.layer1.2.relu,V1,train,sub-02,5919,435,rsa,0.06107708439230919
taskonomy/denoising,encoder.layer1.2.relu,V2,train,sub-02,5919,567,rsa,0.03156863525509834
taskonomy/denoising,encoder.layer1.2.relu,V3,train,sub-02,5919,538,rsa,0.025190334767103195
taskonomy/denoising,encoder.layer1.2.relu,V4,train,sub-02,5919,630,rsa,0.020897388458251953
taskonomy/denoising,encoder.layer1.2.relu,V3A,train,sub-02,5919,273,rsa,0.024056164547801018
taskonomy/denoising,encoder.layer1.2.relu,V3B,train,sub-02,5919,148,rsa,0.012760680168867111
taskonomy/denoising,encoder.layer1.2.relu,V6,train,sub-02,5919,147,rsa,0.015005364082753658
taskonomy/denoising,encoder.layer1.2.relu,V6A,train,sub-02,5919,82,rsa,0.012350291013717651
taskonomy/denoising,encoder.layer1.2.relu,V7,train,sub-02,5919,88,rsa,0.023281292989850044
taskonomy/denoising,encoder.layer1.2.relu,V8,train,sub-02,5919,105,rsa,0.025311144068837166
taskonomy/denoising,encoder.layer1.2.relu,FFC,train,sub-02,5919,269,rsa,0.01717294752597809
taskonomy/denoising,encoder.layer1.2.relu,PIT,train,sub-02,5919,110,rsa,0.010523210279643536
taskonomy/denoising,encoder.layer1.2.relu,IPS1,train,sub-02,5919,212,rsa,0.01155040506273508
taskonomy/denoising,encoder.layer1.2.relu,MST,train,sub-02,5919,149,rsa,0.027182292193174362
taskonomy/denoising,encoder.layer1.2.relu,MT,train,sub-02,5919,99,rsa,0.02426430769264698
taskonomy/denoising,encoder.layer1.2.relu,FST,train,sub-02,5919,171,rsa,0.03170204535126686
taskonomy/denoising,encoder.layer1.2.relu,LO1,train,sub-02,5919,78,rsa,0.013520914129912853
taskonomy/denoising,encoder.layer1.2.relu,LO2,train,sub-02,5919,82,rsa,0.013982784003019333
taskonomy/denoising,encoder.layer1.2.relu,LO3,train,sub-02,5919,124,rsa,0.025142934173345566
taskonomy/denoising,encoder.layer1.2.relu,V7,train,sub-02,5919,88,rsa,0.023281292989850044
taskonomy/denoising,encoder.layer1.2.relu,IP0,train,sub-02,5919,151,rsa,0.008671649731695652
taskonomy/denoising,encoder.layer1.2.relu,IP1,train,sub-02,5919,78,rsa,0.004388013388961554
taskonomy/denoising,encoder.layer1.2.relu,MIP,train,sub-02,5919,198,rsa,0.0037537063471972942
taskonomy/denoising,encoder.layer1.2.relu,VIP,train,sub-02,5919,200,rsa,0.0062961820513010025
taskonomy/denoising,encoder.layer1.2.relu,LIPd,train,sub-02,5919,106,rsa,0.00524637196213007
taskonomy/denoising,encoder.layer1.2.relu,LIPv,train,sub-02,5919,239,rsa,0.0088138272985816
taskonomy/denoising,encoder.layer1.2.relu,AIP,train,sub-02,5919,381,rsa,0.004187458660453558
taskonomy/denoising,encoder.layer1.2.relu,7Pm,train,sub-02,5919,37,rsa,0.0036148633807897568
taskonomy/denoising,encoder.layer1.2.relu,7PL,train,sub-02,5919,38,rsa,0.0021848203614354134
taskonomy/denoising,encoder.layer1.2.relu,7PC,train,sub-02,5919,234,rsa,0.005360937677323818
taskonomy/denoising,encoder.layer1.2.relu,7Am,train,sub-02,5919,232,rsa,0.003856808412820101
taskonomy/denoising,encoder.layer1.2.relu,7AL,train,sub-02,5919,259,rsa,0.001621038420125842
taskonomy/denoising,encoder.layer1.2.relu,VVC,train,sub-02,5919,159,rsa,0.01786213554441929
taskonomy/denoising,encoder.layer1.2.relu,VMV2,train,sub-02,5919,124,rsa,0.02271518111228943
taskonomy/denoising,encoder.layer1.2.relu,VMV3,train,sub-02,5919,113,rsa,0.01932959072291851
taskonomy/denoising,encoder.layer1.2.relu,VMV1,train,sub-02,5919,84,rsa,0.01668308675289154
taskonomy/denoising,encoder.layer1.2.relu,PHA2,train,sub-02,5919,29,rsa,0.0030986217316240072
taskonomy/denoising,encoder.layer1.2.relu,PHA3,train,sub-02,5919,147,rsa,0.007774811238050461
taskonomy/denoising,encoder.layer1.2.relu,PH,train,sub-02,5919,360,rsa,0.015648186206817627
taskonomy/denoising,encoder.layer2.0.relu,V1,train,sub-02,5919,435,rsa,0.06575977057218552
taskonomy/denoising,encoder.layer2.0.relu,V2,train,sub-02,5919,567,rsa,0.0348229743540287
taskonomy/denoising,encoder.layer2.0.relu,V3,train,sub-02,5919,538,rsa,0.028428558260202408
taskonomy/denoising,encoder.layer2.0.relu,V4,train,sub-02,5919,630,rsa,0.023502079769968987
taskonomy/denoising,encoder.layer2.0.relu,V3A,train,sub-02,5919,273,rsa,0.02694227732717991
taskonomy/denoising,encoder.layer2.0.relu,V3B,train,sub-02,5919,148,rsa,0.013605544343590736
taskonomy/denoising,encoder.layer2.0.relu,V6,train,sub-02,5919,147,rsa,0.01844426989555359
taskonomy/denoising,encoder.layer2.0.relu,V6A,train,sub-02,5919,82,rsa,0.01419817190617323
taskonomy/denoising,encoder.layer2.0.relu,V7,train,sub-02,5919,88,rsa,0.024600321426987648
taskonomy/denoising,encoder.layer2.0.relu,V8,train,sub-02,5919,105,rsa,0.028189729899168015
taskonomy/denoising,encoder.layer2.0.relu,FFC,train,sub-02,5919,269,rsa,0.019075019285082817
taskonomy/denoising,encoder.layer2.0.relu,PIT,train,sub-02,5919,110,rsa,0.011484818533062935
taskonomy/denoising,encoder.layer2.0.relu,IPS1,train,sub-02,5919,212,rsa,0.012386061251163483
taskonomy/denoising,encoder.layer2.0.relu,MST,train,sub-02,5919,149,rsa,0.030677586793899536
taskonomy/denoising,encoder.layer2.0.relu,MT,train,sub-02,5919,99,rsa,0.028640827164053917
taskonomy/denoising,encoder.layer2.0.relu,FST,train,sub-02,5919,171,rsa,0.034553758800029755
taskonomy/denoising,encoder.layer2.0.relu,LO1,train,sub-02,5919,78,rsa,0.014595947228372097
taskonomy/denoising,encoder.layer2.0.relu,LO2,train,sub-02,5919,82,rsa,0.01484594400972128
taskonomy/denoising,encoder.layer2.0.relu,LO3,train,sub-02,5919,124,rsa,0.027721894904971123
taskonomy/denoising,encoder.layer2.0.relu,V7,train,sub-02,5919,88,rsa,0.024600321426987648
taskonomy/denoising,encoder.layer2.0.relu,IP0,train,sub-02,5919,151,rsa,0.00898707751184702
taskonomy/denoising,encoder.layer2.0.relu,IP1,train,sub-02,5919,78,rsa,0.004662992432713509
taskonomy/denoising,encoder.layer2.0.relu,MIP,train,sub-02,5919,198,rsa,0.00444836588576436
taskonomy/denoising,encoder.layer2.0.relu,VIP,train,sub-02,5919,200,rsa,0.0071085356175899506
taskonomy/denoising,encoder.layer2.0.relu,LIPd,train,sub-02,5919,106,rsa,0.005062649492174387
taskonomy/denoising,encoder.layer2.0.relu,LIPv,train,sub-02,5919,239,rsa,0.009515822865068913
taskonomy/denoising,encoder.layer2.0.relu,AIP,train,sub-02,5919,381,rsa,0.004756241571158171
taskonomy/denoising,encoder.layer2.0.relu,7Pm,train,sub-02,5919,37,rsa,0.003908953163772821
taskonomy/denoising,encoder.layer2.0.relu,7PL,train,sub-02,5919,38,rsa,0.002502071438357234
taskonomy/denoising,encoder.layer2.0.relu,7PC,train,sub-02,5919,234,rsa,0.00564170628786087
taskonomy/denoising,encoder.layer2.0.relu,7Am,train,sub-02,5919,232,rsa,0.0047724898904562
taskonomy/denoising,encoder.layer2.0.relu,7AL,train,sub-02,5919,259,rsa,0.0023805974051356316
taskonomy/denoising,encoder.layer2.0.relu,VVC,train,sub-02,5919,159,rsa,0.02004094049334526
taskonomy/denoising,encoder.layer2.0.relu,VMV2,train,sub-02,5919,124,rsa,0.02472023293375969
taskonomy/denoising,encoder.layer2.0.relu,VMV3,train,sub-02,5919,113,rsa,0.02193901129066944
taskonomy/denoising,encoder.layer2.0.relu,VMV1,train,sub-02,5919,84,rsa,0.019237777218222618
taskonomy/denoising,encoder.layer2.0.relu,PHA2,train,sub-02,5919,29,rsa,0.0032239751890301704
taskonomy/denoising,encoder.layer2.0.relu,PHA3,train,sub-02,5919,147,rsa,0.008744046092033386
taskonomy/denoising,encoder.layer2.0.relu,PH,train,sub-02,5919,360,rsa,0.01800397038459778
taskonomy/denoising,encoder.layer2.1.relu,V1,train,sub-02,5919,435,rsa,0.057526085525751114
taskonomy/denoising,encoder.layer2.1.relu,V2,train,sub-02,5919,567,rsa,0.031157178804278374
taskonomy/denoising,encoder.layer2.1.relu,V3,train,sub-02,5919,538,rsa,0.02561785653233528
taskonomy/denoising,encoder.layer2.1.relu,V4,train,sub-02,5919,630,rsa,0.02100810594856739
taskonomy/denoising,encoder.layer2.1.relu,V3A,train,sub-02,5919,273,rsa,0.024318382143974304
taskonomy/denoising,encoder.layer2.1.relu,V3B,train,sub-02,5919,148,rsa,0.012060430832207203
taskonomy/denoising,encoder.layer2.1.relu,V6,train,sub-02,5919,147,rsa,0.016270318999886513
taskonomy/denoising,encoder.layer2.1.relu,V6A,train,sub-02,5919,82,rsa,0.012533466331660748
taskonomy/denoising,encoder.layer2.1.relu,V7,train,sub-02,5919,88,rsa,0.021247433498501778
taskonomy/denoising,encoder.layer2.1.relu,V8,train,sub-02,5919,105,rsa,0.024564078077673912
taskonomy/denoising,encoder.layer2.1.relu,FFC,train,sub-02,5919,269,rsa,0.016224022954702377
taskonomy/denoising,encoder.layer2.1.relu,PIT,train,sub-02,5919,110,rsa,0.009640855714678764
taskonomy/denoising,encoder.layer2.1.relu,IPS1,train,sub-02,5919,212,rsa,0.010274551808834076
taskonomy/denoising,encoder.layer2.1.relu,MST,train,sub-02,5919,149,rsa,0.027489980682730675
taskonomy/denoising,encoder.layer2.1.relu,MT,train,sub-02,5919,99,rsa,0.02591368742287159
taskonomy/denoising,encoder.layer2.1.relu,FST,train,sub-02,5919,171,rsa,0.03185812383890152
taskonomy/denoising,encoder.layer2.1.relu,LO1,train,sub-02,5919,78,rsa,0.01179293543100357
taskonomy/denoising,encoder.layer2.1.relu,LO2,train,sub-02,5919,82,rsa,0.01285672839730978
taskonomy/denoising,encoder.layer2.1.relu,LO3,train,sub-02,5919,124,rsa,0.023090582340955734
taskonomy/denoising,encoder.layer2.1.relu,V7,train,sub-02,5919,88,rsa,0.021247433498501778
taskonomy/denoising,encoder.layer2.1.relu,IP0,train,sub-02,5919,151,rsa,0.007973914034664631
taskonomy/denoising,encoder.layer2.1.relu,IP1,train,sub-02,5919,78,rsa,0.003722632071003318
taskonomy/denoising,encoder.layer2.1.relu,MIP,train,sub-02,5919,198,rsa,0.004018183797597885
taskonomy/denoising,encoder.layer2.1.relu,VIP,train,sub-02,5919,200,rsa,0.0061960602179169655
taskonomy/denoising,encoder.layer2.1.relu,LIPd,train,sub-02,5919,106,rsa,0.00464453361928463
taskonomy/denoising,encoder.layer2.1.relu,LIPv,train,sub-02,5919,239,rsa,0.00840211845934391
taskonomy/denoising,encoder.layer2.1.relu,AIP,train,sub-02,5919,381,rsa,0.003929040860384703
taskonomy/denoising,encoder.layer2.1.relu,7Pm,train,sub-02,5919,37,rsa,0.0035079477820545435
taskonomy/denoising,encoder.layer2.1.relu,7PL,train,sub-02,5919,38,rsa,0.0024387268349528313
taskonomy/denoising,encoder.layer2.1.relu,7PC,train,sub-02,5919,234,rsa,0.004482342395931482
taskonomy/denoising,encoder.layer2.1.relu,7Am,train,sub-02,5919,232,rsa,0.004322181921452284
taskonomy/denoising,encoder.layer2.1.relu,7AL,train,sub-02,5919,259,rsa,0.0022597252391278744
taskonomy/denoising,encoder.layer2.1.relu,VVC,train,sub-02,5919,159,rsa,0.01767757721245289
taskonomy/denoising,encoder.layer2.1.relu,VMV2,train,sub-02,5919,124,rsa,0.022586340084671974
taskonomy/denoising,encoder.layer2.1.relu,VMV3,train,sub-02,5919,113,rsa,0.019025137647986412
taskonomy/denoising,encoder.layer2.1.relu,VMV1,train,sub-02,5919,84,rsa,0.017348762601614
taskonomy/denoising,encoder.layer2.1.relu,PHA2,train,sub-02,5919,29,rsa,0.0027475892566144466
taskonomy/denoising,encoder.layer2.1.relu,PHA3,train,sub-02,5919,147,rsa,0.007831478491425514
taskonomy/denoising,encoder.layer2.1.relu,PH,train,sub-02,5919,360,rsa,0.015116320922970772
taskonomy/denoising,encoder.layer2.2.relu,V1,train,sub-02,5919,435,rsa,0.05515796318650246
taskonomy/denoising,encoder.layer2.2.relu,V2,train,sub-02,5919,567,rsa,0.029971500858664513
taskonomy/denoising,encoder.layer2.2.relu,V3,train,sub-02,5919,538,rsa,0.02369183674454689
taskonomy/denoising,encoder.layer2.2.relu,V4,train,sub-02,5919,630,rsa,0.019222261384129524
taskonomy/denoising,encoder.layer2.2.relu,V3A,train,sub-02,5919,273,rsa,0.02288973331451416
taskonomy/denoising,encoder.layer2.2.relu,V3B,train,sub-02,5919,148,rsa,0.011444829404354095
taskonomy/denoising,encoder.layer2.2.relu,V6,train,sub-02,5919,147,rsa,0.015440582297742367
taskonomy/denoising,encoder.layer2.2.relu,V6A,train,sub-02,5919,82,rsa,0.011717354878783226
taskonomy/denoising,encoder.layer2.2.relu,V7,train,sub-02,5919,88,rsa,0.020937049761414528
taskonomy/denoising,encoder.layer2.2.relu,V8,train,sub-02,5919,105,rsa,0.022389892488718033
taskonomy/denoising,encoder.layer2.2.relu,FFC,train,sub-02,5919,269,rsa,0.015386242419481277
taskonomy/denoising,encoder.layer2.2.relu,PIT,train,sub-02,5919,110,rsa,0.009002121165394783
taskonomy/denoising,encoder.layer2.2.relu,IPS1,train,sub-02,5919,212,rsa,0.008880618959665298
taskonomy/denoising,encoder.layer2.2.relu,MST,train,sub-02,5919,149,rsa,0.026192013174295425
taskonomy/denoising,encoder.layer2.2.relu,MT,train,sub-02,5919,99,rsa,0.02371242642402649
taskonomy/denoising,encoder.layer2.2.relu,FST,train,sub-02,5919,171,rsa,0.03070852719247341
taskonomy/denoising,encoder.layer2.2.relu,LO1,train,sub-02,5919,78,rsa,0.011426863260567188
taskonomy/denoising,encoder.layer2.2.relu,LO2,train,sub-02,5919,82,rsa,0.01183907501399517
taskonomy/denoising,encoder.layer2.2.relu,LO3,train,sub-02,5919,124,rsa,0.02203495427966118
taskonomy/denoising,encoder.layer2.2.relu,V7,train,sub-02,5919,88,rsa,0.020937049761414528
taskonomy/denoising,encoder.layer2.2.relu,IP0,train,sub-02,5919,151,rsa,0.0075563713908195496
taskonomy/denoising,encoder.layer2.2.relu,IP1,train,sub-02,5919,78,rsa,0.003337128320708871
taskonomy/denoising,encoder.layer2.2.relu,MIP,train,sub-02,5919,198,rsa,0.0034287164453417063
taskonomy/denoising,encoder.layer2.2.relu,VIP,train,sub-02,5919,200,rsa,0.005471352022141218
taskonomy/denoising,encoder.layer2.2.relu,LIPd,train,sub-02,5919,106,rsa,0.0045700352638959885
taskonomy/denoising,encoder.layer2.2.relu,LIPv,train,sub-02,5919,239,rsa,0.007714145351201296
taskonomy/denoising,encoder.layer2.2.relu,AIP,train,sub-02,5919,381,rsa,0.0035864501260221004
taskonomy/denoising,encoder.layer2.2.relu,7Pm,train,sub-02,5919,37,rsa,0.003173094242811203
taskonomy/denoising,encoder.layer2.2.relu,7PL,train,sub-02,5919,38,rsa,0.0021738235373049974
taskonomy/denoising,encoder.layer2.2.relu,7PC,train,sub-02,5919,234,rsa,0.0038935982156544924
taskonomy/denoising,encoder.layer2.2.relu,7Am,train,sub-02,5919,232,rsa,0.003405969124287367
taskonomy/denoising,encoder.layer2.2.relu,7AL,train,sub-02,5919,259,rsa,0.001701669185422361
taskonomy/denoising,encoder.layer2.2.relu,VVC,train,sub-02,5919,159,rsa,0.016316911205649376
taskonomy/denoising,encoder.layer2.2.relu,VMV2,train,sub-02,5919,124,rsa,0.02128896862268448
taskonomy/denoising,encoder.layer2.2.relu,VMV3,train,sub-02,5919,113,rsa,0.017533455044031143
taskonomy/denoising,encoder.layer2.2.relu,VMV1,train,sub-02,5919,84,rsa,0.015577735379338264
taskonomy/denoising,encoder.layer2.2.relu,PHA2,train,sub-02,5919,29,rsa,0.0024340518284589052
taskonomy/denoising,encoder.layer2.2.relu,PHA3,train,sub-02,5919,147,rsa,0.006932349875569344
taskonomy/denoising,encoder.layer2.2.relu,PH,train,sub-02,5919,360,rsa,0.013783701695501804
taskonomy/denoising,encoder.layer3.0.relu,V1,train,sub-02,5919,435,rsa,0.05398114398121834
taskonomy/denoising,encoder.layer3.0.relu,V2,train,sub-02,5919,567,rsa,0.030169567093253136
taskonomy/denoising,encoder.layer3.0.relu,V3,train,sub-02,5919,538,rsa,0.02444438636302948
taskonomy/denoising,encoder.layer3.0.relu,V4,train,sub-02,5919,630,rsa,0.020848266780376434
taskonomy/denoising,encoder.layer3.0.relu,V3A,train,sub-02,5919,273,rsa,0.023501547053456306
taskonomy/denoising,encoder.layer3.0.relu,V3B,train,sub-02,5919,148,rsa,0.012011867947876453
taskonomy/denoising,encoder.layer3.0.relu,V6,train,sub-02,5919,147,rsa,0.01547591295093298
taskonomy/denoising,encoder.layer3.0.relu,V6A,train,sub-02,5919,82,rsa,0.012236501090228558
taskonomy/denoising,encoder.layer3.0.relu,V7,train,sub-02,5919,88,rsa,0.021358313038945198
taskonomy/denoising,encoder.layer3.0.relu,V8,train,sub-02,5919,105,rsa,0.02231699600815773
taskonomy/denoising,encoder.layer3.0.relu,FFC,train,sub-02,5919,269,rsa,0.01487796101719141
taskonomy/denoising,encoder.layer3.0.relu,PIT,train,sub-02,5919,110,rsa,0.009568092413246632
taskonomy/denoising,encoder.layer3.0.relu,IPS1,train,sub-02,5919,212,rsa,0.009783554822206497
taskonomy/denoising,encoder.layer3.0.relu,MST,train,sub-02,5919,149,rsa,0.026321113109588623
taskonomy/denoising,encoder.layer3.0.relu,MT,train,sub-02,5919,99,rsa,0.02408491261303425
taskonomy/denoising,encoder.layer3.0.relu,FST,train,sub-02,5919,171,rsa,0.030938124284148216
taskonomy/denoising,encoder.layer3.0.relu,LO1,train,sub-02,5919,78,rsa,0.011312628164887428
taskonomy/denoising,encoder.layer3.0.relu,LO2,train,sub-02,5919,82,rsa,0.012422262690961361
taskonomy/denoising,encoder.layer3.0.relu,LO3,train,sub-02,5919,124,rsa,0.021073997020721436
taskonomy/denoising,encoder.layer3.0.relu,V7,train,sub-02,5919,88,rsa,0.021358313038945198
taskonomy/denoising,encoder.layer3.0.relu,IP0,train,sub-02,5919,151,rsa,0.007578064221888781
taskonomy/denoising,encoder.layer3.0.relu,IP1,train,sub-02,5919,78,rsa,0.0035276261623948812
taskonomy/denoising,encoder.layer3.0.relu,MIP,train,sub-02,5919,198,rsa,0.003621088806539774
taskonomy/denoising,encoder.layer3.0.relu,VIP,train,sub-02,5919,200,rsa,0.005549230612814426
taskonomy/denoising,encoder.layer3.0.relu,LIPd,train,sub-02,5919,106,rsa,0.005180168431252241
taskonomy/denoising,encoder.layer3.0.relu,LIPv,train,sub-02,5919,239,rsa,0.008154086768627167
taskonomy/denoising,encoder.layer3.0.relu,AIP,train,sub-02,5919,381,rsa,0.00324591645039618
taskonomy/denoising,encoder.layer3.0.relu,7Pm,train,sub-02,5919,37,rsa,0.003009135602042079
taskonomy/denoising,encoder.layer3.0.relu,7PL,train,sub-02,5919,38,rsa,0.001919193658977747
taskonomy/denoising,encoder.layer3.0.relu,7PC,train,sub-02,5919,234,rsa,0.004119435325264931
taskonomy/denoising,encoder.layer3.0.relu,7Am,train,sub-02,5919,232,rsa,0.003954518586397171
taskonomy/denoising,encoder.layer3.0.relu,7AL,train,sub-02,5919,259,rsa,0.0017931046895682812
taskonomy/denoising,encoder.layer3.0.relu,VVC,train,sub-02,5919,159,rsa,0.016024993732571602
taskonomy/denoising,encoder.layer3.0.relu,VMV2,train,sub-02,5919,124,rsa,0.021235501393675804
taskonomy/denoising,encoder.layer3.0.relu,VMV3,train,sub-02,5919,113,rsa,0.01842484623193741
taskonomy/denoising,encoder.layer3.0.relu,VMV1,train,sub-02,5919,84,rsa,0.014879866503179073
taskonomy/denoising,encoder.layer3.0.relu,PHA2,train,sub-02,5919,29,rsa,0.003030255902558565
taskonomy/denoising,encoder.layer3.0.relu,PHA3,train,sub-02,5919,147,rsa,0.007762129418551922
taskonomy/denoising,encoder.layer3.0.relu,PH,train,sub-02,5919,360,rsa,0.013029150664806366
taskonomy/denoising,encoder.layer3.1.relu,V1,train,sub-02,5919,435,rsa,0.03943691402673721
taskonomy/denoising,encoder.layer3.1.relu,V2,train,sub-02,5919,567,rsa,0.022180886939167976
taskonomy/denoising,encoder.layer3.1.relu,V3,train,sub-02,5919,538,rsa,0.018033122643828392
taskonomy/denoising,encoder.layer3.1.relu,V4,train,sub-02,5919,630,rsa,0.01544860191643238
taskonomy/denoising,encoder.layer3.1.relu,V3A,train,sub-02,5919,273,rsa,0.017825745046138763
taskonomy/denoising,encoder.layer3.1.relu,V3B,train,sub-02,5919,148,rsa,0.008972019888460636
taskonomy/denoising,encoder.layer3.1.relu,V6,train,sub-02,5919,147,rsa,0.011340438388288021
taskonomy/denoising,encoder.layer3.1.relu,V6A,train,sub-02,5919,82,rsa,0.009141954593360424
taskonomy/denoising,encoder.layer3.1.relu,V7,train,sub-02,5919,88,rsa,0.016069553792476654
taskonomy/denoising,encoder.layer3.1.relu,V8,train,sub-02,5919,105,rsa,0.01611700840294361
taskonomy/denoising,encoder.layer3.1.relu,FFC,train,sub-02,5919,269,rsa,0.010997969657182693
taskonomy/denoising,encoder.layer3.1.relu,PIT,train,sub-02,5919,110,rsa,0.007156971842050552
taskonomy/denoising,encoder.layer3.1.relu,IPS1,train,sub-02,5919,212,rsa,0.006867285817861557
taskonomy/denoising,encoder.layer3.1.relu,MST,train,sub-02,5919,149,rsa,0.020255694165825844
taskonomy/denoising,encoder.layer3.1.relu,MT,train,sub-02,5919,99,rsa,0.017814265564084053
taskonomy/denoising,encoder.layer3.1.relu,FST,train,sub-02,5919,171,rsa,0.02405085414648056
taskonomy/denoising,encoder.layer3.1.relu,LO1,train,sub-02,5919,78,rsa,0.008128409273922443
taskonomy/denoising,encoder.layer3.1.relu,LO2,train,sub-02,5919,82,rsa,0.00972223374992609
taskonomy/denoising,encoder.layer3.1.relu,LO3,train,sub-02,5919,124,rsa,0.014822625555098057
taskonomy/denoising,encoder.layer3.1.relu,V7,train,sub-02,5919,88,rsa,0.016069553792476654
taskonomy/denoising,encoder.layer3.1.relu,IP0,train,sub-02,5919,151,rsa,0.005734197795391083
taskonomy/denoising,encoder.layer3.1.relu,IP1,train,sub-02,5919,78,rsa,0.0023865187540650368
taskonomy/denoising,encoder.layer3.1.relu,MIP,train,sub-02,5919,198,rsa,0.002456126967445016
taskonomy/denoising,encoder.layer3.1.relu,VIP,train,sub-02,5919,200,rsa,0.0038051637820899487
taskonomy/denoising,encoder.layer3.1.relu,LIPd,train,sub-02,5919,106,rsa,0.003864985192194581
taskonomy/denoising,encoder.layer3.1.relu,LIPv,train,sub-02,5919,239,rsa,0.005898513365536928
taskonomy/denoising,encoder.layer3.1.relu,AIP,train,sub-02,5919,381,rsa,0.0023118522949516773
taskonomy/denoising,encoder.layer3.1.relu,7Pm,train,sub-02,5919,37,rsa,0.002274808706715703
taskonomy/denoising,encoder.layer3.1.relu,7PL,train,sub-02,5919,38,rsa,0.0015457796398550272
taskonomy/denoising,encoder.layer3.1.relu,7PC,train,sub-02,5919,234,rsa,0.0026665732730180025
taskonomy/denoising,encoder.layer3.1.relu,7Am,train,sub-02,5919,232,rsa,0.002573325065895915
taskonomy/denoising,encoder.layer3.1.relu,7AL,train,sub-02,5919,259,rsa,0.00107191177085042
taskonomy/denoising,encoder.layer3.1.relu,VVC,train,sub-02,5919,159,rsa,0.011710423976182938
taskonomy/denoising,encoder.layer3.1.relu,VMV2,train,sub-02,5919,124,rsa,0.01704757660627365
taskonomy/denoising,encoder.layer3.1.relu,VMV3,train,sub-02,5919,113,rsa,0.01392926461994648
taskonomy/denoising,encoder.layer3.1.relu,VMV1,train,sub-02,5919,84,rsa,0.010993079282343388
taskonomy/denoising,encoder.layer3.1.relu,PHA2,train,sub-02,5919,29,rsa,0.002384983003139496
taskonomy/denoising,encoder.layer3.1.relu,PHA3,train,sub-02,5919,147,rsa,0.005971976555883884
taskonomy/denoising,encoder.layer3.1.relu,PH,train,sub-02,5919,360,rsa,0.009482039138674736
taskonomy/denoising,encoder.layer3.2.relu,V1,train,sub-02,5919,435,rsa,0.03132817521691322
taskonomy/denoising,encoder.layer3.2.relu,V2,train,sub-02,5919,567,rsa,0.0175766684114933
taskonomy/denoising,encoder.layer3.2.relu,V3,train,sub-02,5919,538,rsa,0.014417579397559166
taskonomy/denoising,encoder.layer3.2.relu,V4,train,sub-02,5919,630,rsa,0.012283850461244583
taskonomy/denoising,encoder.layer3.2.relu,V3A,train,sub-02,5919,273,rsa,0.014505760744214058
taskonomy/denoising,encoder.layer3.2.relu,V3B,train,sub-02,5919,148,rsa,0.006993255112320185
taskonomy/denoising,encoder.layer3.2.relu,V6,train,sub-02,5919,147,rsa,0.009062092751264572
taskonomy/denoising,encoder.layer3.2.relu,V6A,train,sub-02,5919,82,rsa,0.00728451507166028
taskonomy/denoising,encoder.layer3.2.relu,V7,train,sub-02,5919,88,rsa,0.012725204229354858
taskonomy/denoising,encoder.layer3.2.relu,V8,train,sub-02,5919,105,rsa,0.012663976289331913
taskonomy/denoising,encoder.layer3.2.relu,FFC,train,sub-02,5919,269,rsa,0.00879906490445137
taskonomy/denoising,encoder.layer3.2.relu,PIT,train,sub-02,5919,110,rsa,0.005734322126954794
taskonomy/denoising,encoder.layer3.2.relu,IPS1,train,sub-02,5919,212,rsa,0.005134788807481527
taskonomy/denoising,encoder.layer3.2.relu,MST,train,sub-02,5919,149,rsa,0.016783319413661957
taskonomy/denoising,encoder.layer3.2.relu,MT,train,sub-02,5919,99,rsa,0.014235876500606537
taskonomy/denoising,encoder.layer3.2.relu,FST,train,sub-02,5919,171,rsa,0.019914451986551285
taskonomy/denoising,encoder.layer3.2.relu,LO1,train,sub-02,5919,78,rsa,0.0063444520346820354
taskonomy/denoising,encoder.layer3.2.relu,LO2,train,sub-02,5919,82,rsa,0.008030198514461517
taskonomy/denoising,encoder.layer3.2.relu,LO3,train,sub-02,5919,124,rsa,0.011443373747169971
taskonomy/denoising,encoder.layer3.2.relu,V7,train,sub-02,5919,88,rsa,0.012725204229354858
taskonomy/denoising,encoder.layer3.2.relu,IP0,train,sub-02,5919,151,rsa,0.004410147666931152
taskonomy/denoising,encoder.layer3.2.relu,IP1,train,sub-02,5919,78,rsa,0.001763214822858572
taskonomy/denoising,encoder.layer3.2.relu,MIP,train,sub-02,5919,198,rsa,0.0017881658859550953
taskonomy/denoising,encoder.layer3.2.relu,VIP,train,sub-02,5919,200,rsa,0.00275288219563663
taskonomy/denoising,encoder.layer3.2.relu,LIPd,train,sub-02,5919,106,rsa,0.0028814198449254036
taskonomy/denoising,encoder.layer3.2.relu,LIPv,train,sub-02,5919,239,rsa,0.004445097874850035
taskonomy/denoising,encoder.layer3.2.relu,AIP,train,sub-02,5919,381,rsa,0.0018135053105652332
taskonomy/denoising,encoder.layer3.2.relu,7Pm,train,sub-02,5919,37,rsa,0.0018313993932679296
taskonomy/denoising,encoder.layer3.2.relu,7PL,train,sub-02,5919,38,rsa,0.0012112599797546864
taskonomy/denoising,encoder.layer3.2.relu,7PC,train,sub-02,5919,234,rsa,0.001858104718849063
taskonomy/denoising,encoder.layer3.2.relu,7Am,train,sub-02,5919,232,rsa,0.0017634419491514564
taskonomy/denoising,encoder.layer3.2.relu,7AL,train,sub-02,5919,259,rsa,0.0005416129715740681
taskonomy/denoising,encoder.layer3.2.relu,VVC,train,sub-02,5919,159,rsa,0.00932898186147213
taskonomy/denoising,encoder.layer3.2.relu,VMV2,train,sub-02,5919,124,rsa,0.014428924769163132
taskonomy/denoising,encoder.layer3.2.relu,VMV3,train,sub-02,5919,113,rsa,0.011218780651688576
taskonomy/denoising,encoder.layer3.2.relu,VMV1,train,sub-02,5919,84,rsa,0.00882699154317379
taskonomy/denoising,encoder.layer3.2.relu,PHA2,train,sub-02,5919,29,rsa,0.0019674079958349466
taskonomy/denoising,encoder.layer3.2.relu,PHA3,train,sub-02,5919,147,rsa,0.004851614590734243
taskonomy/denoising,encoder.layer3.2.relu,PH,train,sub-02,5919,360,rsa,0.007447192445397377
taskonomy/denoising,encoder.layer3.3.relu,V1,train,sub-02,5919,435,rsa,0.025524629279971123
taskonomy/denoising,encoder.layer3.3.relu,V2,train,sub-02,5919,567,rsa,0.014286566525697708
taskonomy/denoising,encoder.layer3.3.relu,V3,train,sub-02,5919,538,rsa,0.011749091558158398
taskonomy/denoising,encoder.layer3.3.relu,V4,train,sub-02,5919,630,rsa,0.010024392046034336
taskonomy/denoising,encoder.layer3.3.relu,V3A,train,sub-02,5919,273,rsa,0.012074348516762257
taskonomy/denoising,encoder.layer3.3.relu,V3B,train,sub-02,5919,148,rsa,0.005628247745335102
taskonomy/denoising,encoder.layer3.3.relu,V6,train,sub-02,5919,147,rsa,0.007486987393349409
taskonomy/denoising,encoder.layer3.3.relu,V6A,train,sub-02,5919,82,rsa,0.00596694415435195
taskonomy/denoising,encoder.layer3.3.relu,V7,train,sub-02,5919,88,rsa,0.01035559643059969
taskonomy/denoising,encoder.layer3.3.relu,V8,train,sub-02,5919,105,rsa,0.010271690785884857
taskonomy/denoising,encoder.layer3.3.relu,FFC,train,sub-02,5919,269,rsa,0.007219069171696901
taskonomy/denoising,encoder.layer3.3.relu,PIT,train,sub-02,5919,110,rsa,0.004752601496875286
taskonomy/denoising,encoder.layer3.3.relu,IPS1,train,sub-02,5919,212,rsa,0.003892530919983983
taskonomy/denoising,encoder.layer3.3.relu,MST,train,sub-02,5919,149,rsa,0.01418954599648714
taskonomy/denoising,encoder.layer3.3.relu,MT,train,sub-02,5919,99,rsa,0.011610249057412148
taskonomy/denoising,encoder.layer3.3.relu,FST,train,sub-02,5919,171,rsa,0.016760343685746193
taskonomy/denoising,encoder.layer3.3.relu,LO1,train,sub-02,5919,78,rsa,0.005063053220510483
taskonomy/denoising,encoder.layer3.3.relu,LO2,train,sub-02,5919,82,rsa,0.006748275365680456
taskonomy/denoising,encoder.layer3.3.relu,LO3,train,sub-02,5919,124,rsa,0.009065409190952778
taskonomy/denoising,encoder.layer3.3.relu,V7,train,sub-02,5919,88,rsa,0.01035559643059969
taskonomy/denoising,encoder.layer3.3.relu,IP0,train,sub-02,5919,151,rsa,0.003488711081445217
taskonomy/denoising,encoder.layer3.3.relu,IP1,train,sub-02,5919,78,rsa,0.0013359307777136564
taskonomy/denoising,encoder.layer3.3.relu,MIP,train,sub-02,5919,198,rsa,0.0013453686842694879
taskonomy/denoising,encoder.layer3.3.relu,VIP,train,sub-02,5919,200,rsa,0.002169395796954632
taskonomy/denoising,encoder.layer3.3.relu,LIPd,train,sub-02,5919,106,rsa,0.0022599578369408846
taskonomy/denoising,encoder.layer3.3.relu,LIPv,train,sub-02,5919,239,rsa,0.003551674773916602
taskonomy/denoising,encoder.layer3.3.relu,AIP,train,sub-02,5919,381,rsa,0.0015203875955194235
taskonomy/denoising,encoder.layer3.3.relu,7Pm,train,sub-02,5919,37,rsa,0.0015582892810925841
taskonomy/denoising,encoder.layer3.3.relu,7PL,train,sub-02,5919,38,rsa,0.0010572584578767419
taskonomy/denoising,encoder.layer3.3.relu,7PC,train,sub-02,5919,234,rsa,0.001297604525461793
taskonomy/denoising,encoder.layer3.3.relu,7Am,train,sub-02,5919,232,rsa,0.001219108933582902
taskonomy/denoising,encoder.layer3.3.relu,7AL,train,sub-02,5919,259,rsa,0.0002563063462730497
taskonomy/denoising,encoder.layer3.3.relu,VVC,train,sub-02,5919,159,rsa,0.00770280696451664
taskonomy/denoising,encoder.layer3.3.relu,VMV2,train,sub-02,5919,124,rsa,0.012538756243884563
taskonomy/denoising,encoder.layer3.3.relu,VMV3,train,sub-02,5919,113,rsa,0.00921171810477972
taskonomy/denoising,encoder.layer3.3.relu,VMV1,train,sub-02,5919,84,rsa,0.007302667014300823
taskonomy/denoising,encoder.layer3.3.relu,PHA2,train,sub-02,5919,29,rsa,0.0016937477048486471
taskonomy/denoising,encoder.layer3.3.relu,PHA3,train,sub-02,5919,147,rsa,0.004089210648089647
taskonomy/denoising,encoder.layer3.3.relu,PH,train,sub-02,5919,360,rsa,0.006067764945328236
taskonomy/denoising,encoder.layer3.4.relu,V1,train,sub-02,5919,435,rsa,0.02197222039103508
taskonomy/denoising,encoder.layer3.4.relu,V2,train,sub-02,5919,567,rsa,0.012297524139285088
taskonomy/denoising,encoder.layer3.4.relu,V3,train,sub-02,5919,538,rsa,0.010168594308197498
taskonomy/denoising,encoder.layer3.4.relu,V4,train,sub-02,5919,630,rsa,0.008610639721155167
taskonomy/denoising,encoder.layer3.4.relu,V3A,train,sub-02,5919,273,rsa,0.010516034439206123
taskonomy/denoising,encoder.layer3.4.relu,V3B,train,sub-02,5919,148,rsa,0.0047606173902750015
taskonomy/denoising,encoder.layer3.4.relu,V6,train,sub-02,5919,147,rsa,0.006416502874344587
taskonomy/denoising,encoder.layer3.4.relu,V6A,train,sub-02,5919,82,rsa,0.005125326104462147
taskonomy/denoising,encoder.layer3.4.relu,V7,train,sub-02,5919,88,rsa,0.008828832767903805
taskonomy/denoising,encoder.layer3.4.relu,V8,train,sub-02,5919,105,rsa,0.008796771988272667
taskonomy/denoising,encoder.layer3.4.relu,FFC,train,sub-02,5919,269,rsa,0.006147375330328941
taskonomy/denoising,encoder.layer3.4.relu,PIT,train,sub-02,5919,110,rsa,0.004087796434760094
taskonomy/denoising,encoder.layer3.4.relu,IPS1,train,sub-02,5919,212,rsa,0.0030421800911426544
taskonomy/denoising,encoder.layer3.4.relu,MST,train,sub-02,5919,149,rsa,0.012480104342103004
taskonomy/denoising,encoder.layer3.4.relu,MT,train,sub-02,5919,99,rsa,0.009908192791044712
taskonomy/denoising,encoder.layer3.4.relu,FST,train,sub-02,5919,171,rsa,0.014657311141490936
taskonomy/denoising,encoder.layer3.4.relu,LO1,train,sub-02,5919,78,rsa,0.004254598636180162
taskonomy/denoising,encoder.layer3.4.relu,LO2,train,sub-02,5919,82,rsa,0.005849414970725775
taskonomy/denoising,encoder.layer3.4.relu,LO3,train,sub-02,5919,124,rsa,0.007544086314737797
taskonomy/denoising,encoder.layer3.4.relu,V7,train,sub-02,5919,88,rsa,0.008828832767903805
taskonomy/denoising,encoder.layer3.4.relu,IP0,train,sub-02,5919,151,rsa,0.0028408942744135857
taskonomy/denoising,encoder.layer3.4.relu,IP1,train,sub-02,5919,78,rsa,0.0010295959655195475
taskonomy/denoising,encoder.layer3.4.relu,MIP,train,sub-02,5919,198,rsa,0.0010594415944069624
taskonomy/denoising,encoder.layer3.4.relu,VIP,train,sub-02,5919,200,rsa,0.0018228451954200864
taskonomy/denoising,encoder.layer3.4.relu,LIPd,train,sub-02,5919,106,rsa,0.0018332833424210548
taskonomy/denoising,encoder.layer3.4.relu,LIPv,train,sub-02,5919,239,rsa,0.003014440182596445
taskonomy/denoising,encoder.layer3.4.relu,AIP,train,sub-02,5919,381,rsa,0.0013462116476148367
taskonomy/denoising,encoder.layer3.4.relu,7Pm,train,sub-02,5919,37,rsa,0.0013835260178893805
taskonomy/denoising,encoder.layer3.4.relu,7PL,train,sub-02,5919,38,rsa,0.0009355361689813435
taskonomy/denoising,encoder.layer3.4.relu,7PC,train,sub-02,5919,234,rsa,0.0009204947855323553
taskonomy/denoising,encoder.layer3.4.relu,7Am,train,sub-02,5919,232,rsa,0.0008855375344865024
taskonomy/denoising,encoder.layer3.4.relu,7AL,train,sub-02,5919,259,rsa,5.084021540824324e-05
taskonomy/denoising,encoder.layer3.4.relu,VVC,train,sub-02,5919,159,rsa,0.006734246388077736
taskonomy/denoising,encoder.layer3.4.relu,VMV2,train,sub-02,5919,124,rsa,0.011485442519187927
taskonomy/denoising,encoder.layer3.4.relu,VMV3,train,sub-02,5919,113,rsa,0.008055346086621284
taskonomy/denoising,encoder.layer3.4.relu,VMV1,train,sub-02,5919,84,rsa,0.0064355842769145966
taskonomy/denoising,encoder.layer3.4.relu,PHA2,train,sub-02,5919,29,rsa,0.0015842890134081244
taskonomy/denoising,encoder.layer3.4.relu,PHA3,train,sub-02,5919,147,rsa,0.0036829919554293156
taskonomy/denoising,encoder.layer3.4.relu,PH,train,sub-02,5919,360,rsa,0.005175275262445211
taskonomy/denoising,encoder.layer3.5.relu,V1,train,sub-02,5919,435,rsa,0.02163568139076233
taskonomy/denoising,encoder.layer3.5.relu,V2,train,sub-02,5919,567,rsa,0.012029248289763927
taskonomy/denoising,encoder.layer3.5.relu,V3,train,sub-02,5919,538,rsa,0.00988362729549408
taskonomy/denoising,encoder.layer3.5.relu,V4,train,sub-02,5919,630,rsa,0.008185594342648983
taskonomy/denoising,encoder.layer3.5.relu,V3A,train,sub-02,5919,273,rsa,0.009886009618639946
taskonomy/denoising,encoder.layer3.5.relu,V3B,train,sub-02,5919,148,rsa,0.004560853820294142
taskonomy/denoising,encoder.layer3.5.relu,V6,train,sub-02,5919,147,rsa,0.006062635686248541
taskonomy/denoising,encoder.layer3.5.relu,V6A,train,sub-02,5919,82,rsa,0.0048281908966600895
taskonomy/denoising,encoder.layer3.5.relu,V7,train,sub-02,5919,88,rsa,0.008265698328614235
taskonomy/denoising,encoder.layer3.5.relu,V8,train,sub-02,5919,105,rsa,0.008418187499046326
taskonomy/denoising,encoder.layer3.5.relu,FFC,train,sub-02,5919,269,rsa,0.005800887476652861
taskonomy/denoising,encoder.layer3.5.relu,PIT,train,sub-02,5919,110,rsa,0.0038429643027484417
taskonomy/denoising,encoder.layer3.5.relu,IPS1,train,sub-02,5919,212,rsa,0.002682475373148918
taskonomy/denoising,encoder.layer3.5.relu,MST,train,sub-02,5919,149,rsa,0.01188578736037016
taskonomy/denoising,encoder.layer3.5.relu,MT,train,sub-02,5919,99,rsa,0.009364577010273933
taskonomy/denoising,encoder.layer3.5.relu,FST,train,sub-02,5919,171,rsa,0.01390806119889021
taskonomy/denoising,encoder.layer3.5.relu,LO1,train,sub-02,5919,78,rsa,0.003946199547499418
taskonomy/denoising,encoder.layer3.5.relu,LO2,train,sub-02,5919,82,rsa,0.005539638455957174
taskonomy/denoising,encoder.layer3.5.relu,LO3,train,sub-02,5919,124,rsa,0.00724406260997057
taskonomy/denoising,encoder.layer3.5.relu,V7,train,sub-02,5919,88,rsa,0.008265698328614235
taskonomy/denoising,encoder.layer3.5.relu,IP0,train,sub-02,5919,151,rsa,0.0026459931395947933
taskonomy/denoising,encoder.layer3.5.relu,IP1,train,sub-02,5919,78,rsa,0.000900916988030076
taskonomy/denoising,encoder.layer3.5.relu,MIP,train,sub-02,5919,198,rsa,0.0009769663447514176
taskonomy/denoising,encoder.layer3.5.relu,VIP,train,sub-02,5919,200,rsa,0.0017730941763147712
taskonomy/denoising,encoder.layer3.5.relu,LIPd,train,sub-02,5919,106,rsa,0.0017077294178307056
taskonomy/denoising,encoder.layer3.5.relu,LIPv,train,sub-02,5919,239,rsa,0.002878029365092516
taskonomy/denoising,encoder.layer3.5.relu,AIP,train,sub-02,5919,381,rsa,0.0013565681874752045
taskonomy/denoising,encoder.layer3.5.relu,7Pm,train,sub-02,5919,37,rsa,0.0014197331620380282
taskonomy/denoising,encoder.layer3.5.relu,7PL,train,sub-02,5919,38,rsa,0.0008957595564424992
taskonomy/denoising,encoder.layer3.5.relu,7PC,train,sub-02,5919,234,rsa,0.0007541514933109283
taskonomy/denoising,encoder.layer3.5.relu,7Am,train,sub-02,5919,232,rsa,0.0007471504504792392
taskonomy/denoising,encoder.layer3.5.relu,7AL,train,sub-02,5919,259,rsa,-5.5525346397189423e-05
taskonomy/denoising,encoder.layer3.5.relu,VVC,train,sub-02,5919,159,rsa,0.0066705490462481976
taskonomy/denoising,encoder.layer3.5.relu,VMV2,train,sub-02,5919,124,rsa,0.011282249353826046
taskonomy/denoising,encoder.layer3.5.relu,VMV3,train,sub-02,5919,113,rsa,0.007593025919049978
taskonomy/denoising,encoder.layer3.5.relu,VMV1,train,sub-02,5919,84,rsa,0.006382233463227749
taskonomy/denoising,encoder.layer3.5.relu,PHA2,train,sub-02,5919,29,rsa,0.0015657998155802488
taskonomy/denoising,encoder.layer3.5.relu,PHA3,train,sub-02,5919,147,rsa,0.0036585561465471983
taskonomy/denoising,encoder.layer3.5.relu,PH,train,sub-02,5919,360,rsa,0.004974802490323782
taskonomy/denoising,encoder.layer4.0.relu,V1,train,sub-02,5919,435,rsa,0.06967180967330933
taskonomy/denoising,encoder.layer4.0.relu,V2,train,sub-02,5919,567,rsa,0.03639868274331093
taskonomy/denoising,encoder.layer4.0.relu,V3,train,sub-02,5919,538,rsa,0.02892979606986046
taskonomy/denoising,encoder.layer4.0.relu,V4,train,sub-02,5919,630,rsa,0.021812519058585167
taskonomy/denoising,encoder.layer4.0.relu,V3A,train,sub-02,5919,273,rsa,0.022524770349264145
taskonomy/denoising,encoder.layer4.0.relu,V3B,train,sub-02,5919,148,rsa,0.011516139842569828
taskonomy/denoising,encoder.layer4.0.relu,V6,train,sub-02,5919,147,rsa,0.01565665379166603
taskonomy/denoising,encoder.layer4.0.relu,V6A,train,sub-02,5919,82,rsa,0.011300936341285706
taskonomy/denoising,encoder.layer4.0.relu,V7,train,sub-02,5919,88,rsa,0.01879224181175232
taskonomy/denoising,encoder.layer4.0.relu,V8,train,sub-02,5919,105,rsa,0.024159671738743782
taskonomy/denoising,encoder.layer4.0.relu,FFC,train,sub-02,5919,269,rsa,0.0157766155898571
taskonomy/denoising,encoder.layer4.0.relu,PIT,train,sub-02,5919,110,rsa,0.010742194019258022
taskonomy/denoising,encoder.layer4.0.relu,IPS1,train,sub-02,5919,212,rsa,0.010599602945148945
taskonomy/denoising,encoder.layer4.0.relu,MST,train,sub-02,5919,149,rsa,0.025755777955055237
taskonomy/denoising,encoder.layer4.0.relu,MT,train,sub-02,5919,99,rsa,0.0216335728764534
taskonomy/denoising,encoder.layer4.0.relu,FST,train,sub-02,5919,171,rsa,0.02791418507695198
taskonomy/denoising,encoder.layer4.0.relu,LO1,train,sub-02,5919,78,rsa,0.012041700072586536
taskonomy/denoising,encoder.layer4.0.relu,LO2,train,sub-02,5919,82,rsa,0.013790474273264408
taskonomy/denoising,encoder.layer4.0.relu,LO3,train,sub-02,5919,124,rsa,0.022412125021219254
taskonomy/denoising,encoder.layer4.0.relu,V7,train,sub-02,5919,88,rsa,0.01879224181175232
taskonomy/denoising,encoder.layer4.0.relu,IP0,train,sub-02,5919,151,rsa,0.008110526949167252
taskonomy/denoising,encoder.layer4.0.relu,IP1,train,sub-02,5919,78,rsa,0.0038791371043771505
taskonomy/denoising,encoder.layer4.0.relu,MIP,train,sub-02,5919,198,rsa,0.004342846106737852
taskonomy/denoising,encoder.layer4.0.relu,VIP,train,sub-02,5919,200,rsa,0.005832756403833628
taskonomy/denoising,encoder.layer4.0.relu,LIPd,train,sub-02,5919,106,rsa,0.004529672209173441
taskonomy/denoising,encoder.layer4.0.relu,LIPv,train,sub-02,5919,239,rsa,0.007910482585430145
taskonomy/denoising,encoder.layer4.0.relu,AIP,train,sub-02,5919,381,rsa,0.0038455557078123093
taskonomy/denoising,encoder.layer4.0.relu,7Pm,train,sub-02,5919,37,rsa,0.0033417476806789637
taskonomy/denoising,encoder.layer4.0.relu,7PL,train,sub-02,5919,38,rsa,0.0015658736228942871
taskonomy/denoising,encoder.layer4.0.relu,7PC,train,sub-02,5919,234,rsa,0.005155815742909908
taskonomy/denoising,encoder.layer4.0.relu,7Am,train,sub-02,5919,232,rsa,0.0038891753647476435
taskonomy/denoising,encoder.layer4.0.relu,7AL,train,sub-02,5919,259,rsa,0.0023400404024869204
taskonomy/denoising,encoder.layer4.0.relu,VVC,train,sub-02,5919,159,rsa,0.016729161143302917
taskonomy/denoising,encoder.layer4.0.relu,VMV2,train,sub-02,5919,124,rsa,0.021013159304857254
taskonomy/denoising,encoder.layer4.0.relu,VMV3,train,sub-02,5919,113,rsa,0.016995292156934738
taskonomy/denoising,encoder.layer4.0.relu,VMV1,train,sub-02,5919,84,rsa,0.015856951475143433
taskonomy/denoising,encoder.layer4.0.relu,PHA2,train,sub-02,5919,29,rsa,0.0026498802471905947
taskonomy/denoising,encoder.layer4.0.relu,PHA3,train,sub-02,5919,147,rsa,0.008020354434847832
taskonomy/denoising,encoder.layer4.0.relu,PH,train,sub-02,5919,360,rsa,0.013209953904151917
taskonomy/denoising,encoder.layer4.1.relu,V1,train,sub-02,5919,435,rsa,0.07486974447965622
taskonomy/denoising,encoder.layer4.1.relu,V2,train,sub-02,5919,567,rsa,0.0405643954873085
taskonomy/denoising,encoder.layer4.1.relu,V3,train,sub-02,5919,538,rsa,0.030130263417959213
taskonomy/denoising,encoder.layer4.1.relu,V4,train,sub-02,5919,630,rsa,0.021724848076701164
taskonomy/denoising,encoder.layer4.1.relu,V3A,train,sub-02,5919,273,rsa,0.019348643720149994
taskonomy/denoising,encoder.layer4.1.relu,V3B,train,sub-02,5919,148,rsa,0.011004982516169548
taskonomy/denoising,encoder.layer4.1.relu,V6,train,sub-02,5919,147,rsa,0.014129893854260445
taskonomy/denoising,encoder.layer4.1.relu,V6A,train,sub-02,5919,82,rsa,0.010036959312856197
taskonomy/denoising,encoder.layer4.1.relu,V7,train,sub-02,5919,88,rsa,0.01561019103974104
taskonomy/denoising,encoder.layer4.1.relu,V8,train,sub-02,5919,105,rsa,0.0235882718116045
taskonomy/denoising,encoder.layer4.1.relu,FFC,train,sub-02,5919,269,rsa,0.014007728546857834
taskonomy/denoising,encoder.layer4.1.relu,PIT,train,sub-02,5919,110,rsa,0.010626656003296375
taskonomy/denoising,encoder.layer4.1.relu,IPS1,train,sub-02,5919,212,rsa,0.01038418523967266
taskonomy/denoising,encoder.layer4.1.relu,MST,train,sub-02,5919,149,rsa,0.022154659032821655
taskonomy/denoising,encoder.layer4.1.relu,MT,train,sub-02,5919,99,rsa,0.01933247037231922
taskonomy/denoising,encoder.layer4.1.relu,FST,train,sub-02,5919,171,rsa,0.02243060991168022
taskonomy/denoising,encoder.layer4.1.relu,LO1,train,sub-02,5919,78,rsa,0.010862242430448532
taskonomy/denoising,encoder.layer4.1.relu,LO2,train,sub-02,5919,82,rsa,0.013149825856089592
taskonomy/denoising,encoder.layer4.1.relu,LO3,train,sub-02,5919,124,rsa,0.020497597754001617
taskonomy/denoising,encoder.layer4.1.relu,V7,train,sub-02,5919,88,rsa,0.01561019103974104
taskonomy/denoising,encoder.layer4.1.relu,IP0,train,sub-02,5919,151,rsa,0.0079194325953722
taskonomy/denoising,encoder.layer4.1.relu,IP1,train,sub-02,5919,78,rsa,0.0034497766755521297
taskonomy/denoising,encoder.layer4.1.relu,MIP,train,sub-02,5919,198,rsa,0.004569004289805889
taskonomy/denoising,encoder.layer4.1.relu,VIP,train,sub-02,5919,200,rsa,0.005800086073577404
taskonomy/denoising,encoder.layer4.1.relu,LIPd,train,sub-02,5919,106,rsa,0.0038100515957921743
taskonomy/denoising,encoder.layer4.1.relu,LIPv,train,sub-02,5919,239,rsa,0.006727282423526049
taskonomy/denoising,encoder.layer4.1.relu,AIP,train,sub-02,5919,381,rsa,0.003749170107766986
taskonomy/denoising,encoder.layer4.1.relu,7Pm,train,sub-02,5919,37,rsa,0.00214459840208292
taskonomy/denoising,encoder.layer4.1.relu,7PL,train,sub-02,5919,38,rsa,0.0020016301423311234
taskonomy/denoising,encoder.layer4.1.relu,7PC,train,sub-02,5919,234,rsa,0.005062581039965153
taskonomy/denoising,encoder.layer4.1.relu,7Am,train,sub-02,5919,232,rsa,0.0038817389868199825
taskonomy/denoising,encoder.layer4.1.relu,7AL,train,sub-02,5919,259,rsa,0.002519122092053294
taskonomy/denoising,encoder.layer4.1.relu,VVC,train,sub-02,5919,159,rsa,0.015093276277184486
taskonomy/denoising,encoder.layer4.1.relu,VMV2,train,sub-02,5919,124,rsa,0.01834268309175968
taskonomy/denoising,encoder.layer4.1.relu,VMV3,train,sub-02,5919,113,rsa,0.013843570835888386
taskonomy/denoising,encoder.layer4.1.relu,VMV1,train,sub-02,5919,84,rsa,0.014255448244512081
taskonomy/denoising,encoder.layer4.1.relu,PHA2,train,sub-02,5919,29,rsa,0.0032054500188678503
taskonomy/denoising,encoder.layer4.1.relu,PHA3,train,sub-02,5919,147,rsa,0.008506364189088345
taskonomy/denoising,encoder.layer4.1.relu,PH,train,sub-02,5919,360,rsa,0.011497873812913895
taskonomy/denoising,encoder.layer4.2.relu,V1,train,sub-02,5919,435,rsa,0.0719466507434845
taskonomy/denoising,encoder.layer4.2.relu,V2,train,sub-02,5919,567,rsa,0.04008795693516731
taskonomy/denoising,encoder.layer4.2.relu,V3,train,sub-02,5919,538,rsa,0.02892802655696869
taskonomy/denoising,encoder.layer4.2.relu,V4,train,sub-02,5919,630,rsa,0.020920617505908012
taskonomy/denoising,encoder.layer4.2.relu,V3A,train,sub-02,5919,273,rsa,0.017068171873688698
taskonomy/denoising,encoder.layer4.2.relu,V3B,train,sub-02,5919,148,rsa,0.010205039754509926
taskonomy/denoising,encoder.layer4.2.relu,V6,train,sub-02,5919,147,rsa,0.012841085903346539
taskonomy/denoising,encoder.layer4.2.relu,V6A,train,sub-02,5919,82,rsa,0.009310009889304638
taskonomy/denoising,encoder.layer4.2.relu,V7,train,sub-02,5919,88,rsa,0.013741131871938705
taskonomy/denoising,encoder.layer4.2.relu,V8,train,sub-02,5919,105,rsa,0.022313222289085388
taskonomy/denoising,encoder.layer4.2.relu,FFC,train,sub-02,5919,269,rsa,0.012571587227284908
taskonomy/denoising,encoder.layer4.2.relu,PIT,train,sub-02,5919,110,rsa,0.010241891257464886
taskonomy/denoising,encoder.layer4.2.relu,IPS1,train,sub-02,5919,212,rsa,0.010337111540138721
taskonomy/denoising,encoder.layer4.2.relu,MST,train,sub-02,5919,149,rsa,0.019540898501873016
taskonomy/denoising,encoder.layer4.2.relu,MT,train,sub-02,5919,99,rsa,0.01723715290427208
taskonomy/denoising,encoder.layer4.2.relu,FST,train,sub-02,5919,171,rsa,0.019250577315688133
taskonomy/denoising,encoder.layer4.2.relu,LO1,train,sub-02,5919,78,rsa,0.00986477080732584
taskonomy/denoising,encoder.layer4.2.relu,LO2,train,sub-02,5919,82,rsa,0.011782313697040081
taskonomy/denoising,encoder.layer4.2.relu,LO3,train,sub-02,5919,124,rsa,0.01849970407783985
taskonomy/denoising,encoder.layer4.2.relu,V7,train,sub-02,5919,88,rsa,0.013741131871938705
taskonomy/denoising,encoder.layer4.2.relu,IP0,train,sub-02,5919,151,rsa,0.007482557091861963
taskonomy/denoising,encoder.layer4.2.relu,IP1,train,sub-02,5919,78,rsa,0.003360909875482321
taskonomy/denoising,encoder.layer4.2.relu,MIP,train,sub-02,5919,198,rsa,0.0044052512384951115
taskonomy/denoising,encoder.layer4.2.relu,VIP,train,sub-02,5919,200,rsa,0.005943496711552143
taskonomy/denoising,encoder.layer4.2.relu,LIPd,train,sub-02,5919,106,rsa,0.0034287727903574705
taskonomy/denoising,encoder.layer4.2.relu,LIPv,train,sub-02,5919,239,rsa,0.005819989833980799
taskonomy/denoising,encoder.layer4.2.relu,AIP,train,sub-02,5919,381,rsa,0.0036138829309493303
taskonomy/denoising,encoder.layer4.2.relu,7Pm,train,sub-02,5919,37,rsa,0.0013881458435207605
taskonomy/denoising,encoder.layer4.2.relu,7PL,train,sub-02,5919,38,rsa,0.0021734104957431555
taskonomy/denoising,encoder.layer4.2.relu,7PC,train,sub-02,5919,234,rsa,0.0048817419447004795
taskonomy/denoising,encoder.layer4.2.relu,7Am,train,sub-02,5919,232,rsa,0.0039328597486019135
taskonomy/denoising,encoder.layer4.2.relu,7AL,train,sub-02,5919,259,rsa,0.0027602631598711014
taskonomy/denoising,encoder.layer4.2.relu,VVC,train,sub-02,5919,159,rsa,0.012961845844984055
taskonomy/denoising,encoder.layer4.2.relu,VMV2,train,sub-02,5919,124,rsa,0.01568051613867283
taskonomy/denoising,encoder.layer4.2.relu,VMV3,train,sub-02,5919,113,rsa,0.011844134889543056
taskonomy/denoising,encoder.layer4.2.relu,VMV1,train,sub-02,5919,84,rsa,0.012504253536462784
taskonomy/denoising,encoder.layer4.2.relu,PHA2,train,sub-02,5919,29,rsa,0.003451101016253233
taskonomy/denoising,encoder.layer4.2.relu,PHA3,train,sub-02,5919,147,rsa,0.008823953568935394
taskonomy/denoising,encoder.layer4.2.relu,PH,train,sub-02,5919,360,rsa,0.010087745264172554
taskonomy/denoising,encoder.layer1.0.relu,V1,test,sub-02,5919,435,rsa,0.12809813022613525
taskonomy/denoising,encoder.layer1.0.relu,V2,test,sub-02,5919,567,rsa,0.06256632506847382
taskonomy/denoising,encoder.layer1.0.relu,V3,test,sub-02,5919,538,rsa,0.04425743594765663
taskonomy/denoising,encoder.layer1.0.relu,V4,test,sub-02,5919,630,rsa,0.0427238792181015
taskonomy/denoising,encoder.layer1.0.relu,V3A,test,sub-02,5919,273,rsa,0.06888967752456665
taskonomy/denoising,encoder.layer1.0.relu,V3B,test,sub-02,5919,148,rsa,0.008392194285988808
taskonomy/denoising,encoder.layer1.0.relu,V6,test,sub-02,5919,147,rsa,0.03316441550850868
taskonomy/denoising,encoder.layer1.0.relu,V6A,test,sub-02,5919,82,rsa,0.035460952669382095
taskonomy/denoising,encoder.layer1.0.relu,V7,test,sub-02,5919,88,rsa,0.029331941157579422
taskonomy/denoising,encoder.layer1.0.relu,V8,test,sub-02,5919,105,rsa,0.032035671174526215
taskonomy/denoising,encoder.layer1.0.relu,FFC,test,sub-02,5919,269,rsa,0.05169908329844475
taskonomy/denoising,encoder.layer1.0.relu,PIT,test,sub-02,5919,110,rsa,0.004011823795735836
taskonomy/denoising,encoder.layer1.0.relu,IPS1,test,sub-02,5919,212,rsa,0.033893831074237823
taskonomy/denoising,encoder.layer1.0.relu,MST,test,sub-02,5919,149,rsa,0.029713764786720276
taskonomy/denoising,encoder.layer1.0.relu,MT,test,sub-02,5919,99,rsa,0.03986556455492973
taskonomy/denoising,encoder.layer1.0.relu,FST,test,sub-02,5919,171,rsa,0.01580520160496235
taskonomy/denoising,encoder.layer1.0.relu,LO1,test,sub-02,5919,78,rsa,0.04698404669761658
taskonomy/denoising,encoder.layer1.0.relu,LO2,test,sub-02,5919,82,rsa,0.047569263726472855
taskonomy/denoising,encoder.layer1.0.relu,LO3,test,sub-02,5919,124,rsa,0.06349895149469376
taskonomy/denoising,encoder.layer1.0.relu,V7,test,sub-02,5919,88,rsa,0.029331941157579422
taskonomy/denoising,encoder.layer1.0.relu,IP0,test,sub-02,5919,151,rsa,0.03406878560781479
taskonomy/denoising,encoder.layer1.0.relu,IP1,test,sub-02,5919,78,rsa,0.02181582897901535
taskonomy/denoising,encoder.layer1.0.relu,MIP,test,sub-02,5919,198,rsa,0.020761407911777496
taskonomy/denoising,encoder.layer1.0.relu,VIP,test,sub-02,5919,200,rsa,0.007671131752431393
taskonomy/denoising,encoder.layer1.0.relu,LIPd,test,sub-02,5919,106,rsa,-0.0028573060408234596
taskonomy/denoising,encoder.layer1.0.relu,LIPv,test,sub-02,5919,239,rsa,0.028139431029558182
taskonomy/denoising,encoder.layer1.0.relu,AIP,test,sub-02,5919,381,rsa,0.040634412318468094
taskonomy/denoising,encoder.layer1.0.relu,7Pm,test,sub-02,5919,37,rsa,0.005016648210585117
taskonomy/denoising,encoder.layer1.0.relu,7PL,test,sub-02,5919,38,rsa,0.0033906367607414722
taskonomy/denoising,encoder.layer1.0.relu,7PC,test,sub-02,5919,234,rsa,0.0077298544347286224
taskonomy/denoising,encoder.layer1.0.relu,7Am,test,sub-02,5919,232,rsa,0.03005766123533249
taskonomy/denoising,encoder.layer1.0.relu,7AL,test,sub-02,5919,259,rsa,0.014370275661349297
taskonomy/denoising,encoder.layer1.0.relu,VVC,test,sub-02,5919,159,rsa,0.036010801792144775
taskonomy/denoising,encoder.layer1.0.relu,VMV2,test,sub-02,5919,124,rsa,0.016453292220830917
taskonomy/denoising,encoder.layer1.0.relu,VMV3,test,sub-02,5919,113,rsa,0.07169926166534424
taskonomy/denoising,encoder.layer1.0.relu,VMV1,test,sub-02,5919,84,rsa,0.012889392673969269
taskonomy/denoising,encoder.layer1.0.relu,PHA2,test,sub-02,5919,29,rsa,0.01244403701275587
taskonomy/denoising,encoder.layer1.0.relu,PHA3,test,sub-02,5919,147,rsa,0.015758536756038666
taskonomy/denoising,encoder.layer1.0.relu,PH,test,sub-02,5919,360,rsa,0.024942772462964058
taskonomy/denoising,encoder.layer1.1.relu,V1,test,sub-02,5919,435,rsa,0.12514303624629974
taskonomy/denoising,encoder.layer1.1.relu,V2,test,sub-02,5919,567,rsa,0.055926498025655746
taskonomy/denoising,encoder.layer1.1.relu,V3,test,sub-02,5919,538,rsa,0.04221929609775543
taskonomy/denoising,encoder.layer1.1.relu,V4,test,sub-02,5919,630,rsa,0.04535341262817383
taskonomy/denoising,encoder.layer1.1.relu,V3A,test,sub-02,5919,273,rsa,0.06551973521709442
taskonomy/denoising,encoder.layer1.1.relu,V3B,test,sub-02,5919,148,rsa,0.009465456940233707
taskonomy/denoising,encoder.layer1.1.relu,V6,test,sub-02,5919,147,rsa,0.025473449379205704
taskonomy/denoising,encoder.layer1.1.relu,V6A,test,sub-02,5919,82,rsa,0.03752385824918747
taskonomy/denoising,encoder.layer1.1.relu,V7,test,sub-02,5919,88,rsa,0.02611760050058365
taskonomy/denoising,encoder.layer1.1.relu,V8,test,sub-02,5919,105,rsa,0.02986845374107361
taskonomy/denoising,encoder.layer1.1.relu,FFC,test,sub-02,5919,269,rsa,0.052986569702625275
taskonomy/denoising,encoder.layer1.1.relu,PIT,test,sub-02,5919,110,rsa,0.008053574711084366
taskonomy/denoising,encoder.layer1.1.relu,IPS1,test,sub-02,5919,212,rsa,0.0364801250398159
taskonomy/denoising,encoder.layer1.1.relu,MST,test,sub-02,5919,149,rsa,0.0301907230168581
taskonomy/denoising,encoder.layer1.1.relu,MT,test,sub-02,5919,99,rsa,0.033599160611629486
taskonomy/denoising,encoder.layer1.1.relu,FST,test,sub-02,5919,171,rsa,0.0132426917552948
taskonomy/denoising,encoder.layer1.1.relu,LO1,test,sub-02,5919,78,rsa,0.04994616657495499
taskonomy/denoising,encoder.layer1.1.relu,LO2,test,sub-02,5919,82,rsa,0.05383815988898277
taskonomy/denoising,encoder.layer1.1.relu,LO3,test,sub-02,5919,124,rsa,0.06409085541963577
taskonomy/denoising,encoder.layer1.1.relu,V7,test,sub-02,5919,88,rsa,0.02611760050058365
taskonomy/denoising,encoder.layer1.1.relu,IP0,test,sub-02,5919,151,rsa,0.039088062942028046
taskonomy/denoising,encoder.layer1.1.relu,IP1,test,sub-02,5919,78,rsa,0.019348017871379852
taskonomy/denoising,encoder.layer1.1.relu,MIP,test,sub-02,5919,198,rsa,0.01978583075106144
taskonomy/denoising,encoder.layer1.1.relu,VIP,test,sub-02,5919,200,rsa,0.005891488865017891
taskonomy/denoising,encoder.layer1.1.relu,LIPd,test,sub-02,5919,106,rsa,-0.006880735047161579
taskonomy/denoising,encoder.layer1.1.relu,LIPv,test,sub-02,5919,239,rsa,0.024135364219546318
taskonomy/denoising,encoder.layer1.1.relu,AIP,test,sub-02,5919,381,rsa,0.03555005416274071
taskonomy/denoising,encoder.layer1.1.relu,7Pm,test,sub-02,5919,37,rsa,0.0034862207248806953
taskonomy/denoising,encoder.layer1.1.relu,7PL,test,sub-02,5919,38,rsa,0.0008385819382965565
taskonomy/denoising,encoder.layer1.1.relu,7PC,test,sub-02,5919,234,rsa,0.00484211090952158
taskonomy/denoising,encoder.layer1.1.relu,7Am,test,sub-02,5919,232,rsa,0.02793024107813835
taskonomy/denoising,encoder.layer1.1.relu,7AL,test,sub-02,5919,259,rsa,0.007947271689772606
taskonomy/denoising,encoder.layer1.1.relu,VVC,test,sub-02,5919,159,rsa,0.035775259137153625
taskonomy/denoising,encoder.layer1.1.relu,VMV2,test,sub-02,5919,124,rsa,0.017799576744437218
taskonomy/denoising,encoder.layer1.1.relu,VMV3,test,sub-02,5919,113,rsa,0.06997981667518616
taskonomy/denoising,encoder.layer1.1.relu,VMV1,test,sub-02,5919,84,rsa,0.0053709750063717365
taskonomy/denoising,encoder.layer1.1.relu,PHA2,test,sub-02,5919,29,rsa,0.009724816307425499
taskonomy/denoising,encoder.layer1.1.relu,PHA3,test,sub-02,5919,147,rsa,0.015932975336909294
taskonomy/denoising,encoder.layer1.1.relu,PH,test,sub-02,5919,360,rsa,0.02683148719370365
taskonomy/denoising,encoder.layer1.2.relu,V1,test,sub-02,5919,435,rsa,0.11597376316785812
taskonomy/denoising,encoder.layer1.2.relu,V2,test,sub-02,5919,567,rsa,0.043091025203466415
taskonomy/denoising,encoder.layer1.2.relu,V3,test,sub-02,5919,538,rsa,0.03151898831129074
taskonomy/denoising,encoder.layer1.2.relu,V4,test,sub-02,5919,630,rsa,0.03280016407370567
taskonomy/denoising,encoder.layer1.2.relu,V3A,test,sub-02,5919,273,rsa,0.059986576437950134
taskonomy/denoising,encoder.layer1.2.relu,V3B,test,sub-02,5919,148,rsa,0.0006874417886137962
taskonomy/denoising,encoder.layer1.2.relu,V6,test,sub-02,5919,147,rsa,0.012108372524380684
taskonomy/denoising,encoder.layer1.2.relu,V6A,test,sub-02,5919,82,rsa,0.025391142815351486
taskonomy/denoising,encoder.layer1.2.relu,V7,test,sub-02,5919,88,rsa,0.012994673103094101
taskonomy/denoising,encoder.layer1.2.relu,V8,test,sub-02,5919,105,rsa,0.013020102865993977
taskonomy/denoising,encoder.layer1.2.relu,FFC,test,sub-02,5919,269,rsa,0.04752349853515625
taskonomy/denoising,encoder.layer1.2.relu,PIT,test,sub-02,5919,110,rsa,0.006247334182262421
taskonomy/denoising,encoder.layer1.2.relu,IPS1,test,sub-02,5919,212,rsa,0.03501162305474281
taskonomy/denoising,encoder.layer1.2.relu,MST,test,sub-02,5919,149,rsa,0.016123458743095398
taskonomy/denoising,encoder.layer1.2.relu,MT,test,sub-02,5919,99,rsa,0.015398267656564713
taskonomy/denoising,encoder.layer1.2.relu,FST,test,sub-02,5919,171,rsa,0.0005896692164242268
taskonomy/denoising,encoder.layer1.2.relu,LO1,test,sub-02,5919,78,rsa,0.045453205704689026
taskonomy/denoising,encoder.layer1.2.relu,LO2,test,sub-02,5919,82,rsa,0.04963608458638191
taskonomy/denoising,encoder.layer1.2.relu,LO3,test,sub-02,5919,124,rsa,0.05471356585621834
taskonomy/denoising,encoder.layer1.2.relu,V7,test,sub-02,5919,88,rsa,0.012994673103094101
taskonomy/denoising,encoder.layer1.2.relu,IP0,test,sub-02,5919,151,rsa,0.03465984761714935
taskonomy/denoising,encoder.layer1.2.relu,IP1,test,sub-02,5919,78,rsa,0.017404450103640556
taskonomy/denoising,encoder.layer1.2.relu,MIP,test,sub-02,5919,198,rsa,0.017574070021510124
taskonomy/denoising,encoder.layer1.2.relu,VIP,test,sub-02,5919,200,rsa,0.000867093913257122
taskonomy/denoising,encoder.layer1.2.relu,LIPd,test,sub-02,5919,106,rsa,-0.011131856590509415
taskonomy/denoising,encoder.layer1.2.relu,LIPv,test,sub-02,5919,239,rsa,0.0182301364839077
taskonomy/denoising,encoder.layer1.2.relu,AIP,test,sub-02,5919,381,rsa,0.03343014419078827
taskonomy/denoising,encoder.layer1.2.relu,7Pm,test,sub-02,5919,37,rsa,0.0012233015149831772
taskonomy/denoising,encoder.layer1.2.relu,7PL,test,sub-02,5919,38,rsa,-0.0016473601572215557
taskonomy/denoising,encoder.layer1.2.relu,7PC,test,sub-02,5919,234,rsa,0.005316429305821657
taskonomy/denoising,encoder.layer1.2.relu,7Am,test,sub-02,5919,232,rsa,0.024527914822101593
taskonomy/denoising,encoder.layer1.2.relu,7AL,test,sub-02,5919,259,rsa,0.007031973451375961
taskonomy/denoising,encoder.layer1.2.relu,VVC,test,sub-02,5919,159,rsa,0.031388550996780396
taskonomy/denoising,encoder.layer1.2.relu,VMV2,test,sub-02,5919,124,rsa,0.017655065283179283
taskonomy/denoising,encoder.layer1.2.relu,VMV3,test,sub-02,5919,113,rsa,0.05823385715484619
taskonomy/denoising,encoder.layer1.2.relu,VMV1,test,sub-02,5919,84,rsa,-0.005510788410902023
taskonomy/denoising,encoder.layer1.2.relu,PHA2,test,sub-02,5919,29,rsa,0.007509944960474968
taskonomy/denoising,encoder.layer1.2.relu,PHA3,test,sub-02,5919,147,rsa,0.013487649150192738
taskonomy/denoising,encoder.layer1.2.relu,PH,test,sub-02,5919,360,rsa,0.022168654948472977
taskonomy/denoising,encoder.layer2.0.relu,V1,test,sub-02,5919,435,rsa,0.11699193716049194
taskonomy/denoising,encoder.layer2.0.relu,V2,test,sub-02,5919,567,rsa,0.052158012986183167
taskonomy/denoising,encoder.layer2.0.relu,V3,test,sub-02,5919,538,rsa,0.03448590636253357
taskonomy/denoising,encoder.layer2.0.relu,V4,test,sub-02,5919,630,rsa,0.03778162598609924
taskonomy/denoising,encoder.layer2.0.relu,V3A,test,sub-02,5919,273,rsa,0.0593484602868557
taskonomy/denoising,encoder.layer2.0.relu,V3B,test,sub-02,5919,148,rsa,0.0010945573449134827
taskonomy/denoising,encoder.layer2.0.relu,V6,test,sub-02,5919,147,rsa,0.02796275168657303
taskonomy/denoising,encoder.layer2.0.relu,V6A,test,sub-02,5919,82,rsa,0.023640841245651245
taskonomy/denoising,encoder.layer2.0.relu,V7,test,sub-02,5919,88,rsa,0.016255918890237808
taskonomy/denoising,encoder.layer2.0.relu,V8,test,sub-02,5919,105,rsa,0.024787520989775658
taskonomy/denoising,encoder.layer2.0.relu,FFC,test,sub-02,5919,269,rsa,0.04258762300014496
taskonomy/denoising,encoder.layer2.0.relu,PIT,test,sub-02,5919,110,rsa,0.005050844047218561
taskonomy/denoising,encoder.layer2.0.relu,IPS1,test,sub-02,5919,212,rsa,0.03042149543762207
taskonomy/denoising,encoder.layer2.0.relu,MST,test,sub-02,5919,149,rsa,0.019740764051675797
taskonomy/denoising,encoder.layer2.0.relu,MT,test,sub-02,5919,99,rsa,0.03031705506145954
taskonomy/denoising,encoder.layer2.0.relu,FST,test,sub-02,5919,171,rsa,0.010117174126207829
taskonomy/denoising,encoder.layer2.0.relu,LO1,test,sub-02,5919,78,rsa,0.04458611458539963
taskonomy/denoising,encoder.layer2.0.relu,LO2,test,sub-02,5919,82,rsa,0.043481141328811646
taskonomy/denoising,encoder.layer2.0.relu,LO3,test,sub-02,5919,124,rsa,0.04985472932457924
taskonomy/denoising,encoder.layer2.0.relu,V7,test,sub-02,5919,88,rsa,0.016255918890237808
taskonomy/denoising,encoder.layer2.0.relu,IP0,test,sub-02,5919,151,rsa,0.02722243219614029
taskonomy/denoising,encoder.layer2.0.relu,IP1,test,sub-02,5919,78,rsa,0.015517674386501312
taskonomy/denoising,encoder.layer2.0.relu,MIP,test,sub-02,5919,198,rsa,0.014240238815546036
taskonomy/denoising,encoder.layer2.0.relu,VIP,test,sub-02,5919,200,rsa,0.006589207798242569
taskonomy/denoising,encoder.layer2.0.relu,LIPd,test,sub-02,5919,106,rsa,-0.012602088041603565
taskonomy/denoising,encoder.layer2.0.relu,LIPv,test,sub-02,5919,239,rsa,0.014387504197657108
taskonomy/denoising,encoder.layer2.0.relu,AIP,test,sub-02,5919,381,rsa,0.035769812762737274
taskonomy/denoising,encoder.layer2.0.relu,7Pm,test,sub-02,5919,37,rsa,-0.002844832604750991
taskonomy/denoising,encoder.layer2.0.relu,7PL,test,sub-02,5919,38,rsa,0.00021647592075169086
taskonomy/denoising,encoder.layer2.0.relu,7PC,test,sub-02,5919,234,rsa,0.001459815539419651
taskonomy/denoising,encoder.layer2.0.relu,7Am,test,sub-02,5919,232,rsa,0.026134466752409935
taskonomy/denoising,encoder.layer2.0.relu,7AL,test,sub-02,5919,259,rsa,0.006886187009513378
taskonomy/denoising,encoder.layer2.0.relu,VVC,test,sub-02,5919,159,rsa,0.023231282830238342
taskonomy/denoising,encoder.layer2.0.relu,VMV2,test,sub-02,5919,124,rsa,0.02247794345021248
taskonomy/denoising,encoder.layer2.0.relu,VMV3,test,sub-02,5919,113,rsa,0.061370812356472015
taskonomy/denoising,encoder.layer2.0.relu,VMV1,test,sub-02,5919,84,rsa,0.007088140118867159
taskonomy/denoising,encoder.layer2.0.relu,PHA2,test,sub-02,5919,29,rsa,0.012538066133856773
taskonomy/denoising,encoder.layer2.0.relu,PHA3,test,sub-02,5919,147,rsa,0.00820116139948368
taskonomy/denoising,encoder.layer2.0.relu,PH,test,sub-02,5919,360,rsa,0.020526137202978134
taskonomy/denoising,encoder.layer2.1.relu,V1,test,sub-02,5919,435,rsa,0.09867464005947113
taskonomy/denoising,encoder.layer2.1.relu,V2,test,sub-02,5919,567,rsa,0.04533739387989044
taskonomy/denoising,encoder.layer2.1.relu,V3,test,sub-02,5919,538,rsa,0.028378386050462723
taskonomy/denoising,encoder.layer2.1.relu,V4,test,sub-02,5919,630,rsa,0.030043194070458412
taskonomy/denoising,encoder.layer2.1.relu,V3A,test,sub-02,5919,273,rsa,0.04818876087665558
taskonomy/denoising,encoder.layer2.1.relu,V3B,test,sub-02,5919,148,rsa,-0.005557159893214703
taskonomy/denoising,encoder.layer2.1.relu,V6,test,sub-02,5919,147,rsa,0.004938957281410694
taskonomy/denoising,encoder.layer2.1.relu,V6A,test,sub-02,5919,82,rsa,0.012425735592842102
taskonomy/denoising,encoder.layer2.1.relu,V7,test,sub-02,5919,88,rsa,0.008249502629041672
taskonomy/denoising,encoder.layer2.1.relu,V8,test,sub-02,5919,105,rsa,0.010787283070385456
taskonomy/denoising,encoder.layer2.1.relu,FFC,test,sub-02,5919,269,rsa,0.039727795869112015
taskonomy/denoising,encoder.layer2.1.relu,PIT,test,sub-02,5919,110,rsa,0.009314578957855701
taskonomy/denoising,encoder.layer2.1.relu,IPS1,test,sub-02,5919,212,rsa,0.028823085129261017
taskonomy/denoising,encoder.layer2.1.relu,MST,test,sub-02,5919,149,rsa,0.01615428365767002
taskonomy/denoising,encoder.layer2.1.relu,MT,test,sub-02,5919,99,rsa,0.029439523816108704
taskonomy/denoising,encoder.layer2.1.relu,FST,test,sub-02,5919,171,rsa,0.012527190148830414
taskonomy/denoising,encoder.layer2.1.relu,LO1,test,sub-02,5919,78,rsa,0.032427478581666946
taskonomy/denoising,encoder.layer2.1.relu,LO2,test,sub-02,5919,82,rsa,0.03495875746011734
taskonomy/denoising,encoder.layer2.1.relu,LO3,test,sub-02,5919,124,rsa,0.03796844184398651
taskonomy/denoising,encoder.layer2.1.relu,V7,test,sub-02,5919,88,rsa,0.008249502629041672
taskonomy/denoising,encoder.layer2.1.relu,IP0,test,sub-02,5919,151,rsa,0.022032232955098152
taskonomy/denoising,encoder.layer2.1.relu,IP1,test,sub-02,5919,78,rsa,0.005306493025273085
taskonomy/denoising,encoder.layer2.1.relu,MIP,test,sub-02,5919,198,rsa,0.010084656067192554
taskonomy/denoising,encoder.layer2.1.relu,VIP,test,sub-02,5919,200,rsa,-0.002813223749399185
taskonomy/denoising,encoder.layer2.1.relu,LIPd,test,sub-02,5919,106,rsa,-0.020020775496959686
taskonomy/denoising,encoder.layer2.1.relu,LIPv,test,sub-02,5919,239,rsa,0.005533906631171703
taskonomy/denoising,encoder.layer2.1.relu,AIP,test,sub-02,5919,381,rsa,0.024075962603092194
taskonomy/denoising,encoder.layer2.1.relu,7Pm,test,sub-02,5919,37,rsa,-0.0034859220031648874
taskonomy/denoising,encoder.layer2.1.relu,7PL,test,sub-02,5919,38,rsa,0.00014107953757047653
taskonomy/denoising,encoder.layer2.1.relu,7PC,test,sub-02,5919,234,rsa,-0.002853600773960352
taskonomy/denoising,encoder.layer2.1.relu,7Am,test,sub-02,5919,232,rsa,0.020618170499801636
taskonomy/denoising,encoder.layer2.1.relu,7AL,test,sub-02,5919,259,rsa,-0.0019000070169568062
taskonomy/denoising,encoder.layer2.1.relu,VVC,test,sub-02,5919,159,rsa,0.013673057779669762
taskonomy/denoising,encoder.layer2.1.relu,VMV2,test,sub-02,5919,124,rsa,0.021737191826105118
taskonomy/denoising,encoder.layer2.1.relu,VMV3,test,sub-02,5919,113,rsa,0.05647382140159607
taskonomy/denoising,encoder.layer2.1.relu,VMV1,test,sub-02,5919,84,rsa,-0.0018445542082190514
taskonomy/denoising,encoder.layer2.1.relu,PHA2,test,sub-02,5919,29,rsa,0.01093958504498005
taskonomy/denoising,encoder.layer2.1.relu,PHA3,test,sub-02,5919,147,rsa,0.005299042910337448
taskonomy/denoising,encoder.layer2.1.relu,PH,test,sub-02,5919,360,rsa,0.01651177927851677
taskonomy/denoising,encoder.layer2.2.relu,V1,test,sub-02,5919,435,rsa,0.09172321856021881
taskonomy/denoising,encoder.layer2.2.relu,V2,test,sub-02,5919,567,rsa,0.03818430379033089
taskonomy/denoising,encoder.layer2.2.relu,V3,test,sub-02,5919,538,rsa,0.025542866438627243
taskonomy/denoising,encoder.layer2.2.relu,V4,test,sub-02,5919,630,rsa,0.03286067396402359
taskonomy/denoising,encoder.layer2.2.relu,V3A,test,sub-02,5919,273,rsa,0.04469732567667961
taskonomy/denoising,encoder.layer2.2.relu,V3B,test,sub-02,5919,148,rsa,-0.008936470374464989
taskonomy/denoising,encoder.layer2.2.relu,V6,test,sub-02,5919,147,rsa,-0.0002257712185382843
taskonomy/denoising,encoder.layer2.2.relu,V6A,test,sub-02,5919,82,rsa,0.010721922852098942
taskonomy/denoising,encoder.layer2.2.relu,V7,test,sub-02,5919,88,rsa,0.000390566885471344
taskonomy/denoising,encoder.layer2.2.relu,V8,test,sub-02,5919,105,rsa,0.003393067978322506
taskonomy/denoising,encoder.layer2.2.relu,FFC,test,sub-02,5919,269,rsa,0.03799590840935707
taskonomy/denoising,encoder.layer2.2.relu,PIT,test,sub-02,5919,110,rsa,0.011598996818065643
taskonomy/denoising,encoder.layer2.2.relu,IPS1,test,sub-02,5919,212,rsa,0.028709731996059418
taskonomy/denoising,encoder.layer2.2.relu,MST,test,sub-02,5919,149,rsa,0.014832992106676102
taskonomy/denoising,encoder.layer2.2.relu,MT,test,sub-02,5919,99,rsa,0.022327430546283722
taskonomy/denoising,encoder.layer2.2.relu,FST,test,sub-02,5919,171,rsa,0.00849965587258339
taskonomy/denoising,encoder.layer2.2.relu,LO1,test,sub-02,5919,78,rsa,0.03250022605061531
taskonomy/denoising,encoder.layer2.2.relu,LO2,test,sub-02,5919,82,rsa,0.03222631290555
taskonomy/denoising,encoder.layer2.2.relu,LO3,test,sub-02,5919,124,rsa,0.03635907545685768
taskonomy/denoising,encoder.layer2.2.relu,V7,test,sub-02,5919,88,rsa,0.000390566885471344
taskonomy/denoising,encoder.layer2.2.relu,IP0,test,sub-02,5919,151,rsa,0.022149262949824333
taskonomy/denoising,encoder.layer2.2.relu,IP1,test,sub-02,5919,78,rsa,0.006339057814329863
taskonomy/denoising,encoder.layer2.2.relu,MIP,test,sub-02,5919,198,rsa,0.009800652042031288
taskonomy/denoising,encoder.layer2.2.relu,VIP,test,sub-02,5919,200,rsa,-0.00640040822327137
taskonomy/denoising,encoder.layer2.2.relu,LIPd,test,sub-02,5919,106,rsa,-0.01891576312482357
taskonomy/denoising,encoder.layer2.2.relu,LIPv,test,sub-02,5919,239,rsa,0.004539713263511658
taskonomy/denoising,encoder.layer2.2.relu,AIP,test,sub-02,5919,381,rsa,0.02007354609668255
taskonomy/denoising,encoder.layer2.2.relu,7Pm,test,sub-02,5919,37,rsa,-0.004641326144337654
taskonomy/denoising,encoder.layer2.2.relu,7PL,test,sub-02,5919,38,rsa,0.0028451867401599884
taskonomy/denoising,encoder.layer2.2.relu,7PC,test,sub-02,5919,234,rsa,-0.002120138145983219
taskonomy/denoising,encoder.layer2.2.relu,7Am,test,sub-02,5919,232,rsa,0.017518650740385056
taskonomy/denoising,encoder.layer2.2.relu,7AL,test,sub-02,5919,259,rsa,-0.00550452247262001
taskonomy/denoising,encoder.layer2.2.relu,VVC,test,sub-02,5919,159,rsa,0.013362990692257881
taskonomy/denoising,encoder.layer2.2.relu,VMV2,test,sub-02,5919,124,rsa,0.02060473896563053
taskonomy/denoising,encoder.layer2.2.relu,VMV3,test,sub-02,5919,113,rsa,0.05272079259157181
taskonomy/denoising,encoder.layer2.2.relu,VMV1,test,sub-02,5919,84,rsa,-0.00791328027844429
taskonomy/denoising,encoder.layer2.2.relu,PHA2,test,sub-02,5919,29,rsa,0.007484993431717157
taskonomy/denoising,encoder.layer2.2.relu,PHA3,test,sub-02,5919,147,rsa,0.006131443660706282
taskonomy/denoising,encoder.layer2.2.relu,PH,test,sub-02,5919,360,rsa,0.016131099313497543
taskonomy/denoising,encoder.layer3.0.relu,V1,test,sub-02,5919,435,rsa,0.08777330815792084
taskonomy/denoising,encoder.layer3.0.relu,V2,test,sub-02,5919,567,rsa,0.03894684091210365
taskonomy/denoising,encoder.layer3.0.relu,V3,test,sub-02,5919,538,rsa,0.01819397509098053
taskonomy/denoising,encoder.layer3.0.relu,V4,test,sub-02,5919,630,rsa,0.034084707498550415
taskonomy/denoising,encoder.layer3.0.relu,V3A,test,sub-02,5919,273,rsa,0.03897736594080925
taskonomy/denoising,encoder.layer3.0.relu,V3B,test,sub-02,5919,148,rsa,-0.015323268249630928
taskonomy/denoising,encoder.layer3.0.relu,V6,test,sub-02,5919,147,rsa,0.007270527072250843
taskonomy/denoising,encoder.layer3.0.relu,V6A,test,sub-02,5919,82,rsa,0.01391352154314518
taskonomy/denoising,encoder.layer3.0.relu,V7,test,sub-02,5919,88,rsa,-0.006150892004370689
taskonomy/denoising,encoder.layer3.0.relu,V8,test,sub-02,5919,105,rsa,-0.010733637027442455
taskonomy/denoising,encoder.layer3.0.relu,FFC,test,sub-02,5919,269,rsa,0.03198676556348801
taskonomy/denoising,encoder.layer3.0.relu,PIT,test,sub-02,5919,110,rsa,0.01871662214398384
taskonomy/denoising,encoder.layer3.0.relu,IPS1,test,sub-02,5919,212,rsa,0.027772923931479454
taskonomy/denoising,encoder.layer3.0.relu,MST,test,sub-02,5919,149,rsa,0.006837743334472179
taskonomy/denoising,encoder.layer3.0.relu,MT,test,sub-02,5919,99,rsa,0.019365252926945686
taskonomy/denoising,encoder.layer3.0.relu,FST,test,sub-02,5919,171,rsa,0.012069495394825935
taskonomy/denoising,encoder.layer3.0.relu,LO1,test,sub-02,5919,78,rsa,0.03171650320291519
taskonomy/denoising,encoder.layer3.0.relu,LO2,test,sub-02,5919,82,rsa,0.041740309447050095
taskonomy/denoising,encoder.layer3.0.relu,LO3,test,sub-02,5919,124,rsa,0.032672397792339325
taskonomy/denoising,encoder.layer3.0.relu,V7,test,sub-02,5919,88,rsa,-0.006150892004370689
taskonomy/denoising,encoder.layer3.0.relu,IP0,test,sub-02,5919,151,rsa,0.0315677672624588
taskonomy/denoising,encoder.layer3.0.relu,IP1,test,sub-02,5919,78,rsa,0.016282400116324425
taskonomy/denoising,encoder.layer3.0.relu,MIP,test,sub-02,5919,198,rsa,0.018289949744939804
taskonomy/denoising,encoder.layer3.0.relu,VIP,test,sub-02,5919,200,rsa,0.0038438625633716583
taskonomy/denoising,encoder.layer3.0.relu,LIPd,test,sub-02,5919,106,rsa,-0.015652690082788467
taskonomy/denoising,encoder.layer3.0.relu,LIPv,test,sub-02,5919,239,rsa,0.0048661623150110245
taskonomy/denoising,encoder.layer3.0.relu,AIP,test,sub-02,5919,381,rsa,0.024842239916324615
taskonomy/denoising,encoder.layer3.0.relu,7Pm,test,sub-02,5919,37,rsa,-0.005519299302250147
taskonomy/denoising,encoder.layer3.0.relu,7PL,test,sub-02,5919,38,rsa,-0.00044097937643527985
taskonomy/denoising,encoder.layer3.0.relu,7PC,test,sub-02,5919,234,rsa,-0.00014696083962917328
taskonomy/denoising,encoder.layer3.0.relu,7Am,test,sub-02,5919,232,rsa,0.018429983407258987
taskonomy/denoising,encoder.layer3.0.relu,7AL,test,sub-02,5919,259,rsa,0.00020346324890851974
taskonomy/denoising,encoder.layer3.0.relu,VVC,test,sub-02,5919,159,rsa,0.006516728550195694
taskonomy/denoising,encoder.layer3.0.relu,VMV2,test,sub-02,5919,124,rsa,0.02490050718188286
taskonomy/denoising,encoder.layer3.0.relu,VMV3,test,sub-02,5919,113,rsa,0.0533391572535038
taskonomy/denoising,encoder.layer3.0.relu,VMV1,test,sub-02,5919,84,rsa,-0.0035999566316604614
taskonomy/denoising,encoder.layer3.0.relu,PHA2,test,sub-02,5919,29,rsa,0.0023792842403054237
taskonomy/denoising,encoder.layer3.0.relu,PHA3,test,sub-02,5919,147,rsa,0.0006631640717387199
taskonomy/denoising,encoder.layer3.0.relu,PH,test,sub-02,5919,360,rsa,0.018841873854398727
taskonomy/denoising,encoder.layer3.1.relu,V1,test,sub-02,5919,435,rsa,0.06426381319761276
taskonomy/denoising,encoder.layer3.1.relu,V2,test,sub-02,5919,567,rsa,0.030797960236668587
taskonomy/denoising,encoder.layer3.1.relu,V3,test,sub-02,5919,538,rsa,0.009696572087705135
taskonomy/denoising,encoder.layer3.1.relu,V4,test,sub-02,5919,630,rsa,0.03661390393972397
taskonomy/denoising,encoder.layer3.1.relu,V3A,test,sub-02,5919,273,rsa,0.027597054839134216
taskonomy/denoising,encoder.layer3.1.relu,V3B,test,sub-02,5919,148,rsa,-0.02180202305316925
taskonomy/denoising,encoder.layer3.1.relu,V6,test,sub-02,5919,147,rsa,-4.3509528040885925e-05
taskonomy/denoising,encoder.layer3.1.relu,V6A,test,sub-02,5919,82,rsa,0.013419459573924541
taskonomy/denoising,encoder.layer3.1.relu,V7,test,sub-02,5919,88,rsa,-0.011482391506433487
taskonomy/denoising,encoder.layer3.1.relu,V8,test,sub-02,5919,105,rsa,-0.017521459609270096
taskonomy/denoising,encoder.layer3.1.relu,FFC,test,sub-02,5919,269,rsa,0.020828595384955406
taskonomy/denoising,encoder.layer3.1.relu,PIT,test,sub-02,5919,110,rsa,0.02245720475912094
taskonomy/denoising,encoder.layer3.1.relu,IPS1,test,sub-02,5919,212,rsa,0.024435171857476234
taskonomy/denoising,encoder.layer3.1.relu,MST,test,sub-02,5919,149,rsa,0.0008876584470272064
taskonomy/denoising,encoder.layer3.1.relu,MT,test,sub-02,5919,99,rsa,0.010965709574520588
taskonomy/denoising,encoder.layer3.1.relu,FST,test,sub-02,5919,171,rsa,0.016339711844921112
taskonomy/denoising,encoder.layer3.1.relu,LO1,test,sub-02,5919,78,rsa,0.02799091301858425
taskonomy/denoising,encoder.layer3.1.relu,LO2,test,sub-02,5919,82,rsa,0.03800008073449135
taskonomy/denoising,encoder.layer3.1.relu,LO3,test,sub-02,5919,124,rsa,0.02539747953414917
taskonomy/denoising,encoder.layer3.1.relu,V7,test,sub-02,5919,88,rsa,-0.011482391506433487
taskonomy/denoising,encoder.layer3.1.relu,IP0,test,sub-02,5919,151,rsa,0.02669335901737213
taskonomy/denoising,encoder.layer3.1.relu,IP1,test,sub-02,5919,78,rsa,0.017394760623574257
taskonomy/denoising,encoder.layer3.1.relu,MIP,test,sub-02,5919,198,rsa,0.01582188718020916
taskonomy/denoising,encoder.layer3.1.relu,VIP,test,sub-02,5919,200,rsa,0.002444883342832327
taskonomy/denoising,encoder.layer3.1.relu,LIPd,test,sub-02,5919,106,rsa,-0.014496257528662682
taskonomy/denoising,encoder.layer3.1.relu,LIPv,test,sub-02,5919,239,rsa,0.00025687413290143013
taskonomy/denoising,encoder.layer3.1.relu,AIP,test,sub-02,5919,381,rsa,0.01825162209570408
taskonomy/denoising,encoder.layer3.1.relu,7Pm,test,sub-02,5919,37,rsa,-0.004554096609354019
taskonomy/denoising,encoder.layer3.1.relu,7PL,test,sub-02,5919,38,rsa,0.003500141203403473
taskonomy/denoising,encoder.layer3.1.relu,7PC,test,sub-02,5919,234,rsa,-0.00013294536620378494
taskonomy/denoising,encoder.layer3.1.relu,7Am,test,sub-02,5919,232,rsa,0.017383692786097527
taskonomy/denoising,encoder.layer3.1.relu,7AL,test,sub-02,5919,259,rsa,-0.005451733246445656
taskonomy/denoising,encoder.layer3.1.relu,VVC,test,sub-02,5919,159,rsa,0.0009551560506224632
taskonomy/denoising,encoder.layer3.1.relu,VMV2,test,sub-02,5919,124,rsa,0.022738615050911903
taskonomy/denoising,encoder.layer3.1.relu,VMV3,test,sub-02,5919,113,rsa,0.04104606807231903
taskonomy/denoising,encoder.layer3.1.relu,VMV1,test,sub-02,5919,84,rsa,-0.0024482710286974907
taskonomy/denoising,encoder.layer3.1.relu,PHA2,test,sub-02,5919,29,rsa,-0.003695091465488076
taskonomy/denoising,encoder.layer3.1.relu,PHA3,test,sub-02,5919,147,rsa,-0.002696846378967166
taskonomy/denoising,encoder.layer3.1.relu,PH,test,sub-02,5919,360,rsa,0.022120296955108643
taskonomy/denoising,encoder.layer3.2.relu,V1,test,sub-02,5919,435,rsa,0.050906598567962646
taskonomy/denoising,encoder.layer3.2.relu,V2,test,sub-02,5919,567,rsa,0.02507926896214485
taskonomy/denoising,encoder.layer3.2.relu,V3,test,sub-02,5919,538,rsa,0.004356461111456156
taskonomy/denoising,encoder.layer3.2.relu,V4,test,sub-02,5919,630,rsa,0.034894201904535294
taskonomy/denoising,encoder.layer3.2.relu,V3A,test,sub-02,5919,273,rsa,0.02119515836238861
taskonomy/denoising,encoder.layer3.2.relu,V3B,test,sub-02,5919,148,rsa,-0.02571529522538185
taskonomy/denoising,encoder.layer3.2.relu,V6,test,sub-02,5919,147,rsa,-0.00398158747702837
taskonomy/denoising,encoder.layer3.2.relu,V6A,test,sub-02,5919,82,rsa,0.013198081403970718
taskonomy/denoising,encoder.layer3.2.relu,V7,test,sub-02,5919,88,rsa,-0.013288671150803566
taskonomy/denoising,encoder.layer3.2.relu,V8,test,sub-02,5919,105,rsa,-0.01959807425737381
taskonomy/denoising,encoder.layer3.2.relu,FFC,test,sub-02,5919,269,rsa,0.016177013516426086
taskonomy/denoising,encoder.layer3.2.relu,PIT,test,sub-02,5919,110,rsa,0.0219903402030468
taskonomy/denoising,encoder.layer3.2.relu,IPS1,test,sub-02,5919,212,rsa,0.023212693631649017
taskonomy/denoising,encoder.layer3.2.relu,MST,test,sub-02,5919,149,rsa,-0.0024448251351714134
taskonomy/denoising,encoder.layer3.2.relu,MT,test,sub-02,5919,99,rsa,0.005774905905127525
taskonomy/denoising,encoder.layer3.2.relu,FST,test,sub-02,5919,171,rsa,0.01630859449505806
taskonomy/denoising,encoder.layer3.2.relu,LO1,test,sub-02,5919,78,rsa,0.026155728846788406
taskonomy/denoising,encoder.layer3.2.relu,LO2,test,sub-02,5919,82,rsa,0.03486721217632294
taskonomy/denoising,encoder.layer3.2.relu,LO3,test,sub-02,5919,124,rsa,0.021630434319376945
taskonomy/denoising,encoder.layer3.2.relu,V7,test,sub-02,5919,88,rsa,-0.013288671150803566
taskonomy/denoising,encoder.layer3.2.relu,IP0,test,sub-02,5919,151,rsa,0.024321507662534714
taskonomy/denoising,encoder.layer3.2.relu,IP1,test,sub-02,5919,78,rsa,0.016564009711146355
taskonomy/denoising,encoder.layer3.2.relu,MIP,test,sub-02,5919,198,rsa,0.01253361813724041
taskonomy/denoising,encoder.layer3.2.relu,VIP,test,sub-02,5919,200,rsa,0.0007353629916906357
taskonomy/denoising,encoder.layer3.2.relu,LIPd,test,sub-02,5919,106,rsa,-0.012846180237829685
taskonomy/denoising,encoder.layer3.2.relu,LIPv,test,sub-02,5919,239,rsa,-0.002864802721887827
taskonomy/denoising,encoder.layer3.2.relu,AIP,test,sub-02,5919,381,rsa,0.01386655867099762
taskonomy/denoising,encoder.layer3.2.relu,7Pm,test,sub-02,5919,37,rsa,-0.0039051109924912453
taskonomy/denoising,encoder.layer3.2.relu,7PL,test,sub-02,5919,38,rsa,0.005460674874484539
taskonomy/denoising,encoder.layer3.2.relu,7PC,test,sub-02,5919,234,rsa,-0.0008048973977565765
taskonomy/denoising,encoder.layer3.2.relu,7Am,test,sub-02,5919,232,rsa,0.015536615625023842
taskonomy/denoising,encoder.layer3.2.relu,7AL,test,sub-02,5919,259,rsa,-0.0073771728202700615
taskonomy/denoising,encoder.layer3.2.relu,VVC,test,sub-02,5919,159,rsa,0.0003940630704164505
taskonomy/denoising,encoder.layer3.2.relu,VMV2,test,sub-02,5919,124,rsa,0.01959141343832016
taskonomy/denoising,encoder.layer3.2.relu,VMV3,test,sub-02,5919,113,rsa,0.03306395560503006
taskonomy/denoising,encoder.layer3.2.relu,VMV1,test,sub-02,5919,84,rsa,-0.0035728951916098595
taskonomy/denoising,encoder.layer3.2.relu,PHA2,test,sub-02,5919,29,rsa,-0.006303461268544197
taskonomy/denoising,encoder.layer3.2.relu,PHA3,test,sub-02,5919,147,rsa,-0.0029094198253005743
taskonomy/denoising,encoder.layer3.2.relu,PH,test,sub-02,5919,360,rsa,0.0216442309319973
taskonomy/denoising,encoder.layer3.3.relu,V1,test,sub-02,5919,435,rsa,0.04186003655195236
taskonomy/denoising,encoder.layer3.3.relu,V2,test,sub-02,5919,567,rsa,0.02160004898905754
taskonomy/denoising,encoder.layer3.3.relu,V3,test,sub-02,5919,538,rsa,0.0010774799156934023
taskonomy/denoising,encoder.layer3.3.relu,V4,test,sub-02,5919,630,rsa,0.033790286630392075
taskonomy/denoising,encoder.layer3.3.relu,V3A,test,sub-02,5919,273,rsa,0.01653905026614666
taskonomy/denoising,encoder.layer3.3.relu,V3B,test,sub-02,5919,148,rsa,-0.028099462389945984
taskonomy/denoising,encoder.layer3.3.relu,V6,test,sub-02,5919,147,rsa,-0.005730864126235247
taskonomy/denoising,encoder.layer3.3.relu,V6A,test,sub-02,5919,82,rsa,0.012922832742333412
taskonomy/denoising,encoder.layer3.3.relu,V7,test,sub-02,5919,88,rsa,-0.013612832874059677
taskonomy/denoising,encoder.layer3.3.relu,V8,test,sub-02,5919,105,rsa,-0.019711628556251526
taskonomy/denoising,encoder.layer3.3.relu,FFC,test,sub-02,5919,269,rsa,0.01226886548101902
taskonomy/denoising,encoder.layer3.3.relu,PIT,test,sub-02,5919,110,rsa,0.02163105458021164
taskonomy/denoising,encoder.layer3.3.relu,IPS1,test,sub-02,5919,212,rsa,0.02230966091156006
taskonomy/denoising,encoder.layer3.3.relu,MST,test,sub-02,5919,149,rsa,-0.0043090772815048695
taskonomy/denoising,encoder.layer3.3.relu,MT,test,sub-02,5919,99,rsa,0.003341793082654476
taskonomy/denoising,encoder.layer3.3.relu,FST,test,sub-02,5919,171,rsa,0.016891393810510635
taskonomy/denoising,encoder.layer3.3.relu,LO1,test,sub-02,5919,78,rsa,0.02404235117137432
taskonomy/denoising,encoder.layer3.3.relu,LO2,test,sub-02,5919,82,rsa,0.03234979882836342
taskonomy/denoising,encoder.layer3.3.relu,LO3,test,sub-02,5919,124,rsa,0.01921948604285717
taskonomy/denoising,encoder.layer3.3.relu,V7,test,sub-02,5919,88,rsa,-0.013612832874059677
taskonomy/denoising,encoder.layer3.3.relu,IP0,test,sub-02,5919,151,rsa,0.02248421125113964
taskonomy/denoising,encoder.layer3.3.relu,IP1,test,sub-02,5919,78,rsa,0.015705853700637817
taskonomy/denoising,encoder.layer3.3.relu,MIP,test,sub-02,5919,198,rsa,0.010439959354698658
taskonomy/denoising,encoder.layer3.3.relu,VIP,test,sub-02,5919,200,rsa,8.580577559769154e-05
taskonomy/denoising,encoder.layer3.3.relu,LIPd,test,sub-02,5919,106,rsa,-0.011576970107853413
taskonomy/denoising,encoder.layer3.3.relu,LIPv,test,sub-02,5919,239,rsa,-0.004829982295632362
taskonomy/denoising,encoder.layer3.3.relu,AIP,test,sub-02,5919,381,rsa,0.011532753705978394
taskonomy/denoising,encoder.layer3.3.relu,7Pm,test,sub-02,5919,37,rsa,-0.0032079345546662807
taskonomy/denoising,encoder.layer3.3.relu,7PL,test,sub-02,5919,38,rsa,0.006385941058397293
taskonomy/denoising,encoder.layer3.3.relu,7PC,test,sub-02,5919,234,rsa,-0.0010987743735313416
taskonomy/denoising,encoder.layer3.3.relu,7Am,test,sub-02,5919,232,rsa,0.014379540458321571
taskonomy/denoising,encoder.layer3.3.relu,7AL,test,sub-02,5919,259,rsa,-0.008903399109840393
taskonomy/denoising,encoder.layer3.3.relu,VVC,test,sub-02,5919,159,rsa,-0.0005895784124732018
taskonomy/denoising,encoder.layer3.3.relu,VMV2,test,sub-02,5919,124,rsa,0.018227210268378258
taskonomy/denoising,encoder.layer3.3.relu,VMV3,test,sub-02,5919,113,rsa,0.02781076543033123
taskonomy/denoising,encoder.layer3.3.relu,VMV1,test,sub-02,5919,84,rsa,-0.0038609569892287254
taskonomy/denoising,encoder.layer3.3.relu,PHA2,test,sub-02,5919,29,rsa,-0.008160730823874474
taskonomy/denoising,encoder.layer3.3.relu,PHA3,test,sub-02,5919,147,rsa,-0.0035633365623652935
taskonomy/denoising,encoder.layer3.3.relu,PH,test,sub-02,5919,360,rsa,0.02117583155632019
taskonomy/denoising,encoder.layer3.4.relu,V1,test,sub-02,5919,435,rsa,0.036072492599487305
taskonomy/denoising,encoder.layer3.4.relu,V2,test,sub-02,5919,567,rsa,0.01878383941948414
taskonomy/denoising,encoder.layer3.4.relu,V3,test,sub-02,5919,538,rsa,-0.0006696153432130814
taskonomy/denoising,encoder.layer3.4.relu,V4,test,sub-02,5919,630,rsa,0.03281164541840553
taskonomy/denoising,encoder.layer3.4.relu,V3A,test,sub-02,5919,273,rsa,0.013813154771924019
taskonomy/denoising,encoder.layer3.4.relu,V3B,test,sub-02,5919,148,rsa,-0.02992836758494377
taskonomy/denoising,encoder.layer3.4.relu,V6,test,sub-02,5919,147,rsa,-0.007352842949330807
taskonomy/denoising,encoder.layer3.4.relu,V6A,test,sub-02,5919,82,rsa,0.012723080813884735
taskonomy/denoising,encoder.layer3.4.relu,V7,test,sub-02,5919,88,rsa,-0.013711974024772644
taskonomy/denoising,encoder.layer3.4.relu,V8,test,sub-02,5919,105,rsa,-0.018440667539834976
taskonomy/denoising,encoder.layer3.4.relu,FFC,test,sub-02,5919,269,rsa,0.010571913793683052
taskonomy/denoising,encoder.layer3.4.relu,PIT,test,sub-02,5919,110,rsa,0.020991340279579163
taskonomy/denoising,encoder.layer3.4.relu,IPS1,test,sub-02,5919,212,rsa,0.021844657137989998
taskonomy/denoising,encoder.layer3.4.relu,MST,test,sub-02,5919,149,rsa,-0.005880527663975954
taskonomy/denoising,encoder.layer3.4.relu,MT,test,sub-02,5919,99,rsa,0.0014754123985767365
taskonomy/denoising,encoder.layer3.4.relu,FST,test,sub-02,5919,171,rsa,0.016314245760440826
taskonomy/denoising,encoder.layer3.4.relu,LO1,test,sub-02,5919,78,rsa,0.022228963673114777
taskonomy/denoising,encoder.layer3.4.relu,LO2,test,sub-02,5919,82,rsa,0.030108653008937836
taskonomy/denoising,encoder.layer3.4.relu,LO3,test,sub-02,5919,124,rsa,0.018147841095924377
taskonomy/denoising,encoder.layer3.4.relu,V7,test,sub-02,5919,88,rsa,-0.013711974024772644
taskonomy/denoising,encoder.layer3.4.relu,IP0,test,sub-02,5919,151,rsa,0.02108001708984375
taskonomy/denoising,encoder.layer3.4.relu,IP1,test,sub-02,5919,78,rsa,0.015059554018080235
taskonomy/denoising,encoder.layer3.4.relu,MIP,test,sub-02,5919,198,rsa,0.009117329493165016
taskonomy/denoising,encoder.layer3.4.relu,VIP,test,sub-02,5919,200,rsa,-0.0005302836652845144
taskonomy/denoising,encoder.layer3.4.relu,LIPd,test,sub-02,5919,106,rsa,-0.010801946744322777
taskonomy/denoising,encoder.layer3.4.relu,LIPv,test,sub-02,5919,239,rsa,-0.006013873498886824
taskonomy/denoising,encoder.layer3.4.relu,AIP,test,sub-02,5919,381,rsa,0.009187399409711361
taskonomy/denoising,encoder.layer3.4.relu,7Pm,test,sub-02,5919,37,rsa,-0.002996792085468769
taskonomy/denoising,encoder.layer3.4.relu,7PL,test,sub-02,5919,38,rsa,0.0067625464871525764
taskonomy/denoising,encoder.layer3.4.relu,7PC,test,sub-02,5919,234,rsa,-0.0014497991651296616
taskonomy/denoising,encoder.layer3.4.relu,7Am,test,sub-02,5919,232,rsa,0.013165883719921112
taskonomy/denoising,encoder.layer3.4.relu,7AL,test,sub-02,5919,259,rsa,-0.009938705712556839
taskonomy/denoising,encoder.layer3.4.relu,VVC,test,sub-02,5919,159,rsa,-0.0007427074015140533
taskonomy/denoising,encoder.layer3.4.relu,VMV2,test,sub-02,5919,124,rsa,0.017242485657334328
taskonomy/denoising,encoder.layer3.4.relu,VMV3,test,sub-02,5919,113,rsa,0.024388307705521584
taskonomy/denoising,encoder.layer3.4.relu,VMV1,test,sub-02,5919,84,rsa,-0.004379451274871826
taskonomy/denoising,encoder.layer3.4.relu,PHA2,test,sub-02,5919,29,rsa,-0.009329724125564098
taskonomy/denoising,encoder.layer3.4.relu,PHA3,test,sub-02,5919,147,rsa,-0.0035251998342573643
taskonomy/denoising,encoder.layer3.4.relu,PH,test,sub-02,5919,360,rsa,0.02013472095131874
taskonomy/denoising,encoder.layer3.5.relu,V1,test,sub-02,5919,435,rsa,0.03373349457979202
taskonomy/denoising,encoder.layer3.5.relu,V2,test,sub-02,5919,567,rsa,0.017900489270687103
taskonomy/denoising,encoder.layer3.5.relu,V3,test,sub-02,5919,538,rsa,-0.0011939515825361013
taskonomy/denoising,encoder.layer3.5.relu,V4,test,sub-02,5919,630,rsa,0.03305930271744728
taskonomy/denoising,encoder.layer3.5.relu,V3A,test,sub-02,5919,273,rsa,0.012623941525816917
taskonomy/denoising,encoder.layer3.5.relu,V3B,test,sub-02,5919,148,rsa,-0.03251844644546509
taskonomy/denoising,encoder.layer3.5.relu,V6,test,sub-02,5919,147,rsa,-0.008543994277715683
taskonomy/denoising,encoder.layer3.5.relu,V6A,test,sub-02,5919,82,rsa,0.01288597285747528
taskonomy/denoising,encoder.layer3.5.relu,V7,test,sub-02,5919,88,rsa,-0.011430810205638409
taskonomy/denoising,encoder.layer3.5.relu,V8,test,sub-02,5919,105,rsa,-0.013459376059472561
taskonomy/denoising,encoder.layer3.5.relu,FFC,test,sub-02,5919,269,rsa,0.009972543455660343
taskonomy/denoising,encoder.layer3.5.relu,PIT,test,sub-02,5919,110,rsa,0.020880822092294693
taskonomy/denoising,encoder.layer3.5.relu,IPS1,test,sub-02,5919,212,rsa,0.022574279457330704
taskonomy/denoising,encoder.layer3.5.relu,MST,test,sub-02,5919,149,rsa,-0.005993755534291267
taskonomy/denoising,encoder.layer3.5.relu,MT,test,sub-02,5919,99,rsa,0.001464612316340208
taskonomy/denoising,encoder.layer3.5.relu,FST,test,sub-02,5919,171,rsa,0.01664670929312706
taskonomy/denoising,encoder.layer3.5.relu,LO1,test,sub-02,5919,78,rsa,0.020323196426033974
taskonomy/denoising,encoder.layer3.5.relu,LO2,test,sub-02,5919,82,rsa,0.028662562370300293
taskonomy/denoising,encoder.layer3.5.relu,LO3,test,sub-02,5919,124,rsa,0.018760371953248978
taskonomy/denoising,encoder.layer3.5.relu,V7,test,sub-02,5919,88,rsa,-0.011430810205638409
taskonomy/denoising,encoder.layer3.5.relu,IP0,test,sub-02,5919,151,rsa,0.01942044124007225
taskonomy/denoising,encoder.layer3.5.relu,IP1,test,sub-02,5919,78,rsa,0.014724129810929298
taskonomy/denoising,encoder.layer3.5.relu,MIP,test,sub-02,5919,198,rsa,0.007860669866204262
taskonomy/denoising,encoder.layer3.5.relu,VIP,test,sub-02,5919,200,rsa,-0.0005134232342243195
taskonomy/denoising,encoder.layer3.5.relu,LIPd,test,sub-02,5919,106,rsa,-0.010504033416509628
taskonomy/denoising,encoder.layer3.5.relu,LIPv,test,sub-02,5919,239,rsa,-0.006133114453405142
taskonomy/denoising,encoder.layer3.5.relu,AIP,test,sub-02,5919,381,rsa,0.008108164183795452
taskonomy/denoising,encoder.layer3.5.relu,7Pm,test,sub-02,5919,37,rsa,-0.001939915120601654
taskonomy/denoising,encoder.layer3.5.relu,7PL,test,sub-02,5919,38,rsa,0.005943956784904003
taskonomy/denoising,encoder.layer3.5.relu,7PC,test,sub-02,5919,234,rsa,-0.0009749270975589752
taskonomy/denoising,encoder.layer3.5.relu,7Am,test,sub-02,5919,232,rsa,0.012570247054100037
taskonomy/denoising,encoder.layer3.5.relu,7AL,test,sub-02,5919,259,rsa,-0.01097840629518032
taskonomy/denoising,encoder.layer3.5.relu,VVC,test,sub-02,5919,159,rsa,-0.0011271149851381779
taskonomy/denoising,encoder.layer3.5.relu,VMV2,test,sub-02,5919,124,rsa,0.017044777050614357
taskonomy/denoising,encoder.layer3.5.relu,VMV3,test,sub-02,5919,113,rsa,0.019996028393507004
taskonomy/denoising,encoder.layer3.5.relu,VMV1,test,sub-02,5919,84,rsa,-0.0066887009888887405
taskonomy/denoising,encoder.layer3.5.relu,PHA2,test,sub-02,5919,29,rsa,-0.009922309778630733
taskonomy/denoising,encoder.layer3.5.relu,PHA3,test,sub-02,5919,147,rsa,-0.0028315733652561903
taskonomy/denoising,encoder.layer3.5.relu,PH,test,sub-02,5919,360,rsa,0.019839147105813026
taskonomy/denoising,encoder.layer4.0.relu,V1,test,sub-02,5919,435,rsa,0.10970477014780045
taskonomy/denoising,encoder.layer4.0.relu,V2,test,sub-02,5919,567,rsa,0.05707200616598129
taskonomy/denoising,encoder.layer4.0.relu,V3,test,sub-02,5919,538,rsa,0.019814176484942436
taskonomy/denoising,encoder.layer4.0.relu,V4,test,sub-02,5919,630,rsa,0.03285244107246399
taskonomy/denoising,encoder.layer4.0.relu,V3A,test,sub-02,5919,273,rsa,0.046702053397893906
taskonomy/denoising,encoder.layer4.0.relu,V3B,test,sub-02,5919,148,rsa,-0.002351666335016489
taskonomy/denoising,encoder.layer4.0.relu,V6,test,sub-02,5919,147,rsa,0.04124408960342407
taskonomy/denoising,encoder.layer4.0.relu,V6A,test,sub-02,5919,82,rsa,0.02948075532913208
taskonomy/denoising,encoder.layer4.0.relu,V7,test,sub-02,5919,88,rsa,0.00900306086987257
taskonomy/denoising,encoder.layer4.0.relu,V8,test,sub-02,5919,105,rsa,-0.0038746893405914307
taskonomy/denoising,encoder.layer4.0.relu,FFC,test,sub-02,5919,269,rsa,0.029962006956338882
taskonomy/denoising,encoder.layer4.0.relu,PIT,test,sub-02,5919,110,rsa,0.006084782537072897
taskonomy/denoising,encoder.layer4.0.relu,IPS1,test,sub-02,5919,212,rsa,0.026238558813929558
taskonomy/denoising,encoder.layer4.0.relu,MST,test,sub-02,5919,149,rsa,0.0173506923019886
taskonomy/denoising,encoder.layer4.0.relu,MT,test,sub-02,5919,99,rsa,0.024893954396247864
taskonomy/denoising,encoder.layer4.0.relu,FST,test,sub-02,5919,171,rsa,0.018841002136468887
taskonomy/denoising,encoder.layer4.0.relu,LO1,test,sub-02,5919,78,rsa,0.036134473979473114
taskonomy/denoising,encoder.layer4.0.relu,LO2,test,sub-02,5919,82,rsa,0.050952181220054626
taskonomy/denoising,encoder.layer4.0.relu,LO3,test,sub-02,5919,124,rsa,0.03636724501848221
taskonomy/denoising,encoder.layer4.0.relu,V7,test,sub-02,5919,88,rsa,0.00900306086987257
taskonomy/denoising,encoder.layer4.0.relu,IP0,test,sub-02,5919,151,rsa,0.02783931791782379
taskonomy/denoising,encoder.layer4.0.relu,IP1,test,sub-02,5919,78,rsa,0.01620260439813137
taskonomy/denoising,encoder.layer4.0.relu,MIP,test,sub-02,5919,198,rsa,0.016531862318515778
taskonomy/denoising,encoder.layer4.0.relu,VIP,test,sub-02,5919,200,rsa,0.02458895742893219
taskonomy/denoising,encoder.layer4.0.relu,LIPd,test,sub-02,5919,106,rsa,-0.007406843360513449
taskonomy/denoising,encoder.layer4.0.relu,LIPv,test,sub-02,5919,239,rsa,0.012979748658835888
taskonomy/denoising,encoder.layer4.0.relu,AIP,test,sub-02,5919,381,rsa,0.03893745318055153
taskonomy/denoising,encoder.layer4.0.relu,7Pm,test,sub-02,5919,37,rsa,-0.004664640408009291
taskonomy/denoising,encoder.layer4.0.relu,7PL,test,sub-02,5919,38,rsa,-0.005345867481082678
taskonomy/denoising,encoder.layer4.0.relu,7PC,test,sub-02,5919,234,rsa,-0.0009269919246435165
taskonomy/denoising,encoder.layer4.0.relu,7Am,test,sub-02,5919,232,rsa,0.02148505300283432
taskonomy/denoising,encoder.layer4.0.relu,7AL,test,sub-02,5919,259,rsa,0.027117328718304634
taskonomy/denoising,encoder.layer4.0.relu,VVC,test,sub-02,5919,159,rsa,0.0033627329394221306
taskonomy/denoising,encoder.layer4.0.relu,VMV2,test,sub-02,5919,124,rsa,0.019491009414196014
taskonomy/denoising,encoder.layer4.0.relu,VMV3,test,sub-02,5919,113,rsa,0.061053358018398285
taskonomy/denoising,encoder.layer4.0.relu,VMV1,test,sub-02,5919,84,rsa,0.011646819300949574
taskonomy/denoising,encoder.layer4.0.relu,PHA2,test,sub-02,5919,29,rsa,0.0068337516859173775
taskonomy/denoising,encoder.layer4.0.relu,PHA3,test,sub-02,5919,147,rsa,0.00039703305810689926
taskonomy/denoising,encoder.layer4.0.relu,PH,test,sub-02,5919,360,rsa,0.01861668936908245
taskonomy/denoising,encoder.layer4.1.relu,V1,test,sub-02,5919,435,rsa,0.08415982872247696
taskonomy/denoising,encoder.layer4.1.relu,V2,test,sub-02,5919,567,rsa,0.03151296451687813
taskonomy/denoising,encoder.layer4.1.relu,V3,test,sub-02,5919,538,rsa,0.0062071792781353
taskonomy/denoising,encoder.layer4.1.relu,V4,test,sub-02,5919,630,rsa,0.0441240556538105
taskonomy/denoising,encoder.layer4.1.relu,V3A,test,sub-02,5919,273,rsa,0.04278187453746796
taskonomy/denoising,encoder.layer4.1.relu,V3B,test,sub-02,5919,148,rsa,0.006655172444880009
taskonomy/denoising,encoder.layer4.1.relu,V6,test,sub-02,5919,147,rsa,0.05258077383041382
taskonomy/denoising,encoder.layer4.1.relu,V6A,test,sub-02,5919,82,rsa,0.028114978224039078
taskonomy/denoising,encoder.layer4.1.relu,V7,test,sub-02,5919,88,rsa,-0.001017505768686533
taskonomy/denoising,encoder.layer4.1.relu,V8,test,sub-02,5919,105,rsa,0.0029214713722467422
taskonomy/denoising,encoder.layer4.1.relu,FFC,test,sub-02,5919,269,rsa,0.019130077213048935
taskonomy/denoising,encoder.layer4.1.relu,PIT,test,sub-02,5919,110,rsa,-0.0030721700750291348
taskonomy/denoising,encoder.layer4.1.relu,IPS1,test,sub-02,5919,212,rsa,0.023480627685785294
taskonomy/denoising,encoder.layer4.1.relu,MST,test,sub-02,5919,149,rsa,0.006765197031199932
taskonomy/denoising,encoder.layer4.1.relu,MT,test,sub-02,5919,99,rsa,0.017477767542004585
taskonomy/denoising,encoder.layer4.1.relu,FST,test,sub-02,5919,171,rsa,0.007515271659940481
taskonomy/denoising,encoder.layer4.1.relu,LO1,test,sub-02,5919,78,rsa,0.03923261538147926
taskonomy/denoising,encoder.layer4.1.relu,LO2,test,sub-02,5919,82,rsa,0.05279964208602905
taskonomy/denoising,encoder.layer4.1.relu,LO3,test,sub-02,5919,124,rsa,0.02548583596944809
taskonomy/denoising,encoder.layer4.1.relu,V7,test,sub-02,5919,88,rsa,-0.001017505768686533
taskonomy/denoising,encoder.layer4.1.relu,IP0,test,sub-02,5919,151,rsa,0.030008303001523018
taskonomy/denoising,encoder.layer4.1.relu,IP1,test,sub-02,5919,78,rsa,0.015517214313149452
taskonomy/denoising,encoder.layer4.1.relu,MIP,test,sub-02,5919,198,rsa,0.014042431488633156
taskonomy/denoising,encoder.layer4.1.relu,VIP,test,sub-02,5919,200,rsa,0.02842426486313343
taskonomy/denoising,encoder.layer4.1.relu,LIPd,test,sub-02,5919,106,rsa,-0.00810508243739605
taskonomy/denoising,encoder.layer4.1.relu,LIPv,test,sub-02,5919,239,rsa,0.010911330580711365
taskonomy/denoising,encoder.layer4.1.relu,AIP,test,sub-02,5919,381,rsa,0.033437661826610565
taskonomy/denoising,encoder.layer4.1.relu,7Pm,test,sub-02,5919,37,rsa,-0.0076463306322693825
taskonomy/denoising,encoder.layer4.1.relu,7PL,test,sub-02,5919,38,rsa,-0.005570032633841038
taskonomy/denoising,encoder.layer4.1.relu,7PC,test,sub-02,5919,234,rsa,-0.007248936221003532
taskonomy/denoising,encoder.layer4.1.relu,7Am,test,sub-02,5919,232,rsa,0.01539812795817852
taskonomy/denoising,encoder.layer4.1.relu,7AL,test,sub-02,5919,259,rsa,0.041261233389377594
taskonomy/denoising,encoder.layer4.1.relu,VVC,test,sub-02,5919,159,rsa,-0.008577757515013218
taskonomy/denoising,encoder.layer4.1.relu,VMV2,test,sub-02,5919,124,rsa,0.013619116507470608
taskonomy/denoising,encoder.layer4.1.relu,VMV3,test,sub-02,5919,113,rsa,0.05528455227613449
taskonomy/denoising,encoder.layer4.1.relu,VMV1,test,sub-02,5919,84,rsa,0.01797378994524479
taskonomy/denoising,encoder.layer4.1.relu,PHA2,test,sub-02,5919,29,rsa,0.005340798757970333
taskonomy/denoising,encoder.layer4.1.relu,PHA3,test,sub-02,5919,147,rsa,-0.0018082140013575554
taskonomy/denoising,encoder.layer4.1.relu,PH,test,sub-02,5919,360,rsa,0.007994952611625195
taskonomy/denoising,encoder.layer4.2.relu,V1,test,sub-02,5919,435,rsa,0.06327618658542633
taskonomy/denoising,encoder.layer4.2.relu,V2,test,sub-02,5919,567,rsa,0.015720510855317116
taskonomy/denoising,encoder.layer4.2.relu,V3,test,sub-02,5919,538,rsa,-0.0009722043760120869
taskonomy/denoising,encoder.layer4.2.relu,V4,test,sub-02,5919,630,rsa,0.04374226555228233
taskonomy/denoising,encoder.layer4.2.relu,V3A,test,sub-02,5919,273,rsa,0.03840973600745201
taskonomy/denoising,encoder.layer4.2.relu,V3B,test,sub-02,5919,148,rsa,0.009532490745186806
taskonomy/denoising,encoder.layer4.2.relu,V6,test,sub-02,5919,147,rsa,0.057753127068281174
taskonomy/denoising,encoder.layer4.2.relu,V6A,test,sub-02,5919,82,rsa,0.02807685360312462
taskonomy/denoising,encoder.layer4.2.relu,V7,test,sub-02,5919,88,rsa,-0.0033139376901090145
taskonomy/denoising,encoder.layer4.2.relu,V8,test,sub-02,5919,105,rsa,0.00931492168456316
taskonomy/denoising,encoder.layer4.2.relu,FFC,test,sub-02,5919,269,rsa,0.01115446723997593
taskonomy/denoising,encoder.layer4.2.relu,PIT,test,sub-02,5919,110,rsa,-0.009093664586544037
taskonomy/denoising,encoder.layer4.2.relu,IPS1,test,sub-02,5919,212,rsa,0.020851872861385345
taskonomy/denoising,encoder.layer4.2.relu,MST,test,sub-02,5919,149,rsa,0.0006176732713356614
taskonomy/denoising,encoder.layer4.2.relu,MT,test,sub-02,5919,99,rsa,0.009282093495130539
taskonomy/denoising,encoder.layer4.2.relu,FST,test,sub-02,5919,171,rsa,-0.0016411468386650085
taskonomy/denoising,encoder.layer4.2.relu,LO1,test,sub-02,5919,78,rsa,0.039068855345249176
taskonomy/denoising,encoder.layer4.2.relu,LO2,test,sub-02,5919,82,rsa,0.04756719246506691
taskonomy/denoising,encoder.layer4.2.relu,LO3,test,sub-02,5919,124,rsa,0.0193835087120533
taskonomy/denoising,encoder.layer4.2.relu,V7,test,sub-02,5919,88,rsa,-0.0033139376901090145
taskonomy/denoising,encoder.layer4.2.relu,IP0,test,sub-02,5919,151,rsa,0.029769519343972206
taskonomy/denoising,encoder.layer4.2.relu,IP1,test,sub-02,5919,78,rsa,0.01400449126958847
taskonomy/denoising,encoder.layer4.2.relu,MIP,test,sub-02,5919,198,rsa,0.013373134657740593
taskonomy/denoising,encoder.layer4.2.relu,VIP,test,sub-02,5919,200,rsa,0.029075156897306442
taskonomy/denoising,encoder.layer4.2.relu,LIPd,test,sub-02,5919,106,rsa,-0.006786078680306673
taskonomy/denoising,encoder.layer4.2.relu,LIPv,test,sub-02,5919,239,rsa,0.009423207491636276
taskonomy/denoising,encoder.layer4.2.relu,AIP,test,sub-02,5919,381,rsa,0.0311744287610054
taskonomy/denoising,encoder.layer4.2.relu,7Pm,test,sub-02,5919,37,rsa,-0.009051194414496422
taskonomy/denoising,encoder.layer4.2.relu,7PL,test,sub-02,5919,38,rsa,-0.005043642595410347
taskonomy/denoising,encoder.layer4.2.relu,7PC,test,sub-02,5919,234,rsa,-0.00832209549844265
taskonomy/denoising,encoder.layer4.2.relu,7Am,test,sub-02,5919,232,rsa,0.01153593696653843
taskonomy/denoising,encoder.layer4.2.relu,7AL,test,sub-02,5919,259,rsa,0.04947437345981598
taskonomy/denoising,encoder.layer4.2.relu,VVC,test,sub-02,5919,159,rsa,-0.012225523591041565
taskonomy/denoising,encoder.layer4.2.relu,VMV2,test,sub-02,5919,124,rsa,0.010616201907396317
taskonomy/denoising,encoder.layer4.2.relu,VMV3,test,sub-02,5919,113,rsa,0.05085311084985733
taskonomy/denoising,encoder.layer4.2.relu,VMV1,test,sub-02,5919,84,rsa,0.021472737193107605
taskonomy/denoising,encoder.layer4.2.relu,PHA2,test,sub-02,5919,29,rsa,0.007722018752247095
taskonomy/denoising,encoder.layer4.2.relu,PHA3,test,sub-02,5919,147,rsa,-0.0029438426718115807
taskonomy/denoising,encoder.layer4.2.relu,PH,test,sub-02,5919,360,rsa,-0.001848217099905014
