model,layer,roi,split,subject,n_features_1_model,n_features_2_brain,metric,score
sub-04,V1,V1,train,sub-03,523,361,rsa,0.20178651809692383
sub-04,V1,V2,train,sub-03,523,525,rsa,0.18519467115402222
sub-04,V1,V3,train,sub-03,523,361,rsa,0.20767927169799805
sub-04,V1,V4,train,sub-03,523,555,rsa,0.17305786907672882
sub-04,V1,V3A,train,sub-03,523,198,rsa,0.059095971286296844
sub-04,V1,V3B,train,sub-03,523,149,rsa,0.06460525840520859
sub-04,V1,V6,train,sub-03,523,157,rsa,0.03387316316366196
sub-04,V1,V6A,train,sub-03,523,68,rsa,0.029666263610124588
sub-04,V1,V7,train,sub-03,523,88,rsa,0.040236227214336395
sub-04,V1,V8,train,sub-03,523,111,rsa,0.08251897245645523
sub-04,V1,FFC,train,sub-03,523,301,rsa,0.08133384585380554
sub-04,V1,PIT,train,sub-03,523,105,rsa,0.06665847450494766
sub-04,V1,IPS1,train,sub-03,523,123,rsa,0.02498459443449974
sub-04,V1,MST,train,sub-03,523,147,rsa,0.05744229629635811
sub-04,V1,MT,train,sub-03,523,98,rsa,0.07865283638238907
sub-04,V1,FST,train,sub-03,523,166,rsa,0.04033610224723816
sub-04,V1,LO1,train,sub-03,523,74,rsa,0.062083590775728226
sub-04,V1,LO2,train,sub-03,523,75,rsa,0.036999497562646866
sub-04,V1,LO3,train,sub-03,523,124,rsa,0.053569745272397995
sub-04,V1,V7,train,sub-03,523,88,rsa,0.040236227214336395
sub-04,V1,IP0,train,sub-03,523,110,rsa,0.027688398957252502
sub-04,V1,IP1,train,sub-03,523,17,rsa,0.0017222422175109386
sub-04,V1,MIP,train,sub-03,523,176,rsa,0.027610480785369873
sub-04,V1,VIP,train,sub-03,523,150,rsa,0.022853614762425423
sub-04,V1,LIPd,train,sub-03,523,22,rsa,0.005800335668027401
sub-04,V1,LIPv,train,sub-03,523,178,rsa,0.023454837501049042
sub-04,V1,AIP,train,sub-03,523,121,rsa,0.003368190722540021
sub-04,V1,7Pm,train,sub-03,523,23,rsa,0.007600836455821991
sub-04,V1,7PL,train,sub-03,523,32,rsa,0.01124752126634121
sub-04,V1,7PC,train,sub-03,523,241,rsa,0.00891177635639906
sub-04,V1,7Am,train,sub-03,523,115,rsa,0.007057492155581713
sub-04,V1,7AL,train,sub-03,523,210,rsa,0.007238199468702078
sub-04,V1,VVC,train,sub-03,523,185,rsa,0.03352304920554161
sub-04,V1,VMV2,train,sub-03,523,108,rsa,0.05502557009458542
sub-04,V1,VMV3,train,sub-03,523,111,rsa,0.05293850228190422
sub-04,V1,VMV1,train,sub-03,523,73,rsa,0.040882475674152374
sub-04,V1,PHA2,train,sub-03,523,17,rsa,0.007014344912022352
sub-04,V1,PHA3,train,sub-03,523,86,rsa,0.019688453525304794
sub-04,V1,PH,train,sub-03,523,280,rsa,0.04699764773249626
sub-04,V2,V1,train,sub-03,638,361,rsa,0.17226263880729675
sub-04,V2,V2,train,sub-03,638,525,rsa,0.22842513024806976
sub-04,V2,V3,train,sub-03,638,361,rsa,0.2445395588874817
sub-04,V2,V4,train,sub-03,638,555,rsa,0.18767866492271423
sub-04,V2,V3A,train,sub-03,638,198,rsa,0.07458748668432236
sub-04,V2,V3B,train,sub-03,638,149,rsa,0.0580398328602314
sub-04,V2,V6,train,sub-03,638,157,rsa,0.041195113211870193
sub-04,V2,V6A,train,sub-03,638,68,rsa,0.026685789227485657
sub-04,V2,V7,train,sub-03,638,88,rsa,0.03915208578109741
sub-04,V2,V8,train,sub-03,638,111,rsa,0.09078820794820786
sub-04,V2,FFC,train,sub-03,638,301,rsa,0.06859341263771057
sub-04,V2,PIT,train,sub-03,638,105,rsa,0.05591723695397377
sub-04,V2,IPS1,train,sub-03,638,123,rsa,0.02400892786681652
sub-04,V2,MST,train,sub-03,638,147,rsa,0.060564443469047546
sub-04,V2,MT,train,sub-03,638,98,rsa,0.07494691759347916
sub-04,V2,FST,train,sub-03,638,166,rsa,0.04037528112530708
sub-04,V2,LO1,train,sub-03,638,74,rsa,0.04920243099331856
sub-04,V2,LO2,train,sub-03,638,75,rsa,0.03400057554244995
sub-04,V2,LO3,train,sub-03,638,124,rsa,0.05437249690294266
sub-04,V2,V7,train,sub-03,638,88,rsa,0.03915208578109741
sub-04,V2,IP0,train,sub-03,638,110,rsa,0.025221578776836395
sub-04,V2,IP1,train,sub-03,638,17,rsa,0.0020277532748878
sub-04,V2,MIP,train,sub-03,638,176,rsa,0.032232534140348434
sub-04,V2,VIP,train,sub-03,638,150,rsa,0.01948964037001133
sub-04,V2,LIPd,train,sub-03,638,22,rsa,0.006595046725124121
sub-04,V2,LIPv,train,sub-03,638,178,rsa,0.02935239113867283
sub-04,V2,AIP,train,sub-03,638,121,rsa,0.0044395155273377895
sub-04,V2,7Pm,train,sub-03,638,23,rsa,0.010365228168666363
sub-04,V2,7PL,train,sub-03,638,32,rsa,0.015558247454464436
sub-04,V2,7PC,train,sub-03,638,241,rsa,0.007921847514808178
sub-04,V2,7Am,train,sub-03,638,115,rsa,0.007528324611485004
sub-04,V2,7AL,train,sub-03,638,210,rsa,0.007942695170640945
sub-04,V2,VVC,train,sub-03,638,185,rsa,0.02803090773522854
sub-04,V2,VMV2,train,sub-03,638,108,rsa,0.04864872619509697
sub-04,V2,VMV3,train,sub-03,638,111,rsa,0.044081367552280426
sub-04,V2,VMV1,train,sub-03,638,73,rsa,0.03916942700743675
sub-04,V2,PHA2,train,sub-03,638,17,rsa,0.005477213766425848
sub-04,V2,PHA3,train,sub-03,638,86,rsa,0.012739391066133976
sub-04,V2,PH,train,sub-03,638,280,rsa,0.04257412254810333
sub-04,V3,V1,train,sub-03,520,361,rsa,0.1594831347465515
sub-04,V3,V2,train,sub-03,520,525,rsa,0.18659383058547974
sub-04,V3,V3,train,sub-03,520,361,rsa,0.18926770985126495
sub-04,V3,V4,train,sub-03,520,555,rsa,0.18254072964191437
sub-04,V3,V3A,train,sub-03,520,198,rsa,0.08534427732229233
sub-04,V3,V3B,train,sub-03,520,149,rsa,0.06408622860908508
sub-04,V3,V6,train,sub-03,520,157,rsa,0.041037172079086304
sub-04,V3,V6A,train,sub-03,520,68,rsa,0.02722720243036747
sub-04,V3,V7,train,sub-03,520,88,rsa,0.049135077744722366
sub-04,V3,V8,train,sub-03,520,111,rsa,0.12090050429105759
sub-04,V3,FFC,train,sub-03,520,301,rsa,0.07878681272268295
sub-04,V3,PIT,train,sub-03,520,105,rsa,0.07630521059036255
sub-04,V3,IPS1,train,sub-03,520,123,rsa,0.022677231580018997
sub-04,V3,MST,train,sub-03,520,147,rsa,0.07042359560728073
sub-04,V3,MT,train,sub-03,520,98,rsa,0.10218837112188339
sub-04,V3,FST,train,sub-03,520,166,rsa,0.040383532643318176
sub-04,V3,LO1,train,sub-03,520,74,rsa,0.0573858916759491
sub-04,V3,LO2,train,sub-03,520,75,rsa,0.044195909053087234
sub-04,V3,LO3,train,sub-03,520,124,rsa,0.06361651420593262
sub-04,V3,V7,train,sub-03,520,88,rsa,0.049135077744722366
sub-04,V3,IP0,train,sub-03,520,110,rsa,0.026175308972597122
sub-04,V3,IP1,train,sub-03,520,17,rsa,0.003851991845294833
sub-04,V3,MIP,train,sub-03,520,176,rsa,0.035325996577739716
sub-04,V3,VIP,train,sub-03,520,150,rsa,0.02235276997089386
sub-04,V3,LIPd,train,sub-03,520,22,rsa,0.007588701322674751
sub-04,V3,LIPv,train,sub-03,520,178,rsa,0.027026502415537834
sub-04,V3,AIP,train,sub-03,520,121,rsa,0.002712349174544215
sub-04,V3,7Pm,train,sub-03,520,23,rsa,0.011174703948199749
sub-04,V3,7PL,train,sub-03,520,32,rsa,0.01506089884787798
sub-04,V3,7PC,train,sub-03,520,241,rsa,0.00970090925693512
sub-04,V3,7Am,train,sub-03,520,115,rsa,0.008106234483420849
sub-04,V3,7AL,train,sub-03,520,210,rsa,0.008720249868929386
sub-04,V3,VVC,train,sub-03,520,185,rsa,0.02989792637526989
sub-04,V3,VMV2,train,sub-03,520,108,rsa,0.05167672038078308
sub-04,V3,VMV3,train,sub-03,520,111,rsa,0.04885833337903023
sub-04,V3,VMV1,train,sub-03,520,73,rsa,0.039411820471286774
sub-04,V3,PHA2,train,sub-03,520,17,rsa,0.0071944259107112885
sub-04,V3,PHA3,train,sub-03,520,86,rsa,0.01584826409816742
sub-04,V3,PH,train,sub-03,520,280,rsa,0.04229649528861046
sub-04,V4,V1,train,sub-03,610,361,rsa,0.1689484715461731
sub-04,V4,V2,train,sub-03,610,525,rsa,0.19906088709831238
sub-04,V4,V3,train,sub-03,610,361,rsa,0.2625778913497925
sub-04,V4,V4,train,sub-03,610,555,rsa,0.2929379343986511
sub-04,V4,V3A,train,sub-03,610,198,rsa,0.09709564596414566
sub-04,V4,V3B,train,sub-03,610,149,rsa,0.10228075832128525
sub-04,V4,V6,train,sub-03,610,157,rsa,0.0529753677546978
sub-04,V4,V6A,train,sub-03,610,68,rsa,0.04565741494297981
sub-04,V4,V7,train,sub-03,610,88,rsa,0.07129892706871033
sub-04,V4,V8,train,sub-03,610,111,rsa,0.17901504039764404
sub-04,V4,FFC,train,sub-03,610,301,rsa,0.15298694372177124
sub-04,V4,PIT,train,sub-03,610,105,rsa,0.12884016335010529
sub-04,V4,IPS1,train,sub-03,610,123,rsa,0.034531861543655396
sub-04,V4,MST,train,sub-03,610,147,rsa,0.12330271303653717
sub-04,V4,MT,train,sub-03,610,98,rsa,0.15993860363960266
sub-04,V4,FST,train,sub-03,610,166,rsa,0.07123248279094696
sub-04,V4,LO1,train,sub-03,610,74,rsa,0.17211215198040009
sub-04,V4,LO2,train,sub-03,610,75,rsa,0.07818323373794556
sub-04,V4,LO3,train,sub-03,610,124,rsa,0.16905131936073303
sub-04,V4,V7,train,sub-03,610,88,rsa,0.07129892706871033
sub-04,V4,IP0,train,sub-03,610,110,rsa,0.03500552847981453
sub-04,V4,IP1,train,sub-03,610,17,rsa,0.007499116938561201
sub-04,V4,MIP,train,sub-03,610,176,rsa,0.05506663769483566
sub-04,V4,VIP,train,sub-03,610,150,rsa,0.04065839946269989
sub-04,V4,LIPd,train,sub-03,610,22,rsa,0.0071294852532446384
sub-04,V4,LIPv,train,sub-03,610,178,rsa,0.038696322590112686
sub-04,V4,AIP,train,sub-03,610,121,rsa,0.005540969781577587
sub-04,V4,7Pm,train,sub-03,610,23,rsa,0.01888303831219673
sub-04,V4,7PL,train,sub-03,610,32,rsa,0.01407284289598465
sub-04,V4,7PC,train,sub-03,610,241,rsa,0.01015353575348854
sub-04,V4,7Am,train,sub-03,610,115,rsa,0.015747925266623497
sub-04,V4,7AL,train,sub-03,610,210,rsa,0.02061869390308857
sub-04,V4,VVC,train,sub-03,610,185,rsa,0.06388172507286072
sub-04,V4,VMV2,train,sub-03,610,108,rsa,0.12505877017974854
sub-04,V4,VMV3,train,sub-03,610,111,rsa,0.0926039069890976
sub-04,V4,VMV1,train,sub-03,610,73,rsa,0.08640711009502411
sub-04,V4,PHA2,train,sub-03,610,17,rsa,0.014149565249681473
sub-04,V4,PHA3,train,sub-03,610,86,rsa,0.0410832017660141
sub-04,V4,PH,train,sub-03,610,280,rsa,0.12358066439628601
sub-04,V3A,V1,train,sub-03,232,361,rsa,0.05484946072101593
sub-04,V3A,V2,train,sub-03,232,525,rsa,0.11775694787502289
sub-04,V3A,V3,train,sub-03,232,361,rsa,0.10828614979982376
sub-04,V3A,V4,train,sub-03,232,555,rsa,0.07281380891799927
sub-04,V3A,V3A,train,sub-03,232,198,rsa,0.0759928822517395
sub-04,V3A,V3B,train,sub-03,232,149,rsa,0.030153697356581688
sub-04,V3A,V6,train,sub-03,232,157,rsa,0.04688124358654022
sub-04,V3A,V6A,train,sub-03,232,68,rsa,0.021820735186338425
sub-04,V3A,V7,train,sub-03,232,88,rsa,0.034658271819353104
sub-04,V3A,V8,train,sub-03,232,111,rsa,0.07055376470088959
sub-04,V3A,FFC,train,sub-03,232,301,rsa,0.048131801187992096
sub-04,V3A,PIT,train,sub-03,232,105,rsa,0.045065879821777344
sub-04,V3A,IPS1,train,sub-03,232,123,rsa,0.013399225659668446
sub-04,V3A,MST,train,sub-03,232,147,rsa,0.040899332612752914
sub-04,V3A,MT,train,sub-03,232,98,rsa,0.042784687131643295
sub-04,V3A,FST,train,sub-03,232,166,rsa,0.03484773263335228
sub-04,V3A,LO1,train,sub-03,232,74,rsa,0.04059142991900444
sub-04,V3A,LO2,train,sub-03,232,75,rsa,0.021787216886878014
sub-04,V3A,LO3,train,sub-03,232,124,rsa,0.04469379782676697
sub-04,V3A,V7,train,sub-03,232,88,rsa,0.034658271819353104
sub-04,V3A,IP0,train,sub-03,232,110,rsa,0.03187089413404465
sub-04,V3A,IP1,train,sub-03,232,17,rsa,0.0012773311464115977
sub-04,V3A,MIP,train,sub-03,232,176,rsa,0.013292231597006321
sub-04,V3A,VIP,train,sub-03,232,150,rsa,0.0197776947170496
sub-04,V3A,LIPd,train,sub-03,232,22,rsa,0.00609923992305994
sub-04,V3A,LIPv,train,sub-03,232,178,rsa,0.017328813672065735
sub-04,V3A,AIP,train,sub-03,232,121,rsa,0.01046496070921421
sub-04,V3A,7Pm,train,sub-03,232,23,rsa,0.0035435915924608707
sub-04,V3A,7PL,train,sub-03,232,32,rsa,0.018106307834386826
sub-04,V3A,7PC,train,sub-03,232,241,rsa,0.010828783735632896
sub-04,V3A,7Am,train,sub-03,232,115,rsa,0.009949424304068089
sub-04,V3A,7AL,train,sub-03,232,210,rsa,0.014824301935732365
sub-04,V3A,VVC,train,sub-03,232,185,rsa,0.023034323006868362
sub-04,V3A,VMV2,train,sub-03,232,108,rsa,0.036517638713121414
sub-04,V3A,VMV3,train,sub-03,232,111,rsa,0.03418857231736183
sub-04,V3A,VMV1,train,sub-03,232,73,rsa,0.02507421374320984
sub-04,V3A,PHA2,train,sub-03,232,17,rsa,0.0029717686120420694
sub-04,V3A,PHA3,train,sub-03,232,86,rsa,0.0063941460102796555
sub-04,V3A,PH,train,sub-03,232,280,rsa,0.03114447370171547
sub-04,V3B,V1,train,sub-03,150,361,rsa,0.06275706738233566
sub-04,V3B,V2,train,sub-03,150,525,rsa,0.07734578847885132
sub-04,V3B,V3,train,sub-03,150,361,rsa,0.0889480710029602
sub-04,V3B,V4,train,sub-03,150,555,rsa,0.14032942056655884
sub-04,V3B,V3A,train,sub-03,150,198,rsa,0.11830858886241913
sub-04,V3B,V3B,train,sub-03,150,149,rsa,0.07792748510837555
sub-04,V3B,V6,train,sub-03,150,157,rsa,0.06534422934055328
sub-04,V3B,V6A,train,sub-03,150,68,rsa,0.09830892086029053
sub-04,V3B,V7,train,sub-03,150,88,rsa,0.055126164108514786
sub-04,V3B,V8,train,sub-03,150,111,rsa,0.07891016453504562
sub-04,V3B,FFC,train,sub-03,150,301,rsa,0.08403974771499634
sub-04,V3B,PIT,train,sub-03,150,105,rsa,0.06377873569726944
sub-04,V3B,IPS1,train,sub-03,150,123,rsa,0.05140921100974083
sub-04,V3B,MST,train,sub-03,150,147,rsa,0.0830325037240982
sub-04,V3B,MT,train,sub-03,150,98,rsa,0.06511092931032181
sub-04,V3B,FST,train,sub-03,150,166,rsa,0.04634914919734001
sub-04,V3B,LO1,train,sub-03,150,74,rsa,0.09550575911998749
sub-04,V3B,LO2,train,sub-03,150,75,rsa,0.04670504853129387
sub-04,V3B,LO3,train,sub-03,150,124,rsa,0.0809851735830307
sub-04,V3B,V7,train,sub-03,150,88,rsa,0.055126164108514786
sub-04,V3B,IP0,train,sub-03,150,110,rsa,0.06558575481176376
sub-04,V3B,IP1,train,sub-03,150,17,rsa,0.005651253275573254
sub-04,V3B,MIP,train,sub-03,150,176,rsa,0.030172225087881088
sub-04,V3B,VIP,train,sub-03,150,150,rsa,0.049926742911338806
sub-04,V3B,LIPd,train,sub-03,150,22,rsa,0.005802360363304615
sub-04,V3B,LIPv,train,sub-03,150,178,rsa,0.033900436013936996
sub-04,V3B,AIP,train,sub-03,150,121,rsa,0.007471625227481127
sub-04,V3B,7Pm,train,sub-03,150,23,rsa,0.007416084408760071
sub-04,V3B,7PL,train,sub-03,150,32,rsa,0.020661059767007828
sub-04,V3B,7PC,train,sub-03,150,241,rsa,0.015269200317561626
sub-04,V3B,7Am,train,sub-03,150,115,rsa,0.019217628985643387
sub-04,V3B,7AL,train,sub-03,150,210,rsa,0.04196038842201233
sub-04,V3B,VVC,train,sub-03,150,185,rsa,0.06312357634305954
sub-04,V3B,VMV2,train,sub-03,150,108,rsa,0.12595117092132568
sub-04,V3B,VMV3,train,sub-03,150,111,rsa,0.13457749783992767
sub-04,V3B,VMV1,train,sub-03,150,73,rsa,0.07125122845172882
sub-04,V3B,PHA2,train,sub-03,150,17,rsa,0.031758423894643784
sub-04,V3B,PHA3,train,sub-03,150,86,rsa,0.053622689098119736
sub-04,V3B,PH,train,sub-03,150,280,rsa,0.03940470889210701
sub-04,V6,V1,train,sub-03,58,361,rsa,0.010710910893976688
sub-04,V6,V2,train,sub-03,58,525,rsa,0.016588112339377403
sub-04,V6,V3,train,sub-03,58,361,rsa,0.014453704468905926
sub-04,V6,V4,train,sub-03,58,555,rsa,0.024266719818115234
sub-04,V6,V3A,train,sub-03,58,198,rsa,0.020166318863630295
sub-04,V6,V3B,train,sub-03,58,149,rsa,0.01557117234915495
sub-04,V6,V6,train,sub-03,58,157,rsa,0.027536263689398766
sub-04,V6,V6A,train,sub-03,58,68,rsa,0.011084405705332756
sub-04,V6,V7,train,sub-03,58,88,rsa,0.01001604925841093
sub-04,V6,V8,train,sub-03,58,111,rsa,0.025356292724609375
sub-04,V6,FFC,train,sub-03,58,301,rsa,0.020827537402510643
sub-04,V6,PIT,train,sub-03,58,105,rsa,0.011682543903589249
sub-04,V6,IPS1,train,sub-03,58,123,rsa,0.006451522000133991
sub-04,V6,MST,train,sub-03,58,147,rsa,0.03896758332848549
sub-04,V6,MT,train,sub-03,58,98,rsa,0.03166363760828972
sub-04,V6,FST,train,sub-03,58,166,rsa,0.0202731154859066
sub-04,V6,LO1,train,sub-03,58,74,rsa,0.024811699986457825
sub-04,V6,LO2,train,sub-03,58,75,rsa,0.012932531535625458
sub-04,V6,LO3,train,sub-03,58,124,rsa,0.03303814306855202
sub-04,V6,V7,train,sub-03,58,88,rsa,0.01001604925841093
sub-04,V6,IP0,train,sub-03,58,110,rsa,0.00751647911965847
sub-04,V6,IP1,train,sub-03,58,17,rsa,-0.000329195405356586
sub-04,V6,MIP,train,sub-03,58,176,rsa,0.013193816877901554
sub-04,V6,VIP,train,sub-03,58,150,rsa,0.005667502526193857
sub-04,V6,LIPd,train,sub-03,58,22,rsa,9.967744699679315e-05
sub-04,V6,LIPv,train,sub-03,58,178,rsa,0.008579702116549015
sub-04,V6,AIP,train,sub-03,58,121,rsa,0.0010270146885886788
sub-04,V6,7Pm,train,sub-03,58,23,rsa,0.009171375073492527
sub-04,V6,7PL,train,sub-03,58,32,rsa,0.004763033706694841
sub-04,V6,7PC,train,sub-03,58,241,rsa,0.002163930097594857
sub-04,V6,7Am,train,sub-03,58,115,rsa,0.0024094702675938606
sub-04,V6,7AL,train,sub-03,58,210,rsa,0.0028682167176157236
sub-04,V6,VVC,train,sub-03,58,185,rsa,0.018455255776643753
sub-04,V6,VMV2,train,sub-03,58,108,rsa,0.02515089325606823
sub-04,V6,VMV3,train,sub-03,58,111,rsa,0.011834823526442051
sub-04,V6,VMV1,train,sub-03,58,73,rsa,0.029427312314510345
sub-04,V6,PHA2,train,sub-03,58,17,rsa,0.0034823536407202482
sub-04,V6,PHA3,train,sub-03,58,86,rsa,0.0049612740986049175
sub-04,V6,PH,train,sub-03,58,280,rsa,0.016727546229958534
sub-04,V6A,V1,train,sub-03,38,361,rsa,0.031696438789367676
sub-04,V6A,V2,train,sub-03,38,525,rsa,0.043900564312934875
sub-04,V6A,V3,train,sub-03,38,361,rsa,0.037621740251779556
sub-04,V6A,V4,train,sub-03,38,555,rsa,0.04213716462254524
sub-04,V6A,V3A,train,sub-03,38,198,rsa,0.06066679581999779
sub-04,V6A,V3B,train,sub-03,38,149,rsa,0.03181145712733269
sub-04,V6A,V6,train,sub-03,38,157,rsa,0.03438778594136238
sub-04,V6A,V6A,train,sub-03,38,68,rsa,0.0611698217689991
sub-04,V6A,V7,train,sub-03,38,88,rsa,0.04528246819972992
sub-04,V6A,V8,train,sub-03,38,111,rsa,0.03574618324637413
sub-04,V6A,FFC,train,sub-03,38,301,rsa,0.030585262924432755
sub-04,V6A,PIT,train,sub-03,38,105,rsa,0.029003914445638657
sub-04,V6A,IPS1,train,sub-03,38,123,rsa,0.027846477925777435
sub-04,V6A,MST,train,sub-03,38,147,rsa,0.04160201922059059
sub-04,V6A,MT,train,sub-03,38,98,rsa,0.04618826508522034
sub-04,V6A,FST,train,sub-03,38,166,rsa,0.031775034964084625
sub-04,V6A,LO1,train,sub-03,38,74,rsa,0.04412928968667984
sub-04,V6A,LO2,train,sub-03,38,75,rsa,0.01813562773168087
sub-04,V6A,LO3,train,sub-03,38,124,rsa,0.04908803105354309
sub-04,V6A,V7,train,sub-03,38,88,rsa,0.04528246819972992
sub-04,V6A,IP0,train,sub-03,38,110,rsa,0.035975970327854156
sub-04,V6A,IP1,train,sub-03,38,17,rsa,0.0023246463388204575
sub-04,V6A,MIP,train,sub-03,38,176,rsa,0.015280427411198616
sub-04,V6A,VIP,train,sub-03,38,150,rsa,0.023427689447999
sub-04,V6A,LIPd,train,sub-03,38,22,rsa,0.006660866551101208
sub-04,V6A,LIPv,train,sub-03,38,178,rsa,0.02129039727151394
sub-04,V6A,AIP,train,sub-03,38,121,rsa,0.009258856065571308
sub-04,V6A,7Pm,train,sub-03,38,23,rsa,0.004257832188159227
sub-04,V6A,7PL,train,sub-03,38,32,rsa,0.00774786714464426
sub-04,V6A,7PC,train,sub-03,38,241,rsa,0.01433108001947403
sub-04,V6A,7Am,train,sub-03,38,115,rsa,0.01139913871884346
sub-04,V6A,7AL,train,sub-03,38,210,rsa,0.0245700441300869
sub-04,V6A,VVC,train,sub-03,38,185,rsa,0.028047636151313782
sub-04,V6A,VMV2,train,sub-03,38,108,rsa,0.04026265814900398
sub-04,V6A,VMV3,train,sub-03,38,111,rsa,0.039389871060848236
sub-04,V6A,VMV1,train,sub-03,38,73,rsa,0.030241813510656357
sub-04,V6A,PHA2,train,sub-03,38,17,rsa,0.011800630949437618
sub-04,V6A,PHA3,train,sub-03,38,86,rsa,0.016025453805923462
sub-04,V6A,PH,train,sub-03,38,280,rsa,0.017479058355093002
sub-04,V7,V1,train,sub-03,77,361,rsa,0.03203849121928215
sub-04,V7,V2,train,sub-03,77,525,rsa,0.04794730618596077
sub-04,V7,V3,train,sub-03,77,361,rsa,0.04616716131567955
sub-04,V7,V4,train,sub-03,77,555,rsa,0.06761816889047623
sub-04,V7,V3A,train,sub-03,77,198,rsa,0.12022390216588974
sub-04,V7,V3B,train,sub-03,77,149,rsa,0.05059558153152466
sub-04,V7,V6,train,sub-03,77,157,rsa,0.046324051916599274
sub-04,V7,V6A,train,sub-03,77,68,rsa,0.06898773461580276
sub-04,V7,V7,train,sub-03,77,88,rsa,0.0799441710114479
sub-04,V7,V8,train,sub-03,77,111,rsa,0.04581266641616821
sub-04,V7,FFC,train,sub-03,77,301,rsa,0.03202271834015846
sub-04,V7,PIT,train,sub-03,77,105,rsa,0.025923525914549828
sub-04,V7,IPS1,train,sub-03,77,123,rsa,0.02718016318976879
sub-04,V7,MST,train,sub-03,77,147,rsa,0.0734536424279213
sub-04,V7,MT,train,sub-03,77,98,rsa,0.07402902096509933
sub-04,V7,FST,train,sub-03,77,166,rsa,0.04493177309632301
sub-04,V7,LO1,train,sub-03,77,74,rsa,0.05158801004290581
sub-04,V7,LO2,train,sub-03,77,75,rsa,0.025091150775551796
sub-04,V7,LO3,train,sub-03,77,124,rsa,0.061966974288225174
sub-04,V7,V7,train,sub-03,77,88,rsa,0.0799441710114479
sub-04,V7,IP0,train,sub-03,77,110,rsa,0.04388204216957092
sub-04,V7,IP1,train,sub-03,77,17,rsa,0.0010368535295128822
sub-04,V7,MIP,train,sub-03,77,176,rsa,0.015720345079898834
sub-04,V7,VIP,train,sub-03,77,150,rsa,0.02556898444890976
sub-04,V7,LIPd,train,sub-03,77,22,rsa,0.013258063234388828
sub-04,V7,LIPv,train,sub-03,77,178,rsa,0.026756836101412773
sub-04,V7,AIP,train,sub-03,77,121,rsa,0.0136684849858284
sub-04,V7,7Pm,train,sub-03,77,23,rsa,0.003901776857674122
sub-04,V7,7PL,train,sub-03,77,32,rsa,0.012517226859927177
sub-04,V7,7PC,train,sub-03,77,241,rsa,0.021071823313832283
sub-04,V7,7Am,train,sub-03,77,115,rsa,0.007124054711312056
sub-04,V7,7AL,train,sub-03,77,210,rsa,0.022235920652747154
sub-04,V7,VVC,train,sub-03,77,185,rsa,0.023105014115571976
sub-04,V7,VMV2,train,sub-03,77,108,rsa,0.044403720647096634
sub-04,V7,VMV3,train,sub-03,77,111,rsa,0.039328429847955704
sub-04,V7,VMV1,train,sub-03,77,73,rsa,0.040729280561208725
sub-04,V7,PHA2,train,sub-03,77,17,rsa,0.008190497756004333
sub-04,V7,PHA3,train,sub-03,77,86,rsa,0.015408475883305073
sub-04,V7,PH,train,sub-03,77,280,rsa,0.02153193950653076
sub-04,V8,V1,train,sub-03,111,361,rsa,0.07415176928043365
sub-04,V8,V2,train,sub-03,111,525,rsa,0.1068212017416954
sub-04,V8,V3,train,sub-03,111,361,rsa,0.10724101960659027
sub-04,V8,V4,train,sub-03,111,555,rsa,0.1846374273300171
sub-04,V8,V3A,train,sub-03,111,198,rsa,0.08022584021091461
sub-04,V8,V3B,train,sub-03,111,149,rsa,0.0799701139330864
sub-04,V8,V6,train,sub-03,111,157,rsa,0.050414372235536575
sub-04,V8,V6A,train,sub-03,111,68,rsa,0.03586983308196068
sub-04,V8,V7,train,sub-03,111,88,rsa,0.05304921418428421
sub-04,V8,V8,train,sub-03,111,111,rsa,0.19588564336299896
sub-04,V8,FFC,train,sub-03,111,301,rsa,0.16077984869480133
sub-04,V8,PIT,train,sub-03,111,105,rsa,0.09910453855991364
sub-04,V8,IPS1,train,sub-03,111,123,rsa,0.027812454849481583
sub-04,V8,MST,train,sub-03,111,147,rsa,0.0875699445605278
sub-04,V8,MT,train,sub-03,111,98,rsa,0.11512846499681473
sub-04,V8,FST,train,sub-03,111,166,rsa,0.047117430716753006
sub-04,V8,LO1,train,sub-03,111,74,rsa,0.10794652253389359
sub-04,V8,LO2,train,sub-03,111,75,rsa,0.05230453982949257
sub-04,V8,LO3,train,sub-03,111,124,rsa,0.11347219347953796
sub-04,V8,V7,train,sub-03,111,88,rsa,0.05304921418428421
sub-04,V8,IP0,train,sub-03,111,110,rsa,0.03247411921620369
sub-04,V8,IP1,train,sub-03,111,17,rsa,0.012509465217590332
sub-04,V8,MIP,train,sub-03,111,176,rsa,0.06153198331594467
sub-04,V8,VIP,train,sub-03,111,150,rsa,0.027623411267995834
sub-04,V8,LIPd,train,sub-03,111,22,rsa,0.00942184031009674
sub-04,V8,LIPv,train,sub-03,111,178,rsa,0.037132628262043
sub-04,V8,AIP,train,sub-03,111,121,rsa,0.0005291010020300746
sub-04,V8,7Pm,train,sub-03,111,23,rsa,0.02310727722942829
sub-04,V8,7PL,train,sub-03,111,32,rsa,0.007842875085771084
sub-04,V8,7PC,train,sub-03,111,241,rsa,0.006006200332194567
sub-04,V8,7Am,train,sub-03,111,115,rsa,0.011773714795708656
sub-04,V8,7AL,train,sub-03,111,210,rsa,0.012710802257061005
sub-04,V8,VVC,train,sub-03,111,185,rsa,0.06040193885564804
sub-04,V8,VMV2,train,sub-03,111,108,rsa,0.11042136698961258
sub-04,V8,VMV3,train,sub-03,111,111,rsa,0.09038328379392624
sub-04,V8,VMV1,train,sub-03,111,73,rsa,0.07742319256067276
sub-04,V8,PHA2,train,sub-03,111,17,rsa,0.01044276263564825
sub-04,V8,PHA3,train,sub-03,111,86,rsa,0.0345362089574337
sub-04,V8,PH,train,sub-03,111,280,rsa,0.11118200421333313
sub-04,FFC,V1,train,sub-03,312,361,rsa,0.05993117019534111
sub-04,FFC,V2,train,sub-03,312,525,rsa,0.05197123438119888
sub-04,FFC,V3,train,sub-03,312,361,rsa,0.07289275527000427
sub-04,FFC,V4,train,sub-03,312,555,rsa,0.12723572552204132
sub-04,FFC,V3A,train,sub-03,312,198,rsa,0.06507391482591629
sub-04,FFC,V3B,train,sub-03,312,149,rsa,0.05503466725349426
sub-04,FFC,V6,train,sub-03,312,157,rsa,0.0806197002530098
sub-04,FFC,V6A,train,sub-03,312,68,rsa,0.06095431372523308
sub-04,FFC,V7,train,sub-03,312,88,rsa,0.06466280668973923
sub-04,FFC,V8,train,sub-03,312,111,rsa,0.10851438343524933
sub-04,FFC,FFC,train,sub-03,312,301,rsa,0.19103361666202545
sub-04,FFC,PIT,train,sub-03,312,105,rsa,0.12713661789894104
sub-04,FFC,IPS1,train,sub-03,312,123,rsa,0.04133625701069832
sub-04,FFC,MST,train,sub-03,312,147,rsa,0.17979788780212402
sub-04,FFC,MT,train,sub-03,312,98,rsa,0.21237339079380035
sub-04,FFC,FST,train,sub-03,312,166,rsa,0.135336235165596
sub-04,FFC,LO1,train,sub-03,312,74,rsa,0.20006853342056274
sub-04,FFC,LO2,train,sub-03,312,75,rsa,0.14236575365066528
sub-04,FFC,LO3,train,sub-03,312,124,rsa,0.20859238505363464
sub-04,FFC,V7,train,sub-03,312,88,rsa,0.06466280668973923
sub-04,FFC,IP0,train,sub-03,312,110,rsa,0.04884421452879906
sub-04,FFC,IP1,train,sub-03,312,17,rsa,0.004797511268407106
sub-04,FFC,MIP,train,sub-03,312,176,rsa,0.055056244134902954
sub-04,FFC,VIP,train,sub-03,312,150,rsa,0.027734272181987762
sub-04,FFC,LIPd,train,sub-03,312,22,rsa,0.0204280074685812
sub-04,FFC,LIPv,train,sub-03,312,178,rsa,0.04711548238992691
sub-04,FFC,AIP,train,sub-03,312,121,rsa,0.014334349893033504
sub-04,FFC,7Pm,train,sub-03,312,23,rsa,0.028598781675100327
sub-04,FFC,7PL,train,sub-03,312,32,rsa,0.019300948828458786
sub-04,FFC,7PC,train,sub-03,312,241,rsa,0.013809282332658768
sub-04,FFC,7Am,train,sub-03,312,115,rsa,0.019778406247496605
sub-04,FFC,7AL,train,sub-03,312,210,rsa,0.02517896145582199
sub-04,FFC,VVC,train,sub-03,312,185,rsa,0.1093655377626419
sub-04,FFC,VMV2,train,sub-03,312,108,rsa,0.13475270569324493
sub-04,FFC,VMV3,train,sub-03,312,111,rsa,0.07801277935504913
sub-04,FFC,VMV1,train,sub-03,312,73,rsa,0.13274115324020386
sub-04,FFC,PHA2,train,sub-03,312,17,rsa,0.03057403303682804
sub-04,FFC,PHA3,train,sub-03,312,86,rsa,0.054582349956035614
sub-04,FFC,PH,train,sub-03,312,280,rsa,0.23295223712921143
sub-04,PIT,V1,train,sub-03,118,361,rsa,0.05889778584241867
sub-04,PIT,V2,train,sub-03,118,525,rsa,0.05919748172163963
sub-04,PIT,V3,train,sub-03,118,361,rsa,0.08068699389696121
sub-04,PIT,V4,train,sub-03,118,555,rsa,0.11051823198795319
sub-04,PIT,V3A,train,sub-03,118,198,rsa,0.04240842163562775
sub-04,PIT,V3B,train,sub-03,118,149,rsa,0.04630868136882782
sub-04,PIT,V6,train,sub-03,118,157,rsa,0.03198433667421341
sub-04,PIT,V6A,train,sub-03,118,68,rsa,0.03433267027139664
sub-04,PIT,V7,train,sub-03,118,88,rsa,0.056398190557956696
sub-04,PIT,V8,train,sub-03,118,111,rsa,0.10849698632955551
sub-04,PIT,FFC,train,sub-03,118,301,rsa,0.1631636619567871
sub-04,PIT,PIT,train,sub-03,118,105,rsa,0.12395446002483368
sub-04,PIT,IPS1,train,sub-03,118,123,rsa,0.025880921632051468
sub-04,PIT,MST,train,sub-03,118,147,rsa,0.12103555351495743
sub-04,PIT,MT,train,sub-03,118,98,rsa,0.12593914568424225
sub-04,PIT,FST,train,sub-03,118,166,rsa,0.09064146876335144
sub-04,PIT,LO1,train,sub-03,118,74,rsa,0.19059093296527863
sub-04,PIT,LO2,train,sub-03,118,75,rsa,0.09225403517484665
sub-04,PIT,LO3,train,sub-03,118,124,rsa,0.1840558797121048
sub-04,PIT,V7,train,sub-03,118,88,rsa,0.056398190557956696
sub-04,PIT,IP0,train,sub-03,118,110,rsa,0.027632756158709526
sub-04,PIT,IP1,train,sub-03,118,17,rsa,0.006628083996474743
sub-04,PIT,MIP,train,sub-03,118,176,rsa,0.03983716294169426
sub-04,PIT,VIP,train,sub-03,118,150,rsa,0.02179669216275215
sub-04,PIT,LIPd,train,sub-03,118,22,rsa,0.007801446598023176
sub-04,PIT,LIPv,train,sub-03,118,178,rsa,0.026791241019964218
sub-04,PIT,AIP,train,sub-03,118,121,rsa,0.006805870216339827
sub-04,PIT,7Pm,train,sub-03,118,23,rsa,0.008716641925275326
sub-04,PIT,7PL,train,sub-03,118,32,rsa,0.013516435399651527
sub-04,PIT,7PC,train,sub-03,118,241,rsa,0.007727991323918104
sub-04,PIT,7Am,train,sub-03,118,115,rsa,0.010792667977511883
sub-04,PIT,7AL,train,sub-03,118,210,rsa,0.012565265409648418
sub-04,PIT,VVC,train,sub-03,118,185,rsa,0.06652653962373734
sub-04,PIT,VMV2,train,sub-03,118,108,rsa,0.07793544977903366
sub-04,PIT,VMV3,train,sub-03,118,111,rsa,0.042912501841783524
sub-04,PIT,VMV1,train,sub-03,118,73,rsa,0.08150412142276764
sub-04,PIT,PHA2,train,sub-03,118,17,rsa,0.01319168321788311
sub-04,PIT,PHA3,train,sub-03,118,86,rsa,0.03346673399209976
sub-04,PIT,PH,train,sub-03,118,280,rsa,0.20781917870044708
sub-04,IPS1,V1,train,sub-03,232,361,rsa,0.064583420753479
sub-04,IPS1,V2,train,sub-03,232,525,rsa,0.06948074698448181
sub-04,IPS1,V3,train,sub-03,232,361,rsa,0.051646411418914795
sub-04,IPS1,V4,train,sub-03,232,555,rsa,0.09288665652275085
sub-04,IPS1,V3A,train,sub-03,232,198,rsa,0.07887133955955505
sub-04,IPS1,V3B,train,sub-03,232,149,rsa,0.057561736553907394
sub-04,IPS1,V6,train,sub-03,232,157,rsa,0.0926000252366066
sub-04,IPS1,V6A,train,sub-03,232,68,rsa,0.13600027561187744
sub-04,IPS1,V7,train,sub-03,232,88,rsa,0.08852007985115051
sub-04,IPS1,V8,train,sub-03,232,111,rsa,0.06104659661650658
sub-04,IPS1,FFC,train,sub-03,232,301,rsa,0.07202781736850739
sub-04,IPS1,PIT,train,sub-03,232,105,rsa,0.04491307958960533
sub-04,IPS1,IPS1,train,sub-03,232,123,rsa,0.06862466782331467
sub-04,IPS1,MST,train,sub-03,232,147,rsa,0.10062755644321442
sub-04,IPS1,MT,train,sub-03,232,98,rsa,0.08474913239479065
sub-04,IPS1,FST,train,sub-03,232,166,rsa,0.08194828033447266
sub-04,IPS1,LO1,train,sub-03,232,74,rsa,0.12720179557800293
sub-04,IPS1,LO2,train,sub-03,232,75,rsa,0.04980311170220375
sub-04,IPS1,LO3,train,sub-03,232,124,rsa,0.10469464212656021
sub-04,IPS1,V7,train,sub-03,232,88,rsa,0.08852007985115051
sub-04,IPS1,IP0,train,sub-03,232,110,rsa,0.06866776943206787
sub-04,IPS1,IP1,train,sub-03,232,17,rsa,0.003967069089412689
sub-04,IPS1,MIP,train,sub-03,232,176,rsa,0.041274745017290115
sub-04,IPS1,VIP,train,sub-03,232,150,rsa,0.05307921767234802
sub-04,IPS1,LIPd,train,sub-03,232,22,rsa,0.009760318323969841
sub-04,IPS1,LIPv,train,sub-03,232,178,rsa,0.04000940918922424
sub-04,IPS1,AIP,train,sub-03,232,121,rsa,0.017229795455932617
sub-04,IPS1,7Pm,train,sub-03,232,23,rsa,0.006888606119900942
sub-04,IPS1,7PL,train,sub-03,232,32,rsa,0.018292170017957687
sub-04,IPS1,7PC,train,sub-03,232,241,rsa,0.024737436324357986
sub-04,IPS1,7Am,train,sub-03,232,115,rsa,0.022171910852193832
sub-04,IPS1,7AL,train,sub-03,232,210,rsa,0.048642225563526154
sub-04,IPS1,VVC,train,sub-03,232,185,rsa,0.06878682971000671
sub-04,IPS1,VMV2,train,sub-03,232,108,rsa,0.10491710156202316
sub-04,IPS1,VMV3,train,sub-03,232,111,rsa,0.09521505981683731
sub-04,IPS1,VMV1,train,sub-03,232,73,rsa,0.07629463821649551
sub-04,IPS1,PHA2,train,sub-03,232,17,rsa,0.03131964057683945
sub-04,IPS1,PHA3,train,sub-03,232,86,rsa,0.05169609934091568
sub-04,IPS1,PH,train,sub-03,232,280,rsa,0.054826248437166214
sub-04,MST,V1,train,sub-03,142,361,rsa,0.08348384499549866
sub-04,MST,V2,train,sub-03,142,525,rsa,0.08803870528936386
sub-04,MST,V3,train,sub-03,142,361,rsa,0.08701059967279434
sub-04,MST,V4,train,sub-03,142,555,rsa,0.12493530660867691
sub-04,MST,V3A,train,sub-03,142,198,rsa,0.12662014365196228
sub-04,MST,V3B,train,sub-03,142,149,rsa,0.10368742048740387
sub-04,MST,V6,train,sub-03,142,157,rsa,0.2100256085395813
sub-04,MST,V6A,train,sub-03,142,68,rsa,0.15342172980308533
sub-04,MST,V7,train,sub-03,142,88,rsa,0.12087301909923553
sub-04,MST,V8,train,sub-03,142,111,rsa,0.08532486855983734
sub-04,MST,FFC,train,sub-03,142,301,rsa,0.1276206076145172
sub-04,MST,PIT,train,sub-03,142,105,rsa,0.07818993180990219
sub-04,MST,IPS1,train,sub-03,142,123,rsa,0.07240742444992065
sub-04,MST,MST,train,sub-03,142,147,rsa,0.32851797342300415
sub-04,MST,MT,train,sub-03,142,98,rsa,0.25065597891807556
sub-04,MST,FST,train,sub-03,142,166,rsa,0.15899929404258728
sub-04,MST,LO1,train,sub-03,142,74,rsa,0.1457931250333786
sub-04,MST,LO2,train,sub-03,142,75,rsa,0.09661790728569031
sub-04,MST,LO3,train,sub-03,142,124,rsa,0.16976571083068848
sub-04,MST,V7,train,sub-03,142,88,rsa,0.12087301909923553
sub-04,MST,IP0,train,sub-03,142,110,rsa,0.08469033986330032
sub-04,MST,IP1,train,sub-03,142,17,rsa,0.003023821162059903
sub-04,MST,MIP,train,sub-03,142,176,rsa,0.055344875901937485
sub-04,MST,VIP,train,sub-03,142,150,rsa,0.04979715868830681
sub-04,MST,LIPd,train,sub-03,142,22,rsa,0.02460128255188465
sub-04,MST,LIPv,train,sub-03,142,178,rsa,0.06710117310285568
sub-04,MST,AIP,train,sub-03,142,121,rsa,0.016716603189706802
sub-04,MST,7Pm,train,sub-03,142,23,rsa,0.030497685074806213
sub-04,MST,7PL,train,sub-03,142,32,rsa,0.027338145300745964
sub-04,MST,7PC,train,sub-03,142,241,rsa,0.02962045930325985
sub-04,MST,7Am,train,sub-03,142,115,rsa,0.03138207271695137
sub-04,MST,7AL,train,sub-03,142,210,rsa,0.04199950769543648
sub-04,MST,VVC,train,sub-03,142,185,rsa,0.082788847386837
sub-04,MST,VMV2,train,sub-03,142,108,rsa,0.1147191971540451
sub-04,MST,VMV3,train,sub-03,142,111,rsa,0.07696790993213654
sub-04,MST,VMV1,train,sub-03,142,73,rsa,0.12817063927650452
sub-04,MST,PHA2,train,sub-03,142,17,rsa,0.03256774693727493
sub-04,MST,PHA3,train,sub-03,142,86,rsa,0.05699309706687927
sub-04,MST,PH,train,sub-03,142,280,rsa,0.10541248321533203
sub-04,MT,V1,train,sub-03,100,361,rsa,0.05089232698082924
sub-04,MT,V2,train,sub-03,100,525,rsa,0.06842298805713654
sub-04,MT,V3,train,sub-03,100,361,rsa,0.09411703050136566
sub-04,MT,V4,train,sub-03,100,555,rsa,0.12138813734054565
sub-04,MT,V3A,train,sub-03,100,198,rsa,0.14143332839012146
sub-04,MT,V3B,train,sub-03,100,149,rsa,0.07939651608467102
sub-04,MT,V6,train,sub-03,100,157,rsa,0.16398227214813232
sub-04,MT,V6A,train,sub-03,100,68,rsa,0.06595082581043243
sub-04,MT,V7,train,sub-03,100,88,rsa,0.08371669799089432
sub-04,MT,V8,train,sub-03,100,111,rsa,0.086368128657341
sub-04,MT,FFC,train,sub-03,100,301,rsa,0.06757470220327377
sub-04,MT,PIT,train,sub-03,100,105,rsa,0.05373694375157356
sub-04,MT,IPS1,train,sub-03,100,123,rsa,0.023672180250287056
sub-04,MT,MST,train,sub-03,100,147,rsa,0.19521212577819824
sub-04,MT,MT,train,sub-03,100,98,rsa,0.20147712528705597
sub-04,MT,FST,train,sub-03,100,166,rsa,0.06492750346660614
sub-04,MT,LO1,train,sub-03,100,74,rsa,0.0697634220123291
sub-04,MT,LO2,train,sub-03,100,75,rsa,0.05518564581871033
sub-04,MT,LO3,train,sub-03,100,124,rsa,0.10306210070848465
sub-04,MT,V7,train,sub-03,100,88,rsa,0.08371669799089432
sub-04,MT,IP0,train,sub-03,100,110,rsa,0.0344698429107666
sub-04,MT,IP1,train,sub-03,100,17,rsa,0.002711015986278653
sub-04,MT,MIP,train,sub-03,100,176,rsa,0.04686565324664116
sub-04,MT,VIP,train,sub-03,100,150,rsa,0.039077628403902054
sub-04,MT,LIPd,train,sub-03,100,22,rsa,0.010263982228934765
sub-04,MT,LIPv,train,sub-03,100,178,rsa,0.042894188314676285
sub-04,MT,AIP,train,sub-03,100,121,rsa,0.00821597408503294
sub-04,MT,7Pm,train,sub-03,100,23,rsa,0.03330681845545769
sub-04,MT,7PL,train,sub-03,100,32,rsa,0.01222115010023117
sub-04,MT,7PC,train,sub-03,100,241,rsa,0.018076546490192413
sub-04,MT,7Am,train,sub-03,100,115,rsa,0.01968473196029663
sub-04,MT,7AL,train,sub-03,100,210,rsa,0.02433348074555397
sub-04,MT,VVC,train,sub-03,100,185,rsa,0.035604555159807205
sub-04,MT,VMV2,train,sub-03,100,108,rsa,0.07296508550643921
sub-04,MT,VMV3,train,sub-03,100,111,rsa,0.03346729278564453
sub-04,MT,VMV1,train,sub-03,100,73,rsa,0.06391468644142151
sub-04,MT,PHA2,train,sub-03,100,17,rsa,0.00959176104515791
sub-04,MT,PHA3,train,sub-03,100,86,rsa,0.017844371497631073
sub-04,MT,PH,train,sub-03,100,280,rsa,0.0647161677479744
sub-04,FST,V1,train,sub-03,175,361,rsa,0.05884767323732376
sub-04,FST,V2,train,sub-03,175,525,rsa,0.06780899316072464
sub-04,FST,V3,train,sub-03,175,361,rsa,0.07810511440038681
sub-04,FST,V4,train,sub-03,175,555,rsa,0.12405688315629959
sub-04,FST,V3A,train,sub-03,175,198,rsa,0.11134176701307297
sub-04,FST,V3B,train,sub-03,175,149,rsa,0.06630327552556992
sub-04,FST,V6,train,sub-03,175,157,rsa,0.11052899807691574
sub-04,FST,V6A,train,sub-03,175,68,rsa,0.09048759192228317
sub-04,FST,V7,train,sub-03,175,88,rsa,0.08804557472467422
sub-04,FST,V8,train,sub-03,175,111,rsa,0.09418314695358276
sub-04,FST,FFC,train,sub-03,175,301,rsa,0.12344425916671753
sub-04,FST,PIT,train,sub-03,175,105,rsa,0.07871486246585846
sub-04,FST,IPS1,train,sub-03,175,123,rsa,0.06041786074638367
sub-04,FST,MST,train,sub-03,175,147,rsa,0.22278863191604614
sub-04,FST,MT,train,sub-03,175,98,rsa,0.22990769147872925
sub-04,FST,FST,train,sub-03,175,166,rsa,0.16362030804157257
sub-04,FST,LO1,train,sub-03,175,74,rsa,0.16232185065746307
sub-04,FST,LO2,train,sub-03,175,75,rsa,0.09003403037786484
sub-04,FST,LO3,train,sub-03,175,124,rsa,0.21769799292087555
sub-04,FST,V7,train,sub-03,175,88,rsa,0.08804557472467422
sub-04,FST,IP0,train,sub-03,175,110,rsa,0.06409885734319687
sub-04,FST,IP1,train,sub-03,175,17,rsa,0.01444170717149973
sub-04,FST,MIP,train,sub-03,175,176,rsa,0.04403136298060417
sub-04,FST,VIP,train,sub-03,175,150,rsa,0.04087737202644348
sub-04,FST,LIPd,train,sub-03,175,22,rsa,0.018654413521289825
sub-04,FST,LIPv,train,sub-03,175,178,rsa,0.05121888220310211
sub-04,FST,AIP,train,sub-03,175,121,rsa,0.02263101004064083
sub-04,FST,7Pm,train,sub-03,175,23,rsa,0.019386988133192062
sub-04,FST,7PL,train,sub-03,175,32,rsa,0.02044384554028511
sub-04,FST,7PC,train,sub-03,175,241,rsa,0.033843252807855606
sub-04,FST,7Am,train,sub-03,175,115,rsa,0.023520203307271004
sub-04,FST,7AL,train,sub-03,175,210,rsa,0.029940912500023842
sub-04,FST,VVC,train,sub-03,175,185,rsa,0.07789986580610275
sub-04,FST,VMV2,train,sub-03,175,108,rsa,0.09715034812688828
sub-04,FST,VMV3,train,sub-03,175,111,rsa,0.05033310130238533
sub-04,FST,VMV1,train,sub-03,175,73,rsa,0.10268489271402359
sub-04,FST,PHA2,train,sub-03,175,17,rsa,0.019835395738482475
sub-04,FST,PHA3,train,sub-03,175,86,rsa,0.030449826270341873
sub-04,FST,PH,train,sub-03,175,280,rsa,0.13844415545463562
sub-04,LO1,V1,train,sub-03,80,361,rsa,0.067252516746521
sub-04,LO1,V2,train,sub-03,80,525,rsa,0.0648023784160614
sub-04,LO1,V3,train,sub-03,80,361,rsa,0.10875469446182251
sub-04,LO1,V4,train,sub-03,80,555,rsa,0.1227666437625885
sub-04,LO1,V3A,train,sub-03,80,198,rsa,0.08536316454410553
sub-04,LO1,V3B,train,sub-03,80,149,rsa,0.06496685743331909
sub-04,LO1,V6,train,sub-03,80,157,rsa,0.050307780504226685
sub-04,LO1,V6A,train,sub-03,80,68,rsa,0.07108676433563232
sub-04,LO1,V7,train,sub-03,80,88,rsa,0.10364212840795517
sub-04,LO1,V8,train,sub-03,80,111,rsa,0.083758145570755
sub-04,LO1,FFC,train,sub-03,80,301,rsa,0.07881306111812592
sub-04,LO1,PIT,train,sub-03,80,105,rsa,0.0814661979675293
sub-04,LO1,IPS1,train,sub-03,80,123,rsa,0.036263011395931244
sub-04,LO1,MST,train,sub-03,80,147,rsa,0.10478851199150085
sub-04,LO1,MT,train,sub-03,80,98,rsa,0.16779722273349762
sub-04,LO1,FST,train,sub-03,80,166,rsa,0.06416218727827072
sub-04,LO1,LO1,train,sub-03,80,74,rsa,0.12597598135471344
sub-04,LO1,LO2,train,sub-03,80,75,rsa,0.07954010367393494
sub-04,LO1,LO3,train,sub-03,80,124,rsa,0.1284574270248413
sub-04,LO1,V7,train,sub-03,80,88,rsa,0.10364212840795517
sub-04,LO1,IP0,train,sub-03,80,110,rsa,0.03587353974580765
sub-04,LO1,IP1,train,sub-03,80,17,rsa,0.002998438198119402
sub-04,LO1,MIP,train,sub-03,80,176,rsa,0.03181495890021324
sub-04,LO1,VIP,train,sub-03,80,150,rsa,0.03876059129834175
sub-04,LO1,LIPd,train,sub-03,80,22,rsa,0.011370093561708927
sub-04,LO1,LIPv,train,sub-03,80,178,rsa,0.03674553334712982
sub-04,LO1,AIP,train,sub-03,80,121,rsa,0.010722020640969276
sub-04,LO1,7Pm,train,sub-03,80,23,rsa,0.02449202723801136
sub-04,LO1,7PL,train,sub-03,80,32,rsa,0.004353104624897242
sub-04,LO1,7PC,train,sub-03,80,241,rsa,0.01686982996761799
sub-04,LO1,7Am,train,sub-03,80,115,rsa,0.014707546681165695
sub-04,LO1,7AL,train,sub-03,80,210,rsa,0.019601572304964066
sub-04,LO1,VVC,train,sub-03,80,185,rsa,0.04727037996053696
sub-04,LO1,VMV2,train,sub-03,80,108,rsa,0.054751206189394
sub-04,LO1,VMV3,train,sub-03,80,111,rsa,0.03870760649442673
sub-04,LO1,VMV1,train,sub-03,80,73,rsa,0.06853607296943665
sub-04,LO1,PHA2,train,sub-03,80,17,rsa,0.01702664978802204
sub-04,LO1,PHA3,train,sub-03,80,86,rsa,0.026339977979660034
sub-04,LO1,PH,train,sub-03,80,280,rsa,0.06179896742105484
sub-04,LO2,V1,train,sub-03,83,361,rsa,0.06458581238985062
sub-04,LO2,V2,train,sub-03,83,525,rsa,0.0650143176317215
sub-04,LO2,V3,train,sub-03,83,361,rsa,0.09428447484970093
sub-04,LO2,V4,train,sub-03,83,555,rsa,0.12472876161336899
sub-04,LO2,V3A,train,sub-03,83,198,rsa,0.0932878702878952
sub-04,LO2,V3B,train,sub-03,83,149,rsa,0.06841520220041275
sub-04,LO2,V6,train,sub-03,83,157,rsa,0.07112737745046616
sub-04,LO2,V6A,train,sub-03,83,68,rsa,0.06361542642116547
sub-04,LO2,V7,train,sub-03,83,88,rsa,0.09423957765102386
sub-04,LO2,V8,train,sub-03,83,111,rsa,0.11184965819120407
sub-04,LO2,FFC,train,sub-03,83,301,rsa,0.12727570533752441
sub-04,LO2,PIT,train,sub-03,83,105,rsa,0.0890122801065445
sub-04,LO2,IPS1,train,sub-03,83,123,rsa,0.03617674484848976
sub-04,LO2,MST,train,sub-03,83,147,rsa,0.16235333681106567
sub-04,LO2,MT,train,sub-03,83,98,rsa,0.24061991274356842
sub-04,LO2,FST,train,sub-03,83,166,rsa,0.10676376521587372
sub-04,LO2,LO1,train,sub-03,83,74,rsa,0.1702955961227417
sub-04,LO2,LO2,train,sub-03,83,75,rsa,0.10708519071340561
sub-04,LO2,LO3,train,sub-03,83,124,rsa,0.18678809702396393
sub-04,LO2,V7,train,sub-03,83,88,rsa,0.09423957765102386
sub-04,LO2,IP0,train,sub-03,83,110,rsa,0.046593956649303436
sub-04,LO2,IP1,train,sub-03,83,17,rsa,0.008344129659235477
sub-04,LO2,MIP,train,sub-03,83,176,rsa,0.04170818254351616
sub-04,LO2,VIP,train,sub-03,83,150,rsa,0.028591791167855263
sub-04,LO2,LIPd,train,sub-03,83,22,rsa,0.00912219937890768
sub-04,LO2,LIPv,train,sub-03,83,178,rsa,0.043579939752817154
sub-04,LO2,AIP,train,sub-03,83,121,rsa,0.016636205837130547
sub-04,LO2,7Pm,train,sub-03,83,23,rsa,0.024424033239483833
sub-04,LO2,7PL,train,sub-03,83,32,rsa,0.009903930127620697
sub-04,LO2,7PC,train,sub-03,83,241,rsa,0.023155895993113518
sub-04,LO2,7Am,train,sub-03,83,115,rsa,0.0158065315335989
sub-04,LO2,7AL,train,sub-03,83,210,rsa,0.019277889281511307
sub-04,LO2,VVC,train,sub-03,83,185,rsa,0.061517611145973206
sub-04,LO2,VMV2,train,sub-03,83,108,rsa,0.08761144429445267
sub-04,LO2,VMV3,train,sub-03,83,111,rsa,0.04583623632788658
sub-04,LO2,VMV1,train,sub-03,83,73,rsa,0.09724186360836029
sub-04,LO2,PHA2,train,sub-03,83,17,rsa,0.01966194622218609
sub-04,LO2,PHA3,train,sub-03,83,86,rsa,0.03173639997839928
sub-04,LO2,PH,train,sub-03,83,280,rsa,0.13706016540527344
sub-04,LO3,V1,train,sub-03,118,361,rsa,0.07424138486385345
sub-04,LO3,V2,train,sub-03,118,525,rsa,0.07137266546487808
sub-04,LO3,V3,train,sub-03,118,361,rsa,0.10297375917434692
sub-04,LO3,V4,train,sub-03,118,555,rsa,0.1389160007238388
sub-04,LO3,V3A,train,sub-03,118,198,rsa,0.11198188364505768
sub-04,LO3,V3B,train,sub-03,118,149,rsa,0.07222013920545578
sub-04,LO3,V6,train,sub-03,118,157,rsa,0.11906617879867554
sub-04,LO3,V6A,train,sub-03,118,68,rsa,0.09916037321090698
sub-04,LO3,V7,train,sub-03,118,88,rsa,0.13188377022743225
sub-04,LO3,V8,train,sub-03,118,111,rsa,0.1296512335538864
sub-04,LO3,FFC,train,sub-03,118,301,rsa,0.11817308515310287
sub-04,LO3,PIT,train,sub-03,118,105,rsa,0.06858056038618088
sub-04,LO3,IPS1,train,sub-03,118,123,rsa,0.045411210507154465
sub-04,LO3,MST,train,sub-03,118,147,rsa,0.2702123820781708
sub-04,LO3,MT,train,sub-03,118,98,rsa,0.3163713216781616
sub-04,LO3,FST,train,sub-03,118,166,rsa,0.13535112142562866
sub-04,LO3,LO1,train,sub-03,118,74,rsa,0.1981719732284546
sub-04,LO3,LO2,train,sub-03,118,75,rsa,0.0948021188378334
sub-04,LO3,LO3,train,sub-03,118,124,rsa,0.2507893145084381
sub-04,LO3,V7,train,sub-03,118,88,rsa,0.13188377022743225
sub-04,LO3,IP0,train,sub-03,118,110,rsa,0.05446482449769974
sub-04,LO3,IP1,train,sub-03,118,17,rsa,0.003404906950891018
sub-04,LO3,MIP,train,sub-03,118,176,rsa,0.038643404841423035
sub-04,LO3,VIP,train,sub-03,118,150,rsa,0.04184851422905922
sub-04,LO3,LIPd,train,sub-03,118,22,rsa,0.011995512992143631
sub-04,LO3,LIPv,train,sub-03,118,178,rsa,0.043317243456840515
sub-04,LO3,AIP,train,sub-03,118,121,rsa,0.017492542043328285
sub-04,LO3,7Pm,train,sub-03,118,23,rsa,0.022033335641026497
sub-04,LO3,7PL,train,sub-03,118,32,rsa,0.010219469666481018
sub-04,LO3,7PC,train,sub-03,118,241,rsa,0.026335334405303
sub-04,LO3,7Am,train,sub-03,118,115,rsa,0.023547494783997536
sub-04,LO3,7AL,train,sub-03,118,210,rsa,0.026071496307849884
sub-04,LO3,VVC,train,sub-03,118,185,rsa,0.05660896375775337
sub-04,LO3,VMV2,train,sub-03,118,108,rsa,0.11760813742876053
sub-04,LO3,VMV3,train,sub-03,118,111,rsa,0.0655309334397316
sub-04,LO3,VMV1,train,sub-03,118,73,rsa,0.1298716962337494
sub-04,LO3,PHA2,train,sub-03,118,17,rsa,0.02322067692875862
sub-04,LO3,PHA3,train,sub-03,118,86,rsa,0.03797461837530136
sub-04,LO3,PH,train,sub-03,118,280,rsa,0.09511572122573853
sub-04,V7,V1,train,sub-03,77,361,rsa,0.03203849121928215
sub-04,V7,V2,train,sub-03,77,525,rsa,0.04794730618596077
sub-04,V7,V3,train,sub-03,77,361,rsa,0.04616716131567955
sub-04,V7,V4,train,sub-03,77,555,rsa,0.06761816889047623
sub-04,V7,V3A,train,sub-03,77,198,rsa,0.12022390216588974
sub-04,V7,V3B,train,sub-03,77,149,rsa,0.05059558153152466
sub-04,V7,V6,train,sub-03,77,157,rsa,0.046324051916599274
sub-04,V7,V6A,train,sub-03,77,68,rsa,0.06898773461580276
sub-04,V7,V7,train,sub-03,77,88,rsa,0.0799441710114479
sub-04,V7,V8,train,sub-03,77,111,rsa,0.04581266641616821
sub-04,V7,FFC,train,sub-03,77,301,rsa,0.03202271834015846
sub-04,V7,PIT,train,sub-03,77,105,rsa,0.025923525914549828
sub-04,V7,IPS1,train,sub-03,77,123,rsa,0.02718016318976879
sub-04,V7,MST,train,sub-03,77,147,rsa,0.0734536424279213
sub-04,V7,MT,train,sub-03,77,98,rsa,0.07402902096509933
sub-04,V7,FST,train,sub-03,77,166,rsa,0.04493177309632301
sub-04,V7,LO1,train,sub-03,77,74,rsa,0.05158801004290581
sub-04,V7,LO2,train,sub-03,77,75,rsa,0.025091150775551796
sub-04,V7,LO3,train,sub-03,77,124,rsa,0.061966974288225174
sub-04,V7,V7,train,sub-03,77,88,rsa,0.0799441710114479
sub-04,V7,IP0,train,sub-03,77,110,rsa,0.04388204216957092
sub-04,V7,IP1,train,sub-03,77,17,rsa,0.0010368535295128822
sub-04,V7,MIP,train,sub-03,77,176,rsa,0.015720345079898834
sub-04,V7,VIP,train,sub-03,77,150,rsa,0.02556898444890976
sub-04,V7,LIPd,train,sub-03,77,22,rsa,0.013258063234388828
sub-04,V7,LIPv,train,sub-03,77,178,rsa,0.026756836101412773
sub-04,V7,AIP,train,sub-03,77,121,rsa,0.0136684849858284
sub-04,V7,7Pm,train,sub-03,77,23,rsa,0.003901776857674122
sub-04,V7,7PL,train,sub-03,77,32,rsa,0.012517226859927177
sub-04,V7,7PC,train,sub-03,77,241,rsa,0.021071823313832283
sub-04,V7,7Am,train,sub-03,77,115,rsa,0.007124054711312056
sub-04,V7,7AL,train,sub-03,77,210,rsa,0.022235920652747154
sub-04,V7,VVC,train,sub-03,77,185,rsa,0.023105014115571976
sub-04,V7,VMV2,train,sub-03,77,108,rsa,0.044403720647096634
sub-04,V7,VMV3,train,sub-03,77,111,rsa,0.039328429847955704
sub-04,V7,VMV1,train,sub-03,77,73,rsa,0.040729280561208725
sub-04,V7,PHA2,train,sub-03,77,17,rsa,0.008190497756004333
sub-04,V7,PHA3,train,sub-03,77,86,rsa,0.015408475883305073
sub-04,V7,PH,train,sub-03,77,280,rsa,0.02153193950653076
sub-04,IP0,V1,train,sub-03,196,361,rsa,0.0677364319562912
sub-04,IP0,V2,train,sub-03,196,525,rsa,0.07361508160829544
sub-04,IP0,V3,train,sub-03,196,361,rsa,0.05824391916394234
sub-04,IP0,V4,train,sub-03,196,555,rsa,0.10987097024917603
sub-04,IP0,V3A,train,sub-03,196,198,rsa,0.07260531932115555
sub-04,IP0,V3B,train,sub-03,196,149,rsa,0.06611347943544388
sub-04,IP0,V6,train,sub-03,196,157,rsa,0.0874003991484642
sub-04,IP0,V6A,train,sub-03,196,68,rsa,0.09448617696762085
sub-04,IP0,V7,train,sub-03,196,88,rsa,0.05473680421710014
sub-04,IP0,V8,train,sub-03,196,111,rsa,0.06734886020421982
sub-04,IP0,FFC,train,sub-03,196,301,rsa,0.09372439235448837
sub-04,IP0,PIT,train,sub-03,196,105,rsa,0.0628548264503479
sub-04,IP0,IPS1,train,sub-03,196,123,rsa,0.05926549807190895
sub-04,IP0,MST,train,sub-03,196,147,rsa,0.07867730408906937
sub-04,IP0,MT,train,sub-03,196,98,rsa,0.0816069096326828
sub-04,IP0,FST,train,sub-03,196,166,rsa,0.08344803005456924
sub-04,IP0,LO1,train,sub-03,196,74,rsa,0.10061368346214294
sub-04,IP0,LO2,train,sub-03,196,75,rsa,0.05842401832342148
sub-04,IP0,LO3,train,sub-03,196,124,rsa,0.07946469634771347
sub-04,IP0,V7,train,sub-03,196,88,rsa,0.05473680421710014
sub-04,IP0,IP0,train,sub-03,196,110,rsa,0.08417481184005737
sub-04,IP0,IP1,train,sub-03,196,17,rsa,0.008430181071162224
sub-04,IP0,MIP,train,sub-03,196,176,rsa,0.048479121178388596
sub-04,IP0,VIP,train,sub-03,196,150,rsa,0.04805419221520424
sub-04,IP0,LIPd,train,sub-03,196,22,rsa,0.014021523296833038
sub-04,IP0,LIPv,train,sub-03,196,178,rsa,0.0496714748442173
sub-04,IP0,AIP,train,sub-03,196,121,rsa,0.017637083306908607
sub-04,IP0,7Pm,train,sub-03,196,23,rsa,0.010324148461222649
sub-04,IP0,7PL,train,sub-03,196,32,rsa,0.024035559967160225
sub-04,IP0,7PC,train,sub-03,196,241,rsa,0.023363856598734856
sub-04,IP0,7Am,train,sub-03,196,115,rsa,0.027744585648179054
sub-04,IP0,7AL,train,sub-03,196,210,rsa,0.03966226801276207
sub-04,IP0,VVC,train,sub-03,196,185,rsa,0.0785537138581276
sub-04,IP0,VMV2,train,sub-03,196,108,rsa,0.11627831310033798
sub-04,IP0,VMV3,train,sub-03,196,111,rsa,0.10559892654418945
sub-04,IP0,VMV1,train,sub-03,196,73,rsa,0.08488490432500839
sub-04,IP0,PHA2,train,sub-03,196,17,rsa,0.038200777024030685
sub-04,IP0,PHA3,train,sub-03,196,86,rsa,0.048127613961696625
sub-04,IP0,PH,train,sub-03,196,280,rsa,0.06392431259155273
sub-04,IP1,V1,train,sub-03,49,361,rsa,0.013601981103420258
sub-04,IP1,V2,train,sub-03,49,525,rsa,0.011228752322494984
sub-04,IP1,V3,train,sub-03,49,361,rsa,0.011743981391191483
sub-04,IP1,V4,train,sub-03,49,555,rsa,0.020314212888479233
sub-04,IP1,V3A,train,sub-03,49,198,rsa,0.014892027713358402
sub-04,IP1,V3B,train,sub-03,49,149,rsa,0.013164525851607323
sub-04,IP1,V6,train,sub-03,49,157,rsa,0.021868322044610977
sub-04,IP1,V6A,train,sub-03,49,68,rsa,0.03030887246131897
sub-04,IP1,V7,train,sub-03,49,88,rsa,0.010621999390423298
sub-04,IP1,V8,train,sub-03,49,111,rsa,0.009185206145048141
sub-04,IP1,FFC,train,sub-03,49,301,rsa,0.023655131459236145
sub-04,IP1,PIT,train,sub-03,49,105,rsa,0.020625201985239983
sub-04,IP1,IPS1,train,sub-03,49,123,rsa,0.015059285797178745
sub-04,IP1,MST,train,sub-03,49,147,rsa,0.015484582632780075
sub-04,IP1,MT,train,sub-03,49,98,rsa,0.023823190480470657
sub-04,IP1,FST,train,sub-03,49,166,rsa,0.019735945388674736
sub-04,IP1,LO1,train,sub-03,49,74,rsa,0.02360832877457142
sub-04,IP1,LO2,train,sub-03,49,75,rsa,0.01468858402222395
sub-04,IP1,LO3,train,sub-03,49,124,rsa,0.0220197606831789
sub-04,IP1,V7,train,sub-03,49,88,rsa,0.010621999390423298
sub-04,IP1,IP0,train,sub-03,49,110,rsa,0.020090650767087936
sub-04,IP1,IP1,train,sub-03,49,17,rsa,0.0016019094036892056
sub-04,IP1,MIP,train,sub-03,49,176,rsa,0.00744020426645875
sub-04,IP1,VIP,train,sub-03,49,150,rsa,0.00886984821408987
sub-04,IP1,LIPd,train,sub-03,49,22,rsa,0.0033244681544601917
sub-04,IP1,LIPv,train,sub-03,49,178,rsa,0.01031695306301117
sub-04,IP1,AIP,train,sub-03,49,121,rsa,0.006331363692879677
sub-04,IP1,7Pm,train,sub-03,49,23,rsa,0.0023571483325213194
sub-04,IP1,7PL,train,sub-03,49,32,rsa,0.006536693777889013
sub-04,IP1,7PC,train,sub-03,49,241,rsa,0.00778062641620636
sub-04,IP1,7Am,train,sub-03,49,115,rsa,0.005387085024267435
sub-04,IP1,7AL,train,sub-03,49,210,rsa,0.011526353657245636
sub-04,IP1,VVC,train,sub-03,49,185,rsa,0.03133067488670349
sub-04,IP1,VMV2,train,sub-03,49,108,rsa,0.020869264379143715
sub-04,IP1,VMV3,train,sub-03,49,111,rsa,0.02419540472328663
sub-04,IP1,VMV1,train,sub-03,49,73,rsa,0.01637857034802437
sub-04,IP1,PHA2,train,sub-03,49,17,rsa,0.00773189403116703
sub-04,IP1,PHA3,train,sub-03,49,86,rsa,0.007106909994035959
sub-04,IP1,PH,train,sub-03,49,280,rsa,0.025208987295627594
sub-04,MIP,V1,train,sub-03,237,361,rsa,0.03467690944671631
sub-04,MIP,V2,train,sub-03,237,525,rsa,0.03796551376581192
sub-04,MIP,V3,train,sub-03,237,361,rsa,0.028356682509183884
sub-04,MIP,V4,train,sub-03,237,555,rsa,0.053261205554008484
sub-04,MIP,V3A,train,sub-03,237,198,rsa,0.032601743936538696
sub-04,MIP,V3B,train,sub-03,237,149,rsa,0.029058819636702538
sub-04,MIP,V6,train,sub-03,237,157,rsa,0.051280729472637177
sub-04,MIP,V6A,train,sub-03,237,68,rsa,0.045826416462659836
sub-04,MIP,V7,train,sub-03,237,88,rsa,0.023293929174542427
sub-04,MIP,V8,train,sub-03,237,111,rsa,0.03964800387620926
sub-04,MIP,FFC,train,sub-03,237,301,rsa,0.0542043074965477
sub-04,MIP,PIT,train,sub-03,237,105,rsa,0.03489038348197937
sub-04,MIP,IPS1,train,sub-03,237,123,rsa,0.033306099474430084
sub-04,MIP,MST,train,sub-03,237,147,rsa,0.03709302842617035
sub-04,MIP,MT,train,sub-03,237,98,rsa,0.03864558786153793
sub-04,MIP,FST,train,sub-03,237,166,rsa,0.029828697443008423
sub-04,MIP,LO1,train,sub-03,237,74,rsa,0.04764464870095253
sub-04,MIP,LO2,train,sub-03,237,75,rsa,0.025125151500105858
sub-04,MIP,LO3,train,sub-03,237,124,rsa,0.041673388332128525
sub-04,MIP,V7,train,sub-03,237,88,rsa,0.023293929174542427
sub-04,MIP,IP0,train,sub-03,237,110,rsa,0.043662071228027344
sub-04,MIP,IP1,train,sub-03,237,17,rsa,0.0036322844680398703
sub-04,MIP,MIP,train,sub-03,237,176,rsa,0.034059979021549225
sub-04,MIP,VIP,train,sub-03,237,150,rsa,0.021423934027552605
sub-04,MIP,LIPd,train,sub-03,237,22,rsa,0.006503563839942217
sub-04,MIP,LIPv,train,sub-03,237,178,rsa,0.019823718816041946
sub-04,MIP,AIP,train,sub-03,237,121,rsa,0.012170283123850822
sub-04,MIP,7Pm,train,sub-03,237,23,rsa,0.010521464981138706
sub-04,MIP,7PL,train,sub-03,237,32,rsa,0.020852066576480865
sub-04,MIP,7PC,train,sub-03,237,241,rsa,0.013148524798452854
sub-04,MIP,7Am,train,sub-03,237,115,rsa,0.012503405101597309
sub-04,MIP,7AL,train,sub-03,237,210,rsa,0.016651174053549767
sub-04,MIP,VVC,train,sub-03,237,185,rsa,0.04482259601354599
sub-04,MIP,VMV2,train,sub-03,237,108,rsa,0.06739847362041473
sub-04,MIP,VMV3,train,sub-03,237,111,rsa,0.06686564534902573
sub-04,MIP,VMV1,train,sub-03,237,73,rsa,0.04088198021054268
sub-04,MIP,PHA2,train,sub-03,237,17,rsa,0.018156178295612335
sub-04,MIP,PHA3,train,sub-03,237,86,rsa,0.03210359811782837
sub-04,MIP,PH,train,sub-03,237,280,rsa,0.03767650946974754
sub-04,VIP,V1,train,sub-03,198,361,rsa,0.026213031262159348
sub-04,VIP,V2,train,sub-03,198,525,rsa,0.036033689975738525
sub-04,VIP,V3,train,sub-03,198,361,rsa,0.026354603469371796
sub-04,VIP,V4,train,sub-03,198,555,rsa,0.04584125429391861
sub-04,VIP,V3A,train,sub-03,198,198,rsa,0.034966714680194855
sub-04,VIP,V3B,train,sub-03,198,149,rsa,0.01976196840405464
sub-04,VIP,V6,train,sub-03,198,157,rsa,0.046719472855329514
sub-04,VIP,V6A,train,sub-03,198,68,rsa,0.03867096081376076
sub-04,VIP,V7,train,sub-03,198,88,rsa,0.019209586083889008
sub-04,VIP,V8,train,sub-03,198,111,rsa,0.02853390760719776
sub-04,VIP,FFC,train,sub-03,198,301,rsa,0.024550605565309525
sub-04,VIP,PIT,train,sub-03,198,105,rsa,0.01948661170899868
sub-04,VIP,IPS1,train,sub-03,198,123,rsa,0.031594038009643555
sub-04,VIP,MST,train,sub-03,198,147,rsa,0.02907879836857319
sub-04,VIP,MT,train,sub-03,198,98,rsa,0.027405045926570892
sub-04,VIP,FST,train,sub-03,198,166,rsa,0.03357283025979996
sub-04,VIP,LO1,train,sub-03,198,74,rsa,0.03827405720949173
sub-04,VIP,LO2,train,sub-03,198,75,rsa,0.02022049017250538
sub-04,VIP,LO3,train,sub-03,198,124,rsa,0.03722579404711723
sub-04,VIP,V7,train,sub-03,198,88,rsa,0.019209586083889008
sub-04,VIP,IP0,train,sub-03,198,110,rsa,0.03740251064300537
sub-04,VIP,IP1,train,sub-03,198,17,rsa,0.0067100366577506065
sub-04,VIP,MIP,train,sub-03,198,176,rsa,0.022640423849225044
sub-04,VIP,VIP,train,sub-03,198,150,rsa,0.027301762253046036
sub-04,VIP,LIPd,train,sub-03,198,22,rsa,0.006799126043915749
sub-04,VIP,LIPv,train,sub-03,198,178,rsa,0.018804941326379776
sub-04,VIP,AIP,train,sub-03,198,121,rsa,0.014660126529633999
sub-04,VIP,7Pm,train,sub-03,198,23,rsa,0.001166422152891755
sub-04,VIP,7PL,train,sub-03,198,32,rsa,0.014469657093286514
sub-04,VIP,7PC,train,sub-03,198,241,rsa,0.016537653282284737
sub-04,VIP,7Am,train,sub-03,198,115,rsa,0.01852807030081749
sub-04,VIP,7AL,train,sub-03,198,210,rsa,0.025358498096466064
sub-04,VIP,VVC,train,sub-03,198,185,rsa,0.032827794551849365
sub-04,VIP,VMV2,train,sub-03,198,108,rsa,0.031577955931425095
sub-04,VIP,VMV3,train,sub-03,198,111,rsa,0.036586176604032516
sub-04,VIP,VMV1,train,sub-03,198,73,rsa,0.025189371779561043
sub-04,VIP,PHA2,train,sub-03,198,17,rsa,0.011128472164273262
sub-04,VIP,PHA3,train,sub-03,198,86,rsa,0.01483203936368227
sub-04,VIP,PH,train,sub-03,198,280,rsa,0.019864829257130623
sub-04,LIPd,V1,train,sub-03,28,361,rsa,0.00744420662522316
sub-04,LIPd,V2,train,sub-03,28,525,rsa,0.008514395914971828
sub-04,LIPd,V3,train,sub-03,28,361,rsa,0.007186416070908308
sub-04,LIPd,V4,train,sub-03,28,555,rsa,0.004932692274451256
sub-04,LIPd,V3A,train,sub-03,28,198,rsa,0.006792429368942976
sub-04,LIPd,V3B,train,sub-03,28,149,rsa,0.00041317386785522103
sub-04,LIPd,V6,train,sub-03,28,157,rsa,0.006038448307663202
sub-04,LIPd,V6A,train,sub-03,28,68,rsa,-0.0013289852067828178
sub-04,LIPd,V7,train,sub-03,28,88,rsa,0.00010099988867295906
sub-04,LIPd,V8,train,sub-03,28,111,rsa,0.007233028765767813
sub-04,LIPd,FFC,train,sub-03,28,301,rsa,0.00449997978284955
sub-04,LIPd,PIT,train,sub-03,28,105,rsa,0.0015304196858778596
sub-04,LIPd,IPS1,train,sub-03,28,123,rsa,0.001113243168219924
sub-04,LIPd,MST,train,sub-03,28,147,rsa,0.006017820443958044
sub-04,LIPd,MT,train,sub-03,28,98,rsa,0.004648219794034958
sub-04,LIPd,FST,train,sub-03,28,166,rsa,0.005455759819597006
sub-04,LIPd,LO1,train,sub-03,28,74,rsa,0.005369994323700666
sub-04,LIPd,LO2,train,sub-03,28,75,rsa,0.0026451791636645794
sub-04,LIPd,LO3,train,sub-03,28,124,rsa,0.00577101856470108
sub-04,LIPd,V7,train,sub-03,28,88,rsa,0.00010099988867295906
sub-04,LIPd,IP0,train,sub-03,28,110,rsa,0.004761212505400181
sub-04,LIPd,IP1,train,sub-03,28,17,rsa,0.00203893450088799
sub-04,LIPd,MIP,train,sub-03,28,176,rsa,-0.0008419190999120474
sub-04,LIPd,VIP,train,sub-03,28,150,rsa,-0.0002666103537194431
sub-04,LIPd,LIPd,train,sub-03,28,22,rsa,0.005671371705830097
sub-04,LIPd,LIPv,train,sub-03,28,178,rsa,0.002940588165074587
sub-04,LIPd,AIP,train,sub-03,28,121,rsa,0.00373056810349226
sub-04,LIPd,7Pm,train,sub-03,28,23,rsa,1.5810655895620584e-06
sub-04,LIPd,7PL,train,sub-03,28,32,rsa,0.0021760764066129923
sub-04,LIPd,7PC,train,sub-03,28,241,rsa,0.002028882270678878
sub-04,LIPd,7Am,train,sub-03,28,115,rsa,-0.00044852899736724794
sub-04,LIPd,7AL,train,sub-03,28,210,rsa,0.0011511857155710459
sub-04,LIPd,VVC,train,sub-03,28,185,rsa,0.0038731142412871122
sub-04,LIPd,VMV2,train,sub-03,28,108,rsa,0.0004853473510593176
sub-04,LIPd,VMV3,train,sub-03,28,111,rsa,0.0016306254547089338
sub-04,LIPd,VMV1,train,sub-03,28,73,rsa,-0.00024595216382294893
sub-04,LIPd,PHA2,train,sub-03,28,17,rsa,0.0009955426212400198
sub-04,LIPd,PHA3,train,sub-03,28,86,rsa,-0.00045319259515963495
sub-04,LIPd,PH,train,sub-03,28,280,rsa,0.0066902549006044865
sub-04,LIPv,V1,train,sub-03,149,361,rsa,0.009113348089158535
sub-04,LIPv,V2,train,sub-03,149,525,rsa,0.014838697388768196
sub-04,LIPv,V3,train,sub-03,149,361,rsa,0.014230269938707352
sub-04,LIPv,V4,train,sub-03,149,555,rsa,0.016140105202794075
sub-04,LIPv,V3A,train,sub-03,149,198,rsa,0.023451270535588264
sub-04,LIPv,V3B,train,sub-03,149,149,rsa,0.011731988750398159
sub-04,LIPv,V6,train,sub-03,149,157,rsa,0.028066283091902733
sub-04,LIPv,V6A,train,sub-03,149,68,rsa,0.017351141199469566
sub-04,LIPv,V7,train,sub-03,149,88,rsa,0.014463789761066437
sub-04,LIPv,V8,train,sub-03,149,111,rsa,0.009176441468298435
sub-04,LIPv,FFC,train,sub-03,149,301,rsa,0.009269535541534424
sub-04,LIPv,PIT,train,sub-03,149,105,rsa,0.006544257048517466
sub-04,LIPv,IPS1,train,sub-03,149,123,rsa,0.014577260240912437
sub-04,LIPv,MST,train,sub-03,149,147,rsa,0.020837770774960518
sub-04,LIPv,MT,train,sub-03,149,98,rsa,0.01582960970699787
sub-04,LIPv,FST,train,sub-03,149,166,rsa,0.02503933012485504
sub-04,LIPv,LO1,train,sub-03,149,74,rsa,0.016389556229114532
sub-04,LIPv,LO2,train,sub-03,149,75,rsa,0.004622970707714558
sub-04,LIPv,LO3,train,sub-03,149,124,rsa,0.015338914468884468
sub-04,LIPv,V7,train,sub-03,149,88,rsa,0.014463789761066437
sub-04,LIPv,IP0,train,sub-03,149,110,rsa,0.02728857286274433
sub-04,LIPv,IP1,train,sub-03,149,17,rsa,0.0011649166699498892
sub-04,LIPv,MIP,train,sub-03,149,176,rsa,0.007982510142028332
sub-04,LIPv,VIP,train,sub-03,149,150,rsa,0.007896768860518932
sub-04,LIPv,LIPd,train,sub-03,149,22,rsa,0.00560006545856595
sub-04,LIPv,LIPv,train,sub-03,149,178,rsa,0.013233267702162266
sub-04,LIPv,AIP,train,sub-03,149,121,rsa,0.010547108016908169
sub-04,LIPv,7Pm,train,sub-03,149,23,rsa,0.0038335835561156273
sub-04,LIPv,7PL,train,sub-03,149,32,rsa,0.005052685737609863
sub-04,LIPv,7PC,train,sub-03,149,241,rsa,0.009538070298731327
sub-04,LIPv,7Am,train,sub-03,149,115,rsa,0.0036507542245090008
sub-04,LIPv,7AL,train,sub-03,149,210,rsa,0.0054509141482412815
sub-04,LIPv,VVC,train,sub-03,149,185,rsa,0.00870529469102621
sub-04,LIPv,VMV2,train,sub-03,149,108,rsa,0.00890814047306776
sub-04,LIPv,VMV3,train,sub-03,149,111,rsa,0.008848277851939201
sub-04,LIPv,VMV1,train,sub-03,149,73,rsa,0.006599686574190855
sub-04,LIPv,PHA2,train,sub-03,149,17,rsa,0.0024689596612006426
sub-04,LIPv,PHA3,train,sub-03,149,86,rsa,0.0019090051064267755
sub-04,LIPv,PH,train,sub-03,149,280,rsa,0.011058695614337921
sub-04,AIP,V1,train,sub-03,221,361,rsa,0.0023647842463105917
sub-04,AIP,V2,train,sub-03,221,525,rsa,0.004558828193694353
sub-04,AIP,V3,train,sub-03,221,361,rsa,0.005338904447853565
sub-04,AIP,V4,train,sub-03,221,555,rsa,0.011120567098259926
sub-04,AIP,V3A,train,sub-03,221,198,rsa,0.012236831709742546
sub-04,AIP,V3B,train,sub-03,221,149,rsa,0.01071312464773655
sub-04,AIP,V6,train,sub-03,221,157,rsa,0.00886240042746067
sub-04,AIP,V6A,train,sub-03,221,68,rsa,0.0067153917625546455
sub-04,AIP,V7,train,sub-03,221,88,rsa,0.009587389416992664
sub-04,AIP,V8,train,sub-03,221,111,rsa,0.010371500626206398
sub-04,AIP,FFC,train,sub-03,221,301,rsa,0.01175946556031704
sub-04,AIP,PIT,train,sub-03,221,105,rsa,0.00992261990904808
sub-04,AIP,IPS1,train,sub-03,221,123,rsa,0.011912496760487556
sub-04,AIP,MST,train,sub-03,221,147,rsa,0.011429349891841412
sub-04,AIP,MT,train,sub-03,221,98,rsa,0.013685199432075024
sub-04,AIP,FST,train,sub-03,221,166,rsa,0.019652394577860832
sub-04,AIP,LO1,train,sub-03,221,74,rsa,0.013326238840818405
sub-04,AIP,LO2,train,sub-03,221,75,rsa,0.005406769923865795
sub-04,AIP,LO3,train,sub-03,221,124,rsa,0.013399164192378521
sub-04,AIP,V7,train,sub-03,221,88,rsa,0.009587389416992664
sub-04,AIP,IP0,train,sub-03,221,110,rsa,0.016433436423540115
sub-04,AIP,IP1,train,sub-03,221,17,rsa,-8.982850704342127e-05
sub-04,AIP,MIP,train,sub-03,221,176,rsa,0.0035340734757483006
sub-04,AIP,VIP,train,sub-03,221,150,rsa,0.005282850936055183
sub-04,AIP,LIPd,train,sub-03,221,22,rsa,0.008469503372907639
sub-04,AIP,LIPv,train,sub-03,221,178,rsa,0.011896341107785702
sub-04,AIP,AIP,train,sub-03,221,121,rsa,0.009806404821574688
sub-04,AIP,7Pm,train,sub-03,221,23,rsa,0.002298572566360235
sub-04,AIP,7PL,train,sub-03,221,32,rsa,0.002576335333287716
sub-04,AIP,7PC,train,sub-03,221,241,rsa,0.006305050104856491
sub-04,AIP,7Am,train,sub-03,221,115,rsa,0.003617187263444066
sub-04,AIP,7AL,train,sub-03,221,210,rsa,0.0043397643603384495
sub-04,AIP,VVC,train,sub-03,221,185,rsa,0.010075664147734642
sub-04,AIP,VMV2,train,sub-03,221,108,rsa,0.004419849254190922
sub-04,AIP,VMV3,train,sub-03,221,111,rsa,0.003919364884495735
sub-04,AIP,VMV1,train,sub-03,221,73,rsa,0.006184636615216732
sub-04,AIP,PHA2,train,sub-03,221,17,rsa,0.0004478598712012172
sub-04,AIP,PHA3,train,sub-03,221,86,rsa,0.000838679086882621
sub-04,AIP,PH,train,sub-03,221,280,rsa,0.01690954901278019
sub-04,7Pm,V1,train,sub-03,39,361,rsa,0.013017422519624233
sub-04,7Pm,V2,train,sub-03,39,525,rsa,0.011814070865511894
sub-04,7Pm,V3,train,sub-03,39,361,rsa,0.008492616005241871
sub-04,7Pm,V4,train,sub-03,39,555,rsa,0.021422244608402252
sub-04,7Pm,V3A,train,sub-03,39,198,rsa,0.007470531854778528
sub-04,7Pm,V3B,train,sub-03,39,149,rsa,0.0059860022738575935
sub-04,7Pm,V6,train,sub-03,39,157,rsa,0.025266649201512337
sub-04,7Pm,V6A,train,sub-03,39,68,rsa,0.012050408869981766
sub-04,7Pm,V7,train,sub-03,39,88,rsa,0.003033336950466037
sub-04,7Pm,V8,train,sub-03,39,111,rsa,0.015234192833304405
sub-04,7Pm,FFC,train,sub-03,39,301,rsa,0.016345515847206116
sub-04,7Pm,PIT,train,sub-03,39,105,rsa,0.006130787078291178
sub-04,7Pm,IPS1,train,sub-03,39,123,rsa,0.005586667917668819
sub-04,7Pm,MST,train,sub-03,39,147,rsa,0.025629470124840736
sub-04,7Pm,MT,train,sub-03,39,98,rsa,0.01676051691174507
sub-04,7Pm,FST,train,sub-03,39,166,rsa,0.014787232503294945
sub-04,7Pm,LO1,train,sub-03,39,74,rsa,0.023656079545617104
sub-04,7Pm,LO2,train,sub-03,39,75,rsa,0.0059482138603925705
sub-04,7Pm,LO3,train,sub-03,39,124,rsa,0.02609385922551155
sub-04,7Pm,V7,train,sub-03,39,88,rsa,0.003033336950466037
sub-04,7Pm,IP0,train,sub-03,39,110,rsa,0.01012109499424696
sub-04,7Pm,IP1,train,sub-03,39,17,rsa,-0.0011033788323402405
sub-04,7Pm,MIP,train,sub-03,39,176,rsa,0.011807121336460114
sub-04,7Pm,VIP,train,sub-03,39,150,rsa,0.00867527350783348
sub-04,7Pm,LIPd,train,sub-03,39,22,rsa,0.003567973617464304
sub-04,7Pm,LIPv,train,sub-03,39,178,rsa,0.008386572822928429
sub-04,7Pm,AIP,train,sub-03,39,121,rsa,0.0005593639798462391
sub-04,7Pm,7Pm,train,sub-03,39,23,rsa,0.0028411142993718386
sub-04,7Pm,7PL,train,sub-03,39,32,rsa,0.008407358080148697
sub-04,7Pm,7PC,train,sub-03,39,241,rsa,0.001816459116525948
sub-04,7Pm,7Am,train,sub-03,39,115,rsa,0.006366264075040817
sub-04,7Pm,7AL,train,sub-03,39,210,rsa,0.00583294965326786
sub-04,7Pm,VVC,train,sub-03,39,185,rsa,0.013782475143671036
sub-04,7Pm,VMV2,train,sub-03,39,108,rsa,0.02726832777261734
sub-04,7Pm,VMV3,train,sub-03,39,111,rsa,0.01824641227722168
sub-04,7Pm,VMV1,train,sub-03,39,73,rsa,0.021871499717235565
sub-04,7Pm,PHA2,train,sub-03,39,17,rsa,0.0019878451712429523
sub-04,7Pm,PHA3,train,sub-03,39,86,rsa,0.009962166659533978
sub-04,7Pm,PH,train,sub-03,39,280,rsa,0.0130586177110672
sub-04,7PL,V1,train,sub-03,104,361,rsa,0.029931722208857536
sub-04,7PL,V2,train,sub-03,104,525,rsa,0.02881413698196411
sub-04,7PL,V3,train,sub-03,104,361,rsa,0.019852450117468834
sub-04,7PL,V4,train,sub-03,104,555,rsa,0.04014110192656517
sub-04,7PL,V3A,train,sub-03,104,198,rsa,0.03520612046122551
sub-04,7PL,V3B,train,sub-03,104,149,rsa,0.019016144797205925
sub-04,7PL,V6,train,sub-03,104,157,rsa,0.03547952324151993
sub-04,7PL,V6A,train,sub-03,104,68,rsa,0.05113859847187996
sub-04,7PL,V7,train,sub-03,104,88,rsa,0.017340173944830894
sub-04,7PL,V8,train,sub-03,104,111,rsa,0.032826535403728485
sub-04,7PL,FFC,train,sub-03,104,301,rsa,0.04564007371664047
sub-04,7PL,PIT,train,sub-03,104,105,rsa,0.02645750716328621
sub-04,7PL,IPS1,train,sub-03,104,123,rsa,0.019775984808802605
sub-04,7PL,MST,train,sub-03,104,147,rsa,0.02689274214208126
sub-04,7PL,MT,train,sub-03,104,98,rsa,0.019989963620901108
sub-04,7PL,FST,train,sub-03,104,166,rsa,0.022231213748455048
sub-04,7PL,LO1,train,sub-03,104,74,rsa,0.04505335912108421
sub-04,7PL,LO2,train,sub-03,104,75,rsa,0.014471275731921196
sub-04,7PL,LO3,train,sub-03,104,124,rsa,0.03789632022380829
sub-04,7PL,V7,train,sub-03,104,88,rsa,0.017340173944830894
sub-04,7PL,IP0,train,sub-03,104,110,rsa,0.03926517814397812
sub-04,7PL,IP1,train,sub-03,104,17,rsa,0.005708566401153803
sub-04,7PL,MIP,train,sub-03,104,176,rsa,0.01333958376199007
sub-04,7PL,VIP,train,sub-03,104,150,rsa,0.025397097691893578
sub-04,7PL,LIPd,train,sub-03,104,22,rsa,0.0015305578708648682
sub-04,7PL,LIPv,train,sub-03,104,178,rsa,0.014803723432123661
sub-04,7PL,AIP,train,sub-03,104,121,rsa,0.006516554392874241
sub-04,7PL,7Pm,train,sub-03,104,23,rsa,0.0020128136966377497
sub-04,7PL,7PL,train,sub-03,104,32,rsa,0.007922937162220478
sub-04,7PL,7PC,train,sub-03,104,241,rsa,0.006336537189781666
sub-04,7PL,7Am,train,sub-03,104,115,rsa,0.016051657497882843
sub-04,7PL,7AL,train,sub-03,104,210,rsa,0.02576250396668911
sub-04,7PL,VVC,train,sub-03,104,185,rsa,0.03680836036801338
sub-04,7PL,VMV2,train,sub-03,104,108,rsa,0.07099797576665878
sub-04,7PL,VMV3,train,sub-03,104,111,rsa,0.07648720592260361
sub-04,7PL,VMV1,train,sub-03,104,73,rsa,0.03673272207379341
sub-04,7PL,PHA2,train,sub-03,104,17,rsa,0.015245761722326279
sub-04,7PL,PHA3,train,sub-03,104,86,rsa,0.02745501883327961
sub-04,7PL,PH,train,sub-03,104,280,rsa,0.0209333635866642
sub-04,7PC,V1,train,sub-03,260,361,rsa,0.01696768030524254
sub-04,7PC,V2,train,sub-03,260,525,rsa,0.025108594447374344
sub-04,7PC,V3,train,sub-03,260,361,rsa,0.01821526326239109
sub-04,7PC,V4,train,sub-03,260,555,rsa,0.019275344908237457
sub-04,7PC,V3A,train,sub-03,260,198,rsa,0.040390342473983765
sub-04,7PC,V3B,train,sub-03,260,149,rsa,0.013701985590159893
sub-04,7PC,V6,train,sub-03,260,157,rsa,0.03708414360880852
sub-04,7PC,V6A,train,sub-03,260,68,rsa,0.032866667956113815
sub-04,7PC,V7,train,sub-03,260,88,rsa,0.027676396071910858
sub-04,7PC,V8,train,sub-03,260,111,rsa,0.020715544000267982
sub-04,7PC,FFC,train,sub-03,260,301,rsa,0.012117547914385796
sub-04,7PC,PIT,train,sub-03,260,105,rsa,0.011701900511980057
sub-04,7PC,IPS1,train,sub-03,260,123,rsa,0.020799189805984497
sub-04,7PC,MST,train,sub-03,260,147,rsa,0.031747546046972275
sub-04,7PC,MT,train,sub-03,260,98,rsa,0.02634594589471817
sub-04,7PC,FST,train,sub-03,260,166,rsa,0.02572905831038952
sub-04,7PC,LO1,train,sub-03,260,74,rsa,0.025292180478572845
sub-04,7PC,LO2,train,sub-03,260,75,rsa,0.011012244038283825
sub-04,7PC,LO3,train,sub-03,260,124,rsa,0.02451023831963539
sub-04,7PC,V7,train,sub-03,260,88,rsa,0.027676396071910858
sub-04,7PC,IP0,train,sub-03,260,110,rsa,0.02663363330066204
sub-04,7PC,IP1,train,sub-03,260,17,rsa,0.001724955509416759
sub-04,7PC,MIP,train,sub-03,260,176,rsa,0.009327280335128307
sub-04,7PC,VIP,train,sub-03,260,150,rsa,0.017278991639614105
sub-04,7PC,LIPd,train,sub-03,260,22,rsa,0.003981136716902256
sub-04,7PC,LIPv,train,sub-03,260,178,rsa,0.014255332760512829
sub-04,7PC,AIP,train,sub-03,260,121,rsa,0.010657330974936485
sub-04,7PC,7Pm,train,sub-03,260,23,rsa,-0.0007697100518271327
sub-04,7PC,7PL,train,sub-03,260,32,rsa,0.015236658975481987
sub-04,7PC,7PC,train,sub-03,260,241,rsa,0.021685123443603516
sub-04,7PC,7Am,train,sub-03,260,115,rsa,0.007185772992670536
sub-04,7PC,7AL,train,sub-03,260,210,rsa,0.015659956261515617
sub-04,7PC,VVC,train,sub-03,260,185,rsa,0.01026533730328083
sub-04,7PC,VMV2,train,sub-03,260,108,rsa,0.012784158810973167
sub-04,7PC,VMV3,train,sub-03,260,111,rsa,0.008724382147192955
sub-04,7PC,VMV1,train,sub-03,260,73,rsa,0.012948292307555676
sub-04,7PC,PHA2,train,sub-03,260,17,rsa,0.002144518541172147
sub-04,7PC,PHA3,train,sub-03,260,86,rsa,0.0026063118129968643
sub-04,7PC,PH,train,sub-03,260,280,rsa,0.01184848602861166
sub-04,7Am,V1,train,sub-03,207,361,rsa,0.025204835459589958
sub-04,7Am,V2,train,sub-03,207,525,rsa,0.030099231749773026
sub-04,7Am,V3,train,sub-03,207,361,rsa,0.02809007838368416
sub-04,7Am,V4,train,sub-03,207,555,rsa,0.04327327758073807
sub-04,7Am,V3A,train,sub-03,207,198,rsa,0.02048676460981369
sub-04,7Am,V3B,train,sub-03,207,149,rsa,0.027078477665781975
sub-04,7Am,V6,train,sub-03,207,157,rsa,0.05616161227226257
sub-04,7Am,V6A,train,sub-03,207,68,rsa,0.0344250425696373
sub-04,7Am,V7,train,sub-03,207,88,rsa,0.02396804466843605
sub-04,7Am,V8,train,sub-03,207,111,rsa,0.037782296538352966
sub-04,7Am,FFC,train,sub-03,207,301,rsa,0.030050547793507576
sub-04,7Am,PIT,train,sub-03,207,105,rsa,0.02395278960466385
sub-04,7Am,IPS1,train,sub-03,207,123,rsa,0.022860772907733917
sub-04,7Am,MST,train,sub-03,207,147,rsa,0.03966251760721207
sub-04,7Am,MT,train,sub-03,207,98,rsa,0.0449550487101078
sub-04,7Am,FST,train,sub-03,207,166,rsa,0.03990720957517624
sub-04,7Am,LO1,train,sub-03,207,74,rsa,0.057981181889772415
sub-04,7Am,LO2,train,sub-03,207,75,rsa,0.017104171216487885
sub-04,7Am,LO3,train,sub-03,207,124,rsa,0.04784003272652626
sub-04,7Am,V7,train,sub-03,207,88,rsa,0.02396804466843605
sub-04,7Am,IP0,train,sub-03,207,110,rsa,0.02225509285926819
sub-04,7Am,IP1,train,sub-03,207,17,rsa,0.003769549774006009
sub-04,7Am,MIP,train,sub-03,207,176,rsa,0.014458705671131611
sub-04,7Am,VIP,train,sub-03,207,150,rsa,0.026668155565857887
sub-04,7Am,LIPd,train,sub-03,207,22,rsa,0.005327410530298948
sub-04,7Am,LIPv,train,sub-03,207,178,rsa,0.01674666441977024
sub-04,7Am,AIP,train,sub-03,207,121,rsa,0.0079534025862813
sub-04,7Am,7Pm,train,sub-03,207,23,rsa,0.0030188276432454586
sub-04,7Am,7PL,train,sub-03,207,32,rsa,0.01361808180809021
sub-04,7Am,7PC,train,sub-03,207,241,rsa,0.008509702049195766
sub-04,7Am,7Am,train,sub-03,207,115,rsa,0.021260447800159454
sub-04,7Am,7AL,train,sub-03,207,210,rsa,0.02014685608446598
sub-04,7Am,VVC,train,sub-03,207,185,rsa,0.026959961280226707
sub-04,7Am,VMV2,train,sub-03,207,108,rsa,0.02772376872599125
sub-04,7Am,VMV3,train,sub-03,207,111,rsa,0.019201532006263733
sub-04,7Am,VMV1,train,sub-03,207,73,rsa,0.026857035234570503
sub-04,7Am,PHA2,train,sub-03,207,17,rsa,0.007869924418628216
sub-04,7Am,PHA3,train,sub-03,207,86,rsa,0.00769443204626441
sub-04,7Am,PH,train,sub-03,207,280,rsa,0.03206893429160118
sub-04,7AL,V1,train,sub-03,180,361,rsa,0.01375182531774044
sub-04,7AL,V2,train,sub-03,180,525,rsa,0.023242037743330002
sub-04,7AL,V3,train,sub-03,180,361,rsa,0.014043843373656273
sub-04,7AL,V4,train,sub-03,180,555,rsa,0.035458412021398544
sub-04,7AL,V3A,train,sub-03,180,198,rsa,0.02325061522424221
sub-04,7AL,V3B,train,sub-03,180,149,rsa,0.020884985104203224
sub-04,7AL,V6,train,sub-03,180,157,rsa,0.03810027241706848
sub-04,7AL,V6A,train,sub-03,180,68,rsa,0.029957694932818413
sub-04,7AL,V7,train,sub-03,180,88,rsa,0.016673678532242775
sub-04,7AL,V8,train,sub-03,180,111,rsa,0.023331603035330772
sub-04,7AL,FFC,train,sub-03,180,301,rsa,0.02748928964138031
sub-04,7AL,PIT,train,sub-03,180,105,rsa,0.02017880789935589
sub-04,7AL,IPS1,train,sub-03,180,123,rsa,0.017380889505147934
sub-04,7AL,MST,train,sub-03,180,147,rsa,0.027173295617103577
sub-04,7AL,MT,train,sub-03,180,98,rsa,0.0350218303501606
sub-04,7AL,FST,train,sub-03,180,166,rsa,0.026387140154838562
sub-04,7AL,LO1,train,sub-03,180,74,rsa,0.04350978136062622
sub-04,7AL,LO2,train,sub-03,180,75,rsa,0.017438514158129692
sub-04,7AL,LO3,train,sub-03,180,124,rsa,0.04105687513947487
sub-04,7AL,V7,train,sub-03,180,88,rsa,0.016673678532242775
sub-04,7AL,IP0,train,sub-03,180,110,rsa,0.027626682072877884
sub-04,7AL,IP1,train,sub-03,180,17,rsa,0.0006991666741669178
sub-04,7AL,MIP,train,sub-03,180,176,rsa,0.012200731784105301
sub-04,7AL,VIP,train,sub-03,180,150,rsa,0.022658824920654297
sub-04,7AL,LIPd,train,sub-03,180,22,rsa,0.004860443528741598
sub-04,7AL,LIPv,train,sub-03,180,178,rsa,0.015316243283450603
sub-04,7AL,AIP,train,sub-03,180,121,rsa,0.015175243839621544
sub-04,7AL,7Pm,train,sub-03,180,23,rsa,0.00179088837467134
sub-04,7AL,7PL,train,sub-03,180,32,rsa,0.010977346450090408
sub-04,7AL,7PC,train,sub-03,180,241,rsa,0.010772746987640858
sub-04,7AL,7Am,train,sub-03,180,115,rsa,0.02025650069117546
sub-04,7AL,7AL,train,sub-03,180,210,rsa,0.026278555393218994
sub-04,7AL,VVC,train,sub-03,180,185,rsa,0.0272139273583889
sub-04,7AL,VMV2,train,sub-03,180,108,rsa,0.030590618029236794
sub-04,7AL,VMV3,train,sub-03,180,111,rsa,0.027801699936389923
sub-04,7AL,VMV1,train,sub-03,180,73,rsa,0.022383127361536026
sub-04,7AL,PHA2,train,sub-03,180,17,rsa,0.006775503978133202
sub-04,7AL,PHA3,train,sub-03,180,86,rsa,0.00777094392105937
sub-04,7AL,PH,train,sub-03,180,280,rsa,0.03058473765850067
sub-04,VVC,V1,train,sub-03,170,361,rsa,0.050976283848285675
sub-04,VVC,V2,train,sub-03,170,525,rsa,0.04884245991706848
sub-04,VVC,V3,train,sub-03,170,361,rsa,0.05002221092581749
sub-04,VVC,V4,train,sub-03,170,555,rsa,0.13808098435401917
sub-04,VVC,V3A,train,sub-03,170,198,rsa,0.04751324653625488
sub-04,VVC,V3B,train,sub-03,170,149,rsa,0.05152536556124687
sub-04,VVC,V6,train,sub-03,170,157,rsa,0.05927840247750282
sub-04,VVC,V6A,train,sub-03,170,68,rsa,0.04922594502568245
sub-04,VVC,V7,train,sub-03,170,88,rsa,0.03937981650233269
sub-04,VVC,V8,train,sub-03,170,111,rsa,0.12058305740356445
sub-04,VVC,FFC,train,sub-03,170,301,rsa,0.19242411851882935
sub-04,VVC,PIT,train,sub-03,170,105,rsa,0.11031520366668701
sub-04,VVC,IPS1,train,sub-03,170,123,rsa,0.03562868386507034
sub-04,VVC,MST,train,sub-03,170,147,rsa,0.13105234503746033
sub-04,VVC,MT,train,sub-03,170,98,rsa,0.1393183022737503
sub-04,VVC,FST,train,sub-03,170,166,rsa,0.10350490361452103
sub-04,VVC,LO1,train,sub-03,170,74,rsa,0.253065824508667
sub-04,VVC,LO2,train,sub-03,170,75,rsa,0.09656279534101486
sub-04,VVC,LO3,train,sub-03,170,124,rsa,0.23607610166072845
sub-04,VVC,V7,train,sub-03,170,88,rsa,0.03937981650233269
sub-04,VVC,IP0,train,sub-03,170,110,rsa,0.045350492000579834
sub-04,VVC,IP1,train,sub-03,170,17,rsa,0.008833442814648151
sub-04,VVC,MIP,train,sub-03,170,176,rsa,0.05316048860549927
sub-04,VVC,VIP,train,sub-03,170,150,rsa,0.036475107073783875
sub-04,VVC,LIPd,train,sub-03,170,22,rsa,0.008201186545193195
sub-04,VVC,LIPv,train,sub-03,170,178,rsa,0.03309430554509163
sub-04,VVC,AIP,train,sub-03,170,121,rsa,0.009287841618061066
sub-04,VVC,7Pm,train,sub-03,170,23,rsa,0.020891202613711357
sub-04,VVC,7PL,train,sub-03,170,32,rsa,0.015498904511332512
sub-04,VVC,7PC,train,sub-03,170,241,rsa,0.008480587042868137
sub-04,VVC,7Am,train,sub-03,170,115,rsa,0.021366002038121223
sub-04,VVC,7AL,train,sub-03,170,210,rsa,0.02268039993941784
sub-04,VVC,VVC,train,sub-03,170,185,rsa,0.11541292816400528
sub-04,VVC,VMV2,train,sub-03,170,108,rsa,0.16569700837135315
sub-04,VVC,VMV3,train,sub-03,170,111,rsa,0.09869618713855743
sub-04,VVC,VMV1,train,sub-03,170,73,rsa,0.12522155046463013
sub-04,VVC,PHA2,train,sub-03,170,17,rsa,0.03245353326201439
sub-04,VVC,PHA3,train,sub-03,170,86,rsa,0.05967794358730316
sub-04,VVC,PH,train,sub-03,170,280,rsa,0.19939854741096497
sub-04,VMV2,V1,train,sub-03,115,361,rsa,0.042698707431554794
sub-04,VMV2,V2,train,sub-03,115,525,rsa,0.03819076716899872
sub-04,VMV2,V3,train,sub-03,115,361,rsa,0.035255175083875656
sub-04,VMV2,V4,train,sub-03,115,555,rsa,0.06487859040498734
sub-04,VMV2,V3A,train,sub-03,115,198,rsa,0.021673094481229782
sub-04,VMV2,V3B,train,sub-03,115,149,rsa,0.04310926795005798
sub-04,VMV2,V6,train,sub-03,115,157,rsa,0.048841409385204315
sub-04,VMV2,V6A,train,sub-03,115,68,rsa,0.054360322654247284
sub-04,VMV2,V7,train,sub-03,115,88,rsa,0.029824677854776382
sub-04,VMV2,V8,train,sub-03,115,111,rsa,0.052731048315763474
sub-04,VMV2,FFC,train,sub-03,115,301,rsa,0.08706479519605637
sub-04,VMV2,PIT,train,sub-03,115,105,rsa,0.05149344727396965
sub-04,VMV2,IPS1,train,sub-03,115,123,rsa,0.029858652502298355
sub-04,VMV2,MST,train,sub-03,115,147,rsa,0.05079669877886772
sub-04,VMV2,MT,train,sub-03,115,98,rsa,0.08470037579536438
sub-04,VMV2,FST,train,sub-03,115,166,rsa,0.05551982671022415
sub-04,VMV2,LO1,train,sub-03,115,74,rsa,0.09337751567363739
sub-04,VMV2,LO2,train,sub-03,115,75,rsa,0.05320855230093002
sub-04,VMV2,LO3,train,sub-03,115,124,rsa,0.07901760935783386
sub-04,VMV2,V7,train,sub-03,115,88,rsa,0.029824677854776382
sub-04,VMV2,IP0,train,sub-03,115,110,rsa,0.036427952349185944
sub-04,VMV2,IP1,train,sub-03,115,17,rsa,0.004602200351655483
sub-04,VMV2,MIP,train,sub-03,115,176,rsa,0.02871910110116005
sub-04,VMV2,VIP,train,sub-03,115,150,rsa,0.02018473856151104
sub-04,VMV2,LIPd,train,sub-03,115,22,rsa,0.0036756505724042654
sub-04,VMV2,LIPv,train,sub-03,115,178,rsa,0.02334137260913849
sub-04,VMV2,AIP,train,sub-03,115,121,rsa,0.00811157375574112
sub-04,VMV2,7Pm,train,sub-03,115,23,rsa,0.011054164730012417
sub-04,VMV2,7PL,train,sub-03,115,32,rsa,0.009523220360279083
sub-04,VMV2,7PC,train,sub-03,115,241,rsa,0.008450334891676903
sub-04,VMV2,7Am,train,sub-03,115,115,rsa,0.013320814818143845
sub-04,VMV2,7AL,train,sub-03,115,210,rsa,0.018887419253587723
sub-04,VMV2,VVC,train,sub-03,115,185,rsa,0.0874456912279129
sub-04,VMV2,VMV2,train,sub-03,115,108,rsa,0.08342765271663666
sub-04,VMV2,VMV3,train,sub-03,115,111,rsa,0.07696153223514557
sub-04,VMV2,VMV1,train,sub-03,115,73,rsa,0.06579520553350449
sub-04,VMV2,PHA2,train,sub-03,115,17,rsa,0.03591197356581688
sub-04,VMV2,PHA3,train,sub-03,115,86,rsa,0.04257604479789734
sub-04,VMV2,PH,train,sub-03,115,280,rsa,0.07172878831624985
sub-04,VMV3,V1,train,sub-03,115,361,rsa,0.04113474488258362
sub-04,VMV3,V2,train,sub-03,115,525,rsa,0.047118913382291794
sub-04,VMV3,V3,train,sub-03,115,361,rsa,0.041783567517995834
sub-04,VMV3,V4,train,sub-03,115,555,rsa,0.08181159198284149
sub-04,VMV3,V3A,train,sub-03,115,198,rsa,0.03501209244132042
sub-04,VMV3,V3B,train,sub-03,115,149,rsa,0.04257982224225998
sub-04,VMV3,V6,train,sub-03,115,157,rsa,0.03544894978404045
sub-04,VMV3,V6A,train,sub-03,115,68,rsa,0.055495720356702805
sub-04,VMV3,V7,train,sub-03,115,88,rsa,0.03475940227508545
sub-04,VMV3,V8,train,sub-03,115,111,rsa,0.06632763147354126
sub-04,VMV3,FFC,train,sub-03,115,301,rsa,0.07651498168706894
sub-04,VMV3,PIT,train,sub-03,115,105,rsa,0.05698990449309349
sub-04,VMV3,IPS1,train,sub-03,115,123,rsa,0.03860434889793396
sub-04,VMV3,MST,train,sub-03,115,147,rsa,0.04466820880770683
sub-04,VMV3,MT,train,sub-03,115,98,rsa,0.05380792170763016
sub-04,VMV3,FST,train,sub-03,115,166,rsa,0.04014650359749794
sub-04,VMV3,LO1,train,sub-03,115,74,rsa,0.06324265897274017
sub-04,VMV3,LO2,train,sub-03,115,75,rsa,0.03197459504008293
sub-04,VMV3,LO3,train,sub-03,115,124,rsa,0.04734492674469948
sub-04,VMV3,V7,train,sub-03,115,88,rsa,0.03475940227508545
sub-04,VMV3,IP0,train,sub-03,115,110,rsa,0.04322740063071251
sub-04,VMV3,IP1,train,sub-03,115,17,rsa,3.710755845531821e-05
sub-04,VMV3,MIP,train,sub-03,115,176,rsa,0.020216479897499084
sub-04,VMV3,VIP,train,sub-03,115,150,rsa,0.027271218597888947
sub-04,VMV3,LIPd,train,sub-03,115,22,rsa,0.0058243656530976295
sub-04,VMV3,LIPv,train,sub-03,115,178,rsa,0.01806524023413658
sub-04,VMV3,AIP,train,sub-03,115,121,rsa,0.006831752602010965
sub-04,VMV3,7Pm,train,sub-03,115,23,rsa,0.003285827115178108
sub-04,VMV3,7PL,train,sub-03,115,32,rsa,0.011280179023742676
sub-04,VMV3,7PC,train,sub-03,115,241,rsa,0.010063708759844303
sub-04,VMV3,7Am,train,sub-03,115,115,rsa,0.0098814582452178
sub-04,VMV3,7AL,train,sub-03,115,210,rsa,0.0196437519043684
sub-04,VMV3,VVC,train,sub-03,115,185,rsa,0.06770740449428558
sub-04,VMV3,VMV2,train,sub-03,115,108,rsa,0.08117222785949707
sub-04,VMV3,VMV3,train,sub-03,115,111,rsa,0.1180616021156311
sub-04,VMV3,VMV1,train,sub-03,115,73,rsa,0.045021843165159225
sub-04,VMV3,PHA2,train,sub-03,115,17,rsa,0.020313013345003128
sub-04,VMV3,PHA3,train,sub-03,115,86,rsa,0.042744021862745285
sub-04,VMV3,PH,train,sub-03,115,280,rsa,0.03829214349389076
sub-04,VMV1,V1,train,sub-03,53,361,rsa,0.05190534144639969
sub-04,VMV1,V2,train,sub-03,53,525,rsa,0.0423528328537941
sub-04,VMV1,V3,train,sub-03,53,361,rsa,0.027744505554437637
sub-04,VMV1,V4,train,sub-03,53,555,rsa,0.056311946362257004
sub-04,VMV1,V3A,train,sub-03,53,198,rsa,0.03247474879026413
sub-04,VMV1,V3B,train,sub-03,53,149,rsa,0.03214481472969055
sub-04,VMV1,V6,train,sub-03,53,157,rsa,0.0625450536608696
sub-04,VMV1,V6A,train,sub-03,53,68,rsa,0.05508137494325638
sub-04,VMV1,V7,train,sub-03,53,88,rsa,0.0301402248442173
sub-04,VMV1,V8,train,sub-03,53,111,rsa,0.04826110601425171
sub-04,VMV1,FFC,train,sub-03,53,301,rsa,0.07501014322042465
sub-04,VMV1,PIT,train,sub-03,53,105,rsa,0.030184447765350342
sub-04,VMV1,IPS1,train,sub-03,53,123,rsa,0.024438530206680298
sub-04,VMV1,MST,train,sub-03,53,147,rsa,0.09416624903678894
sub-04,VMV1,MT,train,sub-03,53,98,rsa,0.0679841935634613
sub-04,VMV1,FST,train,sub-03,53,166,rsa,0.047676101326942444
sub-04,VMV1,LO1,train,sub-03,53,74,rsa,0.06781250983476639
sub-04,VMV1,LO2,train,sub-03,53,75,rsa,0.023287294432520866
sub-04,VMV1,LO3,train,sub-03,53,124,rsa,0.08040996640920639
sub-04,VMV1,V7,train,sub-03,53,88,rsa,0.0301402248442173
sub-04,VMV1,IP0,train,sub-03,53,110,rsa,0.030262475833296776
sub-04,VMV1,IP1,train,sub-03,53,17,rsa,-0.0012856097891926765
sub-04,VMV1,MIP,train,sub-03,53,176,rsa,0.023869413882493973
sub-04,VMV1,VIP,train,sub-03,53,150,rsa,0.018060244619846344
sub-04,VMV1,LIPd,train,sub-03,53,22,rsa,0.002366486005485058
sub-04,VMV1,LIPv,train,sub-03,53,178,rsa,0.011608000844717026
sub-04,VMV1,AIP,train,sub-03,53,121,rsa,0.007220714818686247
sub-04,VMV1,7Pm,train,sub-03,53,23,rsa,0.005080217029899359
sub-04,VMV1,7PL,train,sub-03,53,32,rsa,0.013650086708366871
sub-04,VMV1,7PC,train,sub-03,53,241,rsa,0.008120606653392315
sub-04,VMV1,7Am,train,sub-03,53,115,rsa,0.016557971015572548
sub-04,VMV1,7AL,train,sub-03,53,210,rsa,0.018654892221093178
sub-04,VMV1,VVC,train,sub-03,53,185,rsa,0.060696396976709366
sub-04,VMV1,VMV2,train,sub-03,53,108,rsa,0.12954452633857727
sub-04,VMV1,VMV3,train,sub-03,53,111,rsa,0.08718059211969376
sub-04,VMV1,VMV1,train,sub-03,53,73,rsa,0.10129271447658539
sub-04,VMV1,PHA2,train,sub-03,53,17,rsa,0.03969614952802658
sub-04,VMV1,PHA3,train,sub-03,53,86,rsa,0.053946156054735184
sub-04,VMV1,PH,train,sub-03,53,280,rsa,0.03793099895119667
sub-04,PHA2,V1,train,sub-03,11,361,rsa,0.028093192726373672
sub-04,PHA2,V2,train,sub-03,11,525,rsa,0.014962485991418362
sub-04,PHA2,V3,train,sub-03,11,361,rsa,0.008598670363426208
sub-04,PHA2,V4,train,sub-03,11,555,rsa,0.01846315711736679
sub-04,PHA2,V3A,train,sub-03,11,198,rsa,0.014577426016330719
sub-04,PHA2,V3B,train,sub-03,11,149,rsa,0.010128645226359367
sub-04,PHA2,V6,train,sub-03,11,157,rsa,0.032902736216783524
sub-04,PHA2,V6A,train,sub-03,11,68,rsa,0.04267648607492447
sub-04,PHA2,V7,train,sub-03,11,88,rsa,0.011774800717830658
sub-04,PHA2,V8,train,sub-03,11,111,rsa,0.008557070977985859
sub-04,PHA2,FFC,train,sub-03,11,301,rsa,0.02166062407195568
sub-04,PHA2,PIT,train,sub-03,11,105,rsa,0.008921929635107517
sub-04,PHA2,IPS1,train,sub-03,11,123,rsa,0.01647820696234703
sub-04,PHA2,MST,train,sub-03,11,147,rsa,0.023887716233730316
sub-04,PHA2,MT,train,sub-03,11,98,rsa,0.01892510987818241
sub-04,PHA2,FST,train,sub-03,11,166,rsa,0.013063162565231323
sub-04,PHA2,LO1,train,sub-03,11,74,rsa,0.014674784615635872
sub-04,PHA2,LO2,train,sub-03,11,75,rsa,0.0078089372254908085
sub-04,PHA2,LO3,train,sub-03,11,124,rsa,0.014493590220808983
sub-04,PHA2,V7,train,sub-03,11,88,rsa,0.011774800717830658
sub-04,PHA2,IP0,train,sub-03,11,110,rsa,0.020862208679318428
sub-04,PHA2,IP1,train,sub-03,11,17,rsa,-0.000557413324713707
sub-04,PHA2,MIP,train,sub-03,11,176,rsa,0.010631749406456947
sub-04,PHA2,VIP,train,sub-03,11,150,rsa,0.009340849705040455
sub-04,PHA2,LIPd,train,sub-03,11,22,rsa,0.0011853765463456511
sub-04,PHA2,LIPv,train,sub-03,11,178,rsa,0.003592889057472348
sub-04,PHA2,AIP,train,sub-03,11,121,rsa,0.0028695990331470966
sub-04,PHA2,7Pm,train,sub-03,11,23,rsa,-0.00017600058345124125
sub-04,PHA2,7PL,train,sub-03,11,32,rsa,0.004514532629400492
sub-04,PHA2,7PC,train,sub-03,11,241,rsa,0.00345716648735106
sub-04,PHA2,7Am,train,sub-03,11,115,rsa,0.008027110248804092
sub-04,PHA2,7AL,train,sub-03,11,210,rsa,0.01559644378721714
sub-04,PHA2,VVC,train,sub-03,11,185,rsa,0.030428580939769745
sub-04,PHA2,VMV2,train,sub-03,11,108,rsa,0.0508427694439888
sub-04,PHA2,VMV3,train,sub-03,11,111,rsa,0.043966203927993774
sub-04,PHA2,VMV1,train,sub-03,11,73,rsa,0.030848978087306023
sub-04,PHA2,PHA2,train,sub-03,11,17,rsa,0.018671203404664993
sub-04,PHA2,PHA3,train,sub-03,11,86,rsa,0.02239660732448101
sub-04,PHA2,PH,train,sub-03,11,280,rsa,0.005617897491902113
sub-04,PHA3,V1,train,sub-03,87,361,rsa,0.024213334545493126
sub-04,PHA3,V2,train,sub-03,87,525,rsa,0.025425907224416733
sub-04,PHA3,V3,train,sub-03,87,361,rsa,0.018575526773929596
sub-04,PHA3,V4,train,sub-03,87,555,rsa,0.049364909529685974
sub-04,PHA3,V3A,train,sub-03,87,198,rsa,0.019853711128234863
sub-04,PHA3,V3B,train,sub-03,87,149,rsa,0.019110072404146194
sub-04,PHA3,V6,train,sub-03,87,157,rsa,0.030744053423404694
sub-04,PHA3,V6A,train,sub-03,87,68,rsa,0.028231365606188774
sub-04,PHA3,V7,train,sub-03,87,88,rsa,0.01308787427842617
sub-04,PHA3,V8,train,sub-03,87,111,rsa,0.03512059524655342
sub-04,PHA3,FFC,train,sub-03,87,301,rsa,0.06524169445037842
sub-04,PHA3,PIT,train,sub-03,87,105,rsa,0.03373437374830246
sub-04,PHA3,IPS1,train,sub-03,87,123,rsa,0.01642324961721897
sub-04,PHA3,MST,train,sub-03,87,147,rsa,0.03857005387544632
sub-04,PHA3,MT,train,sub-03,87,98,rsa,0.03562810644507408
sub-04,PHA3,FST,train,sub-03,87,166,rsa,0.0286124125123024
sub-04,PHA3,LO1,train,sub-03,87,74,rsa,0.08897537738084793
sub-04,PHA3,LO2,train,sub-03,87,75,rsa,0.0231858491897583
sub-04,PHA3,LO3,train,sub-03,87,124,rsa,0.0737466886639595
sub-04,PHA3,V7,train,sub-03,87,88,rsa,0.01308787427842617
sub-04,PHA3,IP0,train,sub-03,87,110,rsa,0.023811250925064087
sub-04,PHA3,IP1,train,sub-03,87,17,rsa,0.0011883339611813426
sub-04,PHA3,MIP,train,sub-03,87,176,rsa,0.020636679604649544
sub-04,PHA3,VIP,train,sub-03,87,150,rsa,0.019976960495114326
sub-04,PHA3,LIPd,train,sub-03,87,22,rsa,0.0021489798091351986
sub-04,PHA3,LIPv,train,sub-03,87,178,rsa,0.012428896501660347
sub-04,PHA3,AIP,train,sub-03,87,121,rsa,0.007758773863315582
sub-04,PHA3,7Pm,train,sub-03,87,23,rsa,0.001347153796814382
sub-04,PHA3,7PL,train,sub-03,87,32,rsa,0.009763720445334911
sub-04,PHA3,7PC,train,sub-03,87,241,rsa,0.005968772806227207
sub-04,PHA3,7Am,train,sub-03,87,115,rsa,0.016107559204101562
sub-04,PHA3,7AL,train,sub-03,87,210,rsa,0.01890319399535656
sub-04,PHA3,VVC,train,sub-03,87,185,rsa,0.04607003927230835
sub-04,PHA3,VMV2,train,sub-03,87,108,rsa,0.08294729888439178
sub-04,PHA3,VMV3,train,sub-03,87,111,rsa,0.06259654462337494
sub-04,PHA3,VMV1,train,sub-03,87,73,rsa,0.04716559872031212
sub-04,PHA3,PHA2,train,sub-03,87,17,rsa,0.01139411423355341
sub-04,PHA3,PHA3,train,sub-03,87,86,rsa,0.03077854961156845
sub-04,PHA3,PH,train,sub-03,87,280,rsa,0.050006795674562454
sub-04,PH,V1,train,sub-03,340,361,rsa,0.045209623873233795
sub-04,PH,V2,train,sub-03,340,525,rsa,0.03469327464699745
sub-04,PH,V3,train,sub-03,340,361,rsa,0.0669112429022789
sub-04,PH,V4,train,sub-03,340,555,rsa,0.12735553085803986
sub-04,PH,V3A,train,sub-03,340,198,rsa,0.055833373218774796
sub-04,PH,V3B,train,sub-03,340,149,rsa,0.06598739326000214
sub-04,PH,V6,train,sub-03,340,157,rsa,0.06783178448677063
sub-04,PH,V6A,train,sub-03,340,68,rsa,0.06264732033014297
sub-04,PH,V7,train,sub-03,340,88,rsa,0.05474545434117317
sub-04,PH,V8,train,sub-03,340,111,rsa,0.09298943728208542
sub-04,PH,FFC,train,sub-03,340,301,rsa,0.1620674431324005
sub-04,PH,PIT,train,sub-03,340,105,rsa,0.12696319818496704
sub-04,PH,IPS1,train,sub-03,340,123,rsa,0.055373214185237885
sub-04,PH,MST,train,sub-03,340,147,rsa,0.13184332847595215
sub-04,PH,MT,train,sub-03,340,98,rsa,0.19679346680641174
sub-04,PH,FST,train,sub-03,340,166,rsa,0.14528104662895203
sub-04,PH,LO1,train,sub-03,340,74,rsa,0.21579782664775848
sub-04,PH,LO2,train,sub-03,340,75,rsa,0.15809272229671478
sub-04,PH,LO3,train,sub-03,340,124,rsa,0.20387037098407745
sub-04,PH,V7,train,sub-03,340,88,rsa,0.05474545434117317
sub-04,PH,IP0,train,sub-03,340,110,rsa,0.05021350458264351
sub-04,PH,IP1,train,sub-03,340,17,rsa,0.009141769260168076
sub-04,PH,MIP,train,sub-03,340,176,rsa,0.05134129524230957
sub-04,PH,VIP,train,sub-03,340,150,rsa,0.02616948075592518
sub-04,PH,LIPd,train,sub-03,340,22,rsa,0.01321666594594717
sub-04,PH,LIPv,train,sub-03,340,178,rsa,0.045067235827445984
sub-04,PH,AIP,train,sub-03,340,121,rsa,0.021334759891033173
sub-04,PH,7Pm,train,sub-03,340,23,rsa,0.021473266184329987
sub-04,PH,7PL,train,sub-03,340,32,rsa,0.015222408808767796
sub-04,PH,7PC,train,sub-03,340,241,rsa,0.021480830386281013
sub-04,PH,7Am,train,sub-03,340,115,rsa,0.012549219653010368
sub-04,PH,7AL,train,sub-03,340,210,rsa,0.02194419503211975
sub-04,PH,VVC,train,sub-03,340,185,rsa,0.11792696267366409
sub-04,PH,VMV2,train,sub-03,340,108,rsa,0.09653814136981964
sub-04,PH,VMV3,train,sub-03,340,111,rsa,0.05270180106163025
sub-04,PH,VMV1,train,sub-03,340,73,rsa,0.10034865885972977
sub-04,PH,PHA2,train,sub-03,340,17,rsa,0.02167760767042637
sub-04,PH,PHA3,train,sub-03,340,86,rsa,0.028982013463974
sub-04,PH,PH,train,sub-03,340,280,rsa,0.21291202306747437
sub-04,V1,V1,test,sub-03,523,361,rsa,0.5129592418670654
sub-04,V1,V2,test,sub-03,523,525,rsa,0.5027178525924683
sub-04,V1,V3,test,sub-03,523,361,rsa,0.44162803888320923
sub-04,V1,V4,test,sub-03,523,555,rsa,0.36056047677993774
sub-04,V1,V3A,test,sub-03,523,198,rsa,0.19878451526165009
sub-04,V1,V3B,test,sub-03,523,149,rsa,0.22271084785461426
sub-04,V1,V6,test,sub-03,523,157,rsa,0.12284532189369202
sub-04,V1,V6A,test,sub-03,523,68,rsa,0.11628265678882599
sub-04,V1,V7,test,sub-03,523,88,rsa,0.13098809123039246
sub-04,V1,V8,test,sub-03,523,111,rsa,0.19518814980983734
sub-04,V1,FFC,test,sub-03,523,301,rsa,0.2363036870956421
sub-04,V1,PIT,test,sub-03,523,105,rsa,0.18301887810230255
sub-04,V1,IPS1,test,sub-03,523,123,rsa,0.07841810584068298
sub-04,V1,MST,test,sub-03,523,147,rsa,0.1349094808101654
sub-04,V1,MT,test,sub-03,523,98,rsa,0.1821839064359665
sub-04,V1,FST,test,sub-03,523,166,rsa,0.11901699751615524
sub-04,V1,LO1,test,sub-03,523,74,rsa,0.12282804399728775
sub-04,V1,LO2,test,sub-03,523,75,rsa,0.10509763658046722
sub-04,V1,LO3,test,sub-03,523,124,rsa,0.10500077158212662
sub-04,V1,V7,test,sub-03,523,88,rsa,0.13098809123039246
sub-04,V1,IP0,test,sub-03,523,110,rsa,0.16047260165214539
sub-04,V1,IP1,test,sub-03,523,17,rsa,0.022945711389183998
sub-04,V1,MIP,test,sub-03,523,176,rsa,0.09209199249744415
sub-04,V1,VIP,test,sub-03,523,150,rsa,0.11776192486286163
sub-04,V1,LIPd,test,sub-03,523,22,rsa,0.04693632945418358
sub-04,V1,LIPv,test,sub-03,523,178,rsa,0.100583016872406
sub-04,V1,AIP,test,sub-03,523,121,rsa,0.001094765029847622
sub-04,V1,7Pm,test,sub-03,523,23,rsa,0.09724721312522888
sub-04,V1,7PL,test,sub-03,523,32,rsa,0.07271082699298859
sub-04,V1,7PC,test,sub-03,523,241,rsa,0.0324663408100605
sub-04,V1,7Am,test,sub-03,523,115,rsa,0.027593551203608513
sub-04,V1,7AL,test,sub-03,523,210,rsa,0.0723341777920723
sub-04,V1,VVC,test,sub-03,523,185,rsa,0.15903697907924652
sub-04,V1,VMV2,test,sub-03,523,108,rsa,0.10611619055271149
sub-04,V1,VMV3,test,sub-03,523,111,rsa,0.10911666601896286
sub-04,V1,VMV1,test,sub-03,523,73,rsa,0.09626500308513641
sub-04,V1,PHA2,test,sub-03,523,17,rsa,0.05018610507249832
sub-04,V1,PHA3,test,sub-03,523,86,rsa,0.09272900223731995
sub-04,V1,PH,test,sub-03,523,280,rsa,0.10026967525482178
sub-04,V2,V1,test,sub-03,638,361,rsa,0.4302961230278015
sub-04,V2,V2,test,sub-03,638,525,rsa,0.541512131690979
sub-04,V2,V3,test,sub-03,638,361,rsa,0.46464088559150696
sub-04,V2,V4,test,sub-03,638,555,rsa,0.3467056453227997
sub-04,V2,V3A,test,sub-03,638,198,rsa,0.1980312168598175
sub-04,V2,V3B,test,sub-03,638,149,rsa,0.18841072916984558
sub-04,V2,V6,test,sub-03,638,157,rsa,0.1324525773525238
sub-04,V2,V6A,test,sub-03,638,68,rsa,0.08281782269477844
sub-04,V2,V7,test,sub-03,638,88,rsa,0.10708750784397125
sub-04,V2,V8,test,sub-03,638,111,rsa,0.20255762338638306
sub-04,V2,FFC,test,sub-03,638,301,rsa,0.20933008193969727
sub-04,V2,PIT,test,sub-03,638,105,rsa,0.1413034051656723
sub-04,V2,IPS1,test,sub-03,638,123,rsa,0.052750363945961
sub-04,V2,MST,test,sub-03,638,147,rsa,0.11763161420822144
sub-04,V2,MT,test,sub-03,638,98,rsa,0.17644964158535004
sub-04,V2,FST,test,sub-03,638,166,rsa,0.11107766628265381
sub-04,V2,LO1,test,sub-03,638,74,rsa,0.08141885697841644
sub-04,V2,LO2,test,sub-03,638,75,rsa,0.10046703368425369
sub-04,V2,LO3,test,sub-03,638,124,rsa,0.07392337173223495
sub-04,V2,V7,test,sub-03,638,88,rsa,0.10708750784397125
sub-04,V2,IP0,test,sub-03,638,110,rsa,0.11630994081497192
sub-04,V2,IP1,test,sub-03,638,17,rsa,0.02697926200926304
sub-04,V2,MIP,test,sub-03,638,176,rsa,0.09402451664209366
sub-04,V2,VIP,test,sub-03,638,150,rsa,0.06277164071798325
sub-04,V2,LIPd,test,sub-03,638,22,rsa,0.06473535299301147
sub-04,V2,LIPv,test,sub-03,638,178,rsa,0.07916878163814545
sub-04,V2,AIP,test,sub-03,638,121,rsa,-0.000362820690497756
sub-04,V2,7Pm,test,sub-03,638,23,rsa,0.0957389622926712
sub-04,V2,7PL,test,sub-03,638,32,rsa,0.07231377065181732
sub-04,V2,7PC,test,sub-03,638,241,rsa,0.034187741577625275
sub-04,V2,7Am,test,sub-03,638,115,rsa,0.04006859287619591
sub-04,V2,7AL,test,sub-03,638,210,rsa,0.051414020359516144
sub-04,V2,VVC,test,sub-03,638,185,rsa,0.12181814014911652
sub-04,V2,VMV2,test,sub-03,638,108,rsa,0.0762503519654274
sub-04,V2,VMV3,test,sub-03,638,111,rsa,0.0728551596403122
sub-04,V2,VMV1,test,sub-03,638,73,rsa,0.06928247958421707
sub-04,V2,PHA2,test,sub-03,638,17,rsa,0.019691623747348785
sub-04,V2,PHA3,test,sub-03,638,86,rsa,0.06277280300855637
sub-04,V2,PH,test,sub-03,638,280,rsa,0.07829093933105469
sub-04,V3,V1,test,sub-03,520,361,rsa,0.42070573568344116
sub-04,V3,V2,test,sub-03,520,525,rsa,0.49225476384162903
sub-04,V3,V3,test,sub-03,520,361,rsa,0.4044038951396942
sub-04,V3,V4,test,sub-03,520,555,rsa,0.3841729462146759
sub-04,V3,V3A,test,sub-03,520,198,rsa,0.24297161400318146
sub-04,V3,V3B,test,sub-03,520,149,rsa,0.22868165373802185
sub-04,V3,V6,test,sub-03,520,157,rsa,0.1262369304895401
sub-04,V3,V6A,test,sub-03,520,68,rsa,0.09311001002788544
sub-04,V3,V7,test,sub-03,520,88,rsa,0.17557880282402039
sub-04,V3,V8,test,sub-03,520,111,rsa,0.2587956488132477
sub-04,V3,FFC,test,sub-03,520,301,rsa,0.2775888741016388
sub-04,V3,PIT,test,sub-03,520,105,rsa,0.21905025839805603
sub-04,V3,IPS1,test,sub-03,520,123,rsa,0.08273512125015259
sub-04,V3,MST,test,sub-03,520,147,rsa,0.16228988766670227
sub-04,V3,MT,test,sub-03,520,98,rsa,0.23645281791687012
sub-04,V3,FST,test,sub-03,520,166,rsa,0.1650066375732422
sub-04,V3,LO1,test,sub-03,520,74,rsa,0.14444243907928467
sub-04,V3,LO2,test,sub-03,520,75,rsa,0.13236570358276367
sub-04,V3,LO3,test,sub-03,520,124,rsa,0.1538945883512497
sub-04,V3,V7,test,sub-03,520,88,rsa,0.17557880282402039
sub-04,V3,IP0,test,sub-03,520,110,rsa,0.16538006067276
sub-04,V3,IP1,test,sub-03,520,17,rsa,0.03704266995191574
sub-04,V3,MIP,test,sub-03,520,176,rsa,0.10246053338050842
sub-04,V3,VIP,test,sub-03,520,150,rsa,0.10038244724273682
sub-04,V3,LIPd,test,sub-03,520,22,rsa,0.046569932252168655
sub-04,V3,LIPv,test,sub-03,520,178,rsa,0.08904648572206497
sub-04,V3,AIP,test,sub-03,520,121,rsa,0.018444253131747246
sub-04,V3,7Pm,test,sub-03,520,23,rsa,0.11308421194553375
sub-04,V3,7PL,test,sub-03,520,32,rsa,0.05464508756995201
sub-04,V3,7PC,test,sub-03,520,241,rsa,0.03952455148100853
sub-04,V3,7Am,test,sub-03,520,115,rsa,0.028405379503965378
sub-04,V3,7AL,test,sub-03,520,210,rsa,0.06245258450508118
sub-04,V3,VVC,test,sub-03,520,185,rsa,0.14149878919124603
sub-04,V3,VMV2,test,sub-03,520,108,rsa,0.11043605208396912
sub-04,V3,VMV3,test,sub-03,520,111,rsa,0.10316546261310577
sub-04,V3,VMV1,test,sub-03,520,73,rsa,0.11321812868118286
sub-04,V3,PHA2,test,sub-03,520,17,rsa,0.0609305240213871
sub-04,V3,PHA3,test,sub-03,520,86,rsa,0.09598054736852646
sub-04,V3,PH,test,sub-03,520,280,rsa,0.12974587082862854
sub-04,V4,V1,test,sub-03,610,361,rsa,0.3773621916770935
sub-04,V4,V2,test,sub-03,610,525,rsa,0.42068856954574585
sub-04,V4,V3,test,sub-03,610,361,rsa,0.442937970161438
sub-04,V4,V4,test,sub-03,610,555,rsa,0.48042595386505127
sub-04,V4,V3A,test,sub-03,610,198,rsa,0.2393016517162323
sub-04,V4,V3B,test,sub-03,610,149,rsa,0.24818812310695648
sub-04,V4,V6,test,sub-03,610,157,rsa,0.11536778509616852
sub-04,V4,V6A,test,sub-03,610,68,rsa,0.12630139291286469
sub-04,V4,V7,test,sub-03,610,88,rsa,0.18920931220054626
sub-04,V4,V8,test,sub-03,610,111,rsa,0.33115464448928833
sub-04,V4,FFC,test,sub-03,610,301,rsa,0.39864856004714966
sub-04,V4,PIT,test,sub-03,610,105,rsa,0.33662188053131104
sub-04,V4,IPS1,test,sub-03,610,123,rsa,0.11366835236549377
sub-04,V4,MST,test,sub-03,610,147,rsa,0.263003408908844
sub-04,V4,MT,test,sub-03,610,98,rsa,0.3020990490913391
sub-04,V4,FST,test,sub-03,610,166,rsa,0.20366358757019043
sub-04,V4,LO1,test,sub-03,610,74,rsa,0.3150038421154022
sub-04,V4,LO2,test,sub-03,610,75,rsa,0.22593379020690918
sub-04,V4,LO3,test,sub-03,610,124,rsa,0.3209402561187744
sub-04,V4,V7,test,sub-03,610,88,rsa,0.18920931220054626
sub-04,V4,IP0,test,sub-03,610,110,rsa,0.13452668488025665
sub-04,V4,IP1,test,sub-03,610,17,rsa,0.03340611606836319
sub-04,V4,MIP,test,sub-03,610,176,rsa,0.12761248648166656
sub-04,V4,VIP,test,sub-03,610,150,rsa,0.14600419998168945
sub-04,V4,LIPd,test,sub-03,610,22,rsa,0.023440418764948845
sub-04,V4,LIPv,test,sub-03,610,178,rsa,0.08270729333162308
sub-04,V4,AIP,test,sub-03,610,121,rsa,0.017261134460568428
sub-04,V4,7Pm,test,sub-03,610,23,rsa,0.12326160818338394
sub-04,V4,7PL,test,sub-03,610,32,rsa,0.06041804701089859
sub-04,V4,7PC,test,sub-03,610,241,rsa,0.01999799907207489
sub-04,V4,7Am,test,sub-03,610,115,rsa,0.04679594933986664
sub-04,V4,7AL,test,sub-03,610,210,rsa,0.06282920390367508
sub-04,V4,VVC,test,sub-03,610,185,rsa,0.19123536348342896
sub-04,V4,VMV2,test,sub-03,610,108,rsa,0.22048017382621765
sub-04,V4,VMV3,test,sub-03,610,111,rsa,0.1426139771938324
sub-04,V4,VMV1,test,sub-03,610,73,rsa,0.20166446268558502
sub-04,V4,PHA2,test,sub-03,610,17,rsa,0.08474714308977127
sub-04,V4,PHA3,test,sub-03,610,86,rsa,0.14881709218025208
sub-04,V4,PH,test,sub-03,610,280,rsa,0.3032958507537842
sub-04,V3A,V1,test,sub-03,232,361,rsa,0.13860762119293213
sub-04,V3A,V2,test,sub-03,232,525,rsa,0.30211079120635986
sub-04,V3A,V3,test,sub-03,232,361,rsa,0.21069052815437317
sub-04,V3A,V4,test,sub-03,232,555,rsa,0.138138085603714
sub-04,V3A,V3A,test,sub-03,232,198,rsa,0.1683267056941986
sub-04,V3A,V3B,test,sub-03,232,149,rsa,0.08114888519048691
sub-04,V3A,V6,test,sub-03,232,157,rsa,0.1251964122056961
sub-04,V3A,V6A,test,sub-03,232,68,rsa,0.05057217925786972
sub-04,V3A,V7,test,sub-03,232,88,rsa,0.10764653980731964
sub-04,V3A,V8,test,sub-03,232,111,rsa,0.12641698122024536
sub-04,V3A,FFC,test,sub-03,232,301,rsa,0.1852722316980362
sub-04,V3A,PIT,test,sub-03,232,105,rsa,0.1598215252161026
sub-04,V3A,IPS1,test,sub-03,232,123,rsa,0.05010630562901497
sub-04,V3A,MST,test,sub-03,232,147,rsa,0.12401784956455231
sub-04,V3A,MT,test,sub-03,232,98,rsa,0.09324917197227478
sub-04,V3A,FST,test,sub-03,232,166,rsa,0.11538882553577423
sub-04,V3A,LO1,test,sub-03,232,74,rsa,0.1310754269361496
sub-04,V3A,LO2,test,sub-03,232,75,rsa,0.06171019747853279
sub-04,V3A,LO3,test,sub-03,232,124,rsa,0.1483386605978012
sub-04,V3A,V7,test,sub-03,232,88,rsa,0.10764653980731964
sub-04,V3A,IP0,test,sub-03,232,110,rsa,0.1019342765212059
sub-04,V3A,IP1,test,sub-03,232,17,rsa,-0.002561683766543865
sub-04,V3A,MIP,test,sub-03,232,176,rsa,0.0572378970682621
sub-04,V3A,VIP,test,sub-03,232,150,rsa,0.07870994508266449
sub-04,V3A,LIPd,test,sub-03,232,22,rsa,0.06313878297805786
sub-04,V3A,LIPv,test,sub-03,232,178,rsa,0.0701131522655487
sub-04,V3A,AIP,test,sub-03,232,121,rsa,0.04671540856361389
sub-04,V3A,7Pm,test,sub-03,232,23,rsa,0.005374675616621971
sub-04,V3A,7PL,test,sub-03,232,32,rsa,0.08279532194137573
sub-04,V3A,7PC,test,sub-03,232,241,rsa,0.04158768802881241
sub-04,V3A,7Am,test,sub-03,232,115,rsa,0.04875974357128143
sub-04,V3A,7AL,test,sub-03,232,210,rsa,0.11840077489614487
sub-04,V3A,VVC,test,sub-03,232,185,rsa,0.06710269302129745
sub-04,V3A,VMV2,test,sub-03,232,108,rsa,0.10985434800386429
sub-04,V3A,VMV3,test,sub-03,232,111,rsa,0.08387116342782974
sub-04,V3A,VMV1,test,sub-03,232,73,rsa,0.10902979969978333
sub-04,V3A,PHA2,test,sub-03,232,17,rsa,0.06877230107784271
sub-04,V3A,PHA3,test,sub-03,232,86,rsa,0.08099862933158875
sub-04,V3A,PH,test,sub-03,232,280,rsa,0.11262933909893036
sub-04,V3B,V1,test,sub-03,150,361,rsa,0.1665383279323578
sub-04,V3B,V2,test,sub-03,150,525,rsa,0.18623977899551392
sub-04,V3B,V3,test,sub-03,150,361,rsa,0.17798875272274017
sub-04,V3B,V4,test,sub-03,150,555,rsa,0.29900145530700684
sub-04,V3B,V3A,test,sub-03,150,198,rsa,0.2522044777870178
sub-04,V3B,V3B,test,sub-03,150,149,rsa,0.2156766951084137
sub-04,V3B,V6,test,sub-03,150,157,rsa,0.1499825417995453
sub-04,V3B,V6A,test,sub-03,150,68,rsa,0.2664235234260559
sub-04,V3B,V7,test,sub-03,150,88,rsa,0.1520702838897705
sub-04,V3B,V8,test,sub-03,150,111,rsa,0.1958003044128418
sub-04,V3B,FFC,test,sub-03,150,301,rsa,0.3186391592025757
sub-04,V3B,PIT,test,sub-03,150,105,rsa,0.2652716636657715
sub-04,V3B,IPS1,test,sub-03,150,123,rsa,0.15814493596553802
sub-04,V3B,MST,test,sub-03,150,147,rsa,0.22530117630958557
sub-04,V3B,MT,test,sub-03,150,98,rsa,0.16978144645690918
sub-04,V3B,FST,test,sub-03,150,166,rsa,0.1688995063304901
sub-04,V3B,LO1,test,sub-03,150,74,rsa,0.23052531480789185
sub-04,V3B,LO2,test,sub-03,150,75,rsa,0.1692054271697998
sub-04,V3B,LO3,test,sub-03,150,124,rsa,0.20333319902420044
sub-04,V3B,V7,test,sub-03,150,88,rsa,0.1520702838897705
sub-04,V3B,IP0,test,sub-03,150,110,rsa,0.1957034468650818
sub-04,V3B,IP1,test,sub-03,150,17,rsa,0.05687085539102554
sub-04,V3B,MIP,test,sub-03,150,176,rsa,0.09012138843536377
sub-04,V3B,VIP,test,sub-03,150,150,rsa,0.21096426248550415
sub-04,V3B,LIPd,test,sub-03,150,22,rsa,0.02797236479818821
sub-04,V3B,LIPv,test,sub-03,150,178,rsa,0.10889020562171936
sub-04,V3B,AIP,test,sub-03,150,121,rsa,0.04290304332971573
sub-04,V3B,7Pm,test,sub-03,150,23,rsa,0.050890885293483734
sub-04,V3B,7PL,test,sub-03,150,32,rsa,0.13113388419151306
sub-04,V3B,7PC,test,sub-03,150,241,rsa,0.0507979616522789
sub-04,V3B,7Am,test,sub-03,150,115,rsa,0.0361439511179924
sub-04,V3B,7AL,test,sub-03,150,210,rsa,0.1318117380142212
sub-04,V3B,VVC,test,sub-03,150,185,rsa,0.20848870277404785
sub-04,V3B,VMV2,test,sub-03,150,108,rsa,0.28781992197036743
sub-04,V3B,VMV3,test,sub-03,150,111,rsa,0.27480655908584595
sub-04,V3B,VMV1,test,sub-03,150,73,rsa,0.22748926281929016
sub-04,V3B,PHA2,test,sub-03,150,17,rsa,0.18077431619167328
sub-04,V3B,PHA3,test,sub-03,150,86,rsa,0.21574831008911133
sub-04,V3B,PH,test,sub-03,150,280,rsa,0.17991259694099426
sub-04,V6,V1,test,sub-03,58,361,rsa,0.044538360089063644
sub-04,V6,V2,test,sub-03,58,525,rsa,0.06257861852645874
sub-04,V6,V3,test,sub-03,58,361,rsa,0.06983579695224762
sub-04,V6,V4,test,sub-03,58,555,rsa,0.08021540939807892
sub-04,V6,V3A,test,sub-03,58,198,rsa,0.12516838312149048
sub-04,V6,V3B,test,sub-03,58,149,rsa,0.08180314302444458
sub-04,V6,V6,test,sub-03,58,157,rsa,0.10744087398052216
sub-04,V6,V6A,test,sub-03,58,68,rsa,0.10349324345588684
sub-04,V6,V7,test,sub-03,58,88,rsa,0.10770969837903976
sub-04,V6,V8,test,sub-03,58,111,rsa,0.06428796052932739
sub-04,V6,FFC,test,sub-03,58,301,rsa,0.0918823629617691
sub-04,V6,PIT,test,sub-03,58,105,rsa,0.06125926226377487
sub-04,V6,IPS1,test,sub-03,58,123,rsa,0.08612407743930817
sub-04,V6,MST,test,sub-03,58,147,rsa,0.13389910757541656
sub-04,V6,MT,test,sub-03,58,98,rsa,0.07959778606891632
sub-04,V6,FST,test,sub-03,58,166,rsa,0.10532298684120178
sub-04,V6,LO1,test,sub-03,58,74,rsa,0.026010243222117424
sub-04,V6,LO2,test,sub-03,58,75,rsa,0.042117998003959656
sub-04,V6,LO3,test,sub-03,58,124,rsa,0.06230964884161949
sub-04,V6,V7,test,sub-03,58,88,rsa,0.10770969837903976
sub-04,V6,IP0,test,sub-03,58,110,rsa,0.08652468025684357
sub-04,V6,IP1,test,sub-03,58,17,rsa,0.018088391050696373
sub-04,V6,MIP,test,sub-03,58,176,rsa,0.07256007194519043
sub-04,V6,VIP,test,sub-03,58,150,rsa,0.053367964923381805
sub-04,V6,LIPd,test,sub-03,58,22,rsa,0.03082635998725891
sub-04,V6,LIPv,test,sub-03,58,178,rsa,0.03955749794840813
sub-04,V6,AIP,test,sub-03,58,121,rsa,-0.005933355074375868
sub-04,V6,7Pm,test,sub-03,58,23,rsa,0.07924924045801163
sub-04,V6,7PL,test,sub-03,58,32,rsa,0.030777830630540848
sub-04,V6,7PC,test,sub-03,58,241,rsa,0.00952981784939766
sub-04,V6,7Am,test,sub-03,58,115,rsa,0.05643628537654877
sub-04,V6,7AL,test,sub-03,58,210,rsa,0.09243682026863098
sub-04,V6,VVC,test,sub-03,58,185,rsa,0.0921313464641571
sub-04,V6,VMV2,test,sub-03,58,108,rsa,0.09697897732257843
sub-04,V6,VMV3,test,sub-03,58,111,rsa,0.07076987624168396
sub-04,V6,VMV1,test,sub-03,58,73,rsa,0.10505197197198868
sub-04,V6,PHA2,test,sub-03,58,17,rsa,0.038879625499248505
sub-04,V6,PHA3,test,sub-03,58,86,rsa,0.02415352687239647
sub-04,V6,PH,test,sub-03,58,280,rsa,0.063391774892807
sub-04,V6A,V1,test,sub-03,38,361,rsa,0.08600808680057526
sub-04,V6A,V2,test,sub-03,38,525,rsa,0.0709201842546463
sub-04,V6A,V3,test,sub-03,38,361,rsa,0.07667217403650284
sub-04,V6A,V4,test,sub-03,38,555,rsa,0.11810815334320068
sub-04,V6A,V3A,test,sub-03,38,198,rsa,0.1424274444580078
sub-04,V6A,V3B,test,sub-03,38,149,rsa,0.0934150293469429
sub-04,V6A,V6,test,sub-03,38,157,rsa,0.11465531587600708
sub-04,V6A,V6A,test,sub-03,38,68,rsa,0.20081175863742828
sub-04,V6A,V7,test,sub-03,38,88,rsa,0.11552632600069046
sub-04,V6A,V8,test,sub-03,38,111,rsa,0.07864938676357269
sub-04,V6A,FFC,test,sub-03,38,301,rsa,0.1560508906841278
sub-04,V6A,PIT,test,sub-03,38,105,rsa,0.1268431842327118
sub-04,V6A,IPS1,test,sub-03,38,123,rsa,0.10288916528224945
sub-04,V6A,MST,test,sub-03,38,147,rsa,0.14307287335395813
sub-04,V6A,MT,test,sub-03,38,98,rsa,0.09326550364494324
sub-04,V6A,FST,test,sub-03,38,166,rsa,0.13924819231033325
sub-04,V6A,LO1,test,sub-03,38,74,rsa,0.11147395521402359
sub-04,V6A,LO2,test,sub-03,38,75,rsa,0.09078894555568695
sub-04,V6A,LO3,test,sub-03,38,124,rsa,0.0997650995850563
sub-04,V6A,V7,test,sub-03,38,88,rsa,0.11552632600069046
sub-04,V6A,IP0,test,sub-03,38,110,rsa,0.16246715188026428
sub-04,V6A,IP1,test,sub-03,38,17,rsa,0.007330125663429499
sub-04,V6A,MIP,test,sub-03,38,176,rsa,0.022442400455474854
sub-04,V6A,VIP,test,sub-03,38,150,rsa,0.10617826133966446
sub-04,V6A,LIPd,test,sub-03,38,22,rsa,0.027488460764288902
sub-04,V6A,LIPv,test,sub-03,38,178,rsa,0.08937112987041473
sub-04,V6A,AIP,test,sub-03,38,121,rsa,0.06622570753097534
sub-04,V6A,7Pm,test,sub-03,38,23,rsa,0.022868361324071884
sub-04,V6A,7PL,test,sub-03,38,32,rsa,0.022954339161515236
sub-04,V6A,7PC,test,sub-03,38,241,rsa,0.05817430466413498
sub-04,V6A,7Am,test,sub-03,38,115,rsa,0.02091171219944954
sub-04,V6A,7AL,test,sub-03,38,210,rsa,0.12386439740657806
sub-04,V6A,VVC,test,sub-03,38,185,rsa,0.08717778325080872
sub-04,V6A,VMV2,test,sub-03,38,108,rsa,0.13184647262096405
sub-04,V6A,VMV3,test,sub-03,38,111,rsa,0.16593821346759796
sub-04,V6A,VMV1,test,sub-03,38,73,rsa,0.09699618071317673
sub-04,V6A,PHA2,test,sub-03,38,17,rsa,0.07874312251806259
sub-04,V6A,PHA3,test,sub-03,38,86,rsa,0.10087263584136963
sub-04,V6A,PH,test,sub-03,38,280,rsa,0.07507182657718658
sub-04,V7,V1,test,sub-03,77,361,rsa,0.0774824321269989
sub-04,V7,V2,test,sub-03,77,525,rsa,0.09725067019462585
sub-04,V7,V3,test,sub-03,77,361,rsa,0.0973876342177391
sub-04,V7,V4,test,sub-03,77,555,rsa,0.1589335799217224
sub-04,V7,V3A,test,sub-03,77,198,rsa,0.28868693113327026
sub-04,V7,V3B,test,sub-03,77,149,rsa,0.14098034799098969
sub-04,V7,V6,test,sub-03,77,157,rsa,0.12780475616455078
sub-04,V7,V6A,test,sub-03,77,68,rsa,0.22546923160552979
sub-04,V7,V7,test,sub-03,77,88,rsa,0.24001042544841766
sub-04,V7,V8,test,sub-03,77,111,rsa,0.10175842046737671
sub-04,V7,FFC,test,sub-03,77,301,rsa,0.083772674202919
sub-04,V7,PIT,test,sub-03,77,105,rsa,0.1031431332230568
sub-04,V7,IPS1,test,sub-03,77,123,rsa,0.12306863069534302
sub-04,V7,MST,test,sub-03,77,147,rsa,0.15063637495040894
sub-04,V7,MT,test,sub-03,77,98,rsa,0.1557886302471161
sub-04,V7,FST,test,sub-03,77,166,rsa,0.17604921758174896
sub-04,V7,LO1,test,sub-03,77,74,rsa,0.12517692148685455
sub-04,V7,LO2,test,sub-03,77,75,rsa,0.10022380203008652
sub-04,V7,LO3,test,sub-03,77,124,rsa,0.15043511986732483
sub-04,V7,V7,test,sub-03,77,88,rsa,0.24001042544841766
sub-04,V7,IP0,test,sub-03,77,110,rsa,0.1607961803674698
sub-04,V7,IP1,test,sub-03,77,17,rsa,0.05169692635536194
sub-04,V7,MIP,test,sub-03,77,176,rsa,0.06468947231769562
sub-04,V7,VIP,test,sub-03,77,150,rsa,0.11222431808710098
sub-04,V7,LIPd,test,sub-03,77,22,rsa,0.05692732334136963
sub-04,V7,LIPv,test,sub-03,77,178,rsa,0.07852143049240112
sub-04,V7,AIP,test,sub-03,77,121,rsa,0.019306020811200142
sub-04,V7,7Pm,test,sub-03,77,23,rsa,0.047124117612838745
sub-04,V7,7PL,test,sub-03,77,32,rsa,0.03048383630812168
sub-04,V7,7PC,test,sub-03,77,241,rsa,0.08736661076545715
sub-04,V7,7Am,test,sub-03,77,115,rsa,0.024886250495910645
sub-04,V7,7AL,test,sub-03,77,210,rsa,0.10435616970062256
sub-04,V7,VVC,test,sub-03,77,185,rsa,0.06271058320999146
sub-04,V7,VMV2,test,sub-03,77,108,rsa,0.10226622968912125
sub-04,V7,VMV3,test,sub-03,77,111,rsa,0.09967872500419617
sub-04,V7,VMV1,test,sub-03,77,73,rsa,0.07282387465238571
sub-04,V7,PHA2,test,sub-03,77,17,rsa,0.04836789891123772
sub-04,V7,PHA3,test,sub-03,77,86,rsa,0.06666912138462067
sub-04,V7,PH,test,sub-03,77,280,rsa,0.06727851927280426
sub-04,V8,V1,test,sub-03,111,361,rsa,0.17913268506526947
sub-04,V8,V2,test,sub-03,111,525,rsa,0.23408305644989014
sub-04,V8,V3,test,sub-03,111,361,rsa,0.24027927219867706
sub-04,V8,V4,test,sub-03,111,555,rsa,0.37449419498443604
sub-04,V8,V3A,test,sub-03,111,198,rsa,0.25214987993240356
sub-04,V8,V3B,test,sub-03,111,149,rsa,0.2624548077583313
sub-04,V8,V6,test,sub-03,111,157,rsa,0.14884763956069946
sub-04,V8,V6A,test,sub-03,111,68,rsa,0.10417851060628891
sub-04,V8,V7,test,sub-03,111,88,rsa,0.1598077416419983
sub-04,V8,V8,test,sub-03,111,111,rsa,0.3932468295097351
sub-04,V8,FFC,test,sub-03,111,301,rsa,0.4529368281364441
sub-04,V8,PIT,test,sub-03,111,105,rsa,0.3014756441116333
sub-04,V8,IPS1,test,sub-03,111,123,rsa,0.08950776606798172
sub-04,V8,MST,test,sub-03,111,147,rsa,0.309869647026062
sub-04,V8,MT,test,sub-03,111,98,rsa,0.3072906732559204
sub-04,V8,FST,test,sub-03,111,166,rsa,0.21124884486198425
sub-04,V8,LO1,test,sub-03,111,74,rsa,0.24999289214611053
sub-04,V8,LO2,test,sub-03,111,75,rsa,0.20213839411735535
sub-04,V8,LO3,test,sub-03,111,124,rsa,0.30738556385040283
sub-04,V8,V7,test,sub-03,111,88,rsa,0.1598077416419983
sub-04,V8,IP0,test,sub-03,111,110,rsa,0.11111533641815186
sub-04,V8,IP1,test,sub-03,111,17,rsa,0.02596464194357395
sub-04,V8,MIP,test,sub-03,111,176,rsa,0.16947555541992188
sub-04,V8,VIP,test,sub-03,111,150,rsa,0.14745619893074036
sub-04,V8,LIPd,test,sub-03,111,22,rsa,0.029613733291625977
sub-04,V8,LIPv,test,sub-03,111,178,rsa,0.08310229331254959
sub-04,V8,AIP,test,sub-03,111,121,rsa,0.029900111258029938
sub-04,V8,7Pm,test,sub-03,111,23,rsa,0.14386969804763794
sub-04,V8,7PL,test,sub-03,111,32,rsa,0.05569513142108917
sub-04,V8,7PC,test,sub-03,111,241,rsa,0.013765938580036163
sub-04,V8,7Am,test,sub-03,111,115,rsa,0.06755690276622772
sub-04,V8,7AL,test,sub-03,111,210,rsa,0.032421063631772995
sub-04,V8,VVC,test,sub-03,111,185,rsa,0.18501602113246918
sub-04,V8,VMV2,test,sub-03,111,108,rsa,0.23470360040664673
sub-04,V8,VMV3,test,sub-03,111,111,rsa,0.16062845289707184
sub-04,V8,VMV1,test,sub-03,111,73,rsa,0.20893743634223938
sub-04,V8,PHA2,test,sub-03,111,17,rsa,0.06667443364858627
sub-04,V8,PHA3,test,sub-03,111,86,rsa,0.11757732182741165
sub-04,V8,PH,test,sub-03,111,280,rsa,0.34130072593688965
sub-04,FFC,V1,test,sub-03,312,361,rsa,0.11929813027381897
sub-04,FFC,V2,test,sub-03,312,525,rsa,0.11219749599695206
sub-04,FFC,V3,test,sub-03,312,361,rsa,0.1511579155921936
sub-04,FFC,V4,test,sub-03,312,555,rsa,0.2892341911792755
sub-04,FFC,V3A,test,sub-03,312,198,rsa,0.1253495216369629
sub-04,FFC,V3B,test,sub-03,312,149,rsa,0.13073138892650604
sub-04,FFC,V6,test,sub-03,312,157,rsa,0.15097036957740784
sub-04,FFC,V6A,test,sub-03,312,68,rsa,0.12660974264144897
sub-04,FFC,V7,test,sub-03,312,88,rsa,0.14690086245536804
sub-04,FFC,V8,test,sub-03,312,111,rsa,0.25552496314048767
sub-04,FFC,FFC,test,sub-03,312,301,rsa,0.4926697015762329
sub-04,FFC,PIT,test,sub-03,312,105,rsa,0.4115130305290222
sub-04,FFC,IPS1,test,sub-03,312,123,rsa,0.14837408065795898
sub-04,FFC,MST,test,sub-03,312,147,rsa,0.36718934774398804
sub-04,FFC,MT,test,sub-03,312,98,rsa,0.3768142759799957
sub-04,FFC,FST,test,sub-03,312,166,rsa,0.3076687455177307
sub-04,FFC,LO1,test,sub-03,312,74,rsa,0.39000290632247925
sub-04,FFC,LO2,test,sub-03,312,75,rsa,0.45574021339416504
sub-04,FFC,LO3,test,sub-03,312,124,rsa,0.3843947947025299
sub-04,FFC,V7,test,sub-03,312,88,rsa,0.14690086245536804
sub-04,FFC,IP0,test,sub-03,312,110,rsa,0.1301291286945343
sub-04,FFC,IP1,test,sub-03,312,17,rsa,0.006076446734368801
sub-04,FFC,MIP,test,sub-03,312,176,rsa,0.15190425515174866
sub-04,FFC,VIP,test,sub-03,312,150,rsa,0.14873120188713074
sub-04,FFC,LIPd,test,sub-03,312,22,rsa,0.020650003105401993
sub-04,FFC,LIPv,test,sub-03,312,178,rsa,0.09286057949066162
sub-04,FFC,AIP,test,sub-03,312,121,rsa,0.08814893662929535
sub-04,FFC,7Pm,test,sub-03,312,23,rsa,0.08444692194461823
sub-04,FFC,7PL,test,sub-03,312,32,rsa,0.037785932421684265
sub-04,FFC,7PC,test,sub-03,312,241,rsa,0.04087785631418228
sub-04,FFC,7Am,test,sub-03,312,115,rsa,0.05983489751815796
sub-04,FFC,7AL,test,sub-03,312,210,rsa,0.08033449947834015
sub-04,FFC,VVC,test,sub-03,312,185,rsa,0.2772585451602936
sub-04,FFC,VMV2,test,sub-03,312,108,rsa,0.2650713622570038
sub-04,FFC,VMV3,test,sub-03,312,111,rsa,0.17055834829807281
sub-04,FFC,VMV1,test,sub-03,312,73,rsa,0.30552542209625244
sub-04,FFC,PHA2,test,sub-03,312,17,rsa,0.1483723521232605
sub-04,FFC,PHA3,test,sub-03,312,86,rsa,0.2268882691860199
sub-04,FFC,PH,test,sub-03,312,280,rsa,0.5269421339035034
sub-04,PIT,V1,test,sub-03,118,361,rsa,0.10720880329608917
sub-04,PIT,V2,test,sub-03,118,525,rsa,0.1387910544872284
sub-04,PIT,V3,test,sub-03,118,361,rsa,0.17173664271831512
sub-04,PIT,V4,test,sub-03,118,555,rsa,0.29697751998901367
sub-04,PIT,V3A,test,sub-03,118,198,rsa,0.12189482152462006
sub-04,PIT,V3B,test,sub-03,118,149,rsa,0.15905602276325226
sub-04,PIT,V6,test,sub-03,118,157,rsa,0.057003866881132126
sub-04,PIT,V6A,test,sub-03,118,68,rsa,0.08934728801250458
sub-04,PIT,V7,test,sub-03,118,88,rsa,0.16258156299591064
sub-04,PIT,V8,test,sub-03,118,111,rsa,0.28222525119781494
sub-04,PIT,FFC,test,sub-03,118,301,rsa,0.4446184039115906
sub-04,PIT,PIT,test,sub-03,118,105,rsa,0.41702234745025635
sub-04,PIT,IPS1,test,sub-03,118,123,rsa,0.11517159640789032
sub-04,PIT,MST,test,sub-03,118,147,rsa,0.27459263801574707
sub-04,PIT,MT,test,sub-03,118,98,rsa,0.2904292047023773
sub-04,PIT,FST,test,sub-03,118,166,rsa,0.23816180229187012
sub-04,PIT,LO1,test,sub-03,118,74,rsa,0.5133315920829773
sub-04,PIT,LO2,test,sub-03,118,75,rsa,0.3202076554298401
sub-04,PIT,LO3,test,sub-03,118,124,rsa,0.4234396517276764
sub-04,PIT,V7,test,sub-03,118,88,rsa,0.16258156299591064
sub-04,PIT,IP0,test,sub-03,118,110,rsa,0.0877169519662857
sub-04,PIT,IP1,test,sub-03,118,17,rsa,0.008632827550172806
sub-04,PIT,MIP,test,sub-03,118,176,rsa,0.1173248142004013
sub-04,PIT,VIP,test,sub-03,118,150,rsa,0.144425630569458
sub-04,PIT,LIPd,test,sub-03,118,22,rsa,0.008900344371795654
sub-04,PIT,LIPv,test,sub-03,118,178,rsa,0.0980069637298584
sub-04,PIT,AIP,test,sub-03,118,121,rsa,0.025721678510308266
sub-04,PIT,7Pm,test,sub-03,118,23,rsa,0.09385088086128235
sub-04,PIT,7PL,test,sub-03,118,32,rsa,0.05734191834926605
sub-04,PIT,7PC,test,sub-03,118,241,rsa,0.024874137714505196
sub-04,PIT,7Am,test,sub-03,118,115,rsa,0.05856356769800186
sub-04,PIT,7AL,test,sub-03,118,210,rsa,0.05753329396247864
sub-04,PIT,VVC,test,sub-03,118,185,rsa,0.18563967943191528
sub-04,PIT,VMV2,test,sub-03,118,108,rsa,0.20559367537498474
sub-04,PIT,VMV3,test,sub-03,118,111,rsa,0.09187966585159302
sub-04,PIT,VMV1,test,sub-03,118,73,rsa,0.231334388256073
sub-04,PIT,PHA2,test,sub-03,118,17,rsa,0.1133580356836319
sub-04,PIT,PHA3,test,sub-03,118,86,rsa,0.22913572192192078
sub-04,PIT,PH,test,sub-03,118,280,rsa,0.5025968551635742
sub-04,IPS1,V1,test,sub-03,232,361,rsa,0.162458598613739
sub-04,IPS1,V2,test,sub-03,232,525,rsa,0.1501305103302002
sub-04,IPS1,V3,test,sub-03,232,361,rsa,0.15261444449424744
sub-04,IPS1,V4,test,sub-03,232,555,rsa,0.22759029269218445
sub-04,IPS1,V3A,test,sub-03,232,198,rsa,0.21450886130332947
sub-04,IPS1,V3B,test,sub-03,232,149,rsa,0.20282259583473206
sub-04,IPS1,V6,test,sub-03,232,157,rsa,0.25886914134025574
sub-04,IPS1,V6A,test,sub-03,232,68,rsa,0.390582799911499
sub-04,IPS1,V7,test,sub-03,232,88,rsa,0.29159191250801086
sub-04,IPS1,V8,test,sub-03,232,111,rsa,0.157064288854599
sub-04,IPS1,FFC,test,sub-03,232,301,rsa,0.2630177140235901
sub-04,IPS1,PIT,test,sub-03,232,105,rsa,0.21762511134147644
sub-04,IPS1,IPS1,test,sub-03,232,123,rsa,0.22620505094528198
sub-04,IPS1,MST,test,sub-03,232,147,rsa,0.288954496383667
sub-04,IPS1,MT,test,sub-03,232,98,rsa,0.24942132830619812
sub-04,IPS1,FST,test,sub-03,232,166,rsa,0.24260665476322174
sub-04,IPS1,LO1,test,sub-03,232,74,rsa,0.2182517647743225
sub-04,IPS1,LO2,test,sub-03,232,75,rsa,0.20638346672058105
sub-04,IPS1,LO3,test,sub-03,232,124,rsa,0.21318641304969788
sub-04,IPS1,V7,test,sub-03,232,88,rsa,0.29159191250801086
sub-04,IPS1,IP0,test,sub-03,232,110,rsa,0.24915745854377747
sub-04,IPS1,IP1,test,sub-03,232,17,rsa,0.04271157830953598
sub-04,IPS1,MIP,test,sub-03,232,176,rsa,0.12709181010723114
sub-04,IPS1,VIP,test,sub-03,232,150,rsa,0.2503124475479126
sub-04,IPS1,LIPd,test,sub-03,232,22,rsa,0.004984487313777208
sub-04,IPS1,LIPv,test,sub-03,232,178,rsa,0.12055906653404236
sub-04,IPS1,AIP,test,sub-03,232,121,rsa,0.08962562680244446
sub-04,IPS1,7Pm,test,sub-03,232,23,rsa,0.042829662561416626
sub-04,IPS1,7PL,test,sub-03,232,32,rsa,0.08601152896881104
sub-04,IPS1,7PC,test,sub-03,232,241,rsa,0.10939531028270721
sub-04,IPS1,7Am,test,sub-03,232,115,rsa,0.051354024559259415
sub-04,IPS1,7AL,test,sub-03,232,210,rsa,0.2033998668193817
sub-04,IPS1,VVC,test,sub-03,232,185,rsa,0.23275335133075714
sub-04,IPS1,VMV2,test,sub-03,232,108,rsa,0.239770770072937
sub-04,IPS1,VMV3,test,sub-03,232,111,rsa,0.24232202768325806
sub-04,IPS1,VMV1,test,sub-03,232,73,rsa,0.22714340686798096
sub-04,IPS1,PHA2,test,sub-03,232,17,rsa,0.1335320770740509
sub-04,IPS1,PHA3,test,sub-03,232,86,rsa,0.1795044243335724
sub-04,IPS1,PH,test,sub-03,232,280,rsa,0.1428612470626831
sub-04,MST,V1,test,sub-03,142,361,rsa,0.1577061116695404
sub-04,MST,V2,test,sub-03,142,525,rsa,0.1717061996459961
sub-04,MST,V3,test,sub-03,142,361,rsa,0.16616123914718628
sub-04,MST,V4,test,sub-03,142,555,rsa,0.27950626611709595
sub-04,MST,V3A,test,sub-03,142,198,rsa,0.2973420023918152
sub-04,MST,V3B,test,sub-03,142,149,rsa,0.24587807059288025
sub-04,MST,V6,test,sub-03,142,157,rsa,0.37060290575027466
sub-04,MST,V6A,test,sub-03,142,68,rsa,0.4008399248123169
sub-04,MST,V7,test,sub-03,142,88,rsa,0.3077595829963684
sub-04,MST,V8,test,sub-03,142,111,rsa,0.2250564694404602
sub-04,MST,FFC,test,sub-03,142,301,rsa,0.3709195852279663
sub-04,MST,PIT,test,sub-03,142,105,rsa,0.2659740149974823
sub-04,MST,IPS1,test,sub-03,142,123,rsa,0.19741806387901306
sub-04,MST,MST,test,sub-03,142,147,rsa,0.6130032539367676
sub-04,MST,MT,test,sub-03,142,98,rsa,0.39506763219833374
sub-04,MST,FST,test,sub-03,142,166,rsa,0.32283833622932434
sub-04,MST,LO1,test,sub-03,142,74,rsa,0.3032810091972351
sub-04,MST,LO2,test,sub-03,142,75,rsa,0.2962481379508972
sub-04,MST,LO3,test,sub-03,142,124,rsa,0.320947527885437
sub-04,MST,V7,test,sub-03,142,88,rsa,0.3077595829963684
sub-04,MST,IP0,test,sub-03,142,110,rsa,0.24360963702201843
sub-04,MST,IP1,test,sub-03,142,17,rsa,0.017185229808092117
sub-04,MST,MIP,test,sub-03,142,176,rsa,0.1459348499774933
sub-04,MST,VIP,test,sub-03,142,150,rsa,0.2255910336971283
sub-04,MST,LIPd,test,sub-03,142,22,rsa,0.033236511051654816
sub-04,MST,LIPv,test,sub-03,142,178,rsa,0.15147268772125244
sub-04,MST,AIP,test,sub-03,142,121,rsa,0.10490819811820984
sub-04,MST,7Pm,test,sub-03,142,23,rsa,0.11087469756603241
sub-04,MST,7PL,test,sub-03,142,32,rsa,0.09777406603097916
sub-04,MST,7PC,test,sub-03,142,241,rsa,0.0900072455406189
sub-04,MST,7Am,test,sub-03,142,115,rsa,0.09639446437358856
sub-04,MST,7AL,test,sub-03,142,210,rsa,0.17313094437122345
sub-04,MST,VVC,test,sub-03,142,185,rsa,0.24056421220302582
sub-04,MST,VMV2,test,sub-03,142,108,rsa,0.28554219007492065
sub-04,MST,VMV3,test,sub-03,142,111,rsa,0.26506704092025757
sub-04,MST,VMV1,test,sub-03,142,73,rsa,0.2813739776611328
sub-04,MST,PHA2,test,sub-03,142,17,rsa,0.17993608117103577
sub-04,MST,PHA3,test,sub-03,142,86,rsa,0.2518651485443115
sub-04,MST,PH,test,sub-03,142,280,rsa,0.2694617211818695
sub-04,MT,V1,test,sub-03,100,361,rsa,0.15354204177856445
sub-04,MT,V2,test,sub-03,100,525,rsa,0.22280381619930267
sub-04,MT,V3,test,sub-03,100,361,rsa,0.22130879759788513
sub-04,MT,V4,test,sub-03,100,555,rsa,0.24638450145721436
sub-04,MT,V3A,test,sub-03,100,198,rsa,0.32928693294525146
sub-04,MT,V3B,test,sub-03,100,149,rsa,0.21390129625797272
sub-04,MT,V6,test,sub-03,100,157,rsa,0.3530018925666809
sub-04,MT,V6A,test,sub-03,100,68,rsa,0.18266551196575165
sub-04,MT,V7,test,sub-03,100,88,rsa,0.20390348136425018
sub-04,MT,V8,test,sub-03,100,111,rsa,0.2169841229915619
sub-04,MT,FFC,test,sub-03,100,301,rsa,0.1836957037448883
sub-04,MT,PIT,test,sub-03,100,105,rsa,0.13682091236114502
sub-04,MT,IPS1,test,sub-03,100,123,rsa,0.07245863229036331
sub-04,MT,MST,test,sub-03,100,147,rsa,0.35579872131347656
sub-04,MT,MT,test,sub-03,100,98,rsa,0.406073659658432
sub-04,MT,FST,test,sub-03,100,166,rsa,0.15405596792697906
sub-04,MT,LO1,test,sub-03,100,74,rsa,0.12943191826343536
sub-04,MT,LO2,test,sub-03,100,75,rsa,0.16120439767837524
sub-04,MT,LO3,test,sub-03,100,124,rsa,0.19042475521564484
sub-04,MT,V7,test,sub-03,100,88,rsa,0.20390348136425018
sub-04,MT,IP0,test,sub-03,100,110,rsa,0.12298264354467392
sub-04,MT,IP1,test,sub-03,100,17,rsa,0.024936363101005554
sub-04,MT,MIP,test,sub-03,100,176,rsa,0.09136509150266647
sub-04,MT,VIP,test,sub-03,100,150,rsa,0.15732769668102264
sub-04,MT,LIPd,test,sub-03,100,22,rsa,0.03772763907909393
sub-04,MT,LIPv,test,sub-03,100,178,rsa,0.13133808970451355
sub-04,MT,AIP,test,sub-03,100,121,rsa,0.045946378260850906
sub-04,MT,7Pm,test,sub-03,100,23,rsa,0.19350767135620117
sub-04,MT,7PL,test,sub-03,100,32,rsa,0.026655931025743484
sub-04,MT,7PC,test,sub-03,100,241,rsa,0.048385463654994965
sub-04,MT,7Am,test,sub-03,100,115,rsa,0.09550410509109497
sub-04,MT,7AL,test,sub-03,100,210,rsa,0.07202531397342682
sub-04,MT,VVC,test,sub-03,100,185,rsa,0.12572665512561798
sub-04,MT,VMV2,test,sub-03,100,108,rsa,0.12897852063179016
sub-04,MT,VMV3,test,sub-03,100,111,rsa,0.09259705245494843
sub-04,MT,VMV1,test,sub-03,100,73,rsa,0.1113632470369339
sub-04,MT,PHA2,test,sub-03,100,17,rsa,0.057979606091976166
sub-04,MT,PHA3,test,sub-03,100,86,rsa,0.06591126322746277
sub-04,MT,PH,test,sub-03,100,280,rsa,0.13316471874713898
sub-04,FST,V1,test,sub-03,175,361,rsa,0.1065758690237999
sub-04,FST,V2,test,sub-03,175,525,rsa,0.13001298904418945
sub-04,FST,V3,test,sub-03,175,361,rsa,0.17381341755390167
sub-04,FST,V4,test,sub-03,175,555,rsa,0.2559392750263214
sub-04,FST,V3A,test,sub-03,175,198,rsa,0.23418857157230377
sub-04,FST,V3B,test,sub-03,175,149,rsa,0.20830655097961426
sub-04,FST,V6,test,sub-03,175,157,rsa,0.21628990769386292
sub-04,FST,V6A,test,sub-03,175,68,rsa,0.25603610277175903
sub-04,FST,V7,test,sub-03,175,88,rsa,0.29312360286712646
sub-04,FST,V8,test,sub-03,175,111,rsa,0.21732138097286224
sub-04,FST,FFC,test,sub-03,175,301,rsa,0.3298014998435974
sub-04,FST,PIT,test,sub-03,175,105,rsa,0.23690906167030334
sub-04,FST,IPS1,test,sub-03,175,123,rsa,0.18444646894931793
sub-04,FST,MST,test,sub-03,175,147,rsa,0.46857357025146484
sub-04,FST,MT,test,sub-03,175,98,rsa,0.41635265946388245
sub-04,FST,FST,test,sub-03,175,166,rsa,0.39263248443603516
sub-04,FST,LO1,test,sub-03,175,74,rsa,0.2996392250061035
sub-04,FST,LO2,test,sub-03,175,75,rsa,0.2660296559333801
sub-04,FST,LO3,test,sub-03,175,124,rsa,0.3813871443271637
sub-04,FST,V7,test,sub-03,175,88,rsa,0.29312360286712646
sub-04,FST,IP0,test,sub-03,175,110,rsa,0.20923641324043274
sub-04,FST,IP1,test,sub-03,175,17,rsa,0.04658181965351105
sub-04,FST,MIP,test,sub-03,175,176,rsa,0.14926567673683167
sub-04,FST,VIP,test,sub-03,175,150,rsa,0.17606998980045319
sub-04,FST,LIPd,test,sub-03,175,22,rsa,0.04671500623226166
sub-04,FST,LIPv,test,sub-03,175,178,rsa,0.1538381278514862
sub-04,FST,AIP,test,sub-03,175,121,rsa,0.13248863816261292
sub-04,FST,7Pm,test,sub-03,175,23,rsa,0.09789775311946869
sub-04,FST,7PL,test,sub-03,175,32,rsa,0.0583389550447464
sub-04,FST,7PC,test,sub-03,175,241,rsa,0.1127241775393486
sub-04,FST,7Am,test,sub-03,175,115,rsa,0.06945715844631195
sub-04,FST,7AL,test,sub-03,175,210,rsa,0.14956900477409363
sub-04,FST,VVC,test,sub-03,175,185,rsa,0.2405966967344284
sub-04,FST,VMV2,test,sub-03,175,108,rsa,0.2226238250732422
sub-04,FST,VMV3,test,sub-03,175,111,rsa,0.19346967339515686
sub-04,FST,VMV1,test,sub-03,175,73,rsa,0.25950750708580017
sub-04,FST,PHA2,test,sub-03,175,17,rsa,0.14019744098186493
sub-04,FST,PHA3,test,sub-03,175,86,rsa,0.13985180854797363
sub-04,FST,PH,test,sub-03,175,280,rsa,0.2480095624923706
sub-04,LO1,V1,test,sub-03,80,361,rsa,0.1436324566602707
sub-04,LO1,V2,test,sub-03,80,525,rsa,0.13695785403251648
sub-04,LO1,V3,test,sub-03,80,361,rsa,0.22611963748931885
sub-04,LO1,V4,test,sub-03,80,555,rsa,0.2515850067138672
sub-04,LO1,V3A,test,sub-03,80,198,rsa,0.16923221945762634
sub-04,LO1,V3B,test,sub-03,80,149,rsa,0.185432568192482
sub-04,LO1,V6,test,sub-03,80,157,rsa,0.09483736753463745
sub-04,LO1,V6A,test,sub-03,80,68,rsa,0.11652110517024994
sub-04,LO1,V7,test,sub-03,80,88,rsa,0.2088138461112976
sub-04,LO1,V8,test,sub-03,80,111,rsa,0.18747375905513763
sub-04,LO1,FFC,test,sub-03,80,301,rsa,0.20095738768577576
sub-04,LO1,PIT,test,sub-03,80,105,rsa,0.23550117015838623
sub-04,LO1,IPS1,test,sub-03,80,123,rsa,0.09252835810184479
sub-04,LO1,MST,test,sub-03,80,147,rsa,0.22659102082252502
sub-04,LO1,MT,test,sub-03,80,98,rsa,0.34223970770835876
sub-04,LO1,FST,test,sub-03,80,166,rsa,0.1887209415435791
sub-04,LO1,LO1,test,sub-03,80,74,rsa,0.29115211963653564
sub-04,LO1,LO2,test,sub-03,80,75,rsa,0.2544209659099579
sub-04,LO1,LO3,test,sub-03,80,124,rsa,0.30420172214508057
sub-04,LO1,V7,test,sub-03,80,88,rsa,0.2088138461112976
sub-04,LO1,IP0,test,sub-03,80,110,rsa,0.10391447693109512
sub-04,LO1,IP1,test,sub-03,80,17,rsa,0.0058932555839419365
sub-04,LO1,MIP,test,sub-03,80,176,rsa,0.08533254265785217
sub-04,LO1,VIP,test,sub-03,80,150,rsa,0.09616826474666595
sub-04,LO1,LIPd,test,sub-03,80,22,rsa,0.01586908847093582
sub-04,LO1,LIPv,test,sub-03,80,178,rsa,0.1124359592795372
sub-04,LO1,AIP,test,sub-03,80,121,rsa,0.024570634588599205
sub-04,LO1,7Pm,test,sub-03,80,23,rsa,0.0885315090417862
sub-04,LO1,7PL,test,sub-03,80,32,rsa,0.011328602209687233
sub-04,LO1,7PC,test,sub-03,80,241,rsa,0.056574445217847824
sub-04,LO1,7Am,test,sub-03,80,115,rsa,0.047793544828891754
sub-04,LO1,7AL,test,sub-03,80,210,rsa,0.04296564683318138
sub-04,LO1,VVC,test,sub-03,80,185,rsa,0.1291123330593109
sub-04,LO1,VMV2,test,sub-03,80,108,rsa,0.09221503138542175
sub-04,LO1,VMV3,test,sub-03,80,111,rsa,0.07350686192512512
sub-04,LO1,VMV1,test,sub-03,80,73,rsa,0.10696124285459518
sub-04,LO1,PHA2,test,sub-03,80,17,rsa,0.029372520744800568
sub-04,LO1,PHA3,test,sub-03,80,86,rsa,0.11146177351474762
sub-04,LO1,PH,test,sub-03,80,280,rsa,0.14396193623542786
sub-04,LO2,V1,test,sub-03,83,361,rsa,0.1278303861618042
sub-04,LO2,V2,test,sub-03,83,525,rsa,0.14782512187957764
sub-04,LO2,V3,test,sub-03,83,361,rsa,0.20087391138076782
sub-04,LO2,V4,test,sub-03,83,555,rsa,0.32697635889053345
sub-04,LO2,V3A,test,sub-03,83,198,rsa,0.23740199208259583
sub-04,LO2,V3B,test,sub-03,83,149,rsa,0.19952255487442017
sub-04,LO2,V6,test,sub-03,83,157,rsa,0.16600202023983002
sub-04,LO2,V6A,test,sub-03,83,68,rsa,0.17237886786460876
sub-04,LO2,V7,test,sub-03,83,88,rsa,0.279728502035141
sub-04,LO2,V8,test,sub-03,83,111,rsa,0.302040159702301
sub-04,LO2,FFC,test,sub-03,83,301,rsa,0.3775179386138916
sub-04,LO2,PIT,test,sub-03,83,105,rsa,0.30960679054260254
sub-04,LO2,IPS1,test,sub-03,83,123,rsa,0.13996264338493347
sub-04,LO2,MST,test,sub-03,83,147,rsa,0.35351452231407166
sub-04,LO2,MT,test,sub-03,83,98,rsa,0.4490474462509155
sub-04,LO2,FST,test,sub-03,83,166,rsa,0.30194735527038574
sub-04,LO2,LO1,test,sub-03,83,74,rsa,0.5002155303955078
sub-04,LO2,LO2,test,sub-03,83,75,rsa,0.383304625749588
sub-04,LO2,LO3,test,sub-03,83,124,rsa,0.478274941444397
sub-04,LO2,V7,test,sub-03,83,88,rsa,0.279728502035141
sub-04,LO2,IP0,test,sub-03,83,110,rsa,0.13672737777233124
sub-04,LO2,IP1,test,sub-03,83,17,rsa,0.01158861629664898
sub-04,LO2,MIP,test,sub-03,83,176,rsa,0.14793170988559723
sub-04,LO2,VIP,test,sub-03,83,150,rsa,0.18993717432022095
sub-04,LO2,LIPd,test,sub-03,83,22,rsa,0.041595280170440674
sub-04,LO2,LIPv,test,sub-03,83,178,rsa,0.1856280416250229
sub-04,LO2,AIP,test,sub-03,83,121,rsa,0.10632254183292389
sub-04,LO2,7Pm,test,sub-03,83,23,rsa,0.13136014342308044
sub-04,LO2,7PL,test,sub-03,83,32,rsa,0.04826131835579872
sub-04,LO2,7PC,test,sub-03,83,241,rsa,0.10523001849651337
sub-04,LO2,7Am,test,sub-03,83,115,rsa,0.0743957906961441
sub-04,LO2,7AL,test,sub-03,83,210,rsa,0.10067091882228851
sub-04,LO2,VVC,test,sub-03,83,185,rsa,0.1984642595052719
sub-04,LO2,VMV2,test,sub-03,83,108,rsa,0.20281493663787842
sub-04,LO2,VMV3,test,sub-03,83,111,rsa,0.11625930666923523
sub-04,LO2,VMV1,test,sub-03,83,73,rsa,0.26923394203186035
sub-04,LO2,PHA2,test,sub-03,83,17,rsa,0.10954467952251434
sub-04,LO2,PHA3,test,sub-03,83,86,rsa,0.1870245337486267
sub-04,LO2,PH,test,sub-03,83,280,rsa,0.3851209878921509
sub-04,LO3,V1,test,sub-03,118,361,rsa,0.09476397931575775
sub-04,LO3,V2,test,sub-03,118,525,rsa,0.129301056265831
sub-04,LO3,V3,test,sub-03,118,361,rsa,0.2119460105895996
sub-04,LO3,V4,test,sub-03,118,555,rsa,0.2755594551563263
sub-04,LO3,V3A,test,sub-03,118,198,rsa,0.26177382469177246
sub-04,LO3,V3B,test,sub-03,118,149,rsa,0.2292558252811432
sub-04,LO3,V6,test,sub-03,118,157,rsa,0.2498997002840042
sub-04,LO3,V6A,test,sub-03,118,68,rsa,0.22771328687667847
sub-04,LO3,V7,test,sub-03,118,88,rsa,0.4112577438354492
sub-04,LO3,V8,test,sub-03,118,111,rsa,0.2839675545692444
sub-04,LO3,FFC,test,sub-03,118,301,rsa,0.28434547781944275
sub-04,LO3,PIT,test,sub-03,118,105,rsa,0.22088417410850525
sub-04,LO3,IPS1,test,sub-03,118,123,rsa,0.1683114767074585
sub-04,LO3,MST,test,sub-03,118,147,rsa,0.5013526082038879
sub-04,LO3,MT,test,sub-03,118,98,rsa,0.540103554725647
sub-04,LO3,FST,test,sub-03,118,166,rsa,0.3692777752876282
sub-04,LO3,LO1,test,sub-03,118,74,rsa,0.3361446261405945
sub-04,LO3,LO2,test,sub-03,118,75,rsa,0.26279157400131226
sub-04,LO3,LO3,test,sub-03,118,124,rsa,0.46842625737190247
sub-04,LO3,V7,test,sub-03,118,88,rsa,0.4112577438354492
sub-04,LO3,IP0,test,sub-03,118,110,rsa,0.17562335729599
sub-04,LO3,IP1,test,sub-03,118,17,rsa,0.024544348940253258
sub-04,LO3,MIP,test,sub-03,118,176,rsa,0.13316798210144043
sub-04,LO3,VIP,test,sub-03,118,150,rsa,0.18693920969963074
sub-04,LO3,LIPd,test,sub-03,118,22,rsa,0.003949166275560856
sub-04,LO3,LIPv,test,sub-03,118,178,rsa,0.10410363227128983
sub-04,LO3,AIP,test,sub-03,118,121,rsa,0.0877717062830925
sub-04,LO3,7Pm,test,sub-03,118,23,rsa,0.0878649353981018
sub-04,LO3,7PL,test,sub-03,118,32,rsa,0.027220334857702255
sub-04,LO3,7PC,test,sub-03,118,241,rsa,0.08960086852312088
sub-04,LO3,7Am,test,sub-03,118,115,rsa,0.05331243947148323
sub-04,LO3,7AL,test,sub-03,118,210,rsa,0.09108176827430725
sub-04,LO3,VVC,test,sub-03,118,185,rsa,0.189896821975708
sub-04,LO3,VMV2,test,sub-03,118,108,rsa,0.20653972029685974
sub-04,LO3,VMV3,test,sub-03,118,111,rsa,0.11770835518836975
sub-04,LO3,VMV1,test,sub-03,118,73,rsa,0.2788959741592407
sub-04,LO3,PHA2,test,sub-03,118,17,rsa,0.08371265232563019
sub-04,LO3,PHA3,test,sub-03,118,86,rsa,0.09611935168504715
sub-04,LO3,PH,test,sub-03,118,280,rsa,0.19073167443275452
sub-04,V7,V1,test,sub-03,77,361,rsa,0.0774824321269989
sub-04,V7,V2,test,sub-03,77,525,rsa,0.09725067019462585
sub-04,V7,V3,test,sub-03,77,361,rsa,0.0973876342177391
sub-04,V7,V4,test,sub-03,77,555,rsa,0.1589335799217224
sub-04,V7,V3A,test,sub-03,77,198,rsa,0.28868693113327026
sub-04,V7,V3B,test,sub-03,77,149,rsa,0.14098034799098969
sub-04,V7,V6,test,sub-03,77,157,rsa,0.12780475616455078
sub-04,V7,V6A,test,sub-03,77,68,rsa,0.22546923160552979
sub-04,V7,V7,test,sub-03,77,88,rsa,0.24001042544841766
sub-04,V7,V8,test,sub-03,77,111,rsa,0.10175842046737671
sub-04,V7,FFC,test,sub-03,77,301,rsa,0.083772674202919
sub-04,V7,PIT,test,sub-03,77,105,rsa,0.1031431332230568
sub-04,V7,IPS1,test,sub-03,77,123,rsa,0.12306863069534302
sub-04,V7,MST,test,sub-03,77,147,rsa,0.15063637495040894
sub-04,V7,MT,test,sub-03,77,98,rsa,0.1557886302471161
sub-04,V7,FST,test,sub-03,77,166,rsa,0.17604921758174896
sub-04,V7,LO1,test,sub-03,77,74,rsa,0.12517692148685455
sub-04,V7,LO2,test,sub-03,77,75,rsa,0.10022380203008652
sub-04,V7,LO3,test,sub-03,77,124,rsa,0.15043511986732483
sub-04,V7,V7,test,sub-03,77,88,rsa,0.24001042544841766
sub-04,V7,IP0,test,sub-03,77,110,rsa,0.1607961803674698
sub-04,V7,IP1,test,sub-03,77,17,rsa,0.05169692635536194
sub-04,V7,MIP,test,sub-03,77,176,rsa,0.06468947231769562
sub-04,V7,VIP,test,sub-03,77,150,rsa,0.11222431808710098
sub-04,V7,LIPd,test,sub-03,77,22,rsa,0.05692732334136963
sub-04,V7,LIPv,test,sub-03,77,178,rsa,0.07852143049240112
sub-04,V7,AIP,test,sub-03,77,121,rsa,0.019306020811200142
sub-04,V7,7Pm,test,sub-03,77,23,rsa,0.047124117612838745
sub-04,V7,7PL,test,sub-03,77,32,rsa,0.03048383630812168
sub-04,V7,7PC,test,sub-03,77,241,rsa,0.08736661076545715
sub-04,V7,7Am,test,sub-03,77,115,rsa,0.024886250495910645
sub-04,V7,7AL,test,sub-03,77,210,rsa,0.10435616970062256
sub-04,V7,VVC,test,sub-03,77,185,rsa,0.06271058320999146
sub-04,V7,VMV2,test,sub-03,77,108,rsa,0.10226622968912125
sub-04,V7,VMV3,test,sub-03,77,111,rsa,0.09967872500419617
sub-04,V7,VMV1,test,sub-03,77,73,rsa,0.07282387465238571
sub-04,V7,PHA2,test,sub-03,77,17,rsa,0.04836789891123772
sub-04,V7,PHA3,test,sub-03,77,86,rsa,0.06666912138462067
sub-04,V7,PH,test,sub-03,77,280,rsa,0.06727851927280426
sub-04,IP0,V1,test,sub-03,196,361,rsa,0.20110955834388733
sub-04,IP0,V2,test,sub-03,196,525,rsa,0.1844923198223114
sub-04,IP0,V3,test,sub-03,196,361,rsa,0.18560408055782318
sub-04,IP0,V4,test,sub-03,196,555,rsa,0.3052605986595154
sub-04,IP0,V3A,test,sub-03,196,198,rsa,0.20752626657485962
sub-04,IP0,V3B,test,sub-03,196,149,rsa,0.26261216402053833
sub-04,IP0,V6,test,sub-03,196,157,rsa,0.25659459829330444
sub-04,IP0,V6A,test,sub-03,196,68,rsa,0.3216440677642822
sub-04,IP0,V7,test,sub-03,196,88,rsa,0.21394407749176025
sub-04,IP0,V8,test,sub-03,196,111,rsa,0.22293266654014587
sub-04,IP0,FFC,test,sub-03,196,301,rsa,0.38813358545303345
sub-04,IP0,PIT,test,sub-03,196,105,rsa,0.2971150279045105
sub-04,IP0,IPS1,test,sub-03,196,123,rsa,0.23631280660629272
sub-04,IP0,MST,test,sub-03,196,147,rsa,0.3043566346168518
sub-04,IP0,MT,test,sub-03,196,98,rsa,0.26256898045539856
sub-04,IP0,FST,test,sub-03,196,166,rsa,0.2720716595649719
sub-04,IP0,LO1,test,sub-03,196,74,rsa,0.2471676468849182
sub-04,IP0,LO2,test,sub-03,196,75,rsa,0.264607310295105
sub-04,IP0,LO3,test,sub-03,196,124,rsa,0.2222912609577179
sub-04,IP0,V7,test,sub-03,196,88,rsa,0.21394407749176025
sub-04,IP0,IP0,test,sub-03,196,110,rsa,0.322375625371933
sub-04,IP0,IP1,test,sub-03,196,17,rsa,0.05872770771384239
sub-04,IP0,MIP,test,sub-03,196,176,rsa,0.1548684537410736
sub-04,IP0,VIP,test,sub-03,196,150,rsa,0.2234257310628891
sub-04,IP0,LIPd,test,sub-03,196,22,rsa,0.04533170908689499
sub-04,IP0,LIPv,test,sub-03,196,178,rsa,0.11798098683357239
sub-04,IP0,AIP,test,sub-03,196,121,rsa,0.09659824520349503
sub-04,IP0,7Pm,test,sub-03,196,23,rsa,0.07428981363773346
sub-04,IP0,7PL,test,sub-03,196,32,rsa,0.11054025590419769
sub-04,IP0,7PC,test,sub-03,196,241,rsa,0.09241786599159241
sub-04,IP0,7Am,test,sub-03,196,115,rsa,0.05237288028001785
sub-04,IP0,7AL,test,sub-03,196,210,rsa,0.14965608716011047
sub-04,IP0,VVC,test,sub-03,196,185,rsa,0.27848020195961
sub-04,IP0,VMV2,test,sub-03,196,108,rsa,0.31578412652015686
sub-04,IP0,VMV3,test,sub-03,196,111,rsa,0.32684168219566345
sub-04,IP0,VMV1,test,sub-03,196,73,rsa,0.26965147256851196
sub-04,IP0,PHA2,test,sub-03,196,17,rsa,0.20228473842144012
sub-04,IP0,PHA3,test,sub-03,196,86,rsa,0.2584802806377411
sub-04,IP0,PH,test,sub-03,196,280,rsa,0.25775814056396484
sub-04,IP1,V1,test,sub-03,49,361,rsa,0.07037083804607391
sub-04,IP1,V2,test,sub-03,49,525,rsa,0.0632655993103981
sub-04,IP1,V3,test,sub-03,49,361,rsa,0.054242152720689774
sub-04,IP1,V4,test,sub-03,49,555,rsa,0.09748092293739319
sub-04,IP1,V3A,test,sub-03,49,198,rsa,0.08002705872058868
sub-04,IP1,V3B,test,sub-03,49,149,rsa,0.06210548058152199
sub-04,IP1,V6,test,sub-03,49,157,rsa,0.06646471470594406
sub-04,IP1,V6A,test,sub-03,49,68,rsa,0.1357097029685974
sub-04,IP1,V7,test,sub-03,49,88,rsa,0.09431784600019455
sub-04,IP1,V8,test,sub-03,49,111,rsa,0.0969276875257492
sub-04,IP1,FFC,test,sub-03,49,301,rsa,0.12524068355560303
sub-04,IP1,PIT,test,sub-03,49,105,rsa,0.11521124094724655
sub-04,IP1,IPS1,test,sub-03,49,123,rsa,0.08912685513496399
sub-04,IP1,MST,test,sub-03,49,147,rsa,0.09626731276512146
sub-04,IP1,MT,test,sub-03,49,98,rsa,0.14105746150016785
sub-04,IP1,FST,test,sub-03,49,166,rsa,0.10334768891334534
sub-04,IP1,LO1,test,sub-03,49,74,rsa,0.10602971911430359
sub-04,IP1,LO2,test,sub-03,49,75,rsa,0.11069479584693909
sub-04,IP1,LO3,test,sub-03,49,124,rsa,0.11636456102132797
sub-04,IP1,V7,test,sub-03,49,88,rsa,0.09431784600019455
sub-04,IP1,IP0,test,sub-03,49,110,rsa,0.11738742887973785
sub-04,IP1,IP1,test,sub-03,49,17,rsa,0.027722394093871117
sub-04,IP1,MIP,test,sub-03,49,176,rsa,0.050285447388887405
sub-04,IP1,VIP,test,sub-03,49,150,rsa,0.03477494418621063
sub-04,IP1,LIPd,test,sub-03,49,22,rsa,0.008885446935892105
sub-04,IP1,LIPv,test,sub-03,49,178,rsa,0.05741433799266815
sub-04,IP1,AIP,test,sub-03,49,121,rsa,0.02048705331981182
sub-04,IP1,7Pm,test,sub-03,49,23,rsa,0.0467405691742897
sub-04,IP1,7PL,test,sub-03,49,32,rsa,0.04591323435306549
sub-04,IP1,7PC,test,sub-03,49,241,rsa,0.045830391347408295
sub-04,IP1,7Am,test,sub-03,49,115,rsa,0.009706603363156319
sub-04,IP1,7AL,test,sub-03,49,210,rsa,0.05331730097532272
sub-04,IP1,VVC,test,sub-03,49,185,rsa,0.12917204201221466
sub-04,IP1,VMV2,test,sub-03,49,108,rsa,0.08761557936668396
sub-04,IP1,VMV3,test,sub-03,49,111,rsa,0.08609044551849365
sub-04,IP1,VMV1,test,sub-03,49,73,rsa,0.09205935150384903
sub-04,IP1,PHA2,test,sub-03,49,17,rsa,0.05505899339914322
sub-04,IP1,PHA3,test,sub-03,49,86,rsa,0.08904773741960526
sub-04,IP1,PH,test,sub-03,49,280,rsa,0.10706119984388351
sub-04,MIP,V1,test,sub-03,237,361,rsa,0.13733237981796265
sub-04,MIP,V2,test,sub-03,237,525,rsa,0.14698803424835205
sub-04,MIP,V3,test,sub-03,237,361,rsa,0.12622269988059998
sub-04,MIP,V4,test,sub-03,237,555,rsa,0.21237026154994965
sub-04,MIP,V3A,test,sub-03,237,198,rsa,0.1598241776227951
sub-04,MIP,V3B,test,sub-03,237,149,rsa,0.19961503148078918
sub-04,MIP,V6,test,sub-03,237,157,rsa,0.21489158272743225
sub-04,MIP,V6A,test,sub-03,237,68,rsa,0.19093546271324158
sub-04,MIP,V7,test,sub-03,237,88,rsa,0.11808367073535919
sub-04,MIP,V8,test,sub-03,237,111,rsa,0.1790253072977066
sub-04,MIP,FFC,test,sub-03,237,301,rsa,0.283416748046875
sub-04,MIP,PIT,test,sub-03,237,105,rsa,0.17791283130645752
sub-04,MIP,IPS1,test,sub-03,237,123,rsa,0.13746903836727142
sub-04,MIP,MST,test,sub-03,237,147,rsa,0.23004236817359924
sub-04,MIP,MT,test,sub-03,237,98,rsa,0.17935088276863098
sub-04,MIP,FST,test,sub-03,237,166,rsa,0.17056600749492645
sub-04,MIP,LO1,test,sub-03,237,74,rsa,0.12882691621780396
sub-04,MIP,LO2,test,sub-03,237,75,rsa,0.14886069297790527
sub-04,MIP,LO3,test,sub-03,237,124,rsa,0.18310028314590454
sub-04,MIP,V7,test,sub-03,237,88,rsa,0.11808367073535919
sub-04,MIP,IP0,test,sub-03,237,110,rsa,0.19611084461212158
sub-04,MIP,IP1,test,sub-03,237,17,rsa,0.040774568915367126
sub-04,MIP,MIP,test,sub-03,237,176,rsa,0.16822011768817902
sub-04,MIP,VIP,test,sub-03,237,150,rsa,0.1319572925567627
sub-04,MIP,LIPd,test,sub-03,237,22,rsa,0.011470230296254158
sub-04,MIP,LIPv,test,sub-03,237,178,rsa,0.0938580259680748
sub-04,MIP,AIP,test,sub-03,237,121,rsa,0.08451203256845474
sub-04,MIP,7Pm,test,sub-03,237,23,rsa,0.07609599083662033
sub-04,MIP,7PL,test,sub-03,237,32,rsa,0.1023416519165039
sub-04,MIP,7PC,test,sub-03,237,241,rsa,0.06458573043346405
sub-04,MIP,7Am,test,sub-03,237,115,rsa,0.04165101796388626
sub-04,MIP,7AL,test,sub-03,237,210,rsa,0.11654049158096313
sub-04,MIP,VVC,test,sub-03,237,185,rsa,0.23574897646903992
sub-04,MIP,VMV2,test,sub-03,237,108,rsa,0.232558935880661
sub-04,MIP,VMV3,test,sub-03,237,111,rsa,0.20361892879009247
sub-04,MIP,VMV1,test,sub-03,237,73,rsa,0.24066480994224548
sub-04,MIP,PHA2,test,sub-03,237,17,rsa,0.1181289479136467
sub-04,MIP,PHA3,test,sub-03,237,86,rsa,0.15296751260757446
sub-04,MIP,PH,test,sub-03,237,280,rsa,0.1761709749698639
sub-04,VIP,V1,test,sub-03,198,361,rsa,0.08171843737363815
sub-04,VIP,V2,test,sub-03,198,525,rsa,0.10712313652038574
sub-04,VIP,V3,test,sub-03,198,361,rsa,0.09992196410894394
sub-04,VIP,V4,test,sub-03,198,555,rsa,0.17498542368412018
sub-04,VIP,V3A,test,sub-03,198,198,rsa,0.08747238665819168
sub-04,VIP,V3B,test,sub-03,198,149,rsa,0.1046437993645668
sub-04,VIP,V6,test,sub-03,198,157,rsa,0.1343821883201599
sub-04,VIP,V6A,test,sub-03,198,68,rsa,0.08614194393157959
sub-04,VIP,V7,test,sub-03,198,88,rsa,0.07478828728199005
sub-04,VIP,V8,test,sub-03,198,111,rsa,0.10893470048904419
sub-04,VIP,FFC,test,sub-03,198,301,rsa,0.19320091605186462
sub-04,VIP,PIT,test,sub-03,198,105,rsa,0.13968431949615479
sub-04,VIP,IPS1,test,sub-03,198,123,rsa,0.10643253475427628
sub-04,VIP,MST,test,sub-03,198,147,rsa,0.13072583079338074
sub-04,VIP,MT,test,sub-03,198,98,rsa,0.1051856055855751
sub-04,VIP,FST,test,sub-03,198,166,rsa,0.14356280863285065
sub-04,VIP,LO1,test,sub-03,198,74,rsa,0.1677103042602539
sub-04,VIP,LO2,test,sub-03,198,75,rsa,0.12114758789539337
sub-04,VIP,LO3,test,sub-03,198,124,rsa,0.13922561705112457
sub-04,VIP,V7,test,sub-03,198,88,rsa,0.07478828728199005
sub-04,VIP,IP0,test,sub-03,198,110,rsa,0.13069404661655426
sub-04,VIP,IP1,test,sub-03,198,17,rsa,0.011799950152635574
sub-04,VIP,MIP,test,sub-03,198,176,rsa,0.09361079335212708
sub-04,VIP,VIP,test,sub-03,198,150,rsa,0.1519317924976349
sub-04,VIP,LIPd,test,sub-03,198,22,rsa,-0.0028057177551090717
sub-04,VIP,LIPv,test,sub-03,198,178,rsa,0.03172652795910835
sub-04,VIP,AIP,test,sub-03,198,121,rsa,0.08679328113794327
sub-04,VIP,7Pm,test,sub-03,198,23,rsa,0.025642789900302887
sub-04,VIP,7PL,test,sub-03,198,32,rsa,0.07273617386817932
sub-04,VIP,7PC,test,sub-03,198,241,rsa,0.06207024306058884
sub-04,VIP,7Am,test,sub-03,198,115,rsa,0.047677669674158096
sub-04,VIP,7AL,test,sub-03,198,210,rsa,0.12303143739700317
sub-04,VIP,VVC,test,sub-03,198,185,rsa,0.17925631999969482
sub-04,VIP,VMV2,test,sub-03,198,108,rsa,0.174592062830925
sub-04,VIP,VMV3,test,sub-03,198,111,rsa,0.1514100879430771
sub-04,VIP,VMV1,test,sub-03,198,73,rsa,0.14914292097091675
sub-04,VIP,PHA2,test,sub-03,198,17,rsa,0.11969669163227081
sub-04,VIP,PHA3,test,sub-03,198,86,rsa,0.1318085938692093
sub-04,VIP,PH,test,sub-03,198,280,rsa,0.12147188186645508
sub-04,LIPd,V1,test,sub-03,28,361,rsa,0.013870114460587502
sub-04,LIPd,V2,test,sub-03,28,525,rsa,0.02535145729780197
sub-04,LIPd,V3,test,sub-03,28,361,rsa,0.014080897904932499
sub-04,LIPd,V4,test,sub-03,28,555,rsa,0.05264800041913986
sub-04,LIPd,V3A,test,sub-03,28,198,rsa,0.03520641103386879
sub-04,LIPd,V3B,test,sub-03,28,149,rsa,0.027975007891654968
sub-04,LIPd,V6,test,sub-03,28,157,rsa,0.052424121648073196
sub-04,LIPd,V6A,test,sub-03,28,68,rsa,-0.0013733608648180962
sub-04,LIPd,V7,test,sub-03,28,88,rsa,-0.0022916560992598534
sub-04,LIPd,V8,test,sub-03,28,111,rsa,0.05972786992788315
sub-04,LIPd,FFC,test,sub-03,28,301,rsa,0.0725482776761055
sub-04,LIPd,PIT,test,sub-03,28,105,rsa,0.050790853798389435
sub-04,LIPd,IPS1,test,sub-03,28,123,rsa,0.012671052478253841
sub-04,LIPd,MST,test,sub-03,28,147,rsa,0.036259379237890244
sub-04,LIPd,MT,test,sub-03,28,98,rsa,0.036865390837192535
sub-04,LIPd,FST,test,sub-03,28,166,rsa,0.061332520097494125
sub-04,LIPd,LO1,test,sub-03,28,74,rsa,0.1008395329117775
sub-04,LIPd,LO2,test,sub-03,28,75,rsa,0.02385026589035988
sub-04,LIPd,LO3,test,sub-03,28,124,rsa,0.08345068991184235
sub-04,LIPd,V7,test,sub-03,28,88,rsa,-0.0022916560992598534
sub-04,LIPd,IP0,test,sub-03,28,110,rsa,0.024812163785099983
sub-04,LIPd,IP1,test,sub-03,28,17,rsa,-0.018994465470314026
sub-04,LIPd,MIP,test,sub-03,28,176,rsa,0.02689509466290474
sub-04,LIPd,VIP,test,sub-03,28,150,rsa,0.05071232467889786
sub-04,LIPd,LIPd,test,sub-03,28,22,rsa,0.012108362279832363
sub-04,LIPd,LIPv,test,sub-03,28,178,rsa,0.059367917478084564
sub-04,LIPd,AIP,test,sub-03,28,121,rsa,0.01313224621117115
sub-04,LIPd,7Pm,test,sub-03,28,23,rsa,0.04122926667332649
sub-04,LIPd,7PL,test,sub-03,28,32,rsa,0.03115939162671566
sub-04,LIPd,7PC,test,sub-03,28,241,rsa,-0.009594239294528961
sub-04,LIPd,7Am,test,sub-03,28,115,rsa,0.011266406625509262
sub-04,LIPd,7AL,test,sub-03,28,210,rsa,0.03052067756652832
sub-04,LIPd,VVC,test,sub-03,28,185,rsa,0.015273112803697586
sub-04,LIPd,VMV2,test,sub-03,28,108,rsa,0.08029553294181824
sub-04,LIPd,VMV3,test,sub-03,28,111,rsa,0.0218028724193573
sub-04,LIPd,VMV1,test,sub-03,28,73,rsa,0.0885116457939148
sub-04,LIPd,PHA2,test,sub-03,28,17,rsa,0.04413497447967529
sub-04,LIPd,PHA3,test,sub-03,28,86,rsa,0.0824524313211441
sub-04,LIPd,PH,test,sub-03,28,280,rsa,0.11910988390445709
sub-04,LIPv,V1,test,sub-03,149,361,rsa,0.0423758327960968
sub-04,LIPv,V2,test,sub-03,149,525,rsa,0.04294225573539734
sub-04,LIPv,V3,test,sub-03,149,361,rsa,0.04098359867930412
sub-04,LIPv,V4,test,sub-03,149,555,rsa,0.07931157201528549
sub-04,LIPv,V3A,test,sub-03,149,198,rsa,0.06457081437110901
sub-04,LIPv,V3B,test,sub-03,149,149,rsa,0.10734891891479492
sub-04,LIPv,V6,test,sub-03,149,157,rsa,0.05663211643695831
sub-04,LIPv,V6A,test,sub-03,149,68,rsa,0.047444313764572144
sub-04,LIPv,V7,test,sub-03,149,88,rsa,0.07153733819723129
sub-04,LIPv,V8,test,sub-03,149,111,rsa,0.06836435943841934
sub-04,LIPv,FFC,test,sub-03,149,301,rsa,0.11899472028017044
sub-04,LIPv,PIT,test,sub-03,149,105,rsa,0.08125714212656021
sub-04,LIPv,IPS1,test,sub-03,149,123,rsa,0.06572471559047699
sub-04,LIPv,MST,test,sub-03,149,147,rsa,0.07641062885522842
sub-04,LIPv,MT,test,sub-03,149,98,rsa,0.046372778713703156
sub-04,LIPv,FST,test,sub-03,149,166,rsa,0.12136391550302505
sub-04,LIPv,LO1,test,sub-03,149,74,rsa,0.10614341497421265
sub-04,LIPv,LO2,test,sub-03,149,75,rsa,0.04300674796104431
sub-04,LIPv,LO3,test,sub-03,149,124,rsa,0.07673550397157669
sub-04,LIPv,V7,test,sub-03,149,88,rsa,0.07153733819723129
sub-04,LIPv,IP0,test,sub-03,149,110,rsa,0.09157435595989227
sub-04,LIPv,IP1,test,sub-03,149,17,rsa,0.01848679967224598
sub-04,LIPv,MIP,test,sub-03,149,176,rsa,0.09270486235618591
sub-04,LIPv,VIP,test,sub-03,149,150,rsa,0.07262621074914932
sub-04,LIPv,LIPd,test,sub-03,149,22,rsa,0.011582832783460617
sub-04,LIPv,LIPv,test,sub-03,149,178,rsa,0.08222482353448868
sub-04,LIPv,AIP,test,sub-03,149,121,rsa,0.05064920336008072
sub-04,LIPv,7Pm,test,sub-03,149,23,rsa,0.051519010215997696
sub-04,LIPv,7PL,test,sub-03,149,32,rsa,0.0320163369178772
sub-04,LIPv,7PC,test,sub-03,149,241,rsa,0.036671869456768036
sub-04,LIPv,7Am,test,sub-03,149,115,rsa,0.01448727585375309
sub-04,LIPv,7AL,test,sub-03,149,210,rsa,0.05604735016822815
sub-04,LIPv,VVC,test,sub-03,149,185,rsa,0.060302507132291794
sub-04,LIPv,VMV2,test,sub-03,149,108,rsa,0.10387583076953888
sub-04,LIPv,VMV3,test,sub-03,149,111,rsa,0.06440771371126175
sub-04,LIPv,VMV1,test,sub-03,149,73,rsa,0.060796186327934265
sub-04,LIPv,PHA2,test,sub-03,149,17,rsa,0.03511127457022667
sub-04,LIPv,PHA3,test,sub-03,149,86,rsa,0.05882707238197327
sub-04,LIPv,PH,test,sub-03,149,280,rsa,0.10164237022399902
sub-04,AIP,V1,test,sub-03,221,361,rsa,0.038492605090141296
sub-04,AIP,V2,test,sub-03,221,525,rsa,0.03331471234560013
sub-04,AIP,V3,test,sub-03,221,361,rsa,0.02861754037439823
sub-04,AIP,V4,test,sub-03,221,555,rsa,0.06299786269664764
sub-04,AIP,V3A,test,sub-03,221,198,rsa,0.033808209002017975
sub-04,AIP,V3B,test,sub-03,221,149,rsa,0.016887404024600983
sub-04,AIP,V6,test,sub-03,221,157,rsa,0.03175670653581619
sub-04,AIP,V6A,test,sub-03,221,68,rsa,0.03299921005964279
sub-04,AIP,V7,test,sub-03,221,88,rsa,0.031121790409088135
sub-04,AIP,V8,test,sub-03,221,111,rsa,0.04019506275653839
sub-04,AIP,FFC,test,sub-03,221,301,rsa,0.06443405896425247
sub-04,AIP,PIT,test,sub-03,221,105,rsa,0.05479801446199417
sub-04,AIP,IPS1,test,sub-03,221,123,rsa,0.033725008368492126
sub-04,AIP,MST,test,sub-03,221,147,rsa,0.03220931440591812
sub-04,AIP,MT,test,sub-03,221,98,rsa,0.04947935789823532
sub-04,AIP,FST,test,sub-03,221,166,rsa,0.060954123735427856
sub-04,AIP,LO1,test,sub-03,221,74,rsa,0.07157919555902481
sub-04,AIP,LO2,test,sub-03,221,75,rsa,0.045472800731658936
sub-04,AIP,LO3,test,sub-03,221,124,rsa,0.05103699117898941
sub-04,AIP,V7,test,sub-03,221,88,rsa,0.031121790409088135
sub-04,AIP,IP0,test,sub-03,221,110,rsa,0.027532201260328293
sub-04,AIP,IP1,test,sub-03,221,17,rsa,0.002646511420607567
sub-04,AIP,MIP,test,sub-03,221,176,rsa,0.02772902138531208
sub-04,AIP,VIP,test,sub-03,221,150,rsa,0.00689692934975028
sub-04,AIP,LIPd,test,sub-03,221,22,rsa,0.01010272465646267
sub-04,AIP,LIPv,test,sub-03,221,178,rsa,0.06744854152202606
sub-04,AIP,AIP,test,sub-03,221,121,rsa,0.02703178860247135
sub-04,AIP,7Pm,test,sub-03,221,23,rsa,0.037221141159534454
sub-04,AIP,7PL,test,sub-03,221,32,rsa,0.00017552007921040058
sub-04,AIP,7PC,test,sub-03,221,241,rsa,0.03840549290180206
sub-04,AIP,7Am,test,sub-03,221,115,rsa,-0.006236595567315817
sub-04,AIP,7AL,test,sub-03,221,210,rsa,0.01154225505888462
sub-04,AIP,VVC,test,sub-03,221,185,rsa,0.04461631551384926
sub-04,AIP,VMV2,test,sub-03,221,108,rsa,0.02754545770585537
sub-04,AIP,VMV3,test,sub-03,221,111,rsa,0.0005582611775025725
sub-04,AIP,VMV1,test,sub-03,221,73,rsa,0.00751937460154295
sub-04,AIP,PHA2,test,sub-03,221,17,rsa,0.006604223046451807
sub-04,AIP,PHA3,test,sub-03,221,86,rsa,0.007752604782581329
sub-04,AIP,PH,test,sub-03,221,280,rsa,0.06857762485742569
sub-04,7Pm,V1,test,sub-03,39,361,rsa,0.05879588797688484
sub-04,7Pm,V2,test,sub-03,39,525,rsa,0.07231453061103821
sub-04,7Pm,V3,test,sub-03,39,361,rsa,0.05953027680516243
sub-04,7Pm,V4,test,sub-03,39,555,rsa,0.0950542762875557
sub-04,7Pm,V3A,test,sub-03,39,198,rsa,0.06524217128753662
sub-04,7Pm,V3B,test,sub-03,39,149,rsa,0.039561036974191666
sub-04,7Pm,V6,test,sub-03,39,157,rsa,0.050208695232868195
sub-04,7Pm,V6A,test,sub-03,39,68,rsa,0.045195795595645905
sub-04,7Pm,V7,test,sub-03,39,88,rsa,0.06279012560844421
sub-04,7Pm,V8,test,sub-03,39,111,rsa,0.08992533385753632
sub-04,7Pm,FFC,test,sub-03,39,301,rsa,0.08860483765602112
sub-04,7Pm,PIT,test,sub-03,39,105,rsa,0.06974285840988159
sub-04,7Pm,IPS1,test,sub-03,39,123,rsa,0.0628475621342659
sub-04,7Pm,MST,test,sub-03,39,147,rsa,0.08750810474157333
sub-04,7Pm,MT,test,sub-03,39,98,rsa,0.09370812028646469
sub-04,7Pm,FST,test,sub-03,39,166,rsa,0.06491701304912567
sub-04,7Pm,LO1,test,sub-03,39,74,rsa,0.05261455848813057
sub-04,7Pm,LO2,test,sub-03,39,75,rsa,0.028149520978331566
sub-04,7Pm,LO3,test,sub-03,39,124,rsa,0.06618338078260422
sub-04,7Pm,V7,test,sub-03,39,88,rsa,0.06279012560844421
sub-04,7Pm,IP0,test,sub-03,39,110,rsa,0.037108466029167175
sub-04,7Pm,IP1,test,sub-03,39,17,rsa,0.0069099715910851955
sub-04,7Pm,MIP,test,sub-03,39,176,rsa,0.03777865692973137
sub-04,7Pm,VIP,test,sub-03,39,150,rsa,0.05009559914469719
sub-04,7Pm,LIPd,test,sub-03,39,22,rsa,-0.005920613184571266
sub-04,7Pm,LIPv,test,sub-03,39,178,rsa,0.01135097723454237
sub-04,7Pm,AIP,test,sub-03,39,121,rsa,0.04834529012441635
sub-04,7Pm,7Pm,test,sub-03,39,23,rsa,0.004641913343220949
sub-04,7Pm,7PL,test,sub-03,39,32,rsa,0.011152666062116623
sub-04,7Pm,7PC,test,sub-03,39,241,rsa,0.025218810886144638
sub-04,7Pm,7Am,test,sub-03,39,115,rsa,0.003856601193547249
sub-04,7Pm,7AL,test,sub-03,39,210,rsa,0.02298641949892044
sub-04,7Pm,VVC,test,sub-03,39,185,rsa,0.060684897005558014
sub-04,7Pm,VMV2,test,sub-03,39,108,rsa,0.07693661004304886
sub-04,7Pm,VMV3,test,sub-03,39,111,rsa,0.0562313012778759
sub-04,7Pm,VMV1,test,sub-03,39,73,rsa,0.06411595642566681
sub-04,7Pm,PHA2,test,sub-03,39,17,rsa,0.04871845990419388
sub-04,7Pm,PHA3,test,sub-03,39,86,rsa,0.05958254635334015
sub-04,7Pm,PH,test,sub-03,39,280,rsa,0.057036370038986206
sub-04,7PL,V1,test,sub-03,104,361,rsa,0.1087709590792656
sub-04,7PL,V2,test,sub-03,104,525,rsa,0.06960871815681458
sub-04,7PL,V3,test,sub-03,104,361,rsa,0.08934707194566727
sub-04,7PL,V4,test,sub-03,104,555,rsa,0.1525883972644806
sub-04,7PL,V3A,test,sub-03,104,198,rsa,0.10329569876194
sub-04,7PL,V3B,test,sub-03,104,149,rsa,0.1109141856431961
sub-04,7PL,V6,test,sub-03,104,157,rsa,0.09210345149040222
sub-04,7PL,V6A,test,sub-03,104,68,rsa,0.2017793208360672
sub-04,7PL,V7,test,sub-03,104,88,rsa,0.13721725344657898
sub-04,7PL,V8,test,sub-03,104,111,rsa,0.12953226268291473
sub-04,7PL,FFC,test,sub-03,104,301,rsa,0.19109424948692322
sub-04,7PL,PIT,test,sub-03,104,105,rsa,0.13308733701705933
sub-04,7PL,IPS1,test,sub-03,104,123,rsa,0.11519086360931396
sub-04,7PL,MST,test,sub-03,104,147,rsa,0.14186477661132812
sub-04,7PL,MT,test,sub-03,104,98,rsa,0.10678358376026154
sub-04,7PL,FST,test,sub-03,104,166,rsa,0.1309928297996521
sub-04,7PL,LO1,test,sub-03,104,74,rsa,0.11379774659872055
sub-04,7PL,LO2,test,sub-03,104,75,rsa,0.10043090581893921
sub-04,7PL,LO3,test,sub-03,104,124,rsa,0.12727099657058716
sub-04,7PL,V7,test,sub-03,104,88,rsa,0.13721725344657898
sub-04,7PL,IP0,test,sub-03,104,110,rsa,0.18466272950172424
sub-04,7PL,IP1,test,sub-03,104,17,rsa,-0.014175821095705032
sub-04,7PL,MIP,test,sub-03,104,176,rsa,0.05242699757218361
sub-04,7PL,VIP,test,sub-03,104,150,rsa,0.1767919659614563
sub-04,7PL,LIPd,test,sub-03,104,22,rsa,-0.02587023563683033
sub-04,7PL,LIPv,test,sub-03,104,178,rsa,0.04338080808520317
sub-04,7PL,AIP,test,sub-03,104,121,rsa,0.03574921935796738
sub-04,7PL,7Pm,test,sub-03,104,23,rsa,0.020281631499528885
sub-04,7PL,7PL,test,sub-03,104,32,rsa,0.07428904622793198
sub-04,7PL,7PC,test,sub-03,104,241,rsa,0.05996154248714447
sub-04,7PL,7Am,test,sub-03,104,115,rsa,0.03256284072995186
sub-04,7PL,7AL,test,sub-03,104,210,rsa,0.11049631983041763
sub-04,7PL,VVC,test,sub-03,104,185,rsa,0.1643623411655426
sub-04,7PL,VMV2,test,sub-03,104,108,rsa,0.20526280999183655
sub-04,7PL,VMV3,test,sub-03,104,111,rsa,0.2711641788482666
sub-04,7PL,VMV1,test,sub-03,104,73,rsa,0.19476620852947235
sub-04,7PL,PHA2,test,sub-03,104,17,rsa,0.1476813554763794
sub-04,7PL,PHA3,test,sub-03,104,86,rsa,0.19079017639160156
sub-04,7PL,PH,test,sub-03,104,280,rsa,0.12658444046974182
sub-04,7PC,V1,test,sub-03,260,361,rsa,0.04575937241315842
sub-04,7PC,V2,test,sub-03,260,525,rsa,0.031606633216142654
sub-04,7PC,V3,test,sub-03,260,361,rsa,0.039253123104572296
sub-04,7PC,V4,test,sub-03,260,555,rsa,0.0744004026055336
sub-04,7PC,V3A,test,sub-03,260,198,rsa,0.11741413921117783
sub-04,7PC,V3B,test,sub-03,260,149,rsa,0.09506356716156006
sub-04,7PC,V6,test,sub-03,260,157,rsa,0.09074879437685013
sub-04,7PC,V6A,test,sub-03,260,68,rsa,0.12919557094573975
sub-04,7PC,V7,test,sub-03,260,88,rsa,0.12617303431034088
sub-04,7PC,V8,test,sub-03,260,111,rsa,0.06529610604047775
sub-04,7PC,FFC,test,sub-03,260,301,rsa,0.09159178286790848
sub-04,7PC,PIT,test,sub-03,260,105,rsa,0.08714155852794647
sub-04,7PC,IPS1,test,sub-03,260,123,rsa,0.08937345445156097
sub-04,7PC,MST,test,sub-03,260,147,rsa,0.1272866576910019
sub-04,7PC,MT,test,sub-03,260,98,rsa,0.0886731743812561
sub-04,7PC,FST,test,sub-03,260,166,rsa,0.15518079698085785
sub-04,7PC,LO1,test,sub-03,260,74,rsa,0.16961655020713806
sub-04,7PC,LO2,test,sub-03,260,75,rsa,0.06411223858594894
sub-04,7PC,LO3,test,sub-03,260,124,rsa,0.12154587358236313
sub-04,7PC,V7,test,sub-03,260,88,rsa,0.12617303431034088
sub-04,7PC,IP0,test,sub-03,260,110,rsa,0.13086284697055817
sub-04,7PC,IP1,test,sub-03,260,17,rsa,0.00461139902472496
sub-04,7PC,MIP,test,sub-03,260,176,rsa,0.027476657181978226
sub-04,7PC,VIP,test,sub-03,260,150,rsa,0.08934685587882996
sub-04,7PC,LIPd,test,sub-03,260,22,rsa,0.030037377029657364
sub-04,7PC,LIPv,test,sub-03,260,178,rsa,0.04408746585249901
sub-04,7PC,AIP,test,sub-03,260,121,rsa,0.05160040408372879
sub-04,7PC,7Pm,test,sub-03,260,23,rsa,0.04397320747375488
sub-04,7PC,7PL,test,sub-03,260,32,rsa,0.02438964694738388
sub-04,7PC,7PC,test,sub-03,260,241,rsa,0.062064167112112045
sub-04,7PC,7Am,test,sub-03,260,115,rsa,0.015770183876156807
sub-04,7PC,7AL,test,sub-03,260,210,rsa,0.03397240489721298
sub-04,7PC,VVC,test,sub-03,260,185,rsa,0.03628265857696533
sub-04,7PC,VMV2,test,sub-03,260,108,rsa,0.07179774343967438
sub-04,7PC,VMV3,test,sub-03,260,111,rsa,0.0435117706656456
sub-04,7PC,VMV1,test,sub-03,260,73,rsa,0.05267734080553055
sub-04,7PC,PHA2,test,sub-03,260,17,rsa,0.013732168823480606
sub-04,7PC,PHA3,test,sub-03,260,86,rsa,0.026179058477282524
sub-04,7PC,PH,test,sub-03,260,280,rsa,0.099970743060112
sub-04,7Am,V1,test,sub-03,207,361,rsa,0.07558196783065796
sub-04,7Am,V2,test,sub-03,207,525,rsa,0.06025194004178047
sub-04,7Am,V3,test,sub-03,207,361,rsa,0.09329300373792648
sub-04,7Am,V4,test,sub-03,207,555,rsa,0.17485451698303223
sub-04,7Am,V3A,test,sub-03,207,198,rsa,0.09284692257642746
sub-04,7Am,V3B,test,sub-03,207,149,rsa,0.15651783347129822
sub-04,7Am,V6,test,sub-03,207,157,rsa,0.16091303527355194
sub-04,7Am,V6A,test,sub-03,207,68,rsa,0.14421215653419495
sub-04,7Am,V7,test,sub-03,207,88,rsa,0.1265343725681305
sub-04,7Am,V8,test,sub-03,207,111,rsa,0.1768495738506317
sub-04,7Am,FFC,test,sub-03,207,301,rsa,0.18604430556297302
sub-04,7Am,PIT,test,sub-03,207,105,rsa,0.1209849864244461
sub-04,7Am,IPS1,test,sub-03,207,123,rsa,0.09496327489614487
sub-04,7Am,MST,test,sub-03,207,147,rsa,0.15278710424900055
sub-04,7Am,MT,test,sub-03,207,98,rsa,0.11759486794471741
sub-04,7Am,FST,test,sub-03,207,166,rsa,0.12428242713212967
sub-04,7Am,LO1,test,sub-03,207,74,rsa,0.22230730950832367
sub-04,7Am,LO2,test,sub-03,207,75,rsa,0.05852515250444412
sub-04,7Am,LO3,test,sub-03,207,124,rsa,0.2023046761751175
sub-04,7Am,V7,test,sub-03,207,88,rsa,0.1265343725681305
sub-04,7Am,IP0,test,sub-03,207,110,rsa,0.10807913541793823
sub-04,7Am,IP1,test,sub-03,207,17,rsa,0.008320460096001625
sub-04,7Am,MIP,test,sub-03,207,176,rsa,0.09884312748908997
sub-04,7Am,VIP,test,sub-03,207,150,rsa,0.15442943572998047
sub-04,7Am,LIPd,test,sub-03,207,22,rsa,-0.02467324770987034
sub-04,7Am,LIPv,test,sub-03,207,178,rsa,0.06419434398412704
sub-04,7Am,AIP,test,sub-03,207,121,rsa,0.04843880236148834
sub-04,7Am,7Pm,test,sub-03,207,23,rsa,0.07403592020273209
sub-04,7Am,7PL,test,sub-03,207,32,rsa,0.02831040695309639
sub-04,7Am,7PC,test,sub-03,207,241,rsa,0.03701178357005119
sub-04,7Am,7Am,test,sub-03,207,115,rsa,0.0714142695069313
sub-04,7Am,7AL,test,sub-03,207,210,rsa,0.07678250968456268
sub-04,7Am,VVC,test,sub-03,207,185,rsa,0.13008925318717957
sub-04,7Am,VMV2,test,sub-03,207,108,rsa,0.1558038890361786
sub-04,7Am,VMV3,test,sub-03,207,111,rsa,0.08623713254928589
sub-04,7Am,VMV1,test,sub-03,207,73,rsa,0.1561393439769745
sub-04,7Am,PHA2,test,sub-03,207,17,rsa,0.07104584574699402
sub-04,7Am,PHA3,test,sub-03,207,86,rsa,0.07998992502689362
sub-04,7Am,PH,test,sub-03,207,280,rsa,0.15253916382789612
sub-04,7AL,V1,test,sub-03,180,361,rsa,0.0825679749250412
sub-04,7AL,V2,test,sub-03,180,525,rsa,0.06683597713708878
sub-04,7AL,V3,test,sub-03,180,361,rsa,0.07119674235582352
sub-04,7AL,V4,test,sub-03,180,555,rsa,0.1288028359413147
sub-04,7AL,V3A,test,sub-03,180,198,rsa,0.11002562940120697
sub-04,7AL,V3B,test,sub-03,180,149,rsa,0.11530817300081253
sub-04,7AL,V6,test,sub-03,180,157,rsa,0.09839078038930893
sub-04,7AL,V6A,test,sub-03,180,68,rsa,0.1097707450389862
sub-04,7AL,V7,test,sub-03,180,88,rsa,0.06323782354593277
sub-04,7AL,V8,test,sub-03,180,111,rsa,0.10638247430324554
sub-04,7AL,FFC,test,sub-03,180,301,rsa,0.1681680679321289
sub-04,7AL,PIT,test,sub-03,180,105,rsa,0.1262853443622589
sub-04,7AL,IPS1,test,sub-03,180,123,rsa,0.09554128348827362
sub-04,7AL,MST,test,sub-03,180,147,rsa,0.10609795898199081
sub-04,7AL,MT,test,sub-03,180,98,rsa,0.08644326776266098
sub-04,7AL,FST,test,sub-03,180,166,rsa,0.11577166616916656
sub-04,7AL,LO1,test,sub-03,180,74,rsa,0.17302873730659485
sub-04,7AL,LO2,test,sub-03,180,75,rsa,0.1231779083609581
sub-04,7AL,LO3,test,sub-03,180,124,rsa,0.14867201447486877
sub-04,7AL,V7,test,sub-03,180,88,rsa,0.06323782354593277
sub-04,7AL,IP0,test,sub-03,180,110,rsa,0.14967764914035797
sub-04,7AL,IP1,test,sub-03,180,17,rsa,-0.007823354564607143
sub-04,7AL,MIP,test,sub-03,180,176,rsa,0.062210023403167725
sub-04,7AL,VIP,test,sub-03,180,150,rsa,0.14236357808113098
sub-04,7AL,LIPd,test,sub-03,180,22,rsa,0.024311790242791176
sub-04,7AL,LIPv,test,sub-03,180,178,rsa,0.08234703540802002
sub-04,7AL,AIP,test,sub-03,180,121,rsa,0.07505826652050018
sub-04,7AL,7Pm,test,sub-03,180,23,rsa,0.026958724483847618
sub-04,7AL,7PL,test,sub-03,180,32,rsa,0.06006846949458122
sub-04,7AL,7PC,test,sub-03,180,241,rsa,0.06334381550550461
sub-04,7AL,7Am,test,sub-03,180,115,rsa,0.03766482323408127
sub-04,7AL,7AL,test,sub-03,180,210,rsa,0.09656533598899841
sub-04,7AL,VVC,test,sub-03,180,185,rsa,0.15420055389404297
sub-04,7AL,VMV2,test,sub-03,180,108,rsa,0.16101476550102234
sub-04,7AL,VMV3,test,sub-03,180,111,rsa,0.14187398552894592
sub-04,7AL,VMV1,test,sub-03,180,73,rsa,0.1369853913784027
sub-04,7AL,PHA2,test,sub-03,180,17,rsa,0.06109212338924408
sub-04,7AL,PHA3,test,sub-03,180,86,rsa,0.08647468686103821
sub-04,7AL,PH,test,sub-03,180,280,rsa,0.15804213285446167
sub-04,VVC,V1,test,sub-03,170,361,rsa,0.0973987877368927
sub-04,VVC,V2,test,sub-03,170,525,rsa,0.11563412100076675
sub-04,VVC,V3,test,sub-03,170,361,rsa,0.141990065574646
sub-04,VVC,V4,test,sub-03,170,555,rsa,0.30950790643692017
sub-04,VVC,V3A,test,sub-03,170,198,rsa,0.16842377185821533
sub-04,VVC,V3B,test,sub-03,170,149,rsa,0.2045525163412094
sub-04,VVC,V6,test,sub-03,170,157,rsa,0.13619330525398254
sub-04,VVC,V6A,test,sub-03,170,68,rsa,0.14123082160949707
sub-04,VVC,V7,test,sub-03,170,88,rsa,0.1508737951517105
sub-04,VVC,V8,test,sub-03,170,111,rsa,0.2676742970943451
sub-04,VVC,FFC,test,sub-03,170,301,rsa,0.5211044549942017
sub-04,VVC,PIT,test,sub-03,170,105,rsa,0.3459216356277466
sub-04,VVC,IPS1,test,sub-03,170,123,rsa,0.16216057538986206
sub-04,VVC,MST,test,sub-03,170,147,rsa,0.3987908363342285
sub-04,VVC,MT,test,sub-03,170,98,rsa,0.30669915676116943
sub-04,VVC,FST,test,sub-03,170,166,rsa,0.3490058183670044
sub-04,VVC,LO1,test,sub-03,170,74,rsa,0.4603668451309204
sub-04,VVC,LO2,test,sub-03,170,75,rsa,0.2805038094520569
sub-04,VVC,LO3,test,sub-03,170,124,rsa,0.5387868881225586
sub-04,VVC,V7,test,sub-03,170,88,rsa,0.1508737951517105
sub-04,VVC,IP0,test,sub-03,170,110,rsa,0.1422594040632248
sub-04,VVC,IP1,test,sub-03,170,17,rsa,0.021157169714570045
sub-04,VVC,MIP,test,sub-03,170,176,rsa,0.2180846780538559
sub-04,VVC,VIP,test,sub-03,170,150,rsa,0.22787344455718994
sub-04,VVC,LIPd,test,sub-03,170,22,rsa,0.024873586371541023
sub-04,VVC,LIPv,test,sub-03,170,178,rsa,0.11161787807941437
sub-04,VVC,AIP,test,sub-03,170,121,rsa,0.023453259840607643
sub-04,VVC,7Pm,test,sub-03,170,23,rsa,0.13142314553260803
sub-04,VVC,7PL,test,sub-03,170,32,rsa,0.08008785545825958
sub-04,VVC,7PC,test,sub-03,170,241,rsa,0.044464513659477234
sub-04,VVC,7Am,test,sub-03,170,115,rsa,0.09295544773340225
sub-04,VVC,7AL,test,sub-03,170,210,rsa,0.0914335697889328
sub-04,VVC,VVC,test,sub-03,170,185,rsa,0.3378385305404663
sub-04,VVC,VMV2,test,sub-03,170,108,rsa,0.39709627628326416
sub-04,VVC,VMV3,test,sub-03,170,111,rsa,0.210429847240448
sub-04,VVC,VMV1,test,sub-03,170,73,rsa,0.3770804703235626
sub-04,VVC,PHA2,test,sub-03,170,17,rsa,0.21208526194095612
sub-04,VVC,PHA3,test,sub-03,170,86,rsa,0.22049281001091003
sub-04,VVC,PH,test,sub-03,170,280,rsa,0.5008544921875
sub-04,VMV2,V1,test,sub-03,115,361,rsa,0.09565383195877075
sub-04,VMV2,V2,test,sub-03,115,525,rsa,0.1003175675868988
sub-04,VMV2,V3,test,sub-03,115,361,rsa,0.12416314333677292
sub-04,VMV2,V4,test,sub-03,115,555,rsa,0.2111198455095291
sub-04,VMV2,V3A,test,sub-03,115,198,rsa,0.13935339450836182
sub-04,VMV2,V3B,test,sub-03,115,149,rsa,0.15236619114875793
sub-04,VMV2,V6,test,sub-03,115,157,rsa,0.1438489854335785
sub-04,VMV2,V6A,test,sub-03,115,68,rsa,0.14707034826278687
sub-04,VMV2,V7,test,sub-03,115,88,rsa,0.10204114019870758
sub-04,VMV2,V8,test,sub-03,115,111,rsa,0.19592878222465515
sub-04,VMV2,FFC,test,sub-03,115,301,rsa,0.2857501208782196
sub-04,VMV2,PIT,test,sub-03,115,105,rsa,0.21235597133636475
sub-04,VMV2,IPS1,test,sub-03,115,123,rsa,0.10875497758388519
sub-04,VMV2,MST,test,sub-03,115,147,rsa,0.21928299963474274
sub-04,VMV2,MT,test,sub-03,115,98,rsa,0.2542257606983185
sub-04,VMV2,FST,test,sub-03,115,166,rsa,0.2190595269203186
sub-04,VMV2,LO1,test,sub-03,115,74,rsa,0.22870439291000366
sub-04,VMV2,LO2,test,sub-03,115,75,rsa,0.23104648292064667
sub-04,VMV2,LO3,test,sub-03,115,124,rsa,0.2995348870754242
sub-04,VMV2,V7,test,sub-03,115,88,rsa,0.10204114019870758
sub-04,VMV2,IP0,test,sub-03,115,110,rsa,0.117472343146801
sub-04,VMV2,IP1,test,sub-03,115,17,rsa,0.01099445205181837
sub-04,VMV2,MIP,test,sub-03,115,176,rsa,0.12085290998220444
sub-04,VMV2,VIP,test,sub-03,115,150,rsa,0.0964217483997345
sub-04,VMV2,LIPd,test,sub-03,115,22,rsa,0.01014564000070095
sub-04,VMV2,LIPv,test,sub-03,115,178,rsa,0.07332788407802582
sub-04,VMV2,AIP,test,sub-03,115,121,rsa,0.033366527408361435
sub-04,VMV2,7Pm,test,sub-03,115,23,rsa,0.06904561817646027
sub-04,VMV2,7PL,test,sub-03,115,32,rsa,0.0560668520629406
sub-04,VMV2,7PC,test,sub-03,115,241,rsa,0.04173094034194946
sub-04,VMV2,7Am,test,sub-03,115,115,rsa,0.024066217243671417
sub-04,VMV2,7AL,test,sub-03,115,210,rsa,0.0676361471414566
sub-04,VMV2,VVC,test,sub-03,115,185,rsa,0.31909260153770447
sub-04,VMV2,VMV2,test,sub-03,115,108,rsa,0.28648072481155396
sub-04,VMV2,VMV3,test,sub-03,115,111,rsa,0.217566579580307
sub-04,VMV2,VMV1,test,sub-03,115,73,rsa,0.25535398721694946
sub-04,VMV2,PHA2,test,sub-03,115,17,rsa,0.16219739615917206
sub-04,VMV2,PHA3,test,sub-03,115,86,rsa,0.17860373854637146
sub-04,VMV2,PH,test,sub-03,115,280,rsa,0.2198949009180069
sub-04,VMV3,V1,test,sub-03,115,361,rsa,0.09175100922584534
sub-04,VMV3,V2,test,sub-03,115,525,rsa,0.09600985050201416
sub-04,VMV3,V3,test,sub-03,115,361,rsa,0.11528240144252777
sub-04,VMV3,V4,test,sub-03,115,555,rsa,0.21609777212142944
sub-04,VMV3,V3A,test,sub-03,115,198,rsa,0.10771358758211136
sub-04,VMV3,V3B,test,sub-03,115,149,rsa,0.1641184687614441
sub-04,VMV3,V6,test,sub-03,115,157,rsa,0.09794704616069794
sub-04,VMV3,V6A,test,sub-03,115,68,rsa,0.15167999267578125
sub-04,VMV3,V7,test,sub-03,115,88,rsa,0.15011507272720337
sub-04,VMV3,V8,test,sub-03,115,111,rsa,0.15395760536193848
sub-04,VMV3,FFC,test,sub-03,115,301,rsa,0.27928513288497925
sub-04,VMV3,PIT,test,sub-03,115,105,rsa,0.2086615264415741
sub-04,VMV3,IPS1,test,sub-03,115,123,rsa,0.1301918625831604
sub-04,VMV3,MST,test,sub-03,115,147,rsa,0.18112725019454956
sub-04,VMV3,MT,test,sub-03,115,98,rsa,0.2008574903011322
sub-04,VMV3,FST,test,sub-03,115,166,rsa,0.1615292727947235
sub-04,VMV3,LO1,test,sub-03,115,74,rsa,0.16174985468387604
sub-04,VMV3,LO2,test,sub-03,115,75,rsa,0.15189766883850098
sub-04,VMV3,LO3,test,sub-03,115,124,rsa,0.15465377271175385
sub-04,VMV3,V7,test,sub-03,115,88,rsa,0.15011507272720337
sub-04,VMV3,IP0,test,sub-03,115,110,rsa,0.16221465170383453
sub-04,VMV3,IP1,test,sub-03,115,17,rsa,0.008968404494225979
sub-04,VMV3,MIP,test,sub-03,115,176,rsa,0.09434610605239868
sub-04,VMV3,VIP,test,sub-03,115,150,rsa,0.11382156610488892
sub-04,VMV3,LIPd,test,sub-03,115,22,rsa,0.006380412727594376
sub-04,VMV3,LIPv,test,sub-03,115,178,rsa,0.06116091459989548
sub-04,VMV3,AIP,test,sub-03,115,121,rsa,0.05184216424822807
sub-04,VMV3,7Pm,test,sub-03,115,23,rsa,0.03591200336813927
sub-04,VMV3,7PL,test,sub-03,115,32,rsa,0.04121417552232742
sub-04,VMV3,7PC,test,sub-03,115,241,rsa,0.05946057289838791
sub-04,VMV3,7Am,test,sub-03,115,115,rsa,0.03723553195595741
sub-04,VMV3,7AL,test,sub-03,115,210,rsa,0.07862734794616699
sub-04,VMV3,VVC,test,sub-03,115,185,rsa,0.2750545144081116
sub-04,VMV3,VMV2,test,sub-03,115,108,rsa,0.24359343945980072
sub-04,VMV3,VMV3,test,sub-03,115,111,rsa,0.23272454738616943
sub-04,VMV3,VMV1,test,sub-03,115,73,rsa,0.20220127701759338
sub-04,VMV3,PHA2,test,sub-03,115,17,rsa,0.11004233360290527
sub-04,VMV3,PHA3,test,sub-03,115,86,rsa,0.122417151927948
sub-04,VMV3,PH,test,sub-03,115,280,rsa,0.1600034534931183
sub-04,VMV1,V1,test,sub-03,53,361,rsa,0.11113481223583221
sub-04,VMV1,V2,test,sub-03,53,525,rsa,0.0925968736410141
sub-04,VMV1,V3,test,sub-03,53,361,rsa,0.09529070556163788
sub-04,VMV1,V4,test,sub-03,53,555,rsa,0.18819983303546906
sub-04,VMV1,V3A,test,sub-03,53,198,rsa,0.15646253526210785
sub-04,VMV1,V3B,test,sub-03,53,149,rsa,0.14059610664844513
sub-04,VMV1,V6,test,sub-03,53,157,rsa,0.18324461579322815
sub-04,VMV1,V6A,test,sub-03,53,68,rsa,0.20378735661506653
sub-04,VMV1,V7,test,sub-03,53,88,rsa,0.12757040560245514
sub-04,VMV1,V8,test,sub-03,53,111,rsa,0.1838407814502716
sub-04,VMV1,FFC,test,sub-03,53,301,rsa,0.23532414436340332
sub-04,VMV1,PIT,test,sub-03,53,105,rsa,0.14458268880844116
sub-04,VMV1,IPS1,test,sub-03,53,123,rsa,0.11509963124990463
sub-04,VMV1,MST,test,sub-03,53,147,rsa,0.22539059817790985
sub-04,VMV1,MT,test,sub-03,53,98,rsa,0.1569720357656479
sub-04,VMV1,FST,test,sub-03,53,166,rsa,0.2004949450492859
sub-04,VMV1,LO1,test,sub-03,53,74,rsa,0.1646900773048401
sub-04,VMV1,LO2,test,sub-03,53,75,rsa,0.09233200550079346
sub-04,VMV1,LO3,test,sub-03,53,124,rsa,0.2035495936870575
sub-04,VMV1,V7,test,sub-03,53,88,rsa,0.12757040560245514
sub-04,VMV1,IP0,test,sub-03,53,110,rsa,0.15552747249603271
sub-04,VMV1,IP1,test,sub-03,53,17,rsa,0.009945858269929886
sub-04,VMV1,MIP,test,sub-03,53,176,rsa,0.13197128474712372
sub-04,VMV1,VIP,test,sub-03,53,150,rsa,0.11826087534427643
sub-04,VMV1,LIPd,test,sub-03,53,22,rsa,0.014386836439371109
sub-04,VMV1,LIPv,test,sub-03,53,178,rsa,0.052799567580223083
sub-04,VMV1,AIP,test,sub-03,53,121,rsa,0.04667183384299278
sub-04,VMV1,7Pm,test,sub-03,53,23,rsa,0.07939665019512177
sub-04,VMV1,7PL,test,sub-03,53,32,rsa,0.09782067686319351
sub-04,VMV1,7PC,test,sub-03,53,241,rsa,0.02849113941192627
sub-04,VMV1,7Am,test,sub-03,53,115,rsa,0.027639593929052353
sub-04,VMV1,7AL,test,sub-03,53,210,rsa,0.06876075267791748
sub-04,VMV1,VVC,test,sub-03,53,185,rsa,0.1809074729681015
sub-04,VMV1,VMV2,test,sub-03,53,108,rsa,0.3452286124229431
sub-04,VMV1,VMV3,test,sub-03,53,111,rsa,0.23554176092147827
sub-04,VMV1,VMV1,test,sub-03,53,73,rsa,0.33987805247306824
sub-04,VMV1,PHA2,test,sub-03,53,17,rsa,0.1818559616804123
sub-04,VMV1,PHA3,test,sub-03,53,86,rsa,0.16547080874443054
sub-04,VMV1,PH,test,sub-03,53,280,rsa,0.18936726450920105
sub-04,PHA2,V1,test,sub-03,11,361,rsa,0.07282473146915436
sub-04,PHA2,V2,test,sub-03,11,525,rsa,0.048597466200590134
sub-04,PHA2,V3,test,sub-03,11,361,rsa,0.03038061037659645
sub-04,PHA2,V4,test,sub-03,11,555,rsa,0.051840391010046005
sub-04,PHA2,V3A,test,sub-03,11,198,rsa,0.09235313534736633
sub-04,PHA2,V3B,test,sub-03,11,149,rsa,0.04016268998384476
sub-04,PHA2,V6,test,sub-03,11,157,rsa,0.08964581787586212
sub-04,PHA2,V6A,test,sub-03,11,68,rsa,0.1651776283979416
sub-04,PHA2,V7,test,sub-03,11,88,rsa,0.08733096718788147
sub-04,PHA2,V8,test,sub-03,11,111,rsa,0.05568132549524307
sub-04,PHA2,FFC,test,sub-03,11,301,rsa,0.10127411782741547
sub-04,PHA2,PIT,test,sub-03,11,105,rsa,0.07235302776098251
sub-04,PHA2,IPS1,test,sub-03,11,123,rsa,0.062431205064058304
sub-04,PHA2,MST,test,sub-03,11,147,rsa,0.12045522034168243
sub-04,PHA2,MT,test,sub-03,11,98,rsa,0.0520995631814003
sub-04,PHA2,FST,test,sub-03,11,166,rsa,0.059818610548973083
sub-04,PHA2,LO1,test,sub-03,11,74,rsa,0.03978671506047249
sub-04,PHA2,LO2,test,sub-03,11,75,rsa,0.06811876595020294
sub-04,PHA2,LO3,test,sub-03,11,124,rsa,0.054390523582696915
sub-04,PHA2,V7,test,sub-03,11,88,rsa,0.08733096718788147
sub-04,PHA2,IP0,test,sub-03,11,110,rsa,0.09751247614622116
sub-04,PHA2,IP1,test,sub-03,11,17,rsa,-0.014669354073703289
sub-04,PHA2,MIP,test,sub-03,11,176,rsa,0.02337614819407463
sub-04,PHA2,VIP,test,sub-03,11,150,rsa,0.09640582650899887
sub-04,PHA2,LIPd,test,sub-03,11,22,rsa,-0.0013287453912198544
sub-04,PHA2,LIPv,test,sub-03,11,178,rsa,0.00601039407774806
sub-04,PHA2,AIP,test,sub-03,11,121,rsa,0.02345207892358303
sub-04,PHA2,7Pm,test,sub-03,11,23,rsa,0.029493335634469986
sub-04,PHA2,7PL,test,sub-03,11,32,rsa,0.046223439276218414
sub-04,PHA2,7PC,test,sub-03,11,241,rsa,0.040606964379549026
sub-04,PHA2,7Am,test,sub-03,11,115,rsa,0.014968521893024445
sub-04,PHA2,7AL,test,sub-03,11,210,rsa,0.05897324159741402
sub-04,PHA2,VVC,test,sub-03,11,185,rsa,0.11187882721424103
sub-04,PHA2,VMV2,test,sub-03,11,108,rsa,0.15418173372745514
sub-04,PHA2,VMV3,test,sub-03,11,111,rsa,0.16443423926830292
sub-04,PHA2,VMV1,test,sub-03,11,73,rsa,0.13187211751937866
sub-04,PHA2,PHA2,test,sub-03,11,17,rsa,0.1624954640865326
sub-04,PHA2,PHA3,test,sub-03,11,86,rsa,0.12871435284614563
sub-04,PHA2,PH,test,sub-03,11,280,rsa,0.04685172438621521
sub-04,PHA3,V1,test,sub-03,87,361,rsa,0.05604725703597069
sub-04,PHA3,V2,test,sub-03,87,525,rsa,0.11227704584598541
sub-04,PHA3,V3,test,sub-03,87,361,rsa,0.10001439601182938
sub-04,PHA3,V4,test,sub-03,87,555,rsa,0.20785166323184967
sub-04,PHA3,V3A,test,sub-03,87,198,rsa,0.13706737756729126
sub-04,PHA3,V3B,test,sub-03,87,149,rsa,0.17884638905525208
sub-04,PHA3,V6,test,sub-03,87,157,rsa,0.09255002439022064
sub-04,PHA3,V6A,test,sub-03,87,68,rsa,0.1264239102602005
sub-04,PHA3,V7,test,sub-03,87,88,rsa,0.10993441939353943
sub-04,PHA3,V8,test,sub-03,87,111,rsa,0.17812731862068176
sub-04,PHA3,FFC,test,sub-03,87,301,rsa,0.30357152223587036
sub-04,PHA3,PIT,test,sub-03,87,105,rsa,0.2113025039434433
sub-04,PHA3,IPS1,test,sub-03,87,123,rsa,0.08720444142818451
sub-04,PHA3,MST,test,sub-03,87,147,rsa,0.221277117729187
sub-04,PHA3,MT,test,sub-03,87,98,rsa,0.17315766215324402
sub-04,PHA3,FST,test,sub-03,87,166,rsa,0.1631166785955429
sub-04,PHA3,LO1,test,sub-03,87,74,rsa,0.30118805170059204
sub-04,PHA3,LO2,test,sub-03,87,75,rsa,0.1540648192167282
sub-04,PHA3,LO3,test,sub-03,87,124,rsa,0.3359668254852295
sub-04,PHA3,V7,test,sub-03,87,88,rsa,0.10993441939353943
sub-04,PHA3,IP0,test,sub-03,87,110,rsa,0.11958703398704529
sub-04,PHA3,IP1,test,sub-03,87,17,rsa,0.01335953176021576
sub-04,PHA3,MIP,test,sub-03,87,176,rsa,0.08820094913244247
sub-04,PHA3,VIP,test,sub-03,87,150,rsa,0.21014004945755005
sub-04,PHA3,LIPd,test,sub-03,87,22,rsa,0.0004491833969950676
sub-04,PHA3,LIPv,test,sub-03,87,178,rsa,0.088478222489357
sub-04,PHA3,AIP,test,sub-03,87,121,rsa,0.05399898812174797
sub-04,PHA3,7Pm,test,sub-03,87,23,rsa,0.07891391217708588
sub-04,PHA3,7PL,test,sub-03,87,32,rsa,0.07672175765037537
sub-04,PHA3,7PC,test,sub-03,87,241,rsa,0.06683211028575897
sub-04,PHA3,7Am,test,sub-03,87,115,rsa,0.04818945750594139
sub-04,PHA3,7AL,test,sub-03,87,210,rsa,0.1478745937347412
sub-04,PHA3,VVC,test,sub-03,87,185,rsa,0.2266213446855545
sub-04,PHA3,VMV2,test,sub-03,87,108,rsa,0.28909164667129517
sub-04,PHA3,VMV3,test,sub-03,87,111,rsa,0.2096042037010193
sub-04,PHA3,VMV1,test,sub-03,87,73,rsa,0.2484857439994812
sub-04,PHA3,PHA2,test,sub-03,87,17,rsa,0.2225639522075653
sub-04,PHA3,PHA3,test,sub-03,87,86,rsa,0.25368377566337585
sub-04,PHA3,PH,test,sub-03,87,280,rsa,0.23360343277454376
sub-04,PH,V1,test,sub-03,340,361,rsa,0.10636729001998901
sub-04,PH,V2,test,sub-03,340,525,rsa,0.09553904831409454
sub-04,PH,V3,test,sub-03,340,361,rsa,0.17244833707809448
sub-04,PH,V4,test,sub-03,340,555,rsa,0.3187143802642822
sub-04,PH,V3A,test,sub-03,340,198,rsa,0.12670046091079712
sub-04,PH,V3B,test,sub-03,340,149,rsa,0.1505419909954071
sub-04,PH,V6,test,sub-03,340,157,rsa,0.1418074667453766
sub-04,PH,V6A,test,sub-03,340,68,rsa,0.14283984899520874
sub-04,PH,V7,test,sub-03,340,88,rsa,0.17062875628471375
sub-04,PH,V8,test,sub-03,340,111,rsa,0.26495420932769775
sub-04,PH,FFC,test,sub-03,340,301,rsa,0.4426138997077942
sub-04,PH,PIT,test,sub-03,340,105,rsa,0.3937225043773651
sub-04,PH,IPS1,test,sub-03,340,123,rsa,0.18778195977210999
sub-04,PH,MST,test,sub-03,340,147,rsa,0.2728937864303589
sub-04,PH,MT,test,sub-03,340,98,rsa,0.3877745270729065
sub-04,PH,FST,test,sub-03,340,166,rsa,0.34986695647239685
sub-04,PH,LO1,test,sub-03,340,74,rsa,0.4560493230819702
sub-04,PH,LO2,test,sub-03,340,75,rsa,0.4890114367008209
sub-04,PH,LO3,test,sub-03,340,124,rsa,0.42339563369750977
sub-04,PH,V7,test,sub-03,340,88,rsa,0.17062875628471375
sub-04,PH,IP0,test,sub-03,340,110,rsa,0.15445244312286377
sub-04,PH,IP1,test,sub-03,340,17,rsa,0.026191044598817825
sub-04,PH,MIP,test,sub-03,340,176,rsa,0.1684233546257019
sub-04,PH,VIP,test,sub-03,340,150,rsa,0.16664059460163116
sub-04,PH,LIPd,test,sub-03,340,22,rsa,0.032465141266584396
sub-04,PH,LIPv,test,sub-03,340,178,rsa,0.14098531007766724
sub-04,PH,AIP,test,sub-03,340,121,rsa,0.1280364990234375
sub-04,PH,7Pm,test,sub-03,340,23,rsa,0.09916017949581146
sub-04,PH,7PL,test,sub-03,340,32,rsa,0.04644432291388512
sub-04,PH,7PC,test,sub-03,340,241,rsa,0.07908418029546738
sub-04,PH,7Am,test,sub-03,340,115,rsa,0.05465259402990341
sub-04,PH,7AL,test,sub-03,340,210,rsa,0.0865374356508255
sub-04,PH,VVC,test,sub-03,340,185,rsa,0.3286358118057251
sub-04,PH,VMV2,test,sub-03,340,108,rsa,0.26223671436309814
sub-04,PH,VMV3,test,sub-03,340,111,rsa,0.17134758830070496
sub-04,PH,VMV1,test,sub-03,340,73,rsa,0.2688145637512207
sub-04,PH,PHA2,test,sub-03,340,17,rsa,0.1524505913257599
sub-04,PH,PHA3,test,sub-03,340,86,rsa,0.18978476524353027
sub-04,PH,PH,test,sub-03,340,280,rsa,0.47248274087905884
