model,layer,roi,split,subject,metric,n_features_1_model,n_features_2_brain,score,test_scores_list,alphas,train_set_train_split_score_mean,ridgecv_val_mse,train_set_train_split_mse,train_set_val_split_mse
sub-10,V1,V1,train,sub-09,linear_predictivity,553,641,0.10496800773377107,,"[3162.277660168379, 3162.277660168379, 3162.277660168379, 3162.277660168379, 3162.277660168379]",0.21086348303051555,1.107480123035963,0.7889586667299264,0.8919233395857326
sub-10,V1,V1,test,sub-09,linear_predictivity,553,641,0.20372591599419723,"[0.2076304536115201, 0.19870186140421872, 0.20302133742424563, 0.20485443860332456, 0.20442148892767714]",,,,,
sub-10,V1,V2,train,sub-09,linear_predictivity,553,754,0.0998960229373256,,"[3162.277660168379, 3162.277660168379, 3162.277660168379, 3162.277660168379, 3162.277660168379]",0.20841579115942893,1.098671954043715,0.7913650596838322,0.8960577619253851
sub-10,V1,V2,test,sub-09,linear_predictivity,553,754,0.16936978605736064,"[0.1711425106558144, 0.16540941676585905, 0.17785195396142173, 0.17198737785552445, 0.16045767104818365]",,,,,
sub-10,V1,V3,train,sub-09,linear_predictivity,553,575,0.09957072372171256,,"[3162.277660168379, 3162.277660168379, 3162.277660168379, 3162.277660168379, 3162.277660168379]",0.20742236503083014,1.103870731665395,0.7923911832967468,0.8970094852161807
sub-10,V1,V3,test,sub-09,linear_predictivity,553,575,0.17979025742590055,"[0.17648970387547094, 0.17600487329950842, 0.18808046876139908, 0.18266454804870833, 0.17571169314441593]",,,,,
sub-10,V1,V4,train,sub-09,linear_predictivity,553,616,0.09055551541798151,,"[3162.277660168379, 3162.277660168379, 3162.277660168379, 3162.277660168379, 3162.277660168379]",0.19822775149554056,1.1123797701549196,0.8015812026752815,0.9061668760460883
sub-10,V1,V4,test,sub-09,linear_predictivity,553,616,0.1916833091825026,"[0.18854661833699848, 0.19007801543567338, 0.19759615212942228, 0.19500554650716012, 0.1871902135032587]",,,,,
sub-10,V1,V3A,train,sub-09,linear_predictivity,553,270,0.024130272438507093,,"[10000.0, 10000.0, 10000.0, 10000.0, 3162.277660168379]",0.09894534998238491,1.162066936104187,0.9007269862661149,0.9706102200966805
sub-10,V1,V3A,test,sub-09,linear_predictivity,553,270,0.05231970419707427,"[0.02977693863666107, 0.050353333911582726, 0.06084505349673582, 0.044285566074215674, 0.07633762886617608]",,,,,
sub-10,V1,V3B,train,sub-09,linear_predictivity,553,148,0.04572071552799133,,"[3162.277660168379, 3162.277660168379, 3162.277660168379, 3162.277660168379, 3162.277660168379]",0.16290753418002574,1.1287404226598348,0.8368919728406523,0.9508752070177632
sub-10,V1,V3B,test,sub-09,linear_predictivity,553,148,0.13361708103372993,"[0.13012224060887645, 0.14137980528999786, 0.12664210571888326, 0.13728660854512506, 0.13265464500576704]",,,,,
sub-10,V1,V6,train,sub-09,linear_predictivity,553,104,0.006375622626039051,,"[10000.0, 10000.0, 10000.0, 10000.0, 10000.0]",0.06683042231618523,1.1719474320544312,0.9329188866481068,0.989200275548777
sub-10,V1,V6,test,sub-09,linear_predictivity,553,104,-0.000512021464366762,"[-0.01538791770947871, 0.0010258882730172568, 0.008269539835923798, -0.005235380530124053, 0.008767762808827897]",,,,,
sub-10,V1,V6A,train,sub-09,linear_predictivity,553,85,0.013409452392081923,,"[3162.277660168379, 3162.277660168379, 10000.0, 3162.277660168379, 3162.277660168379]",0.1222755478864234,1.1667456370145222,0.8773198126670637,0.9819344160562837
sub-10,V1,V6A,test,sub-09,linear_predictivity,553,85,0.05037218313525695,"[0.04391517196969937, 0.05846633847913409, 0.03430125713964575, 0.0510355823084694, 0.06414256577933614]",,,,,
sub-10,V1,V7,train,sub-09,linear_predictivity,553,87,0.03755969895945713,,"[3162.277660168379, 3162.277660168379, 3162.277660168379, 3162.277660168379, 3162.277660168379]",0.15688996404108926,1.1305345209047555,0.8428562077091231,0.9582496550473468
sub-10,V1,V7,test,sub-09,linear_predictivity,553,87,0.07138735345320305,"[0.06352247587641992, 0.08432091237089358, 0.059123667421336845, 0.07109674140973507, 0.0788729701876298]",,,,,
sub-10,V1,V8,train,sub-09,linear_predictivity,553,101,0.033787649907504366,,"[10000.0, 10000.0, 3162.277660168379, 10000.0, 3162.277660168379]",0.11529812194308195,1.15934817719867,0.8843901426705673,0.9623188727862253
sub-10,V1,V8,test,sub-09,linear_predictivity,553,101,0.09340411155845244,"[0.08285172394141879, 0.0834617089568514, 0.12389309820109891, 0.07691958385497355, 0.09989444283791951]",,,,,
sub-10,V1,FFC,train,sub-09,linear_predictivity,553,263,0.03248037717848201,,"[3162.277660168379, 3162.277660168379, 3162.277660168379, 3162.277660168379, 3162.277660168379]",0.14577996127524068,1.156051952560428,0.8540360204180845,0.9641677264620621
sub-10,V1,FFC,test,sub-09,linear_predictivity,553,263,0.08309590228420222,"[0.08553682073236107, 0.07564650438682874, 0.09635744279884105, 0.07760759816392589, 0.08033114533905433]",,,,,
sub-10,V1,PIT,train,sub-09,linear_predictivity,553,123,0.0496801568149706,,"[3162.277660168379, 3162.277660168379, 3162.277660168379, 3162.277660168379, 3162.277660168379]",0.16089266410759753,1.134534112945468,0.8389152613693103,0.946954597661813
sub-10,V1,PIT,test,sub-09,linear_predictivity,553,123,0.0937770026025188,"[0.09207440932429614, 0.08953859227744253, 0.10606348922576611, 0.09244371453526688, 0.08876480764982228]",,,,,
sub-10,V1,IPS1,train,sub-09,linear_predictivity,553,243,0.027710250538467436,,"[3162.277660168379, 3162.277660168379, 3162.277660168379, 3162.277660168379, 3162.277660168379]",0.14230418642125348,1.1412586692887063,0.8575483470327123,0.9696628632651058
sub-10,V1,IPS1,test,sub-09,linear_predictivity,553,243,0.07218896155578916,"[0.06293545057261571, 0.07848728080550643, 0.0742015331755004, 0.06905906045340467, 0.07626148277191862]",,,,,
sub-10,V1,MST,train,sub-09,linear_predictivity,553,149,0.040967456462643555,,"[3162.277660168379, 3162.277660168379, 3162.277660168379, 3162.277660168379, 3162.277660168379]",0.15898530797517854,1.128791407869775,0.8407646232853491,0.9544688398044556
sub-10,V1,MST,test,sub-09,linear_predictivity,553,149,0.07570423645296373,"[0.07148723889077768, 0.07445415913520163, 0.07942890400857437, 0.06879427327167564, 0.08435660695858933]",,,,,
sub-10,V1,MT,train,sub-09,linear_predictivity,553,100,0.038697935321566374,,"[3162.277660168379, 3162.277660168379, 3162.277660168379, 3162.277660168379, 3162.277660168379]",0.1542832049338431,1.1307220172520478,0.8454979003152596,0.9576887127787055
sub-10,V1,MT,test,sub-09,linear_predictivity,553,100,0.0866266046664657,"[0.08443921118779846, 0.07300824718668147, 0.0906442236803858, 0.0842336183352233, 0.10080772294223948]",,,,,
sub-10,V1,FST,train,sub-09,linear_predictivity,553,156,0.039301231209219814,,"[3162.277660168379, 3162.277660168379, 3162.277660168379, 3162.277660168379, 3162.277660168379]",0.15121889306168593,1.1375862154220102,0.8486467806796073,0.9580566108894889
sub-10,V1,FST,test,sub-09,linear_predictivity,553,156,0.09374953411255685,"[0.091191139175089, 0.09471912272200662, 0.10403368026452639, 0.08417122264773791, 0.09463250575342431]",,,,,
sub-10,V1,LO1,train,sub-09,linear_predictivity,553,79,0.042710084189668394,,"[3162.277660168379, 3162.277660168379, 3162.277660168379, 3162.277660168379, 3162.277660168379]",0.1571153779064591,1.1210330129666832,0.8427340513149988,0.9550350369195868
sub-10,V1,LO1,test,sub-09,linear_predictivity,553,79,0.07880132473529053,"[0.0710347339268295, 0.0825401114324942, 0.08147235729380693, 0.08260210911623368, 0.07635731190708833]",,,,,
sub-10,V1,LO2,train,sub-09,linear_predictivity,553,80,0.04128386057960578,,"[3162.277660168379, 3162.277660168379, 3162.277660168379, 3162.277660168379, 3162.277660168379]",0.15264946519219577,1.1361438701217408,0.8472230865682274,0.9564955172361962
sub-10,V1,LO2,test,sub-09,linear_predictivity,553,80,0.06312519369479039,"[0.057611595197992374, 0.059832111807820124, 0.07074670899338781, 0.06415900948933731, 0.06327654298541432]",,,,,
sub-10,V1,LO3,train,sub-09,linear_predictivity,553,125,0.028938676175165927,,"[3162.277660168379, 3162.277660168379, 3162.277660168379, 3162.277660168379, 3162.277660168379]",0.14895512053653537,1.1427982312679192,0.8508251529250023,0.9672923596345949
sub-10,V1,LO3,test,sub-09,linear_predictivity,553,125,0.07584320073694331,"[0.07648655761667648, 0.06950624718263022, 0.0760086364150732, 0.07299635550875352, 0.08421820696158318]",,,,,
sub-10,V1,V7,train,sub-09,linear_predictivity,553,87,0.03755969895945713,,"[3162.277660168379, 3162.277660168379, 3162.277660168379, 3162.277660168379, 3162.277660168379]",0.15688996404108926,1.1305345209047555,0.8428562077091231,0.9582496550473468
sub-10,V1,V7,test,sub-09,linear_predictivity,553,87,0.07138735345320305,"[0.06352247587641992, 0.08432091237089358, 0.059123667421336845, 0.07109674140973507, 0.0788729701876298]",,,,,
sub-10,V1,IP0,train,sub-09,linear_predictivity,553,198,0.02581818229367325,,"[3162.277660168379, 3162.277660168379, 3162.277660168379, 3162.277660168379, 3162.277660168379]",0.140060007655823,1.1507415310355509,0.8597769939912567,0.9711207204175679
sub-10,V1,IP0,test,sub-09,linear_predictivity,553,198,0.08564340808705864,"[0.08077269411587357, 0.09475313377944394, 0.08690910492878495, 0.08066928343336147, 0.0851128241778293]",,,,,
sub-10,V1,IP1,train,sub-09,linear_predictivity,553,114,-0.0026376721349688492,,"[10000.0, 10000.0, 31622.776601683796, 10000.0, 10000.0]",0.05060304473313082,1.1900369981474959,0.9490414714145471,0.9967750936730884
sub-10,V1,IP1,test,sub-09,linear_predictivity,553,114,0.0011844542509587986,"[0.0037743727525858216, 0.007602809908566041, -0.009363320757724452, -0.007520266646387889, 0.011428675997754472]",,,,,
sub-10,V1,MIP,train,sub-09,linear_predictivity,553,280,0.01351200450576077,,"[10000.0, 3162.277660168379, 10000.0, 10000.0, 10000.0]",0.08345824528487185,1.1806300856213856,0.9162861331313698,0.982855443978567
sub-10,V1,MIP,test,sub-09,linear_predictivity,553,280,0.08035051253908262,"[0.06727588476513142, 0.1159373055276199, 0.07730698003098539, 0.06875303848877562, 0.07247935388290082]",,,,,
sub-10,V1,VIP,train,sub-09,linear_predictivity,553,180,0.02345022259205984,,"[3162.277660168379, 3162.277660168379, 3162.277660168379, 3162.277660168379, 3162.277660168379]",0.14306230539879058,1.153258354441634,0.8567415417886615,0.9729334953101769
sub-10,V1,VIP,test,sub-09,linear_predictivity,553,180,0.10368445690276924,"[0.09526609710069711, 0.1207542539696468, 0.10296095270505053, 0.10246476484789323, 0.09697621589055853]",,,,,
sub-10,V1,LIPd,train,sub-09,linear_predictivity,553,69,-0.005410728430909286,,"[31622.776601683796, 10000.0, 31622.776601683796, 10000.0, 31622.776601683796]",0.03982138121240316,1.192259112753816,0.9599320683755149,0.9979269547381392
sub-10,V1,LIPd,test,sub-09,linear_predictivity,553,69,-0.01324232099970105,"[-0.01140278072558703, 0.0009700530222954197, -0.018170162609509013, -0.024759338339929982, -0.012849376345774644]",,,,,
sub-10,V1,LIPv,train,sub-09,linear_predictivity,553,239,0.006480293786697104,,"[10000.0, 3162.277660168379, 10000.0, 10000.0, 10000.0]",0.0796504770514517,1.173935443976539,0.920140349851304,0.9891334585744704
sub-10,V1,LIPv,test,sub-09,linear_predictivity,553,239,0.04360932706327443,"[0.04074916288105836, 0.059375814197283515, 0.04202795881778482, 0.03451884056210377, 0.04137485885814168]",,,,,
sub-10,V1,AIP,train,sub-09,linear_predictivity,553,275,0.004856468995226288,,"[10000.0, 10000.0, 10000.0, 10000.0, 10000.0]",0.06043610564136379,1.197722450522513,0.9393495045855881,0.9913916495394623
sub-10,V1,AIP,test,sub-09,linear_predictivity,553,275,0.03900852561204833,"[0.042876454957690914, 0.04232464789870833, 0.03475854663763822, 0.03663490430920827, 0.038448074256995916]",,,,,
sub-10,V1,7Pm,train,sub-09,linear_predictivity,553,17,-0.0040715360349511875,,"[31622.776601683796, 31622.776601683796, 100000.0, 31622.776601683796, 100000.0]",0.020988907695214824,1.2278571084591425,0.9787797552326518,1.0007139976510788
sub-10,V1,7Pm,test,sub-09,linear_predictivity,553,17,0.001036488892070681,"[0.002703668870440725, -0.0056500446008322215, 0.0021589475460574207, 0.003375579928257407, 0.0025942927164300735]",,,,,
sub-10,V1,7PL,train,sub-09,linear_predictivity,553,133,0.019222766055070988,,"[10000.0, 3162.277660168379, 3162.277660168379, 10000.0, 10000.0]",0.10018558250121072,1.1718719905964847,0.8996994158350965,0.9774721527445959
sub-10,V1,7PL,test,sub-09,linear_predictivity,553,133,0.11101234287406994,"[0.08611656291947263, 0.1464083641715161, 0.13895532998019963, 0.0939815979421267, 0.08959985935703466]",,,,,
sub-10,V1,7PC,train,sub-09,linear_predictivity,553,315,0.007500002637365657,,"[10000.0, 3162.277660168379, 3162.277660168379, 3162.277660168379, 3162.277660168379]",0.11457852700645402,1.1780132999220758,0.8850863998733708,0.9881954700767762
sub-10,V1,7PC,test,sub-09,linear_predictivity,553,315,0.05103292159472561,"[0.04237244728323895, 0.0534697174126415, 0.05882212116248923, 0.04463895489254784, 0.055861367222710526]",,,,,
sub-10,V1,7Am,train,sub-09,linear_predictivity,553,228,0.010730819830663185,,"[10000.0, 10000.0, 10000.0, 10000.0, 10000.0]",0.0661245753247367,1.1952437819140327,0.933699776221849,0.986164576333047
sub-10,V1,7Am,test,sub-09,linear_predictivity,553,228,0.043503043924204274,"[0.04782286533105643, 0.04157035639692116, 0.038579266151712525, 0.045676257593093864, 0.043866474148237404]",,,,,
sub-10,V1,7AL,train,sub-09,linear_predictivity,553,178,0.0005038127227351643,,"[10000.0, 10000.0, 10000.0, 10000.0, 10000.0]",0.05717293845429635,1.2047123140816955,0.9426622555726754,0.996591473314593
sub-10,V1,7AL,test,sub-09,linear_predictivity,553,178,-0.0033804897331323356,"[0.008455865631706961, -0.011481377759907601, -0.0007783114162599494, -0.010029573805724347, -0.00306905131547674]",,,,,
sub-10,V1,VVC,train,sub-09,linear_predictivity,553,151,0.005084824857196553,,"[10000.0, 10000.0, 10000.0, 10000.0, 10000.0]",0.061175510387243004,1.1875592041571386,0.9386490613370922,0.9917656490890743
sub-10,V1,VVC,test,sub-09,linear_predictivity,553,151,0.019998718312603653,"[0.019808778175414918, 0.023838685475924076, 0.01956112359594959, 0.017680619210460706, 0.01910438510526896]",,,,,
sub-10,V1,VMV2,train,sub-09,linear_predictivity,553,119,0.05306078513889477,,"[3162.277660168379, 3162.277660168379, 3162.277660168379, 3162.277660168379, 3162.277660168379]",0.16219437718529844,1.1368970919710852,0.8376330134703205,0.9440005701866279
sub-10,V1,VMV2,test,sub-09,linear_predictivity,553,119,0.15122038015152475,"[0.15279812304364465, 0.15074906375588487, 0.1450546997599562, 0.160367430697903, 0.14713258350023503]",,,,,
sub-10,V1,VMV3,train,sub-09,linear_predictivity,553,109,0.022537566823074843,,"[10000.0, 10000.0, 10000.0, 10000.0, 10000.0]",0.07687791374330963,1.1645126966976147,0.922939552017086,0.9741331099679768
sub-10,V1,VMV3,test,sub-09,linear_predictivity,553,109,0.02032723614615146,"[0.02165132890714141, 0.01645435051202891, 0.02621400845198857, 0.023388301939013017, 0.0139281909205854]",,,,,
sub-10,V1,VMV1,train,sub-09,linear_predictivity,553,96,0.03167514321765758,,"[3162.277660168379, 3162.277660168379, 3162.277660168379, 3162.277660168379, 10000.0]",0.13468764483038068,1.1532912181849815,0.864956752522658,0.9650127765641507
sub-10,V1,VMV1,test,sub-09,linear_predictivity,553,96,0.11545695367654003,"[0.11844780644941721, 0.12261362473404885, 0.11655747113358439, 0.12381327387367225, 0.0958525921919774]",,,,,
sub-10,V1,PHA2,train,sub-09,linear_predictivity,553,17,-0.0003156129503574122,,"[10000.0, 10000.0, 31622.776601683796, 10000.0, 31622.776601683796]",0.043297657326800534,1.1957272451808725,0.9567009849371273,0.9984002801220893
sub-10,V1,PHA2,test,sub-09,linear_predictivity,553,17,0.027144631754713617,"[0.031125085061921753, 0.03341737408364723, 0.01838670642452988, 0.035744984959603925, 0.017049008243865297]",,,,,
sub-10,V1,PHA3,train,sub-09,linear_predictivity,553,104,0.010505844132643091,,"[3162.277660168379, 10000.0, 10000.0, 10000.0, 10000.0]",0.07631552451314891,1.177907403535535,0.9235741816946182,0.9869244342595277
sub-10,V1,PHA3,test,sub-09,linear_predictivity,553,104,0.052191474822625816,"[0.07183245692276469, 0.05447402371783937, 0.043231454933156124, 0.04965460722299678, 0.04176483131637213]",,,,,
sub-10,V1,PH,train,sub-09,linear_predictivity,553,258,0.025878145720305865,,"[3162.277660168379, 3162.277660168379, 3162.277660168379, 3162.277660168379, 3162.277660168379]",0.13921442216274965,1.1569186557770823,0.860593496316385,0.9705952202126747
sub-10,V1,PH,test,sub-09,linear_predictivity,553,258,0.05360403472739189,"[0.053733411392274985, 0.05119256180974587, 0.06234599640882022, 0.044543896555507355, 0.05620430747061104]",,,,,
sub-10,V2,V1,train,sub-09,linear_predictivity,516,641,0.09972687318559034,,"[3162.277660168379, 3162.277660168379, 3162.277660168379, 3162.277660168379, 3162.277660168379]",0.20501804700110568,1.090196822317996,0.7948057735781935,0.8971632719083493
sub-10,V2,V1,test,sub-09,linear_predictivity,516,641,0.19243084243897401,"[0.1907065073197693, 0.18912719638528436, 0.19284984587235968, 0.19516214343144814, 0.1943085191860086]",,,,,
sub-10,V2,V2,train,sub-09,linear_predictivity,516,754,0.10348104565925867,,"[3162.277660168379, 3162.277660168379, 3162.277660168379, 3162.277660168379, 3162.277660168379]",0.20947577001646348,1.086615995164512,0.7903140317942439,0.892602407531365
sub-10,V2,V2,test,sub-09,linear_predictivity,516,754,0.17402807062818432,"[0.17206265296522308, 0.1768942028739214, 0.1788492339184392, 0.17738453928471823, 0.1649497240986197]",,,,,
sub-10,V2,V3,train,sub-09,linear_predictivity,516,575,0.10612274131620411,,"[3162.277660168379, 3162.277660168379, 3162.277660168379, 3162.277660168379, 3162.277660168379]",0.21091948536557145,1.0861321159611421,0.788889996932552,0.8903769635048194
sub-10,V2,V3,test,sub-09,linear_predictivity,516,575,0.18572375807673341,"[0.1779073175163894, 0.1885814472723133, 0.1915971161657513, 0.18809896877508944, 0.18243394065412358]",,,,,
sub-10,V2,V4,train,sub-09,linear_predictivity,516,616,0.10542923514342588,,"[3162.277660168379, 3162.277660168379, 3162.277660168379, 3162.277660168379, 3162.277660168379]",0.20957210194735287,1.0848320578018016,0.7902438940764153,0.8914322463052775
sub-10,V2,V4,test,sub-09,linear_predictivity,516,616,0.21692083130363385,"[0.2108317742121746, 0.22262822979801883, 0.2178794814597666, 0.22109400659099696, 0.212170664457212]",,,,,
sub-10,V2,V3A,train,sub-09,linear_predictivity,516,270,0.035226158919560824,,"[10000.0, 10000.0, 10000.0, 10000.0, 10000.0]",0.09279610179624373,1.1460812747788052,0.9068958529230269,0.959530451986914
sub-10,V2,V3A,test,sub-09,linear_predictivity,516,270,0.052333200587158756,"[0.03136273561452008, 0.056346699781364216, 0.06304941841664764, 0.0455093387230503, 0.06539781040021155]",,,,,
sub-10,V2,V3B,train,sub-09,linear_predictivity,516,148,0.06238386174402048,,"[3162.277660168379, 3162.277660168379, 3162.277660168379, 3162.277660168379, 3162.277660168379]",0.17011540247812706,1.1138707516246675,0.8296432033860823,0.9337074484474546
sub-10,V2,V3B,test,sub-09,linear_predictivity,516,148,0.17020413609933777,"[0.16685732186373425, 0.18170822181875632, 0.156984370250253, 0.17082833941345898, 0.17464242715048633]",,,,,
sub-10,V2,V6,train,sub-09,linear_predictivity,516,104,0.011349560427191551,,"[10000.0, 10000.0, 10000.0, 10000.0, 10000.0]",0.07137829424382496,1.1588517075413394,0.9283654848419328,0.9841164577357899
sub-10,V2,V6,test,sub-09,linear_predictivity,516,104,0.004756415095131267,"[-0.0074944131787722185, 0.006381048560930858, 0.01255121917135349, -0.003766149448526424, 0.016110370370670632]",,,,,
sub-10,V2,V6A,train,sub-09,linear_predictivity,516,85,0.018643053969210274,,"[3162.277660168379, 3162.277660168379, 10000.0, 3162.277660168379, 3162.277660168379]",0.12483083609344063,1.151339950109005,0.8747440939110784,0.976075105778787
sub-10,V2,V6A,test,sub-09,linear_predictivity,516,85,0.06834379191290411,"[0.06403724778161081, 0.08059837437783651, 0.05056316926177426, 0.06068436794825346, 0.08583580019504555]",,,,,
sub-10,V2,V7,train,sub-09,linear_predictivity,516,87,0.04968191565385977,,"[3162.277660168379, 3162.277660168379, 3162.277660168379, 3162.277660168379, 3162.277660168379]",0.1647895715549848,1.1159713975379968,0.8349571384588026,0.9460226714378859
sub-10,V2,V7,test,sub-09,linear_predictivity,516,87,0.08641853802067864,"[0.07973115254491318, 0.10298602761109009, 0.07627243743876906, 0.07760352324139323, 0.0954995492672276]",,,,,
sub-10,V2,V8,train,sub-09,linear_predictivity,516,101,0.046496803161904215,,"[3162.277660168379, 3162.277660168379, 3162.277660168379, 3162.277660168379, 3162.277660168379]",0.15746347969658722,1.1255157402040759,0.8423239551668888,0.9495848689160062
sub-10,V2,V8,test,sub-09,linear_predictivity,516,101,0.13372956014942727,"[0.1259232229044454, 0.14152118928800816, 0.14304228025912882, 0.12908833179693321, 0.12907277649862073]",,,,,
sub-10,V2,FFC,train,sub-09,linear_predictivity,516,263,0.02944080224684984,,"[3162.277660168379, 3162.277660168379, 3162.277660168379, 3162.277660168379, 3162.277660168379]",0.14156756965095374,1.1342575636301266,0.8582420508348332,0.9670927384288344
sub-10,V2,FFC,test,sub-09,linear_predictivity,516,263,0.08474484360217598,"[0.08455382216971184, 0.07968089124995498, 0.08827829272197014, 0.08091126524584213, 0.09029994662340078]",,,,,
sub-10,V2,PIT,train,sub-09,linear_predictivity,516,123,0.05171607694395916,,"[3162.277660168379, 3162.277660168379, 3162.277660168379, 3162.277660168379, 3162.277660168379]",0.161519972476425,1.1182504186721183,0.8382629948512748,0.9447036274272727
sub-10,V2,PIT,test,sub-09,linear_predictivity,516,123,0.11240308145689522,"[0.10890384017593593, 0.11390557092847681, 0.11342415744606599, 0.11117124171526255, 0.11461059701873486]",,,,,
sub-10,V2,IPS1,train,sub-09,linear_predictivity,516,243,0.03265228052251892,,"[3162.277660168379, 3162.277660168379, 3162.277660168379, 3162.277660168379, 3162.277660168379]",0.14015613654649955,1.137464202464112,0.8596742467118522,0.9643970731704045
sub-10,V2,IPS1,test,sub-09,linear_predictivity,516,243,0.07308798614539411,"[0.06337585633799651, 0.08602814484267024, 0.06922115343535447, 0.0677174863774134, 0.07909728973353591]",,,,,
sub-10,V2,MST,train,sub-09,linear_predictivity,516,149,0.04258931786931523,,"[1000.0, 3162.277660168379, 3162.277660168379, 3162.277660168379, 3162.277660168379]",0.182870489279229,1.0991223061972923,0.8169716986961146,0.9523129152255819
sub-10,V2,MST,test,sub-09,linear_predictivity,516,149,0.07712349965675296,"[0.07850895905951355, 0.0777374806098463, 0.07110438392494971, 0.06346974624075691, 0.09479692844869833]",,,,,
sub-10,V2,MT,train,sub-09,linear_predictivity,516,100,0.05257339906153218,,"[1000.0, 3162.277660168379, 3162.277660168379, 3162.277660168379, 1000.0]",0.20956902928632815,1.0909540269447784,0.7901075557226596,0.9431026947553119
sub-10,V2,MT,test,sub-09,linear_predictivity,516,100,0.10826935498032933,"[0.10935289485012259, 0.09033053280330722, 0.09434980094267653, 0.08484239966316215, 0.16247114664237813]",,,,,
sub-10,V2,FST,train,sub-09,linear_predictivity,516,156,0.029650865958329248,,"[3162.277660168379, 3162.277660168379, 3162.277660168379, 3162.277660168379, 3162.277660168379]",0.14011888023348887,1.1253278133830849,0.8597196877095936,0.9672861072846054
sub-10,V2,FST,test,sub-09,linear_predictivity,516,156,0.1047516572395388,"[0.1009967665690212, 0.1081852041513162, 0.10722095560329829, 0.10062877957913188, 0.10672658029492646]",,,,,
sub-10,V2,LO1,train,sub-09,linear_predictivity,516,79,0.0576657469658502,,"[3162.277660168379, 3162.277660168379, 3162.277660168379, 3162.277660168379, 3162.277660168379]",0.16814545993799984,1.1128207969793706,0.8317769872113792,0.9409406302256766
sub-10,V2,LO1,test,sub-09,linear_predictivity,516,79,0.10251944796923038,"[0.09278882337894695, 0.10440219428080097, 0.10388364102985692, 0.11484347356677128, 0.09667910758977584]",,,,,
sub-10,V2,LO2,train,sub-09,linear_predictivity,516,80,0.0445589953164783,,"[3162.277660168379, 3162.277660168379, 3162.277660168379, 3162.277660168379, 3162.277660168379]",0.1520522129730851,1.123393780241649,0.8478255881598766,0.9531558201304255
sub-10,V2,LO2,test,sub-09,linear_predictivity,516,80,0.08591829794753818,"[0.08278874536591652, 0.0875082439878259, 0.08477811032326937, 0.09121542693530071, 0.08330096312537838]",,,,,
sub-10,V2,LO3,train,sub-09,linear_predictivity,516,125,0.042885265355270485,,"[3162.277660168379, 3162.277660168379, 3162.277660168379, 3162.277660168379, 3162.277660168379]",0.16116206583581483,1.1147830122135027,0.8385909701773491,0.9528132930824119
sub-10,V2,LO3,test,sub-09,linear_predictivity,516,125,0.09003498045154743,"[0.08541024845396747, 0.08524183149783407, 0.09182703294038037, 0.08557811109208172, 0.10211767827347346]",,,,,
sub-10,V2,V7,train,sub-09,linear_predictivity,516,87,0.04968191565385977,,"[3162.277660168379, 3162.277660168379, 3162.277660168379, 3162.277660168379, 3162.277660168379]",0.1647895715549848,1.1159713975379968,0.8349571384588026,0.9460226714378859
sub-10,V2,V7,test,sub-09,linear_predictivity,516,87,0.08641853802067864,"[0.07973115254491318, 0.10298602761109009, 0.07627243743876906, 0.07760352324139323, 0.0954995492672276]",,,,,
sub-10,V2,IP0,train,sub-09,linear_predictivity,516,198,0.036132682091053414,,"[3162.277660168379, 3162.277660168379, 3162.277660168379, 3162.277660168379, 3162.277660168379]",0.14377655507606094,1.1375415798265247,0.8560265231063593,0.9604894756631606
sub-10,V2,IP0,test,sub-09,linear_predictivity,516,198,0.09378331237228844,"[0.08394440842068782, 0.10730762120821478, 0.08969439601915206, 0.0930197594333729, 0.09495037678001468]",,,,,
sub-10,V2,IP1,train,sub-09,linear_predictivity,516,114,0.0038777984176017835,,"[10000.0, 10000.0, 10000.0, 10000.0, 10000.0]",0.05908098045909107,1.1742787354669568,0.9405812151883272,0.9903124424348604
sub-10,V2,IP1,test,sub-09,linear_predictivity,516,114,0.006475067705531664,"[0.0060068835626873335, 0.012563767328045797, 0.0035742044645778108, -0.001950656683349263, 0.012181139855696639]",,,,,
sub-10,V2,MIP,train,sub-09,linear_predictivity,516,280,0.02434258957059113,,"[3162.277660168379, 3162.277660168379, 3162.277660168379, 3162.277660168379, 3162.277660168379]",0.1352893662235192,1.151014650265049,0.8645215247395466,0.9719622637071957
sub-10,V2,MIP,test,sub-09,linear_predictivity,516,280,0.10162365183016693,"[0.09184423645254787, 0.112728692503867, 0.1026521243516372, 0.09861030746574055, 0.10228289837704198]",,,,,
sub-10,V2,VIP,train,sub-09,linear_predictivity,516,180,0.03025936438938346,,"[3162.277660168379, 3162.277660168379, 3162.277660168379, 3162.277660168379, 3162.277660168379]",0.13902110284317146,1.14460861456747,0.8607461391683966,0.9655715935994852
sub-10,V2,VIP,test,sub-09,linear_predictivity,516,180,0.0886631919449786,"[0.07992695340737102, 0.10181788701468647, 0.0844492829649438, 0.0905404232976065, 0.0865814130402852]",,,,,
sub-10,V2,LIPd,train,sub-09,linear_predictivity,516,69,0.002572228109999514,,"[10000.0, 10000.0, 10000.0, 10000.0, 10000.0]",0.06429766151505133,1.175826281543109,0.9352608125851025,0.9898659454960017
sub-10,V2,LIPd,test,sub-09,linear_predictivity,516,69,-0.0012156902609361682,"[-0.0009617739677626533, 0.00645317776859639, -0.004301051067969432, -0.012283736751994321, 0.005014932714449175]",,,,,
sub-10,V2,LIPv,train,sub-09,linear_predictivity,516,239,0.020869375143784553,,"[10000.0, 10000.0, 10000.0, 10000.0, 10000.0]",0.07750831719432319,1.1537693489117882,0.9222145660897914,0.9745279862216485
sub-10,V2,LIPv,test,sub-09,linear_predictivity,516,239,0.044736878419564516,"[0.04583350412826439, 0.04647502874788508, 0.0449501861406747, 0.037991685013864206, 0.048433988067134205]",,,,,
sub-10,V2,AIP,train,sub-09,linear_predictivity,516,275,0.001613158012447282,,"[31622.776601683796, 10000.0, 10000.0, 31622.776601683796, 31622.776601683796]",0.040989053508329786,1.1716549738212139,0.9588027086841088,0.9945257946207041
sub-10,V2,AIP,test,sub-09,linear_predictivity,516,275,0.033842504470711854,"[0.03129630031712694, 0.0436072100546505, 0.041685757629799064, 0.023855197130541732, 0.028768057221441004]",,,,,
sub-10,V2,7Pm,train,sub-09,linear_predictivity,516,17,-8.178180167739925e-05,,"[31622.776601683796, 31622.776601683796, 31622.776601683796, 31622.776601683796, 31622.776601683796]",0.02621071135206534,1.1747635818038138,0.9735616479968288,0.9964893132923567
sub-10,V2,7Pm,test,sub-09,linear_predictivity,516,17,0.0001977836463507074,"[-0.002095190129833711, -0.0015816001081730652, 0.001233622481936389, 0.002845055434132552, 0.0005870305536913719]",,,,,
sub-10,V2,7PL,train,sub-09,linear_predictivity,516,133,0.030766216217111845,,"[3162.277660168379, 3162.277660168379, 3162.277660168379, 3162.277660168379, 3162.277660168379]",0.14132548166944336,1.1436729811383939,0.8584804930857126,0.9656404756756144
sub-10,V2,7PL,test,sub-09,linear_predictivity,516,133,0.11736809203322578,"[0.11195497875897814, 0.1194647398231123, 0.12176878506101255, 0.11751554379797947, 0.11613641272504645]",,,,,
sub-10,V2,7PC,train,sub-09,linear_predictivity,516,315,0.010056779563074707,,"[10000.0, 10000.0, 10000.0, 10000.0, 10000.0]",0.0657604680276602,1.1549796930412575,0.933996130748455,0.9857870601630007
sub-10,V2,7PC,test,sub-09,linear_predictivity,516,315,0.045253157298779115,"[0.04837197250091733, 0.04924720976952992, 0.04428734548628573, 0.03944294329094367, 0.04491631544621892]",,,,,
sub-10,V2,7Am,train,sub-09,linear_predictivity,516,228,0.013692469645552392,,"[10000.0, 10000.0, 10000.0, 10000.0, 10000.0]",0.06810566352704721,1.159140065715945,0.9317214992842722,0.9832091255456408
sub-10,V2,7Am,test,sub-09,linear_predictivity,516,228,0.03908645064778134,"[0.04446475609388153, 0.03480432445319231, 0.03492971836285883, 0.039533023651064675, 0.04170043067790935]",,,,,
sub-10,V2,7AL,train,sub-09,linear_predictivity,516,178,-0.0009572494725662537,,"[10000.0, 31622.776601683796, 10000.0, 10000.0, 10000.0]",0.05014442776967689,1.1750654087289998,0.949701165651754,0.9979897351759532
sub-10,V2,7AL,test,sub-09,linear_predictivity,516,178,-0.0037397027351926252,"[0.006482500244423317, -0.016666652243317617, -0.006526392861315178, -0.0015215344335759602, -0.0004664343821776883]",,,,,
sub-10,V2,VVC,train,sub-09,linear_predictivity,516,151,0.0072266130575231406,,"[10000.0, 10000.0, 10000.0, 10000.0, 10000.0]",0.06220203359601253,1.1626107868089208,0.9376202697104798,0.9896195498751386
sub-10,V2,VVC,test,sub-09,linear_predictivity,516,151,0.032012866409900476,"[0.032475493867437186, 0.03760389405811195, 0.02722258238250185, 0.030041967794099098, 0.03272039394735228]",,,,,
sub-10,V2,VMV2,train,sub-09,linear_predictivity,516,119,0.05063944766462071,,"[3162.277660168379, 3162.277660168379, 3162.277660168379, 3162.277660168379, 3162.277660168379]",0.15849662600916997,1.1154227178110176,0.8413317248500387,0.9463973427927233
sub-10,V2,VMV2,test,sub-09,linear_predictivity,516,119,0.14344594837455077,"[0.14140161961180286, 0.14900007745352528, 0.1399888572254908, 0.14486332231776738, 0.14197586526416742]",,,,,
sub-10,V2,VMV3,train,sub-09,linear_predictivity,516,109,0.029562136621552163,,"[3162.277660168379, 3162.277660168379, 3162.277660168379, 3162.277660168379, 3162.277660168379]",0.14017240143741314,1.140713649172288,0.8596307730725232,0.9667955225515443
sub-10,V2,VMV3,test,sub-09,linear_predictivity,516,109,0.08551109277380697,"[0.08399963484478662, 0.09106005467993247, 0.08659924651123058, 0.08620655378002319, 0.07968997405306198]",,,,,
sub-10,V2,VMV1,train,sub-09,linear_predictivity,516,96,0.030070827449145025,,"[3162.277660168379, 3162.277660168379, 3162.277660168379, 3162.277660168379, 3162.277660168379]",0.1409196659437903,1.1355117814553355,0.8588799695850102,0.9663635689669968
sub-10,V2,VMV1,test,sub-09,linear_predictivity,516,96,0.10912521642427034,"[0.10243820550686102, 0.1161955839882916, 0.10760430003423661, 0.10702856947331606, 0.11235942311864634]",,,,,
sub-10,V2,PHA2,train,sub-09,linear_predictivity,516,17,0.0015331754548210553,,"[10000.0, 10000.0, 10000.0, 10000.0, 10000.0]",0.05458677554085404,1.1730969241554947,0.9453061898310857,0.9966834836188412
sub-10,V2,PHA2,test,sub-09,linear_predictivity,516,17,0.025831149779876727,"[0.023890395183449792, 0.02618447418659387, 0.02349507330124773, 0.030054926052320602, 0.025530880175771632]",,,,,
sub-10,V2,PHA3,train,sub-09,linear_predictivity,516,104,0.013705007186191382,,"[3162.277660168379, 3162.277660168379, 3162.277660168379, 3162.277660168379, 3162.277660168379]",0.12337266223551806,1.1576170832251633,0.8764703939482008,0.9834333396019961
sub-10,V2,PHA3,test,sub-09,linear_predictivity,516,104,0.07468171769430168,"[0.07554817161631916, 0.08817864520748299, 0.06942071516428, 0.07247945344635984, 0.06778160303706637]",,,,,
sub-10,V2,PH,train,sub-09,linear_predictivity,516,258,0.017104932133797043,,"[3162.277660168379, 3162.277660168379, 10000.0, 3162.277660168379, 3162.277660168379]",0.11923421225729265,1.1418099240811137,0.8804856591811763,0.9792590498709213
sub-10,V2,PH,test,sub-09,linear_predictivity,516,258,0.0561972442080919,"[0.05764580580344034, 0.06102224254479869, 0.042628702570690145, 0.055095528366087825, 0.06459394175544252]",,,,,
sub-10,V3,V1,train,sub-09,linear_predictivity,400,641,0.09063088810900745,,"[3162.277660168379, 3162.277660168379, 3162.277660168379, 3162.277660168379, 3162.277660168379]",0.17106727769757737,1.038418206156985,0.8287411396494804,0.9062284921990071
sub-10,V3,V1,test,sub-09,linear_predictivity,400,641,0.17641504626037366,"[0.1775806962447757, 0.17285164774367406, 0.1751937949515242, 0.1754468757887564, 0.1810022165731378]",,,,,
sub-10,V3,V2,train,sub-09,linear_predictivity,400,754,0.09868923780190493,,"[3162.277660168379, 3162.277660168379, 3162.277660168379, 3162.277660168379, 3162.277660168379]",0.18067270796591586,1.0307302521430426,0.8191056034413062,0.8973380170566967
sub-10,V3,V2,test,sub-09,linear_predictivity,400,754,0.16290719157280514,"[0.1625063502100996, 0.16370617851848082, 0.1674924059638308, 0.1632182381209437, 0.15761278505067072]",,,,,
sub-10,V3,V3,train,sub-09,linear_predictivity,400,575,0.11466212011182157,,"[3162.277660168379, 3162.277660168379, 3162.277660168379, 3162.277660168379, 3162.277660168379]",0.19302373441565507,1.0222049672944244,0.8067768471777784,0.8818156488845649
sub-10,V3,V3,test,sub-09,linear_predictivity,400,575,0.19548329649619348,"[0.19199659136559988, 0.1963058524995364, 0.19879623881018504, 0.19609744923448855, 0.1942203505711575]",,,,,
sub-10,V3,V4,train,sub-09,linear_predictivity,400,616,0.12333839470848605,,"[1000.0, 1000.0, 1000.0, 1000.0, 1000.0]",0.26510748737351925,1.0128115027612834,0.7346968748251366,0.8730579432092463
sub-10,V3,V4,test,sub-09,linear_predictivity,400,616,0.26483038871273046,"[0.2638815087018961, 0.2683629965061781, 0.25760044446560215, 0.26917978547865806, 0.2651272084113176]",,,,,
sub-10,V3,V3A,train,sub-09,linear_predictivity,400,270,0.040398513317491724,,"[3162.277660168379, 3162.277660168379, 3162.277660168379, 3162.277660168379, 3162.277660168379]",0.12723180447705243,1.0680799516118396,0.872474216832561,0.9543737573957406
sub-10,V3,V3A,test,sub-09,linear_predictivity,400,270,0.08396180400547311,"[0.06212191245585026, 0.08980113582077189, 0.0951984416000008, 0.07649742607434495, 0.09619010407639762]",,,,,
sub-10,V3,V3B,train,sub-09,linear_predictivity,400,148,0.07650153594053051,,"[1000.0, 1000.0, 3162.277660168379, 3162.277660168379, 1000.0]",0.20335888672643257,1.0439245595568722,0.7957267353401127,0.9192736689223047
sub-10,V3,V3B,test,sub-09,linear_predictivity,400,148,0.20532932294104483,"[0.21815644555450298, 0.23249114897712325, 0.16514314520707007, 0.1905572785918807, 0.22029859637464702]",,,,,
sub-10,V3,V6,train,sub-09,linear_predictivity,400,104,0.012583841251900414,,"[3162.277660168379, 10000.0, 3162.277660168379, 10000.0, 3162.277660168379]",0.08494429535400849,1.087353001571301,0.914952218859648,0.9828701977623331
sub-10,V3,V6,test,sub-09,linear_predictivity,400,104,0.015019016113838013,"[0.007098903259235428, 0.006272948979651981, 0.025463649243849033, 0.0008481772930084724, 0.035411401793445145]",,,,,
sub-10,V3,V6A,train,sub-09,linear_predictivity,400,85,0.03734366961034514,,"[3162.277660168379, 3162.277660168379, 3162.277660168379, 3162.277660168379, 1000.0]",0.13966043204645642,1.0661800537551749,0.8596450682803395,0.9572442387009371
sub-10,V3,V6A,test,sub-09,linear_predictivity,400,85,0.10559614147647974,"[0.09663461700618958, 0.10982588927752358, 0.09796479735154444, 0.0946364713786536, 0.12891893236848748]",,,,,
sub-10,V3,V7,train,sub-09,linear_predictivity,400,87,0.079191487456461,,"[1000.0, 1000.0, 1000.0, 1000.0, 1000.0]",0.22955834351900867,1.0395218798778942,0.7701820905882683,0.9159445391976734
sub-10,V3,V7,test,sub-09,linear_predictivity,400,87,0.1506883928024459,"[0.1479497778862926, 0.1735628499492949, 0.13171428503578977, 0.15459883017392895, 0.14561622096692312]",,,,,
sub-10,V3,V8,train,sub-09,linear_predictivity,400,101,0.06373057851864107,,"[3162.277660168379, 1000.0, 1000.0, 3162.277660168379, 3162.277660168379]",0.1792135530126695,1.0429932778389759,0.8204904420606705,0.9322772060931446
sub-10,V3,V8,test,sub-09,linear_predictivity,400,101,0.1995666337117646,"[0.18601494738001492, 0.22103952778181674, 0.21530285067977492, 0.18811779388218827, 0.1873580488350282]",,,,,
sub-10,V3,FFC,train,sub-09,linear_predictivity,400,263,0.08494156671035008,,"[1000.0, 1000.0, 1000.0, 1000.0, 1000.0]",0.23058929833639316,1.0368961126365417,0.769222765131492,0.9115622904097849
sub-10,V3,FFC,test,sub-09,linear_predictivity,400,263,0.25360688723997743,"[0.2520666760005271, 0.2540851757942276, 0.2509400347570048, 0.2561589833305486, 0.25478356631757904]",,,,,
sub-10,V3,PIT,train,sub-09,linear_predictivity,400,123,0.12000749426918499,,"[1000.0, 1000.0, 1000.0, 1000.0, 1000.0]",0.2636823731554922,1.0131054477951875,0.7360846168952374,0.8760384423065762
sub-10,V3,PIT,test,sub-09,linear_predictivity,400,123,0.29004348455553197,"[0.28536014328056997, 0.2866070820379374, 0.2808931189168083, 0.3001587276058619, 0.29719835093648245]",,,,,
sub-10,V3,IPS1,train,sub-09,linear_predictivity,400,243,0.04923659269640525,,"[3162.277660168379, 1000.0, 3162.277660168379, 3162.277660168379, 1000.0]",0.1609691532665227,1.0638724538106807,0.8384905225496109,0.9473280336445589
sub-10,V3,IPS1,test,sub-09,linear_predictivity,400,243,0.12042627630365436,"[0.09698665748407673, 0.15543850190384279, 0.09438170563248999, 0.10734939546636287, 0.14797512103149946]",,,,,
sub-10,V3,MST,train,sub-09,linear_predictivity,400,149,0.11043772716125125,,"[1000.0, 1000.0, 1000.0, 1000.0, 1000.0]",0.2598984372794133,1.0094850279850065,0.7398393907223444,0.884733501170069
sub-10,V3,MST,test,sub-09,linear_predictivity,400,149,0.2053508080196528,"[0.19320202579276152, 0.2131086095946479, 0.1917077034913848, 0.20597361226135633, 0.2227620889581135]",,,,,
sub-10,V3,MT,train,sub-09,linear_predictivity,400,100,0.15798590239090848,,"[1000.0, 1000.0, 1000.0, 316.2277660168379, 1000.0]",0.3159263063141627,0.9840272532611032,0.683465495139903,0.8384101772620169
sub-10,V3,MT,test,sub-09,linear_predictivity,400,100,0.3258774781934711,"[0.30999366224974234, 0.3190400897429105, 0.3021863201783149, 0.36304529830746346, 0.33512202048892425]",,,,,
sub-10,V3,FST,train,sub-09,linear_predictivity,400,156,0.06819808259267998,,"[1000.0, 1000.0, 1000.0, 1000.0, 1000.0]",0.21569182135700454,1.0471507234988993,0.7841192858324485,0.9282293445423717
sub-10,V3,FST,test,sub-09,linear_predictivity,400,156,0.18846954011759848,"[0.1779275890937758, 0.1985126326394834, 0.1775088044443716, 0.19278972624625212, 0.19560894816410943]",,,,,
sub-10,V3,LO1,train,sub-09,linear_predictivity,400,79,0.09906074275693345,,"[1000.0, 1000.0, 1000.0, 1000.0, 1000.0]",0.24439176045952493,1.0264984670943131,0.7554554187602797,0.8981652010645458
sub-10,V3,LO1,test,sub-09,linear_predictivity,400,79,0.19131489650394307,"[0.18556940754515358, 0.20435633389077604, 0.16714313267453035, 0.20917272829914701, 0.19033288011010843]",,,,,
sub-10,V3,LO2,train,sub-09,linear_predictivity,400,80,0.09766225905940358,,"[1000.0, 1000.0, 1000.0, 1000.0, 1000.0]",0.24587039087113016,1.0258467923918118,0.7539296104130705,0.8989980678224418
sub-10,V3,LO2,test,sub-09,linear_predictivity,400,80,0.24129945253772606,"[0.2301301922103121, 0.2436849648527156, 0.2254581507253049, 0.2567355625057855, 0.25048839239451226]",,,,,
sub-10,V3,LO3,train,sub-09,linear_predictivity,400,125,0.11164154488561664,,"[1000.0, 1000.0, 1000.0, 1000.0, 1000.0]",0.25982739614909056,1.0128413793190636,0.7399690831739542,0.8844289256916091
sub-10,V3,LO3,test,sub-09,linear_predictivity,400,125,0.2527068222718364,"[0.2591228996009722, 0.2569501728101368, 0.23507106496898472, 0.254759852257093, 0.25763012172199484]",,,,,
sub-10,V3,V7,train,sub-09,linear_predictivity,400,87,0.079191487456461,,"[1000.0, 1000.0, 1000.0, 1000.0, 1000.0]",0.22955834351900867,1.0395218798778942,0.7701820905882683,0.9159445391976734
sub-10,V3,V7,test,sub-09,linear_predictivity,400,87,0.1506883928024459,"[0.1479497778862926, 0.1735628499492949, 0.13171428503578977, 0.15459883017392895, 0.14561622096692312]",,,,,
sub-10,V3,IP0,train,sub-09,linear_predictivity,400,198,0.04973117008604279,,"[1000.0, 1000.0, 3162.277660168379, 3162.277660168379, 1000.0]",0.1775996675370929,1.0621935322073432,0.821515204659874,0.9459507731750504
sub-10,V3,IP0,test,sub-09,linear_predictivity,400,198,0.1480878648606863,"[0.15812575081450492, 0.1789723009614931, 0.10600962626733165, 0.1227080122045272, 0.17462363405557466]",,,,,
sub-10,V3,IP1,train,sub-09,linear_predictivity,400,114,0.010949235483444546,,"[3162.277660168379, 3162.277660168379, 3162.277660168379, 3162.277660168379, 3162.277660168379]",0.0968870425086767,1.1025011049609572,0.9027680729957982,0.9829684936611285
sub-10,V3,IP1,test,sub-09,linear_predictivity,400,114,0.023440410578142695,"[0.01786866132085367, 0.029588893359335965, 0.011908224054748756, 0.018579710087891558, 0.039256564067883526]",,,,,
sub-10,V3,MIP,train,sub-09,linear_predictivity,400,280,0.03296602353680912,,"[3162.277660168379, 3162.277660168379, 3162.277660168379, 3162.277660168379, 3162.277660168379]",0.1158932706883086,1.0881300043466147,0.8838727070398653,0.9631661578535817
sub-10,V3,MIP,test,sub-09,linear_predictivity,400,280,0.10570110843860463,"[0.1011659419272725, 0.11764743711687758, 0.10101876445566454, 0.10273184418716956, 0.10594155450603887]",,,,,
sub-10,V3,VIP,train,sub-09,linear_predictivity,400,180,0.03611364753416487,,"[3162.277660168379, 3162.277660168379, 3162.277660168379, 3162.277660168379, 3162.277660168379]",0.11795697876862173,1.0796939778549632,0.8817732213462663,0.9597024213660769
sub-10,V3,VIP,test,sub-09,linear_predictivity,400,180,0.10404719628348517,"[0.10227212180809317, 0.1191740930797912, 0.09200986130355429, 0.10776567081033252, 0.09901423441565471]",,,,,
sub-10,V3,LIPd,train,sub-09,linear_predictivity,400,69,-0.0013014044201907203,,"[10000.0, 10000.0, 10000.0, 10000.0, 3162.277660168379]",0.05876862488444908,1.1054774160180494,0.9405518939563059,0.9936153423454706
sub-10,V3,LIPd,test,sub-09,linear_predictivity,400,69,-0.009085574923624381,"[-0.004085111050651627, 0.0010149050715444314, -0.01169455997406872, -0.02225103617544602, -0.008412072489499977]",,,,,
sub-10,V3,LIPv,train,sub-09,linear_predictivity,400,239,0.022897839532428604,,"[3162.277660168379, 3162.277660168379, 3162.277660168379, 3162.277660168379, 3162.277660168379]",0.11010326534979006,1.0849770689308809,0.8896180690764034,0.9723135846369926
sub-10,V3,LIPv,test,sub-09,linear_predictivity,400,239,0.05429967122167505,"[0.053936989729222895, 0.050350706358651194, 0.05071051876268682, 0.053959434055505004, 0.06254070720230939]",,,,,
sub-10,V3,AIP,train,sub-09,linear_predictivity,400,275,0.0039939528952058975,,"[3162.277660168379, 3162.277660168379, 10000.0, 10000.0, 3162.277660168379]",0.0746020307182568,1.1017282290768171,0.9250956227544517,0.9919811011181061
sub-10,V3,AIP,test,sub-09,linear_predictivity,400,275,0.05424200517135459,"[0.062157461102243926, 0.06849058195451015, 0.03439557952406226, 0.03675412686585755, 0.06941227641009905]",,,,,
sub-10,V3,7Pm,train,sub-09,linear_predictivity,400,17,-0.001974854415295849,,"[31622.776601683796, 31622.776601683796, 100000.0, 31622.776601683796, 100000.0]",0.01742822775135476,1.131668106759294,0.9823530105912693,0.9986497037655179
sub-10,V3,7Pm,test,sub-09,linear_predictivity,400,17,0.0010003904367423403,"[-0.001908221163932032, -0.001558117968290359, 0.0009893609741067932, 0.0036087455548087298, 0.00387018478701857]",,,,,
sub-10,V3,7PL,train,sub-09,linear_predictivity,400,133,0.032013056713834476,,"[3162.277660168379, 3162.277660168379, 3162.277660168379, 3162.277660168379, 3162.277660168379]",0.11415476665042615,1.0858951879847285,0.8856338069694125,0.9644435650272027
sub-10,V3,7PL,test,sub-09,linear_predictivity,400,133,0.12854313096077047,"[0.12300737992931983, 0.1404144108026255, 0.12832354120811829, 0.12503882381166062, 0.1259314990521281]",,,,,
sub-10,V3,7PC,train,sub-09,linear_predictivity,400,315,0.020835421733641925,,"[3162.277660168379, 3162.277660168379, 3162.277660168379, 3162.277660168379, 3162.277660168379]",0.10547984190114972,1.0843956959042893,0.8942422443359103,0.9744275494745691
sub-10,V3,7PC,test,sub-09,linear_predictivity,400,315,0.06483203536024598,"[0.06340271710894566, 0.07218457422030863, 0.05849951192235406, 0.06225553635024325, 0.06781783719937835]",,,,,
sub-10,V3,7Am,train,sub-09,linear_predictivity,400,228,0.017220084253300388,,"[3162.277660168379, 3162.277660168379, 3162.277660168379, 3162.277660168379, 3162.277660168379]",0.1023620504914746,1.0949784743900832,0.8974715347682182,0.9797062698342099
sub-10,V3,7Am,test,sub-09,linear_predictivity,400,228,0.06065484122727103,"[0.06819308747806622, 0.06320130614187812, 0.04973338428830551, 0.06179228183170509, 0.06035414639640019]",,,,,
sub-10,V3,7AL,train,sub-09,linear_predictivity,400,178,0.005105975099063211,,"[10000.0, 10000.0, 3162.277660168379, 10000.0, 10000.0]",0.055897395940746816,1.098033988913666,0.9439325056027987,0.9919333049359889
sub-10,V3,7AL,test,sub-09,linear_predictivity,400,178,-0.0037157334682927944,"[-0.0012364840226616886, -0.010521567911829727, 0.007159600807347333, -0.007941110226999363, -0.006039105987320526]",,,,,
sub-10,V3,VVC,train,sub-09,linear_predictivity,400,151,0.029535676336268312,,"[3162.277660168379, 3162.277660168379, 3162.277660168379, 3162.277660168379, 3162.277660168379]",0.11291768708598868,1.0766277996941729,0.8869108847655219,0.9674491766986891
sub-10,V3,VVC,test,sub-09,linear_predictivity,400,151,0.10825382097695875,"[0.10810663858743937, 0.11495780029971835, 0.09838312424325064, 0.1095867845268668, 0.11023475722751853]",,,,,
sub-10,V3,VMV2,train,sub-09,linear_predictivity,400,119,0.08103865209710524,,"[1000.0, 1000.0, 1000.0, 1000.0, 1000.0]",0.23056008999982072,1.0402970468618082,0.7692888021199291,0.916261918099883
sub-10,V3,VMV2,test,sub-09,linear_predictivity,400,119,0.20767631543853576,"[0.20589578823259014, 0.21537895726297848, 0.20614499449716994, 0.2114302454633763, 0.1995315917365639]",,,,,
sub-10,V3,VMV3,train,sub-09,linear_predictivity,400,109,0.047845192341232044,,"[3162.277660168379, 1000.0, 1000.0, 3162.277660168379, 1000.0]",0.17766659820993874,1.0550881116244564,0.8218699210651262,0.9484299664620114
sub-10,V3,VMV3,test,sub-09,linear_predictivity,400,109,0.15040104678533212,"[0.13310894553205202, 0.1700189029452939, 0.15355596104673344, 0.1297368229725761, 0.16558460143000506]",,,,,
sub-10,V3,VMV1,train,sub-09,linear_predictivity,400,96,0.05126970317692633,,"[1000.0, 3162.277660168379, 3162.277660168379, 3162.277660168379, 3162.277660168379]",0.14827201511700133,1.064778409633357,0.8514445291315491,0.9454450688871466
sub-10,V3,VMV1,test,sub-09,linear_predictivity,400,96,0.146237924730699,"[0.16468440526363473, 0.14697616125086863, 0.1406047050029099, 0.13927240440510968, 0.139651947730972]",,,,,
sub-10,V3,PHA2,train,sub-09,linear_predictivity,400,17,0.014871477714041076,,"[3162.277660168379, 3162.277660168379, 3162.277660168379, 3162.277660168379, 3162.277660168379]",0.09510645833329094,1.093608467027352,0.904792468836067,0.9834902511536973
sub-10,V3,PHA2,test,sub-09,linear_predictivity,400,17,0.06299861763552514,"[0.062486226294602196, 0.06558921275261353, 0.05594041170667336, 0.06745074632158478, 0.06352649110215183]",,,,,
sub-10,V3,PHA3,train,sub-09,linear_predictivity,400,104,0.03375122367523629,,"[1000.0, 3162.277660168379, 3162.277660168379, 3162.277660168379, 3162.277660168379]",0.1299169498508854,1.0734028753074258,0.8699896836047861,0.9638183370519771
sub-10,V3,PHA3,test,sub-09,linear_predictivity,400,104,0.10984483280123714,"[0.12856184795323233, 0.11640662297440404, 0.09985510858670978, 0.10488077337995895, 0.09951981111188053]",,,,,
sub-10,V3,PH,train,sub-09,linear_predictivity,400,258,0.059466778618200086,,"[1000.0, 1000.0, 1000.0, 1000.0, 1000.0]",0.2104468902358599,1.0551515362984603,0.789338264227476,0.9365279613452078
sub-10,V3,PH,test,sub-09,linear_predictivity,400,258,0.16345426933577542,"[0.1570685888379564, 0.17162669902590927, 0.15040803061856436, 0.1598785455790699, 0.17828948261737723]",,,,,
sub-10,V4,V1,train,sub-09,linear_predictivity,574,641,0.08396103721081774,,"[3162.277660168379, 3162.277660168379, 3162.277660168379, 3162.277660168379, 3162.277660168379]",0.18990424080862506,1.1174314660433402,0.8099053754633502,0.9128294404036863
sub-10,V4,V1,test,sub-09,linear_predictivity,574,641,0.17168095686073873,"[0.16693905900290865, 0.17246056998547168, 0.167583484496368, 0.18054995998819817, 0.17087171083074704]",,,,,
sub-10,V4,V2,train,sub-09,linear_predictivity,574,754,0.09568885497362341,,"[3162.277660168379, 3162.277660168379, 3162.277660168379, 3162.277660168379, 3162.277660168379]",0.2037999726749152,1.1021625228022351,0.7959776450813427,0.9002703551534234
sub-10,V4,V2,test,sub-09,linear_predictivity,574,754,0.1736450898530078,"[0.16187254994110253, 0.17158578338128852, 0.1850094195773992, 0.182101498688534, 0.1676561976767148]",,,,,
sub-10,V4,V3,train,sub-09,linear_predictivity,574,575,0.11145362436483275,,"[3162.277660168379, 3162.277660168379, 3162.277660168379, 3162.277660168379, 3162.277660168379]",0.21522320192857308,1.0903188060560252,0.7845940278879905,0.885159963544262
sub-10,V4,V3,test,sub-09,linear_predictivity,574,575,0.20042245935064856,"[0.1870189768618643, 0.20164004702070373, 0.21039927178431456, 0.20691758226747162, 0.1961364188188885]",,,,,
sub-10,V4,V4,train,sub-09,linear_predictivity,574,616,0.1380675183552376,,"[3162.277660168379, 3162.277660168379, 3162.277660168379, 3162.277660168379, 3162.277660168379]",0.24015205872298648,1.0668035648757326,0.7596339774024446,0.8585254432634134
sub-10,V4,V4,test,sub-09,linear_predictivity,574,616,0.29578434854603347,"[0.2875123248817773, 0.305291162877747, 0.28885860746661574, 0.3048771349533313, 0.292382512550696]",,,,,
sub-10,V4,V3A,train,sub-09,linear_predictivity,574,270,0.06023160995812394,,"[3162.277660168379, 3162.277660168379, 3162.277660168379, 3162.277660168379, 3162.277660168379]",0.16985590085810987,1.1298720551230488,0.8298376073457729,0.9342767131558579
sub-10,V4,V3A,test,sub-09,linear_predictivity,574,270,0.1335650185205815,"[0.11393489397681367, 0.1366269343866377, 0.1490381617516041, 0.12581372560793452, 0.1424113768799177]",,,,,
sub-10,V4,V3B,train,sub-09,linear_predictivity,574,148,0.14679417956309065,,"[3162.277660168379, 3162.277660168379, 3162.277660168379, 3162.277660168379, 3162.277660168379]",0.2489443861696341,1.058182747074948,0.7506907962413976,0.8476349864555213
sub-10,V4,V3B,test,sub-09,linear_predictivity,574,148,0.3641918837644022,"[0.36086549265082224, 0.37704111966090237, 0.34832166769513084, 0.36535903807994335, 0.36937210073521215]",,,,,
sub-10,V4,V6,train,sub-09,linear_predictivity,574,104,0.024814517017257978,,"[10000.0, 10000.0, 10000.0, 10000.0, 3162.277660168379]",0.09803232953600291,1.1560606424946687,0.9018413814066937,0.9709170408596194
sub-10,V4,V6,test,sub-09,linear_predictivity,574,104,0.035003643096199626,"[0.019182306811723608, 0.034894284335260366, 0.037919901367524385, 0.028806694610190347, 0.054215028356299426]",,,,,
sub-10,V4,V6A,train,sub-09,linear_predictivity,574,85,0.08958076404617435,,"[3162.277660168379, 3162.277660168379, 3162.277660168379, 3162.277660168379, 3162.277660168379]",0.19461507857988525,1.09964715721904,0.8050216012132342,0.9047747855412318
sub-10,V4,V6A,test,sub-09,linear_predictivity,574,85,0.20759106780902906,"[0.20409875306376837, 0.21782608811858759, 0.20154892381311093, 0.20020911575929395, 0.21427245829038438]",,,,,
sub-10,V4,V7,train,sub-09,linear_predictivity,574,87,0.13242830828226249,,"[3162.277660168379, 3162.277660168379, 3162.277660168379, 3162.277660168379, 3162.277660168379]",0.2376000350719159,1.0676576677538587,0.7621214368214095,0.8628726092738395
sub-10,V4,V7,test,sub-09,linear_predictivity,574,87,0.2711720648306527,"[0.2648458696618414, 0.2882891704342002, 0.25935884027477024, 0.26964423967933854, 0.2737222041031129]",,,,,
sub-10,V4,V8,train,sub-09,linear_predictivity,574,101,0.08115929566701333,,"[3162.277660168379, 3162.277660168379, 3162.277660168379, 3162.277660168379, 3162.277660168379]",0.194296548262034,1.1071553058248669,0.805455699817047,0.9146027926162672
sub-10,V4,V8,test,sub-09,linear_predictivity,574,101,0.24255440961997374,"[0.23849112182318896, 0.25232561762490424, 0.23062248171249342, 0.24748791081797808, 0.24384491612130388]",,,,,
sub-10,V4,FFC,train,sub-09,linear_predictivity,574,263,0.15251408269869288,,"[3162.277660168379, 3162.277660168379, 3162.277660168379, 3162.277660168379, 3162.277660168379]",0.25142816645241434,1.0575518667107116,0.7483477213491418,0.8436634380620414
sub-10,V4,FFC,test,sub-09,linear_predictivity,574,263,0.3925402748008314,"[0.3902459563502114, 0.3933307370273221, 0.38886484558916523, 0.4000599253279153, 0.39019990970954305]",,,,,
sub-10,V4,PIT,train,sub-09,linear_predictivity,574,123,0.1956383479567778,,"[3162.277660168379, 3162.277660168379, 3162.277660168379, 3162.277660168379, 3162.277660168379]",0.29144705848588426,1.0223237240367027,0.7083007241289179,0.8004088233627584
sub-10,V4,PIT,test,sub-09,linear_predictivity,574,123,0.434262027134572,"[0.4279365197987013, 0.4387954101227749, 0.4281607059641129, 0.44603800498894736, 0.43037949479832355]",,,,,
sub-10,V4,IPS1,train,sub-09,linear_predictivity,574,243,0.10914366770090528,,"[3162.277660168379, 3162.277660168379, 3162.277660168379, 3162.277660168379, 3162.277660168379]",0.212857866438096,1.0941077987625554,0.7868910587397844,0.8866979398061325
sub-10,V4,IPS1,test,sub-09,linear_predictivity,574,243,0.27842169920826826,"[0.2661173629962818, 0.2942570251127948, 0.26720790876192363, 0.27486492455562594, 0.2896612746147152]",,,,,
sub-10,V4,MST,train,sub-09,linear_predictivity,574,149,0.18712421192315004,,"[1000.0, 1000.0, 1000.0, 1000.0, 1000.0]",0.3650288434616267,1.025375374507047,0.6347101965883594,0.8072567334293396
sub-10,V4,MST,test,sub-09,linear_predictivity,574,149,0.35306378549825307,"[0.3494362953259016, 0.3741989793472873, 0.3348712658118651, 0.34737427935158516, 0.3594381076546261]",,,,,
sub-10,V4,MT,train,sub-09,linear_predictivity,574,100,0.24474413638325238,,"[1000.0, 1000.0, 1000.0, 1000.0, 1000.0]",0.4068097217681973,0.9816294362334521,0.5929861831377764,0.7512553804301461
sub-10,V4,MT,test,sub-09,linear_predictivity,574,100,0.4552374829777614,"[0.4511423797775972, 0.4677067105603483, 0.43931865664788455, 0.456411611578911, 0.461608056324066]",,,,,
sub-10,V4,FST,train,sub-09,linear_predictivity,574,156,0.13500032444351864,,"[3162.277660168379, 3162.277660168379, 3162.277660168379, 3162.277660168379, 3162.277660168379]",0.23488264753239957,1.0710815048248485,0.7648739472680586,0.8609958859872254
sub-10,V4,FST,test,sub-09,linear_predictivity,574,156,0.3114002019974601,"[0.3061694842631139, 0.32248075358309797, 0.29770266246880994, 0.30797397831257006, 0.32267413135970885]",,,,,
sub-10,V4,LO1,train,sub-09,linear_predictivity,574,79,0.1345107426312396,,"[3162.277660168379, 3162.277660168379, 3162.277660168379, 3162.277660168379, 3162.277660168379]",0.23572127942736673,1.0789404528181084,0.7641273712455167,0.8628351932242699
sub-10,V4,LO1,test,sub-09,linear_predictivity,574,79,0.3080244023862155,"[0.2975229829845329, 0.31637438904823556, 0.30275266061362005, 0.31822908707271996, 0.30524289221196893]",,,,,
sub-10,V4,LO2,train,sub-09,linear_predictivity,574,80,0.17048269625890522,,"[3162.277660168379, 3162.277660168379, 3162.277660168379, 3162.277660168379, 3162.277660168379]",0.2665314562751778,1.0456453149312257,0.7332855520668942,0.8266169032988199
sub-10,V4,LO2,test,sub-09,linear_predictivity,574,80,0.37075846648912686,"[0.3548558225020034, 0.3820226164529853, 0.35881067727062, 0.38550932614821687, 0.37259389007180865]",,,,,
sub-10,V4,LO3,train,sub-09,linear_predictivity,574,125,0.18423453481368518,,"[1000.0, 1000.0, 1000.0, 3162.277660168379, 3162.277660168379]",0.3323862162392491,1.0265225864117051,0.6679197226626424,0.8108830073305404
sub-10,V4,LO3,test,sub-09,linear_predictivity,574,125,0.40438289172780645,"[0.41374607970754645, 0.4157706858945985, 0.39879041455078634, 0.3987108207789129, 0.3948964577071881]",,,,,
sub-10,V4,V7,train,sub-09,linear_predictivity,574,87,0.13242830828226249,,"[3162.277660168379, 3162.277660168379, 3162.277660168379, 3162.277660168379, 3162.277660168379]",0.2376000350719159,1.0676576677538587,0.7621214368214095,0.8628726092738395
sub-10,V4,V7,test,sub-09,linear_predictivity,574,87,0.2711720648306527,"[0.2648458696618414, 0.2882891704342002, 0.25935884027477024, 0.26964423967933854, 0.2737222041031129]",,,,,
sub-10,V4,IP0,train,sub-09,linear_predictivity,574,198,0.11444850719612215,,"[3162.277660168379, 3162.277660168379, 3162.277660168379, 3162.277660168379, 3162.277660168379]",0.21969658068991071,1.0910102738061755,0.7799711236842033,0.8801874009545078
sub-10,V4,IP0,test,sub-09,linear_predictivity,574,198,0.32506110509239533,"[0.31414192299389443, 0.3392285270988011, 0.30625038590229414, 0.3287240601692822, 0.3369606292977048]",,,,,
sub-10,V4,IP1,train,sub-09,linear_predictivity,574,114,0.02966336105924947,,"[10000.0, 10000.0, 10000.0, 10000.0, 10000.0]",0.08643561527129193,1.1564692719519722,0.9132211366538673,0.9644390746760951
sub-10,V4,IP1,test,sub-09,linear_predictivity,574,114,0.1161005789583996,"[0.11128660629717359, 0.12424070583725691, 0.10044132696734712, 0.11043214901492215, 0.13410210667529823]",,,,,
sub-10,V4,MIP,train,sub-09,linear_predictivity,574,280,0.06905917811767853,,"[3162.277660168379, 3162.277660168379, 3162.277660168379, 3162.277660168379, 3162.277660168379]",0.17996266456523397,1.1265806208293554,0.8197436360417619,0.9260169455291185
sub-10,V4,MIP,test,sub-09,linear_predictivity,574,280,0.26913163159381026,"[0.2530665550648541, 0.2857026429797728, 0.2552634282881483, 0.27378547246124, 0.2778400591750359]",,,,,
sub-10,V4,VIP,train,sub-09,linear_predictivity,574,180,0.07456821384083862,,"[3162.277660168379, 3162.277660168379, 3162.277660168379, 3162.277660168379, 3162.277660168379]",0.18322426594833444,1.1164581698217433,0.8164876026833621,0.9204633397051728
sub-10,V4,VIP,test,sub-09,linear_predictivity,574,180,0.24999928153245782,"[0.24003997559828252, 0.26876727636651865, 0.23420901025647442, 0.25446205788091114, 0.25251808756010236]",,,,,
sub-10,V4,LIPd,train,sub-09,linear_predictivity,574,69,0.008393687005138675,,"[10000.0, 10000.0, 10000.0, 10000.0, 10000.0]",0.07484591867721085,1.1733155130045376,0.9246908910985315,0.9837875174677746
sub-10,V4,LIPd,test,sub-09,linear_predictivity,574,69,0.05256315116488229,"[0.04885875222388544, 0.06612321042773504, 0.037288854847684454, 0.043181306258705546, 0.067363632066401]",,,,,
sub-10,V4,LIPv,train,sub-09,linear_predictivity,574,239,0.036510948725412495,,"[3162.277660168379, 3162.277660168379, 3162.277660168379, 10000.0, 3162.277660168379]",0.1415813390898683,1.1438930452350164,0.8581522720866743,0.9586835339739302
sub-10,V4,LIPv,test,sub-09,linear_predictivity,574,239,0.15054434628971733,"[0.14882567269842797, 0.15993060786242547, 0.14330982743057402, 0.1317291803630239, 0.16892644309413526]",,,,,
sub-10,V4,AIP,train,sub-09,linear_predictivity,574,275,0.026197642460183173,,"[10000.0, 10000.0, 10000.0, 10000.0, 10000.0]",0.08287201529314361,1.1602652422606163,0.9168766416602017,0.9697187822598735
sub-10,V4,AIP,test,sub-09,linear_predictivity,574,275,0.11028557479438435,"[0.11198699189609967, 0.118875539489164, 0.0975615160930296, 0.1073158233433002, 0.1156880031503282]",,,,,
sub-10,V4,7Pm,train,sub-09,linear_predictivity,574,17,0.0070291132879160235,,"[31622.776601683796, 31622.776601683796, 31622.776601683796, 31622.776601683796, 31622.776601683796]",0.032602413185280996,1.175662708357212,0.9672089221170059,0.9898888595433364
sub-10,V4,7Pm,test,sub-09,linear_predictivity,574,17,0.02023465666536841,"[0.015396944100205071, 0.02155358473739671, 0.01810091712790242, 0.020880386425493162, 0.025241450935844675]",,,,,
sub-10,V4,7PL,train,sub-09,linear_predictivity,574,133,0.08507371908724955,,"[3162.277660168379, 3162.277660168379, 3162.277660168379, 3162.277660168379, 3162.277660168379]",0.1915295438240296,1.1088688543117644,0.8082266839480766,0.9106567541512689
sub-10,V4,7PL,test,sub-09,linear_predictivity,574,133,0.29821102273472816,"[0.2838330844476682, 0.31280681241863373, 0.2867869022747358, 0.3050354989502547, 0.30259281558234835]",,,,,
sub-10,V4,7PC,train,sub-09,linear_predictivity,574,315,0.05202321936230119,,"[3162.277660168379, 3162.277660168379, 3162.277660168379, 3162.277660168379, 3162.277660168379]",0.16311643212492158,1.1342658963538705,0.8365733754755885,0.9427084952059234
sub-10,V4,7PC,test,sub-09,linear_predictivity,574,315,0.14913525559089122,"[0.15056445181630446, 0.1607558002449132, 0.13896802980993356, 0.13888635165699084, 0.15650164442631415]",,,,,
sub-10,V4,7Am,train,sub-09,linear_predictivity,574,228,0.03768982996720259,,"[10000.0, 3162.277660168379, 10000.0, 10000.0, 10000.0]",0.10524666171163428,1.1496277081124764,0.8944912154230578,0.958877356154727
sub-10,V4,7Am,test,sub-09,linear_predictivity,574,228,0.12880541539823387,"[0.11918427940621387, 0.16107166254890293, 0.11267567143303475, 0.12715016909880203, 0.1239452945042158]",,,,,
sub-10,V4,7AL,train,sub-09,linear_predictivity,574,178,0.022322110372396398,,"[10000.0, 10000.0, 10000.0, 10000.0, 10000.0]",0.07694861445045609,1.1629999587214237,0.9228728042717347,0.9746761495523005
sub-10,V4,7AL,test,sub-09,linear_predictivity,574,178,0.05991262207838779,"[0.06691385795165836, 0.06185883342918502, 0.04890524512484911, 0.05603183905378697, 0.06585333483245945]",,,,,
sub-10,V4,VVC,train,sub-09,linear_predictivity,574,151,0.05570233657223463,,"[10000.0, 3162.277660168379, 10000.0, 10000.0, 3162.277660168379]",0.1351519016060878,1.136114547362864,0.8644029981208678,0.9409732145120172
sub-10,V4,VVC,test,sub-09,linear_predictivity,574,151,0.20384281615596814,"[0.19100498051663517, 0.2360569134925934, 0.17948619995438692, 0.18790822951969688, 0.2247577572965283]",,,,,
sub-10,V4,VMV2,train,sub-09,linear_predictivity,574,119,0.13924451617509023,,"[3162.277660168379, 3162.277660168379, 3162.277660168379, 3162.277660168379, 3162.277660168379]",0.2413691253303048,1.0685923703704865,0.7584304200651684,0.8576570042566157
sub-10,V4,VMV2,test,sub-09,linear_predictivity,574,119,0.3230419333139566,"[0.3250682980993379, 0.3298389771741451, 0.3160314216853385, 0.3171840873483244, 0.3270868822626369]",,,,,
sub-10,V4,VMV3,train,sub-09,linear_predictivity,574,109,0.08993198545292494,,"[3162.277660168379, 3162.277660168379, 3162.277660168379, 3162.277660168379, 3162.277660168379]",0.20127102676365077,1.0994697282769945,0.7984560383551064,0.9056621004952282
sub-10,V4,VMV3,test,sub-09,linear_predictivity,574,109,0.26994968102768757,"[0.27472743681190354, 0.2778785890209847, 0.2520242794587902, 0.2733927527877641, 0.2717253470589952]",,,,,
sub-10,V4,VMV1,train,sub-09,linear_predictivity,574,96,0.09803910055176364,,"[3162.277660168379, 3162.277660168379, 3162.277660168379, 3162.277660168379, 3162.277660168379]",0.20253350046791524,1.1059701188105944,0.7972796617832462,0.8986673445411292
sub-10,V4,VMV1,test,sub-09,linear_predictivity,574,96,0.24844348361672236,"[0.24742029452971984, 0.2562590923223537, 0.24634544385909693, 0.23870001424711632, 0.25349257312532497]",,,,,
sub-10,V4,PHA2,train,sub-09,linear_predictivity,574,17,0.0360585091344076,,"[10000.0, 10000.0, 10000.0, 10000.0, 10000.0]",0.08622882876549522,1.1503310497928656,0.9136692941527829,0.9624336846144022
sub-10,V4,PHA2,test,sub-09,linear_predictivity,574,17,0.13197574777152216,"[0.12982703415656013, 0.1365726610034427, 0.1264625203518661, 0.13096969135666542, 0.13604683198907638]",,,,,
sub-10,V4,PHA3,train,sub-09,linear_predictivity,574,104,0.07850682829078745,,"[3162.277660168379, 3162.277660168379, 3162.277660168379, 3162.277660168379, 3162.277660168379]",0.180957323943558,1.1215918134206995,0.8188900403048347,0.918905030071252
sub-10,V4,PHA3,test,sub-09,linear_predictivity,574,104,0.23126457181320945,"[0.23717085195232793, 0.23664383001589362, 0.2214533473513859, 0.23033079831556494, 0.2307240314308749]",,,,,
sub-10,V4,PH,train,sub-09,linear_predictivity,574,258,0.11404512984205126,,"[3162.277660168379, 3162.277660168379, 3162.277660168379, 3162.277660168379, 3162.277660168379]",0.21718868301862543,1.0913873931483582,0.7825558838214663,0.8816300269192082
sub-10,V4,PH,test,sub-09,linear_predictivity,574,258,0.28377684195251407,"[0.278577892684839, 0.2921773835616793, 0.27186903064579093, 0.2855963117131657, 0.2906635911570951]",,,,,
sub-10,V3A,V1,train,sub-09,linear_predictivity,85,641,0.02139760500366455,,"[1000.0, 1000.0, 1000.0, 1000.0, 1000.0]",0.07090008533892948,1.0032952623095084,0.9288971526403857,0.9752197808378866
sub-10,V3A,V1,test,sub-09,linear_predictivity,85,641,0.050185392278965645,"[0.04955057607390011, 0.054571950931707795, 0.04705172939965019, 0.05001317744461293, 0.049739527544957245]",,,,,
sub-10,V3A,V2,train,sub-09,linear_predictivity,85,754,0.040833098747434536,,"[1000.0, 1000.0, 1000.0, 1000.0, 1000.0]",0.0918025426101351,0.9919288367170364,0.9079596065358929,0.9550265560544957
sub-10,V3A,V2,test,sub-09,linear_predictivity,85,754,0.08027479061760678,"[0.07803290803765704, 0.08980506487965136, 0.07356599158958445, 0.0823972533114992, 0.0775727352696419]",,,,,
sub-10,V3A,V3,train,sub-09,linear_predictivity,85,575,0.04657364125564796,,"[1000.0, 1000.0, 1000.0, 1000.0, 316.2277660168379]",0.10332029924245142,0.9887970215828104,0.8965318763985808,0.9499053364498092
sub-10,V3A,V3,test,sub-09,linear_predictivity,85,575,0.0926523955164065,"[0.08739104468122219, 0.09804308408819591, 0.0874740493054277, 0.09040715707085235, 0.0999466424363344]",,,,,
sub-10,V3A,V4,train,sub-09,linear_predictivity,85,616,0.0503849233824976,,"[1000.0, 1000.0, 1000.0, 1000.0, 316.2277660168379]",0.1048718009316382,0.9880173293874798,0.8949052588622335,0.9461076936423009
sub-10,V3A,V4,test,sub-09,linear_predictivity,85,616,0.11701603864952537,"[0.10839542522232837, 0.11732685034163044, 0.11064722893425834, 0.11389537714281835, 0.13481531160659135]",,,,,
sub-10,V3A,V3A,train,sub-09,linear_predictivity,85,270,0.03951597526770201,,"[1000.0, 1000.0, 1000.0, 1000.0, 1000.0]",0.09237571115864443,0.9925942740118767,0.9073022112027299,0.9548803302453767
sub-10,V3A,V3A,test,sub-09,linear_predictivity,85,270,0.08924411732399674,"[0.0765718928974768, 0.09857297779588145, 0.08696094902326182, 0.08559622902161532, 0.09851853788174832]",,,,,
sub-10,V3A,V3B,train,sub-09,linear_predictivity,85,148,0.07237286630604786,,"[316.2277660168379, 316.2277660168379, 1000.0, 1000.0, 316.2277660168379]",0.14195285918733225,0.9746093621372529,0.8574408080201803,0.9227465182569903
sub-10,V3A,V3B,test,sub-09,linear_predictivity,85,148,0.22216777700311924,"[0.2233437662918526, 0.24884880887339778, 0.187305153052825, 0.2105004766629053, 0.2408406801346154]",,,,,
sub-10,V3A,V6,train,sub-09,linear_predictivity,85,104,0.021841028478838374,,"[1000.0, 1000.0, 1000.0, 1000.0, 1000.0]",0.07511928927394709,1.001624583389782,0.9246237978097305,0.973628207629979
sub-10,V3A,V6,test,sub-09,linear_predictivity,85,104,0.030545650106555734,"[0.015787584356173858, 0.03541464180181184, 0.03230997975233341, 0.03130447158380068, 0.03791157303865889]",,,,,
sub-10,V3A,V6A,train,sub-09,linear_predictivity,85,85,0.0819535663973452,,"[316.2277660168379, 316.2277660168379, 316.2277660168379, 316.2277660168379, 316.2277660168379]",0.16034971472545484,0.9711167568037664,0.8392200620519711,0.9107489826544628
sub-10,V3A,V6A,test,sub-09,linear_predictivity,85,85,0.22174295291757873,"[0.20797844169415222, 0.23946935731776556, 0.21862824606939385, 0.2163773148341145, 0.22626140467246744]",,,,,
sub-10,V3A,V7,train,sub-09,linear_predictivity,85,87,0.1109407762707649,,"[316.2277660168379, 316.2277660168379, 316.2277660168379, 316.2277660168379, 316.2277660168379]",0.18385505982285236,0.9575113595687892,0.8158200520400939,0.8839301051162607
sub-10,V3A,V7,test,sub-09,linear_predictivity,85,87,0.2511726787184281,"[0.23724287507916825, 0.2713120882045378, 0.23776707259274085, 0.25957348881671666, 0.24996786889897676]",,,,,
sub-10,V3A,V8,train,sub-09,linear_predictivity,85,101,0.035920818708663135,,"[1000.0, 1000.0, 1000.0, 1000.0, 1000.0]",0.08447229899990227,0.9972228282519915,0.9153034212637999,0.9602482077097335
sub-10,V3A,V8,test,sub-09,linear_predictivity,85,101,0.0984345468212922,"[0.09327957711635172, 0.10270741137188728, 0.09576576627015466, 0.09667599666342164, 0.10374398268464566]",,,,,
sub-10,V3A,FFC,train,sub-09,linear_predictivity,85,263,0.04247303818172809,,"[1000.0, 1000.0, 1000.0, 1000.0, 1000.0]",0.08958923223459911,0.9952079622686878,0.9101845190597281,0.9538717785315921
sub-10,V3A,FFC,test,sub-09,linear_predictivity,85,263,0.12351371726861152,"[0.12799052607569447, 0.11530457797419685, 0.12045278470881564, 0.12593818369947662, 0.12788251388487396]",,,,,
sub-10,V3A,PIT,train,sub-09,linear_predictivity,85,123,0.03821670519796953,,"[1000.0, 1000.0, 1000.0, 1000.0, 1000.0]",0.08695149083017105,0.9965912062483977,0.9128469671306471,0.9585404694445911
sub-10,V3A,PIT,test,sub-09,linear_predictivity,85,123,0.10359030895514346,"[0.10326350692403712, 0.09859274051771057, 0.10218888620179883, 0.10378767262506086, 0.11011873850710983]",,,,,
sub-10,V3A,IPS1,train,sub-09,linear_predictivity,85,243,0.059420703695307366,,"[1000.0, 1000.0, 1000.0, 1000.0, 1000.0]",0.10532522425128694,0.9862937733116024,0.8944780966363289,0.9374295014143271
sub-10,V3A,IPS1,test,sub-09,linear_predictivity,85,243,0.1563657807001973,"[0.14747321743714048, 0.16718749806920108, 0.14547210101612856, 0.15638780914352768, 0.1653082778349887]",,,,,
sub-10,V3A,MST,train,sub-09,linear_predictivity,85,149,0.14161726959237717,,"[100.0, 316.2277660168379, 316.2277660168379, 100.0, 316.2277660168379]",0.22408168829835615,0.944950222245577,0.7755606477205834,0.8530250011047714
sub-10,V3A,MST,test,sub-09,linear_predictivity,85,149,0.30057168455927263,"[0.3101387959705944, 0.2914199040041072, 0.2805187351524335, 0.32115751184663843, 0.29962347582258997]",,,,,
sub-10,V3A,MT,train,sub-09,linear_predictivity,85,100,0.13530353473404386,,"[100.0, 316.2277660168379, 316.2277660168379, 100.0, 316.2277660168379]",0.21614045662516848,0.9490611190856285,0.7834736876223771,0.8608703965830667
sub-10,V3A,MT,test,sub-09,linear_predictivity,85,100,0.30227636195938706,"[0.3096385464677008, 0.2910827067904344, 0.28469726417788965, 0.32464525423841123, 0.3013180381224994]",,,,,
sub-10,V3A,FST,train,sub-09,linear_predictivity,85,156,0.07210119050078939,,"[316.2277660168379, 316.2277660168379, 316.2277660168379, 316.2277660168379, 316.2277660168379]",0.14500316563287446,0.9800824635086849,0.8547840967170505,0.9241722903785188
sub-10,V3A,FST,test,sub-09,linear_predictivity,85,156,0.15334784680871677,"[0.14618518170678277, 0.15532631320846066, 0.14421926628873769, 0.15862311489477468, 0.16238535794482808]",,,,,
sub-10,V3A,LO1,train,sub-09,linear_predictivity,85,79,0.05326760590924153,,"[1000.0, 1000.0, 1000.0, 1000.0, 1000.0]",0.09516518481141104,0.9911043835596989,0.9047193129051312,0.9447874445177463
sub-10,V3A,LO1,test,sub-09,linear_predictivity,85,79,0.09103027340192227,"[0.07743737281285766, 0.09274887693037386, 0.09264746535831087, 0.09097508905799769, 0.10134256285007126]",,,,,
sub-10,V3A,LO2,train,sub-09,linear_predictivity,85,80,0.030543306152740556,,"[1000.0, 1000.0, 1000.0, 1000.0, 1000.0]",0.07636831581931813,1.0028221528351313,0.923500166581103,0.967276269175748
sub-10,V3A,LO2,test,sub-09,linear_predictivity,85,80,0.07631875800302527,"[0.0702116165840077, 0.07844206257645533, 0.07617919632355956, 0.07461168312915807, 0.08214923140194577]",,,,,
sub-10,V3A,LO3,train,sub-09,linear_predictivity,85,125,0.09354686160544008,,"[316.2277660168379, 316.2277660168379, 316.2277660168379, 316.2277660168379, 316.2277660168379]",0.16820367741031061,0.966550168737353,0.8315329177551781,0.9020875723563533
sub-10,V3A,LO3,test,sub-09,linear_predictivity,85,125,0.23099533300466,"[0.2225766241859936, 0.22332716745637538, 0.22533505670654083, 0.23835369119309383, 0.24538412548129632]",,,,,
sub-10,V3A,V7,train,sub-09,linear_predictivity,85,87,0.1109407762707649,,"[316.2277660168379, 316.2277660168379, 316.2277660168379, 316.2277660168379, 316.2277660168379]",0.18385505982285236,0.9575113595687892,0.8158200520400939,0.8839301051162607
sub-10,V3A,V7,test,sub-09,linear_predictivity,85,87,0.2511726787184281,"[0.23724287507916825, 0.2713120882045378, 0.23776707259274085, 0.25957348881671666, 0.24996786889897676]",,,,,
sub-10,V3A,IP0,train,sub-09,linear_predictivity,85,198,0.05636902277946197,,"[1000.0, 1000.0, 1000.0, 1000.0, 1000.0]",0.10322024163882586,0.9875869280380156,0.8965328305572218,0.9399866149437323
sub-10,V3A,IP0,test,sub-09,linear_predictivity,85,198,0.14852989145406856,"[0.14279278605004117, 0.16118837972968017, 0.13061435455422893, 0.15029616672038662, 0.15775777021600587]",,,,,
sub-10,V3A,IP1,train,sub-09,linear_predictivity,85,114,0.004935629052183301,,"[3162.277660168379, 3162.277660168379, 3162.277660168379, 3162.277660168379, 3162.277660168379]",0.035077417358751604,1.0156852346860474,0.9645567606896602,0.9888415165711917
sub-10,V3A,IP1,test,sub-09,linear_predictivity,85,114,0.018754867191980155,"[0.020049743443010557, 0.020877840355787734, 0.007527591897800122, 0.014565683204689596, 0.030753477058612772]",,,,,
sub-10,V3A,MIP,train,sub-09,linear_predictivity,85,280,0.028560289479924474,,"[1000.0, 1000.0, 1000.0, 1000.0, 1000.0]",0.07986001084356659,1.0006971139614118,0.9198747743121807,0.9669899618028076
sub-10,V3A,MIP,test,sub-09,linear_predictivity,85,280,0.13665342559375832,"[0.13469391403510533, 0.15310391905743742, 0.12385075334170792, 0.12960276728728332, 0.1420157742472575]",,,,,
sub-10,V3A,VIP,train,sub-09,linear_predictivity,85,180,0.04013677250126196,,"[1000.0, 1000.0, 1000.0, 1000.0, 1000.0]",0.08923434483448475,0.994661813251893,0.9105101829292579,0.9555952403275889
sub-10,V3A,VIP,test,sub-09,linear_predictivity,85,180,0.15964410795195233,"[0.15610771804404386, 0.17752924068691703, 0.14883179481611092, 0.15534775112652643, 0.16040403508616338]",,,,,
sub-10,V3A,LIPd,train,sub-09,linear_predictivity,85,69,-0.0050347424669141515,,"[3162.277660168379, 3162.277660168379, 3162.277660168379, 3162.277660168379, 3162.277660168379]",0.02991395417399089,1.017544055629789,0.9696342304300003,0.9975246020530723
sub-10,V3A,LIPd,test,sub-09,linear_predictivity,85,69,-0.009277146325156431,"[-0.004328140594787617, -0.007444243915713033, -0.014587204591124208, -0.023819960831639102, 0.0037938183074818026]",,,,,
sub-10,V3A,LIPv,train,sub-09,linear_predictivity,85,239,0.02032485992874616,,"[1000.0, 1000.0, 1000.0, 1000.0, 1000.0]",0.06979508135828698,1.005918467062994,0.9299396973745105,0.975089981251273
sub-10,V3A,LIPv,test,sub-09,linear_predictivity,85,239,0.07988769033923221,"[0.07635873788999342, 0.0870650747827514, 0.07044606174706296, 0.07830247360418183, 0.08726610367217141]",,,,,
sub-10,V3A,AIP,train,sub-09,linear_predictivity,85,275,0.012466603242750509,,"[1000.0, 1000.0, 1000.0, 1000.0, 1000.0]",0.06403330634037038,1.0090722441668363,0.9357253021636549,0.9834402903406539
sub-10,V3A,AIP,test,sub-09,linear_predictivity,85,275,0.052218085484329865,"[0.051766303086943986, 0.05744119018933984, 0.046316751916850314, 0.04978234796808899, 0.05578383426042623]",,,,,
sub-10,V3A,7Pm,train,sub-09,linear_predictivity,85,17,0.007296725727000017,,"[3162.277660168379, 3162.277660168379, 3162.277660168379, 3162.277660168379, 3162.277660168379]",0.034495972012300126,1.0171013103695548,0.965275859642451,0.9890807348143744
sub-10,V3A,7Pm,test,sub-09,linear_predictivity,85,17,-0.018222862471443023,"[-0.02503088836279029, -0.026098559693917767, -0.016765899966514335, -0.021311702310786457, -0.0019072620232062811]",,,,,
sub-10,V3A,7PL,train,sub-09,linear_predictivity,85,133,0.04254932875949357,,"[1000.0, 1000.0, 1000.0, 1000.0, 1000.0]",0.09175734955849489,0.9941899087661021,0.9080025623751418,0.9534186758042423
sub-10,V3A,7PL,test,sub-09,linear_predictivity,85,133,0.1683854772814772,"[0.16399608710095645, 0.18440842983393463, 0.16265259195230308, 0.16195474994890216, 0.16891552757128983]",,,,,
sub-10,V3A,7PC,train,sub-09,linear_predictivity,85,315,0.04432779076893289,,"[1000.0, 1000.0, 1000.0, 1000.0, 316.2277660168379]",0.1052955527306921,0.9878653752193525,0.8943320360392517,0.9507695540265759
sub-10,V3A,7PC,test,sub-09,linear_predictivity,85,315,0.14096585003576062,"[0.12913660458623658, 0.14398209485399763, 0.12918524488045838, 0.12826505223956366, 0.17426025361854677]",,,,,
sub-10,V3A,7Am,train,sub-09,linear_predictivity,85,228,0.016448631162137493,,"[1000.0, 1000.0, 1000.0, 1000.0, 1000.0]",0.06460588780057067,1.0079223282069225,0.93520230207335,0.9801920564113272
sub-10,V3A,7Am,test,sub-09,linear_predictivity,85,228,0.07082743438921042,"[0.06813098191191626, 0.08217209946789006, 0.06660942945136403, 0.06980481092928432, 0.06741985018559742]",,,,,
sub-10,V3A,7AL,train,sub-09,linear_predictivity,85,178,0.010289981510932257,,"[1000.0, 1000.0, 1000.0, 1000.0, 1000.0]",0.06211150981815179,1.0066724847062938,0.9377154361900126,0.9866713464565091
sub-10,V3A,7AL,test,sub-09,linear_predictivity,85,178,0.04893778228235637,"[0.05012081505458181, 0.054240847033871345, 0.0371067853001642, 0.0485852155650128, 0.054635248458151674]",,,,,
sub-10,V3A,VVC,train,sub-09,linear_predictivity,85,151,0.017108725688250396,,"[1000.0, 1000.0, 1000.0, 1000.0, 1000.0]",0.0663227631522832,1.0079913703328558,0.9334921825878691,0.9796472481181354
sub-10,V3A,VVC,test,sub-09,linear_predictivity,85,151,0.0831994618168533,"[0.08485207087990698, 0.08698109187095211, 0.07564508438690758, 0.08019251195694847, 0.08832654998955133]",,,,,
sub-10,V3A,VMV2,train,sub-09,linear_predictivity,85,119,0.07611745328334783,,"[316.2277660168379, 316.2277660168379, 316.2277660168379, 316.2277660168379, 316.2277660168379]",0.15637403882909745,0.9738537479624071,0.8434262560294357,0.9204810450918852
sub-10,V3A,VMV2,test,sub-09,linear_predictivity,85,119,0.2420336808010553,"[0.24907519140705867, 0.2537551372503204, 0.23251396776641578, 0.23228782376588197, 0.24253628381559972]",,,,,
sub-10,V3A,VMV3,train,sub-09,linear_predictivity,85,109,0.0354461370986034,,"[1000.0, 1000.0, 1000.0, 1000.0, 1000.0]",0.08797883342034254,0.9933794409496306,0.9117730208578608,0.960558512363501
sub-10,V3A,VMV3,test,sub-09,linear_predictivity,85,109,0.11004877920685048,"[0.12233469760024532, 0.11179889852316421, 0.1014541744087987, 0.10288428124966405, 0.11177184425238011]",,,,,
sub-10,V3A,VMV1,train,sub-09,linear_predictivity,85,96,0.04956075698750821,,"[1000.0, 316.2277660168379, 316.2277660168379, 316.2277660168379, 316.2277660168379]",0.12252818660271718,0.9879760103288792,0.8773365813498595,0.9470253066193063
sub-10,V3A,VMV1,test,sub-09,linear_predictivity,85,96,0.16971937016434666,"[0.15015354936682845, 0.18695406067020506, 0.16591548257454955, 0.1710705065781366, 0.17450325163201366]",,,,,
sub-10,V3A,PHA2,train,sub-09,linear_predictivity,85,17,0.022963258211285465,,"[1000.0, 1000.0, 1000.0, 1000.0, 1000.0]",0.06822756234182689,1.0055050548047828,0.9316559627004107,0.9751516961978307
sub-10,V3A,PHA2,test,sub-09,linear_predictivity,85,17,0.12433797888724721,"[0.1141972391464827, 0.1376925541300944, 0.12213322254302741, 0.12478558742212283, 0.12288129119450865]",,,,,
sub-10,V3A,PHA3,train,sub-09,linear_predictivity,85,104,0.03999677747073852,,"[316.2277660168379, 1000.0, 1000.0, 316.2277660168379, 1000.0]",0.10021077175122661,0.9927231580410707,0.8996892666450206,0.9574510672765986
sub-10,V3A,PHA3,test,sub-09,linear_predictivity,85,104,0.15937843098348398,"[0.1762040051065251, 0.16389405500747564, 0.14147584083812265, 0.1674727188155883, 0.14784553514970822]",,,,,
sub-10,V3A,PH,train,sub-09,linear_predictivity,85,258,0.03400495464906022,,"[1000.0, 1000.0, 1000.0, 1000.0, 1000.0]",0.08155545939050834,0.9992241726129729,0.918211251568613,0.9620790949314102
sub-10,V3A,PH,test,sub-09,linear_predictivity,85,258,0.06977011778584287,"[0.07318728580478183, 0.06971026467115045, 0.06275217108138276, 0.06953334716569762, 0.07366752020620167]",,,,,
sub-10,V3B,V1,train,sub-09,linear_predictivity,99,641,0.02518030145245248,,"[1000.0, 1000.0, 1000.0, 1000.0, 1000.0]",0.07127365817699798,1.0019101131691162,0.928509191777606,0.9712984827084842
sub-10,V3B,V1,test,sub-09,linear_predictivity,99,641,0.037837018209744194,"[0.03788285302506247, 0.03992483776182471, 0.03475507327076972, 0.041650005665336026, 0.03497232132572806]",,,,,
sub-10,V3B,V2,train,sub-09,linear_predictivity,99,754,0.03448617249035018,,"[1000.0, 1000.0, 1000.0, 1000.0, 1000.0]",0.0836335113712854,0.9931275326579836,0.916111127760107,0.9611438438607157
sub-10,V3B,V2,test,sub-09,linear_predictivity,99,754,0.06531118221509288,"[0.06439908252925124, 0.0679998305064735, 0.06073461797491833, 0.07146121777717204, 0.06196116228764937]",,,,,
sub-10,V3B,V3,train,sub-09,linear_predictivity,99,575,0.036383837643368805,,"[1000.0, 1000.0, 1000.0, 1000.0, 1000.0]",0.08317153901860234,0.9935850176862926,0.9166110114839674,0.9598526328767003
sub-10,V3B,V3,test,sub-09,linear_predictivity,99,575,0.05785160810181187,"[0.057107728790333434, 0.06081749993880924, 0.05453880889427456, 0.061004468698733404, 0.055789534186908685]",,,,,
sub-10,V3B,V4,train,sub-09,linear_predictivity,99,616,0.05216210274788958,,"[1000.0, 1000.0, 1000.0, 1000.0, 1000.0]",0.09767732657766548,0.9859788568755079,0.9021122356672233,0.9444500433296706
sub-10,V3B,V4,test,sub-09,linear_predictivity,99,616,0.09932950933746605,"[0.0982230527691944, 0.1061449538363183, 0.0930237135209835, 0.1029213457131131, 0.09633448084772099]",,,,,
sub-10,V3B,V3A,train,sub-09,linear_predictivity,99,270,0.032439156280879455,,"[1000.0, 1000.0, 1000.0, 1000.0, 1000.0]",0.08027374956404254,0.9950494568338115,0.9194306693823012,0.9624181997900021
sub-10,V3B,V3A,test,sub-09,linear_predictivity,99,270,0.0375610538463007,"[0.029039787453941732, 0.045691675401029454, 0.03559127957609482, 0.03525034600765548, 0.042232180792782015]",,,,,
sub-10,V3B,V3B,train,sub-09,linear_predictivity,99,148,0.10167067530136416,,"[316.2277660168379, 316.2277660168379, 316.2277660168379, 316.2277660168379, 316.2277660168379]",0.176390523024031,0.9572649279111779,0.8232513802561294,0.8926922805172002
sub-10,V3B,V3B,test,sub-09,linear_predictivity,99,148,0.2854079410729819,"[0.2781529994965997, 0.30931800849322955, 0.2707368142566654, 0.28462261437999414, 0.28420926873842073]",,,,,
sub-10,V3B,V6,train,sub-09,linear_predictivity,99,104,0.03138987221402914,,"[1000.0, 1000.0, 1000.0, 1000.0, 1000.0]",0.08111631361145627,0.9955058118434703,0.9186128713580712,0.9639425433178861
sub-10,V3B,V6,test,sub-09,linear_predictivity,99,104,0.03364503811503439,"[0.03180806693988938, 0.03332950502897431, 0.024714570042524125, 0.03314492662918425, 0.045228121934599866]",,,,,
sub-10,V3B,V6A,train,sub-09,linear_predictivity,99,85,0.06022913696703066,,"[316.2277660168379, 316.2277660168379, 316.2277660168379, 316.2277660168379, 316.2277660168379]",0.13844849337848333,0.9767784054745515,0.8611612459382354,0.9332104413861341
sub-10,V3B,V6A,test,sub-09,linear_predictivity,99,85,0.17158639677306015,"[0.16454661436565005, 0.18587578324162163, 0.1582081712502501, 0.16773786268081292, 0.18156355232696614]",,,,,
sub-10,V3B,V7,train,sub-09,linear_predictivity,99,87,0.08294379753177315,,"[316.2277660168379, 316.2277660168379, 316.2277660168379, 316.2277660168379, 316.2277660168379]",0.16061177380051986,0.9637893545356547,0.8390505699814774,0.9120522271610856
sub-10,V3B,V7,test,sub-09,linear_predictivity,99,87,0.2130077642145276,"[0.2118721448127136, 0.23661131969990898, 0.19580097985079917, 0.20836137493933582, 0.21239300176988055]",,,,,
sub-10,V3B,V8,train,sub-09,linear_predictivity,99,101,0.02787712700907322,,"[1000.0, 1000.0, 1000.0, 1000.0, 1000.0]",0.07474156763835907,0.9979087605218574,0.925044865899346,0.9685207509850959
sub-10,V3B,V8,test,sub-09,linear_predictivity,99,101,0.08000017851722416,"[0.08227252390440469, 0.0822895559557895, 0.06848740492421912, 0.08665112292872736, 0.08030028487298008]",,,,,
sub-10,V3B,FFC,train,sub-09,linear_predictivity,99,263,0.06956304864993236,,"[316.2277660168379, 316.2277660168379, 316.2277660168379, 316.2277660168379, 316.2277660168379]",0.14299661450536022,0.9757382239012056,0.8567513839223482,0.9263096092017765
sub-10,V3B,FFC,test,sub-09,linear_predictivity,99,263,0.24144434721740643,"[0.24679225630297444, 0.23117700547540307, 0.23364416550674658, 0.24747039265096582, 0.2481379161509421]",,,,,
sub-10,V3B,PIT,train,sub-09,linear_predictivity,99,123,0.07922087361492361,,"[316.2277660168379, 316.2277660168379, 1000.0, 316.2277660168379, 316.2277660168379]",0.14608099270684793,0.9717219553400893,0.8536220898433333,0.9170258166750905
sub-10,V3B,PIT,test,sub-09,linear_predictivity,99,123,0.1911557808843655,"[0.19552276646941502, 0.19462829905653892, 0.1643210445740307, 0.20315802496627677, 0.19814876935556597]",,,,,
sub-10,V3B,IPS1,train,sub-09,linear_predictivity,99,243,0.07791831041960584,,"[316.2277660168379, 316.2277660168379, 316.2277660168379, 1000.0, 316.2277660168379]",0.15114459607832775,0.9677070408495959,0.8485553345792924,0.9176093594294397
sub-10,V3B,IPS1,test,sub-09,linear_predictivity,99,243,0.24198996153212854,"[0.23414832982576034, 0.2747239532781556, 0.22804569105958555, 0.22120106182695112, 0.2518307716701902]",,,,,
sub-10,V3B,MST,train,sub-09,linear_predictivity,99,149,0.1327549721037104,,"[316.2277660168379, 316.2277660168379, 316.2277660168379, 316.2277660168379, 316.2277660168379]",0.20378870407898614,0.9439960176258534,0.7958794082226541,0.8615168622131671
sub-10,V3B,MST,test,sub-09,linear_predictivity,99,149,0.29339842119285764,"[0.288367943506646, 0.2989919800703106, 0.27642621820015, 0.2960261664691431, 0.3071797977180387]",,,,,
sub-10,V3B,MT,train,sub-09,linear_predictivity,99,100,0.1450543258508858,,"[316.2277660168379, 316.2277660168379, 316.2277660168379, 316.2277660168379, 316.2277660168379]",0.21152739658293124,0.9411235946626173,0.7882130644414681,0.8503625456953741
sub-10,V3B,MT,test,sub-09,linear_predictivity,99,100,0.31997538732798836,"[0.3176552222620654, 0.320072300787577, 0.30091856934316813, 0.32805071968352373, 0.33318012456360746]",,,,,
sub-10,V3B,FST,train,sub-09,linear_predictivity,99,156,0.0934495182797996,,"[316.2277660168379, 316.2277660168379, 316.2277660168379, 316.2277660168379, 316.2277660168379]",0.16172072199584075,0.9655207015318501,0.838035272890178,0.9023788721123897
sub-10,V3B,FST,test,sub-09,linear_predictivity,99,156,0.28170158946481727,"[0.2744487024520818, 0.2892068798998326, 0.27143771650136156, 0.2830152985983682, 0.29039934987244226]",,,,,
sub-10,V3B,LO1,train,sub-09,linear_predictivity,99,79,0.07977643345133763,,"[1000.0, 316.2277660168379, 1000.0, 1000.0, 316.2277660168379]",0.1340331813307593,0.9714986395087412,0.8658117959391991,0.9184088401227338
sub-10,V3B,LO1,test,sub-09,linear_predictivity,99,79,0.1522706081649921,"[0.13521126610021725, 0.17383626532975147, 0.1381918315475653, 0.14938835591746757, 0.16472532192995887]",,,,,
sub-10,V3B,LO2,train,sub-09,linear_predictivity,99,80,0.06858730726797083,,"[316.2277660168379, 316.2277660168379, 1000.0, 316.2277660168379, 316.2277660168379]",0.13631936265416136,0.9757526020490971,0.8634448396152743,0.9283655651741448
sub-10,V3B,LO2,test,sub-09,linear_predictivity,99,80,0.16113729931863993,"[0.15888085162626903, 0.16860352303351472, 0.13696507588586482, 0.17121405983250665, 0.17002298621504455]",,,,,
sub-10,V3B,LO3,train,sub-09,linear_predictivity,99,125,0.11812500806037113,,"[316.2277660168379, 316.2277660168379, 316.2277660168379, 316.2277660168379, 316.2277660168379]",0.1913037593936246,0.9507909859199108,0.8083730184179266,0.8763003752011119
sub-10,V3B,LO3,test,sub-09,linear_predictivity,99,125,0.29573718107464053,"[0.2936900632830437, 0.2993848667402153, 0.28418233661918046, 0.29922961969282064, 0.3021990190379428]",,,,,
sub-10,V3B,V7,train,sub-09,linear_predictivity,99,87,0.08294379753177315,,"[316.2277660168379, 316.2277660168379, 316.2277660168379, 316.2277660168379, 316.2277660168379]",0.16061177380051986,0.9637893545356547,0.8390505699814774,0.9120522271610856
sub-10,V3B,V7,test,sub-09,linear_predictivity,99,87,0.2130077642145276,"[0.2118721448127136, 0.23661131969990898, 0.19580097985079917, 0.20836137493933582, 0.21239300176988055]",,,,,
sub-10,V3B,IP0,train,sub-09,linear_predictivity,99,198,0.07678194064451359,,"[316.2277660168379, 316.2277660168379, 316.2277660168379, 1000.0, 316.2277660168379]",0.1502398983773961,0.967704562938807,0.8493163002853364,0.917595772797743
sub-10,V3B,IP0,test,sub-09,linear_predictivity,99,198,0.2572241633186825,"[0.25232257415806725, 0.28936020763342557, 0.2353589602493358, 0.24168723449492827, 0.26739184005765537]",,,,,
sub-10,V3B,IP1,train,sub-09,linear_predictivity,99,114,0.021161520949489865,,"[1000.0, 1000.0, 1000.0, 1000.0, 1000.0]",0.06854404553641195,1.001784697174839,0.9310802730371155,0.9723877034764421
sub-10,V3B,IP1,test,sub-09,linear_predictivity,99,114,0.11151377208204612,"[0.10832133606638641, 0.11833933933807486, 0.09679549742714655, 0.10467756231701573, 0.12943512526160697]",,,,,
sub-10,V3B,MIP,train,sub-09,linear_predictivity,99,280,0.04543359243816891,,"[1000.0, 1000.0, 1000.0, 1000.0, 1000.0]",0.09599226520354746,0.9874527092503099,0.9037317295712756,0.9501216301592844
sub-10,V3B,MIP,test,sub-09,linear_predictivity,99,280,0.19370129425893268,"[0.1875937439044047, 0.21803643040327433, 0.17819579821957393, 0.1881841933291195, 0.19649630543829083]",,,,,
sub-10,V3B,VIP,train,sub-09,linear_predictivity,99,180,0.05599178084103617,,"[316.2277660168379, 1000.0, 1000.0, 1000.0, 316.2277660168379]",0.12210225481145909,0.9774841714460146,0.8774253069765656,0.9385312425386877
sub-10,V3B,VIP,test,sub-09,linear_predictivity,99,180,0.21325271994900227,"[0.21320202155093, 0.24101421480685997, 0.1910608695562148, 0.20042119095039226, 0.22056530288061446]",,,,,
sub-10,V3B,LIPd,train,sub-09,linear_predictivity,99,69,0.014818589639433711,,"[3162.277660168379, 1000.0, 3162.277660168379, 1000.0, 3162.277660168379]",0.05751047044451636,1.0030421394750626,0.9421295751647556,0.977004588667505
sub-10,V3B,LIPd,test,sub-09,linear_predictivity,99,69,0.07885739366755365,"[0.07876882841420416, 0.08405587929026848, 0.06955208194664948, 0.07290587625402731, 0.08900430243261886]",,,,,
sub-10,V3B,LIPv,train,sub-09,linear_predictivity,99,239,0.04059966023277877,,"[1000.0, 1000.0, 1000.0, 1000.0, 1000.0]",0.08941725892500811,0.9906689035953816,0.9102846080847187,0.954497917537082
sub-10,V3B,LIPv,test,sub-09,linear_predictivity,99,239,0.15277478839343056,"[0.15720092492872306, 0.16273515174129802, 0.1399551829474178, 0.14846595248893213, 0.15551672986078174]",,,,,
sub-10,V3B,AIP,train,sub-09,linear_predictivity,99,275,0.018016248175115393,,"[1000.0, 1000.0, 1000.0, 1000.0, 1000.0]",0.06493973499364425,1.0051781408326854,0.9348144105857241,0.977674827097108
sub-10,V3B,AIP,test,sub-09,linear_predictivity,99,275,0.10534176059327593,"[0.10486643409043668, 0.11692173235686643, 0.09910333586937872, 0.09896596806272676, 0.10685133258697115]",,,,,
sub-10,V3B,7Pm,train,sub-09,linear_predictivity,99,17,0.0013493172246079274,,"[3162.277660168379, 3162.277660168379, 10000.0, 10000.0, 10000.0]",0.018766339688237595,1.020519911237853,0.981082466908413,0.995238047658751
sub-10,V3B,7Pm,test,sub-09,linear_predictivity,99,17,0.01351218686165687,"[0.005862804233650513, 0.013257491253239266, 0.018153398464995613, 0.01210731247525964, 0.018179927881139313]",,,,,
sub-10,V3B,7PL,train,sub-09,linear_predictivity,99,133,0.054207920546165786,,"[1000.0, 1000.0, 1000.0, 1000.0, 1000.0]",0.10099994043391547,0.9843855987120863,0.8987246345908547,0.9413165270694174
sub-10,V3B,7PL,test,sub-09,linear_predictivity,99,133,0.20050862966684688,"[0.18671317571967502, 0.22078933639180595, 0.19502045291081085, 0.19631051536760652, 0.20370966794433595]",,,,,
sub-10,V3B,7PC,train,sub-09,linear_predictivity,99,315,0.049353583985853315,,"[1000.0, 1000.0, 1000.0, 1000.0, 1000.0]",0.09841517418566681,0.9855020061160221,0.9012922194610846,0.9458454702088692
sub-10,V3B,7PC,test,sub-09,linear_predictivity,99,315,0.1635054228166473,"[0.15381461971550878, 0.17949021231607845, 0.15870866871630585, 0.15768667480244059, 0.16782693853290276]",,,,,
sub-10,V3B,7Am,train,sub-09,linear_predictivity,99,228,0.024018682235259742,,"[1000.0, 1000.0, 1000.0, 1000.0, 1000.0]",0.0703716427409496,1.0004825537491433,0.9294188483680061,0.9723093701526093
sub-10,V3B,7Am,test,sub-09,linear_predictivity,99,228,0.09542148510726944,"[0.08630218752505009, 0.10153930304006968, 0.09311874435269239, 0.09492777420019372, 0.10121941641834133]",,,,,
sub-10,V3B,7AL,train,sub-09,linear_predictivity,99,178,0.023616115604741576,,"[1000.0, 3162.277660168379, 1000.0, 1000.0, 1000.0]",0.06493535782938589,1.0018133559654507,0.9349127093421565,0.9735035823993062
sub-10,V3B,7AL,test,sub-09,linear_predictivity,99,178,0.08473928333177272,"[0.08586367259236961, 0.06977605922228845, 0.08524896798044745, 0.09005866717267372, 0.09274904969108433]",,,,,
sub-10,V3B,VVC,train,sub-09,linear_predictivity,99,151,0.028874944281840453,,"[1000.0, 1000.0, 1000.0, 1000.0, 1000.0]",0.07617184448457817,0.9979389547590773,0.923603511648525,0.9674213050485685
sub-10,V3B,VVC,test,sub-09,linear_predictivity,99,151,0.12847349425825588,"[0.1312752075428355, 0.13635510740885645, 0.11224150916104011, 0.12734821914648922, 0.135147428032058]",,,,,
sub-10,V3B,VMV2,train,sub-09,linear_predictivity,99,119,0.06931440577802801,,"[316.2277660168379, 316.2277660168379, 316.2277660168379, 316.2277660168379, 316.2277660168379]",0.1420229729246219,0.9761901636468113,0.8577848910474477,0.9273149571223065
sub-10,V3B,VMV2,test,sub-09,linear_predictivity,99,119,0.2437039395918119,"[0.24690993486131926, 0.2545108205052423, 0.22673243376908098, 0.2441317901704184, 0.24623471865299867]",,,,,
sub-10,V3B,VMV3,train,sub-09,linear_predictivity,99,109,0.04889768718765512,,"[1000.0, 1000.0, 1000.0, 1000.0, 1000.0]",0.10193820110964258,0.9839820926214845,0.897789614705507,0.9464960007556646
sub-10,V3B,VMV3,test,sub-09,linear_predictivity,99,109,0.13675990550154213,"[0.14343562754429226, 0.14649794546120157, 0.11944748648176864, 0.143612322649343, 0.13080614537110527]",,,,,
sub-10,V3B,VMV1,train,sub-09,linear_predictivity,99,96,0.046557596321280564,,"[316.2277660168379, 316.2277660168379, 316.2277660168379, 1000.0, 316.2277660168379]",0.11518848841174659,0.9874012205771836,0.8845764347093464,0.9498700752972129
sub-10,V3B,VMV1,test,sub-09,linear_predictivity,99,96,0.18644453088680416,"[0.19298781263208706, 0.19477561139144642, 0.18254021667027823, 0.16508894535869414, 0.19683006838151496]",,,,,
sub-10,V3B,PHA2,train,sub-09,linear_predictivity,99,17,0.016169799744179172,,"[3162.277660168379, 1000.0, 1000.0, 1000.0, 3162.277660168379]",0.05428172596458632,1.007205694551158,0.9456457474087134,0.9818006530719675
sub-10,V3B,PHA2,test,sub-09,linear_predictivity,99,17,0.09272821632566944,"[0.07915820632475817, 0.10603446272025865, 0.09861632058747649, 0.09665128897881346, 0.08318080301704038]",,,,,
sub-10,V3B,PHA3,train,sub-09,linear_predictivity,99,104,0.04030797925484427,,"[1000.0, 1000.0, 1000.0, 1000.0, 1000.0]",0.08509447819639507,0.9943515653039305,0.9147389258817146,0.9569680069008472
sub-10,V3B,PHA3,test,sub-09,linear_predictivity,99,104,0.15349619426672362,"[0.1502217545005194, 0.16412726537514408, 0.1457898057696362, 0.1532980236092508, 0.15404412207906773]",,,,,
sub-10,V3B,PH,train,sub-09,linear_predictivity,99,258,0.06203006350990298,,"[316.2277660168379, 316.2277660168379, 316.2277660168379, 316.2277660168379, 316.2277660168379]",0.13589178211283381,0.9787578708579427,0.8638303436756558,0.9335143432948365
sub-10,V3B,PH,test,sub-09,linear_predictivity,99,258,0.2016411804247758,"[0.20356744234455396, 0.20449837934908063, 0.186431116876071, 0.20280321984843963, 0.21090574370573376]",,,,,
sub-10,V6,V1,train,sub-09,linear_predictivity,11,641,-0.001805941400639145,,"[1000.0, 1000.0, 1000.0, 1000.0, 1000.0]",0.01258753240675337,1.0024482028184383,0.9871935703767761,0.9982631256188312
sub-10,V6,V1,test,sub-09,linear_predictivity,11,641,-0.022985185393204897,"[-0.019324679401644496, -0.01875894852912985, -0.023441082102431218, -0.024705271323158563, -0.02869594560966036]",,,,,
sub-10,V6,V2,train,sub-09,linear_predictivity,11,754,0.0018321695617064824,,"[316.2277660168379, 316.2277660168379, 316.2277660168379, 316.2277660168379, 1000.0]",0.02304455600819467,0.9994313816996115,0.9766735405255744,0.9938557249403764
sub-10,V6,V2,test,sub-09,linear_predictivity,11,754,-0.0038762209543795447,"[-0.003038577746308111, 0.0015345848218218782, -0.0047296677200533025, 0.0009565454006715921, -0.014103989528029779]",,,,,
sub-10,V6,V3,train,sub-09,linear_predictivity,11,575,0.001211685259327523,,"[1000.0, 1000.0, 1000.0, 316.2277660168379, 1000.0]",0.01746993555141697,1.0004622198616624,0.9823193973279547,0.9953181015165816
sub-10,V6,V3,test,sub-09,linear_predictivity,11,575,-0.014220595004629457,"[-0.01625983983119771, -0.01111486815709567, -0.015143118683991536, -0.008388215793571862, -0.020196932557290503]",,,,,
sub-10,V6,V4,train,sub-09,linear_predictivity,11,616,0.00019144326954969974,,"[1000.0, 1000.0, 1000.0, 1000.0, 1000.0]",0.014298751868741483,1.0016131967567663,0.985514482295099,0.9968252539253722
sub-10,V6,V4,test,sub-09,linear_predictivity,11,616,-0.01569900483568155,"[-0.015808072495787466, -0.013476099143530903, -0.01434007496279845, -0.013629484524257156, -0.021241293052033778]",,,,,
sub-10,V6,V3A,train,sub-09,linear_predictivity,11,270,0.01358204566757071,,"[316.2277660168379, 316.2277660168379, 316.2277660168379, 316.2277660168379, 316.2277660168379]",0.03672287494310699,0.9934587634861455,0.9629673616925167,0.9811603442605005
sub-10,V6,V3A,test,sub-09,linear_predictivity,11,270,-0.014805496695513256,"[-0.02407752523987659, -0.007161977250866709, -0.011029195620623005, -0.02096642278590095, -0.010792362580299036]",,,,,
sub-10,V6,V3B,train,sub-09,linear_predictivity,11,148,0.014568997824948263,,"[316.2277660168379, 316.2277660168379, 316.2277660168379, 316.2277660168379, 316.2277660168379]",0.034689149876627835,0.9949101795978544,0.9651140143916204,0.982329074614442
sub-10,V6,V3B,test,sub-09,linear_predictivity,11,148,0.052368332454023545,"[0.050852331250467855, 0.05980053947387863, 0.04531383555502406, 0.05695293326667348, 0.04892202272407375]",,,,,
sub-10,V6,V6,train,sub-09,linear_predictivity,11,104,0.01252485171989146,,"[316.2277660168379, 316.2277660168379, 316.2277660168379, 316.2277660168379, 316.2277660168379]",0.038578448102083523,0.9930279849114141,0.9611462729677284,0.9828992762125865
sub-10,V6,V6,test,sub-09,linear_predictivity,11,104,0.026708036571794925,"[0.01945695126978973, 0.03174437354401535, 0.027292663030632252, 0.02430655442632226, 0.030739640588215007]",,,,,
sub-10,V6,V6A,train,sub-09,linear_predictivity,11,85,0.004670079199740662,,"[316.2277660168379, 316.2277660168379, 316.2277660168379, 316.2277660168379, 316.2277660168379]",0.027788273296075285,0.9980043294004849,0.9719367053346307,0.990762312792674
sub-10,V6,V6A,test,sub-09,linear_predictivity,11,85,0.04815296945459025,"[0.044736755946629306, 0.06366666463768017, 0.04275432501104338, 0.042326234677996545, 0.04728086699960186]",,,,,
sub-10,V6,V7,train,sub-09,linear_predictivity,11,87,0.01714705091388993,,"[316.2277660168379, 316.2277660168379, 316.2277660168379, 316.2277660168379, 316.2277660168379]",0.039342315429936214,0.9929376344749932,0.9604299349273694,0.9793475110456653
sub-10,V6,V7,test,sub-09,linear_predictivity,11,87,0.043195388562865054,"[0.037019851008011015, 0.06769669943798576, 0.027693173221559637, 0.04041086035965399, 0.043156358787114886]",,,,,
sub-10,V6,V8,train,sub-09,linear_predictivity,11,101,-0.0023285448011473335,,"[1000.0, 1000.0, 3162.277660168379, 1000.0, 1000.0]",0.011882256744865125,1.002273940761962,0.987902664198409,0.9987901045232033
sub-10,V6,V8,test,sub-09,linear_predictivity,11,101,-0.030058119291365225,"[-0.025575412244766966, -0.031467346780897215, -0.0343355818055903, -0.023295560764543415, -0.03561669486102823]",,,,,
sub-10,V6,FFC,train,sub-09,linear_predictivity,11,263,0.0007498019071843494,,"[1000.0, 1000.0, 1000.0, 1000.0, 1000.0]",0.014826794153195521,1.0016864728945758,0.9849643232608576,0.9957984019308597
sub-10,V6,FFC,test,sub-09,linear_predictivity,11,263,0.002966772055806777,"[0.0031085107591496334, 0.0015254582520365459, 0.003733667946018634, 0.0025338866839353666, 0.003932336637893706]",,,,,
sub-10,V6,PIT,train,sub-09,linear_predictivity,11,123,-0.0037173813115306637,,"[3162.277660168379, 3162.277660168379, 3162.277660168379, 3162.277660168379, 3162.277660168379]",0.005802276468553241,1.0044936267311648,0.9939940285479866,1.000490345630676
sub-10,V6,PIT,test,sub-09,linear_predictivity,11,123,-0.019470925609327314,"[-0.020830110334880126, -0.021149177863389414, -0.015520866391886115, -0.019342103182262087, -0.02051237027421883]",,,,,
sub-10,V6,IPS1,train,sub-09,linear_predictivity,11,243,0.012831984726988538,,"[316.2277660168379, 316.2277660168379, 316.2277660168379, 316.2277660168379, 316.2277660168379]",0.03363687168504391,0.9955570378644479,0.966189927326939,0.9843354306957645
sub-10,V6,IPS1,test,sub-09,linear_predictivity,11,243,0.04218512822654884,"[0.04216082221299951, 0.04883539278560996, 0.035926270277764086, 0.04302452738511305, 0.04097862847125759]",,,,,
sub-10,V6,MST,train,sub-09,linear_predictivity,11,149,0.014882809916301977,,"[316.2277660168379, 316.2277660168379, 316.2277660168379, 316.2277660168379, 316.2277660168379]",0.03641520677472143,0.994112029060736,0.9633316869012416,0.980849786707194
sub-10,V6,MST,test,sub-09,linear_predictivity,11,149,0.025549043918919996,"[0.01879454055794938, 0.04006405058070554, 0.019203170228019477, 0.021103605448970008, 0.02857985277895556]",,,,,
sub-10,V6,MT,train,sub-09,linear_predictivity,11,100,0.007860255522857086,,"[316.2277660168379, 316.2277660168379, 316.2277660168379, 316.2277660168379, 316.2277660168379]",0.028476159041009984,0.9977143998344428,0.9713111848722267,0.9888465293530103
sub-10,V6,MT,test,sub-09,linear_predictivity,11,100,0.01782898142923536,"[0.009662093779505951, 0.03219604308794192, 0.009185146434256733, 0.016016414756499266, 0.022085209087972946]",,,,,
sub-10,V6,FST,train,sub-09,linear_predictivity,11,156,0.01809304200112535,,"[316.2277660168379, 316.2277660168379, 316.2277660168379, 316.2277660168379, 316.2277660168379]",0.0369037835526854,0.9942809416508638,0.9629203860166351,0.9789691467464265
sub-10,V6,FST,test,sub-09,linear_predictivity,11,156,0.030612837418795287,"[0.03167179440009267, 0.031871900204940976, 0.029496234499549124, 0.030196765004188702, 0.029827492985204967]",,,,,
sub-10,V6,LO1,train,sub-09,linear_predictivity,11,79,0.004915565618935118,,"[316.2277660168379, 316.2277660168379, 1000.0, 316.2277660168379, 316.2277660168379]",0.02606569815238246,0.9982916814979148,0.9737745820355237,0.9926280624185857
sub-10,V6,LO1,test,sub-09,linear_predictivity,11,79,0.01566278070130269,"[0.009328418331176716, 0.02874637908646109, 0.005709661817682396, 0.02329307825446293, 0.01123636601673031]",,,,,
sub-10,V6,LO2,train,sub-09,linear_predictivity,11,80,-0.002205170308626919,,"[1000.0, 1000.0, 3162.277660168379, 1000.0, 1000.0]",0.00988566882342477,1.0035593386915,0.9899719549452726,0.9999901360724417
sub-10,V6,LO2,test,sub-09,linear_predictivity,11,80,-0.012016740162373585,"[-0.015517531882475382, -0.008685080222474311, -0.014642323675534624, -0.009938252462593049, -0.011300512568790562]",,,,,
sub-10,V6,LO3,train,sub-09,linear_predictivity,11,125,-0.0018668517150893591,,"[1000.0, 316.2277660168379, 1000.0, 316.2277660168379, 1000.0]",0.018828864932954544,1.0006027404803148,0.9809125207041944,0.9979451832573145
sub-10,V6,LO3,test,sub-09,linear_predictivity,11,125,0.005735335133806629,"[-0.0038456872821162652, 0.02183045192215651, -0.0008280515904985029, 0.016962660802007493, -0.005442698182516089]",,,,,
sub-10,V6,V7,train,sub-09,linear_predictivity,11,87,0.01714705091388993,,"[316.2277660168379, 316.2277660168379, 316.2277660168379, 316.2277660168379, 316.2277660168379]",0.039342315429936214,0.9929376344749932,0.9604299349273694,0.9793475110456653
sub-10,V6,V7,test,sub-09,linear_predictivity,11,87,0.043195388562865054,"[0.037019851008011015, 0.06769669943798576, 0.027693173221559637, 0.04041086035965399, 0.043156358787114886]",,,,,
sub-10,V6,IP0,train,sub-09,linear_predictivity,11,198,0.004762647929176509,,"[316.2277660168379, 316.2277660168379, 316.2277660168379, 316.2277660168379, 316.2277660168379]",0.028004562128130107,0.9979000412648811,0.9718304613499036,0.9924275664537271
sub-10,V6,IP0,test,sub-09,linear_predictivity,11,198,0.01668093410022779,"[0.017465398177447557, 0.01783205231714963, 0.013383240101360097, 0.021442773493125327, 0.013281206412056337]",,,,,
sub-10,V6,IP1,train,sub-09,linear_predictivity,11,114,-0.007675789349169895,,"[1000.0, 1000.0, 3162.277660168379, 3162.277660168379, 3162.277660168379]",0.008538038557005138,1.0036720800336132,0.9911366285483224,1.0018275530295335
sub-10,V6,IP1,test,sub-09,linear_predictivity,11,114,-0.013301389710173996,"[-0.008451020717692222, -0.012101423253707423, -0.016217451112570832, -0.020636719323949636, -0.009100334142949867]",,,,,
sub-10,V6,MIP,train,sub-09,linear_predictivity,11,280,-0.004496431431897463,,"[316.2277660168379, 316.2277660168379, 316.2277660168379, 1000.0, 1000.0]",0.020055389146182608,1.000209267588774,0.9797069112240679,1.0006255404487352
sub-10,V6,MIP,test,sub-09,linear_predictivity,11,280,0.03363890479328096,"[0.03691950344007855, 0.038645361324997754, 0.04133018998715451, 0.0255208419158833, 0.025778627298290693]",,,,,
sub-10,V6,VIP,train,sub-09,linear_predictivity,11,180,0.003980508889233323,,"[316.2277660168379, 316.2277660168379, 316.2277660168379, 1000.0, 1000.0]",0.027412834163453165,0.9970136797021786,0.9723782215753964,0.992472990302586
sub-10,V6,VIP,test,sub-09,linear_predictivity,11,180,0.04986048344785382,"[0.0582958627660308, 0.06279429638640449, 0.05842858692791096, 0.03821680698370275, 0.03156686417522013]",,,,,
sub-10,V6,LIPd,train,sub-09,linear_predictivity,11,69,-0.01237021901203901,,"[3162.277660168379, 3162.277660168379, 10000.0, 31622.776601683796, 10000.0]",0.0036090301848860557,1.00458893083164,0.9959236304434353,1.004547903523118
sub-10,V6,LIPd,test,sub-09,linear_predictivity,11,69,-0.031441637238789,"[-0.020154268102949312, -0.0279298255626126, -0.029506421366350236, -0.05350374145501656, -0.026113929707016294]",,,,,
sub-10,V6,LIPv,train,sub-09,linear_predictivity,11,239,-0.000906053454753041,,"[1000.0, 1000.0, 1000.0, 1000.0, 1000.0]",0.017166681302093215,1.0004610327140957,0.9825617161419518,0.9964274402654729
sub-10,V6,LIPv,test,sub-09,linear_predictivity,11,239,0.004212097076002936,"[0.007539878407252845, 0.002601572797950611, 0.004956660161766273, 0.0038651915347643353, 0.0020971824782806186]",,,,,
sub-10,V6,AIP,train,sub-09,linear_predictivity,11,275,-0.002756050156589225,,"[1000.0, 1000.0, 1000.0, 1000.0, 1000.0]",0.013903558497458553,1.002193422773253,0.9858552469853166,0.9987986131415638
sub-10,V6,AIP,test,sub-09,linear_predictivity,11,275,0.016513898615317123,"[0.022585315748274073, 0.0171356637215572, 0.015492132675957445, 0.01053085928292248, 0.01682552164787441]",,,,,
sub-10,V6,7Pm,train,sub-09,linear_predictivity,11,17,-0.003797545122545434,,"[1000.0, 1000.0, 1000.0, 1000.0, 3162.277660168379]",0.011291832041177355,1.002873835430956,0.9884653397033262,0.9998287122022422
sub-10,V6,7Pm,test,sub-09,linear_predictivity,11,17,0.0034218951499630224,"[-0.001473349972408046, 0.004706016708919504, 0.0014505461780449974, 0.007032718973764072, 0.0053935438614945855]",,,,,
sub-10,V6,7PL,train,sub-09,linear_predictivity,11,133,-0.0010843540843600676,,"[316.2277660168379, 316.2277660168379, 100.0, 1000.0, 1000.0]",0.026579033451916333,0.9976220900105914,0.9732193546330038,0.9976056148100898
sub-10,V6,7PL,test,sub-09,linear_predictivity,11,133,0.05111177542723413,"[0.047055039358125904, 0.055640833928753415, 0.07280638008291167, 0.04339708671814692, 0.03665953704823276]",,,,,
sub-10,V6,7PC,train,sub-09,linear_predictivity,11,315,0.004770682338237563,,"[316.2277660168379, 316.2277660168379, 316.2277660168379, 316.2277660168379, 316.2277660168379]",0.027518479518736545,0.9982609248867446,0.9722324293585958,0.9911071290822437
sub-10,V6,7PC,test,sub-09,linear_predictivity,11,315,0.038322871616151014,"[0.037822602933633244, 0.04506469753844859, 0.03730610147652556, 0.032860928044765425, 0.038560028087382237]",,,,,
sub-10,V6,7Am,train,sub-09,linear_predictivity,11,228,0.008090454235503187,,"[316.2277660168379, 316.2277660168379, 316.2277660168379, 1000.0, 316.2277660168379]",0.0311061776589648,0.9957764457345423,0.968715196214796,0.9887643702680483
sub-10,V6,7Am,test,sub-09,linear_predictivity,11,228,0.03660696153788202,"[0.034332494440450785, 0.03789906509161652, 0.03744440553103712, 0.03377069119953541, 0.039588151426770246]",,,,,
sub-10,V6,7AL,train,sub-09,linear_predictivity,11,178,-0.0010069391368322334,,"[1000.0, 316.2277660168379, 316.2277660168379, 316.2277660168379, 1000.0]",0.019455058324948038,1.000902634440913,0.9803621264047353,0.9980170097446355
sub-10,V6,7AL,test,sub-09,linear_predictivity,11,178,-0.009904858026892806,"[-0.011959561517480342, 0.004921332363842207, -0.00964084132261682, -0.014328947306055098, -0.018516272352153983]",,,,,
sub-10,V6,VVC,train,sub-09,linear_predictivity,11,151,0.0005274835131108699,,"[1000.0, 1000.0, 1000.0, 1000.0, 1000.0]",0.014391815097210898,1.0017252786918385,0.9854269487500152,0.9963744654966893
sub-10,V6,VVC,test,sub-09,linear_predictivity,11,151,-0.007739018467644918,"[-0.0038906212574483486, -0.011278279101920995, -0.007842286219191233, -0.0034339481166114297, -0.012249957643052584]",,,,,
sub-10,V6,VMV2,train,sub-09,linear_predictivity,11,119,0.02808776125741143,,"[316.2277660168379, 316.2277660168379, 316.2277660168379, 316.2277660168379, 1000.0]",0.04679394850232822,0.9876703901093833,0.9530202483993678,0.9690942906500905
sub-10,V6,VMV2,test,sub-09,linear_predictivity,11,119,0.08733327280940713,"[0.0929828363111539, 0.08628917038771941, 0.09440930511182648, 0.09409424121837633, 0.06889081101795955]",,,,,
sub-10,V6,VMV3,train,sub-09,linear_predictivity,11,109,0.0011825902282447825,,"[316.2277660168379, 316.2277660168379, 1000.0, 316.2277660168379, 1000.0]",0.02374189990857944,0.9987561858829264,0.9760855878945872,0.9956650385657451
sub-10,V6,VMV3,test,sub-09,linear_predictivity,11,109,-0.031069360991251654,"[-0.015570881888871162, -0.03621042607502833, -0.03488172117317147, -0.012722390885423785, -0.055961384933763535]",,,,,
sub-10,V6,VMV1,train,sub-09,linear_predictivity,11,96,0.018026372895417676,,"[1000.0, 1000.0, 1000.0, 1000.0, 1000.0]",0.03190220758437834,0.9929761638834294,0.9679038333891115,0.9787575946859848
sub-10,V6,VMV1,test,sub-09,linear_predictivity,11,96,0.0790803004881983,"[0.07835145975314493, 0.07420089361728431, 0.08004344477153418, 0.08277152528108662, 0.08003417901794148]",,,,,
sub-10,V6,PHA2,train,sub-09,linear_predictivity,11,17,0.0032490547237109977,,"[1000.0, 3162.277660168379, 1000.0, 1000.0, 3162.277660168379]",0.014414738628353945,1.0014804060572553,0.9854712843078517,0.9948360862163517
sub-10,V6,PHA2,test,sub-09,linear_predictivity,11,17,0.032100293516483955,"[0.03147505544178218, 0.026022688063623328, 0.038041549256416285, 0.04075516136976153, 0.02420701345083645]",,,,,
sub-10,V6,PHA3,train,sub-09,linear_predictivity,11,104,0.008709225739795245,,"[1000.0, 1000.0, 1000.0, 1000.0, 1000.0]",0.02240232960837371,0.9980304605356365,0.9774370895747481,0.9886201469755871
sub-10,V6,PHA3,test,sub-09,linear_predictivity,11,104,0.04606742018204141,"[0.04569221273923364, 0.04629044676909118, 0.04496840158508908, 0.05039542986294044, 0.04299060995385272]",,,,,
sub-10,V6,PH,train,sub-09,linear_predictivity,11,258,0.0009604445861115127,,"[316.2277660168379, 316.2277660168379, 1000.0, 1000.0, 1000.0]",0.018324176241280476,1.0008832147341542,0.9814512862200419,0.9954165663863632
sub-10,V6,PH,test,sub-09,linear_predictivity,11,258,-0.006060596804136285,"[-0.0023857936193408986, -0.006407394669260575, -0.008084321988089496, -0.007197399441797852, -0.006228074302192608]",,,,,
sub-10,V6A,V1,train,sub-09,linear_predictivity,45,641,0.007697362824025056,,"[1000.0, 1000.0, 1000.0, 1000.0, 316.2277660168379]",0.043619484617073316,1.0017529310303843,0.9561672382290143,0.9888083473561933
sub-10,V6A,V1,test,sub-09,linear_predictivity,45,641,0.004204067583996463,"[0.00504757080107493, 0.006225406029718902, 0.004158959635295383, 0.003524445807198992, 0.0020639556466941033]",,,,,
sub-10,V6A,V2,train,sub-09,linear_predictivity,45,754,0.013330648756487025,,"[1000.0, 1000.0, 316.2277660168379, 1000.0, 316.2277660168379]",0.05511456692472827,0.9967298432174634,0.9446978242875849,0.9825811389756567
sub-10,V6A,V2,test,sub-09,linear_predictivity,45,754,0.021973765748144986,"[0.019261154550422765, 0.02474274765295278, 0.03203130363547102, 0.02367881388929413, 0.010154809012584221]",,,,,
sub-10,V6A,V3,train,sub-09,linear_predictivity,45,575,0.011808662514491244,,"[1000.0, 1000.0, 1000.0, 1000.0, 316.2277660168379]",0.04862555277198921,0.9990480985622063,0.9512105425903654,0.9846613243139087
sub-10,V6A,V3,test,sub-09,linear_predictivity,45,575,0.010499373837532116,"[0.008467412524408526, 0.015477473334609082, 0.012957174100601562, 0.013192767692832298, 0.0024020415352091146]",,,,,
sub-10,V6A,V4,train,sub-09,linear_predictivity,45,616,0.015641427321539857,,"[1000.0, 1000.0, 1000.0, 1000.0, 1000.0]",0.046365880807176775,0.9987289891397623,0.9534396472059561,0.9811270354729607
sub-10,V6A,V4,test,sub-09,linear_predictivity,45,616,0.0227342591442927,"[0.020262539765950834, 0.02856831346981811, 0.021948189223656607, 0.02672698940692345, 0.016165263855114503]",,,,,
sub-10,V6A,V3A,train,sub-09,linear_predictivity,45,270,0.010546186578523575,,"[1000.0, 1000.0, 1000.0, 1000.0, 316.2277660168379]",0.05165509825934054,0.9975869568123779,0.9480170544327823,0.983987188145093
sub-10,V6A,V3A,test,sub-09,linear_predictivity,45,270,-0.006965337628941364,"[-0.02401026365685424, 0.004880238558753948, 0.001478739474282802, -0.010915101522509145, -0.00626030099838018]",,,,,
sub-10,V6A,V3B,train,sub-09,linear_predictivity,45,148,0.06734798419132558,,"[100.0, 316.2277660168379, 316.2277660168379, 316.2277660168379, 316.2277660168379]",0.12555805409768434,0.9666477413448307,0.8740006187763404,0.9266365049794493
sub-10,V6A,V3B,test,sub-09,linear_predictivity,45,148,0.21424187552619672,"[0.22176318146585008, 0.23147663368089294, 0.19981350423043212, 0.20362866718471445, 0.21452739106909413]",,,,,
sub-10,V6A,V6,train,sub-09,linear_predictivity,45,104,0.022108872122219386,,"[1000.0, 1000.0, 1000.0, 1000.0, 1000.0]",0.05430817818920175,0.9936636883648878,0.9454319606296238,0.9733726629831889
sub-10,V6A,V6,test,sub-09,linear_predictivity,45,104,0.015543860193889387,"[0.002332301053414192, 0.023963768468572736, 0.023550302202144883, 0.011757989984413943, 0.01611493926090118]",,,,,
sub-10,V6A,V6A,train,sub-09,linear_predictivity,45,85,0.07460375646103191,,"[100.0, 316.2277660168379, 316.2277660168379, 100.0, 100.0]",0.13774010563251782,0.9674766264551952,0.8619226587415003,0.9187684208868436
sub-10,V6A,V6A,test,sub-09,linear_predictivity,45,85,0.19325168122645828,"[0.18487090665163483, 0.2064424877360615, 0.18526165446191983, 0.18501416096448445, 0.2046691963181908]",,,,,
sub-10,V6A,V7,train,sub-09,linear_predictivity,45,87,0.0853827763146095,,"[316.2277660168379, 316.2277660168379, 316.2277660168379, 316.2277660168379, 316.2277660168379]",0.1334777643218572,0.9619081587158036,0.866217505753849,0.9101142123128533
sub-10,V6A,V7,test,sub-09,linear_predictivity,45,87,0.18148284557569944,"[0.17191802359695357, 0.20526822838686637, 0.16875342483718875, 0.17955055794349056, 0.18192399311399773]",,,,,
sub-10,V6A,V8,train,sub-09,linear_predictivity,45,101,0.009320849930701211,,"[1000.0, 1000.0, 1000.0, 1000.0, 1000.0]",0.04121412478673479,1.0009063108217666,0.9585602298163385,0.9868747239199678
sub-10,V6A,V8,test,sub-09,linear_predictivity,45,101,0.021567810915139703,"[0.023088660250141623, 0.02093755427101787, 0.021606222177762938, 0.026780651835097223, 0.015425966041678849]",,,,,
sub-10,V6A,FFC,train,sub-09,linear_predictivity,45,263,0.030734713695812363,,"[316.2277660168379, 316.2277660168379, 316.2277660168379, 316.2277660168379, 316.2277660168379]",0.07785586164655185,0.9916004587582012,0.9218874016962832,0.9650233783216586
sub-10,V6A,FFC,test,sub-09,linear_predictivity,45,263,0.10068222812195901,"[0.10780084794553944, 0.09840478180021073, 0.09613670911538758, 0.10806697318362754, 0.09300182856502985]",,,,,
sub-10,V6A,PIT,train,sub-09,linear_predictivity,45,123,0.013633640506806276,,"[316.2277660168379, 1000.0, 316.2277660168379, 316.2277660168379, 316.2277660168379]",0.06080587999504394,0.9985063816526673,0.9389576345884578,0.9828085280384086
sub-10,V6A,PIT,test,sub-09,linear_predictivity,45,123,0.06507206627571772,"[0.07273850911886454, 0.0416881065275124, 0.06922321952608941, 0.08038366198602544, 0.06132683422009685]",,,,,
sub-10,V6A,IPS1,train,sub-09,linear_predictivity,45,243,0.07720982217127606,,"[316.2277660168379, 316.2277660168379, 316.2277660168379, 316.2277660168379, 316.2277660168379]",0.12400352442481152,0.9647622358922039,0.8757386209033807,0.9187100166477876
sub-10,V6A,IPS1,test,sub-09,linear_predictivity,45,243,0.20414326404610827,"[0.19714813443919377, 0.22232883138359352, 0.18986280180876594, 0.1949651562623188, 0.21641139633666942]",,,,,
sub-10,V6A,MST,train,sub-09,linear_predictivity,45,149,0.14065961199127167,,"[100.0, 100.0, 100.0, 100.0, 100.0]",0.20328143100237864,0.942018830690541,0.7964176745424915,0.8542698701390435
sub-10,V6A,MST,test,sub-09,linear_predictivity,45,149,0.24811117115273235,"[0.24112766849827444, 0.2541000269636449, 0.24414693479305907, 0.24769004294961258, 0.2534911825590709]",,,,,
sub-10,V6A,MT,train,sub-09,linear_predictivity,45,100,0.12735838661141768,,"[31.622776601683796, 100.0, 100.0, 100.0, 100.0]",0.19071783457984304,0.9512443840333775,0.8090266714312042,0.868401668353496
sub-10,V6A,MT,test,sub-09,linear_predictivity,45,100,0.23615656711810384,"[0.23300325914892148, 0.23955352575618719, 0.23001165973689802, 0.23830827436325602, 0.23990611658525662]",,,,,
sub-10,V6A,FST,train,sub-09,linear_predictivity,45,156,0.08467012022476557,,"[100.0, 316.2277660168379, 316.2277660168379, 100.0, 100.0]",0.14071764610472623,0.965083852309219,0.8590065979539705,0.9114659369533967
sub-10,V6A,FST,test,sub-09,linear_predictivity,45,156,0.1755025658865054,"[0.17437830155235542, 0.17691697848692578, 0.16513897217574147, 0.18325473069174422, 0.17782384652575994]",,,,,
sub-10,V6A,LO1,train,sub-09,linear_predictivity,45,79,0.042376555412395135,,"[316.2277660168379, 1000.0, 316.2277660168379, 1000.0, 316.2277660168379]",0.08405552677240997,0.984203213273576,0.9159159146839533,0.955700310047716
sub-10,V6A,LO1,test,sub-09,linear_predictivity,45,79,0.07881072435545054,"[0.06390358525810265, 0.08447232803824614, 0.07523622200720191, 0.08241341372297929, 0.08802807275072272]",,,,,
sub-10,V6A,LO2,train,sub-09,linear_predictivity,45,80,0.02038077847611327,,"[316.2277660168379, 1000.0, 316.2277660168379, 1000.0, 316.2277660168379]",0.06111875740110042,0.9960721206816607,0.9387714658288913,0.976971829526241
sub-10,V6A,LO2,test,sub-09,linear_predictivity,45,80,0.0558437153403308,"[0.058653468849670376, 0.05200798936155602, 0.04885233799135871, 0.055596896562280416, 0.06410788393678847]",,,,,
sub-10,V6A,LO3,train,sub-09,linear_predictivity,45,125,0.0720572016823204,,"[100.0, 100.0, 316.2277660168379, 100.0, 100.0]",0.13903222692511635,0.9691685080846535,0.8606450777473766,0.9236127731241093
sub-10,V6A,LO3,test,sub-09,linear_predictivity,45,125,0.16026973324835433,"[0.16084696655531636, 0.1697028547914712, 0.14536977884727575, 0.16797857521031279, 0.15745049083739565]",,,,,
sub-10,V6A,V7,train,sub-09,linear_predictivity,45,87,0.0853827763146095,,"[316.2277660168379, 316.2277660168379, 316.2277660168379, 316.2277660168379, 316.2277660168379]",0.1334777643218572,0.9619081587158036,0.866217505753849,0.9101142123128533
sub-10,V6A,V7,test,sub-09,linear_predictivity,45,87,0.18148284557569944,"[0.17191802359695357, 0.20526822838686637, 0.16875342483718875, 0.17955055794349056, 0.18192399311399773]",,,,,
sub-10,V6A,IP0,train,sub-09,linear_predictivity,45,198,0.05695602309457855,,"[100.0, 316.2277660168379, 316.2277660168379, 1000.0, 316.2277660168379]",0.11344087730702967,0.9704815237001252,0.8861153878047489,0.9376257942464395
sub-10,V6A,IP0,test,sub-09,linear_predictivity,45,198,0.1904802267861863,"[0.20593254931750934, 0.2101909594437349, 0.17373261206059717, 0.16089797107713857, 0.20164704203195144]",,,,,
sub-10,V6A,IP1,train,sub-09,linear_predictivity,45,114,0.0114796047502145,,"[1000.0, 1000.0, 1000.0, 3162.277660168379, 1000.0]",0.04320767637079008,0.9986683853139017,0.9564127615777009,0.9823970152266603
sub-10,V6A,IP1,test,sub-09,linear_predictivity,45,114,0.06190733832404134,"[0.07245266115941389, 0.07069034255586262, 0.054924748402091696, 0.033737771807593936, 0.07773116769524456]",,,,,
sub-10,V6A,MIP,train,sub-09,linear_predictivity,45,280,0.033173342317740384,,"[316.2277660168379, 316.2277660168379, 316.2277660168379, 1000.0, 316.2277660168379]",0.08012314715586555,0.9860325879156013,0.919494490562751,0.9619336485123892
sub-10,V6A,MIP,test,sub-09,linear_predictivity,45,280,0.1598442842724789,"[0.17065374439115055, 0.1776008601921179, 0.15608859979822176, 0.12478902134470918, 0.1700891956361952]",,,,,
sub-10,V6A,VIP,train,sub-09,linear_predictivity,45,180,0.05064478397838985,,"[316.2277660168379, 316.2277660168379, 1000.0, 1000.0, 316.2277660168379]",0.09464076854819281,0.976425734278658,0.9049099501982731,0.9443955448766749
sub-10,V6A,VIP,test,sub-09,linear_predictivity,45,180,0.18053136850214563,"[0.1828391140343136, 0.21352283933457092, 0.1611884842967482, 0.15832521332540073, 0.18678119151969477]",,,,,
sub-10,V6A,LIPd,train,sub-09,linear_predictivity,45,69,-0.006373633798339778,,"[1000.0, 3162.277660168379, 1000.0, 1000.0, 3162.277660168379]",0.02728816611112464,1.0062388095784842,0.972252958136357,0.998585257755465
sub-10,V6A,LIPd,test,sub-09,linear_predictivity,45,69,-0.00697054930163957,"[0.008678775298569622, -0.01024590332647714, -0.002454697667459057, -0.030892594615332156, 6.16738025008866e-05]",,,,,
sub-10,V6A,LIPv,train,sub-09,linear_predictivity,45,239,0.014347140852957959,,"[1000.0, 1000.0, 1000.0, 1000.0, 1000.0]",0.04550663583588418,0.9981206165215422,0.954215357028555,0.9810297619168942
sub-10,V6A,LIPv,test,sub-09,linear_predictivity,45,239,0.04667695247815208,"[0.053262917901238965, 0.05471142798477947, 0.04031455698113784, 0.0364473547930142, 0.04864850473058991]",,,,,
sub-10,V6A,AIP,train,sub-09,linear_predictivity,45,275,0.013605276677084175,,"[1000.0, 1000.0, 1000.0, 3162.277660168379, 1000.0]",0.04239209952523467,1.000446150741282,0.9573238548012728,0.9821624330512823
sub-10,V6A,AIP,test,sub-09,linear_predictivity,45,275,0.054419837277102555,"[0.05588754137107502, 0.0657151513785949, 0.051779355755593996, 0.04218536764433234, 0.05653177023591652]",,,,,
sub-10,V6A,7Pm,train,sub-09,linear_predictivity,45,17,0.007133255273740935,,"[3162.277660168379, 1000.0, 1000.0, 1000.0, 3162.277660168379]",0.03399540015734253,1.004122802157139,0.9657710065533991,0.9894025115464675
sub-10,V6A,7Pm,test,sub-09,linear_predictivity,45,17,0.010613927013667116,"[0.0038224597690763714, 0.019522383676651822, 0.007439243454195521, 0.005739136972506172, 0.0165464111959057]",,,,,
sub-10,V6A,7PL,train,sub-09,linear_predictivity,45,133,0.044126483619469005,,"[316.2277660168379, 316.2277660168379, 316.2277660168379, 316.2277660168379, 100.0]",0.09184828358101231,0.9843259652747832,0.9078187319013986,0.9512756210832043
sub-10,V6A,7PL,test,sub-09,linear_predictivity,45,133,0.17805559515195427,"[0.17249050455468154, 0.19366530794234163, 0.16738690140188092, 0.16535898081950087, 0.19137628104136636]",,,,,
sub-10,V6A,7PC,train,sub-09,linear_predictivity,45,315,0.058410082472251955,,"[316.2277660168379, 316.2277660168379, 316.2277660168379, 316.2277660168379, 316.2277660168379]",0.1090776606185671,0.9747198494256238,0.8906181416152403,0.9363549937013371
sub-10,V6A,7PC,test,sub-09,linear_predictivity,45,315,0.16335961959923687,"[0.15245754586277935, 0.17341629733771116, 0.16573614037862303, 0.15433235148466085, 0.17085576293240992]",,,,,
sub-10,V6A,7Am,train,sub-09,linear_predictivity,45,228,0.018681753329121333,,"[1000.0, 1000.0, 1000.0, 316.2277660168379, 1000.0]",0.05221267621312281,0.9963095445494787,0.947563920192735,0.9776555070132676
sub-10,V6A,7Am,test,sub-09,linear_predictivity,45,228,0.06121646527711466,"[0.05390315367893994, 0.06894431892545114, 0.05660465647692982, 0.07327357664379554, 0.0533566206604569]",,,,,
sub-10,V6A,7AL,train,sub-09,linear_predictivity,45,178,0.02704784073209555,,"[316.2277660168379, 316.2277660168379, 1000.0, 316.2277660168379, 1000.0]",0.06799153823145468,0.9914771431172786,0.9317809221533213,0.969741256359033
sub-10,V6A,7AL,test,sub-09,linear_predictivity,45,178,0.08233372774135592,"[0.08743515689087604, 0.09644435313027823, 0.0631757107294073, 0.0878610177251693, 0.07675240023104875]",,,,,
sub-10,V6A,VVC,train,sub-09,linear_predictivity,45,151,0.01604568613977459,,"[1000.0, 1000.0, 1000.0, 1000.0, 316.2277660168379]",0.05196938260060664,0.9967526483774082,0.9477561766725202,0.9803469894730185
sub-10,V6A,VVC,test,sub-09,linear_predictivity,45,151,0.07082351850717786,"[0.0778643416514013, 0.07079607447915813, 0.061059961446690056, 0.05935273015187221, 0.08504448480676756]",,,,,
sub-10,V6A,VMV2,train,sub-09,linear_predictivity,45,119,0.053207509321220384,,"[100.0, 100.0, 100.0, 316.2277660168379, 100.0]",0.11859671004690768,0.9795339868316427,0.8811852873558097,0.9433868942908363
sub-10,V6A,VMV2,test,sub-09,linear_predictivity,45,119,0.19306360043260287,"[0.21072589616926127, 0.19801106158754941, 0.19654427641702982, 0.16062522433961168, 0.1994115436495621]",,,,,
sub-10,V6A,VMV3,train,sub-09,linear_predictivity,45,109,0.02615111996593441,,"[316.2277660168379, 316.2277660168379, 316.2277660168379, 1000.0, 316.2277660168379]",0.07658290933102974,0.9880049514042591,0.9230581890754366,0.9693653864444147
sub-10,V6A,VMV3,test,sub-09,linear_predictivity,45,109,0.09451488278126048,"[0.11535051170203148, 0.09993251303959887, 0.09684291428359978, 0.0684497250892066, 0.0919987497918657]",,,,,
sub-10,V6A,VMV1,train,sub-09,linear_predictivity,45,96,0.030931864509855477,,"[316.2277660168379, 316.2277660168379, 316.2277660168379, 316.2277660168379, 316.2277660168379]",0.07829392126527791,0.9914283537833655,0.9214878450908085,0.9654084761528157
sub-10,V6A,VMV1,test,sub-09,linear_predictivity,45,96,0.1267913572268355,"[0.13168934945253555, 0.12711089879144802, 0.1270904839864105, 0.11655619653817227, 0.1315098573656112]",,,,,
sub-10,V6A,PHA2,train,sub-09,linear_predictivity,45,17,0.013294669590672622,,"[1000.0, 1000.0, 1000.0, 1000.0, 1000.0]",0.043107933180668405,0.999621717360178,0.9567711904005728,0.9848748699705379
sub-10,V6A,PHA2,test,sub-09,linear_predictivity,45,17,0.08057736494623594,"[0.0830263215112165, 0.07939021506939523, 0.08024677705573646, 0.07262796619142275, 0.08759554490340872]",,,,,
sub-10,V6A,PHA3,train,sub-09,linear_predictivity,45,104,0.025751676157228124,,"[316.2277660168379, 316.2277660168379, 316.2277660168379, 316.2277660168379, 316.2277660168379]",0.07280708651069676,0.9926159053775425,0.9270488499251222,0.9718056827796608
sub-10,V6A,PHA3,test,sub-09,linear_predictivity,45,104,0.14699730514651863,"[0.16142664659999434, 0.14560661594086152, 0.1406565793598543, 0.12903160031020747, 0.15826508352167556]",,,,,
sub-10,V6A,PH,train,sub-09,linear_predictivity,45,258,0.03892578761709497,,"[316.2277660168379, 316.2277660168379, 316.2277660168379, 316.2277660168379, 316.2277660168379]",0.08604511801762761,0.9869051886299547,0.9137057354989835,0.9569356349614013
sub-10,V6A,PH,test,sub-09,linear_predictivity,45,258,0.09688343601334318,"[0.10346277937413165, 0.10635630208248982, 0.08645617134138092, 0.09788006601547548, 0.09026186125323801]",,,,,
sub-10,V7,V1,train,sub-09,linear_predictivity,61,641,0.009992345273022526,,"[1000.0, 1000.0, 1000.0, 1000.0, 1000.0]",0.04438382693167663,1.005175243578075,0.9554070971877795,0.9865719207009741
sub-10,V7,V1,test,sub-09,linear_predictivity,61,641,0.0033270860717232063,"[0.007284345774897757, 0.004384807488513767, 0.0013636648227943495, 0.004291341353056565, -0.0006887290806464044]",,,,,
sub-10,V7,V2,train,sub-09,linear_predictivity,61,754,0.017794003035818063,,"[1000.0, 1000.0, 316.2277660168379, 1000.0, 316.2277660168379]",0.06498096779183055,0.9974393639951403,0.9348256171319577,0.9779285991744704
sub-10,V7,V2,test,sub-09,linear_predictivity,61,754,0.031123944079574483,"[0.028559372997110827, 0.029566077070528832, 0.03970762364632747, 0.03120128341384729, 0.026585363270057998]",,,,,
sub-10,V7,V3,train,sub-09,linear_predictivity,61,575,0.014946127548562595,,"[1000.0, 1000.0, 1000.0, 1000.0, 316.2277660168379]",0.056237258663008084,1.0003007664213377,0.9435896532935534,0.9813248303566595
sub-10,V7,V3,test,sub-09,linear_predictivity,61,575,0.017298293042888532,"[0.015552813911294055, 0.018388751741344002, 0.017203651449353256, 0.0180754335612824, 0.01727081455116895]",,,,,
sub-10,V7,V4,train,sub-09,linear_predictivity,61,616,0.01571564157478598,,"[1000.0, 1000.0, 1000.0, 1000.0, 1000.0]",0.0512171939763796,1.0008686880930069,0.9485786427803513,0.9809757179537115
sub-10,V7,V4,test,sub-09,linear_predictivity,61,616,0.02342622826683029,"[0.02423854649815285, 0.024362016899210706, 0.021111426426645662, 0.026452134567315988, 0.020967016942826235]",,,,,
sub-10,V7,V3A,train,sub-09,linear_predictivity,61,270,0.026902388021822998,,"[316.2277660168379, 316.2277660168379, 316.2277660168379, 316.2277660168379, 316.2277660168379]",0.08918555294855801,0.9918202962461236,0.910529422940449,0.9678161213415126
sub-10,V7,V3A,test,sub-09,linear_predictivity,61,270,0.03279089001763045,"[0.022360274205205772, 0.03194345770264396, 0.03781804303309229, 0.032345897201268285, 0.03948677794594195]",,,,,
sub-10,V7,V3B,train,sub-09,linear_predictivity,61,148,0.08951720659561635,,"[316.2277660168379, 316.2277660168379, 316.2277660168379, 316.2277660168379, 316.2277660168379]",0.1485140168967622,0.9576794038707044,0.8511189143448995,0.9046187815542117
sub-10,V7,V3B,test,sub-09,linear_predictivity,61,148,0.25344002134846055,"[0.25420588847968234, 0.2595888684191785, 0.23718949557893643, 0.24900895747119575, 0.2672068967933097]",,,,,
sub-10,V7,V6,train,sub-09,linear_predictivity,61,104,0.02625007360403216,,"[1000.0, 316.2277660168379, 316.2277660168379, 316.2277660168379, 316.2277660168379]",0.08581847667017184,0.990407832350322,0.9139182138330064,0.969249437878488
sub-10,V7,V6,test,sub-09,linear_predictivity,61,104,0.0330971202259967,"[0.023754950101854324, 0.03982909927833196, 0.03252749818859579, 0.03211469459756077, 0.037259358963640646]",,,,,
sub-10,V7,V6A,train,sub-09,linear_predictivity,61,85,0.07632822998282081,,"[316.2277660168379, 100.0, 100.0, 100.0, 316.2277660168379]",0.1519372676756314,0.9663032053278886,0.847776693566867,0.9163584430999991
sub-10,V7,V6A,test,sub-09,linear_predictivity,61,85,0.20158206631681663,"[0.19198387027817326, 0.21700943304133238, 0.19460229138924706, 0.19405242884626625, 0.21026230802906407]",,,,,
sub-10,V7,V7,train,sub-09,linear_predictivity,61,87,0.10681254135648958,,"[316.2277660168379, 316.2277660168379, 316.2277660168379, 316.2277660168379, 316.2277660168379]",0.16273868903192784,0.9517334011521139,0.8369051266635182,0.8874547558651498
sub-10,V7,V7,test,sub-09,linear_predictivity,61,87,0.23042415260305438,"[0.22898840337509685, 0.23744068392284354, 0.21749837159210086, 0.2296724421158491, 0.23852086200938158]",,,,,
sub-10,V7,V8,train,sub-09,linear_predictivity,61,101,0.003444454067794265,,"[1000.0, 1000.0, 1000.0, 1000.0, 1000.0]",0.04166023870090362,1.006883591221143,0.9580978241450145,0.9926142358248169
sub-10,V7,V8,test,sub-09,linear_predictivity,61,101,0.008506902029084178,"[0.012191385982089275, -0.00046145181052233895, 0.009272380116027924, 0.013535136367813996, 0.007997059490012032]",,,,,
sub-10,V7,FFC,train,sub-09,linear_predictivity,61,263,0.03697831084095627,,"[316.2277660168379, 316.2277660168379, 316.2277660168379, 316.2277660168379, 316.2277660168379]",0.09562292485058554,0.9884758701900619,0.9041428600808599,0.9590601468034059
sub-10,V7,FFC,test,sub-09,linear_predictivity,61,263,0.10463273699914075,"[0.11284920870322931, 0.09362814068242993, 0.10761577292388748, 0.10857558087104091, 0.10049498181511614]",,,,,
sub-10,V7,PIT,train,sub-09,linear_predictivity,61,123,0.019920133497337233,,"[316.2277660168379, 316.2277660168379, 316.2277660168379, 316.2277660168379, 316.2277660168379]",0.07937294975475226,0.9971657726340561,0.9203945618479661,0.976345657174915
sub-10,V7,PIT,test,sub-09,linear_predictivity,61,123,0.054650666415410484,"[0.05918454057851734, 0.03970846572248669, 0.05779041145515434, 0.06734652538218275, 0.049223388938711324]",,,,,
sub-10,V7,IPS1,train,sub-09,linear_predictivity,61,243,0.08586177336628668,,"[1000.0, 1000.0, 1000.0, 1000.0, 316.2277660168379]",0.12788304749513535,0.9594482824896584,0.871749349131551,0.9094562438375234
sub-10,V7,IPS1,test,sub-09,linear_predictivity,61,243,0.24162746454267228,"[0.23203672296146138, 0.24725995650927465, 0.22899351916792857, 0.23102581613540987, 0.2688213079392869]",,,,,
sub-10,V7,MST,train,sub-09,linear_predictivity,61,149,0.14884381238272584,,"[100.0, 100.0, 100.0, 100.0, 100.0]",0.2218653598812273,0.9391964531520424,0.7778641090522319,0.846157736266874
sub-10,V7,MST,test,sub-09,linear_predictivity,61,149,0.2787246138122737,"[0.27514242001216827, 0.28403197585416357, 0.26984185096565333, 0.2824647684714706, 0.2821420537579128]",,,,,
sub-10,V7,MT,train,sub-09,linear_predictivity,61,100,0.1471349326340865,,"[100.0, 100.0, 100.0, 100.0, 100.0]",0.2201258993437131,0.9431461510107283,0.7797140100521623,0.8498468197226681
sub-10,V7,MT,test,sub-09,linear_predictivity,61,100,0.2635022319760976,"[0.25817653605511465, 0.2635857178808754, 0.25901838802631366, 0.27118320073900587, 0.26554731717917845]",,,,,
sub-10,V7,FST,train,sub-09,linear_predictivity,61,156,0.09566001902729679,,"[316.2277660168379, 316.2277660168379, 316.2277660168379, 316.2277660168379, 316.2277660168379]",0.14688738721922717,0.9589613779525239,0.8528908992969226,0.9006038520666811
sub-10,V7,FST,test,sub-09,linear_predictivity,61,156,0.2388955968962428,"[0.2359554885627962, 0.24204676328101327, 0.23335934076557655, 0.23798850222830056, 0.24512788964352736]",,,,,
sub-10,V7,LO1,train,sub-09,linear_predictivity,61,79,0.0572668643141984,,"[1000.0, 1000.0, 1000.0, 1000.0, 316.2277660168379]",0.09310769073833429,0.9788798335187219,0.9067960062565519,0.9410263921920888
sub-10,V7,LO1,test,sub-09,linear_predictivity,61,79,0.12598726627021442,"[0.12183127230236698, 0.1282475640227019, 0.11963635041202184, 0.12287571088503861, 0.13734543372894278]",,,,,
sub-10,V7,LO2,train,sub-09,linear_predictivity,61,80,0.02433370781237901,,"[316.2277660168379, 316.2277660168379, 316.2277660168379, 316.2277660168379, 316.2277660168379]",0.08185700219338679,0.994609119088451,0.9179873399924567,0.9729814154697844
sub-10,V7,LO2,test,sub-09,linear_predictivity,61,80,0.07762217759534866,"[0.07528877286692219, 0.07216474559993787, 0.07201566818981472, 0.08457457264603005, 0.08406712867403845]",,,,,
sub-10,V7,LO3,train,sub-09,linear_predictivity,61,125,0.0835259691050018,,"[316.2277660168379, 316.2277660168379, 316.2277660168379, 100.0, 100.0]",0.14813208237116685,0.9671745416509973,0.8515067528298387,0.9131841049291495
sub-10,V7,LO3,test,sub-09,linear_predictivity,61,125,0.17571736514215117,"[0.1804639357738652, 0.16289796924204938, 0.16782868139177465, 0.18562751681871964, 0.181768722484347]",,,,,
sub-10,V7,V7,train,sub-09,linear_predictivity,61,87,0.10681254135648958,,"[316.2277660168379, 316.2277660168379, 316.2277660168379, 316.2277660168379, 316.2277660168379]",0.16273868903192784,0.9517334011521139,0.8369051266635182,0.8874547558651498
sub-10,V7,V7,test,sub-09,linear_predictivity,61,87,0.23042415260305438,"[0.22898840337509685, 0.23744068392284354, 0.21749837159210086, 0.2296724421158491, 0.23852086200938158]",,,,,
sub-10,V7,IP0,train,sub-09,linear_predictivity,61,198,0.06836438566617581,,"[316.2277660168379, 316.2277660168379, 316.2277660168379, 1000.0, 1000.0]",0.12215501054911442,0.9668675351910313,0.8775109010106952,0.9260822116406988
sub-10,V7,IP0,test,sub-09,linear_predictivity,61,198,0.2236577507504942,"[0.23144168637718418, 0.239313462535176, 0.21638756867373746, 0.20231433873001703, 0.22883169743635648]",,,,,
sub-10,V7,IP1,train,sub-09,linear_predictivity,61,114,0.012058927496066704,,"[3162.277660168379, 3162.277660168379, 3162.277660168379, 3162.277660168379, 3162.277660168379]",0.03740780461181802,1.0006628562398947,0.9621948357606426,0.9812890767936768
sub-10,V7,IP1,test,sub-09,linear_predictivity,61,114,0.0796444102726042,"[0.08274716283244384, 0.08080245364563886, 0.0759632544532447, 0.06325324525120811, 0.09545593518048552]",,,,,
sub-10,V7,MIP,train,sub-09,linear_predictivity,61,280,0.04148035690329409,,"[316.2277660168379, 316.2277660168379, 316.2277660168379, 316.2277660168379, 316.2277660168379]",0.10197852007506229,0.9815741965659608,0.8977163051505412,0.9534975343885433
sub-10,V7,MIP,test,sub-09,linear_predictivity,61,280,0.1852119317427256,"[0.18736725609363936, 0.19745766060974007, 0.1793633023059115, 0.16766577248568781, 0.19420566721864932]",,,,,
sub-10,V7,VIP,train,sub-09,linear_predictivity,61,180,0.07052007363936076,,"[316.2277660168379, 316.2277660168379, 316.2277660168379, 316.2277660168379, 316.2277660168379]",0.13064830207564646,0.9669726575800481,0.8690269700831077,0.92387953242973
sub-10,V7,VIP,test,sub-09,linear_predictivity,61,180,0.2211843496634799,"[0.21849032919066885, 0.2348912671137272, 0.21189560259326556, 0.21059850495162058, 0.23004604446811747]",,,,,
sub-10,V7,LIPd,train,sub-09,linear_predictivity,61,69,-0.007471988150880064,,"[3162.277660168379, 1000.0, 3162.277660168379, 3162.277660168379, 3162.277660168379]",0.023627971303738463,1.0095256967861934,0.9759787560872007,0.9997957910967556
sub-10,V7,LIPd,test,sub-09,linear_predictivity,61,69,-0.005113993054768123,"[0.004491791835421797, 0.0038089915877662847, -0.005158146343694838, -0.03176361626106316, 0.003051013907729302]",,,,,
sub-10,V7,LIPv,train,sub-09,linear_predictivity,61,239,0.02132472099373566,,"[1000.0, 1000.0, 1000.0, 1000.0, 1000.0]",0.057625395249529456,0.9969238085753144,0.9420896512404028,0.9739356061746204
sub-10,V7,LIPv,test,sub-09,linear_predictivity,61,239,0.08258097196082989,"[0.09156261970789593, 0.08732654583250975, 0.07720938058659288, 0.06785676593265297, 0.08894954774449794]",,,,,
sub-10,V7,AIP,train,sub-09,linear_predictivity,61,275,0.0236068560167573,,"[1000.0, 1000.0, 1000.0, 3162.277660168379, 1000.0]",0.05512974779482729,0.9966543988356094,0.9445993383722326,0.9721951862141557
sub-10,V7,AIP,test,sub-09,linear_predictivity,61,275,0.08674138509366436,"[0.0864572351492449, 0.09675667835269605, 0.08593178393499691, 0.07321479214175845, 0.09134643588962552]",,,,,
sub-10,V7,7Pm,train,sub-09,linear_predictivity,61,17,0.007273588245876633,,"[10000.0, 3162.277660168379, 3162.277660168379, 3162.277660168379, 3162.277660168379]",0.022300801488741834,1.0088797728891596,0.9774832148410602,0.9895778383071694
sub-10,V7,7Pm,test,sub-09,linear_predictivity,61,17,0.025358153368804464,"[0.018466891362947182, 0.02446273577343605, 0.022735727410701036, 0.027262048360645354, 0.03386336393629269]",,,,,
sub-10,V7,7PL,train,sub-09,linear_predictivity,61,133,0.04810467722956274,,"[316.2277660168379, 100.0, 100.0, 100.0, 316.2277660168379]",0.1226292318936824,0.9809468487744273,0.8772009229671788,0.9470259722245677
sub-10,V7,7PL,test,sub-09,linear_predictivity,61,133,0.19980583991155343,"[0.18127349301502416, 0.22880806662902953, 0.2058348270480963, 0.19623166529604535, 0.1868811475695717]",,,,,
sub-10,V7,7PC,train,sub-09,linear_predictivity,61,315,0.07154746670115143,,"[316.2277660168379, 316.2277660168379, 316.2277660168379, 316.2277660168379, 316.2277660168379]",0.1290201842082303,0.9685925093242034,0.8706515772128224,0.9227476391919487
sub-10,V7,7PC,test,sub-09,linear_predictivity,61,315,0.19543612063719357,"[0.18339267351565988, 0.2023357724357203, 0.1961181266659952, 0.18945781826282823, 0.2058762123057641]",,,,,
sub-10,V7,7Am,train,sub-09,linear_predictivity,61,228,0.020366512278170826,,"[1000.0, 316.2277660168379, 1000.0, 1000.0, 1000.0]",0.061497959437176494,0.9974943370712523,0.9382620612259783,0.9759203871144413
sub-10,V7,7Am,test,sub-09,linear_predictivity,61,228,0.0715727162544033,"[0.06433769963778294, 0.08611164207790557, 0.06907414810063424, 0.06956468820703146, 0.06877540324866234]",,,,,
sub-10,V7,7AL,train,sub-09,linear_predictivity,61,178,0.031628169971713735,,"[1000.0, 1000.0, 1000.0, 1000.0, 1000.0]",0.06551629855910295,0.9925027242016349,0.9343082613570063,0.9654059302193906
sub-10,V7,7AL,test,sub-09,linear_predictivity,61,178,0.08211876643763152,"[0.07808003073934029, 0.08327013026861368, 0.0761083295975695, 0.08372644079560025, 0.08940890078703397]",,,,,
sub-10,V7,VVC,train,sub-09,linear_predictivity,61,151,0.02088592615812399,,"[1000.0, 1000.0, 316.2277660168379, 1000.0, 1000.0]",0.061161454435372534,0.9963926208721852,0.9386267749426347,0.9755161119354241
sub-10,V7,VVC,test,sub-09,linear_predictivity,61,151,0.09586553419636877,"[0.09940076978169958, 0.09117665644929766, 0.10241890234873346, 0.08571118036527006, 0.10062016203684317]",,,,,
sub-10,V7,VMV2,train,sub-09,linear_predictivity,61,119,0.05459957013054532,,"[100.0, 100.0, 100.0, 100.0, 100.0]",0.13590260485442776,0.9814035170035791,0.8639033253366705,0.9420366150457001
sub-10,V7,VMV2,test,sub-09,linear_predictivity,61,119,0.20613918172650245,"[0.22103861577309405, 0.21095405844337523, 0.19965601912789113, 0.19886886355229516, 0.20017835173585666]",,,,,
sub-10,V7,VMV3,train,sub-09,linear_predictivity,61,109,0.029104794783463603,,"[316.2277660168379, 316.2277660168379, 316.2277660168379, 316.2277660168379, 316.2277660168379]",0.09053019905800011,0.9896868833352249,0.909209819118562,0.9664487274519076
sub-10,V7,VMV3,test,sub-09,linear_predictivity,61,109,0.10472481868345514,"[0.11998600335128244, 0.10190434188094619, 0.0945998975172793, 0.10439788513946259, 0.10273596552830513]",,,,,
sub-10,V7,VMV1,train,sub-09,linear_predictivity,61,96,0.03383530021392247,,"[316.2277660168379, 316.2277660168379, 316.2277660168379, 316.2277660168379, 316.2277660168379]",0.09018449659419094,0.9913220973957119,0.9096080052218574,0.9626651489917109
sub-10,V7,VMV1,test,sub-09,linear_predictivity,61,96,0.12551019874679142,"[0.1311861684776844, 0.12316444291787669, 0.12670131369507723, 0.12248121629027643, 0.12401785235304245]",,,,,
sub-10,V7,PHA2,train,sub-09,linear_predictivity,61,17,0.014076379048607555,,"[1000.0, 316.2277660168379, 316.2277660168379, 316.2277660168379, 316.2277660168379]",0.06418124019006492,1.0016724188629929,0.9356428222967447,0.9837785116826832
sub-10,V7,PHA2,test,sub-09,linear_predictivity,61,17,0.09087659365914572,"[0.07470946072979234, 0.0929972076649705, 0.09465655922519337, 0.09114669508054678, 0.10087304559522554]",,,,,
sub-10,V7,PHA3,train,sub-09,linear_predictivity,61,104,0.033599518696642024,,"[316.2277660168379, 316.2277660168379, 100.0, 316.2277660168379, 316.2277660168379]",0.09372331167187516,0.9913078667899506,0.9061066237753879,0.96382286861341
sub-10,V7,PHA3,test,sub-09,linear_predictivity,61,104,0.1438356676456201,"[0.14878671705250393, 0.142790238064043, 0.15109621356562092, 0.13134551448793405, 0.14515965505799866]",,,,,
sub-10,V7,PH,train,sub-09,linear_predictivity,61,258,0.048776350222844315,,"[316.2277660168379, 316.2277660168379, 316.2277660168379, 316.2277660168379, 316.2277660168379]",0.10420285954788777,0.982109811103928,0.8955462843844069,0.9469298234406793
sub-10,V7,PH,test,sub-09,linear_predictivity,61,258,0.12891832173733037,"[0.1322871324069749, 0.12606455088466162, 0.12442651864230715, 0.1320058399260299, 0.12980756682667843]",,,,,
sub-10,V8,V1,train,sub-09,linear_predictivity,96,641,0.03187539596579945,,"[1000.0, 1000.0, 1000.0, 1000.0, 1000.0]",0.08218725550087339,1.000840867899798,0.9176234072187229,0.9649046979458978
sub-10,V8,V1,test,sub-09,linear_predictivity,96,641,0.04971283532241349,"[0.05132976691375357, 0.04953735359623666, 0.047078975462816905, 0.049045565349830886, 0.051572515289429445]",,,,,
sub-10,V8,V2,train,sub-09,linear_predictivity,96,754,0.04246449508752433,,"[1000.0, 1000.0, 1000.0, 1000.0, 1000.0]",0.09579174207334658,0.9937430124476985,0.9039753328646711,0.9535053551448225
sub-10,V8,V2,test,sub-09,linear_predictivity,96,754,0.06214235861889113,"[0.062471545320102836, 0.06341586830248454, 0.06454341794803332, 0.05964869885978709, 0.06063226266404787]",,,,,
sub-10,V8,V3,train,sub-09,linear_predictivity,96,575,0.047710406688940825,,"[1000.0, 1000.0, 1000.0, 1000.0, 1000.0]",0.09986485028289395,0.9915600817888517,0.8999180842932015,0.9485580881516219
sub-10,V8,V3,test,sub-09,linear_predictivity,96,575,0.0763369807497187,"[0.07391919849432692, 0.07733738039825135, 0.07973915131328349, 0.07413873689281796, 0.07655043664991386]",,,,,
sub-10,V8,V4,train,sub-09,linear_predictivity,96,616,0.06781021756036112,,"[316.2277660168379, 1000.0, 316.2277660168379, 316.2277660168379, 1000.0]",0.1385871745241532,0.979575973725445,0.8612597448640052,0.9285840611450478
sub-10,V8,V4,test,sub-09,linear_predictivity,96,616,0.15769487357350248,"[0.16413240296347256, 0.1543173645983306, 0.1593317325390993, 0.16743559659131513, 0.14325727117529488]",,,,,
sub-10,V8,V3A,train,sub-09,linear_predictivity,96,270,0.01793732671212366,,"[1000.0, 1000.0, 1000.0, 1000.0, 1000.0]",0.07204935205621545,1.0060621170670296,0.9276333608322046,0.9765737742370828
sub-10,V8,V3A,test,sub-09,linear_predictivity,96,270,0.03241208249841813,"[0.016864015351041917, 0.04253827078688384, 0.04237962554933259, 0.015298787227843471, 0.04497971357698883]",,,,,
sub-10,V8,V3B,train,sub-09,linear_predictivity,96,148,0.07537110798775529,,"[316.2277660168379, 1000.0, 1000.0, 1000.0, 1000.0]",0.13360590689491722,0.9747810458617371,0.8659940263937929,0.9198294548380612
sub-10,V8,V3B,test,sub-09,linear_predictivity,96,148,0.19709519287881408,"[0.21022391030622445, 0.2098597881385634, 0.18524764839380703, 0.18640501819710756, 0.1937395993583679]",,,,,
sub-10,V8,V6,train,sub-09,linear_predictivity,96,104,0.011781053759909071,,"[1000.0, 1000.0, 1000.0, 1000.0, 1000.0]",0.0704109880524387,1.008688865199003,0.9293241276820574,0.9836777675169998
sub-10,V8,V6,test,sub-09,linear_predictivity,96,104,-0.008768028364582433,"[-0.013276694714886773, -0.0005604241947547364, -0.006219681264347701, -0.023133338707158793, -0.0006500029417641581]",,,,,
sub-10,V8,V6A,train,sub-09,linear_predictivity,96,85,0.0367458492598356,,"[1000.0, 1000.0, 1000.0, 1000.0, 1000.0]",0.08940174131528252,0.9990924103583108,0.9102488945492132,0.9576754518441575
sub-10,V8,V6A,test,sub-09,linear_predictivity,96,85,0.08154490272482814,"[0.07626596402987043, 0.09329311326134633, 0.08084012859491004, 0.07525425389796128, 0.08207105384005262]",,,,,
sub-10,V8,V7,train,sub-09,linear_predictivity,96,87,0.04446576732518782,,"[1000.0, 1000.0, 1000.0, 1000.0, 1000.0]",0.09563008515198551,0.9947630504370455,0.9040977346730937,0.9512116785830054
sub-10,V8,V7,test,sub-09,linear_predictivity,96,87,0.0690021175727607,"[0.06582473651203752, 0.09180018774974133, 0.06933258697120895, 0.060108690076489044, 0.05794438655432666]",,,,,
sub-10,V8,V8,train,sub-09,linear_predictivity,96,101,0.061342538929414894,,"[1000.0, 1000.0, 1000.0, 1000.0, 1000.0]",0.11502628851382228,0.9824532924203722,0.884705139979306,0.9343039716296682
sub-10,V8,V8,test,sub-09,linear_predictivity,96,101,0.1928687351970026,"[0.18826182425117607, 0.1998459309090105, 0.19453328860468844, 0.18611758178269883, 0.19558505043743915]",,,,,
sub-10,V8,FFC,train,sub-09,linear_predictivity,96,263,0.09034948037548812,,"[316.2277660168379, 316.2277660168379, 316.2277660168379, 316.2277660168379, 316.2277660168379]",0.17013760607425224,0.9690862681073235,0.8296179933636287,0.9054521287226021
sub-10,V8,FFC,test,sub-09,linear_predictivity,96,263,0.27016105842312205,"[0.27380902748890384, 0.2686445095328912, 0.2635074130318287, 0.27615902294890643, 0.2686853191130799]",,,,,
sub-10,V8,PIT,train,sub-09,linear_predictivity,96,123,0.11355147697112128,,"[316.2277660168379, 316.2277660168379, 316.2277660168379, 316.2277660168379, 316.2277660168379]",0.1923716384068359,0.9576466774735627,0.8073409109839094,0.8819432274901627
sub-10,V8,PIT,test,sub-09,linear_predictivity,96,123,0.2728874915233692,"[0.2768378254320242, 0.2770705676416729, 0.25735851427622236, 0.28466086028386917, 0.2685096899830575]",,,,,
sub-10,V8,IPS1,train,sub-09,linear_predictivity,96,243,0.05055888624150326,,"[1000.0, 1000.0, 1000.0, 1000.0, 1000.0]",0.10086023414677528,0.9913313531500348,0.8989146369313474,0.9458900768263778
sub-10,V8,IPS1,test,sub-09,linear_predictivity,96,243,0.09493639007953819,"[0.0911883759034873, 0.10848238901827516, 0.09464047001985963, 0.09274403958940242, 0.08762667586666643]",,,,,
sub-10,V8,MST,train,sub-09,linear_predictivity,96,149,0.08072074812644352,,"[1000.0, 1000.0, 316.2277660168379, 316.2277660168379, 1000.0]",0.14406911420961382,0.9761765913353406,0.8556986607404371,0.9142938216990627
sub-10,V8,MST,test,sub-09,linear_predictivity,96,149,0.1292810904375657,"[0.1151637626375131, 0.12457499849611671, 0.13687031027509577, 0.1448184359296328, 0.12497794484946999]",,,,,
sub-10,V8,MT,train,sub-09,linear_predictivity,96,100,0.1049340101602618,,"[316.2277660168379, 316.2277660168379, 316.2277660168379, 316.2277660168379, 316.2277660168379]",0.1832161344416573,0.965634723399238,0.8165484422323432,0.890897896484325
sub-10,V8,MT,test,sub-09,linear_predictivity,96,100,0.218612738695118,"[0.2139519369859912, 0.2225026716849032, 0.21041521400876104, 0.22098104055983153, 0.22521283023610292]",,,,,
sub-10,V8,FST,train,sub-09,linear_predictivity,96,156,0.07366960982654878,,"[1000.0, 1000.0, 316.2277660168379, 1000.0, 1000.0]",0.12601253847262878,0.9798381150994843,0.8738468943639719,0.92272135477307
sub-10,V8,FST,test,sub-09,linear_predictivity,96,156,0.13772984121260595,"[0.13252058185814133, 0.13372974675778795, 0.15276635089248108, 0.1366946328733191, 0.1329378936813004]",,,,,
sub-10,V8,LO1,train,sub-09,linear_predictivity,96,79,0.05429277352512798,,"[316.2277660168379, 1000.0, 1000.0, 1000.0, 1000.0]",0.11606048434730139,0.986149122411464,0.8840037379308082,0.9444176687129673
sub-10,V8,LO1,test,sub-09,linear_predictivity,96,79,0.1130680945636839,"[0.13550218965010188, 0.1183075563296422, 0.10139504319747722, 0.11195570010857146, 0.0981799835326267]",,,,,
sub-10,V8,LO2,train,sub-09,linear_predictivity,96,80,0.09018307028947367,,"[316.2277660168379, 316.2277660168379, 316.2277660168379, 316.2277660168379, 316.2277660168379]",0.1684367277389452,0.9705454810325733,0.8314126321051143,0.9072841182733404
sub-10,V8,LO2,test,sub-09,linear_predictivity,96,80,0.21719059984078645,"[0.21724117354029487, 0.22888476199021218, 0.2027234940105024, 0.22737564027827806, 0.2097279293846448]",,,,,
sub-10,V8,LO3,train,sub-09,linear_predictivity,96,125,0.08918247682690587,,"[316.2277660168379, 316.2277660168379, 316.2277660168379, 316.2277660168379, 316.2277660168379]",0.17710701990481792,0.967821819005905,0.8226500960944492,0.9063660026856242
sub-10,V8,LO3,test,sub-09,linear_predictivity,96,125,0.2193658042395759,"[0.22907907096947983, 0.22337575733493084, 0.21326182539334587, 0.21803120710307025, 0.21308116039705266]",,,,,
sub-10,V8,V7,train,sub-09,linear_predictivity,96,87,0.04446576732518782,,"[1000.0, 1000.0, 1000.0, 1000.0, 1000.0]",0.09563008515198551,0.9947630504370455,0.9040977346730937,0.9512116785830054
sub-10,V8,V7,test,sub-09,linear_predictivity,96,87,0.0690021175727607,"[0.06582473651203752, 0.09180018774974133, 0.06933258697120895, 0.060108690076489044, 0.05794438655432666]",,,,,
sub-10,V8,IP0,train,sub-09,linear_predictivity,96,198,0.07254025000729018,,"[316.2277660168379, 316.2277660168379, 316.2277660168379, 1000.0, 1000.0]",0.14538802817689458,0.9756897332671969,0.8543471242965064,0.9224621378584665
sub-10,V8,IP0,test,sub-09,linear_predictivity,96,198,0.1908204403508648,"[0.199441453311989, 0.20859673773730097, 0.19075018751240605, 0.17041895206095165, 0.18489487113167624]",,,,,
sub-10,V8,IP1,train,sub-09,linear_predictivity,96,114,0.007450836928925422,,"[1000.0, 3162.277660168379, 3162.277660168379, 3162.277660168379, 1000.0]",0.050845463348754213,1.013201349098697,0.9486870937190559,0.9861079476962139
sub-10,V8,IP1,test,sub-09,linear_predictivity,96,114,0.03588111502192316,"[0.03874411210197993, 0.03247287138232849, 0.030178136829292983, 0.029546529014858994, 0.0484639257811554]",,,,,
sub-10,V8,MIP,train,sub-09,linear_predictivity,96,280,0.048777727783268714,,"[1000.0, 1000.0, 1000.0, 1000.0, 1000.0]",0.10075569571205176,0.9916215065061312,0.8989658021993296,0.9469102455011088
sub-10,V8,MIP,test,sub-09,linear_predictivity,96,280,0.18038457150884776,"[0.17185413135802163, 0.19748328148738262, 0.17672411469823127, 0.17748947670960932, 0.1783718532909941]",,,,,
sub-10,V8,VIP,train,sub-09,linear_predictivity,96,180,0.03733950072860559,,"[1000.0, 1000.0, 1000.0, 1000.0, 1000.0]",0.08982843087849007,0.9973053404134727,0.9098988827762389,0.9581676735963714
sub-10,V8,VIP,test,sub-09,linear_predictivity,96,180,0.1149774479411293,"[0.11113707823873034, 0.1347547558768819, 0.11409932479229765, 0.11770984720883312, 0.09718623358890341]",,,,,
sub-10,V8,LIPd,train,sub-09,linear_predictivity,96,69,0.004423147687158733,,"[1000.0, 1000.0, 1000.0, 1000.0, 1000.0]",0.06399027924237392,1.0115258250644616,0.9355653621875426,0.9879554631618828
sub-10,V8,LIPd,test,sub-09,linear_predictivity,96,69,0.0451002950842093,"[0.0485887599653479, 0.05168049356159672, 0.04186363914069116, 0.03309211259657777, 0.05027647015683294]",,,,,
sub-10,V8,LIPv,train,sub-09,linear_predictivity,96,239,0.014847552799191548,,"[1000.0, 1000.0, 1000.0, 1000.0, 1000.0]",0.07090759166091065,1.0080966977660055,0.9288165574755514,0.9805551131749951
sub-10,V8,LIPv,test,sub-09,linear_predictivity,96,239,0.08260055865268102,"[0.08658681963463641, 0.09209547352354852, 0.08267442036141466, 0.07286510136803305, 0.07878097837577248]",,,,,
sub-10,V8,AIP,train,sub-09,linear_predictivity,96,275,0.007254522741067082,,"[1000.0, 1000.0, 3162.277660168379, 1000.0, 1000.0]",0.05520885098106454,1.0147242880315726,0.944561475736321,0.9887771113255364
sub-10,V8,AIP,test,sub-09,linear_predictivity,96,275,0.03610248107020149,"[0.03845918224191443, 0.039422281051283856, 0.02199988258358612, 0.04171871785334292, 0.038912341620880114]",,,,,
sub-10,V8,7Pm,train,sub-09,linear_predictivity,96,17,0.001291945117882927,,"[10000.0, 10000.0, 10000.0, 10000.0, 10000.0]",0.016402495534484637,1.024926635321617,0.9833992353573351,0.9954647767806509
sub-10,V8,7Pm,test,sub-09,linear_predictivity,96,17,0.01160286585408396,"[0.0033493984872756287, 0.015008985693343994, 0.01334983819504879, 0.008727974396552027, 0.017578132498199363]",,,,,
sub-10,V8,7PL,train,sub-09,linear_predictivity,96,133,0.0593610311709217,,"[1000.0, 1000.0, 1000.0, 1000.0, 1000.0]",0.10936845098943142,0.9866362735621255,0.8903745480267984,0.9364047337746865
sub-10,V8,7PL,test,sub-09,linear_predictivity,96,133,0.2151418432757318,"[0.20186556197067132, 0.23198465331874818, 0.21637247134992083, 0.21413998151893135, 0.21134654822038743]",,,,,
sub-10,V8,7PC,train,sub-09,linear_predictivity,96,315,0.016401197287431737,,"[1000.0, 1000.0, 1000.0, 1000.0, 1000.0]",0.0689998231092653,1.0095986842218767,0.93072213686685,0.9789644908906068
sub-10,V8,7PC,test,sub-09,linear_predictivity,96,315,0.04343021321692983,"[0.04046148473197059, 0.05038516349169977, 0.04516523580231867, 0.04622256105633475, 0.03491662100232537]",,,,,
sub-10,V8,7Am,train,sub-09,linear_predictivity,96,228,0.019636698431549714,,"[1000.0, 1000.0, 1000.0, 1000.0, 3162.277660168379]",0.06653567267385704,1.0085188906337783,0.9332834077359247,0.9769911780774461
sub-10,V8,7Am,test,sub-09,linear_predictivity,96,228,0.09169217586478781,"[0.0969918908276202, 0.10233457038247326, 0.09692180765392172, 0.0943197775175939, 0.06789283294233]",,,,,
sub-10,V8,7AL,train,sub-09,linear_predictivity,96,178,0.0015291040189020775,,"[3162.277660168379, 3162.277660168379, 3162.277660168379, 3162.277660168379, 3162.277660168379]",0.028655375788090624,1.019649839528455,0.9711626757032024,0.9955005091854439
sub-10,V8,7AL,test,sub-09,linear_predictivity,96,178,-0.004809734415670887,"[-0.0013079807660754366, -0.005273216553029786, -0.004020899287747494, -0.001110428319507666, -0.01233614715199405]",,,,,
sub-10,V8,VVC,train,sub-09,linear_predictivity,96,151,0.05242923684201273,,"[1000.0, 1000.0, 1000.0, 1000.0, 1000.0]",0.1013056630219368,0.990601940509497,0.898478731390884,0.9441105303430568
sub-10,V8,VVC,test,sub-09,linear_predictivity,96,151,0.16831962554619667,"[0.17001980207818543, 0.17655019273610503, 0.15888816108900589, 0.1601819412482867, 0.17595803057940032]",,,,,
sub-10,V8,VMV2,train,sub-09,linear_predictivity,96,119,0.11570449543578758,,"[316.2277660168379, 316.2277660168379, 316.2277660168379, 1000.0, 316.2277660168379]",0.19077145572981966,0.9559603632482071,0.8089542352455691,0.8802411637562303
sub-10,V8,VMV2,test,sub-09,linear_predictivity,96,119,0.2871921482995553,"[0.29126542359701, 0.2998778089402753, 0.2847994174685848, 0.2651304899336727, 0.29488760155823335]",,,,,
sub-10,V8,VMV3,train,sub-09,linear_predictivity,96,109,0.07596200911918191,,"[1000.0, 1000.0, 1000.0, 1000.0, 316.2277660168379]",0.13833057861650405,0.9707719236125183,0.8613334117369374,0.9192279770255671
sub-10,V8,VMV3,test,sub-09,linear_predictivity,96,109,0.21703760053363527,"[0.2213335332919731, 0.2224916660074269, 0.20157632486444182, 0.20615521809282691, 0.2336312604115077]",,,,,
sub-10,V8,VMV1,train,sub-09,linear_predictivity,96,96,0.07564051099272977,,"[1000.0, 1000.0, 1000.0, 1000.0, 1000.0]",0.12504870575283505,0.9795305351241922,0.8746993930769174,0.9203405718170277
sub-10,V8,VMV1,test,sub-09,linear_predictivity,96,96,0.20142371435752246,"[0.2007485372611301, 0.20777118026483402, 0.20010282559274847, 0.19511506862784986, 0.20338096004104989]",,,,,
sub-10,V8,PHA2,train,sub-09,linear_predictivity,96,17,0.030527643678145925,,"[1000.0, 1000.0, 1000.0, 1000.0, 1000.0]",0.0791308968762293,1.0036939855685878,0.9207563272533934,0.9676238665914271
sub-10,V8,PHA2,test,sub-09,linear_predictivity,96,17,0.1440327253933696,"[0.13876962706684356, 0.15063069763365097, 0.13999107545325634, 0.14663530607843167, 0.14413692073466527]",,,,,
sub-10,V8,PHA3,train,sub-09,linear_predictivity,96,104,0.06492104974154347,,"[1000.0, 1000.0, 1000.0, 1000.0, 1000.0]",0.11248188568787228,0.9848166785987917,0.8873433861351228,0.9323280544086362
sub-10,V8,PHA3,test,sub-09,linear_predictivity,96,104,0.20354627403099856,"[0.20425387638454687, 0.20514794076587536, 0.20064009392940685, 0.2000679772860159, 0.20762148178914794]",,,,,
sub-10,V8,PH,train,sub-09,linear_predictivity,96,258,0.06195987106596319,,"[1000.0, 1000.0, 1000.0, 1000.0, 1000.0]",0.11175075168651116,0.9847297580764645,0.888005970276366,0.9341909908541641
sub-10,V8,PH,test,sub-09,linear_predictivity,96,258,0.138241895086479,"[0.1442512361018181, 0.1401279131350041, 0.12723577899181218, 0.1421794068701474, 0.13741514033361324]",,,,,
sub-10,FFC,V1,train,sub-09,linear_predictivity,244,641,0.014941692036320536,,"[3162.277660168379, 3162.277660168379, 3162.277660168379, 3162.277660168379, 3162.277660168379]",0.08175802258781169,1.0597874019643894,0.9180384897749351,0.9816360344527562
sub-10,FFC,V1,test,sub-09,linear_predictivity,244,641,0.012516634022040868,"[0.007978444132063858, 0.015322883732921759, 0.014199944061876189, 0.015392311069736235, 0.009689587113606301]",,,,,
sub-10,FFC,V2,train,sub-09,linear_predictivity,244,754,0.029559435628833303,,"[3162.277660168379, 3162.277660168379, 3162.277660168379, 3162.277660168379, 3162.277660168379]",0.09744291768517274,1.045110794171297,0.9023141398837848,0.9662819473246564
sub-10,FFC,V2,test,sub-09,linear_predictivity,244,754,0.01094574792286307,"[0.0030612479026122406, 0.009827989071079742, 0.017819232622150342, 0.014723779771351966, 0.009296490247121054]",,,,,
sub-10,FFC,V3,train,sub-09,linear_predictivity,244,575,0.02668305348693661,,"[3162.277660168379, 3162.277660168379, 3162.277660168379, 3162.277660168379, 3162.277660168379]",0.09414784537617325,1.0450414887056894,0.9056341389088667,0.9696077822292312
sub-10,FFC,V3,test,sub-09,linear_predictivity,244,575,0.020141263437033808,"[0.012281069180097649, 0.02064374525577817, 0.026167673187130158, 0.02306987095893394, 0.018543958603229126]",,,,,
sub-10,FFC,V4,train,sub-09,linear_predictivity,244,616,0.03822937389597716,,"[3162.277660168379, 3162.277660168379, 3162.277660168379, 3162.277660168379, 3162.277660168379]",0.10397103070319424,1.0373283782806857,0.8958114046425422,0.9583777175529594
sub-10,FFC,V4,test,sub-09,linear_predictivity,244,616,0.07103484901319922,"[0.06595869939357377, 0.07484220140017533, 0.07554513752614944, 0.07236356290500043, 0.06646464384109711]",,,,,
sub-10,FFC,V3A,train,sub-09,linear_predictivity,244,270,0.020409564556961766,,"[3162.277660168379, 3162.277660168379, 3162.277660168379, 3162.277660168379, 3162.277660168379]",0.08938671238679782,1.0484438327113386,0.9103182017639874,0.9743227633274454
sub-10,FFC,V3A,test,sub-09,linear_predictivity,244,270,-0.0010233416251117266,"[-0.013073217620041272, -0.006853153445405157, 0.005815978405924592, 0.0014560009702869188, 0.0075376835636762835]",,,,,
sub-10,FFC,V3B,train,sub-09,linear_predictivity,244,148,0.06518065471962257,,"[3162.277660168379, 3162.277660168379, 3162.277660168379, 3162.277660168379, 3162.277660168379]",0.13049538772900662,1.0214674696620432,0.8692384005103394,0.930812537662667
sub-10,FFC,V3B,test,sub-09,linear_predictivity,244,148,0.1871948333855034,"[0.18551655316574023, 0.19126646992021226, 0.1827195542471187, 0.17757579749865582, 0.19889579209578997]",,,,,
sub-10,FFC,V6,train,sub-09,linear_predictivity,244,104,0.034701062652343906,,"[3162.277660168379, 3162.277660168379, 3162.277660168379, 3162.277660168379, 3162.277660168379]",0.1019658941457032,1.0423419003957561,0.8977659688807031,0.9606000219705703
sub-10,FFC,V6,test,sub-09,linear_predictivity,244,104,0.01997907641088962,"[0.017522385168774284, 0.014385630116134194, 0.02357246133276035, 0.01492595319148546, 0.029488952245293798]",,,,,
sub-10,FFC,V6A,train,sub-09,linear_predictivity,244,85,0.04834125284553256,,"[3162.277660168379, 3162.277660168379, 3162.277660168379, 3162.277660168379, 3162.277660168379]",0.11549152375391095,1.0316428935076976,0.8842480510943982,0.9476909589333686
sub-10,FFC,V6A,test,sub-09,linear_predictivity,244,85,0.12045444261384579,"[0.11816091155157342, 0.12781161915658412, 0.11687119205446166, 0.11095276827796216, 0.12847572202864752]",,,,,
sub-10,FFC,V7,train,sub-09,linear_predictivity,244,87,0.0428483368233302,,"[3162.277660168379, 3162.277660168379, 3162.277660168379, 3162.277660168379, 3162.277660168379]",0.11450550084689222,1.0337917060376718,0.8852307138112184,0.9530329877544036
sub-10,FFC,V7,test,sub-09,linear_predictivity,244,87,0.08062731994053779,"[0.07778818885537024, 0.09097097356780207, 0.07504213661023078, 0.07030557191475743, 0.08902972875452841]",,,,,
sub-10,FFC,V8,train,sub-09,linear_predictivity,244,101,0.03689779367645943,,"[3162.277660168379, 3162.277660168379, 3162.277660168379, 3162.277660168379, 3162.277660168379]",0.10521190822612733,1.0409166210753886,0.8945295629446827,0.9589179413529323
sub-10,FFC,V8,test,sub-09,linear_predictivity,244,101,0.10571702993094467,"[0.1041137414205696, 0.10093316106197327, 0.10987106994207885, 0.10414348616092278, 0.10952369106917892]",,,,,
sub-10,FFC,FFC,train,sub-09,linear_predictivity,244,263,0.17200350290090458,,"[3162.277660168379, 1000.0, 3162.277660168379, 3162.277660168379, 3162.277660168379]",0.23997893444900203,0.9555717841696522,0.7599087147841278,0.8243373682763767
sub-10,FFC,FFC,test,sub-09,linear_predictivity,244,263,0.41340945557897457,"[0.40852511807251285, 0.4249126678519993, 0.40999769630690414, 0.4132881796429188, 0.41032361602053813]",,,,,
sub-10,FFC,PIT,train,sub-09,linear_predictivity,244,123,0.18430524450808225,,"[1000.0, 1000.0, 1000.0, 1000.0, 1000.0]",0.29007137937788674,0.9450571591289076,0.7097100498087058,0.8119038894558998
sub-10,FFC,PIT,test,sub-09,linear_predictivity,244,123,0.40012405400491885,"[0.39524208119719384, 0.3959354325789643, 0.4025476123264939, 0.40902896299867103, 0.3978661809232713]",,,,,
sub-10,FFC,IPS1,train,sub-09,linear_predictivity,244,243,0.07622387248378684,,"[1000.0, 1000.0, 3162.277660168379, 3162.277660168379, 3162.277660168379]",0.16576688336522566,1.0148750057335003,0.833947772289078,0.920154550464632
sub-10,FFC,IPS1,test,sub-09,linear_predictivity,244,243,0.17922729539962298,"[0.17925720547287116, 0.20774227399170872, 0.16735214580759347, 0.15874397514992047, 0.18304087657602108]",,,,,
sub-10,FFC,MST,train,sub-09,linear_predictivity,244,149,0.17741703624079588,,"[1000.0, 1000.0, 1000.0, 1000.0, 1000.0]",0.28697914036420735,0.9501709180579787,0.7126919991869498,0.8167001401550156
sub-10,FFC,MST,test,sub-09,linear_predictivity,244,149,0.33371471856347285,"[0.3250532248682207, 0.33838154999687164, 0.32775170267314674, 0.3342009119690412, 0.3431862033100839]",,,,,
sub-10,FFC,MT,train,sub-09,linear_predictivity,244,100,0.20331748897063462,,"[1000.0, 1000.0, 1000.0, 1000.0, 1000.0]",0.30991397630953144,0.9325716083530416,0.6897576004430884,0.7907708542516559
sub-10,FFC,MT,test,sub-09,linear_predictivity,244,100,0.42726427303782677,"[0.42149346732020837, 0.4298233143756976, 0.4121727312229791, 0.4344268665511039, 0.4384049857191449]",,,,,
sub-10,FFC,FST,train,sub-09,linear_predictivity,244,156,0.15499209096048888,,"[1000.0, 1000.0, 1000.0, 1000.0, 1000.0]",0.2615073901098973,0.9720230625681543,0.7382903449638901,0.8414078649218595
sub-10,FFC,FST,test,sub-09,linear_predictivity,244,156,0.3137906980201955,"[0.3025962373149995, 0.3116068175725836, 0.3186450845982176, 0.31243866587416586, 0.3236666847410108]",,,,,
sub-10,FFC,LO1,train,sub-09,linear_predictivity,244,79,0.06897772169068389,,"[1000.0, 1000.0, 1000.0, 3162.277660168379, 1000.0]",0.1761694481172901,1.0185085946075942,0.8239075126626606,0.9289942176131228
sub-10,FFC,LO1,test,sub-09,linear_predictivity,244,79,0.11364405499268324,"[0.11519430283809114, 0.12597923007803166, 0.1136033329208326, 0.10190211814058675, 0.11154129098587406]",,,,,
sub-10,FFC,LO2,train,sub-09,linear_predictivity,244,80,0.1637698412897492,,"[1000.0, 1000.0, 1000.0, 1000.0, 1000.0]",0.2676091132911827,0.9609394700324106,0.7322631847476748,0.8341060152553199
sub-10,FFC,LO2,test,sub-09,linear_predictivity,244,80,0.32764158034573543,"[0.31854160623600325, 0.33471861079186216, 0.3280866909196914, 0.3304388526192512, 0.3264221411618691]",,,,,
sub-10,FFC,LO3,train,sub-09,linear_predictivity,244,125,0.1397588884573798,,"[1000.0, 1000.0, 1000.0, 1000.0, 1000.0]",0.25332488643497636,0.9729813206071751,0.7463949082923774,0.8548722910489103
sub-10,FFC,LO3,test,sub-09,linear_predictivity,244,125,0.32147794027525334,"[0.32260690691672256, 0.32152865790955004, 0.31461689711699303, 0.3242455186348992, 0.3243917207981021]",,,,,
sub-10,FFC,V7,train,sub-09,linear_predictivity,244,87,0.0428483368233302,,"[3162.277660168379, 3162.277660168379, 3162.277660168379, 3162.277660168379, 3162.277660168379]",0.11450550084689222,1.0337917060376718,0.8852307138112184,0.9530329877544036
sub-10,FFC,V7,test,sub-09,linear_predictivity,244,87,0.08062731994053779,"[0.07778818885537024, 0.09097097356780207, 0.07504213661023078, 0.07030557191475743, 0.08902972875452841]",,,,,
sub-10,FFC,IP0,train,sub-09,linear_predictivity,244,198,0.08860784537973668,,"[3162.277660168379, 3162.277660168379, 3162.277660168379, 3162.277660168379, 3162.277660168379]",0.15096815902343214,1.0135839015446786,0.8487668604995926,0.9075590892896477
sub-10,FFC,IP0,test,sub-09,linear_predictivity,244,198,0.23444117112478216,"[0.2296013175886666, 0.2410841945439552, 0.22532109368203085, 0.22333125758302982, 0.2528679922262283]",,,,,
sub-10,FFC,IP1,train,sub-09,linear_predictivity,244,114,0.027742772124969745,,"[3162.277660168379, 3162.277660168379, 3162.277660168379, 3162.277660168379, 3162.277660168379]",0.09664371214700607,1.0510588114888797,0.9030288434727703,0.9664223972715057
sub-10,FFC,IP1,test,sub-09,linear_predictivity,244,114,0.09905095800620196,"[0.09898662865473351, 0.10319811312961506, 0.0848372025546211, 0.09209897539265019, 0.11613387029938996]",,,,,
sub-10,FFC,MIP,train,sub-09,linear_predictivity,244,280,0.051225909056160306,,"[3162.277660168379, 3162.277660168379, 3162.277660168379, 3162.277660168379, 3162.277660168379]",0.11753927311304879,1.0341692217486878,0.8821886000624619,0.9443817310241462
sub-10,FFC,MIP,test,sub-09,linear_predictivity,244,280,0.19306193552958417,"[0.1852270156324063, 0.20497321904358928, 0.18925257768686632, 0.18677972057078607, 0.1990771447142728]",,,,,
sub-10,FFC,VIP,train,sub-09,linear_predictivity,244,180,0.044019566974755515,,"[3162.277660168379, 3162.277660168379, 3162.277660168379, 3162.277660168379, 3162.277660168379]",0.11143972832097744,1.037178259240425,0.8882898135355989,0.9516581422415807
sub-10,FFC,VIP,test,sub-09,linear_predictivity,244,180,0.1578614660595721,"[0.15800745180923448, 0.17429995866676443, 0.14918673435942287, 0.14933454813552377, 0.15847863732691506]",,,,,
sub-10,FFC,LIPd,train,sub-09,linear_predictivity,244,69,-0.0009398782208479069,,"[10000.0, 3162.277660168379, 10000.0, 3162.277660168379, 10000.0]",0.05437447391110302,1.0665819561669179,0.9453772184832475,0.9933824789179747
sub-10,FFC,LIPd,test,sub-09,linear_predictivity,244,69,0.032707659250149373,"[0.03075154595256642, 0.049401255138459374, 0.023007448120834172, 0.025043208574909197, 0.035334838463977704]",,,,,
sub-10,FFC,LIPv,train,sub-09,linear_predictivity,244,239,0.01029736969731232,,"[3162.277660168379, 3162.277660168379, 10000.0, 3162.277660168379, 3162.277660168379]",0.07604571365914306,1.059752309628535,0.9235598092536657,0.9849731634450949
sub-10,FFC,LIPv,test,sub-09,linear_predictivity,244,239,0.06526512634215748,"[0.07250901849706191, 0.07365001912703753, 0.038699066353344275, 0.063946389762917, 0.07752113797042667]",,,,,
sub-10,FFC,AIP,train,sub-09,linear_predictivity,244,275,0.03358491991947048,,"[3162.277660168379, 3162.277660168379, 3162.277660168379, 3162.277660168379, 3162.277660168379]",0.09888155508153709,1.048133605212443,0.9008744773623543,0.9622856098086909
sub-10,FFC,AIP,test,sub-09,linear_predictivity,244,275,0.08218888161209799,"[0.08063348862060887, 0.07876866154717886, 0.08276638133357728, 0.0819685423354718, 0.0868073342236531]",,,,,
sub-10,FFC,7Pm,train,sub-09,linear_predictivity,244,17,0.006141413618148052,,"[10000.0, 10000.0, 10000.0, 10000.0, 10000.0]",0.038834305343131044,1.0714133665146472,0.9609572196534657,0.9906630489999957
sub-10,FFC,7Pm,test,sub-09,linear_predictivity,244,17,0.044605066086062316,"[0.04639321227107855, 0.03221730176197922, 0.045826541441275605, 0.048457924288048806, 0.050130350667929424]",,,,,
sub-10,FFC,7PL,train,sub-09,linear_predictivity,244,133,0.0572859262885361,,"[3162.277660168379, 3162.277660168379, 3162.277660168379, 3162.277660168379, 3162.277660168379]",0.11910845209163719,1.033676913064904,0.8806382226664653,0.9387528962953475
sub-10,FFC,7PL,test,sub-09,linear_predictivity,244,133,0.23225761197568734,"[0.22922298433970387, 0.23748030910354498, 0.22343042186894863, 0.23742864751110926, 0.23372569705512994]",,,,,
sub-10,FFC,7PC,train,sub-09,linear_predictivity,244,315,0.05095695526306264,,"[3162.277660168379, 3162.277660168379, 3162.277660168379, 3162.277660168379, 3162.277660168379]",0.11663544459218858,1.0339225529815903,0.8831100134725208,0.944842315220613
sub-10,FFC,7PC,test,sub-09,linear_predictivity,244,315,0.12620480821219562,"[0.11829509474247975, 0.13085169947093145, 0.12749722965103166, 0.12259595579179271, 0.13178406140474255]",,,,,
sub-10,FFC,7Am,train,sub-09,linear_predictivity,244,228,0.03779808805827035,,"[3162.277660168379, 3162.277660168379, 3162.277660168379, 3162.277660168379, 3162.277660168379]",0.10195319803712632,1.0442066675401425,0.8978260547061154,0.9585577779660547
sub-10,FFC,7Am,test,sub-09,linear_predictivity,244,228,0.14462389115300073,"[0.14553293221514552, 0.14344406188430697, 0.13923152922904217, 0.14819725034799672, 0.1467136820885123]",,,,,
sub-10,FFC,7AL,train,sub-09,linear_predictivity,244,178,0.028590532276085108,,"[3162.277660168379, 3162.277660168379, 3162.277660168379, 3162.277660168379, 3162.277660168379]",0.09152808363870857,1.0515731554069285,0.9082879589547634,0.9682761710640996
sub-10,FFC,7AL,test,sub-09,linear_predictivity,244,178,0.09300625420598259,"[0.09679277231601319, 0.09417989743497557, 0.08097666805516582, 0.09805373676687369, 0.09502819645688462]",,,,,
sub-10,FFC,VVC,train,sub-09,linear_predictivity,244,151,0.05801335482946006,,"[3162.277660168379, 3162.277660168379, 3162.277660168379, 3162.277660168379, 3162.277660168379]",0.12067726715380285,1.0338957850001556,0.8791134654346807,0.938537702366748
sub-10,FFC,VVC,test,sub-09,linear_predictivity,244,151,0.1947145290430099,"[0.19618806398224886, 0.19244901056628944, 0.19195514898686916, 0.19035242483829404, 0.2026279968413479]",,,,,
sub-10,FFC,VMV2,train,sub-09,linear_predictivity,244,119,0.09515629664736162,,"[3162.277660168379, 3162.277660168379, 1000.0, 3162.277660168379, 3162.277660168379]",0.16688643508210044,1.005607010996555,0.8329377790858057,0.9019262551267271
sub-10,FFC,VMV2,test,sub-09,linear_predictivity,244,119,0.25773580812117663,"[0.25626213946104304, 0.25575414775295396, 0.27135518153437355, 0.251597879057976, 0.25370969279953653]",,,,,
sub-10,FFC,VMV3,train,sub-09,linear_predictivity,244,109,0.060700319341257816,,"[3162.277660168379, 3162.277660168379, 3162.277660168379, 3162.277660168379, 3162.277660168379]",0.12512431491268164,1.0273234196883894,0.8746408120157568,0.9354824753582086
sub-10,FFC,VMV3,test,sub-09,linear_predictivity,244,109,0.16416346386042888,"[0.16876750321147257, 0.16136834537293535, 0.16568723887649908, 0.16352943037813297, 0.16146480146310455]",,,,,
sub-10,FFC,VMV1,train,sub-09,linear_predictivity,244,96,0.08345373013449343,,"[3162.277660168379, 3162.277660168379, 3162.277660168379, 3162.277660168379, 3162.277660168379]",0.14323734828944296,1.0154559558601584,0.8565826628169683,0.9134086650452863
sub-10,FFC,VMV1,test,sub-09,linear_predictivity,244,96,0.21371265662707079,"[0.21153831770439213, 0.21273858138288837, 0.2148409939012932, 0.21077111859520495, 0.21867427155157546]",,,,,
sub-10,FFC,PHA2,train,sub-09,linear_predictivity,244,17,0.030843948242680046,,"[3162.277660168379, 3162.277660168379, 3162.277660168379, 3162.277660168379, 3162.277660168379]",0.0899430910458332,1.0554229752704205,0.9099535306664823,0.9675295629978408
sub-10,FFC,PHA2,test,sub-09,linear_predictivity,244,17,0.13812875063694455,"[0.1285750379907971, 0.13634621836983224, 0.1469907690160666, 0.13723269747774425, 0.14149903033028255]",,,,,
sub-10,FFC,PHA3,train,sub-09,linear_predictivity,244,104,0.06286846937559354,,"[3162.277660168379, 3162.277660168379, 3162.277660168379, 3162.277660168379, 3162.277660168379]",0.1223021208039334,1.0298959819936127,0.8775559321232873,0.9347259628504961
sub-10,FFC,PHA3,test,sub-09,linear_predictivity,244,104,0.21805673107887508,"[0.21423376055163773, 0.21777982417735084, 0.21813460771230275, 0.21734317974283782, 0.22279228321024633]",,,,,
sub-10,FFC,PH,train,sub-09,linear_predictivity,244,258,0.12697176307656707,,"[3162.277660168379, 3162.277660168379, 3162.277660168379, 3162.277660168379, 3162.277660168379]",0.1863848816506398,0.9886316692591622,0.8133810076904451,0.8691942793489311
sub-10,FFC,PH,test,sub-09,linear_predictivity,244,258,0.2622331889581059,"[0.26371045944944954, 0.26373009144401716, 0.25883579257818334, 0.25802488640648547, 0.26686471491239383]",,,,,
sub-10,PIT,V1,train,sub-09,linear_predictivity,100,641,0.020247279888282874,,"[1000.0, 1000.0, 1000.0, 1000.0, 1000.0]",0.07782068201873853,1.008377775308838,0.921969526333509,0.9761997449282861
sub-10,PIT,V1,test,sub-09,linear_predictivity,100,641,0.038951529766737346,"[0.039485170632175444, 0.039211873263181776, 0.042325021412590494, 0.03929988114330859, 0.03443570238243043]",,,,,
sub-10,PIT,V2,train,sub-09,linear_predictivity,100,754,0.027602198745747212,,"[1000.0, 1000.0, 1000.0, 1000.0, 1000.0]",0.08760321191887685,1.0025130217491287,0.9121614036506867,0.9682798939525282
sub-10,PIT,V2,test,sub-09,linear_predictivity,100,754,0.028524907646599967,"[0.02396220940177298, 0.028615509300406534, 0.035045035169618446, 0.029766066710501873, 0.025235717650700006]",,,,,
sub-10,PIT,V3,train,sub-09,linear_predictivity,100,575,0.02929303715841146,,"[1000.0, 1000.0, 1000.0, 1000.0, 1000.0]",0.08747717176355448,1.0024907012589341,0.9123053455247397,0.9669733257586228
sub-10,PIT,V3,test,sub-09,linear_predictivity,100,575,0.04728801628537126,"[0.04199129454550509, 0.04847322328412314, 0.0509933796096659, 0.04895749975515507, 0.0460246842324071]",,,,,
sub-10,PIT,V4,train,sub-09,linear_predictivity,100,616,0.0425612761988065,,"[1000.0, 1000.0, 1000.0, 1000.0, 1000.0]",0.09899118112039744,0.9949260008354155,0.9008122723229961,0.9542031317564449
sub-10,PIT,V4,test,sub-09,linear_predictivity,100,616,0.09254535841766301,"[0.08966342892184409, 0.0969092985496127, 0.0964008211688604, 0.09508052921083723, 0.0846727142371606]",,,,,
sub-10,PIT,V3A,train,sub-09,linear_predictivity,100,270,0.011652726604989151,,"[1000.0, 1000.0, 1000.0, 1000.0, 1000.0]",0.07303115995686196,1.012121267233628,0.9266730189345701,0.9829624619393593
sub-10,PIT,V3A,test,sub-09,linear_predictivity,100,270,0.0023286865804482545,"[-0.013531652621638132, -0.001182748201933482, 0.01357518040110797, -0.0011130204866015212, 0.013895673811306436]",,,,,
sub-10,PIT,V3B,train,sub-09,linear_predictivity,100,148,0.051106475742340216,,"[1000.0, 1000.0, 1000.0, 1000.0, 1000.0]",0.10784065300223818,0.9923091879427218,0.8918817756034055,0.9446352813356598
sub-10,PIT,V3B,test,sub-09,linear_predictivity,100,148,0.15833081863208592,"[0.15751943242745256, 0.15578244263868934, 0.1511115595089982, 0.15481694744219276, 0.17242371114309676]",,,,,
sub-10,PIT,V6,train,sub-09,linear_predictivity,100,104,0.022802994316136194,,"[1000.0, 3162.277660168379, 1000.0, 1000.0, 1000.0]",0.07604746056500072,1.0071334172430906,0.9238197083571984,0.9728908362503459
sub-10,PIT,V6,test,sub-09,linear_predictivity,100,104,0.008273153194234112,"[-0.001371144055590141, 0.012500144609525811, 0.01115258898018415, 0.0022215836026815714, 0.01686259283436917]",,,,,
sub-10,PIT,V6A,train,sub-09,linear_predictivity,100,85,0.03219236666610448,,"[1000.0, 1000.0, 1000.0, 1000.0, 1000.0]",0.08872204470409004,1.0011720174894245,0.911025681560743,0.9634674755288432
sub-10,PIT,V6A,test,sub-09,linear_predictivity,100,85,0.09267650589234304,"[0.08893635120994234, 0.09870357464598552, 0.08611798738472629, 0.08406826597696515, 0.10555635024409596]",,,,,
sub-10,PIT,V7,train,sub-09,linear_predictivity,100,87,0.04222434541704114,,"[1000.0, 1000.0, 1000.0, 1000.0, 1000.0]",0.09984722034184627,0.9945250125180145,0.8998513644167675,0.9529452533586966
sub-10,PIT,V7,test,sub-09,linear_predictivity,100,87,0.088674436434683,"[0.08764819877542245, 0.1025093987879136, 0.07848843056461129, 0.0775992865823826, 0.09712686746308503]",,,,,
sub-10,PIT,V8,train,sub-09,linear_predictivity,100,101,0.031148407696280855,,"[1000.0, 1000.0, 1000.0, 1000.0, 1000.0]",0.09145221469894214,1.0011888898737737,0.9082733446876929,0.9643218997311797
sub-10,PIT,V8,test,sub-09,linear_predictivity,100,101,0.10421359074951578,"[0.09624811518609923, 0.10916795830255914, 0.10648232087304464, 0.10652282136013735, 0.1026467380257385]",,,,,
sub-10,PIT,FFC,train,sub-09,linear_predictivity,100,263,0.12399039938012046,,"[1000.0, 316.2277660168379, 316.2277660168379, 316.2277660168379, 316.2277660168379]",0.20478783920053334,0.9469004208550285,0.79499629866488,0.8716372609771639
sub-10,PIT,FFC,test,sub-09,linear_predictivity,100,263,0.3540088916585375,"[0.33869697946932203, 0.35415033281335423, 0.3547377465023639, 0.36652298652680165, 0.3559364129808458]",,,,,
sub-10,PIT,PIT,train,sub-09,linear_predictivity,100,123,0.17404796237471892,,"[1000.0, 316.2277660168379, 1000.0, 316.2277660168379, 316.2277660168379]",0.2448200388219785,0.921673113440445,0.754906241337562,0.8221102704953186
sub-10,PIT,PIT,test,sub-09,linear_predictivity,100,123,0.40589792337135505,"[0.3877377086427606, 0.41806244771752576, 0.3880466219451436, 0.43028665739640787, 0.40535618115493754]",,,,,
sub-10,PIT,IPS1,train,sub-09,linear_predictivity,100,243,0.06275181726330506,,"[1000.0, 1000.0, 1000.0, 1000.0, 1000.0]",0.1158455261788047,0.9873483574839039,0.8838996604985312,0.933417101740426
sub-10,PIT,IPS1,test,sub-09,linear_predictivity,100,243,0.16093644066433313,"[0.1561335801021241, 0.1672404924702601, 0.15294953778009399, 0.15315829377811802, 0.17520029919106947]",,,,,
sub-10,PIT,MST,train,sub-09,linear_predictivity,100,149,0.1408924322708243,,"[316.2277660168379, 316.2277660168379, 316.2277660168379, 316.2277660168379, 316.2277660168379]",0.22310993234045498,0.9410730066356496,0.7765151521304341,0.8528745263843893
sub-10,PIT,MST,test,sub-09,linear_predictivity,100,149,0.2435221238092581,"[0.24184977232560836, 0.2487849155384271, 0.2308095182512764, 0.2351357633901222, 0.26103064954085636]",,,,,
sub-10,PIT,MT,train,sub-09,linear_predictivity,100,100,0.15091701591388304,,"[316.2277660168379, 316.2277660168379, 316.2277660168379, 100.0, 100.0]",0.2572978218569647,0.9286450297744627,0.7420969769781309,0.84272471509833
sub-10,PIT,MT,test,sub-09,linear_predictivity,100,100,0.31235126100049765,"[0.30627674746607897, 0.31178580529105465, 0.2885700070524631, 0.3133186260914356, 0.34180511910145595]",,,,,
sub-10,PIT,FST,train,sub-09,linear_predictivity,100,156,0.1017714318091374,,"[1000.0, 316.2277660168379, 316.2277660168379, 1000.0, 316.2277660168379]",0.17579024332838897,0.9638050651339386,0.8239821662164651,0.8945388540070895
sub-10,PIT,FST,test,sub-09,linear_predictivity,100,156,0.25688604281100436,"[0.2358988359174213, 0.2717230132213004, 0.2613174717876177, 0.23412445314914165, 0.2813664399795406]",,,,,
sub-10,PIT,LO1,train,sub-09,linear_predictivity,100,79,0.06749753200946595,,"[1000.0, 1000.0, 1000.0, 1000.0, 1000.0]",0.11607299597900951,0.9837422033422178,0.8837974533199331,0.9302881000780344
sub-10,PIT,LO1,test,sub-09,linear_predictivity,100,79,0.09135408112882755,"[0.08763504851815514, 0.09854533203161114, 0.08995235959232509, 0.09273673039997894, 0.08790093510206745]",,,,,
sub-10,PIT,LO2,train,sub-09,linear_predictivity,100,80,0.15626896501858184,,"[1000.0, 1000.0, 1000.0, 316.2277660168379, 316.2277660168379]",0.217712909779111,0.9334271730252816,0.7820939774859081,0.8412940421107695
sub-10,PIT,LO2,test,sub-09,linear_predictivity,100,80,0.3395965487817981,"[0.32809408731168177, 0.3435241755656867, 0.32749378433806553, 0.3559059960856369, 0.34296470060791967]",,,,,
sub-10,PIT,LO3,train,sub-09,linear_predictivity,100,125,0.10337444918892147,,"[316.2277660168379, 316.2277660168379, 316.2277660168379, 316.2277660168379, 316.2277660168379]",0.19149904532603837,0.9580002555956174,0.8081862413534211,0.8911226348340421
sub-10,PIT,LO3,test,sub-09,linear_predictivity,100,125,0.22925993997538327,"[0.23397784598167667, 0.23773219740608806, 0.2124942059173406, 0.22935500110988158, 0.2327404494619295]",,,,,
sub-10,PIT,V7,train,sub-09,linear_predictivity,100,87,0.04222434541704114,,"[1000.0, 1000.0, 1000.0, 1000.0, 1000.0]",0.09984722034184627,0.9945250125180145,0.8998513644167675,0.9529452533586966
sub-10,PIT,V7,test,sub-09,linear_predictivity,100,87,0.088674436434683,"[0.08764819877542245, 0.1025093987879136, 0.07848843056461129, 0.0775992865823826, 0.09712686746308503]",,,,,
sub-10,PIT,IP0,train,sub-09,linear_predictivity,100,198,0.06725277003846226,,"[1000.0, 1000.0, 1000.0, 1000.0, 1000.0]",0.12172676013096902,0.9849370383178861,0.877995883144046,0.9288534882897643
sub-10,PIT,IP0,test,sub-09,linear_predictivity,100,198,0.17604056146316355,"[0.17569039685691873, 0.17589182813011128, 0.1620934187115278, 0.1727916203089911, 0.19373554330826875]",,,,,
sub-10,PIT,IP1,train,sub-09,linear_predictivity,100,114,0.012899460488906616,,"[3162.277660168379, 1000.0, 1000.0, 1000.0, 1000.0]",0.06797680533634923,1.0116808524533139,0.9316220569771725,0.9811393432949709
sub-10,PIT,IP1,test,sub-09,linear_predictivity,100,114,0.06489517328879976,"[0.04541301329803457, 0.07153576367167071, 0.054716394834108624, 0.07167444124333022, 0.08113625339685472]",,,,,
sub-10,PIT,MIP,train,sub-09,linear_predictivity,100,280,0.038048742605991,,"[1000.0, 1000.0, 1000.0, 1000.0, 1000.0]",0.09281212888912123,1.0000295537715902,0.9069303040232523,0.95794811818412
sub-10,PIT,MIP,test,sub-09,linear_predictivity,100,280,0.13771068667059425,"[0.13273804103150824, 0.14064356984959653, 0.13059057347007733, 0.13882760817109036, 0.14575364083069872]",,,,,
sub-10,PIT,VIP,train,sub-09,linear_predictivity,100,180,0.03848385071654328,,"[1000.0, 1000.0, 1000.0, 1000.0, 1000.0]",0.09442721208401822,0.9984541306344281,0.9052992965736534,0.9572943070987773
sub-10,PIT,VIP,test,sub-09,linear_predictivity,100,180,0.14941194089087131,"[0.15020853818595992, 0.1604382873408413, 0.13835918785497928, 0.14382263089955766, 0.1542310601730183]",,,,,
sub-10,PIT,LIPd,train,sub-09,linear_predictivity,100,69,-0.004411373489551909,,"[3162.277660168379, 3162.277660168379, 3162.277660168379, 3162.277660168379, 3162.277660168379]",0.0353725203779951,1.0203058676910461,0.9641641250445872,0.9966593192397968
sub-10,PIT,LIPd,test,sub-09,linear_predictivity,100,69,-0.009469227203511281,"[-0.00215562704228967, -0.004693265282193378, -0.01509695592704072, -0.021822457438024925, -0.003577830328007707]",,,,,
sub-10,PIT,LIPv,train,sub-09,linear_predictivity,100,239,0.009321656778880898,,"[3162.277660168379, 3162.277660168379, 3162.277660168379, 3162.277660168379, 3162.277660168379]",0.04192652857926601,1.0146328232755528,0.9577876120708216,0.9860750493092919
sub-10,PIT,LIPv,test,sub-09,linear_predictivity,100,239,0.021541266459681557,"[0.027597286848649875, 0.018393839857963664, 0.016769572875086347, 0.01582815757799967, 0.029117475138708233]",,,,,
sub-10,PIT,AIP,train,sub-09,linear_predictivity,100,275,0.015922609331299627,,"[1000.0, 1000.0, 3162.277660168379, 3162.277660168379, 1000.0]",0.06278884026235573,1.0131506013514777,0.936906448354444,0.9799594420160196
sub-10,PIT,AIP,test,sub-09,linear_predictivity,100,275,0.07850692549785279,"[0.0893420679004062, 0.09192428832774469, 0.05919732965055547, 0.05976894110929635, 0.09230200050126118]",,,,,
sub-10,PIT,7Pm,train,sub-09,linear_predictivity,100,17,-0.0027932915514854483,,"[10000.0, 10000.0, 31622.776601683796, 31622.776601683796, 31622.776601683796]",0.012902525397625542,1.0261917335251678,0.9869352714370722,0.999526320591834
sub-10,PIT,7Pm,test,sub-09,linear_predictivity,100,17,0.005508035364347618,"[0.005213171962157367, 0.0031997304362228244, 0.0060381910849025226, 0.005400340366745578, 0.007688742971709798]",,,,,
sub-10,PIT,7PL,train,sub-09,linear_predictivity,100,133,0.03580665556698571,,"[1000.0, 1000.0, 1000.0, 1000.0, 1000.0]",0.088843395417061,1.0007217805364637,0.9109196102224205,0.9604580907065042
sub-10,PIT,7PL,test,sub-09,linear_predictivity,100,133,0.1714887422824028,"[0.16708995958880232, 0.1740649014419371, 0.16848233806627838, 0.1746799459068332, 0.1731265664081629]",,,,,
sub-10,PIT,7PC,train,sub-09,linear_predictivity,100,315,0.043364693712721905,,"[1000.0, 1000.0, 1000.0, 1000.0, 1000.0]",0.09846972685546657,0.9972200209043288,0.9012589883222353,0.9522382626576341
sub-10,PIT,7PC,test,sub-09,linear_predictivity,100,315,0.12033016523784915,"[0.12084831425876923, 0.127722978313923, 0.11356064743159845, 0.1120684089822349, 0.1274504772027201]",,,,,
sub-10,PIT,7Am,train,sub-09,linear_predictivity,100,228,0.025044602331255432,,"[1000.0, 1000.0, 1000.0, 1000.0, 1000.0]",0.0801620650998757,1.003812936771047,0.9196235839618471,0.9713876557505431
sub-10,PIT,7Am,test,sub-09,linear_predictivity,100,228,0.09056279622866834,"[0.09296121007840384, 0.09149021726918899, 0.08474406282577858, 0.09577049733243193, 0.08784799363753838]",,,,,
sub-10,PIT,7AL,train,sub-09,linear_predictivity,100,178,0.03262310058447739,,"[1000.0, 1000.0, 1000.0, 1000.0, 1000.0]",0.08625071451733499,1.0043762284622266,0.9135731334865792,0.9643030531190767
sub-10,PIT,7AL,test,sub-09,linear_predictivity,100,178,0.07664023588432892,"[0.08356243701489455, 0.07529679699559248, 0.0705590172125662, 0.07703362958843625, 0.07674929861015517]",,,,,
sub-10,PIT,VVC,train,sub-09,linear_predictivity,100,151,0.040300614701217034,,"[1000.0, 1000.0, 1000.0, 1000.0, 1000.0]",0.09612876105432851,0.998894179809138,0.9036682733437246,0.9564256599511765
sub-10,PIT,VVC,test,sub-09,linear_predictivity,100,151,0.12755011049376302,"[0.12865285954433003, 0.1269290561376371, 0.12311554866586515, 0.12388735245998318, 0.13516573566099968]",,,,,
sub-10,PIT,VMV2,train,sub-09,linear_predictivity,100,119,0.05808743502225234,,"[1000.0, 1000.0, 1000.0, 1000.0, 1000.0]",0.11191176850014757,0.9890673766033261,0.8879186371505081,0.939194244747098
sub-10,PIT,VMV2,test,sub-09,linear_predictivity,100,119,0.13708483355430834,"[0.14250379343303074, 0.131097941081766, 0.14118833320220336, 0.1289249815594564, 0.14170911849508516]",,,,,
sub-10,PIT,VMV3,train,sub-09,linear_predictivity,100,109,0.04753551138964813,,"[1000.0, 1000.0, 1000.0, 1000.0, 1000.0]",0.10424044965841886,0.9949640361684369,0.8955443687710847,0.949077516872362
sub-10,PIT,VMV3,test,sub-09,linear_predictivity,100,109,0.0831871039347558,"[0.08551858271692832, 0.07147549863334632, 0.08486302930546787, 0.0882384946204619, 0.08583991439757462]",,,,,
sub-10,PIT,VMV1,train,sub-09,linear_predictivity,100,96,0.04364230195256101,,"[1000.0, 1000.0, 1000.0, 1000.0, 1000.0]",0.09733349636590063,0.9953441866244672,0.9024652174245567,0.9529096947201878
sub-10,PIT,VMV1,test,sub-09,linear_predictivity,100,96,0.1212104237563257,"[0.1254958101432099, 0.11959146620340431, 0.12187150601205421, 0.11323223610072636, 0.12586110032223366]",,,,,
sub-10,PIT,PHA2,train,sub-09,linear_predictivity,100,17,0.01315695117166864,,"[3162.277660168379, 3162.277660168379, 3162.277660168379, 3162.277660168379, 3162.277660168379]",0.039844149173412106,1.0174471324305305,0.9600542134559251,0.9851775348766212
sub-10,PIT,PHA2,test,sub-09,linear_predictivity,100,17,0.0547807689558248,"[0.05479730960386263, 0.05546510632855165, 0.0563824332202028, 0.05029333404099407, 0.056965661585512826]",,,,,
sub-10,PIT,PHA3,train,sub-09,linear_predictivity,100,104,0.039806684841652104,,"[1000.0, 1000.0, 1000.0, 1000.0, 1000.0]",0.09158883380009991,1.0016668270455562,0.9082631274615489,0.9577349675597123
sub-10,PIT,PHA3,test,sub-09,linear_predictivity,100,104,0.10291325011388519,"[0.1056179492188439, 0.10654535858403495, 0.10169759387276923, 0.09525867118233405, 0.1054466777114438]",,,,,
sub-10,PIT,PH,train,sub-09,linear_predictivity,100,258,0.08989824923596905,,"[1000.0, 1000.0, 1000.0, 1000.0, 1000.0]",0.14289705118738888,0.9696890473960071,0.8568447716072605,0.9060723188654751
sub-10,PIT,PH,test,sub-09,linear_predictivity,100,258,0.20896262599698337,"[0.2105551954833838, 0.20940152216757754, 0.19980227345492635, 0.2131004914720924, 0.2119536474069367]",,,,,
sub-10,IPS1,V1,train,sub-09,linear_predictivity,166,641,-0.0003950082774815542,,"[10000.0, 10000.0, 3162.277660168379, 10000.0, 10000.0]",0.027666458092409855,1.0346008472637804,0.972103704079539,0.9968876043504759
sub-10,IPS1,V1,test,sub-09,linear_predictivity,166,641,-0.02572055908141351,"[-0.025791572144836176, -0.025849208674801224, -0.017492087999486743, -0.02934264838780444, -0.030127278200138944]",,,,,
sub-10,IPS1,V2,train,sub-09,linear_predictivity,166,754,0.005205032731579635,,"[3162.277660168379, 3162.277660168379, 3162.277660168379, 3162.277660168379, 3162.277660168379]",0.05222276729886459,1.0288389784362493,0.9475190150836748,0.9904395791270432
sub-10,IPS1,V2,test,sub-09,linear_predictivity,166,754,0.0020052487894372502,"[-0.00350011598340539, 0.006325881384382032, 0.010350599104644843, 0.000793052636280535, -0.00394317319471577]",,,,,
sub-10,IPS1,V3,train,sub-09,linear_predictivity,166,575,0.002709993148521299,,"[10000.0, 3162.277660168379, 3162.277660168379, 3162.277660168379, 10000.0]",0.04107817294153675,1.0304656998136654,0.9586548696433969,0.9933825031156942
sub-10,IPS1,V3,test,sub-09,linear_predictivity,166,575,-0.0036107398437149546,"[-0.011801821851029305, 0.0032286174366591433, 0.0033690717079011873, -0.00045741129981331373, -0.012392155212292486]",,,,,
sub-10,IPS1,V4,train,sub-09,linear_predictivity,166,616,0.004304329010027933,,"[3162.277660168379, 3162.277660168379, 3162.277660168379, 3162.277660168379, 3162.277660168379]",0.05155203535534351,1.0269668227405528,0.9482408230140313,0.9923373547072302
sub-10,IPS1,V4,test,sub-09,linear_predictivity,166,616,0.008021384481371132,"[0.010380468348573394, 0.01178731868323175, 0.008205802020502298, 0.007285397741835227, 0.002447935612712987]",,,,,
sub-10,IPS1,V3A,train,sub-09,linear_predictivity,166,270,0.002993419889750084,,"[3162.277660168379, 10000.0, 3162.277660168379, 10000.0, 10000.0]",0.03915393216632831,1.0276332956059786,0.9605432117330069,0.991504241267327
sub-10,IPS1,V3A,test,sub-09,linear_predictivity,166,270,-0.030966392932766113,"[-0.040274391815150745, -0.02548398241038341, -0.019718952967161984, -0.039448256725482404, -0.029906380745652012]",,,,,
sub-10,IPS1,V3B,train,sub-09,linear_predictivity,166,148,0.05790911151201747,,"[1000.0, 1000.0, 3162.277660168379, 3162.277660168379, 1000.0]",0.1279464303362105,0.9902815521249732,0.8714024214786239,0.9368473984617962
sub-10,IPS1,V3B,test,sub-09,linear_predictivity,166,148,0.19289297216041462,"[0.20669210342699942, 0.22070950849212015, 0.16495547451774514, 0.1706216662137997, 0.20148610815140863]",,,,,
sub-10,IPS1,V6,train,sub-09,linear_predictivity,166,104,0.010453170061983765,,"[3162.277660168379, 3162.277660168379, 3162.277660168379, 3162.277660168379, 3162.277660168379]",0.06078192402735445,1.025201930369573,0.9389323195726549,0.9846521061682187
sub-10,IPS1,V6,test,sub-09,linear_predictivity,166,104,0.0017283713335672335,"[-0.008184304998471113, 0.006718238769509771, 0.007364664486061734, -0.0018499658614357288, 0.004593224272171504]",,,,,
sub-10,IPS1,V6A,train,sub-09,linear_predictivity,166,85,0.026467066023794263,,"[3162.277660168379, 3162.277660168379, 3162.277660168379, 3162.277660168379, 3162.277660168379]",0.0733585399059823,1.0141140787393348,0.9263373107470217,0.9683626935247494
sub-10,IPS1,V6A,test,sub-09,linear_predictivity,166,85,0.09662853973010326,"[0.09234747310827544, 0.11114052630841545, 0.08980700530334065, 0.08499594412286263, 0.10485174980762212]",,,,,
sub-10,IPS1,V7,train,sub-09,linear_predictivity,166,87,0.03569791923526228,,"[3162.277660168379, 3162.277660168379, 3162.277660168379, 3162.277660168379, 1000.0]",0.09414506103488351,1.0074425487461718,0.9053686815608957,0.9594666022694014
sub-10,IPS1,V7,test,sub-09,linear_predictivity,166,87,0.08785507964250142,"[0.08404241751675275, 0.10734075206314113, 0.0681449479641184, 0.0813593417419872, 0.09838793892650752]",,,,,
sub-10,IPS1,V8,train,sub-09,linear_predictivity,166,101,-0.00035989609406586925,,"[10000.0, 3162.277660168379, 3162.277660168379, 10000.0, 3162.277660168379]",0.03825226852068569,1.0319252879428735,0.9614867377279912,0.9966507814942405
sub-10,IPS1,V8,test,sub-09,linear_predictivity,166,101,-0.00017877849522747718,"[-0.005128551113347639, 0.0026395835790476094, 0.010924396244344008, -0.0119898457719148, 0.0026605245857334358]",,,,,
sub-10,IPS1,FFC,train,sub-09,linear_predictivity,166,263,0.03206246555445476,,"[3162.277660168379, 3162.277660168379, 3162.277660168379, 3162.277660168379, 3162.277660168379]",0.07589371423003698,1.0142644064609567,0.9238983523232719,0.9644404588372023
sub-10,IPS1,FFC,test,sub-09,linear_predictivity,166,263,0.09994563620907473,"[0.10193757605284794, 0.09575241203957345, 0.1004534458749737, 0.10415357823159452, 0.09743116884638403]",,,,,
sub-10,IPS1,PIT,train,sub-09,linear_predictivity,166,123,0.024744996144293832,,"[3162.277660168379, 3162.277660168379, 3162.277660168379, 3162.277660168379, 3162.277660168379]",0.07129262887372004,1.01718923157618,0.9285201218556665,0.9720974721366499
sub-10,IPS1,PIT,test,sub-09,linear_predictivity,166,123,0.06324050755365637,"[0.06836276229764959, 0.05449160079598972, 0.06888063100408515, 0.06834507648718033, 0.05612246718337709]",,,,,
sub-10,IPS1,IPS1,train,sub-09,linear_predictivity,166,243,0.07718052871072964,,"[3162.277660168379, 3162.277660168379, 3162.277660168379, 3162.277660168379, 3162.277660168379]",0.11941636101605983,0.9862210090183098,0.8803495514292639,0.9191128118153303
sub-10,IPS1,IPS1,test,sub-09,linear_predictivity,166,243,0.2077796319823368,"[0.20676726260452083, 0.2280723300418022, 0.1928728086927925, 0.195289253453495, 0.21589650511907335]",,,,,
sub-10,IPS1,MST,train,sub-09,linear_predictivity,166,149,0.044046321767592565,,"[1000.0, 1000.0, 1000.0, 1000.0, 1000.0]",0.1291978731650268,0.9990619434480088,0.8705314115069351,0.9511880295682392
sub-10,IPS1,MST,test,sub-09,linear_predictivity,166,149,0.13477153891193555,"[0.1219778375659023, 0.14467579185806526, 0.12442924925568315, 0.13385256905799994, 0.14892224682202707]",,,,,
sub-10,IPS1,MT,train,sub-09,linear_predictivity,166,100,0.03673260347447619,,"[1000.0, 1000.0, 1000.0, 1000.0, 1000.0]",0.12457790227743355,1.0018372854516575,0.8752442264656608,0.9600205506596818
sub-10,IPS1,MT,test,sub-09,linear_predictivity,166,100,0.14088928297890493,"[0.12876016153773026, 0.14706214358032962, 0.13427352295158043, 0.14375148701345072, 0.15059909981143355]",,,,,
sub-10,IPS1,FST,train,sub-09,linear_predictivity,166,156,0.07202027203770048,,"[1000.0, 1000.0, 1000.0, 3162.277660168379, 1000.0]",0.137945687707218,0.9903147944944894,0.8618923877029232,0.9247845604921263
sub-10,IPS1,FST,test,sub-09,linear_predictivity,166,156,0.1940414242164111,"[0.19697148512898238, 0.20927167032768934, 0.1883051904718333, 0.17457370692371776, 0.20108506822983274]",,,,,
sub-10,IPS1,LO1,train,sub-09,linear_predictivity,166,79,0.03511832216825991,,"[3162.277660168379, 3162.277660168379, 1000.0, 3162.277660168379, 3162.277660168379]",0.08937258701339723,1.0109146782579008,0.9105117636913442,0.9629603486243103
sub-10,IPS1,LO1,test,sub-09,linear_predictivity,166,79,0.07960938340235857,"[0.07831088800506364, 0.09250858211225509, 0.07820181857472101, 0.07819120230390197, 0.07083442601585108]",,,,,
sub-10,IPS1,LO2,train,sub-09,linear_predictivity,166,80,0.02656167833036352,,"[3162.277660168379, 3162.277660168379, 3162.277660168379, 3162.277660168379, 3162.277660168379]",0.07147916442529167,1.0165123667074074,0.9283757023456143,0.9710066324151461
sub-10,IPS1,LO2,test,sub-09,linear_predictivity,166,80,0.06373922035023687,"[0.06345424043635457, 0.06728076347363918, 0.061709607787873454, 0.0673590400586257, 0.058892449994691454]",,,,,
sub-10,IPS1,LO3,train,sub-09,linear_predictivity,166,125,0.02682947170127239,,"[3162.277660168379, 1000.0, 1000.0, 1000.0, 3162.277660168379]",0.10356471585664104,1.0088737328846773,0.8962455763952791,0.9692421381464046
sub-10,IPS1,LO3,test,sub-09,linear_predictivity,166,125,0.12083058621384682,"[0.10632200818516878, 0.1387081575358376, 0.12327802335342734, 0.14020641409455034, 0.09563832790024991]",,,,,
sub-10,IPS1,V7,train,sub-09,linear_predictivity,166,87,0.03569791923526228,,"[3162.277660168379, 3162.277660168379, 3162.277660168379, 3162.277660168379, 1000.0]",0.09414506103488351,1.0074425487461718,0.9053686815608957,0.9594666022694014
sub-10,IPS1,V7,test,sub-09,linear_predictivity,166,87,0.08785507964250142,"[0.08404241751675275, 0.10734075206314113, 0.0681449479641184, 0.0813593417419872, 0.09838793892650752]",,,,,
sub-10,IPS1,IP0,train,sub-09,linear_predictivity,166,198,0.07288511767219333,,"[3162.277660168379, 3162.277660168379, 3162.277660168379, 3162.277660168379, 3162.277660168379]",0.11631757642927734,0.9893143276530141,0.8833468695626143,0.9220554608283523
sub-10,IPS1,IP0,test,sub-09,linear_predictivity,166,198,0.22114490979234117,"[0.22488997197196575, 0.23864778661957167, 0.19978199186873427, 0.20892627920206325, 0.23347851929937083]",,,,,
sub-10,IPS1,IP1,train,sub-09,linear_predictivity,166,114,0.013471126340236724,,"[10000.0, 3162.277660168379, 3162.277660168379, 10000.0, 3162.277660168379]",0.054058475222837764,1.022106527929537,0.9455032960069886,0.9802973361472358
sub-10,IPS1,IP1,test,sub-09,linear_predictivity,166,114,0.08537909894358994,"[0.08497210987679814, 0.10097051704101574, 0.08014210869540264, 0.0580545113251156, 0.10275624777961759]",,,,,
sub-10,IPS1,MIP,train,sub-09,linear_predictivity,166,280,0.049255974964611905,,"[3162.277660168379, 3162.277660168379, 3162.277660168379, 3162.277660168379, 3162.277660168379]",0.09498622466885322,1.0013399326023973,0.9046950830149836,0.9456402544299977
sub-10,IPS1,MIP,test,sub-09,linear_predictivity,166,280,0.1972423359129955,"[0.20132852343783014, 0.21467550625980467, 0.18863275134565194, 0.17732463409867197, 0.20425026442301877]",,,,,
sub-10,IPS1,VIP,train,sub-09,linear_predictivity,166,180,0.06093891198182326,,"[3162.277660168379, 3162.277660168379, 3162.277660168379, 3162.277660168379, 3162.277660168379]",0.10653723912976754,0.9946590244100115,0.8931419392964866,0.9338218490695336
sub-10,IPS1,VIP,test,sub-09,linear_predictivity,166,180,0.20419509294650987,"[0.20906551466983458, 0.2281725622891198, 0.1909756954726135, 0.18747735219456857, 0.20528434010641275]",,,,,
sub-10,IPS1,LIPd,train,sub-09,linear_predictivity,166,69,-0.005685892656791949,,"[10000.0, 10000.0, 10000.0, 10000.0, 10000.0]",0.024885530071710394,1.0334435664330581,0.9746420195210641,0.9977797434272462
sub-10,IPS1,LIPd,test,sub-09,linear_predictivity,166,69,0.0019013877143911728,"[0.01405093629762984, 0.004280811481635917, 0.001280371916888413, -0.022088160884855327, 0.011982979760657025]",,,,,
sub-10,IPS1,LIPv,train,sub-09,linear_predictivity,166,239,0.004572212702162953,,"[10000.0, 3162.277660168379, 3162.277660168379, 3162.277660168379, 3162.277660168379]",0.050694715664273825,1.0288058070407846,0.9490304839940876,0.9906569582984819
sub-10,IPS1,LIPv,test,sub-09,linear_predictivity,166,239,0.049196205767504206,"[0.04147071552737769, 0.061556144163573044, 0.043480442959879184, 0.04243194894805272, 0.057041777238638396]",,,,,
sub-10,IPS1,AIP,train,sub-09,linear_predictivity,166,275,0.02953245793761681,,"[3162.277660168379, 3162.277660168379, 3162.277660168379, 3162.277660168379, 3162.277660168379]",0.07162438734526369,1.0201814032115855,0.9281202822818269,0.966204217154765
sub-10,IPS1,AIP,test,sub-09,linear_predictivity,166,275,0.1120364951758502,"[0.11363295642265758, 0.12173580865508117, 0.1086932341743478, 0.1032641137526922, 0.11285636287447222]",,,,,
sub-10,IPS1,7Pm,train,sub-09,linear_predictivity,166,17,0.0018231496950086197,,"[10000.0, 10000.0, 10000.0, 10000.0, 10000.0]",0.02444001430979903,1.0398491556344727,0.9753784258539238,0.9950820231390438
sub-10,IPS1,7Pm,test,sub-09,linear_predictivity,166,17,0.035376156228913457,"[0.037595604848240545, 0.03866451119819394, 0.03156357025052024, 0.03206241097800572, 0.03699468386960685]",,,,,
sub-10,IPS1,7PL,train,sub-09,linear_predictivity,166,133,0.06274032444756898,,"[1000.0, 1000.0, 1000.0, 1000.0, 1000.0]",0.13918401928923332,0.9936748164490765,0.8605282827310934,0.932216930398473
sub-10,IPS1,7PL,test,sub-09,linear_predictivity,166,133,0.2507786523441383,"[0.25390828004144655, 0.2729166927479593, 0.24018129131528165, 0.23200306552416644, 0.25488393209183774]",,,,,
sub-10,IPS1,7PC,train,sub-09,linear_predictivity,166,315,0.03960829100146227,,"[3162.277660168379, 3162.277660168379, 3162.277660168379, 3162.277660168379, 3162.277660168379]",0.08376718611307224,1.0082081306079365,0.9159430175188223,0.9556059072130468
sub-10,IPS1,7PC,test,sub-09,linear_predictivity,166,315,0.12650057885646387,"[0.12299910319878292, 0.13692760642253804, 0.12485777714107141, 0.11820967932104541, 0.1295087281988816]",,,,,
sub-10,IPS1,7Am,train,sub-09,linear_predictivity,166,228,0.027912484518470445,,"[3162.277660168379, 1000.0, 3162.277660168379, 1000.0, 1000.0]",0.09576354083078129,1.013163402662187,0.9039261227496038,0.968118897677819
sub-10,IPS1,7Am,test,sub-09,linear_predictivity,166,228,0.11329726879130893,"[0.08815452342801752, 0.13497868797317678, 0.09270646924281663, 0.12366176483905034, 0.12698489847348343]",,,,,
sub-10,IPS1,7AL,train,sub-09,linear_predictivity,166,178,0.01950484974639914,,"[3162.277660168379, 3162.277660168379, 3162.277660168379, 3162.277660168379, 3162.277660168379]",0.06367672722712003,1.0188441683576819,0.9361357003475845,0.9774118341420192
sub-10,IPS1,7AL,test,sub-09,linear_predictivity,166,178,0.06189344145182239,"[0.06476888565069397, 0.06694635904989016, 0.05592593948586157, 0.06364894572630202, 0.05817707734636422]",,,,,
sub-10,IPS1,VVC,train,sub-09,linear_predictivity,166,151,0.028279739868175467,,"[3162.277660168379, 3162.277660168379, 3162.277660168379, 3162.277660168379, 3162.277660168379]",0.07200190113282515,1.0156006182488757,0.9277804378466195,0.9682021467459088
sub-10,IPS1,VVC,test,sub-09,linear_predictivity,166,151,0.11382278326468472,"[0.11989422095230862, 0.116031779097196, 0.10819747224330242, 0.10646459068968288, 0.1185258533409336]",,,,,
sub-10,IPS1,VMV2,train,sub-09,linear_predictivity,166,119,0.03120427746829215,,"[1000.0, 1000.0, 1000.0, 1000.0, 1000.0]",0.11566186681960874,1.0039091909683946,0.8841532680225196,0.9656539459994657
sub-10,IPS1,VMV2,test,sub-09,linear_predictivity,166,119,0.15107110823631148,"[0.16460210147140364, 0.14991197121689465, 0.14472527503532753, 0.1421226519311831, 0.15399354152674832]",,,,,
sub-10,IPS1,VMV3,train,sub-09,linear_predictivity,166,109,0.0244136724105053,,"[3162.277660168379, 3162.277660168379, 3162.277660168379, 3162.277660168379, 3162.277660168379]",0.06921872333865553,1.0136932645711305,0.9305181321201987,0.9711297025920308
sub-10,IPS1,VMV3,test,sub-09,linear_predictivity,166,109,0.07869084078284787,"[0.09280818156718379, 0.08108316841209169, 0.07186995085191229, 0.07249760341915909, 0.07519529966389252]",,,,,
sub-10,IPS1,VMV1,train,sub-09,linear_predictivity,166,96,0.02003892774699228,,"[1000.0, 1000.0, 1000.0, 3162.277660168379, 1000.0]",0.09682892021519024,1.0130644625811887,0.9029212196181439,0.9762175810143148
sub-10,IPS1,VMV1,test,sub-09,linear_predictivity,166,96,0.11922655280251823,"[0.1345535135056474, 0.12207824176385502, 0.11681903539322525, 0.09370596654174017, 0.12897600680812332]",,,,,
sub-10,IPS1,PHA2,train,sub-09,linear_predictivity,166,17,0.014353206508561185,,"[3162.277660168379, 3162.277660168379, 3162.277660168379, 3162.277660168379, 3162.277660168379]",0.05933957762548685,1.022714315348417,0.9405272851143597,0.9836678017803511
sub-10,IPS1,PHA2,test,sub-09,linear_predictivity,166,17,0.08563995798378347,"[0.08295199803893763, 0.08506951989836332, 0.0813554069347906, 0.0858186537554492, 0.09300421129137659]",,,,,
sub-10,IPS1,PHA3,train,sub-09,linear_predictivity,166,104,0.030852622509384815,,"[3162.277660168379, 3162.277660168379, 3162.277660168379, 3162.277660168379, 3162.277660168379]",0.07248601056282025,1.0139873955061476,0.9273746533837638,0.9667726554279698
sub-10,IPS1,PHA3,test,sub-09,linear_predictivity,166,104,0.1380485449355128,"[0.14491072311643685, 0.13864573768944025, 0.12901239583292626, 0.1345843059635852, 0.14308956207517548]",,,,,
sub-10,IPS1,PH,train,sub-09,linear_predictivity,166,258,0.0480481695091889,,"[3162.277660168379, 3162.277660168379, 3162.277660168379, 3162.277660168379, 3162.277660168379]",0.0904962177102661,1.0047454036831263,0.9092621291663852,0.9479649759533508
sub-10,IPS1,PH,test,sub-09,linear_predictivity,166,258,0.12038444186526187,"[0.12466412122244909, 0.12550648046787136, 0.11461674665163703, 0.11853038083378818, 0.11860448015056373]",,,,,
sub-10,MST,V1,train,sub-09,linear_predictivity,135,641,0.01945640179740911,,"[3162.277660168379, 3162.277660168379, 1000.0, 1000.0, 3162.277660168379]",0.05903054532755229,1.0092811825363746,0.9407319046709125,0.9772326611341494
sub-10,MST,V1,test,sub-09,linear_predictivity,135,641,0.027768911264167417,"[0.022363102114443867, 0.02649884337345434, 0.03361459171348611, 0.03492704260093931, 0.02144097651851344]",,,,,
sub-10,MST,V2,train,sub-09,linear_predictivity,135,754,0.03161625513075615,,"[1000.0, 1000.0, 1000.0, 1000.0, 1000.0]",0.08967128824079477,0.9993935396216187,0.9100791157364462,0.9640419547877626
sub-10,MST,V2,test,sub-09,linear_predictivity,135,754,0.04121716188694071,"[0.03139518132503991, 0.04492361075706133, 0.0417164950552035, 0.04501615224091303, 0.04303437005648581]",,,,,
sub-10,MST,V3,train,sub-09,linear_predictivity,135,575,0.03041371697403611,,"[1000.0, 1000.0, 1000.0, 1000.0, 1000.0]",0.08654740294577581,1.0029603198540589,0.9132264052207697,0.9656218549003901
sub-10,MST,V3,test,sub-09,linear_predictivity,135,575,0.04497723099761928,"[0.03590609483467925, 0.04651337817502612, 0.04757816064043919, 0.04822248834824086, 0.046666032989710976]",,,,,
sub-10,MST,V4,train,sub-09,linear_predictivity,135,616,0.031748443361603346,,"[1000.0, 1000.0, 1000.0, 1000.0, 1000.0]",0.08693617509962144,1.00318908149869,0.9128625045302113,0.9649580979688013
sub-10,MST,V4,test,sub-09,linear_predictivity,135,616,0.07438479409585681,"[0.06876464723747373, 0.0750362484638028, 0.07434552751250928, 0.07831933812719617, 0.07545820913830208]",,,,,
sub-10,MST,V3A,train,sub-09,linear_predictivity,135,270,0.048892153718130216,,"[1000.0, 1000.0, 1000.0, 1000.0, 1000.0]",0.10404007202097229,0.9937667928786145,0.8956216636364657,0.9452066739973054
sub-10,MST,V3A,test,sub-09,linear_predictivity,135,270,0.0763551771801816,"[0.06142429890237106, 0.08110447211699011, 0.08200502228001012, 0.0726116142002367, 0.0846304784013]",,,,,
sub-10,MST,V3B,train,sub-09,linear_predictivity,135,148,0.07374416845331108,,"[1000.0, 1000.0, 1000.0, 1000.0, 1000.0]",0.1300842192495027,0.9791993955805667,0.8695906367824676,0.9212208424671902
sub-10,MST,V3B,test,sub-09,linear_predictivity,135,148,0.20065467238094978,"[0.1946669491432131, 0.2019290185179133, 0.18808633735801472, 0.20480825714202763, 0.21378279974358]",,,,,
sub-10,MST,V6,train,sub-09,linear_predictivity,135,104,0.049956571043856354,,"[1000.0, 1000.0, 1000.0, 1000.0, 1000.0]",0.1078920622973443,0.9923205606259092,0.8918533578943693,0.9455664513013412
sub-10,MST,V6,test,sub-09,linear_predictivity,135,104,0.06967657641268213,"[0.06061336240350204, 0.07365025061048827, 0.06657162743046102, 0.07178772804015934, 0.07575991357879998]",,,,,
sub-10,MST,V6A,train,sub-09,linear_predictivity,135,85,0.09401196799239536,,"[1000.0, 1000.0, 1000.0, 1000.0, 1000.0]",0.1461306936701216,0.9677469234835667,0.8535536403425453,0.9004545848768641
sub-10,MST,V6A,test,sub-09,linear_predictivity,135,85,0.24317102156314935,"[0.2380428237248471, 0.24616008874059683, 0.23496408046394104, 0.24219955796419082, 0.2544885569221708]",,,,,
sub-10,MST,V7,train,sub-09,linear_predictivity,135,87,0.12109556854542267,,"[316.2277660168379, 1000.0, 1000.0, 1000.0, 316.2277660168379]",0.1904147402132492,0.9457547466245497,0.8090810863875774,0.8732301098763179
sub-10,MST,V7,test,sub-09,linear_predictivity,135,87,0.2880908582044618,"[0.2991815505016073, 0.2896291378783285, 0.2670692132945915, 0.2906565508289248, 0.2939178385188568]",,,,,
sub-10,MST,V8,train,sub-09,linear_predictivity,135,101,0.018125264069016874,,"[1000.0, 1000.0, 1000.0, 1000.0, 1000.0]",0.07521327249149638,1.011261849432635,0.924558825580843,0.9781405023014171
sub-10,MST,V8,test,sub-09,linear_predictivity,135,101,0.05663653457907673,"[0.054144670035983215, 0.055157529862383176, 0.058991506236322364, 0.055366001278814164, 0.05952296548188075]",,,,,
sub-10,MST,FFC,train,sub-09,linear_predictivity,135,263,0.0939664300540875,,"[316.2277660168379, 316.2277660168379, 316.2277660168379, 316.2277660168379, 316.2277660168379]",0.178926851954537,0.9707434167487188,0.8208407235610273,0.902114749386475
sub-10,MST,FFC,test,sub-09,linear_predictivity,135,263,0.23609011185160086,"[0.24653126759695243, 0.22159629244106657, 0.24296646804648456, 0.22963988896077028, 0.2397166422127305]",,,,,
sub-10,MST,PIT,train,sub-09,linear_predictivity,135,123,0.08202500699496357,,"[316.2277660168379, 1000.0, 316.2277660168379, 316.2277660168379, 316.2277660168379]",0.16405074993070606,0.9757992557850607,0.8357051689995665,0.9144141130855081
sub-10,MST,PIT,test,sub-09,linear_predictivity,135,123,0.20573389562504157,"[0.22274436373572076, 0.16607287118213654, 0.21378177814302018, 0.20822061892717503, 0.21784984613715536]",,,,,
sub-10,MST,IPS1,train,sub-09,linear_predictivity,135,243,0.09954852983875745,,"[1000.0, 1000.0, 1000.0, 1000.0, 1000.0]",0.15230790897829735,0.9641337067627923,0.8474503202659209,0.8964343147929096
sub-10,MST,IPS1,test,sub-09,linear_predictivity,135,243,0.2632852930946779,"[0.25414296242295054, 0.2671829748429578, 0.253234399111122, 0.26806116847764816, 0.273804960618711]",,,,,
sub-10,MST,MST,train,sub-09,linear_predictivity,135,149,0.26147210244170577,,"[316.2277660168379, 316.2277660168379, 316.2277660168379, 316.2277660168379, 316.2277660168379]",0.33218833901949446,0.8758777663110953,0.6675303742420235,0.7336471638231135
sub-10,MST,MST,test,sub-09,linear_predictivity,135,149,0.46941570394909143,"[0.4698070339548113, 0.46813707478697175, 0.46063204234907823, 0.47251269065622253, 0.4759896779983736]",,,,,
sub-10,MST,MT,train,sub-09,linear_predictivity,135,100,0.27928816451937233,,"[316.2277660168379, 316.2277660168379, 316.2277660168379, 316.2277660168379, 316.2277660168379]",0.34786265187501636,0.871048064442987,0.6518801210239384,0.7167055356157265
sub-10,MST,MT,test,sub-09,linear_predictivity,135,100,0.5125175889590334,"[0.5207614054010301, 0.5106664613466501, 0.498461479322386, 0.514665811082879, 0.518032787642222]",,,,,
sub-10,MST,FST,train,sub-09,linear_predictivity,135,156,0.145228685117878,,"[316.2277660168379, 316.2277660168379, 316.2277660168379, 316.2277660168379, 316.2277660168379]",0.22315965558402087,0.9421394470655727,0.7766382357952767,0.8512501059026946
sub-10,MST,FST,test,sub-09,linear_predictivity,135,156,0.2782091550192694,"[0.2765590091219009, 0.26785865637541645, 0.2803876771630138, 0.284051464898542, 0.28218896753747386]",,,,,
sub-10,MST,LO1,train,sub-09,linear_predictivity,135,79,0.08459727493648923,,"[1000.0, 1000.0, 1000.0, 1000.0, 1000.0]",0.13259625077486814,0.9751772687960785,0.8672835186687611,0.9132992373565697
sub-10,MST,LO1,test,sub-09,linear_predictivity,135,79,0.21205966060788722,"[0.2033306181830249, 0.21025842026297847, 0.21613700141767817, 0.21324975380374084, 0.21732250937201386]",,,,,
sub-10,MST,LO2,train,sub-09,linear_predictivity,135,80,0.08311217903027542,,"[316.2277660168379, 1000.0, 316.2277660168379, 316.2277660168379, 1000.0]",0.15342590327012604,0.977608447018939,0.8465531299093794,0.914533708268549
sub-10,MST,LO2,test,sub-09,linear_predictivity,135,80,0.1885611031864275,"[0.19785430726355605, 0.17179230266433626, 0.197055646638912, 0.1965205425003939, 0.17958271686493918]",,,,,
sub-10,MST,LO3,train,sub-09,linear_predictivity,135,125,0.17068395184067403,,"[316.2277660168379, 316.2277660168379, 316.2277660168379, 316.2277660168379, 316.2277660168379]",0.24823472726324095,0.9295093097367859,0.7515016985237335,0.8249142524255964
sub-10,MST,LO3,test,sub-09,linear_predictivity,135,125,0.36639036233327443,"[0.37106206930756563, 0.36326933817157553, 0.3622994504232111, 0.36942094905124284, 0.3659000047127771]",,,,,
sub-10,MST,V7,train,sub-09,linear_predictivity,135,87,0.12109556854542267,,"[316.2277660168379, 1000.0, 1000.0, 1000.0, 316.2277660168379]",0.1904147402132492,0.9457547466245497,0.8090810863875774,0.8732301098763179
sub-10,MST,V7,test,sub-09,linear_predictivity,135,87,0.2880908582044618,"[0.2991815505016073, 0.2896291378783285, 0.2670692132945915, 0.2906565508289248, 0.2939178385188568]",,,,,
sub-10,MST,IP0,train,sub-09,linear_predictivity,135,198,0.06923333085879069,,"[1000.0, 1000.0, 1000.0, 1000.0, 1000.0]",0.12671363313217981,0.9814261668058076,0.8729802945375301,0.9260350590891502
sub-10,MST,IP0,test,sub-09,linear_predictivity,135,198,0.2137572256964156,"[0.2022493936781226, 0.21670063789152832, 0.2009247109568025, 0.21910150098042402, 0.22980988497520044]",,,,,
sub-10,MST,IP1,train,sub-09,linear_predictivity,135,114,0.018993134745283274,,"[3162.277660168379, 1000.0, 3162.277660168379, 3162.277660168379, 1000.0]",0.06371013693902113,1.0095083652101327,0.9358299089437823,0.9748925406126467
sub-10,MST,IP1,test,sub-09,linear_predictivity,135,114,0.08887765120407187,"[0.07571271583474075, 0.10282955037947049, 0.07332116638211983, 0.07532668997147211, 0.11719813345255621]",,,,,
sub-10,MST,MIP,train,sub-09,linear_predictivity,135,280,0.03780770428981331,,"[1000.0, 1000.0, 1000.0, 1000.0, 1000.0]",0.09670200474240011,0.9995761158283978,0.9030789335520474,0.9583510376319879
sub-10,MST,MIP,test,sub-09,linear_predictivity,135,280,0.17404692775739275,"[0.15896738193198767, 0.18966925632745316, 0.16418073036884642, 0.17988630841221287, 0.17753096174646366]",,,,,
sub-10,MST,VIP,train,sub-09,linear_predictivity,135,180,0.05805758428888654,,"[1000.0, 1000.0, 1000.0, 1000.0, 1000.0]",0.11574752781209179,0.9857777934165824,0.8840220090935716,0.9378561807519032
sub-10,MST,VIP,test,sub-09,linear_predictivity,135,180,0.2163273561000103,"[0.21283818919212016, 0.23056374125463733, 0.19675884160199422, 0.22399462000025758, 0.21748138845104223]",,,,,
sub-10,MST,LIPd,train,sub-09,linear_predictivity,135,69,-0.005564362828186694,,"[3162.277660168379, 1000.0, 3162.277660168379, 3162.277660168379, 3162.277660168379]",0.03950493288817916,1.02212997677126,0.9601751383917133,0.9981005827087681
sub-10,MST,LIPd,test,sub-09,linear_predictivity,135,69,0.00070015049676149,"[0.0027030527985474357, 0.012219923147331576, -0.0077081128836243625, -0.01333561068940789, 0.00962150011096069]",,,,,
sub-10,MST,LIPv,train,sub-09,linear_predictivity,135,239,0.03257910147952544,,"[1000.0, 1000.0, 1000.0, 1000.0, 1000.0]",0.09235180245052252,0.9988368254387368,0.9073428250235501,0.962306748749082
sub-10,MST,LIPv,test,sub-09,linear_predictivity,135,239,0.13336560928695312,"[0.1334514870503508, 0.13140374615317016, 0.12653406245653723, 0.13633439315132947, 0.13910435762337792]",,,,,
sub-10,MST,AIP,train,sub-09,linear_predictivity,135,275,0.04020427059303234,,"[1000.0, 1000.0, 1000.0, 1000.0, 1000.0]",0.09455653155944782,1.0000749408476082,0.9051922113795609,0.955504990596944
sub-10,MST,AIP,test,sub-09,linear_predictivity,135,275,0.14812487592937945,"[0.14208332679651278, 0.156937201161419, 0.1387854273862683, 0.14927811928186444, 0.1535403050208327]",,,,,
sub-10,MST,7Pm,train,sub-09,linear_predictivity,135,17,0.002096728830769071,,"[3162.277660168379, 10000.0, 3162.277660168379, 10000.0, 10000.0]",0.02550516947220306,1.0223597869046512,0.9743325845624792,0.9943801356442366
sub-10,MST,7Pm,test,sub-09,linear_predictivity,135,17,0.02854385082553131,"[0.03336962674997837, 0.030171243311541557, 0.02324338502711474, 0.026697873544768238, 0.02923712549425365]",,,,,
sub-10,MST,7PL,train,sub-09,linear_predictivity,135,133,0.0421277898080946,,"[1000.0, 1000.0, 1000.0, 1000.0, 1000.0]",0.09616193305492078,0.997792103797536,0.9036386896389,0.9543662371426137
sub-10,MST,7PL,test,sub-09,linear_predictivity,135,133,0.18351002797534272,"[0.17386536044364662, 0.1977670820198526, 0.1748578030055949, 0.18889874786323985, 0.18216114654437982]",,,,,
sub-10,MST,7PC,train,sub-09,linear_predictivity,135,315,0.09164635552800372,,"[1000.0, 1000.0, 1000.0, 1000.0, 1000.0]",0.14548585715310614,0.9686151683545052,0.8542298257256788,0.903551513268631
sub-10,MST,7PC,test,sub-09,linear_predictivity,135,315,0.23820732847443432,"[0.2322403283401782, 0.24641717000364288, 0.23208903253490862, 0.23937541694834483, 0.24091469454509706]",,,,,
sub-10,MST,7Am,train,sub-09,linear_predictivity,135,228,0.04928612087308746,,"[1000.0, 1000.0, 1000.0, 1000.0, 1000.0]",0.10421250804460544,0.992411149036353,0.8955879585236929,0.9473131909034285
sub-10,MST,7Am,test,sub-09,linear_predictivity,135,228,0.1774616219098519,"[0.17349958040474564, 0.18763402450953567, 0.17162494183074137, 0.1791357645261902, 0.17541379827804668]",,,,,
sub-10,MST,7AL,train,sub-09,linear_predictivity,135,178,0.05003382579962527,,"[1000.0, 3162.277660168379, 1000.0, 1000.0, 1000.0]",0.09827446213288041,0.9934898625417163,0.9015464992388861,0.9467254467891566
sub-10,MST,7AL,test,sub-09,linear_predictivity,135,178,0.15324828861389128,"[0.15837893172510728, 0.13173512407732116, 0.15440361206504502, 0.16312049004531515, 0.15860328515666772]",,,,,
sub-10,MST,VVC,train,sub-09,linear_predictivity,135,151,0.03074199176759034,,"[1000.0, 1000.0, 1000.0, 1000.0, 1000.0]",0.08490964503942373,1.0058049322210558,0.9148762415909026,0.9657970559746373
sub-10,MST,VVC,test,sub-09,linear_predictivity,135,151,0.11140845745983141,"[0.11506924605126034, 0.10724792619552913, 0.10624924537641027, 0.10994780296672117, 0.11852806670923607]",,,,,
sub-10,MST,VMV2,train,sub-09,linear_predictivity,135,119,0.0799739990325745,,"[1000.0, 1000.0, 1000.0, 1000.0, 1000.0]",0.13335149775853108,0.9793292733218568,0.8664910602871079,0.9174081888902392
sub-10,MST,VMV2,test,sub-09,linear_predictivity,135,119,0.19756306772062163,"[0.19217319084831863, 0.20365585626096003, 0.1936277222534581, 0.20152693057462048, 0.19683163866575082]",,,,,
sub-10,MST,VMV3,train,sub-09,linear_predictivity,135,109,0.03741204271778133,,"[1000.0, 1000.0, 1000.0, 1000.0, 1000.0]",0.09327260651825517,1.0035514770505771,0.9064905911721581,0.9587742279283586
sub-10,MST,VMV3,test,sub-09,linear_predictivity,135,109,0.11032005226757972,"[0.11171502457955668, 0.10806572972173366, 0.10625112270002951, 0.11646898976957672, 0.10909939456700206]",,,,,
sub-10,MST,VMV1,train,sub-09,linear_predictivity,135,96,0.06152036405707269,,"[1000.0, 1000.0, 1000.0, 1000.0, 1000.0]",0.11597999527551273,0.9898767089607416,0.8838291671171039,0.9352323797755
sub-10,MST,VMV1,test,sub-09,linear_predictivity,135,96,0.1729503496914597,"[0.16512733945152472, 0.17764043900613677, 0.17244140823885037, 0.17352708197916766, 0.17601547978161902]",,,,,
sub-10,MST,PHA2,train,sub-09,linear_predictivity,135,17,0.020585570415069605,,"[3162.277660168379, 1000.0, 3162.277660168379, 3162.277660168379, 3162.277660168379]",0.054249338398401584,1.0126359573503283,0.9456261843695823,0.9773826783729301
sub-10,MST,PHA2,test,sub-09,linear_predictivity,135,17,0.10178014876737485,"[0.09047443906523114, 0.11893810180873583, 0.09692651489480361, 0.10142981162789433, 0.1011318764402093]",,,,,
sub-10,MST,PHA3,train,sub-09,linear_predictivity,135,104,0.04874186659967964,,"[1000.0, 1000.0, 1000.0, 1000.0, 1000.0]",0.10079959091952777,0.9966076140075917,0.8990528440658334,0.9487035253982338
sub-10,MST,PHA3,test,sub-09,linear_predictivity,135,104,0.1775508346629525,"[0.1763434913704625, 0.17851398090719253, 0.17218538307386913, 0.17687623519845114, 0.1838350827647872]",,,,,
sub-10,MST,PH,train,sub-09,linear_predictivity,135,258,0.08347907262257775,,"[1000.0, 1000.0, 1000.0, 1000.0, 1000.0]",0.13443676851404956,0.9751528888176765,0.8653061466298329,0.9124742371314408
sub-10,MST,PH,test,sub-09,linear_predictivity,135,258,0.17223523279333222,"[0.17598268874583303, 0.16416131416856716, 0.16732534602024685, 0.17199037560690322, 0.1817164394251108]",,,,,
sub-10,MT,V1,train,sub-09,linear_predictivity,86,641,0.023270445687116274,,"[1000.0, 1000.0, 1000.0, 1000.0, 1000.0]",0.06865490122308761,1.003789694911089,0.9311430282406498,0.9733242232566631
sub-10,MT,V1,test,sub-09,linear_predictivity,86,641,0.027529633500594303,"[0.028463694912165143, 0.02809796825586156, 0.025045492773524705, 0.030034947331002988, 0.02600606423041713]",,,,,
sub-10,MT,V2,train,sub-09,linear_predictivity,86,754,0.035690602146589576,,"[1000.0, 1000.0, 1000.0, 1000.0, 1000.0]",0.08410386226348723,0.9935493547795312,0.9156325044074881,0.9598847193429044
sub-10,MT,V2,test,sub-09,linear_predictivity,86,754,0.06299699125483055,"[0.062358588808408735, 0.06427887202899545, 0.062398284006922544, 0.0667381050472178, 0.05921110638260822]",,,,,
sub-10,MT,V3,train,sub-09,linear_predictivity,86,575,0.036595660437497624,,"[1000.0, 1000.0, 1000.0, 1000.0, 1000.0]",0.08424316161321081,0.9939345298503237,0.915528824965605,0.9595718753816282
sub-10,MT,V3,test,sub-09,linear_predictivity,86,575,0.056684096647218185,"[0.05513852273397919, 0.05638023128377252, 0.05825284536812215, 0.05964536630907721, 0.05400351754113985]",,,,,
sub-10,MT,V4,train,sub-09,linear_predictivity,86,616,0.044094177269188066,,"[1000.0, 1000.0, 1000.0, 1000.0, 1000.0]",0.09210851144405513,0.9915923245542964,0.9076963305351036,0.9527087566741054
sub-10,MT,V4,test,sub-09,linear_predictivity,86,616,0.09118230659158491,"[0.0919497736847831, 0.09367395796598606, 0.08896314243094648, 0.09501329009668265, 0.08631136877952625]",,,,,
sub-10,MT,V3A,train,sub-09,linear_predictivity,86,270,0.03522456031814289,,"[1000.0, 1000.0, 1000.0, 1000.0, 1000.0]",0.08357282874409389,0.9945561214785344,0.9160837481074611,0.959066573278864
sub-10,MT,V3A,test,sub-09,linear_predictivity,86,270,0.058272129527723024,"[0.04331228980129901, 0.058465740719596114, 0.06625944237500712, 0.050542553641635735, 0.07278062110107714]",,,,,
sub-10,MT,V3B,train,sub-09,linear_predictivity,86,148,0.0732459554041179,,"[316.2277660168379, 316.2277660168379, 316.2277660168379, 316.2277660168379, 316.2277660168379]",0.14737803573511915,0.9784085283351205,0.852284123615951,0.9217243492578462
sub-10,MT,V3B,test,sub-09,linear_predictivity,86,148,0.22926655982854371,"[0.229390616843482, 0.22819217880852588, 0.2187384926421207, 0.22672781362589636, 0.24328369722269372]",,,,,
sub-10,MT,V6,train,sub-09,linear_predictivity,86,104,0.03758131761829942,,"[1000.0, 1000.0, 1000.0, 1000.0, 1000.0]",0.09089591850646109,0.9909957671143796,0.9087878915892954,0.9572150251981417
sub-10,MT,V6,test,sub-09,linear_predictivity,86,104,0.06070050753101809,"[0.056014930702538296, 0.05777778902804564, 0.05841681486929478, 0.054271368275460634, 0.07702163477975106]",,,,,
sub-10,MT,V6A,train,sub-09,linear_predictivity,86,85,0.08795184925720806,,"[316.2277660168379, 316.2277660168379, 316.2277660168379, 1000.0, 316.2277660168379]",0.1601918147459178,0.9653168754343071,0.8393013726149731,0.906832442082897
sub-10,MT,V6A,test,sub-09,linear_predictivity,86,85,0.2473277904376098,"[0.24649669431703472, 0.25588649949045256, 0.24657979005898248, 0.21709477125718993, 0.2705811970643893]",,,,,
sub-10,MT,V7,train,sub-09,linear_predictivity,86,87,0.11616396662274954,,"[316.2277660168379, 316.2277660168379, 316.2277660168379, 316.2277660168379, 316.2277660168379]",0.1877129257853541,0.9523229217427238,0.8119757532212045,0.8789554267141882
sub-10,MT,V7,test,sub-09,linear_predictivity,86,87,0.27100342666219335,"[0.27126268557502586, 0.2751354315449723, 0.26179879824131513, 0.27074705877598093, 0.2760731591736726]",,,,,
sub-10,MT,V8,train,sub-09,linear_predictivity,86,101,0.026520266284417175,,"[1000.0, 1000.0, 1000.0, 1000.0, 1000.0]",0.07472053332073693,1.0026328104533744,0.9250767599620247,0.9699494892206821
sub-10,MT,V8,test,sub-09,linear_predictivity,86,101,0.07797000157333653,"[0.08309600915833283, 0.07958353118010049, 0.07801644049696295, 0.07901070001465711, 0.07014332701662931]",,,,,
sub-10,MT,FFC,train,sub-09,linear_predictivity,86,263,0.125834440495075,,"[316.2277660168379, 316.2277660168379, 316.2277660168379, 316.2277660168379, 316.2277660168379]",0.19953634145362634,0.9486754810111613,0.8001999462343867,0.8696983153075362
sub-10,MT,FFC,test,sub-09,linear_predictivity,86,263,0.3217066593914534,"[0.3299303766728735, 0.31186317674206215, 0.3202176802673736, 0.3282336096896199, 0.31828845358533786]",,,,,
sub-10,MT,PIT,train,sub-09,linear_predictivity,86,123,0.11980235877419976,,"[316.2277660168379, 316.2277660168379, 316.2277660168379, 316.2277660168379, 316.2277660168379]",0.19574658482996432,0.9504408045510248,0.8040447169828114,0.876502565782175
sub-10,MT,PIT,test,sub-09,linear_predictivity,86,123,0.2854711232979631,"[0.2891862129966212, 0.2806179060848929, 0.28255241986026014, 0.2935721374630376, 0.2814269400850038]",,,,,
sub-10,MT,IPS1,train,sub-09,linear_predictivity,86,243,0.08644051267972662,,"[316.2277660168379, 316.2277660168379, 316.2277660168379, 316.2277660168379, 316.2277660168379]",0.16073738454949416,0.9701091334266809,0.8390147725622672,0.909680000715295
sub-10,MT,IPS1,test,sub-09,linear_predictivity,86,243,0.25041126295467164,"[0.25224551182187277, 0.25455080999103796, 0.2410141547268582, 0.2492238753966789, 0.2550219628369104]",,,,,
sub-10,MT,MST,train,sub-09,linear_predictivity,86,149,0.251115906281132,,"[100.0, 316.2277660168379, 316.2277660168379, 316.2277660168379, 100.0]",0.3286129320356485,0.8777733384064191,0.6710352751839225,0.743587225901323
sub-10,MT,MST,test,sub-09,linear_predictivity,86,149,0.44164717226986083,"[0.4533077219139831, 0.4437346480441869, 0.424367097629726, 0.4329269572396435, 0.4538994365217647]",,,,,
sub-10,MT,MT,train,sub-09,linear_predictivity,86,100,0.31370117672720615,,"[100.0, 316.2277660168379, 100.0, 316.2277660168379, 100.0]",0.3868618927695432,0.8463416149000136,0.6129729191465304,0.6820491179914854
sub-10,MT,MT,test,sub-09,linear_predictivity,86,100,0.5568675050504909,"[0.5596748929879909, 0.5553302780066541, 0.5437548062397939, 0.5535452118361087, 0.5720323361819065]",,,,,
sub-10,MT,FST,train,sub-09,linear_predictivity,86,156,0.10783303658584496,,"[100.0, 316.2277660168379, 316.2277660168379, 316.2277660168379, 316.2277660168379]",0.18798929330964056,0.9585959162201702,0.8118306928694562,0.8886884781292015
sub-10,MT,FST,test,sub-09,linear_predictivity,86,156,0.24330442284218798,"[0.2599799497022672, 0.2468891966798275, 0.23248854883275394, 0.23680435680705442, 0.24036006218903694]",,,,,
sub-10,MT,LO1,train,sub-09,linear_predictivity,86,79,0.06592305989190939,,"[316.2277660168379, 316.2277660168379, 316.2277660168379, 316.2277660168379, 316.2277660168379]",0.1417751892793905,0.9761214349940192,0.8581010324503694,0.9317003422294222
sub-10,MT,LO1,test,sub-09,linear_predictivity,86,79,0.16303216124493605,"[0.16188576953250997, 0.1724826893667735, 0.15460885919222722, 0.16566062089531458, 0.16052286723785494]",,,,,
sub-10,MT,LO2,train,sub-09,linear_predictivity,86,80,0.09109034108370742,,"[316.2277660168379, 316.2277660168379, 316.2277660168379, 316.2277660168379, 316.2277660168379]",0.16806757968310548,0.9654081724738115,0.8318200901537685,0.9066242397074582
sub-10,MT,LO2,test,sub-09,linear_predictivity,86,80,0.20452061939536806,"[0.20108532301086787, 0.20892264026335697, 0.1985240974798526, 0.21627116760238635, 0.19779986862037652]",,,,,
sub-10,MT,LO3,train,sub-09,linear_predictivity,86,125,0.18657244864204475,,"[316.2277660168379, 316.2277660168379, 316.2277660168379, 316.2277660168379, 100.0]",0.2620438377054152,0.912599411881337,0.7375887714473214,0.8080011659300146
sub-10,MT,LO3,test,sub-09,linear_predictivity,86,125,0.3974789165297169,"[0.4020820266028449, 0.3983900961158162, 0.38171071654046546, 0.39975855786130615, 0.4054531855281519]",,,,,
sub-10,MT,V7,train,sub-09,linear_predictivity,86,87,0.11616396662274954,,"[316.2277660168379, 316.2277660168379, 316.2277660168379, 316.2277660168379, 316.2277660168379]",0.1877129257853541,0.9523229217427238,0.8119757532212045,0.8789554267141882
sub-10,MT,V7,test,sub-09,linear_predictivity,86,87,0.27100342666219335,"[0.27126268557502586, 0.2751354315449723, 0.26179879824131513, 0.27074705877598093, 0.2760731591736726]",,,,,
sub-10,MT,IP0,train,sub-09,linear_predictivity,86,198,0.06847739800992643,,"[316.2277660168379, 316.2277660168379, 316.2277660168379, 316.2277660168379, 316.2277660168379]",0.1479630480457777,0.978318644955723,0.8517118227908858,0.9264521542912583
sub-10,MT,IP0,test,sub-09,linear_predictivity,86,198,0.23292374255635737,"[0.2396501354176564, 0.23619337497540335, 0.21906878991286322, 0.2309988488625497, 0.23870756361331405]",,,,,
sub-10,MT,IP1,train,sub-09,linear_predictivity,86,114,0.009627086645484966,,"[1000.0, 1000.0, 1000.0, 1000.0, 1000.0]",0.06219871443566934,1.010283326187503,0.9374213779143927,0.9840383445369479
sub-10,MT,IP1,test,sub-09,linear_predictivity,86,114,0.08026251341440346,"[0.07598425648811985, 0.08138820548138792, 0.06751368687456308, 0.08064249172520502, 0.09578392650274144]",,,,,
sub-10,MT,MIP,train,sub-09,linear_predictivity,86,280,0.04196154057374377,,"[1000.0, 1000.0, 1000.0, 1000.0, 1000.0]",0.09181451005959876,0.9929276869874641,0.9079508874454152,0.9543017183436018
sub-10,MT,MIP,test,sub-09,linear_predictivity,86,280,0.16894656557885854,"[0.16060477304269344, 0.1801577705830059, 0.1664800762910255, 0.16498343419969486, 0.172506773777873]",,,,,
sub-10,MT,VIP,train,sub-09,linear_predictivity,86,180,0.047696472466490086,,"[316.2277660168379, 316.2277660168379, 316.2277660168379, 1000.0, 316.2277660168379]",0.12621046030251398,0.9853731815046158,0.873441864500285,0.9480667522574553
sub-10,MT,VIP,test,sub-09,linear_predictivity,86,180,0.22597323653110038,"[0.23555683971306213, 0.2434148160483921, 0.2209233045639569, 0.19397433013483095, 0.2359968921952597]",,,,,
sub-10,MT,LIPd,train,sub-09,linear_predictivity,86,69,0.0019591341816390918,,"[3162.277660168379, 3162.277660168379, 3162.277660168379, 3162.277660168379, 3162.277660168379]",0.037901351955836014,1.0121036082133998,0.9616307269047859,0.9903489478753862
sub-10,MT,LIPd,test,sub-09,linear_predictivity,86,69,0.035686870750678015,"[0.03729335730394097, 0.036159688421413934, 0.031519706182310064, 0.028746913814437062, 0.044714688031288044]",,,,,
sub-10,MT,LIPv,train,sub-09,linear_predictivity,86,239,0.037543360690651666,,"[1000.0, 1000.0, 1000.0, 1000.0, 1000.0]",0.09047624066810891,0.9913374112924874,0.9092258931395621,0.9575190143041865
sub-10,MT,LIPv,test,sub-09,linear_predictivity,86,239,0.1556652992845348,"[0.16294358860087627, 0.15256420231722406, 0.14814426422948612, 0.1526589578608215, 0.16201548341426597]",,,,,
sub-10,MT,AIP,train,sub-09,linear_predictivity,86,275,0.02466440342943153,,"[1000.0, 1000.0, 1000.0, 1000.0, 1000.0]",0.07589100582179786,1.001212821520155,0.9238707546924942,0.9712839984063812
sub-10,MT,AIP,test,sub-09,linear_predictivity,86,275,0.09069511375222622,"[0.08657440983246668, 0.09768140878570439, 0.08414772968910922, 0.08888888959365934, 0.09618313086019141]",,,,,
sub-10,MT,7Pm,train,sub-09,linear_predictivity,86,17,-0.0008758144928519534,,"[10000.0, 10000.0, 10000.0, 10000.0, 10000.0]",0.01226556576356497,1.022670254529528,0.9875108164461421,0.9973429483953241
sub-10,MT,7Pm,test,sub-09,linear_predictivity,86,17,0.012639597049035384,"[0.006749632382827638, 0.015429207322140932, 0.011642201013246345, 0.014976096524534303, 0.014400848002427705]",,,,,
sub-10,MT,7PL,train,sub-09,linear_predictivity,86,133,0.05531517680354974,,"[1000.0, 1000.0, 1000.0, 1000.0, 1000.0]",0.10190791653382152,0.9859747159156331,0.897880013585981,0.9412158297575125
sub-10,MT,7PL,test,sub-09,linear_predictivity,86,133,0.1920062723974933,"[0.1805456381306299, 0.20029350615969316, 0.19342763175721886, 0.18872361842043775, 0.19704096751948671]",,,,,
sub-10,MT,7PC,train,sub-09,linear_predictivity,86,315,0.05248150594505604,,"[316.2277660168379, 316.2277660168379, 316.2277660168379, 1000.0, 316.2277660168379]",0.13124883781854496,0.9823190751757659,0.8684078214901652,0.9429203486762072
sub-10,MT,7PC,test,sub-09,linear_predictivity,86,315,0.16734502462618642,"[0.1690041129480083, 0.18801562754648968, 0.1677745944364463, 0.1341621892662847, 0.17776859893370295]",,,,,
sub-10,MT,7Am,train,sub-09,linear_predictivity,86,228,0.046386066462242144,,"[1000.0, 1000.0, 1000.0, 1000.0, 1000.0]",0.09300752671617615,0.9904412479929171,0.9068006035002542,0.9503439454433703
sub-10,MT,7Am,test,sub-09,linear_predictivity,86,228,0.15579924181093002,"[0.1511187410822368, 0.16013230698360503, 0.15403148003434078, 0.15903850283622287, 0.15467517811824455]",,,,,
sub-10,MT,7AL,train,sub-09,linear_predictivity,86,178,0.03164047699251902,,"[1000.0, 1000.0, 1000.0, 1000.0, 1000.0]",0.07764430515332524,0.9993012905163937,0.9221663159790434,0.9651729038151717
sub-10,MT,7AL,test,sub-09,linear_predictivity,86,178,0.08598397004888107,"[0.08379942862037383, 0.08909025259027623, 0.08022338176635613, 0.08745136050631473, 0.0893554267610844]",,,,,
sub-10,MT,VVC,train,sub-09,linear_predictivity,86,151,0.03135387726968122,,"[1000.0, 1000.0, 1000.0, 1000.0, 1000.0]",0.0797280159532531,0.9999762514247191,0.9200775604952423,0.9654005253333058
sub-10,MT,VVC,test,sub-09,linear_predictivity,86,151,0.11926552197197751,"[0.12833838819946805, 0.11858258987844636, 0.11112015141050903, 0.11889176155085562, 0.11939471882060852]",,,,,
sub-10,MT,VMV2,train,sub-09,linear_predictivity,86,119,0.09178610372822885,,"[316.2277660168379, 316.2277660168379, 316.2277660168379, 316.2277660168379, 316.2277660168379]",0.16567193377432882,0.9685834172939508,0.8341781843975774,0.9055502270253758
sub-10,MT,VMV2,test,sub-09,linear_predictivity,86,119,0.2132113627165309,"[0.2139599740942183, 0.2175264638691444, 0.20834915382845448, 0.21440848621284667, 0.21181273557799052]",,,,,
sub-10,MT,VMV3,train,sub-09,linear_predictivity,86,109,0.04549415003044497,,"[1000.0, 1000.0, 1000.0, 1000.0, 1000.0]",0.09620652212112613,0.9912548935906615,0.9035218312706016,0.950146364463788
sub-10,MT,VMV3,test,sub-09,linear_predictivity,86,109,0.11195340468107876,"[0.1231533866353536, 0.11243167703057448, 0.10809739437211863, 0.11195083660034154, 0.10413372876700548]",,,,,
sub-10,MT,VMV1,train,sub-09,linear_predictivity,86,96,0.0742566772279681,,"[316.2277660168379, 316.2277660168379, 316.2277660168379, 1000.0, 316.2277660168379]",0.1430495828665533,0.976889392567782,0.856748623112033,0.9225443017405425
sub-10,MT,VMV1,test,sub-09,linear_predictivity,86,96,0.19857473220192812,"[0.196388663751349, 0.20288915933940332, 0.19654713818339475, 0.1869141702676547, 0.21013452946783887]",,,,,
sub-10,MT,PHA2,train,sub-09,linear_predictivity,86,17,0.02902737412395578,,"[1000.0, 1000.0, 1000.0, 1000.0, 1000.0]",0.07342954126712795,1.0040018919817433,0.9264400709221455,0.9690659669161359
sub-10,MT,PHA2,test,sub-09,linear_predictivity,86,17,0.10306233143728478,"[0.1037991114990477, 0.10855050229275136, 0.0940467938163217, 0.10312446128458568, 0.10579078829371744]",,,,,
sub-10,MT,PHA3,train,sub-09,linear_predictivity,86,104,0.060193430440938625,,"[1000.0, 1000.0, 1000.0, 1000.0, 1000.0]",0.1045859206662962,0.9863583240816016,0.8952554808968557,0.9372667546691146
sub-10,MT,PHA3,test,sub-09,linear_predictivity,86,104,0.170796402368706,"[0.17205619585315202, 0.1747108395844473, 0.16583368979256108, 0.16896340118619288, 0.17241788542717662]",,,,,
sub-10,MT,PH,train,sub-09,linear_predictivity,86,258,0.08438895459125831,,"[316.2277660168379, 316.2277660168379, 316.2277660168379, 316.2277660168379, 316.2277660168379]",0.1584081423448742,0.9707474611191085,0.841333146166342,0.9110605190096805
sub-10,MT,PH,test,sub-09,linear_predictivity,86,258,0.20615746513479713,"[0.21956832203654436, 0.20712835794653553, 0.1949052721251066, 0.20543951012935252, 0.20374586343644666]",,,,,
sub-10,FST,V1,train,sub-09,linear_predictivity,167,641,0.009559607524629452,,"[3162.277660168379, 3162.277660168379, 3162.277660168379, 3162.277660168379, 3162.277660168379]",0.047447822905697365,1.0237455333921912,0.9523569141060854,0.9871565782681859
sub-10,FST,V1,test,sub-09,linear_predictivity,167,641,0.012734946036777398,"[0.013720467222124201, 0.012175596395650088, 0.015424812192523797, 0.013955909265469352, 0.008397945108119554]",,,,,
sub-10,FST,V2,train,sub-09,linear_predictivity,167,754,0.022023390952488585,,"[3162.277660168379, 3162.277660168379, 3162.277660168379, 3162.277660168379, 3162.277660168379]",0.061190881648528664,1.0130908744102585,0.9385699766103361,0.9739150599431131
sub-10,FST,V2,test,sub-09,linear_predictivity,167,754,0.024627564959389177,"[0.019865949652096433, 0.022890920360009795, 0.03264636852444362, 0.03157335741984287, 0.01616122884055316]",,,,,
sub-10,FST,V3,train,sub-09,linear_predictivity,167,575,0.018768098197250147,,"[3162.277660168379, 3162.277660168379, 3162.277660168379, 3162.277660168379, 3162.277660168379]",0.05733550616151928,1.0156939581197058,0.9424607306319915,0.9777263337259237
sub-10,FST,V3,test,sub-09,linear_predictivity,167,575,0.018744832473500946,"[0.015182974833463437, 0.01582368049836736, 0.025200789955116692, 0.023323265104369963, 0.014193451976187285]",,,,,
sub-10,FST,V4,train,sub-09,linear_predictivity,167,616,0.01617438292719797,,"[1000.0, 1000.0, 3162.277660168379, 1000.0, 1000.0]",0.07995783569459039,1.0165139244501522,0.9198451782811361,0.9805922497692867
sub-10,FST,V4,test,sub-09,linear_predictivity,167,616,0.05129720712636697,"[0.05791289512220352, 0.05208087955097155, 0.02999055823711397, 0.059789693751821846, 0.056712008969724004]",,,,,
sub-10,FST,V3A,train,sub-09,linear_predictivity,167,270,0.030686465208494263,,"[1000.0, 3162.277660168379, 1000.0, 3162.277660168379, 1000.0]",0.08975672888012222,1.0065484096911128,0.9099389062597837,0.9638914241833246
sub-10,FST,V3A,test,sub-09,linear_predictivity,167,270,0.03831854486353377,"[0.03574185239645197, 0.025185165227550564, 0.05805659016488482, 0.025231782746515354, 0.04737733378226613]",,,,,
sub-10,FST,V3B,train,sub-09,linear_predictivity,167,148,0.06592715041030138,,"[1000.0, 1000.0, 1000.0, 1000.0, 1000.0]",0.13475456649003717,0.9837588190051244,0.8649039203809377,0.9285780501422465
sub-10,FST,V3B,test,sub-09,linear_predictivity,167,148,0.18291029056916613,"[0.17967754187630355, 0.1844469704872981, 0.17044844882877935, 0.18499355783256927, 0.19498493382088047]",,,,,
sub-10,FST,V6,train,sub-09,linear_predictivity,167,104,0.03830477587251099,,"[3162.277660168379, 3162.277660168379, 3162.277660168379, 3162.277660168379, 3162.277660168379]",0.07969659281457799,1.0008320995618667,0.920069392084598,0.9576110637649269
sub-10,FST,V6,test,sub-09,linear_predictivity,167,104,0.04820118929422064,"[0.04370539046490629, 0.04840583659280007, 0.05275516233056521, 0.048999991306683234, 0.04713956577614841]",,,,,
sub-10,FST,V6A,train,sub-09,linear_predictivity,167,85,0.071941606563222,,"[1000.0, 1000.0, 1000.0, 1000.0, 1000.0]",0.13825953778625782,0.9804415105915909,0.8613824660882298,0.9221647622537033
sub-10,FST,V6A,test,sub-09,linear_predictivity,167,85,0.20702690022743964,"[0.20095809946768212, 0.21523752519288397, 0.19736093378940922, 0.20255744255438585, 0.21902050013283697]",,,,,
sub-10,FST,V7,train,sub-09,linear_predictivity,167,87,0.10131307435874826,,"[1000.0, 1000.0, 1000.0, 1000.0, 316.2277660168379]",0.1746016891067382,0.9610616084538682,0.8248322322577796,0.8930055708268172
sub-10,FST,V7,test,sub-09,linear_predictivity,167,87,0.2458232486307966,"[0.2421032534386028, 0.25164063870811115, 0.2279830355520452, 0.25352381491190895, 0.25386550054331486]",,,,,
sub-10,FST,V8,train,sub-09,linear_predictivity,167,101,0.012867559214301234,,"[3162.277660168379, 3162.277660168379, 3162.277660168379, 3162.277660168379, 3162.277660168379]",0.052740879807713484,1.0242703115130738,0.9470392951160729,0.9835426203544324
sub-10,FST,V8,test,sub-09,linear_predictivity,167,101,0.032500481744747164,"[0.03540851195974065, 0.022691880782032738, 0.030473891182532045, 0.035185400556125, 0.038742724243305375]",,,,,
sub-10,FST,FFC,train,sub-09,linear_predictivity,167,263,0.1080754879877915,,"[316.2277660168379, 316.2277660168379, 316.2277660168379, 316.2277660168379, 316.2277660168379]",0.20965507113604356,0.965411114579609,0.7901032593397173,0.8877012474052414
sub-10,FST,FFC,test,sub-09,linear_predictivity,167,263,0.2948667949288778,"[0.303186293175544, 0.28486789556572056, 0.29333492457183785, 0.2942100898586204, 0.2987347714726661]",,,,,
sub-10,FST,PIT,train,sub-09,linear_predictivity,167,123,0.1025638512893445,,"[316.2277660168379, 316.2277660168379, 316.2277660168379, 316.2277660168379, 316.2277660168379]",0.20283746103844497,0.9698523770631695,0.7969364771791678,0.8935927537639241
sub-10,FST,PIT,test,sub-09,linear_predictivity,167,123,0.26174541527036366,"[0.2663703421996247, 0.2533330550271237, 0.2564370822720821, 0.2699962492585839, 0.26259034759440375]",,,,,
sub-10,FST,IPS1,train,sub-09,linear_predictivity,167,243,0.10986340768659099,,"[1000.0, 1000.0, 1000.0, 1000.0, 1000.0]",0.17105985084473216,0.9616164755792151,0.828636200621234,0.8851090579455991
sub-10,FST,IPS1,test,sub-09,linear_predictivity,167,243,0.2784423807779635,"[0.27347375817302577, 0.28652932452383323, 0.26729344652573556, 0.2774398445611397, 0.2874755301060834]",,,,,
sub-10,FST,MST,train,sub-09,linear_predictivity,167,149,0.23048655621582573,,"[316.2277660168379, 316.2277660168379, 316.2277660168379, 316.2277660168379, 316.2277660168379]",0.31650443358511093,0.8972808770838021,0.6831693474817524,0.7638771379554888
sub-10,FST,MST,test,sub-09,linear_predictivity,167,149,0.448256192572437,"[0.4487840021270167, 0.445776402641766, 0.4395278017018199, 0.45279603031110477, 0.45439672608047743]",,,,,
sub-10,FST,MT,train,sub-09,linear_predictivity,167,100,0.2556244400836837,,"[100.0, 100.0, 100.0, 100.0, 100.0]",0.37551972716668164,0.8932343929722542,0.6242376402394677,0.7400090824688054
sub-10,FST,MT,test,sub-09,linear_predictivity,167,100,0.5200972045766432,"[0.5246796186085239, 0.5131407236719323, 0.506147487884114, 0.5251516271957215, 0.5313665655229248]",,,,,
sub-10,FST,FST,train,sub-09,linear_predictivity,167,156,0.16377009948230953,,"[1000.0, 1000.0, 1000.0, 1000.0, 1000.0]",0.21951595749111247,0.9307348628147929,0.7802445417026547,0.8323170186899811
sub-10,FST,FST,test,sub-09,linear_predictivity,167,156,0.3404165042910882,"[0.3388113138963429, 0.34078543337557454, 0.337008402430101, 0.34105761524193273, 0.34441975651148987]",,,,,
sub-10,FST,LO1,train,sub-09,linear_predictivity,167,79,0.08347127906070687,,"[1000.0, 1000.0, 3162.277660168379, 3162.277660168379, 1000.0]",0.13299280196744392,0.9795146844815246,0.8669761008227717,0.9144210127829732
sub-10,FST,LO1,test,sub-09,linear_predictivity,167,79,0.22042047606483434,"[0.22732062132917197, 0.23600234309969995, 0.19587284218265597, 0.2103170080954132, 0.23258956561723065]",,,,,
sub-10,FST,LO2,train,sub-09,linear_predictivity,167,80,0.09973792331743185,,"[316.2277660168379, 316.2277660168379, 1000.0, 316.2277660168379, 1000.0]",0.18495749460177016,0.970532196776755,0.8148698947774979,0.8976200520367341
sub-10,FST,LO2,test,sub-09,linear_predictivity,167,80,0.23941550988593727,"[0.24941048601263643, 0.2531029661336571, 0.21444620744716403, 0.2512954817054428, 0.22882240813078614]",,,,,
sub-10,FST,LO3,train,sub-09,linear_predictivity,167,125,0.1464781192038334,,"[316.2277660168379, 316.2277660168379, 316.2277660168379, 316.2277660168379, 316.2277660168379]",0.24231669757847768,0.9414944150665626,0.7574115060713534,0.8490823308037131
sub-10,FST,LO3,test,sub-09,linear_predictivity,167,125,0.3658413662233339,"[0.37436202662546236, 0.3664846915813792, 0.3487964532298184, 0.3756929813332619, 0.36387067834674786]",,,,,
sub-10,FST,V7,train,sub-09,linear_predictivity,167,87,0.10131307435874826,,"[1000.0, 1000.0, 1000.0, 1000.0, 316.2277660168379]",0.1746016891067382,0.9610616084538682,0.8248322322577796,0.8930055708268172
sub-10,FST,V7,test,sub-09,linear_predictivity,167,87,0.2458232486307966,"[0.2421032534386028, 0.25164063870811115, 0.2279830355520452, 0.25352381491190895, 0.25386550054331486]",,,,,
sub-10,FST,IP0,train,sub-09,linear_predictivity,167,198,0.08014985097818798,,"[1000.0, 1000.0, 1000.0, 1000.0, 1000.0]",0.14721036425620238,0.9768891032440935,0.8524147684964749,0.913837225899712
sub-10,FST,IP0,test,sub-09,linear_predictivity,167,198,0.22777693061235843,"[0.23122792879468718, 0.23229024044090568, 0.20907555141589945, 0.2249106925337133, 0.24138023987658666]",,,,,
sub-10,FST,IP1,train,sub-09,linear_predictivity,167,114,0.029939063238442594,,"[3162.277660168379, 3162.277660168379, 3162.277660168379, 3162.277660168379, 3162.277660168379]",0.07104370463393596,1.0090977509156833,0.9285607606879775,0.9634934340769854
sub-10,FST,IP1,test,sub-09,linear_predictivity,167,114,0.11789606789414986,"[0.12297814854567034, 0.11369897540276636, 0.1151371871601979, 0.10307117483518369, 0.13459485352693104]",,,,,
sub-10,FST,MIP,train,sub-09,linear_predictivity,167,280,0.04748978030389433,,"[1000.0, 1000.0, 1000.0, 1000.0, 1000.0]",0.11585957335625748,0.9995959899400594,0.88387144000897,0.9478996380111425
sub-10,FST,MIP,test,sub-09,linear_predictivity,167,280,0.17088357201902812,"[0.1692174925534764, 0.17165419219952086, 0.16814396401089252, 0.16464702456574173, 0.18075518676550914]",,,,,
sub-10,FST,VIP,train,sub-09,linear_predictivity,167,180,0.05817505498720678,,"[1000.0, 1000.0, 1000.0, 1000.0, 1000.0]",0.1254076422991325,0.9909819197429901,0.8742868244856805,0.9366783597440984
sub-10,FST,VIP,test,sub-09,linear_predictivity,167,180,0.1964704239120275,"[0.19363095520554882, 0.20653985838377756, 0.1809928067482554, 0.19941273105106203, 0.20177576817149362]",,,,,
sub-10,FST,LIPd,train,sub-09,linear_predictivity,167,69,-0.007061439501638536,,"[3162.277660168379, 3162.277660168379, 3162.277660168379, 10000.0, 3162.277660168379]",0.03537565456461257,1.030848549633323,0.9641165030409562,0.9991789656815662
sub-10,FST,LIPd,test,sub-09,linear_predictivity,167,69,-0.005116250227934756,"[0.010595538007725277, -0.0074877122231248395, -0.0015861101835604628, -0.034743204821899, 0.007640238081185242]",,,,,
sub-10,FST,LIPv,train,sub-09,linear_predictivity,167,239,0.02059714403900082,,"[1000.0, 1000.0, 3162.277660168379, 3162.277660168379, 1000.0]",0.0812818482321889,1.0124838596272367,0.9183081833277587,0.9741991789769209
sub-10,FST,LIPv,test,sub-09,linear_predictivity,167,239,0.10016637917670634,"[0.116903739341758, 0.10697537649236763, 0.08297568026136402, 0.07917160870028474, 0.11480549108775738]",,,,,
sub-10,FST,AIP,train,sub-09,linear_predictivity,167,275,0.04397661097648325,,"[3162.277660168379, 1000.0, 3162.277660168379, 3162.277660168379, 3162.277660168379]",0.08968831761224488,1.0024880232691502,0.9100429425536891,0.9512890264760341
sub-10,FST,AIP,test,sub-09,linear_predictivity,167,275,0.13272604514671368,"[0.13031172697706114, 0.1539069081954636, 0.12424232608391195, 0.12758628471729444, 0.1275829797598374]",,,,,
sub-10,FST,7Pm,train,sub-09,linear_predictivity,167,17,0.010967150535093293,,"[10000.0, 10000.0, 10000.0, 3162.277660168379, 10000.0]",0.03317376992154196,1.0319228499283362,0.9664971563122258,0.985515004951047
sub-10,FST,7Pm,test,sub-09,linear_predictivity,167,17,0.04061839089548485,"[0.04483471293440459, 0.04009754464714436, 0.041989006688895, 0.02804800483066754, 0.048122685376312764]",,,,,
sub-10,FST,7PL,train,sub-09,linear_predictivity,167,133,0.04772449731434368,,"[1000.0, 1000.0, 1000.0, 1000.0, 1000.0]",0.1097407462929649,1.001571106733334,0.8900033046788545,0.9481854036460294
sub-10,FST,7PL,test,sub-09,linear_predictivity,167,133,0.16486027919613516,"[0.16087953681354014, 0.1663295744280324, 0.16136189375593454, 0.15943494780332132, 0.17629544317984736]",,,,,
sub-10,FST,7PC,train,sub-09,linear_predictivity,167,315,0.085753294484244,,"[3162.277660168379, 3162.277660168379, 3162.277660168379, 3162.277660168379, 1000.0]",0.1283756932300381,0.9767442020395537,0.8712468852467815,0.9091092837912654
sub-10,FST,7PC,test,sub-09,linear_predictivity,167,315,0.23028358994158524,"[0.22326027976769308, 0.23482830050719666, 0.22229882876110751, 0.2255821757116119, 0.24544836496031702]",,,,,
sub-10,FST,7Am,train,sub-09,linear_predictivity,167,228,0.04978669030871144,,"[1000.0, 1000.0, 1000.0, 1000.0, 1000.0]",0.11249692502169861,1.0023747836071843,0.8872601476464332,0.9462319937976638
sub-10,FST,7Am,test,sub-09,linear_predictivity,167,228,0.14004500146368268,"[0.1439802648452962, 0.14491274561237746, 0.13833905773533123, 0.13510652645263632, 0.13788641267277224]",,,,,
sub-10,FST,7AL,train,sub-09,linear_predictivity,167,178,0.04075663176064541,,"[3162.277660168379, 3162.277660168379, 3162.277660168379, 3162.277660168379, 3162.277660168379]",0.07714699687970569,1.0083136031160251,0.9226695847147374,0.9561822539471118
sub-10,FST,7AL,test,sub-09,linear_predictivity,167,178,0.12111617305738347,"[0.12460460700294904, 0.12317850931382561, 0.11681486787602692, 0.12729377581128498, 0.1136891052828308]",,,,,
sub-10,FST,VVC,train,sub-09,linear_predictivity,167,151,0.034650697893434716,,"[1000.0, 3162.277660168379, 1000.0, 3162.277660168379, 1000.0]",0.09192739994304477,1.0070179095485783,0.9077976973606925,0.9616563744905223
sub-10,FST,VVC,test,sub-09,linear_predictivity,167,151,0.13359917582015993,"[0.1516164397589755, 0.1158437103632621, 0.13374152669152076, 0.11255367833359867, 0.15424052395344254]",,,,,
sub-10,FST,VMV2,train,sub-09,linear_predictivity,167,119,0.04502981689139676,,"[1000.0, 1000.0, 316.2277660168379, 1000.0, 1000.0]",0.122452147816464,0.9967339190303897,0.8773628399259608,0.9518174799310766
sub-10,FST,VMV2,test,sub-09,linear_predictivity,167,119,0.15158743432315955,"[0.15267720056229098, 0.14137115585165663, 0.1728842874910255, 0.1456012249501109, 0.1454033027607137]",,,,,
sub-10,FST,VMV3,train,sub-09,linear_predictivity,167,109,0.020755899920081453,,"[1000.0, 3162.277660168379, 1000.0, 3162.277660168379, 1000.0]",0.08103517705796107,1.0128900646127377,0.9187064722169375,0.975384155357421
sub-10,FST,VMV3,test,sub-09,linear_predictivity,167,109,0.07362729411285487,"[0.1047740873402255, 0.042532696727478884, 0.08014124201791903, 0.04913004053017045, 0.09155840394848053]",,,,,
sub-10,FST,VMV1,train,sub-09,linear_predictivity,167,96,0.0367235632094882,,"[1000.0, 1000.0, 1000.0, 1000.0, 1000.0]",0.10368066926440418,1.0023278567952245,0.8961310917797309,0.9599950334843438
sub-10,FST,VMV1,test,sub-09,linear_predictivity,167,96,0.11694603392105536,"[0.11837969947845628, 0.11599523346130014, 0.11465159289190446, 0.11744424842662088, 0.11825939534699503]",,,,,
sub-10,FST,PHA2,train,sub-09,linear_predictivity,167,17,0.009962405837858696,,"[3162.277660168379, 3162.277660168379, 3162.277660168379, 3162.277660168379, 3162.277660168379]",0.04292139731097688,1.025960713134611,0.9569475359930699,0.9881269079027268
sub-10,FST,PHA2,test,sub-09,linear_predictivity,167,17,0.039855458654697445,"[0.041011683095381925, 0.03780788421973988, 0.03654926346617323, 0.04571526335129788, 0.03819319914089431]",,,,,
sub-10,FST,PHA3,train,sub-09,linear_predictivity,167,104,0.027074630941213495,,"[1000.0, 1000.0, 1000.0, 1000.0, 1000.0]",0.09224981505905616,1.0118846825282712,0.9075965366225992,0.9702016188907271
sub-10,FST,PHA3,test,sub-09,linear_predictivity,167,104,0.11195895228270263,"[0.11827398906781526, 0.1080476295541882, 0.10815609920205338, 0.10786752685095483, 0.11744951673850143]",,,,,
sub-10,FST,PH,train,sub-09,linear_predictivity,167,258,0.10879236119436494,,"[1000.0, 1000.0, 1000.0, 1000.0, 1000.0]",0.1695586497946881,0.9633693853446523,0.8301744431735383,0.886990183132277
sub-10,FST,PH,test,sub-09,linear_predictivity,167,258,0.2512787352641908,"[0.25808847357155146, 0.24785619043793586, 0.24443444881875398, 0.2473565003826136, 0.258658063110099]",,,,,
sub-10,LO1,V1,train,sub-09,linear_predictivity,78,641,0.021973691184240283,,"[1000.0, 1000.0, 316.2277660168379, 1000.0, 1000.0]",0.06332945836001283,0.9983495600319143,0.9364444186144137,0.9746419391220238
sub-10,LO1,V1,test,sub-09,linear_predictivity,78,641,0.04653421068127937,"[0.04505805947286532, 0.04415222490903994, 0.05449405637403275, 0.04191009563277903, 0.04705661701767982]",,,,,
sub-10,LO1,V2,train,sub-09,linear_predictivity,78,754,0.030276397864618308,,"[316.2277660168379, 316.2277660168379, 316.2277660168379, 316.2277660168379, 316.2277660168379]",0.09062589836159653,0.9926276534157147,0.9091336056946488,0.9654780857196339
sub-10,LO1,V2,test,sub-09,linear_predictivity,78,754,0.06329652035391155,"[0.059482795639757544, 0.06428246414836054, 0.06814977529696939, 0.0582792950135449, 0.06628827167092533]",,,,,
sub-10,LO1,V3,train,sub-09,linear_predictivity,78,575,0.034677234128376734,,"[1000.0, 316.2277660168379, 316.2277660168379, 316.2277660168379, 1000.0]",0.08620803406226965,0.9907226468075402,0.913535461876658,0.9614639688479766
sub-10,LO1,V3,test,sub-09,linear_predictivity,78,575,0.07386569151818234,"[0.059900251063527234, 0.0806422612455622, 0.08521921537016222, 0.07596530858935208, 0.06760142132230795]",,,,,
sub-10,LO1,V4,train,sub-09,linear_predictivity,78,616,0.059365586081619216,,"[316.2277660168379, 316.2277660168379, 316.2277660168379, 316.2277660168379, 316.2277660168379]",0.11530134615421864,0.9797619177495583,0.8844855319803522,0.9371452305982135
sub-10,LO1,V4,test,sub-09,linear_predictivity,78,616,0.15741049900041332,"[0.15590517015664349, 0.16183869603288148, 0.15680517828580906, 0.15940259951271252, 0.15310085101402005]",,,,,
sub-10,LO1,V3A,train,sub-09,linear_predictivity,78,270,0.014739148087622146,,"[1000.0, 1000.0, 1000.0, 1000.0, 1000.0]",0.058508394612981476,0.9991224780771398,0.9411675971098334,0.9796100391430642
sub-10,LO1,V3A,test,sub-09,linear_predictivity,78,270,0.010227575789916224,"[-0.00905376504562266, 0.01033908307630249, 0.022437668100726078, 0.005208886895268623, 0.022206005922906592]",,,,,
sub-10,LO1,V3B,train,sub-09,linear_predictivity,78,148,0.06695308372171321,,"[316.2277660168379, 316.2277660168379, 316.2277660168379, 316.2277660168379, 316.2277660168379]",0.1261950642840323,0.9719561034058455,0.8734774241146358,0.9278736607111906
sub-10,LO1,V3B,test,sub-09,linear_predictivity,78,148,0.1874979132211532,"[0.19190774293780236, 0.1922603708971926, 0.173655123683819, 0.18643927062238233, 0.19322705796456977]",,,,,
sub-10,LO1,V6,train,sub-09,linear_predictivity,78,104,0.01557703067798406,,"[1000.0, 1000.0, 1000.0, 1000.0, 1000.0]",0.060724506148115344,0.9988818961934525,0.9390011177205059,0.9795702898614538
sub-10,LO1,V6,test,sub-09,linear_predictivity,78,104,0.0038651006934229,"[-0.0034111695786382948, -0.00045328170757312383, 0.011173897256362642, 0.0005860055876212247, 0.011430051909342051]",,,,,
sub-10,LO1,V6A,train,sub-09,linear_predictivity,78,85,0.05641261648715299,,"[316.2277660168379, 316.2277660168379, 316.2277660168379, 316.2277660168379, 316.2277660168379]",0.11857522636742676,0.9759565270496745,0.8810538746631765,0.9377052792296707
sub-10,LO1,V6A,test,sub-09,linear_predictivity,78,85,0.13869876105576978,"[0.13750238419463562, 0.15379866085222552, 0.12729690555248674, 0.13334621127983073, 0.14154964339967024]",,,,,
sub-10,LO1,V7,train,sub-09,linear_predictivity,78,87,0.06365691726077471,,"[316.2277660168379, 316.2277660168379, 316.2277660168379, 316.2277660168379, 316.2277660168379]",0.12507319047796012,0.9724832700183855,0.8745988487599418,0.9310963438493312
sub-10,LO1,V7,test,sub-09,linear_predictivity,78,87,0.13012733517932712,"[0.1279940026001167, 0.14588292083484086, 0.11805186297970909, 0.125261763784825, 0.1334461256971439]",,,,,
sub-10,LO1,V8,train,sub-09,linear_predictivity,78,101,0.04667635051452761,,"[1000.0, 316.2277660168379, 1000.0, 1000.0, 1000.0]",0.09060138202604272,0.9838591797875502,0.9091386664076122,0.9491889448069699
sub-10,LO1,V8,test,sub-09,linear_predictivity,78,101,0.14305187678507394,"[0.13663059040481507, 0.16564539940524192, 0.13406062574945873, 0.13937463701782749, 0.13954813134802646]",,,,,
sub-10,LO1,FFC,train,sub-09,linear_predictivity,78,263,0.12830890554595667,,"[316.2277660168379, 316.2277660168379, 316.2277660168379, 316.2277660168379, 316.2277660168379]",0.178631625729866,0.9451199970990389,0.8211207684442421,0.8676141380120299
sub-10,LO1,FFC,test,sub-09,linear_predictivity,78,263,0.3281589625743254,"[0.3334302128270407, 0.32288608263921603, 0.3247688495085866, 0.3292282774700376, 0.33048139042674635]",,,,,
sub-10,LO1,PIT,train,sub-09,linear_predictivity,78,123,0.12906103589740828,,"[316.2277660168379, 316.2277660168379, 316.2277660168379, 316.2277660168379, 316.2277660168379]",0.1764443479761461,0.9454306323694531,0.8233186391953057,0.8670706564097465
sub-10,LO1,PIT,test,sub-09,linear_predictivity,78,123,0.30197029594385516,"[0.29980255866711414, 0.300981517703417, 0.2977897594034472, 0.3102195268534913, 0.30105811709180613]",,,,,
sub-10,LO1,IPS1,train,sub-09,linear_predictivity,78,243,0.07220615583509638,,"[316.2277660168379, 316.2277660168379, 316.2277660168379, 316.2277660168379, 316.2277660168379]",0.12876197891944474,0.9705405069968938,0.8710123700228598,0.9239663496401324
sub-10,LO1,IPS1,test,sub-09,linear_predictivity,78,243,0.1939277362104992,"[0.19330562658786113, 0.20415092049073386, 0.18283076648996544, 0.18200356015848188, 0.20734780732545363]",,,,,
sub-10,LO1,MST,train,sub-09,linear_predictivity,78,149,0.15492069921316903,,"[100.0, 100.0, 100.0, 100.0, 100.0]",0.23303120692261053,0.9287158722848112,0.7666449920789324,0.8395211915021813
sub-10,LO1,MST,test,sub-09,linear_predictivity,78,149,0.30881433558781674,"[0.3132168834574857, 0.30854024025484644, 0.28523903093032515, 0.3089031613477965, 0.3281723619486301]",,,,,
sub-10,LO1,MT,train,sub-09,linear_predictivity,78,100,0.21592729336240177,,"[100.0, 100.0, 100.0, 100.0, 100.0]",0.2811590129875936,0.9027033876174378,0.7185839080324398,0.779890563915416
sub-10,LO1,MT,test,sub-09,linear_predictivity,78,100,0.437369414124786,"[0.43888193738107634, 0.4349371947357074, 0.42263453198959366, 0.4376706775040758, 0.45272272901347677]",,,,,
sub-10,LO1,FST,train,sub-09,linear_predictivity,78,156,0.11239115237565142,,"[316.2277660168379, 316.2277660168379, 316.2277660168379, 316.2277660168379, 316.2277660168379]",0.16635866938401728,0.9535643339467175,0.8334194105489023,0.8839717337304773
sub-10,LO1,FST,test,sub-09,linear_predictivity,78,156,0.2616972267836785,"[0.26624980926995623, 0.264510668148444, 0.2454618270600172, 0.25859367067866185, 0.27367015876131334]",,,,,
sub-10,LO1,LO1,train,sub-09,linear_predictivity,78,79,0.08081631563653918,,"[316.2277660168379, 316.2277660168379, 100.0, 316.2277660168379, 316.2277660168379]",0.1397084144802499,0.9684206546965208,0.8601316476938654,0.916574093711915
sub-10,LO1,LO1,test,sub-09,linear_predictivity,78,79,0.20453495406503192,"[0.20207417226124544, 0.21165040747786165, 0.1944925531890943, 0.20814236389049434, 0.20631527350646384]",,,,,
sub-10,LO1,LO2,train,sub-09,linear_predictivity,78,80,0.11148473743108464,,"[316.2277660168379, 316.2277660168379, 316.2277660168379, 316.2277660168379, 316.2277660168379]",0.1578544132877883,0.9561259319932326,0.8420012460234163,0.8862213594715971
sub-10,LO1,LO2,test,sub-09,linear_predictivity,78,80,0.27118416967688763,"[0.2635845042512787, 0.27559593458807713, 0.2629375172926773, 0.27908744220682324, 0.27471545004558173]",,,,,
sub-10,LO1,LO3,train,sub-09,linear_predictivity,78,125,0.15554199977623348,,"[316.2277660168379, 316.2277660168379, 100.0, 316.2277660168379, 316.2277660168379]",0.21526647159280737,0.9286753057439917,0.7845236478490784,0.8399649583395231
sub-10,LO1,LO3,test,sub-09,linear_predictivity,78,125,0.32552039081970263,"[0.3303339864135752, 0.32400605375679686, 0.3259579620006908, 0.32511273330177093, 0.3221912186256792]",,,,,
sub-10,LO1,V7,train,sub-09,linear_predictivity,78,87,0.06365691726077471,,"[316.2277660168379, 316.2277660168379, 316.2277660168379, 316.2277660168379, 316.2277660168379]",0.12507319047796012,0.9724832700183855,0.8745988487599418,0.9310963438493312
sub-10,LO1,V7,test,sub-09,linear_predictivity,78,87,0.13012733517932712,"[0.1279940026001167, 0.14588292083484086, 0.11805186297970909, 0.125261763784825, 0.1334461256971439]",,,,,
sub-10,LO1,IP0,train,sub-09,linear_predictivity,78,198,0.07854854239444586,,"[316.2277660168379, 316.2277660168379, 316.2277660168379, 316.2277660168379, 316.2277660168379]",0.136794382662666,0.9660055187946963,0.8628937930479612,0.9163689287778405
sub-10,LO1,IP0,test,sub-09,linear_predictivity,78,198,0.22782787931775017,"[0.23140873313015853, 0.23447106116105965, 0.2158910647428591, 0.21808189712956166, 0.239286640425112]",,,,,
sub-10,LO1,IP1,train,sub-09,linear_predictivity,78,114,0.022301669911023496,,"[1000.0, 1000.0, 1000.0, 1000.0, 1000.0]",0.06163562037749839,0.99757806449849,0.9380004588169533,0.9715407550833056
sub-10,LO1,IP1,test,sub-09,linear_predictivity,78,114,0.09039393417501615,"[0.09427763063142888, 0.09189767053916417, 0.0828523010042483, 0.07939388800839649, 0.10354818069184295]",,,,,
sub-10,LO1,MIP,train,sub-09,linear_predictivity,78,280,0.04401189270574359,,"[316.2277660168379, 316.2277660168379, 1000.0, 1000.0, 1000.0]",0.09557399108749405,0.9820343377537062,0.9040505452223618,0.9511321454026748
sub-10,LO1,MIP,test,sub-09,linear_predictivity,78,280,0.17877750181953883,"[0.19081113800838745, 0.19569462839859364, 0.16698215320896578, 0.16485688107368857, 0.1755427084080587]",,,,,
sub-10,LO1,VIP,train,sub-09,linear_predictivity,78,180,0.04753874345676075,,"[316.2277660168379, 100.0, 316.2277660168379, 316.2277660168379, 316.2277660168379]",0.11338016552112085,0.9799455191669644,0.8862523662766584,0.9469716993331385
sub-10,LO1,VIP,test,sub-09,linear_predictivity,78,180,0.1760982461499931,"[0.17390302632682, 0.196398599796466, 0.1639064212873687, 0.169105300755154, 0.17717788258415668]",,,,,
sub-10,LO1,LIPd,train,sub-09,linear_predictivity,78,69,0.0065126647268113425,,"[1000.0, 1000.0, 1000.0, 1000.0, 1000.0]",0.05390300894796794,1.0010523193436556,0.9456175172029285,0.9853433167278259
sub-10,LO1,LIPd,test,sub-09,linear_predictivity,78,69,0.049413392922882035,"[0.05518290928423329, 0.046891339832572806, 0.05221219965778566, 0.039444346495991975, 0.05333616934382646]",,,,,
sub-10,LO1,LIPv,train,sub-09,linear_predictivity,78,239,0.020504608876445778,,"[1000.0, 316.2277660168379, 1000.0, 1000.0, 1000.0]",0.0666649542626492,0.9954352375768263,0.9330383962004966,0.974413646482071
sub-10,LO1,LIPv,test,sub-09,linear_predictivity,78,239,0.07761044752586126,"[0.07949257829935773, 0.08691480329724335, 0.07213997720607583, 0.06952318620312957, 0.07998169262349977]",,,,,
sub-10,LO1,AIP,train,sub-09,linear_predictivity,78,275,0.025942835038341643,,"[1000.0, 1000.0, 1000.0, 1000.0, 1000.0]",0.06383569802735609,0.996543828026056,0.9358944201459269,0.969654137931767
sub-10,LO1,AIP,test,sub-09,linear_predictivity,78,275,0.08872684559072012,"[0.09217956684385988, 0.09185703902298888, 0.08665343763277424, 0.08166678173755405, 0.09127740271642362]",,,,,
sub-10,LO1,7Pm,train,sub-09,linear_predictivity,78,17,0.0031005781100584924,,"[3162.277660168379, 3162.277660168379, 10000.0, 10000.0, 10000.0]",0.021115539988971144,1.01363596086084,0.9787251295939026,0.9937091350902408
sub-10,LO1,7Pm,test,sub-09,linear_predictivity,78,17,0.030407544376007938,"[0.028997888387933195, 0.04347375514648616, 0.023666673536160913, 0.02529034564552257, 0.030609059163936865]",,,,,
sub-10,LO1,7PL,train,sub-09,linear_predictivity,78,133,0.052562480893756786,,"[100.0, 100.0, 316.2277660168379, 100.0, 316.2277660168379]",0.12783136729637584,0.9788169510594404,0.8719017514309927,0.9428622238831025
sub-10,LO1,7PL,test,sub-09,linear_predictivity,78,133,0.2466591256565011,"[0.24790740158505598, 0.2636820138675086, 0.2263197521254167, 0.25997296562568245, 0.23541349507884182]",,,,,
sub-10,LO1,7PC,train,sub-09,linear_predictivity,78,315,0.03916398720040042,,"[316.2277660168379, 316.2277660168379, 316.2277660168379, 316.2277660168379, 316.2277660168379]",0.09901462919770074,0.987623941062572,0.9006880676343787,0.9557145341758414
sub-10,LO1,7PC,test,sub-09,linear_predictivity,78,315,0.12047587947398526,"[0.11550081027356839, 0.12884366728951507, 0.11963018002999763, 0.11352684642629776, 0.12487789335054739]",,,,,
sub-10,LO1,7Am,train,sub-09,linear_predictivity,78,228,0.02461970273266655,,"[316.2277660168379, 316.2277660168379, 316.2277660168379, 316.2277660168379, 316.2277660168379]",0.08238822005125163,0.9958172966327734,0.9173840932695942,0.9715295021634457
sub-10,LO1,7Am,test,sub-09,linear_predictivity,78,228,0.106239352589603,"[0.10316462113269764, 0.1130059868146764, 0.09600647203184628, 0.1107467629991895, 0.10827291996960522]",,,,,
sub-10,LO1,7AL,train,sub-09,linear_predictivity,78,178,0.028463585550630846,,"[1000.0, 1000.0, 1000.0, 1000.0, 1000.0]",0.06228336798048413,0.9970228541058723,0.9375310998371618,0.968463630806555
sub-10,LO1,7AL,test,sub-09,linear_predictivity,78,178,0.06343427754000955,"[0.06806910843729373, 0.06584305634810697, 0.05424410249264371, 0.06405641169704206, 0.06495870872496126]",,,,,
sub-10,LO1,VVC,train,sub-09,linear_predictivity,78,151,0.04815965689665591,,"[1000.0, 1000.0, 1000.0, 1000.0, 1000.0]",0.08419124932974684,0.9856605001169602,0.9156126224301616,0.9486815086915461
sub-10,LO1,VVC,test,sub-09,linear_predictivity,78,151,0.1616311019302113,"[0.16762234572890697, 0.15923736872103925, 0.155908623194733, 0.15664689112704627, 0.16874028087933104]",,,,,
sub-10,LO1,VMV2,train,sub-09,linear_predictivity,78,119,0.08314955926977409,,"[316.2277660168379, 316.2277660168379, 316.2277660168379, 316.2277660168379, 316.2277660168379]",0.1379603897207598,0.9674598614088282,0.861869218416486,0.9141044031541661
sub-10,LO1,VMV2,test,sub-09,linear_predictivity,78,119,0.23710396961453095,"[0.24181024396394252, 0.23940303367387697, 0.2325794131901453, 0.23302859350717878, 0.23869856373751122]",,,,,
sub-10,LO1,VMV3,train,sub-09,linear_predictivity,78,109,0.05203368032456911,,"[316.2277660168379, 316.2277660168379, 1000.0, 1000.0, 316.2277660168379]",0.10694929472736425,0.9781262834421389,0.8927170115338019,0.9442700075685492
sub-10,LO1,VMV3,test,sub-09,linear_predictivity,78,109,0.1735235774558838,"[0.19038636314643284, 0.1776362494128742, 0.1645394603738452, 0.16074547887813134, 0.17431033546813543]",,,,,
sub-10,LO1,VMV1,train,sub-09,linear_predictivity,78,96,0.053795350544456194,,"[316.2277660168379, 316.2277660168379, 316.2277660168379, 316.2277660168379, 316.2277660168379]",0.10961395962315956,0.9825535440051645,0.8902087243222512,0.9430912365219195
sub-10,LO1,VMV1,test,sub-09,linear_predictivity,78,96,0.20080845524401028,"[0.20258559567650503, 0.20500477449292007, 0.20040667329181486, 0.19263836822920974, 0.20340686452960163]",,,,,
sub-10,LO1,PHA2,train,sub-09,linear_predictivity,78,17,0.020172721939873902,,"[1000.0, 1000.0, 1000.0, 3162.277660168379, 1000.0]",0.04988970029277573,1.0040231828009245,0.949988414762255,0.9783554216906006
sub-10,LO1,PHA2,test,sub-09,linear_predictivity,78,17,0.10441256077571155,"[0.10025712148208338, 0.11075637968243314, 0.10801657758431447, 0.09462262255336175, 0.10841010257636496]",,,,,
sub-10,LO1,PHA3,train,sub-09,linear_predictivity,78,104,0.04899977530810865,,"[316.2277660168379, 1000.0, 1000.0, 1000.0, 1000.0]",0.08551480313747616,0.984763688976894,0.9143573217623793,0.9487813112613181
sub-10,LO1,PHA3,test,sub-09,linear_predictivity,78,104,0.162278909516395,"[0.1810606053661261, 0.1633045194156963, 0.15600428163530233, 0.15589683064504192, 0.15512831051980852]",,,,,
sub-10,LO1,PH,train,sub-09,linear_predictivity,78,258,0.08916856791596557,,"[316.2277660168379, 316.2277660168379, 316.2277660168379, 316.2277660168379, 316.2277660168379]",0.1433439044512416,0.9649827147497861,0.8564037577323866,0.9066202433540574
sub-10,LO1,PH,test,sub-09,linear_predictivity,78,258,0.22553934612297222,"[0.23535024825120324, 0.22443170971532814, 0.2182772039337683, 0.21788139517228983, 0.23175617354227152]",,,,,
sub-10,LO2,V1,train,sub-09,linear_predictivity,80,641,0.0064479103912789635,,"[1000.0, 1000.0, 1000.0, 1000.0, 1000.0]",0.05125072801498861,1.0103633818497322,0.9485547187867887,0.990180516161406
sub-10,LO2,V1,test,sub-09,linear_predictivity,80,641,0.011556944139150063,"[0.011458028737178515, 0.015194394529381355, 0.009626796405581704, 0.011355626701079856, 0.010149874322528889]",,,,,
sub-10,LO2,V2,train,sub-09,linear_predictivity,80,754,0.016874127992660932,,"[1000.0, 1000.0, 1000.0, 1000.0, 1000.0]",0.062046036393395974,1.0041174107996078,0.9377175975242988,0.9790051198699696
sub-10,LO2,V2,test,sub-09,linear_predictivity,80,754,0.03149599147566644,"[0.026365680406275658, 0.03467131550452721, 0.035400086302252144, 0.03282636344763334, 0.028216511717643826]",,,,,
sub-10,LO2,V3,train,sub-09,linear_predictivity,80,575,0.019188457654204044,,"[1000.0, 1000.0, 1000.0, 1000.0, 1000.0]",0.06367917706478152,1.003133140926467,0.9361069080614886,0.977147112951954
sub-10,LO2,V3,test,sub-09,linear_predictivity,80,575,0.036625966724805406,"[0.030755657236363157, 0.0383046850950586, 0.03971268339872649, 0.03747045695795548, 0.03688635093592331]",,,,,
sub-10,LO2,V4,train,sub-09,linear_predictivity,80,616,0.03322515118701085,,"[1000.0, 1000.0, 1000.0, 1000.0, 1000.0]",0.07656560335529371,0.995563875094948,0.9232386231429661,0.9635847181602093
sub-10,LO2,V4,test,sub-09,linear_predictivity,80,616,0.06782726395470924,"[0.06473416832637421, 0.07033956603134646, 0.07042231747324117, 0.06970264234361245, 0.0639376255989719]",,,,,
sub-10,LO2,V3A,train,sub-09,linear_predictivity,80,270,0.007359368287504841,,"[1000.0, 1000.0, 1000.0, 1000.0, 1000.0]",0.05664045837931949,1.0080471530638575,0.9430442802026772,0.9871295973675063
sub-10,LO2,V3A,test,sub-09,linear_predictivity,80,270,-0.0038303229712221753,"[-0.018403427618918444, 0.0005725313895964805, 0.0002206547105670344, -0.005079812350524145, 0.0035384390131681957]",,,,,
sub-10,LO2,V3B,train,sub-09,linear_predictivity,80,148,0.05661448856921551,,"[316.2277660168379, 316.2277660168379, 1000.0, 1000.0, 316.2277660168379]",0.12443823277235548,0.9787095139075781,0.8749909697693671,0.9387329867214937
sub-10,LO2,V3B,test,sub-09,linear_predictivity,80,148,0.18440694703089555,"[0.1980248460016642, 0.20509485219880563, 0.15649695321784857, 0.16347199245460886, 0.19894609128155052]",,,,,
sub-10,LO2,V6,train,sub-09,linear_predictivity,80,104,0.020069971526137785,,"[1000.0, 1000.0, 1000.0, 1000.0, 1000.0]",0.06824407023905928,1.0026462796488835,0.9314778019113611,0.9751208062241694
sub-10,LO2,V6,test,sub-09,linear_predictivity,80,104,0.02773693214465226,"[0.02256860026399512, 0.029600343192157482, 0.03051679522365435, 0.022109892537079155, 0.03388902950637519]",,,,,
sub-10,LO2,V6A,train,sub-09,linear_predictivity,80,85,0.03606666726784268,,"[316.2277660168379, 316.2277660168379, 1000.0, 1000.0, 316.2277660168379]",0.1013270051229929,0.9892757142929488,0.8980995238676343,0.9585712648794262
sub-10,LO2,V6A,test,sub-09,linear_predictivity,80,85,0.1276756151634188,"[0.1379412299628599, 0.15048986951656254, 0.10165817238506958, 0.1045709955526811, 0.14371780839992077]",,,,,
sub-10,LO2,V7,train,sub-09,linear_predictivity,80,87,0.05342534189973743,,"[316.2277660168379, 1000.0, 1000.0, 1000.0, 1000.0]",0.1037314658924842,0.9818565881299912,0.8960257898785364,0.9423242996685154
sub-10,LO2,V7,test,sub-09,linear_predictivity,80,87,0.11169140980388423,"[0.13159144381837418, 0.12741599142248503, 0.09533319166833563, 0.09909427217915669, 0.1050221499310696]",,,,,
sub-10,LO2,V8,train,sub-09,linear_predictivity,80,101,0.02602835285159423,,"[1000.0, 1000.0, 1000.0, 1000.0, 1000.0]",0.07363197783305715,0.998042672844373,0.9261348145333763,0.9699833372500557
sub-10,LO2,V8,test,sub-09,linear_predictivity,80,101,0.07803373333165121,"[0.07624824744106633, 0.07576844559582137, 0.07765057081323376, 0.08064200961223571, 0.07985939319589891]",,,,,
sub-10,LO2,FFC,train,sub-09,linear_predictivity,80,263,0.13055139004682267,,"[316.2277660168379, 316.2277660168379, 316.2277660168379, 316.2277660168379, 316.2277660168379]",0.1936991475083067,0.9451857183922414,0.8060583743357445,0.8653035398442339
sub-10,LO2,FFC,test,sub-09,linear_predictivity,80,263,0.3597388200918493,"[0.3632684785384806, 0.3577474813551146, 0.35955163019661174, 0.36087854747456893, 0.35724796289447036]",,,,,
sub-10,LO2,PIT,train,sub-09,linear_predictivity,80,123,0.1576816513897465,,"[316.2277660168379, 316.2277660168379, 316.2277660168379, 316.2277660168379, 316.2277660168379]",0.2175867483460694,0.9316417002500105,0.782178353601091,0.8383505794220394
sub-10,LO2,PIT,test,sub-09,linear_predictivity,80,123,0.36072383218649107,"[0.35645538145093053, 0.36200615034364664, 0.3662071303664217, 0.3691841811766622, 0.3497663175947944]",,,,,
sub-10,LO2,IPS1,train,sub-09,linear_predictivity,80,243,0.082022896614823,,"[316.2277660168379, 316.2277660168379, 316.2277660168379, 1000.0, 316.2277660168379]",0.14518122700622307,0.9700075079391983,0.854512910690274,0.9137920242768885
sub-10,LO2,IPS1,test,sub-09,linear_predictivity,80,243,0.23150346740632083,"[0.23749660704213196, 0.25450143622363514, 0.22943061327952016, 0.18956406416475882, 0.246524616321558]",,,,,
sub-10,LO2,MST,train,sub-09,linear_predictivity,80,149,0.1373097418020514,,"[100.0, 316.2277660168379, 100.0, 100.0, 100.0]",0.22635239992203787,0.9394858466536047,0.7733267819446954,0.8571462821793456
sub-10,LO2,MST,test,sub-09,linear_predictivity,80,149,0.28631366605028075,"[0.2878719583960726, 0.28271989241539436, 0.2877949705189948, 0.276143881467215, 0.2970376274537269]",,,,,
sub-10,LO2,MT,train,sub-09,linear_predictivity,80,100,0.1748529285736468,,"[100.0, 316.2277660168379, 100.0, 100.0, 100.0]",0.25810221257314503,0.9236335184781828,0.7415927689484997,0.8207266423473287
sub-10,LO2,MT,test,sub-09,linear_predictivity,80,100,0.3570633389057493,"[0.3554486428765648, 0.3560399928703684, 0.35718048827510607, 0.35133373987218064, 0.36531383063452677]",,,,,
sub-10,LO2,FST,train,sub-09,linear_predictivity,80,156,0.1188531060565594,,"[316.2277660168379, 316.2277660168379, 316.2277660168379, 316.2277660168379, 316.2277660168379]",0.1816571413245899,0.9516372132486396,0.8181347217045669,0.877523742512729
sub-10,LO2,FST,test,sub-09,linear_predictivity,80,156,0.29956008166595566,"[0.30063387173925893, 0.3127559551661372, 0.29433878942614067, 0.2880706141687975, 0.3020011778294439]",,,,,
sub-10,LO2,LO1,train,sub-09,linear_predictivity,80,79,0.07474673528567742,,"[1000.0, 1000.0, 1000.0, 1000.0, 1000.0]",0.11194851632965594,0.9734972352963769,0.8879375063110814,0.9230798365720455
sub-10,LO2,LO1,test,sub-09,linear_predictivity,80,79,0.15440840212637091,"[0.14871215022552584, 0.16121335339766676, 0.15713957183636953, 0.14911204345845633, 0.15586489171383608]",,,,,
sub-10,LO2,LO2,train,sub-09,linear_predictivity,80,80,0.15498883309724204,,"[316.2277660168379, 316.2277660168379, 316.2277660168379, 316.2277660168379, 316.2277660168379]",0.21212243705743666,0.933092656454465,0.7877156222125881,0.842439417657166
sub-10,LO2,LO2,test,sub-09,linear_predictivity,80,80,0.3488608371293065,"[0.3405232914014019, 0.3609477755843574, 0.3491138142342269, 0.3483144166210832, 0.3454048878054631]",,,,,
sub-10,LO2,LO3,train,sub-09,linear_predictivity,80,125,0.12101494619069639,,"[316.2277660168379, 316.2277660168379, 316.2277660168379, 316.2277660168379, 316.2277660168379]",0.1847191536724568,0.9492898900421226,0.8150134091900945,0.8744486164503916
sub-10,LO2,LO3,test,sub-09,linear_predictivity,80,125,0.2723178873916242,"[0.27457961737270403, 0.2784356667964084, 0.26940986226825214, 0.26996680067132955, 0.2691974898494268]",,,,,
sub-10,LO2,V7,train,sub-09,linear_predictivity,80,87,0.05342534189973743,,"[316.2277660168379, 1000.0, 1000.0, 1000.0, 1000.0]",0.1037314658924842,0.9818565881299912,0.8960257898785364,0.9423242996685154
sub-10,LO2,V7,test,sub-09,linear_predictivity,80,87,0.11169140980388423,"[0.13159144381837418, 0.12741599142248503, 0.09533319166833563, 0.09909427217915669, 0.1050221499310696]",,,,,
sub-10,LO2,IP0,train,sub-09,linear_predictivity,80,198,0.07370344163982674,,"[1000.0, 316.2277660168379, 1000.0, 1000.0, 316.2277660168379]",0.13202580283745657,0.9732960301995301,0.8674170884037107,0.9214260073220422
sub-10,LO2,IP0,test,sub-09,linear_predictivity,80,198,0.23011871505774142,"[0.2133374404854174, 0.2648674672746637, 0.19863015420837815, 0.20774177968895632, 0.26601673363129147]",,,,,
sub-10,LO2,IP1,train,sub-09,linear_predictivity,80,114,0.02350405652384529,,"[1000.0, 1000.0, 1000.0, 1000.0, 1000.0]",0.06882538443214908,1.0011072944610127,0.930811204830964,0.9703605198506672
sub-10,LO2,IP1,test,sub-09,linear_predictivity,80,114,0.10455797089171633,"[0.10776960100369884, 0.11524318494120055, 0.09328250873928672, 0.08823322161339768, 0.11826133816099783]",,,,,
sub-10,LO2,MIP,train,sub-09,linear_predictivity,80,280,0.03962186063928234,,"[1000.0, 1000.0, 1000.0, 1000.0, 1000.0]",0.08348494834951689,0.9935039269944232,0.9162362539576593,0.9561676532983098
sub-10,LO2,MIP,test,sub-09,linear_predictivity,80,280,0.1562298590919731,"[0.15294230019686103, 0.16993952313216767, 0.14848821850646265, 0.14675208096809825, 0.1630271726562759]",,,,,
sub-10,LO2,VIP,train,sub-09,linear_predictivity,80,180,0.05180841579212349,,"[1000.0, 1000.0, 1000.0, 1000.0, 1000.0]",0.09331642866622644,0.9879318834131405,0.9063933087512556,0.9437623791770848
sub-10,LO2,VIP,test,sub-09,linear_predictivity,80,180,0.16605269504726433,"[0.16607004591368368, 0.18459861679274642, 0.155078231631349, 0.15982939563409101, 0.16468718526445145]",,,,,
sub-10,LO2,LIPd,train,sub-09,linear_predictivity,80,69,-0.006958676112244762,,"[3162.277660168379, 3162.277660168379, 3162.277660168379, 3162.277660168379, 3162.277660168379]",0.026188894437893857,1.0159884083971282,0.9733317683961719,0.9990854895912402
sub-10,LO2,LIPd,test,sub-09,linear_predictivity,80,69,0.004664894138667191,"[0.015616923743639433, 0.008619103239859332, 0.0013544262646658339, -0.014312621644513999, 0.012046639089685358]",,,,,
sub-10,LO2,LIPv,train,sub-09,linear_predictivity,80,239,0.005551702654924813,,"[3162.277660168379, 1000.0, 3162.277660168379, 3162.277660168379, 1000.0]",0.041250275016262834,1.010661687575333,0.9584146622644443,0.9898223554106746
sub-10,LO2,LIPv,test,sub-09,linear_predictivity,80,239,0.03561952868092933,"[0.03506596543424477, 0.053381445803047024, 0.01891582247460314, 0.016219622080961393, 0.054514787611790315]",,,,,
sub-10,LO2,AIP,train,sub-09,linear_predictivity,80,275,0.02000977753828123,,"[1000.0, 1000.0, 1000.0, 1000.0, 1000.0]",0.06474500729731873,1.005307219093556,0.9350031768018257,0.9757398049145672
sub-10,LO2,AIP,test,sub-09,linear_predictivity,80,275,0.07954717235555717,"[0.08114791774496309, 0.08844166704857563, 0.07449560196048108, 0.07496437851975328, 0.07868629650401275]",,,,,
sub-10,LO2,7Pm,train,sub-09,linear_predictivity,80,17,-0.0015325641011050247,,"[10000.0, 10000.0, 31622.776601683796, 31622.776601683796, 10000.0]",0.01345725049810717,1.0251774010672818,0.9863712222689266,0.9983186053575555
sub-10,LO2,7Pm,test,sub-09,linear_predictivity,80,17,0.02233153623556836,"[0.026877862982312043, 0.02394285029875216, 0.014876866218607732, 0.014459258590102794, 0.03150084308806707]",,,,,
sub-10,LO2,7PL,train,sub-09,linear_predictivity,80,133,0.045382175528013734,,"[1000.0, 1000.0, 1000.0, 1000.0, 1000.0]",0.08864417025508046,0.9909031849326698,0.9110731391476407,0.9503836186559894
sub-10,LO2,7PL,test,sub-09,linear_predictivity,80,133,0.178398964184661,"[0.1693227957806532, 0.18936614416692452, 0.1681126717721796, 0.17837233865871596, 0.1868208705448318]",,,,,
sub-10,LO2,7PC,train,sub-09,linear_predictivity,80,315,0.03885852290986633,,"[1000.0, 1000.0, 1000.0, 1000.0, 316.2277660168379]",0.08910898703929018,0.9898531993489901,0.9105291686943104,0.9562922467005434
sub-10,LO2,7PC,test,sub-09,linear_predictivity,80,315,0.11556448103131363,"[0.10946854456077756, 0.12280940429620585, 0.10505918852186052, 0.10299651302310392, 0.1374887547546202]",,,,,
sub-10,LO2,7Am,train,sub-09,linear_predictivity,80,228,0.02360869235776639,,"[1000.0, 1000.0, 1000.0, 1000.0, 1000.0]",0.06968973749887512,1.001325401397636,0.9300847063100715,0.9727018600369641
sub-10,LO2,7Am,test,sub-09,linear_predictivity,80,228,0.08904503273854777,"[0.09223482934421755, 0.0986852565481795, 0.08005628742066905, 0.08594740885590683, 0.08830138152376586]",,,,,
sub-10,LO2,7AL,train,sub-09,linear_predictivity,80,178,0.02757373701522248,,"[1000.0, 1000.0, 1000.0, 1000.0, 1000.0]",0.07120823721025502,0.9986290174422005,0.9286163149105157,0.9694486104796397
sub-10,LO2,7AL,test,sub-09,linear_predictivity,80,178,0.06301574834023485,"[0.06631781390674768, 0.07495245154862294, 0.05517791663159446, 0.06110784599415597, 0.057522713620053255]",,,,,
sub-10,LO2,VVC,train,sub-09,linear_predictivity,80,151,0.043870181364707175,,"[1000.0, 1000.0, 1000.0, 1000.0, 1000.0]",0.08920287139145164,0.9917111555165743,0.9105870627374882,0.952720211555022
sub-10,LO2,VVC,test,sub-09,linear_predictivity,80,151,0.15415950917098598,"[0.15605342111195117, 0.1558493834717157, 0.14958798098916118, 0.15132434176707507, 0.1579824185150267]",,,,,
sub-10,LO2,VMV2,train,sub-09,linear_predictivity,80,119,0.05233543011876878,,"[1000.0, 1000.0, 1000.0, 1000.0, 1000.0]",0.09958139347686072,0.9845628112837215,0.9002480193075575,0.9449827672338931
sub-10,LO2,VMV2,test,sub-09,linear_predictivity,80,119,0.1339875553066122,"[0.1350792696031386, 0.13667131218606382, 0.1326503087314984, 0.13415909050283054, 0.13137779550952966]",,,,,
sub-10,LO2,VMV3,train,sub-09,linear_predictivity,80,109,0.040281335147397145,,"[1000.0, 1000.0, 1000.0, 1000.0, 1000.0]",0.08647161322017995,0.9922797328337751,0.9132962252703132,0.9560825258742893
sub-10,LO2,VMV3,test,sub-09,linear_predictivity,80,109,0.10234273330706459,"[0.11051483206337738, 0.09874404242654373, 0.09876701320380028, 0.10888729219306492, 0.09480048664853659]",,,,,
sub-10,LO2,VMV1,train,sub-09,linear_predictivity,80,96,0.042579031971928964,,"[1000.0, 1000.0, 1000.0, 1000.0, 1000.0]",0.08844228969347229,0.9910383878961714,0.9113570533905854,0.9540757603118625
sub-10,LO2,VMV1,test,sub-09,linear_predictivity,80,96,0.12652793699194492,"[0.12379873899286371, 0.13161611055451158, 0.1269762064488066, 0.12183348193212544, 0.12841514703141732]",,,,,
sub-10,LO2,PHA2,train,sub-09,linear_predictivity,80,17,0.016045406876150078,,"[1000.0, 1000.0, 1000.0, 1000.0, 1000.0]",0.05922519188206943,1.0081888688059482,0.9406944526359483,0.9826113849725443
sub-10,LO2,PHA2,test,sub-09,linear_predictivity,80,17,0.08082125811886784,"[0.07382429468325323, 0.0823585210463952, 0.08382278427438401, 0.08040116083959364, 0.08369952975071308]",,,,,
sub-10,LO2,PHA3,train,sub-09,linear_predictivity,80,104,0.04307819483698286,,"[1000.0, 1000.0, 1000.0, 1000.0, 1000.0]",0.08444189738760674,0.9936432200261285,0.915416026933678,0.9545698174511095
sub-10,LO2,PHA3,test,sub-09,linear_predictivity,80,104,0.12554056556347773,"[0.1256730921388693, 0.1319407550303043, 0.12382038906590759, 0.1220687526058535, 0.12419983897645397]",,,,,
sub-10,LO2,PH,train,sub-09,linear_predictivity,80,258,0.10066117600489703,,"[1000.0, 1000.0, 1000.0, 316.2277660168379, 1000.0]",0.14635867103028052,0.9605104681095288,0.8533883610895039,0.8951368889642396
sub-10,LO2,PH,test,sub-09,linear_predictivity,80,258,0.25059437551066116,"[0.2513969894315357, 0.24897938741567904, 0.24063587224568156, 0.2638201060144018, 0.2481395224460076]",,,,,
sub-10,LO3,V1,train,sub-09,linear_predictivity,113,641,0.014319684347836845,,"[1000.0, 1000.0, 1000.0, 1000.0, 1000.0]",0.06866122261662419,1.0099587332600763,0.9311489835131436,0.9824547961846545
sub-10,LO3,V1,test,sub-09,linear_predictivity,113,641,0.03748442421313777,"[0.03734877091340373, 0.0356726164405497, 0.040089469574163254, 0.03873762387315414, 0.035573640264418026]",,,,,
sub-10,LO3,V2,train,sub-09,linear_predictivity,113,754,0.02545123135093731,,"[1000.0, 1000.0, 1000.0, 1000.0, 1000.0]",0.0814517620926797,1.0009382700284883,0.9183098461867774,0.9704878814219342
sub-10,LO3,V2,test,sub-09,linear_predictivity,113,754,0.046753273419425354,"[0.045471626918581934, 0.04692195549048555, 0.049555239155626686, 0.04975399108520038, 0.04206355444723222]",,,,,
sub-10,LO3,V3,train,sub-09,linear_predictivity,113,575,0.027260751146806084,,"[1000.0, 1000.0, 1000.0, 1000.0, 1000.0]",0.08281438013678968,1.0002115167260284,0.9169704788548689,0.9690951598607965
sub-10,LO3,V3,test,sub-09,linear_predictivity,113,575,0.050600384731257754,"[0.04737425452262067, 0.05050038488580176, 0.05525606605744143, 0.05090514258990556, 0.04896607560051935]",,,,,
sub-10,LO3,V4,train,sub-09,linear_predictivity,113,616,0.04383828958208434,,"[1000.0, 1000.0, 1000.0, 1000.0, 1000.0]",0.09927742905026116,0.9930690150519956,0.9005164380624262,0.9529141585875001
sub-10,LO3,V4,test,sub-09,linear_predictivity,113,616,0.10254495893454632,"[0.10071453353127789, 0.10655318598139597, 0.10282614033701047, 0.1020549376300537, 0.1005759971929935]",,,,,
sub-10,LO3,V3A,train,sub-09,linear_predictivity,113,270,0.014615336330159295,,"[1000.0, 1000.0, 1000.0, 1000.0, 1000.0]",0.06886134544833464,1.0092890089686717,0.9308254212250349,0.9798865346157969
sub-10,LO3,V3A,test,sub-09,linear_predictivity,113,270,0.014301254206661437,"[0.00031462826728525763, 0.012848070351209714, 0.02009995473322123, 0.010804498884186343, 0.02743911879740464]",,,,,
sub-10,LO3,V3B,train,sub-09,linear_predictivity,113,148,0.066022569698757,,"[1000.0, 316.2277660168379, 1000.0, 316.2277660168379, 316.2277660168379]",0.14470438175740546,0.9763927585511858,0.8549083452956354,0.9294175542631958
sub-10,LO3,V3B,test,sub-09,linear_predictivity,113,148,0.20965684541800686,"[0.19443882658380934, 0.22259308533271696, 0.18366296338124513, 0.21755439932279907, 0.23003495246946382]",,,,,
sub-10,LO3,V6,train,sub-09,linear_predictivity,113,104,0.028878885248401917,,"[1000.0, 1000.0, 1000.0, 1000.0, 1000.0]",0.08745284953274732,0.9986516577039186,0.9122479272764684,0.9661382764858537
sub-10,LO3,V6,test,sub-09,linear_predictivity,113,104,0.02718350279305005,"[0.018393511622198946, 0.023210075695819864, 0.025720312967744803, 0.02705130366007004, 0.04154231001941661]",,,,,
sub-10,LO3,V6A,train,sub-09,linear_predictivity,113,85,0.06729498746721495,,"[316.2277660168379, 316.2277660168379, 316.2277660168379, 316.2277660168379, 316.2277660168379]",0.15859700571964525,0.9755300870234551,0.8411160484365438,0.9278718553401312
sub-10,LO3,V6A,test,sub-09,linear_predictivity,113,85,0.1748606223396885,"[0.1719442871306621, 0.1854442962421611, 0.1633841821795261, 0.16694153752564492, 0.18658880862044827]",,,,,
sub-10,LO3,V7,train,sub-09,linear_predictivity,113,87,0.049936997905383446,,"[316.2277660168379, 316.2277660168379, 316.2277660168379, 316.2277660168379, 316.2277660168379]",0.14532881367395287,0.9813146739337897,0.8543636466039217,0.9450874480695741
sub-10,LO3,V7,test,sub-09,linear_predictivity,113,87,0.13179880782983605,"[0.1355592042325047, 0.14717758339325954, 0.1154775624451238, 0.1260236045089754, 0.1347560845693168]",,,,,
sub-10,LO3,V8,train,sub-09,linear_predictivity,113,101,0.038420892141533144,,"[1000.0, 1000.0, 1000.0, 1000.0, 316.2277660168379]",0.10473910407481742,0.9933661578389638,0.8949695364092213,0.9572764008699564
sub-10,LO3,V8,test,sub-09,linear_predictivity,113,101,0.12078235054904904,"[0.11308036748026556, 0.12139384857940505, 0.11451671613360359, 0.1210720035489974, 0.13384881700297363]",,,,,
sub-10,LO3,FFC,train,sub-09,linear_predictivity,113,263,0.15131023693301768,,"[316.2277660168379, 316.2277660168379, 316.2277660168379, 316.2277660168379, 316.2277660168379]",0.22778087167364766,0.9360768700254916,0.7719711332938763,0.8444648466770053
sub-10,LO3,FFC,test,sub-09,linear_predictivity,113,263,0.3660517810973981,"[0.37124677343743606, 0.36247346786803425, 0.361389556957669, 0.371499467321032, 0.3636496399028193]",,,,,
sub-10,LO3,PIT,train,sub-09,linear_predictivity,113,123,0.137301720051885,,"[316.2277660168379, 316.2277660168379, 316.2277660168379, 316.2277660168379, 316.2277660168379]",0.2154738892257484,0.944262741908952,0.7842650469809685,0.8585253719001058
sub-10,LO3,PIT,test,sub-09,linear_predictivity,113,123,0.3225355235987588,"[0.32127843510081144, 0.32262509154429, 0.3195012556940278, 0.3291260134508779, 0.3201468222037872]",,,,,
sub-10,LO3,IPS1,train,sub-09,linear_predictivity,113,243,0.07125796171161075,,"[316.2277660168379, 316.2277660168379, 316.2277660168379, 316.2277660168379, 316.2277660168379]",0.16044700310761478,0.9733511585447804,0.8393359556959131,0.9250151694078831
sub-10,LO3,IPS1,test,sub-09,linear_predictivity,113,243,0.22101958944176894,"[0.22513710827070643, 0.2313125086853743, 0.20589349641384028, 0.21178518632611837, 0.23096964751280535]",,,,,
sub-10,LO3,MST,train,sub-09,linear_predictivity,113,149,0.21477693902281017,,"[100.0, 100.0, 100.0, 100.0, 100.0]",0.33140832680263244,0.8994860510906131,0.668242450865784,0.7788892257462452
sub-10,LO3,MST,test,sub-09,linear_predictivity,113,149,0.3991838914225638,"[0.4021971353322078, 0.40529398235744424, 0.3840145898689713, 0.3941683353726696, 0.4102454141815262]",,,,,
sub-10,LO3,MT,train,sub-09,linear_predictivity,113,100,0.284163721068545,,"[100.0, 100.0, 100.0, 100.0, 100.0]",0.3881613201218222,0.8629894922894117,0.6115147763274699,0.7100336774529654
sub-10,LO3,MT,test,sub-09,linear_predictivity,113,100,0.5219852621002167,"[0.5249536610786231, 0.5288026862353421, 0.5125647459250979, 0.5138362236429889, 0.5297689936190313]",,,,,
sub-10,LO3,FST,train,sub-09,linear_predictivity,113,156,0.13218631132026223,,"[316.2277660168379, 316.2277660168379, 316.2277660168379, 316.2277660168379, 316.2277660168379]",0.21473380209437848,0.9462452761168765,0.7850365028554692,0.8639738504425944
sub-10,LO3,FST,test,sub-09,linear_predictivity,113,156,0.30362297399114574,"[0.3039695144399543, 0.3056014544782096, 0.28829878391266534, 0.3033405492769084, 0.3169045678479912]",,,,,
sub-10,LO3,LO1,train,sub-09,linear_predictivity,113,79,0.028072840165887077,,"[1000.0, 1000.0, 1000.0, 1000.0, 1000.0]",0.08131037185065722,1.0008820399263711,0.9185533425416306,0.969681553212044
sub-10,LO3,LO1,test,sub-09,linear_predictivity,113,79,0.0952098361646851,"[0.10107205900131803, 0.10803467393667357, 0.08507831732335297, 0.0958094997034356, 0.08605463085864533]",,,,,
sub-10,LO3,LO2,train,sub-09,linear_predictivity,113,80,0.10805631226544928,,"[316.2277660168379, 316.2277660168379, 316.2277660168379, 316.2277660168379, 316.2277660168379]",0.18916705676568477,0.9595589746493515,0.8106839348833186,0.8895239825622875
sub-10,LO3,LO2,test,sub-09,linear_predictivity,113,80,0.24928396813871134,"[0.24465512248377969, 0.25364126970189577, 0.24428565183741663, 0.25565900406305453, 0.24817879260741008]",,,,,
sub-10,LO3,LO3,train,sub-09,linear_predictivity,113,125,0.15770360312707374,,"[316.2277660168379, 316.2277660168379, 316.2277660168379, 316.2277660168379, 100.0]",0.25488416066666575,0.9232763871751415,0.7447197365797811,0.8366625638407055
sub-10,LO3,LO3,test,sub-09,linear_predictivity,113,125,0.3602501748848739,"[0.37052868175910636, 0.3585521305615547, 0.3431834582896653, 0.35215953054833243, 0.3768270732657105]",,,,,
sub-10,LO3,V7,train,sub-09,linear_predictivity,113,87,0.049936997905383446,,"[316.2277660168379, 316.2277660168379, 316.2277660168379, 316.2277660168379, 316.2277660168379]",0.14532881367395287,0.9813146739337897,0.8543636466039217,0.9450874480695741
sub-10,LO3,V7,test,sub-09,linear_predictivity,113,87,0.13179880782983605,"[0.1355592042325047, 0.14717758339325954, 0.1154775624451238, 0.1260236045089754, 0.1347560845693168]",,,,,
sub-10,LO3,IP0,train,sub-09,linear_predictivity,113,198,0.07962346466210009,,"[316.2277660168379, 316.2277660168379, 316.2277660168379, 316.2277660168379, 316.2277660168379]",0.173220233585556,0.9677701344690577,0.826473234620466,0.9152872567217158
sub-10,LO3,IP0,test,sub-09,linear_predictivity,113,198,0.27563653228657753,"[0.2777197545452195, 0.2820052159559297, 0.2529645775448661, 0.2714622505147175, 0.2940308628721546]",,,,,
sub-10,LO3,IP1,train,sub-09,linear_predictivity,113,114,0.02120135580760276,,"[1000.0, 1000.0, 1000.0, 1000.0, 1000.0]",0.07667007637712606,1.0056786958769222,0.9229649780919074,0.9724387998284503
sub-10,LO3,IP1,test,sub-09,linear_predictivity,113,114,0.10295728750670788,"[0.10373593551159571, 0.10097011286661627, 0.08434517280889213, 0.10550040984016244, 0.1202348065062728]",,,,,
sub-10,LO3,MIP,train,sub-09,linear_predictivity,113,280,0.05416997910488446,,"[316.2277660168379, 316.2277660168379, 316.2277660168379, 1000.0, 1000.0]",0.13498554251189626,0.9822555777010574,0.864679019415638,0.9412702353466909
sub-10,LO3,MIP,test,sub-09,linear_predictivity,113,280,0.20653577841528312,"[0.20435779457708225, 0.21390332020094144, 0.2049424770658974, 0.20119673383949924, 0.2082785663929953]",,,,,
sub-10,LO3,VIP,train,sub-09,linear_predictivity,113,180,0.05708312666646451,,"[316.2277660168379, 316.2277660168379, 316.2277660168379, 316.2277660168379, 316.2277660168379]",0.15169948367268624,0.978888128577539,0.8480411532353767,0.9383796203950101
sub-10,LO3,VIP,test,sub-09,linear_predictivity,113,180,0.18873362851366143,"[0.18772303082036998, 0.20063933182047478, 0.16875877791079538, 0.18961325125532977, 0.1969337507613372]",,,,,
sub-10,LO3,LIPd,train,sub-09,linear_predictivity,113,69,0.01509640967044784,,"[1000.0, 1000.0, 1000.0, 1000.0, 1000.0]",0.07663287678809236,1.008497644684565,0.9228985734769768,0.9768961321023928
sub-10,LO3,LIPd,test,sub-09,linear_predictivity,113,69,0.07599240927897515,"[0.07890083502820051, 0.06675505480507955, 0.0650121721654672, 0.07834791411018509, 0.09094607028594337]",,,,,
sub-10,LO3,LIPv,train,sub-09,linear_predictivity,113,239,0.030196998387036628,,"[1000.0, 1000.0, 1000.0, 1000.0, 1000.0]",0.0887638597753924,0.9980666408301337,0.9109510822038537,0.9650310367873021
sub-10,LO3,LIPv,test,sub-09,linear_predictivity,113,239,0.12215230884922876,"[0.1275243417158362, 0.11586883859324439, 0.11065418574409208, 0.1232811099777815, 0.13343306821518966]",,,,,
sub-10,LO3,AIP,train,sub-09,linear_predictivity,113,275,0.031518963653922955,,"[1000.0, 1000.0, 1000.0, 1000.0, 1000.0]",0.0838441512130226,1.0004210706639394,0.9159082385690752,0.9642908547621734
sub-10,LO3,AIP,test,sub-09,linear_predictivity,113,275,0.11036562234618677,"[0.10160208932642813, 0.11257810836905081, 0.10958291627010343, 0.10905899542104973, 0.11900600234430166]",,,,,
sub-10,LO3,7Pm,train,sub-09,linear_predictivity,113,17,0.007674702445124743,,"[1000.0, 3162.277660168379, 3162.277660168379, 1000.0, 3162.277660168379]",0.05041100513174712,1.0135465580191718,0.9492391241579108,0.988459539576219
sub-10,LO3,7Pm,test,sub-09,linear_predictivity,113,17,0.058358540443683715,"[0.06512941458770828, 0.05580633147720988, 0.05445160251587595, 0.05221021075279898, 0.0641951428848255]",,,,,
sub-10,LO3,7PL,train,sub-09,linear_predictivity,113,133,0.07542347316932183,,"[316.2277660168379, 316.2277660168379, 316.2277660168379, 316.2277660168379, 316.2277660168379]",0.16417551448208245,0.9753985460631822,0.8355659126577419,0.9202923681333676
sub-10,LO3,7PL,test,sub-09,linear_predictivity,113,133,0.2456928865138636,"[0.23918988717775763, 0.250459592252958, 0.23728972912922608, 0.24559075362036445, 0.2559344703890117]",,,,,
sub-10,LO3,7PC,train,sub-09,linear_predictivity,113,315,0.04765436795049633,,"[316.2277660168379, 316.2277660168379, 316.2277660168379, 316.2277660168379, 316.2277660168379]",0.138879287873804,0.9870127700282921,0.8608743696162249,0.9478861368883547
sub-10,LO3,7PC,test,sub-09,linear_predictivity,113,315,0.15891170072096433,"[0.14719889654476925, 0.17080972739841896, 0.15464341569485449, 0.15804784036265387, 0.1638586236041252]",,,,,
sub-10,LO3,7Am,train,sub-09,linear_predictivity,113,228,0.05773390334592031,,"[316.2277660168379, 316.2277660168379, 316.2277660168379, 316.2277660168379, 316.2277660168379]",0.14512188301545778,0.9853552376448267,0.8546835273888366,0.938808361922954
sub-10,LO3,7Am,test,sub-09,linear_predictivity,113,228,0.1658102208402764,"[0.1669042656185936, 0.1644388973576287, 0.1561711391667279, 0.17037882017303632, 0.17115798188539552]",,,,,
sub-10,LO3,7AL,train,sub-09,linear_predictivity,113,178,0.031055038657578957,,"[316.2277660168379, 1000.0, 1000.0, 316.2277660168379, 316.2277660168379]",0.11136924140589648,0.9963261779176049,0.8884481641038903,0.9655277645551404
sub-10,LO3,7AL,test,sub-09,linear_predictivity,113,178,0.11501223036016636,"[0.1165433863704156, 0.09768002754092514, 0.08394424500354718, 0.14010824444711364, 0.1367852484388302]",,,,,
sub-10,LO3,VVC,train,sub-09,linear_predictivity,113,151,0.05315845243940105,,"[1000.0, 1000.0, 1000.0, 1000.0, 1000.0]",0.10452372047602551,0.9897008497487875,0.8952663615244324,0.9433293936311757
sub-10,LO3,VVC,test,sub-09,linear_predictivity,113,151,0.18499958674242034,"[0.18763046796220467, 0.18236633347091133, 0.17732292317893547, 0.18685253168714194, 0.19082567741290823]",,,,,
sub-10,LO3,VMV2,train,sub-09,linear_predictivity,113,119,0.10824237240975501,,"[316.2277660168379, 316.2277660168379, 316.2277660168379, 316.2277660168379, 316.2277660168379]",0.19410757760292643,0.9597026660083193,0.8057111364735727,0.8885999522983938
sub-10,LO3,VMV2,test,sub-09,linear_predictivity,113,119,0.2868339556674221,"[0.28223815772274596, 0.29154994815734975, 0.28644136755033633, 0.29049770739006414, 0.2834425975166143]",,,,,
sub-10,LO3,VMV3,train,sub-09,linear_predictivity,113,109,0.06531410284786542,,"[1000.0, 1000.0, 1000.0, 1000.0, 316.2277660168379]",0.12809846173628608,0.980469063939816,0.8716093294124114,0.9304139346585212
sub-10,LO3,VMV3,test,sub-09,linear_predictivity,113,109,0.20599738608162327,"[0.206995013819595, 0.204588103895506, 0.20306016775861027, 0.2012486282851261, 0.21409501664927907]",,,,,
sub-10,LO3,VMV1,train,sub-09,linear_predictivity,113,96,0.08149868998660834,,"[1000.0, 1000.0, 316.2277660168379, 1000.0, 1000.0]",0.13876716287873775,0.9753084192567293,0.861038806945106,0.9152965886003592
sub-10,LO3,VMV1,test,sub-09,linear_predictivity,113,96,0.23099479242565976,"[0.2278805319332955, 0.2310121720106112, 0.24021033206587808, 0.22442529249686874, 0.2314456336216453]",,,,,
sub-10,LO3,PHA2,train,sub-09,linear_predictivity,113,17,0.02979565811714366,,"[3162.277660168379, 1000.0, 1000.0, 1000.0, 1000.0]",0.07484396542721575,1.0062050890337235,0.9249741083314497,0.9680477351495675
sub-10,LO3,PHA2,test,sub-09,linear_predictivity,113,17,0.1366828805223515,"[0.11708382036018529, 0.13821918074040393, 0.14161446400801014, 0.14340140394375472, 0.1430955335594033]",,,,,
sub-10,LO3,PHA3,train,sub-09,linear_predictivity,113,104,0.07249902485684591,,"[1000.0, 1000.0, 1000.0, 1000.0, 1000.0]",0.12109413077369595,0.9812553694441852,0.8787407067047235,0.9248044396271629
sub-10,LO3,PHA3,test,sub-09,linear_predictivity,113,104,0.22872023200607053,"[0.22968325296037362, 0.22823299892047852, 0.22393258823494538, 0.22888482060385298, 0.23286749931070208]",,,,,
sub-10,LO3,PH,train,sub-09,linear_predictivity,113,258,0.1033067768945093,,"[316.2277660168379, 316.2277660168379, 316.2277660168379, 316.2277660168379, 316.2277660168379]",0.1861143039659996,0.9599313972103684,0.8136075464763133,0.8920034400445387
sub-10,LO3,PH,test,sub-09,linear_predictivity,113,258,0.2508609353555614,"[0.262998318322642, 0.24606840218465967, 0.23341321167784448, 0.2525247751520242, 0.2592999694406368]",,,,,
sub-10,V7,V1,train,sub-09,linear_predictivity,61,641,0.009992345273022526,,"[1000.0, 1000.0, 1000.0, 1000.0, 1000.0]",0.04438382693167663,1.005175243578075,0.9554070971877795,0.9865719207009741
sub-10,V7,V1,test,sub-09,linear_predictivity,61,641,0.0033270860717232063,"[0.007284345774897757, 0.004384807488513767, 0.0013636648227943495, 0.004291341353056565, -0.0006887290806464044]",,,,,
sub-10,V7,V2,train,sub-09,linear_predictivity,61,754,0.017794003035818063,,"[1000.0, 1000.0, 316.2277660168379, 1000.0, 316.2277660168379]",0.06498096779183055,0.9974393639951403,0.9348256171319577,0.9779285991744704
sub-10,V7,V2,test,sub-09,linear_predictivity,61,754,0.031123944079574483,"[0.028559372997110827, 0.029566077070528832, 0.03970762364632747, 0.03120128341384729, 0.026585363270057998]",,,,,
sub-10,V7,V3,train,sub-09,linear_predictivity,61,575,0.014946127548562595,,"[1000.0, 1000.0, 1000.0, 1000.0, 316.2277660168379]",0.056237258663008084,1.0003007664213377,0.9435896532935534,0.9813248303566595
sub-10,V7,V3,test,sub-09,linear_predictivity,61,575,0.017298293042888532,"[0.015552813911294055, 0.018388751741344002, 0.017203651449353256, 0.0180754335612824, 0.01727081455116895]",,,,,
sub-10,V7,V4,train,sub-09,linear_predictivity,61,616,0.01571564157478598,,"[1000.0, 1000.0, 1000.0, 1000.0, 1000.0]",0.0512171939763796,1.0008686880930069,0.9485786427803513,0.9809757179537115
sub-10,V7,V4,test,sub-09,linear_predictivity,61,616,0.02342622826683029,"[0.02423854649815285, 0.024362016899210706, 0.021111426426645662, 0.026452134567315988, 0.020967016942826235]",,,,,
sub-10,V7,V3A,train,sub-09,linear_predictivity,61,270,0.026902388021822998,,"[316.2277660168379, 316.2277660168379, 316.2277660168379, 316.2277660168379, 316.2277660168379]",0.08918555294855801,0.9918202962461236,0.910529422940449,0.9678161213415126
sub-10,V7,V3A,test,sub-09,linear_predictivity,61,270,0.03279089001763045,"[0.022360274205205772, 0.03194345770264396, 0.03781804303309229, 0.032345897201268285, 0.03948677794594195]",,,,,
sub-10,V7,V3B,train,sub-09,linear_predictivity,61,148,0.08951720659561635,,"[316.2277660168379, 316.2277660168379, 316.2277660168379, 316.2277660168379, 316.2277660168379]",0.1485140168967622,0.9576794038707044,0.8511189143448995,0.9046187815542117
sub-10,V7,V3B,test,sub-09,linear_predictivity,61,148,0.25344002134846055,"[0.25420588847968234, 0.2595888684191785, 0.23718949557893643, 0.24900895747119575, 0.2672068967933097]",,,,,
sub-10,V7,V6,train,sub-09,linear_predictivity,61,104,0.02625007360403216,,"[1000.0, 316.2277660168379, 316.2277660168379, 316.2277660168379, 316.2277660168379]",0.08581847667017184,0.990407832350322,0.9139182138330064,0.969249437878488
sub-10,V7,V6,test,sub-09,linear_predictivity,61,104,0.0330971202259967,"[0.023754950101854324, 0.03982909927833196, 0.03252749818859579, 0.03211469459756077, 0.037259358963640646]",,,,,
sub-10,V7,V6A,train,sub-09,linear_predictivity,61,85,0.07632822998282081,,"[316.2277660168379, 100.0, 100.0, 100.0, 316.2277660168379]",0.1519372676756314,0.9663032053278886,0.847776693566867,0.9163584430999991
sub-10,V7,V6A,test,sub-09,linear_predictivity,61,85,0.20158206631681663,"[0.19198387027817326, 0.21700943304133238, 0.19460229138924706, 0.19405242884626625, 0.21026230802906407]",,,,,
sub-10,V7,V7,train,sub-09,linear_predictivity,61,87,0.10681254135648958,,"[316.2277660168379, 316.2277660168379, 316.2277660168379, 316.2277660168379, 316.2277660168379]",0.16273868903192784,0.9517334011521139,0.8369051266635182,0.8874547558651498
sub-10,V7,V7,test,sub-09,linear_predictivity,61,87,0.23042415260305438,"[0.22898840337509685, 0.23744068392284354, 0.21749837159210086, 0.2296724421158491, 0.23852086200938158]",,,,,
sub-10,V7,V8,train,sub-09,linear_predictivity,61,101,0.003444454067794265,,"[1000.0, 1000.0, 1000.0, 1000.0, 1000.0]",0.04166023870090362,1.006883591221143,0.9580978241450145,0.9926142358248169
sub-10,V7,V8,test,sub-09,linear_predictivity,61,101,0.008506902029084178,"[0.012191385982089275, -0.00046145181052233895, 0.009272380116027924, 0.013535136367813996, 0.007997059490012032]",,,,,
sub-10,V7,FFC,train,sub-09,linear_predictivity,61,263,0.03697831084095627,,"[316.2277660168379, 316.2277660168379, 316.2277660168379, 316.2277660168379, 316.2277660168379]",0.09562292485058554,0.9884758701900619,0.9041428600808599,0.9590601468034059
sub-10,V7,FFC,test,sub-09,linear_predictivity,61,263,0.10463273699914075,"[0.11284920870322931, 0.09362814068242993, 0.10761577292388748, 0.10857558087104091, 0.10049498181511614]",,,,,
sub-10,V7,PIT,train,sub-09,linear_predictivity,61,123,0.019920133497337233,,"[316.2277660168379, 316.2277660168379, 316.2277660168379, 316.2277660168379, 316.2277660168379]",0.07937294975475226,0.9971657726340561,0.9203945618479661,0.976345657174915
sub-10,V7,PIT,test,sub-09,linear_predictivity,61,123,0.054650666415410484,"[0.05918454057851734, 0.03970846572248669, 0.05779041145515434, 0.06734652538218275, 0.049223388938711324]",,,,,
sub-10,V7,IPS1,train,sub-09,linear_predictivity,61,243,0.08586177336628668,,"[1000.0, 1000.0, 1000.0, 1000.0, 316.2277660168379]",0.12788304749513535,0.9594482824896584,0.871749349131551,0.9094562438375234
sub-10,V7,IPS1,test,sub-09,linear_predictivity,61,243,0.24162746454267228,"[0.23203672296146138, 0.24725995650927465, 0.22899351916792857, 0.23102581613540987, 0.2688213079392869]",,,,,
sub-10,V7,MST,train,sub-09,linear_predictivity,61,149,0.14884381238272584,,"[100.0, 100.0, 100.0, 100.0, 100.0]",0.2218653598812273,0.9391964531520424,0.7778641090522319,0.846157736266874
sub-10,V7,MST,test,sub-09,linear_predictivity,61,149,0.2787246138122737,"[0.27514242001216827, 0.28403197585416357, 0.26984185096565333, 0.2824647684714706, 0.2821420537579128]",,,,,
sub-10,V7,MT,train,sub-09,linear_predictivity,61,100,0.1471349326340865,,"[100.0, 100.0, 100.0, 100.0, 100.0]",0.2201258993437131,0.9431461510107283,0.7797140100521623,0.8498468197226681
sub-10,V7,MT,test,sub-09,linear_predictivity,61,100,0.2635022319760976,"[0.25817653605511465, 0.2635857178808754, 0.25901838802631366, 0.27118320073900587, 0.26554731717917845]",,,,,
sub-10,V7,FST,train,sub-09,linear_predictivity,61,156,0.09566001902729679,,"[316.2277660168379, 316.2277660168379, 316.2277660168379, 316.2277660168379, 316.2277660168379]",0.14688738721922717,0.9589613779525239,0.8528908992969226,0.9006038520666811
sub-10,V7,FST,test,sub-09,linear_predictivity,61,156,0.2388955968962428,"[0.2359554885627962, 0.24204676328101327, 0.23335934076557655, 0.23798850222830056, 0.24512788964352736]",,,,,
sub-10,V7,LO1,train,sub-09,linear_predictivity,61,79,0.0572668643141984,,"[1000.0, 1000.0, 1000.0, 1000.0, 316.2277660168379]",0.09310769073833429,0.9788798335187219,0.9067960062565519,0.9410263921920888
sub-10,V7,LO1,test,sub-09,linear_predictivity,61,79,0.12598726627021442,"[0.12183127230236698, 0.1282475640227019, 0.11963635041202184, 0.12287571088503861, 0.13734543372894278]",,,,,
sub-10,V7,LO2,train,sub-09,linear_predictivity,61,80,0.02433370781237901,,"[316.2277660168379, 316.2277660168379, 316.2277660168379, 316.2277660168379, 316.2277660168379]",0.08185700219338679,0.994609119088451,0.9179873399924567,0.9729814154697844
sub-10,V7,LO2,test,sub-09,linear_predictivity,61,80,0.07762217759534866,"[0.07528877286692219, 0.07216474559993787, 0.07201566818981472, 0.08457457264603005, 0.08406712867403845]",,,,,
sub-10,V7,LO3,train,sub-09,linear_predictivity,61,125,0.0835259691050018,,"[316.2277660168379, 316.2277660168379, 316.2277660168379, 100.0, 100.0]",0.14813208237116685,0.9671745416509973,0.8515067528298387,0.9131841049291495
sub-10,V7,LO3,test,sub-09,linear_predictivity,61,125,0.17571736514215117,"[0.1804639357738652, 0.16289796924204938, 0.16782868139177465, 0.18562751681871964, 0.181768722484347]",,,,,
sub-10,V7,V7,train,sub-09,linear_predictivity,61,87,0.10681254135648958,,"[316.2277660168379, 316.2277660168379, 316.2277660168379, 316.2277660168379, 316.2277660168379]",0.16273868903192784,0.9517334011521139,0.8369051266635182,0.8874547558651498
sub-10,V7,V7,test,sub-09,linear_predictivity,61,87,0.23042415260305438,"[0.22898840337509685, 0.23744068392284354, 0.21749837159210086, 0.2296724421158491, 0.23852086200938158]",,,,,
sub-10,V7,IP0,train,sub-09,linear_predictivity,61,198,0.06836438566617581,,"[316.2277660168379, 316.2277660168379, 316.2277660168379, 1000.0, 1000.0]",0.12215501054911442,0.9668675351910313,0.8775109010106952,0.9260822116406988
sub-10,V7,IP0,test,sub-09,linear_predictivity,61,198,0.2236577507504942,"[0.23144168637718418, 0.239313462535176, 0.21638756867373746, 0.20231433873001703, 0.22883169743635648]",,,,,
sub-10,V7,IP1,train,sub-09,linear_predictivity,61,114,0.012058927496066704,,"[3162.277660168379, 3162.277660168379, 3162.277660168379, 3162.277660168379, 3162.277660168379]",0.03740780461181802,1.0006628562398947,0.9621948357606426,0.9812890767936768
sub-10,V7,IP1,test,sub-09,linear_predictivity,61,114,0.0796444102726042,"[0.08274716283244384, 0.08080245364563886, 0.0759632544532447, 0.06325324525120811, 0.09545593518048552]",,,,,
sub-10,V7,MIP,train,sub-09,linear_predictivity,61,280,0.04148035690329409,,"[316.2277660168379, 316.2277660168379, 316.2277660168379, 316.2277660168379, 316.2277660168379]",0.10197852007506229,0.9815741965659608,0.8977163051505412,0.9534975343885433
sub-10,V7,MIP,test,sub-09,linear_predictivity,61,280,0.1852119317427256,"[0.18736725609363936, 0.19745766060974007, 0.1793633023059115, 0.16766577248568781, 0.19420566721864932]",,,,,
sub-10,V7,VIP,train,sub-09,linear_predictivity,61,180,0.07052007363936076,,"[316.2277660168379, 316.2277660168379, 316.2277660168379, 316.2277660168379, 316.2277660168379]",0.13064830207564646,0.9669726575800481,0.8690269700831077,0.92387953242973
sub-10,V7,VIP,test,sub-09,linear_predictivity,61,180,0.2211843496634799,"[0.21849032919066885, 0.2348912671137272, 0.21189560259326556, 0.21059850495162058, 0.23004604446811747]",,,,,
sub-10,V7,LIPd,train,sub-09,linear_predictivity,61,69,-0.007471988150880064,,"[3162.277660168379, 1000.0, 3162.277660168379, 3162.277660168379, 3162.277660168379]",0.023627971303738463,1.0095256967861934,0.9759787560872007,0.9997957910967556
sub-10,V7,LIPd,test,sub-09,linear_predictivity,61,69,-0.005113993054768123,"[0.004491791835421797, 0.0038089915877662847, -0.005158146343694838, -0.03176361626106316, 0.003051013907729302]",,,,,
sub-10,V7,LIPv,train,sub-09,linear_predictivity,61,239,0.02132472099373566,,"[1000.0, 1000.0, 1000.0, 1000.0, 1000.0]",0.057625395249529456,0.9969238085753144,0.9420896512404028,0.9739356061746204
sub-10,V7,LIPv,test,sub-09,linear_predictivity,61,239,0.08258097196082989,"[0.09156261970789593, 0.08732654583250975, 0.07720938058659288, 0.06785676593265297, 0.08894954774449794]",,,,,
sub-10,V7,AIP,train,sub-09,linear_predictivity,61,275,0.0236068560167573,,"[1000.0, 1000.0, 1000.0, 3162.277660168379, 1000.0]",0.05512974779482729,0.9966543988356094,0.9445993383722326,0.9721951862141557
sub-10,V7,AIP,test,sub-09,linear_predictivity,61,275,0.08674138509366436,"[0.0864572351492449, 0.09675667835269605, 0.08593178393499691, 0.07321479214175845, 0.09134643588962552]",,,,,
sub-10,V7,7Pm,train,sub-09,linear_predictivity,61,17,0.007273588245876633,,"[10000.0, 3162.277660168379, 3162.277660168379, 3162.277660168379, 3162.277660168379]",0.022300801488741834,1.0088797728891596,0.9774832148410602,0.9895778383071694
sub-10,V7,7Pm,test,sub-09,linear_predictivity,61,17,0.025358153368804464,"[0.018466891362947182, 0.02446273577343605, 0.022735727410701036, 0.027262048360645354, 0.03386336393629269]",,,,,
sub-10,V7,7PL,train,sub-09,linear_predictivity,61,133,0.04810467722956274,,"[316.2277660168379, 100.0, 100.0, 100.0, 316.2277660168379]",0.1226292318936824,0.9809468487744273,0.8772009229671788,0.9470259722245677
sub-10,V7,7PL,test,sub-09,linear_predictivity,61,133,0.19980583991155343,"[0.18127349301502416, 0.22880806662902953, 0.2058348270480963, 0.19623166529604535, 0.1868811475695717]",,,,,
sub-10,V7,7PC,train,sub-09,linear_predictivity,61,315,0.07154746670115143,,"[316.2277660168379, 316.2277660168379, 316.2277660168379, 316.2277660168379, 316.2277660168379]",0.1290201842082303,0.9685925093242034,0.8706515772128224,0.9227476391919487
sub-10,V7,7PC,test,sub-09,linear_predictivity,61,315,0.19543612063719357,"[0.18339267351565988, 0.2023357724357203, 0.1961181266659952, 0.18945781826282823, 0.2058762123057641]",,,,,
sub-10,V7,7Am,train,sub-09,linear_predictivity,61,228,0.020366512278170826,,"[1000.0, 316.2277660168379, 1000.0, 1000.0, 1000.0]",0.061497959437176494,0.9974943370712523,0.9382620612259783,0.9759203871144413
sub-10,V7,7Am,test,sub-09,linear_predictivity,61,228,0.0715727162544033,"[0.06433769963778294, 0.08611164207790557, 0.06907414810063424, 0.06956468820703146, 0.06877540324866234]",,,,,
sub-10,V7,7AL,train,sub-09,linear_predictivity,61,178,0.031628169971713735,,"[1000.0, 1000.0, 1000.0, 1000.0, 1000.0]",0.06551629855910295,0.9925027242016349,0.9343082613570063,0.9654059302193906
sub-10,V7,7AL,test,sub-09,linear_predictivity,61,178,0.08211876643763152,"[0.07808003073934029, 0.08327013026861368, 0.0761083295975695, 0.08372644079560025, 0.08940890078703397]",,,,,
sub-10,V7,VVC,train,sub-09,linear_predictivity,61,151,0.02088592615812399,,"[1000.0, 1000.0, 316.2277660168379, 1000.0, 1000.0]",0.061161454435372534,0.9963926208721852,0.9386267749426347,0.9755161119354241
sub-10,V7,VVC,test,sub-09,linear_predictivity,61,151,0.09586553419636877,"[0.09940076978169958, 0.09117665644929766, 0.10241890234873346, 0.08571118036527006, 0.10062016203684317]",,,,,
sub-10,V7,VMV2,train,sub-09,linear_predictivity,61,119,0.05459957013054532,,"[100.0, 100.0, 100.0, 100.0, 100.0]",0.13590260485442776,0.9814035170035791,0.8639033253366705,0.9420366150457001
sub-10,V7,VMV2,test,sub-09,linear_predictivity,61,119,0.20613918172650245,"[0.22103861577309405, 0.21095405844337523, 0.19965601912789113, 0.19886886355229516, 0.20017835173585666]",,,,,
sub-10,V7,VMV3,train,sub-09,linear_predictivity,61,109,0.029104794783463603,,"[316.2277660168379, 316.2277660168379, 316.2277660168379, 316.2277660168379, 316.2277660168379]",0.09053019905800011,0.9896868833352249,0.909209819118562,0.9664487274519076
sub-10,V7,VMV3,test,sub-09,linear_predictivity,61,109,0.10472481868345514,"[0.11998600335128244, 0.10190434188094619, 0.0945998975172793, 0.10439788513946259, 0.10273596552830513]",,,,,
sub-10,V7,VMV1,train,sub-09,linear_predictivity,61,96,0.03383530021392247,,"[316.2277660168379, 316.2277660168379, 316.2277660168379, 316.2277660168379, 316.2277660168379]",0.09018449659419094,0.9913220973957119,0.9096080052218574,0.9626651489917109
sub-10,V7,VMV1,test,sub-09,linear_predictivity,61,96,0.12551019874679142,"[0.1311861684776844, 0.12316444291787669, 0.12670131369507723, 0.12248121629027643, 0.12401785235304245]",,,,,
sub-10,V7,PHA2,train,sub-09,linear_predictivity,61,17,0.014076379048607555,,"[1000.0, 316.2277660168379, 316.2277660168379, 316.2277660168379, 316.2277660168379]",0.06418124019006492,1.0016724188629929,0.9356428222967447,0.9837785116826832
sub-10,V7,PHA2,test,sub-09,linear_predictivity,61,17,0.09087659365914572,"[0.07470946072979234, 0.0929972076649705, 0.09465655922519337, 0.09114669508054678, 0.10087304559522554]",,,,,
sub-10,V7,PHA3,train,sub-09,linear_predictivity,61,104,0.033599518696642024,,"[316.2277660168379, 316.2277660168379, 100.0, 316.2277660168379, 316.2277660168379]",0.09372331167187516,0.9913078667899506,0.9061066237753879,0.96382286861341
sub-10,V7,PHA3,test,sub-09,linear_predictivity,61,104,0.1438356676456201,"[0.14878671705250393, 0.142790238064043, 0.15109621356562092, 0.13134551448793405, 0.14515965505799866]",,,,,
sub-10,V7,PH,train,sub-09,linear_predictivity,61,258,0.048776350222844315,,"[316.2277660168379, 316.2277660168379, 316.2277660168379, 316.2277660168379, 316.2277660168379]",0.10420285954788777,0.982109811103928,0.8955462843844069,0.9469298234406793
sub-10,V7,PH,test,sub-09,linear_predictivity,61,258,0.12891832173733037,"[0.1322871324069749, 0.12606455088466162, 0.12442651864230715, 0.1320058399260299, 0.12980756682667843]",,,,,
sub-10,IP0,V1,train,sub-09,linear_predictivity,103,641,0.00777252480078885,,"[3162.277660168379, 3162.277660168379, 1000.0, 1000.0, 1000.0]",0.052587708774699926,1.0118755345834534,0.9471525878961149,0.9886450732900185
sub-10,IP0,V1,test,sub-09,linear_predictivity,103,641,-0.002265553628006089,"[-0.003558530437734573, -0.005791792236333898, -0.0020434406652579265, 0.003971223137288951, -0.0039052279379929978]",,,,,
sub-10,IP0,V2,train,sub-09,linear_predictivity,103,754,0.017688258777667058,,"[1000.0, 1000.0, 1000.0, 1000.0, 1000.0]",0.07188602248901944,1.0051624803807448,0.9278636399637803,0.97802267969285
sub-10,IP0,V2,test,sub-09,linear_predictivity,103,754,0.022676745716241398,"[0.016754749696622592, 0.025512312866368174, 0.0261953756658185, 0.025840490803935343, 0.019080799548462375]",,,,,
sub-10,IP0,V3,train,sub-09,linear_predictivity,103,575,0.014713085955557183,,"[1000.0, 1000.0, 1000.0, 1000.0, 1000.0]",0.06800671226840956,1.0069995522999813,0.9317731814400478,0.9815293946894663
sub-10,IP0,V3,test,sub-09,linear_predictivity,103,575,0.010520248932745564,"[0.007737189193639234, 0.00939268632889298, 0.01111856541671691, 0.01659942011538215, 0.007753383609096546]",,,,,
sub-10,IP0,V4,train,sub-09,linear_predictivity,103,616,0.02725440353933289,,"[1000.0, 1000.0, 1000.0, 1000.0, 1000.0]",0.07898960455191076,1.0007531909115979,0.920807136307219,0.9694603944161442
sub-10,IP0,V4,test,sub-09,linear_predictivity,103,616,0.04843363702537466,"[0.050328333492525884, 0.04693760972073697, 0.04627837360729535, 0.055477292730645306, 0.04314657557566985]",,,,,
sub-10,IP0,V3A,train,sub-09,linear_predictivity,103,270,0.014005137148921383,,"[3162.277660168379, 3162.277660168379, 3162.277660168379, 3162.277660168379, 3162.277660168379]",0.04476417968634361,1.0095811847680907,0.9549250936986967,0.9807193165423689
sub-10,IP0,V3A,test,sub-09,linear_predictivity,103,270,-0.03182898060375769,"[-0.047980775567331074, -0.027874391177609748, -0.029277407821908005, -0.032159590862442196, -0.021852737589497427]",,,,,
sub-10,IP0,V3B,train,sub-09,linear_predictivity,103,148,0.06549198636499673,,"[1000.0, 1000.0, 1000.0, 1000.0, 1000.0]",0.11746992677472756,0.9780855609453836,0.8822135155884852,0.929645762094443
sub-10,IP0,V3B,test,sub-09,linear_predictivity,103,148,0.16789847229128266,"[0.16606455758131258, 0.17858465620904868, 0.15373159043488405, 0.16861136405472774, 0.1725001931764402]",,,,,
sub-10,IP0,V6,train,sub-09,linear_predictivity,103,104,0.021446434837720373,,"[1000.0, 3162.277660168379, 3162.277660168379, 1000.0, 1000.0]",0.06905810590807132,1.0022671370137526,0.9307365869768571,0.9738779549463963
sub-10,IP0,V6,test,sub-09,linear_predictivity,103,104,0.0027038882808382266,"[-0.005598928160314021, -0.0029407997904820904, -0.0056269192751412294, 0.012478927606222946, 0.01520716102390553]",,,,,
sub-10,IP0,V6A,train,sub-09,linear_predictivity,103,85,0.03376898232029998,,"[1000.0, 1000.0, 1000.0, 1000.0, 1000.0]",0.08486243798991477,0.9974964550251031,0.914856071074721,0.9614705774051926
sub-10,IP0,V6A,test,sub-09,linear_predictivity,103,85,0.0840462383145287,"[0.08020452142754074, 0.09121673823723535, 0.07257094331369857, 0.08264999433935194, 0.0935889942548169]",,,,,
sub-10,IP0,V7,train,sub-09,linear_predictivity,103,87,0.03893421987613144,,"[1000.0, 1000.0, 1000.0, 1000.0, 1000.0]",0.08996666653410088,0.9933540986311765,0.9097671033375241,0.9565280565943286
sub-10,IP0,V7,test,sub-09,linear_predictivity,103,87,0.05934775791077124,"[0.05919410855291979, 0.0684768524151541, 0.049334052276825135, 0.05839990315673255, 0.061333873152224605]",,,,,
sub-10,IP0,V8,train,sub-09,linear_predictivity,103,101,0.017473618803249918,,"[1000.0, 1000.0, 1000.0, 1000.0, 1000.0]",0.07046608670270334,1.0061373714655482,0.9292742679407697,0.9783281491441105
sub-10,IP0,V8,test,sub-09,linear_predictivity,103,101,0.06052683723199319,"[0.05719706816369035, 0.05836791602393251, 0.0559677632893414, 0.06698172807704053, 0.06411971060596117]",,,,,
sub-10,IP0,FFC,train,sub-09,linear_predictivity,103,263,0.059574239205405194,,"[316.2277660168379, 316.2277660168379, 1000.0, 316.2277660168379, 316.2277660168379]",0.13779183228900296,0.9793961717251515,0.861944304344177,0.9362681512428942
sub-10,IP0,FFC,test,sub-09,linear_predictivity,103,263,0.18325081039068655,"[0.1902233803160541, 0.18222987010052838, 0.15515965889376002, 0.19526334245900862, 0.19337780018408152]",,,,,
sub-10,IP0,PIT,train,sub-09,linear_predictivity,103,123,0.06114992357038776,,"[1000.0, 316.2277660168379, 1000.0, 1000.0, 316.2277660168379]",0.1283231519769369,0.9797156871978856,0.8714505343607689,0.9349634458649797
sub-10,IP0,PIT,test,sub-09,linear_predictivity,103,123,0.1360634373820311,"[0.13159027805709014, 0.1432314798643009, 0.11908942365408613, 0.13729703558155976, 0.14910896975311863]",,,,,
sub-10,IP0,IPS1,train,sub-09,linear_predictivity,103,243,0.06736303716487023,,"[1000.0, 1000.0, 1000.0, 1000.0, 1000.0]",0.11657552568735911,0.9778943956418455,0.8831590961596317,0.9285136586976288
sub-10,IP0,IPS1,test,sub-09,linear_predictivity,103,243,0.1391501040739394,"[0.13733646023854823, 0.14921759080321775, 0.1330751780501473, 0.13187677000689565, 0.14424452127088802]",,,,,
sub-10,IP0,MST,train,sub-09,linear_predictivity,103,149,0.09034378980813645,,"[316.2277660168379, 316.2277660168379, 316.2277660168379, 316.2277660168379, 316.2277660168379]",0.1690091021891893,0.9662407790722058,0.8306906785852043,0.9041571111066748
sub-10,IP0,MST,test,sub-09,linear_predictivity,103,149,0.17762645746521902,"[0.1683704687465886, 0.17972216268991967, 0.1638065803686239, 0.17551561772551075, 0.2007174577954521]",,,,,
sub-10,IP0,MT,train,sub-09,linear_predictivity,103,100,0.09396045815595896,,"[316.2277660168379, 316.2277660168379, 316.2277660168379, 316.2277660168379, 316.2277660168379]",0.17115820407174645,0.9649616749376231,0.8285873831957922,0.9015899413911072
sub-10,IP0,MT,test,sub-09,linear_predictivity,103,100,0.20152915208504568,"[0.19785953249710583, 0.19898912987553058, 0.18149227220497585, 0.20232076901719587, 0.2269840568304204]",,,,,
sub-10,IP0,FST,train,sub-09,linear_predictivity,103,156,0.0926819927877772,,"[316.2277660168379, 316.2277660168379, 316.2277660168379, 316.2277660168379, 316.2277660168379]",0.16891060777255426,0.966966551382915,0.830846921190933,0.9030354746425525
sub-10,IP0,FST,test,sub-09,linear_predictivity,103,156,0.20818341459374928,"[0.2053873003503336, 0.21134765082735846, 0.20486912334067015, 0.21062492255572954, 0.20868807589465482]",,,,,
sub-10,IP0,LO1,train,sub-09,linear_predictivity,103,79,0.06478949513734863,,"[1000.0, 316.2277660168379, 316.2277660168379, 316.2277660168379, 316.2277660168379]",0.13682063342482262,0.9810611439455734,0.8629016911875809,0.9329264322958514
sub-10,IP0,LO1,test,sub-09,linear_predictivity,103,79,0.09292136280551802,"[0.07355136571565558, 0.10363930291968747, 0.08867349473768676, 0.10402278112872206, 0.09471986952583827]",,,,,
sub-10,IP0,LO2,train,sub-09,linear_predictivity,103,80,0.059691359060802855,,"[1000.0, 316.2277660168379, 1000.0, 316.2277660168379, 316.2277660168379]",0.134155635583939,0.9794038127676593,0.8655229114957337,0.9371679797076252
sub-10,IP0,LO2,test,sub-09,linear_predictivity,103,80,0.10579234567884335,"[0.09424155779971563, 0.10927980375762195, 0.09037485080085605, 0.12073407574924391, 0.11433144028677922]",,,,,
sub-10,IP0,LO3,train,sub-09,linear_predictivity,103,125,0.06983201408145101,,"[316.2277660168379, 316.2277660168379, 316.2277660168379, 316.2277660168379, 316.2277660168379]",0.15225463925929256,0.9751192441498893,0.847460193433063,0.925299624429843
sub-10,IP0,LO3,test,sub-09,linear_predictivity,103,125,0.18872011316385928,"[0.1896484160492273, 0.18218095987908225, 0.18145484428685, 0.1920923086023568, 0.19822403700178004]",,,,,
sub-10,IP0,V7,train,sub-09,linear_predictivity,103,87,0.03893421987613144,,"[1000.0, 1000.0, 1000.0, 1000.0, 1000.0]",0.08996666653410088,0.9933540986311765,0.9097671033375241,0.9565280565943286
sub-10,IP0,V7,test,sub-09,linear_predictivity,103,87,0.05934775791077124,"[0.05919410855291979, 0.0684768524151541, 0.049334052276825135, 0.05839990315673255, 0.061333873152224605]",,,,,
sub-10,IP0,IP0,train,sub-09,linear_predictivity,103,198,0.07860345586183472,,"[1000.0, 1000.0, 1000.0, 1000.0, 1000.0]",0.12974410898991595,0.9702725082315048,0.8699406693711561,0.9164241849107115
sub-10,IP0,IP0,test,sub-09,linear_predictivity,103,198,0.1960923227233855,"[0.19274453080639523, 0.20589434458872996, 0.1841466143146398, 0.1921803239470245, 0.2054957999601379]",,,,,
sub-10,IP0,IP1,train,sub-09,linear_predictivity,103,114,0.02494368375096323,,"[1000.0, 1000.0, 1000.0, 1000.0, 1000.0]",0.07661076179853918,1.0024656448445737,0.9230151183173051,0.9685503589189656
sub-10,IP0,IP1,test,sub-09,linear_predictivity,103,114,0.08683852562185326,"[0.08842799406964108, 0.0884983147819312, 0.08318836369272252, 0.07867378093703095, 0.09540417462794046]",,,,,
sub-10,IP0,MIP,train,sub-09,linear_predictivity,103,280,0.05352225950263831,,"[1000.0, 1000.0, 1000.0, 1000.0, 1000.0]",0.10578237752176647,0.9868627780809124,0.8939280905763939,0.9418096839764768
sub-10,IP0,MIP,test,sub-09,linear_predictivity,103,280,0.1895311415486099,"[0.18902275001604063, 0.196429496875006, 0.18511452773372752, 0.18495294438592785, 0.19213598873234752]",,,,,
sub-10,IP0,VIP,train,sub-09,linear_predictivity,103,180,0.043417470408598356,,"[1000.0, 1000.0, 1000.0, 1000.0, 1000.0]",0.09780782473856257,0.9914197607600178,0.901918745179422,0.9518378758528805
sub-10,IP0,VIP,test,sub-09,linear_predictivity,103,180,0.12813394420079205,"[0.1309151284512797, 0.14236268583456413, 0.12105059592682481, 0.12216470666908942, 0.12417660412220208]",,,,,
sub-10,IP0,LIPd,train,sub-09,linear_predictivity,103,69,0.005419592625899017,,"[3162.277660168379, 3162.277660168379, 3162.277660168379, 3162.277660168379, 3162.277660168379]",0.04321626448771705,1.0109689419301375,0.9562701650076321,0.9862904845412734
sub-10,IP0,LIPd,test,sub-09,linear_predictivity,103,69,0.05347492208154535,"[0.05969505844236983, 0.053227057699994466, 0.05544201190144131, 0.03854133180525117, 0.060469150558669964]",,,,,
sub-10,IP0,LIPv,train,sub-09,linear_predictivity,103,239,0.026330584652791467,,"[1000.0, 1000.0, 1000.0, 1000.0, 1000.0]",0.07991766890704319,1.0011867018166263,0.9197980611286493,0.96877096225616
sub-10,IP0,LIPv,test,sub-09,linear_predictivity,103,239,0.11343743737129466,"[0.12188208662046951, 0.1086060424332207, 0.11255643031842753, 0.10850182849131076, 0.11564079899304483]",,,,,
sub-10,IP0,AIP,train,sub-09,linear_predictivity,103,275,0.02228317147644806,,"[3162.277660168379, 3162.277660168379, 3162.277660168379, 3162.277660168379, 3162.277660168379]",0.05185797088584112,1.0066530310875952,0.9478913002855425,0.9736290626674056
sub-10,IP0,AIP,test,sub-09,linear_predictivity,103,275,0.07956168932560499,"[0.08252775765053301, 0.08293693868727371, 0.08046863680403589, 0.07264950685780498, 0.07922560662837737]",,,,,
sub-10,IP0,7Pm,train,sub-09,linear_predictivity,103,17,0.0021562039801603537,,"[10000.0, 3162.277660168379, 10000.0, 10000.0, 3162.277660168379]",0.022471079748037477,1.0223784850462756,0.9773763479445495,0.9946534610595046
sub-10,IP0,7Pm,test,sub-09,linear_predictivity,103,17,0.023427559568605434,"[0.021571826446520812, 0.021494988777254184, 0.022791662898455148, 0.026543213393088908, 0.024736106327708115]",,,,,
sub-10,IP0,7PL,train,sub-09,linear_predictivity,103,133,0.056637937699311657,,"[1000.0, 1000.0, 1000.0, 1000.0, 1000.0]",0.10553271473362331,0.988766519527384,0.8942212369958258,0.9392444708233725
sub-10,IP0,7PL,test,sub-09,linear_predictivity,103,133,0.19734233668154316,"[0.1918015147273377, 0.2055762061665682, 0.19367381054952895, 0.19461402166060635, 0.20104613030367469]",,,,,
sub-10,IP0,7PC,train,sub-09,linear_predictivity,103,315,0.0367008286927164,,"[1000.0, 1000.0, 1000.0, 1000.0, 1000.0]",0.0886074294800554,0.9978545168958466,0.9111193724316197,0.958747187402542
sub-10,IP0,7PC,test,sub-09,linear_predictivity,103,315,0.11546289947806765,"[0.11341245551171826, 0.12246671738415303, 0.11652564845906316, 0.1068320016779343, 0.11807767435746953]",,,,,
sub-10,IP0,7Am,train,sub-09,linear_predictivity,103,228,0.020990913204199504,,"[3162.277660168379, 3162.277660168379, 1000.0, 3162.277660168379, 1000.0]",0.05889914481976303,1.0066233621975638,0.9409626064512786,0.9755875787351191
sub-10,IP0,7Am,test,sub-09,linear_predictivity,103,228,0.07441054252892802,"[0.06138051754453987, 0.0695922859708197, 0.08367675920990926, 0.07037949987868576, 0.08702365004068557]",,,,,
sub-10,IP0,7AL,train,sub-09,linear_predictivity,103,178,0.005690042990613912,,"[3162.277660168379, 3162.277660168379, 3162.277660168379, 3162.277660168379, 1000.0]",0.040075758430914876,1.0156175890728005,0.9597833530168082,0.9913195382913743
sub-10,IP0,7AL,test,sub-09,linear_predictivity,103,178,0.01768685273001546,"[0.01567565430371328, 0.014844709561591351, 0.012318622458810687, 0.013328229229866423, 0.032267048096095576]",,,,,
sub-10,IP0,VVC,train,sub-09,linear_predictivity,103,151,0.03655343899839562,,"[1000.0, 1000.0, 1000.0, 1000.0, 1000.0]",0.08904708129345253,0.9935052530562848,0.9107123740022448,0.95966968310553
sub-10,IP0,VVC,test,sub-09,linear_predictivity,103,151,0.12164109149707714,"[0.12380773984842722, 0.12392626957330463, 0.1128627915456987, 0.12149533900175535, 0.12611331751619984]",,,,,
sub-10,IP0,VMV2,train,sub-09,linear_predictivity,103,119,0.10152599179991648,,"[316.2277660168379, 316.2277660168379, 316.2277660168379, 316.2277660168379, 1000.0]",0.17456867744693275,0.9610845744812497,0.8251831016685778,0.895481601304201
sub-10,IP0,VMV2,test,sub-09,linear_predictivity,103,119,0.2967050826775492,"[0.30645997948009257, 0.2973666462645651, 0.2968079966572771, 0.2974837642410494, 0.2854070267447618]",,,,,
sub-10,IP0,VMV3,train,sub-09,linear_predictivity,103,109,0.05415977792438801,,"[1000.0, 1000.0, 1000.0, 1000.0, 1000.0]",0.10613771147152633,0.9822378477483358,0.8936175992735886,0.9416950622960985
sub-10,IP0,VMV3,test,sub-09,linear_predictivity,103,109,0.1392577581760988,"[0.1481472893367332, 0.13951783534511902, 0.134222481847223, 0.13560249540230784, 0.13879868894911102]",,,,,
sub-10,IP0,VMV1,train,sub-09,linear_predictivity,103,96,0.07247833450011193,,"[1000.0, 1000.0, 1000.0, 1000.0, 1000.0]",0.12133766558944432,0.9790700686767126,0.8784608031202105,0.9242133062210574
sub-10,IP0,VMV1,test,sub-09,linear_predictivity,103,96,0.21249402317469554,"[0.21434124329213444, 0.21400869474907655, 0.21007035006038696, 0.20929232471135148, 0.2147575030605283]",,,,,
sub-10,IP0,PHA2,train,sub-09,linear_predictivity,103,17,0.02914233098506448,,"[3162.277660168379, 3162.277660168379, 1000.0, 3162.277660168379, 1000.0]",0.0677409066671287,1.0024219716641467,0.9320570746799494,0.9689198702014503
sub-10,IP0,PHA2,test,sub-09,linear_predictivity,103,17,0.13069892415918427,"[0.1218224392175338, 0.12879954744701866, 0.13737400820346385, 0.12642175970979785, 0.13907686621810728]",,,,,
sub-10,IP0,PHA3,train,sub-09,linear_predictivity,103,104,0.05592969205736739,,"[1000.0, 1000.0, 1000.0, 1000.0, 1000.0]",0.10541223645007533,0.9865497944678816,0.8944392272661327,0.9416001156710745
sub-10,IP0,PHA3,test,sub-09,linear_predictivity,103,104,0.18569096341638153,"[0.18492693751724557, 0.18548960195307287, 0.1823124343554704, 0.1873396247370508, 0.18838621851906798]",,,,,
sub-10,IP0,PH,train,sub-09,linear_predictivity,103,258,0.06334950628690075,,"[1000.0, 1000.0, 1000.0, 1000.0, 1000.0]",0.11478869975938495,0.9791719444176813,0.8849389705309134,0.9323003433541732
sub-10,IP0,PH,test,sub-09,linear_predictivity,103,258,0.13960282310261904,"[0.1414600155264823, 0.13968381890632822, 0.1343738745229613, 0.13903688765882932, 0.14345951889849407]",,,,,
sub-10,IP1,V1,train,sub-09,linear_predictivity,33,641,-0.004188106566329042,,"[10000.0, 10000.0, 10000.0, 10000.0, 10000.0]",0.005628221909833904,1.008506194024452,0.9941613975991572,1.0007594935580548
sub-10,IP1,V1,test,sub-09,linear_predictivity,33,641,-0.033433952304800695,"[-0.031228933278036886, -0.031150177790054065, -0.03330074505002595, -0.03387812923835688, -0.03761177616752969]",,,,,
sub-10,IP1,V2,train,sub-09,linear_predictivity,33,754,-0.0031731225616816044,,"[3162.277660168379, 3162.277660168379, 3162.277660168379, 3162.277660168379, 3162.277660168379]",0.014609700371669806,1.006187950875386,0.9851401785330554,0.9990530007263925
sub-10,IP1,V2,test,sub-09,linear_predictivity,33,754,-0.026593288891995644,"[-0.028778750897378726, -0.027241492757398678, -0.023867125035799866, -0.02588274206561375, -0.027196333703787177]",,,,,
sub-10,IP1,V3,train,sub-09,linear_predictivity,33,575,-0.0027450706506679684,,"[3162.277660168379, 3162.277660168379, 3162.277660168379, 3162.277660168379, 3162.277660168379]",0.013514922681696864,1.0067442770233963,0.986256115349297,0.9990356672841054
sub-10,IP1,V3,test,sub-09,linear_predictivity,33,575,-0.026738411886083325,"[-0.029203875767405255, -0.025916286964447383, -0.024296065095307524, -0.025925218187899012, -0.02835061341535746]",,,,,
sub-10,IP1,V4,train,sub-09,linear_predictivity,33,616,-0.0030802238182747405,,"[3162.277660168379, 3162.277660168379, 3162.277660168379, 3162.277660168379, 1000.0]",0.013792577435179781,1.0068035229168575,0.9860177539977221,1.000015901908645
sub-10,IP1,V4,test,sub-09,linear_predictivity,33,616,-0.03183615957741208,"[-0.03205959154291973, -0.03197882619388472, -0.029314744137992434, -0.03409261968371133, -0.03173501632855217]",,,,,
sub-10,IP1,V3A,train,sub-09,linear_predictivity,33,270,-0.003308220864389842,,"[1000.0, 3162.277660168379, 1000.0, 3162.277660168379, 3162.277660168379]",0.02051409015095277,1.0052408161209831,0.9791715396339736,0.9978969376695815
sub-10,IP1,V3A,test,sub-09,linear_predictivity,33,270,-0.0489643391725981,"[-0.06128840160273052, -0.04543336880652167, -0.0432273755427101, -0.05088980501906374, -0.043982744891964465]",,,,,
sub-10,IP1,V3B,train,sub-09,linear_predictivity,33,148,0.028464256130274125,,"[316.2277660168379, 316.2277660168379, 316.2277660168379, 316.2277660168379, 316.2277660168379]",0.06804470514080889,0.9894983317131756,0.9316852567422526,0.9671200108437066
sub-10,IP1,V3B,test,sub-09,linear_predictivity,33,148,0.08227320242926814,"[0.07746187431163819, 0.09084206827200905, 0.06529589228225426, 0.0839108564398984, 0.0938553208405408]",,,,,
sub-10,IP1,V6,train,sub-09,linear_predictivity,33,104,0.0007902857546179714,,"[1000.0, 3162.277660168379, 1000.0, 1000.0, 1000.0]",0.03002961969814926,1.0013767472408448,0.9697133347413185,0.994299389311829
sub-10,IP1,V6,test,sub-09,linear_predictivity,33,104,-0.015154485276206062,"[-0.02247793436757804, -0.016720523819314718, -0.012148310631115135, -0.014371789033968647, -0.01005386852905377]",,,,,
sub-10,IP1,V6A,train,sub-09,linear_predictivity,33,85,0.003209266383626022,,"[1000.0, 1000.0, 1000.0, 1000.0, 1000.0]",0.030640646030132973,1.0017419586097318,0.9691043299951811,0.9921925035835069
sub-10,IP1,V6A,test,sub-09,linear_predictivity,33,85,0.011122277841554475,"[0.006490339609960757, 0.017638426600096725, 0.003477328243672079, 0.010003150268675862, 0.01800214448536696]",,,,,
sub-10,IP1,V7,train,sub-09,linear_predictivity,33,87,0.00920156533522595,,"[316.2277660168379, 1000.0, 316.2277660168379, 316.2277660168379, 316.2277660168379]",0.04947263162795841,0.9971177050670699,0.9502559688238778,0.9863336223499524
sub-10,IP1,V7,test,sub-09,linear_predictivity,33,87,0.005365394515219812,"[-0.001435685193031308, 0.007105836192034228, -0.008577423779356842, 0.010232707945897932, 0.019501537410555048]",,,,,
sub-10,IP1,V8,train,sub-09,linear_predictivity,33,101,-0.004279085386986807,,"[3162.277660168379, 10000.0, 3162.277660168379, 10000.0, 3162.277660168379]",0.009880403486805193,1.0076892721214832,0.9899211802778509,1.000836971966659
sub-10,IP1,V8,test,sub-09,linear_predictivity,33,101,-0.04205944666433351,"[-0.034932959608212626, -0.049667888468973645, -0.03658367756718714, -0.04918974478576928, -0.03992296289152487]",,,,,
sub-10,IP1,FFC,train,sub-09,linear_predictivity,33,263,0.011770240741314279,,"[1000.0, 1000.0, 1000.0, 1000.0, 1000.0]",0.03564451567788936,0.9986647599054969,0.9641473989055855,0.9847367656659423
sub-10,IP1,FFC,test,sub-09,linear_predictivity,33,263,0.03261854263529176,"[0.03680157892761047, 0.031082903196013912, 0.028820766458983408, 0.033519662388545285, 0.032867802205305705]",,,,,
sub-10,IP1,PIT,train,sub-09,linear_predictivity,33,123,0.010576605123516417,,"[1000.0, 3162.277660168379, 1000.0, 1000.0, 3162.277660168379]",0.03001891516125409,0.9995815825986434,0.9697822486641184,0.9862852930849126
sub-10,IP1,PIT,test,sub-09,linear_predictivity,33,123,0.00952787712292793,"[0.015829501408139757, 0.003507486790105188, 0.014592757322921973, 0.012480354798398674, 0.0012292852950740606]",,,,,
sub-10,IP1,IPS1,train,sub-09,linear_predictivity,33,243,0.03722945855071497,,"[316.2277660168379, 316.2277660168379, 316.2277660168379, 316.2277660168379, 316.2277660168379]",0.07582029790898472,0.9850789202450063,0.9239547060816617,0.9590413124711838
sub-10,IP1,IPS1,test,sub-09,linear_predictivity,33,243,0.10554221037475753,"[0.09911029134796066, 0.11972799804787926, 0.09239820162315439, 0.10124986568693498, 0.11522469516785835]",,,,,
sub-10,IP1,MST,train,sub-09,linear_predictivity,33,149,0.001726592937239421,,"[1000.0, 3162.277660168379, 1000.0, 1000.0, 1000.0]",0.028831738017058024,1.0020303943329847,0.9708785952005554,0.9935006500182638
sub-10,IP1,MST,test,sub-09,linear_predictivity,33,149,-0.0037626889698747696,"[-0.010222453464027318, -0.007819576059848702, -0.005704221520512582, -0.0054205370441025875, 0.010353343239117336]",,,,,
sub-10,IP1,MT,train,sub-09,linear_predictivity,33,100,0.0042477046191678695,,"[1000.0, 3162.277660168379, 1000.0, 1000.0, 1000.0]",0.028371877783032372,1.00199631279899,0.9714228490511809,0.9925013662419071
sub-10,IP1,MT,test,sub-09,linear_predictivity,33,100,0.0022653334486189705,"[5.4821424344808636e-05, -0.006427555200220122, 3.2034122376185525e-05, 0.004021747687877346, 0.013645619208716635]",,,,,
sub-10,IP1,FST,train,sub-09,linear_predictivity,33,156,0.019488237722452038,,"[1000.0, 1000.0, 1000.0, 1000.0, 1000.0]",0.04358658967399046,0.9950248842191642,0.9562063954880191,0.9771209647731298
sub-10,IP1,FST,test,sub-09,linear_predictivity,33,156,0.055932485566801346,"[0.05375857065548516, 0.05965412428099341, 0.05041707754693048, 0.053050503596512436, 0.06278215175408522]",,,,,
sub-10,IP1,LO1,train,sub-09,linear_predictivity,33,79,0.006933902120749112,,"[316.2277660168379, 1000.0, 1000.0, 1000.0, 316.2277660168379]",0.03513021296302934,1.0007380458895136,0.9648020468540628,0.9909071894586589
sub-10,IP1,LO1,test,sub-09,linear_predictivity,33,79,-0.017619011132059582,"[-0.02518628652950182, -0.008020776936697253, -0.014447825864073404, -0.019606351712994324, -0.0208338146170311]",,,,,
sub-10,IP1,LO2,train,sub-09,linear_predictivity,33,80,0.007694019552443497,,"[1000.0, 3162.277660168379, 1000.0, 3162.277660168379, 3162.277660168379]",0.024405532508570797,1.001520360821772,0.9754796209448486,0.9899186921844004
sub-10,IP1,LO2,test,sub-09,linear_predictivity,33,80,0.0034114063078081345,"[0.005561873260785481, 0.00612009842439379, 0.00570183374975954, -0.0005962200844984083, 0.00026944618860027245]",,,,,
sub-10,IP1,LO3,train,sub-09,linear_predictivity,33,125,0.006018945939139686,,"[316.2277660168379, 1000.0, 316.2277660168379, 316.2277660168379, 316.2277660168379]",0.04286136826205076,0.9995992656800283,0.9568735225841856,0.9900546180611356
sub-10,IP1,LO3,test,sub-09,linear_predictivity,33,125,-0.004012925389279845,"[-0.005698328103831747, -0.008783595037116084, -0.005170533891409735, 0.0002003610557194584, -0.000612530969761119]",,,,,
sub-10,IP1,V7,train,sub-09,linear_predictivity,33,87,0.00920156533522595,,"[316.2277660168379, 1000.0, 316.2277660168379, 316.2277660168379, 316.2277660168379]",0.04947263162795841,0.9971177050670699,0.9502559688238778,0.9863336223499524
sub-10,IP1,V7,test,sub-09,linear_predictivity,33,87,0.005365394515219812,"[-0.001435685193031308, 0.007105836192034228, -0.008577423779356842, 0.010232707945897932, 0.019501537410555048]",,,,,
sub-10,IP1,IP0,train,sub-09,linear_predictivity,33,198,0.04266186453271279,,"[316.2277660168379, 316.2277660168379, 316.2277660168379, 316.2277660168379, 316.2277660168379]",0.08200268533568493,0.982137113604175,0.9177134100623914,0.9526928337813303
sub-10,IP1,IP0,test,sub-09,linear_predictivity,33,198,0.1087710418053243,"[0.10943314441861121, 0.11723722525045069, 0.09076769109889007, 0.101597714113305, 0.12481943414536452]",,,,,
sub-10,IP1,IP1,train,sub-09,linear_predictivity,33,114,0.0023377667439526306,,"[1000.0, 1000.0, 1000.0, 3162.277660168379, 1000.0]",0.02993988417272885,1.001474272716941,0.9696829753280112,0.9915934598825584
sub-10,IP1,IP1,test,sub-09,linear_predictivity,33,114,0.03373727140412377,"[0.04076791858178398, 0.042796749118486764, 0.03125018229301664, 0.012543671753729868, 0.041327835273601586]",,,,,
sub-10,IP1,MIP,train,sub-09,linear_predictivity,33,280,0.030570951127121472,,"[316.2277660168379, 316.2277660168379, 316.2277660168379, 316.2277660168379, 316.2277660168379]",0.07175816658396678,0.9865460834425065,0.9279498696847638,0.9645677158328411
sub-10,IP1,MIP,test,sub-09,linear_predictivity,33,280,0.10179833675640923,"[0.10365772908585383, 0.10897587552862344, 0.09205405105373933, 0.0903387026800002, 0.11396532543382938]",,,,,
sub-10,IP1,VIP,train,sub-09,linear_predictivity,33,180,0.0326461692994767,,"[316.2277660168379, 316.2277660168379, 316.2277660168379, 316.2277660168379, 316.2277660168379]",0.07203505559038599,0.987077342630681,0.9276728062304672,0.9625227713295817
sub-10,IP1,VIP,test,sub-09,linear_predictivity,33,180,0.09334160746496038,"[0.09190784197348215, 0.10453999995801626, 0.07822444968092895, 0.08987293495768463, 0.10216281075468996]",,,,,
sub-10,IP1,LIPd,train,sub-09,linear_predictivity,33,69,-0.009173540175740265,,"[3162.277660168379, 3162.277660168379, 3162.277660168379, 3162.277660168379, 1000.0]",0.01692870850253627,1.0052915836609915,0.9825318067587328,1.0010837170045834
sub-10,IP1,LIPd,test,sub-09,linear_predictivity,33,69,-0.027637709019869693,"[-0.018094261231214333, -0.02096132027258312, -0.02446628809819698, -0.04724322312106073, -0.027423452376293296]",,,,,
sub-10,IP1,LIPv,train,sub-09,linear_predictivity,33,239,-0.0029467393017123386,,"[1000.0, 1000.0, 1000.0, 1000.0, 1000.0]",0.02755436608032799,1.0032565964669609,0.97217032298192,0.9983375915614436
sub-10,IP1,LIPv,test,sub-09,linear_predictivity,33,239,-0.007576923310678855,"[0.0008300840970465211, -0.009435408210899011, -0.012295161559443938, -0.015702859198634123, -0.001281271681463727]",,,,,
sub-10,IP1,AIP,train,sub-09,linear_predictivity,33,275,0.004880570266021868,,"[3162.277660168379, 1000.0, 1000.0, 3162.277660168379, 1000.0]",0.03010925754977803,1.0004528514349915,0.9696197352674464,0.9909807263970458
sub-10,IP1,AIP,test,sub-09,linear_predictivity,33,275,0.04230690020365712,"[0.0379092710945068, 0.05105774885020933, 0.040458206548552235, 0.03112960185759129, 0.05097967266742597]",,,,,
sub-10,IP1,7Pm,train,sub-09,linear_predictivity,33,17,-0.006918613950262995,,"[3162.277660168379, 3162.277660168379, 3162.277660168379, 31622.776601683796, 1000.0]",0.012874500804122424,1.007619413326856,0.9869852302031928,1.0034868304889568
sub-10,IP1,7Pm,test,sub-09,linear_predictivity,33,17,0.00915147266908101,"[0.016015777725176313, 0.012055529959329354, 0.007421170545428731, 0.0020737431946250746, 0.008191141920845572]",,,,,
sub-10,IP1,7PL,train,sub-09,linear_predictivity,33,133,0.018893436409797383,,"[1000.0, 1000.0, 1000.0, 1000.0, 1000.0]",0.04565129973188542,0.9941862283592198,0.9540746085414746,0.976747957501671
sub-10,IP1,7PL,test,sub-09,linear_predictivity,33,133,0.06827034112638124,"[0.06348189504737463, 0.07852101124310477, 0.06334113999615613, 0.06097745279512649, 0.07503020655014415]",,,,,
sub-10,IP1,7PC,train,sub-09,linear_predictivity,33,315,0.005227419532593431,,"[1000.0, 1000.0, 1000.0, 1000.0, 1000.0]",0.03377756308860295,1.0000839994673918,0.9659596137023512,0.9903874718043761
sub-10,IP1,7PC,test,sub-09,linear_predictivity,33,315,0.030441052617366987,"[0.026892515543429335, 0.037217136764180384, 0.026192573498841243, 0.026271022766560917, 0.035632014513823064]",,,,,
sub-10,IP1,7Am,train,sub-09,linear_predictivity,33,228,-0.0035214308686094564,,"[3162.277660168379, 3162.277660168379, 10000.0, 3162.277660168379, 3162.277660168379]",0.013425749868962,1.0064764178542382,0.9863409078527161,1.000075086480157
sub-10,IP1,7Am,test,sub-09,linear_predictivity,33,228,-0.002916266066842546,"[-0.001745726326986065, -0.0009461586895442843, -0.00968192869549057, -0.0035433576561053216, 0.0013358410339135108]",,,,,
sub-10,IP1,7AL,train,sub-09,linear_predictivity,33,178,-0.00320695743793313,,"[3162.277660168379, 3162.277660168379, 10000.0, 1000.0, 3162.277660168379]",0.014107115509376003,1.0065597240498367,0.9857116705368135,1.000274088902443
sub-10,IP1,7AL,test,sub-09,linear_predictivity,33,178,-0.017616462594194283,"[-0.015765074763485324, -0.01222391943109862, -0.02907401040809213, -0.01377283466722005, -0.017246473701075283]",,,,,
sub-10,IP1,VVC,train,sub-09,linear_predictivity,33,151,0.008141150184237259,,"[1000.0, 1000.0, 1000.0, 3162.277660168379, 1000.0]",0.031191015386412092,1.0009638527951332,0.9685711876861784,0.9884870002530135
sub-10,IP1,VVC,test,sub-09,linear_predictivity,33,151,0.032320935958767574,"[0.04341385981023287, 0.036931640335832586, 0.02693788499594179, 0.015041992216588784, 0.03927930243524186]",,,,,
sub-10,IP1,VMV2,train,sub-09,linear_predictivity,33,119,-2.6102299446457344e-05,,"[1000.0, 3162.277660168379, 1000.0, 3162.277660168379, 1000.0]",0.01990286836119429,1.00635257923101,0.9799383749579889,0.9970150915797582
sub-10,IP1,VMV2,test,sub-09,linear_predictivity,33,119,-0.011320628737594911,"[0.0059941447708924235, -0.0182576877247238, -0.010714985752063338, -0.02447090770081076, -0.00915370728126908]",,,,,
sub-10,IP1,VMV3,train,sub-09,linear_predictivity,33,109,0.010011103943538168,,"[1000.0, 1000.0, 1000.0, 1000.0, 1000.0]",0.03626496471620856,0.9992337165406638,0.9634940898604993,0.9858178400522493
sub-10,IP1,VMV3,test,sub-09,linear_predictivity,33,109,-0.012261705040374975,"[0.005879736536638021, -0.012877191831077344, -0.017261954909834152, -0.0197019092068078, -0.017347205790793595]",,,,,
sub-10,IP1,VMV1,train,sub-09,linear_predictivity,33,96,-0.002692928101480401,,"[3162.277660168379, 10000.0, 10000.0, 10000.0, 3162.277660168379]",0.009360029460787839,1.008830109655789,0.9904404667193442,0.9991649851444769
sub-10,IP1,VMV1,test,sub-09,linear_predictivity,33,96,-0.0016665335268055827,"[0.002328154898310153, -0.0020646254432422004, -0.002809182320696551, -0.006590571837167763, 0.000803557068768448]",,,,,
sub-10,IP1,PHA2,train,sub-09,linear_predictivity,33,17,-0.0017779223239521203,,"[3162.277660168379, 3162.277660168379, 10000.0, 31622.776601683796, 10000.0]",0.007968495295118868,1.0088804601563908,0.9919206610697451,1.0000422893554917
sub-10,IP1,PHA2,test,sub-09,linear_predictivity,33,17,0.01169302176809505,"[0.019245564074243278, 0.01854091371106925, 0.009649395633259047, 0.001872021085131495, 0.009157214336772183]",,,,,
sub-10,IP1,PHA3,train,sub-09,linear_predictivity,33,104,0.004844741857086816,,"[3162.277660168379, 3162.277660168379, 3162.277660168379, 3162.277660168379, 3162.277660168379]",0.019627022836877582,1.004279533617122,0.9802247734496004,0.9926555624361674
sub-10,IP1,PHA3,test,sub-09,linear_predictivity,33,104,0.02146631183481948,"[0.02438198926376076, 0.024764104091981962, 0.017670538713382873, 0.018593352222341666, 0.021921574882630135]",,,,,
sub-10,IP1,PH,train,sub-09,linear_predictivity,33,258,0.01710879832230456,,"[1000.0, 1000.0, 1000.0, 1000.0, 1000.0]",0.04212306253777261,0.9955620569401444,0.9576334858522882,0.978895305099692
sub-10,IP1,PH,test,sub-09,linear_predictivity,33,258,0.04612348714396504,"[0.050178392316467264, 0.04877290278973788, 0.04070498995723156, 0.041106609664274096, 0.0498545409921144]",,,,,
sub-10,MIP,V1,train,sub-09,linear_predictivity,178,641,-0.002470829574610547,,"[31622.776601683796, 10000.0, 31622.776601683796, 10000.0, 10000.0]",0.016491636281915106,1.0329754766733663,0.983306311997907,0.9990235898571974
sub-10,MIP,V1,test,sub-09,linear_predictivity,178,641,-0.032009132817385225,"[-0.030329630437605337, -0.0280937413666954, -0.03280843385920424, -0.03346200129861545, -0.035351857124805715]",,,,,
sub-10,MIP,V2,train,sub-09,linear_predictivity,178,754,0.00021039607027364458,,"[10000.0, 10000.0, 10000.0, 10000.0, 10000.0]",0.024544421318030814,1.0305754539245342,0.9752027199918002,0.9955971742964046
sub-10,MIP,V2,test,sub-09,linear_predictivity,178,754,-0.015449813387241412,"[-0.016643091109200404, -0.012103800088152296, -0.01215573394462114, -0.016863672828592427, -0.019482768965640787]",,,,,
sub-10,MIP,V3,train,sub-09,linear_predictivity,178,575,-0.0015942556458870302,,"[10000.0, 10000.0, 10000.0, 10000.0, 10000.0]",0.02130077077544256,1.0314221442723466,0.9784725646763585,0.9978803272833195
sub-10,MIP,V3,test,sub-09,linear_predictivity,178,575,-0.017372883741068407,"[-0.017935654338699435, -0.014118069829812072, -0.01604963785527313, -0.01712710842294122, -0.021633948258616163]",,,,,
sub-10,MIP,V4,train,sub-09,linear_predictivity,178,616,-0.0012359425838042628,,"[10000.0, 10000.0, 10000.0, 10000.0, 10000.0]",0.0203838718458411,1.0294969649278225,0.9794253751564753,0.9981521722006882
sub-10,MIP,V4,test,sub-09,linear_predictivity,178,616,-0.020634831637901106,"[-0.018206604098674327, -0.018216401812599863, -0.02066433636081611, -0.021180781385462227, -0.024906034531953]",,,,,
sub-10,MIP,V3A,train,sub-09,linear_predictivity,178,270,-0.0008206759042974759,,"[3162.277660168379, 10000.0, 3162.277660168379, 10000.0, 10000.0]",0.03371627383762487,1.0269091494705216,0.9659787927554765,0.995405252719919
sub-10,MIP,V3A,test,sub-09,linear_predictivity,178,270,-0.042878215271887225,"[-0.05336598370536416, -0.03684852970179351, -0.036230126925002, -0.048419721920245, -0.03952671410703149]",,,,,
sub-10,MIP,V3B,train,sub-09,linear_predictivity,178,148,0.02926618575753625,,"[1000.0, 1000.0, 1000.0, 3162.277660168379, 1000.0]",0.09554557059572935,1.0033066596722677,0.9040513019610683,0.9661562216203041
sub-10,MIP,V3B,test,sub-09,linear_predictivity,178,148,0.11795408988128905,"[0.1267985169943829, 0.1372765572194027, 0.10571340859651608, 0.09941240718275697, 0.12056955941338662]",,,,,
sub-10,MIP,V6,train,sub-09,linear_predictivity,178,104,0.005150628336003667,,"[3162.277660168379, 3162.277660168379, 3162.277660168379, 3162.277660168379, 3162.277660168379]",0.05263884141059509,1.0236619630839017,0.9470562336570371,0.9898307404198295
sub-10,MIP,V6,test,sub-09,linear_predictivity,178,104,0.002983395238027232,"[-0.008901455213049948, 0.00972444987777469, 0.0034347459370052316, 0.000592059956869947, 0.01006717563153624]",,,,,
sub-10,MIP,V6A,train,sub-09,linear_predictivity,178,85,0.009262518102126884,,"[3162.277660168379, 3162.277660168379, 3162.277660168379, 3162.277660168379, 3162.277660168379]",0.050205735389972674,1.0200313649083586,0.9495007077640999,0.9857338761968132
sub-10,MIP,V6A,test,sub-09,linear_predictivity,178,85,0.03927256610546502,"[0.03874577467235976, 0.0515744147804745, 0.02549619000223331, 0.035558194605271314, 0.0449882564669862]",,,,,
sub-10,MIP,V7,train,sub-09,linear_predictivity,178,87,0.008877574341794559,,"[3162.277660168379, 3162.277660168379, 3162.277660168379, 3162.277660168379, 1000.0]",0.057739456199421245,1.0173500624098577,0.9417846718024709,0.9864070623366213
sub-10,MIP,V7,test,sub-09,linear_predictivity,178,87,0.02527826606476209,"[0.024766762963893463, 0.04086972315545575, 4.942151839804321e-05, 0.024250882830534698, 0.03645453985552849]",,,,,
sub-10,MIP,V8,train,sub-09,linear_predictivity,178,101,-0.003305230213052425,,"[31622.776601683796, 31622.776601683796, 31622.776601683796, 31622.776601683796, 31622.776601683796]",0.008417910500906471,1.037420377648961,0.9913699769465614,0.9998213100813883
sub-10,MIP,V8,test,sub-09,linear_predictivity,178,101,-0.044754315575780315,"[-0.04031057949560005, -0.04967024426174546, -0.038534457045350724, -0.047629364915780924, -0.047626932160424414]",,,,,
sub-10,MIP,FFC,train,sub-09,linear_predictivity,178,263,0.01890207482103267,,"[3162.277660168379, 3162.277660168379, 3162.277660168379, 3162.277660168379, 3162.277660168379]",0.05676475425897474,1.0193789125671895,0.9430267056063943,0.9775734019911873
sub-10,MIP,FFC,test,sub-09,linear_predictivity,178,263,0.047309811829463144,"[0.04912551237146145, 0.04728491408781652, 0.042701957645216365, 0.04578504055421182, 0.051651634488609585]",,,,,
sub-10,MIP,PIT,train,sub-09,linear_predictivity,178,123,0.01512252828790254,,"[3162.277660168379, 3162.277660168379, 3162.277660168379, 3162.277660168379, 3162.277660168379]",0.054345127582499056,1.019907540661052,0.9454499209885163,0.9815412008095933
sub-10,MIP,PIT,test,sub-09,linear_predictivity,178,123,0.032835683901047755,"[0.03682033937969918, 0.032567079809985876, 0.03053313339940371, 0.03142148776358472, 0.032836379152565286]",,,,,
sub-10,MIP,IPS1,train,sub-09,linear_predictivity,178,243,0.0356800683491749,,"[1000.0, 1000.0, 1000.0, 3162.277660168379, 1000.0]",0.09939665709160946,1.0034051201469236,0.9003377229624396,0.9604233551955408
sub-10,MIP,IPS1,test,sub-09,linear_predictivity,178,243,0.12625070904006988,"[0.1356430934683038, 0.14692574820756363, 0.11607106947641764, 0.09572044107788222, 0.13689319297018213]",,,,,
sub-10,MIP,MST,train,sub-09,linear_predictivity,178,149,0.01154388304855252,,"[3162.277660168379, 3162.277660168379, 3162.277660168379, 3162.277660168379, 3162.277660168379]",0.053900456652247054,1.0166091684267164,0.9458115419094103,0.983555228288006
sub-10,MIP,MST,test,sub-09,linear_predictivity,178,149,0.04318845270125833,"[0.03602712504026398, 0.057006311820640615, 0.02661128554641438, 0.03789393578218858, 0.058403605316784055]",,,,,
sub-10,MIP,MT,train,sub-09,linear_predictivity,178,100,0.006567371770027525,,"[3162.277660168379, 1000.0, 3162.277660168379, 3162.277660168379, 3162.277660168379]",0.05788795122911859,1.017580939785086,0.9419513389363482,0.9903049895791206
sub-10,MIP,MT,test,sub-09,linear_predictivity,178,100,0.029872018452518363,"[0.01967952080445061, 0.05659758250446947, 0.007938186021583632, 0.024400126715008276, 0.04074467621707984]",,,,,
sub-10,MIP,FST,train,sub-09,linear_predictivity,178,156,0.02671849627153891,,"[1000.0, 1000.0, 1000.0, 3162.277660168379, 1000.0]",0.08922141322394847,1.0105685711760777,0.9105949375417344,0.9696906818615826
sub-10,MIP,FST,test,sub-09,linear_predictivity,178,156,0.12139818354913719,"[0.12903668815493718, 0.13244828863579836, 0.11560431476234993, 0.09399602011235518, 0.13590560608024518]",,,,,
sub-10,MIP,LO1,train,sub-09,linear_predictivity,178,79,-0.0011534723935957578,,"[3162.277660168379, 3162.277660168379, 3162.277660168379, 3162.277660168379, 1000.0]",0.048893691024207486,1.0208638502861498,0.950979063961622,0.9991917731591495
sub-10,MIP,LO1,test,sub-09,linear_predictivity,178,79,0.00810109241384202,"[0.01255792153133325, 0.015977666268434068, -0.009244533194752831, 0.011819575931433846, 0.009394831532761775]",,,,,
sub-10,MIP,LO2,train,sub-09,linear_predictivity,178,80,0.01361634162209955,,"[3162.277660168379, 3162.277660168379, 3162.277660168379, 3162.277660168379, 3162.277660168379]",0.05059183937813601,1.0200062913549544,0.9492781241158301,0.9841350660927436
sub-10,MIP,LO2,test,sub-09,linear_predictivity,178,80,0.029740429010785767,"[0.034172252189805116, 0.03466696949389002, 0.020909872752538732, 0.02855604192065083, 0.030397008697044137]",,,,,
sub-10,MIP,LO3,train,sub-09,linear_predictivity,178,125,0.0031756889560694574,,"[3162.277660168379, 3162.277660168379, 3162.277660168379, 3162.277660168379, 3162.277660168379]",0.04639964444131618,1.021273858943091,0.9533669571243706,0.9929998211200607
sub-10,MIP,LO3,test,sub-09,linear_predictivity,178,125,0.017868254217446672,"[0.019977211866345074, 0.02446046901323224, 0.00016206672717342753, 0.022289152118550527, 0.022452371361932094]",,,,,
sub-10,MIP,V7,train,sub-09,linear_predictivity,178,87,0.008877574341794559,,"[3162.277660168379, 3162.277660168379, 3162.277660168379, 3162.277660168379, 1000.0]",0.057739456199421245,1.0173500624098577,0.9417846718024709,0.9864070623366213
sub-10,MIP,V7,test,sub-09,linear_predictivity,178,87,0.02527826606476209,"[0.024766762963893463, 0.04086972315545575, 4.942151839804321e-05, 0.024250882830534698, 0.03645453985552849]",,,,,
sub-10,MIP,IP0,train,sub-09,linear_predictivity,178,198,0.04279847423299353,,"[1000.0, 1000.0, 1000.0, 3162.277660168379, 1000.0]",0.1060270781983238,0.9991548067783842,0.8935723167694498,0.9524723281207113
sub-10,MIP,IP0,test,sub-09,linear_predictivity,178,198,0.1325536093855229,"[0.14416318252800547, 0.15244508445573535, 0.12117451821083261, 0.097767410305317, 0.147217851427724]",,,,,
sub-10,MIP,IP1,train,sub-09,linear_predictivity,178,114,-0.004618711685305457,,"[10000.0, 10000.0, 10000.0, 10000.0, 3162.277660168379]",0.02470524479505687,1.0302449955202624,0.9748349356422994,0.9985809161118773
sub-10,MIP,IP1,test,sub-09,linear_predictivity,178,114,0.015442544793676244,"[0.017376270025520307, 0.018254429862682178, 0.007578458406153644, -0.001434323697147393, 0.03543788937117248]",,,,,
sub-10,MIP,MIP,train,sub-09,linear_predictivity,178,280,0.03228172958704053,,"[3162.277660168379, 1000.0, 3162.277660168379, 3162.277660168379, 3162.277660168379]",0.07987564681593479,1.0041888364312286,0.9197987504835563,0.9629650768078075
sub-10,MIP,MIP,test,sub-09,linear_predictivity,178,280,0.12018092851317738,"[0.12042373598574747, 0.1509523057456408, 0.11136672888733304, 0.09981238954771714, 0.1183494823994485]",,,,,
sub-10,MIP,VIP,train,sub-09,linear_predictivity,178,180,0.041010692951760054,,"[1000.0, 1000.0, 1000.0, 3162.277660168379, 1000.0]",0.10582942157084022,0.9973003749552806,0.8937550845264214,0.9538599305805082
sub-10,MIP,VIP,test,sub-09,linear_predictivity,178,180,0.15112672259360824,"[0.16348990960010024, 0.1744262197548881, 0.14264495379791597, 0.12129081529409164, 0.15378171452104528]",,,,,
sub-10,MIP,LIPd,train,sub-09,linear_predictivity,178,69,-0.009859259009685357,,"[31622.776601683796, 31622.776601683796, 31622.776601683796, 10000.0, 31622.776601683796]",0.012482032810337837,1.0312478000689893,0.9870631365865833,1.0020247754050788
sub-10,MIP,LIPd,test,sub-09,linear_predictivity,178,69,-0.02791387506529407,"[-0.01800458696978973, -0.024750399648315626, -0.026155705974162557, -0.05010773791433337, -0.020550944819869053]",,,,,
sub-10,MIP,LIPv,train,sub-09,linear_predictivity,178,239,-0.002022610217374332,,"[3162.277660168379, 3162.277660168379, 3162.277660168379, 10000.0, 3162.277660168379]",0.03810800697426428,1.0278586810155355,0.9616288659089317,0.9975966771005187
sub-10,MIP,LIPv,test,sub-09,linear_predictivity,178,239,0.009337059398816006,"[0.022928314735074205, 0.017828809874085964, 0.0019240069577815982, -0.013259746258889978, 0.017263911686028234]",,,,,
sub-10,MIP,AIP,train,sub-09,linear_predictivity,178,275,0.009927978594622999,,"[3162.277660168379, 3162.277660168379, 3162.277660168379, 3162.277660168379, 3162.277660168379]",0.04929057693480063,1.0241602947564228,0.9504787476911224,0.9861225097532648
sub-10,MIP,AIP,test,sub-09,linear_predictivity,178,275,0.049890829653598055,"[0.04878905672979157, 0.05445278966679074, 0.04723051758188676, 0.04727935436029211, 0.05170242992922907]",,,,,
sub-10,MIP,7Pm,train,sub-09,linear_predictivity,178,17,-0.010424682436730271,,"[1000.0, 10000.0, 100000.0, 3162.277660168379, 3162.277660168379]",0.032825452368358175,1.0266208289848284,0.9669434962299526,1.0071865841849608
sub-10,MIP,7Pm,test,sub-09,linear_predictivity,178,17,0.02119466451855041,"[0.02309641266695091, 0.018503879259815403, 0.0046976502872062955, 0.011589945503117434, 0.048085434875662]",,,,,
sub-10,MIP,7PL,train,sub-09,linear_predictivity,178,133,0.04869355867708778,,"[1000.0, 1000.0, 1000.0, 1000.0, 3162.277660168379]",0.1145426789320982,0.9923473866229091,0.8852469264988898,0.9461545677079487
sub-10,MIP,7PL,test,sub-09,linear_predictivity,178,133,0.189244204401469,"[0.19443211203679264, 0.2106724484075878, 0.18368282871958536, 0.18690199030495844, 0.17053164253842065]",,,,,
sub-10,MIP,7PC,train,sub-09,linear_predictivity,178,315,0.00956185036367321,,"[3162.277660168379, 3162.277660168379, 3162.277660168379, 3162.277660168379, 1000.0]",0.05775920705777726,1.0182510262724702,0.9419012000671867,0.9859231526887067
sub-10,MIP,7PC,test,sub-09,linear_predictivity,178,315,0.06847257142576352,"[0.06320099324879881, 0.07440317966903065, 0.06127482208602653, 0.05647861077577337, 0.08700525134918825]",,,,,
sub-10,MIP,7Am,train,sub-09,linear_predictivity,178,228,0.017827430584346285,,"[3162.277660168379, 3162.277660168379, 3162.277660168379, 3162.277660168379, 3162.277660168379]",0.056704472244553085,1.0164426202362278,0.9430706763308738,0.9784069225762337
sub-10,MIP,7Am,test,sub-09,linear_predictivity,178,228,0.07697664196525471,"[0.07876815015418655, 0.08427392169049173, 0.06765251761546599, 0.07559273678768358, 0.07859588357844569]",,,,,
sub-10,MIP,7AL,train,sub-09,linear_predictivity,178,178,0.003628992156295712,,"[3162.277660168379, 3162.277660168379, 3162.277660168379, 10000.0, 3162.277660168379]",0.03969744968144144,1.0260497144429483,0.9601313457722164,0.9933142647656357
sub-10,MIP,7AL,test,sub-09,linear_predictivity,178,178,0.022541842910722087,"[0.028148354391578704, 0.03364265899414725, 0.01101072529575557, 0.016223939789382955, 0.023683536082745954]",,,,,
sub-10,MIP,VVC,train,sub-09,linear_predictivity,178,151,0.012862208573459372,,"[3162.277660168379, 3162.277660168379, 3162.277660168379, 3162.277660168379, 3162.277660168379]",0.050515627162967515,1.023586213163363,0.9492690163472102,0.9836003745826748
sub-10,MIP,VVC,test,sub-09,linear_predictivity,178,151,0.0540962899900536,"[0.05984273319298374, 0.054708122532610086, 0.04900112065051179, 0.04720265890683035, 0.05972681466733204]",,,,,
sub-10,MIP,VMV2,train,sub-09,linear_predictivity,178,119,0.02581939549727548,,"[3162.277660168379, 1000.0, 3162.277660168379, 3162.277660168379, 3162.277660168379]",0.07083730416893884,1.0116891311094307,0.9288806970165865,0.9709550357435497
sub-10,MIP,VMV2,test,sub-09,linear_predictivity,178,119,0.09254424910868117,"[0.09526391920373395, 0.1263866588994034, 0.0794509601554467, 0.08056309554998985, 0.08105661173483195]",,,,,
sub-10,MIP,VMV3,train,sub-09,linear_predictivity,178,109,0.01076948239701928,,"[10000.0, 3162.277660168379, 3162.277660168379, 10000.0, 3162.277660168379]",0.042847500476891974,1.025855487967816,0.9568406864656032,0.9851463697604995
sub-10,MIP,VMV3,test,sub-09,linear_predictivity,178,109,-0.008692609070382214,"[-0.011187446338662158, 0.004027618547533576, -9.842133835203846e-05, -0.028715874587816173, -0.007488921634614273]",,,,,
sub-10,MIP,VMV1,train,sub-09,linear_predictivity,178,96,0.016687986728870677,,"[3162.277660168379, 3162.277660168379, 3162.277660168379, 3162.277660168379, 3162.277660168379]",0.05585986517740721,1.017218840485602,0.9439336366573772,0.9798454249731277
sub-10,MIP,VMV1,test,sub-09,linear_predictivity,178,96,0.08549957908287757,"[0.08867628323964866, 0.0911107549869236, 0.0786877310240217, 0.08208319097545268, 0.0869399351883412]",,,,,
sub-10,MIP,PHA2,train,sub-09,linear_predictivity,178,17,0.008809661728690141,,"[3162.277660168379, 3162.277660168379, 3162.277660168379, 3162.277660168379, 3162.277660168379]",0.04671427875158955,1.0257815113581445,0.9531688544732635,0.9892200315865978
sub-10,MIP,PHA2,test,sub-09,linear_predictivity,178,17,0.0477224858287154,"[0.04119741613396779, 0.04995437365600169, 0.05466505642130248, 0.04355425960650647, 0.04924132332579858]",,,,,
sub-10,MIP,PHA3,train,sub-09,linear_predictivity,178,104,0.02467484745490603,,"[3162.277660168379, 3162.277660168379, 3162.277660168379, 3162.277660168379, 3162.277660168379]",0.06021008936057404,1.01675438752739,0.9396448499513561,0.9728501351725949
sub-10,MIP,PHA3,test,sub-09,linear_predictivity,178,104,0.09208396464255934,"[0.09530780866764726, 0.0993877710428917, 0.08755732304389999, 0.08516317933067305, 0.09300374112768471]",,,,,
sub-10,MIP,PH,train,sub-09,linear_predictivity,178,258,0.01577694645991903,,"[3162.277660168379, 3162.277660168379, 3162.277660168379, 3162.277660168379, 3162.277660168379]",0.0543838284323773,1.019302871557327,0.9453702306127699,0.9803152466372411
sub-10,MIP,PH,test,sub-09,linear_predictivity,178,258,0.04822039566522792,"[0.05501762094185532, 0.04967372874744104, 0.04254580398747183, 0.04195691195645046, 0.051907912692920985]",,,,,
sub-10,VIP,V1,train,sub-09,linear_predictivity,100,641,-0.0003495840261561259,,"[10000.0, 10000.0, 10000.0, 10000.0, 10000.0]",0.015759904913853644,1.0196861139972653,0.9840212996534179,0.9968208009959174
sub-10,VIP,V1,test,sub-09,linear_predictivity,100,641,-0.029430335378333543,"[-0.02653463209336504, -0.027591557819326908, -0.028243546314329314, -0.03244012893593771, -0.032341811728708765]",,,,,
sub-10,VIP,V2,train,sub-09,linear_predictivity,100,754,0.005072117465677728,,"[3162.277660168379, 3162.277660168379, 3162.277660168379, 3162.277660168379, 3162.277660168379]",0.03546083729921372,1.0135961351384186,0.9642844554695238,0.9906274891204259
sub-10,VIP,V2,test,sub-09,linear_predictivity,100,754,0.006404565468919229,"[0.008043096778348724, 0.005665940354530949, 0.01248606967819217, 0.0028435546174113624, 0.002984165916112938]",,,,,
sub-10,VIP,V3,train,sub-09,linear_predictivity,100,575,0.0016517329691557122,,"[3162.277660168379, 3162.277660168379, 3162.277660168379, 3162.277660168379, 3162.277660168379]",0.030974098667744792,1.0159691280424805,0.9687988622539351,0.9945618434194055
sub-10,VIP,V3,test,sub-09,linear_predictivity,100,575,-0.003274938460914681,"[-0.0024707099972718243, -0.0046697500188922405, 0.0015307111830708642, -0.005142100972000187, -0.0056228424994800175]",,,,,
sub-10,VIP,V4,train,sub-09,linear_predictivity,100,616,0.004162339069496779,,"[3162.277660168379, 3162.277660168379, 3162.277660168379, 3162.277660168379, 3162.277660168379]",0.031738557453988764,1.0164686457375205,0.9680739116907005,0.9927179755792999
sub-10,VIP,V4,test,sub-09,linear_predictivity,100,616,-0.00235808333812186,"[-0.00014570158589865666, -0.002128931242509512, -0.00029492977623986105, -0.0035304432057705875, -0.005690410880190681]",,,,,
sub-10,VIP,V3A,train,sub-09,linear_predictivity,100,270,0.002083546972785961,,"[3162.277660168379, 3162.277660168379, 3162.277660168379, 3162.277660168379, 3162.277660168379]",0.034610764042047486,1.0118617369732412,0.965070149407814,0.9925088836330624
sub-10,VIP,V3A,test,sub-09,linear_predictivity,100,270,-0.022044577548812266,"[-0.030717954030145676, -0.01912289232666211, -0.01659454199755459, -0.031149452878921347, -0.01263804651077762]",,,,,
sub-10,VIP,V3B,train,sub-09,linear_predictivity,100,148,0.03996136742584532,,"[1000.0, 1000.0, 3162.277660168379, 1000.0, 1000.0]",0.09067773423376145,0.9876213880643622,0.9088994406640568,0.9554565292242959
sub-10,VIP,V3B,test,sub-09,linear_predictivity,100,148,0.1524837122342835,"[0.15451213806791506, 0.1701705726890849, 0.12540208343995965, 0.14486067794820107, 0.1674730890262569]",,,,,
sub-10,VIP,V6,train,sub-09,linear_predictivity,100,104,0.01492694520338914,,"[1000.0, 3162.277660168379, 1000.0, 3162.277660168379, 3162.277660168379]",0.05584112852700799,1.0054416248945988,0.9438987775472668,0.9802590293612665
sub-10,VIP,V6,test,sub-09,linear_predictivity,100,104,0.001571410008854459,"[-0.009163794684710992, 0.005036500035362905, 0.01110037445871442, -0.008142469777372653, 0.009026440012278616]",,,,,
sub-10,VIP,V6A,train,sub-09,linear_predictivity,100,85,0.01195943804328126,,"[1000.0, 1000.0, 3162.277660168379, 3162.277660168379, 1000.0]",0.058358954793182406,1.0050194026955954,0.9411294084288917,0.9823722817996912
sub-10,VIP,V6A,test,sub-09,linear_predictivity,100,85,0.07943895036404348,"[0.08030569004033786, 0.09600310434728347, 0.06555175251337234, 0.05814886917755075, 0.09718533574167297]",,,,,
sub-10,VIP,V7,train,sub-09,linear_predictivity,100,87,0.02770165263925114,,"[1000.0, 1000.0, 1000.0, 1000.0, 1000.0]",0.07862309308139012,0.9971819006396043,0.9210950051199841,0.9678113413440217
sub-10,VIP,V7,test,sub-09,linear_predictivity,100,87,0.08133690423374784,"[0.07773673770434583, 0.1004027411426528, 0.0677554671155123, 0.07640433385962057, 0.08438524134660769]",,,,,
sub-10,VIP,V8,train,sub-09,linear_predictivity,100,101,-0.001083192004845062,,"[3162.277660168379, 3162.277660168379, 10000.0, 10000.0, 3162.277660168379]",0.02128294731195615,1.0208739592669298,0.9785358175446058,0.9975845789573359
sub-10,VIP,V8,test,sub-09,linear_predictivity,100,101,-0.021049356849598886,"[-0.011482963182225038, -0.022373013795288083, -0.02332895057243329, -0.029537327208143206, -0.018524529489904806]",,,,,
sub-10,VIP,FFC,train,sub-09,linear_predictivity,100,263,0.014763778726685417,,"[3162.277660168379, 3162.277660168379, 3162.277660168379, 3162.277660168379, 3162.277660168379]",0.04091068303763851,1.0087139411762451,0.9588880662900937,0.981848791032989
sub-10,VIP,FFC,test,sub-09,linear_predictivity,100,263,0.05046571143569996,"[0.05100572315816131, 0.043544731129185506, 0.05508049270712564, 0.05194543731377166, 0.050752172870255685]",,,,,
sub-10,VIP,PIT,train,sub-09,linear_predictivity,100,123,0.014696916684229653,,"[3162.277660168379, 3162.277660168379, 3162.277660168379, 3162.277660168379, 3162.277660168379]",0.04041715654612718,1.010739353656208,0.9593916099908609,0.9821645569100312
sub-10,VIP,PIT,test,sub-09,linear_predictivity,100,123,0.02971202400784065,"[0.03213865323890955, 0.020953601408457687, 0.036597377268072745, 0.03262949591809983, 0.026240992205663425]",,,,,
sub-10,VIP,IPS1,train,sub-09,linear_predictivity,100,243,0.04730441629716057,,"[1000.0, 1000.0, 1000.0, 1000.0, 1000.0]",0.09527166731564851,0.9874661318814002,0.9044821114259616,0.9488297393825518
sub-10,VIP,IPS1,test,sub-09,linear_predictivity,100,243,0.1548534383897093,"[0.14724050115302031, 0.1738982427723502, 0.1422376087897015, 0.14301000892695812, 0.16788083030651646]",,,,,
sub-10,VIP,MST,train,sub-09,linear_predictivity,100,149,0.03180677748447631,,"[1000.0, 1000.0, 1000.0, 1000.0, 1000.0]",0.08137365202375071,0.9975373826993763,0.9183704270065169,0.963655802468313
sub-10,VIP,MST,test,sub-09,linear_predictivity,100,149,0.09232074565262263,"[0.08384052653485168, 0.09357240590001094, 0.08822842867803425, 0.09298424525047722, 0.10297812189973904]",,,,,
sub-10,VIP,MT,train,sub-09,linear_predictivity,100,100,0.022748253445354555,,"[1000.0, 1000.0, 1000.0, 1000.0, 1000.0]",0.07322203419770487,1.0027773307015724,0.9265852157211949,0.9740379375835857
sub-10,VIP,MT,test,sub-09,linear_predictivity,100,100,0.06873198511028462,"[0.06598183780092454, 0.06113137442908098, 0.06607407165307093, 0.07222107276865442, 0.07825156889969226]",,,,,
sub-10,VIP,FST,train,sub-09,linear_predictivity,100,156,0.032332316920233715,,"[1000.0, 1000.0, 1000.0, 1000.0, 1000.0]",0.07708472469306427,0.9986093512627535,0.9227232464008596,0.9643468274124043
sub-10,VIP,FST,test,sub-09,linear_predictivity,100,156,0.10589236888610432,"[0.10162073415374027, 0.10880024824426011, 0.10178478716275152, 0.1045782332177128, 0.11267784165205685]",,,,,
sub-10,VIP,LO1,train,sub-09,linear_predictivity,100,79,0.01598471587975497,,"[1000.0, 1000.0, 1000.0, 3162.277660168379, 1000.0]",0.05983745927803776,1.0097543516147387,0.9401096498539273,0.9819452497760672
sub-10,VIP,LO1,test,sub-09,linear_predictivity,100,79,0.04122356159877837,"[0.03535290732090603, 0.04786478697125859, 0.04227610901373714, 0.03450234731539134, 0.04612165737259877]",,,,,
sub-10,VIP,LO2,train,sub-09,linear_predictivity,100,80,0.013741660578322011,,"[3162.277660168379, 3162.277660168379, 3162.277660168379, 3162.277660168379, 3162.277660168379]",0.039194947489933143,1.0103720696180563,0.9606637286098764,0.9838494054059705
sub-10,VIP,LO2,test,sub-09,linear_predictivity,100,80,0.02664558380372023,"[0.024754769835428014, 0.024636967977833026, 0.02754427389947699, 0.028508518412856555, 0.027783388893006567]",,,,,
sub-10,VIP,LO3,train,sub-09,linear_predictivity,100,125,0.014155275311974495,,"[1000.0, 1000.0, 1000.0, 1000.0, 1000.0]",0.0646492054206913,1.007222193182992,0.9351124881768318,0.981959707522206
sub-10,VIP,LO3,test,sub-09,linear_predictivity,100,125,0.05084268988076662,"[0.051310092930212436, 0.046778502002873895, 0.0509280823624127, 0.053667102971833754, 0.05152966913650035]",,,,,
sub-10,VIP,V7,train,sub-09,linear_predictivity,100,87,0.02770165263925114,,"[1000.0, 1000.0, 1000.0, 1000.0, 1000.0]",0.07862309308139012,0.9971819006396043,0.9210950051199841,0.9678113413440217
sub-10,VIP,V7,test,sub-09,linear_predictivity,100,87,0.08133690423374784,"[0.07773673770434583, 0.1004027411426528, 0.0677554671155123, 0.07640433385962057, 0.08438524134660769]",,,,,
sub-10,VIP,IP0,train,sub-09,linear_predictivity,100,198,0.046080050914610454,,"[1000.0, 1000.0, 3162.277660168379, 3162.277660168379, 1000.0]",0.09015775752475395,0.9880299732380831,0.9093418267976295,0.9489135809771166
sub-10,VIP,IP0,test,sub-09,linear_predictivity,100,198,0.1522220289244259,"[0.1543518775959236, 0.17512033995245932, 0.12793901603190547, 0.12889684729304957, 0.17480206374879165]",,,,,
sub-10,VIP,IP1,train,sub-09,linear_predictivity,100,114,0.0015770111836940922,,"[3162.277660168379, 3162.277660168379, 3162.277660168379, 3162.277660168379, 3162.277660168379]",0.03351113769349664,1.014032209943077,0.9661138974579829,0.9921524759848419
sub-10,VIP,IP1,test,sub-09,linear_predictivity,100,114,0.03839420468623813,"[0.04252872654779372, 0.04777190461531998, 0.03218316380448263, 0.0212210986741434, 0.04826612978945092]",,,,,
sub-10,VIP,MIP,train,sub-09,linear_predictivity,100,280,0.036270163793759476,,"[1000.0, 1000.0, 3162.277660168379, 1000.0, 3162.277660168379]",0.08210723556138921,0.991636641578569,0.9175985949141328,0.9587668411891039
sub-10,VIP,MIP,test,sub-09,linear_predictivity,100,280,0.16220001112837487,"[0.17396864203852833, 0.18577034909436912, 0.14362671848939637, 0.14585662993601944, 0.16177771608356123]",,,,,
sub-10,VIP,VIP,train,sub-09,linear_predictivity,100,180,0.05336802914626212,,"[1000.0, 1000.0, 3162.277660168379, 1000.0, 1000.0]",0.10163629547734884,0.9812626239893655,0.8979794805303627,0.941648110471237
sub-10,VIP,VIP,test,sub-09,linear_predictivity,100,180,0.20888493496401267,"[0.21253516728231225, 0.23567130771796344, 0.17856266825460793, 0.19775235893581686, 0.21990317262936293]",,,,,
sub-10,VIP,LIPd,train,sub-09,linear_predictivity,100,69,-0.00866969654867219,,"[31622.776601683796, 10000.0, 31622.776601683796, 10000.0, 31622.776601683796]",0.011451639386354889,1.0206660034659385,0.9881032960080486,1.0007731345611506
sub-10,VIP,LIPd,test,sub-09,linear_predictivity,100,69,-0.01262297025047833,"[-0.0033366268192622558, -0.0018919440421732042, -0.013739853970591225, -0.038816293797007226, -0.005330132623357747]",,,,,
sub-10,VIP,LIPv,train,sub-09,linear_predictivity,100,239,0.005082123467901644,,"[3162.277660168379, 3162.277660168379, 3162.277660168379, 3162.277660168379, 3162.277660168379]",0.03364399841534006,1.0153337071625235,0.9660824803023662,0.9903590221231742
sub-10,VIP,LIPv,test,sub-09,linear_predictivity,100,239,0.03346915400222006,"[0.042834859793273415, 0.04123466444173953, 0.025656239399608087, 0.01575457773532868, 0.041865428641150594]",,,,,
sub-10,VIP,AIP,train,sub-09,linear_predictivity,100,275,0.009280974902892534,,"[3162.277660168379, 3162.277660168379, 3162.277660168379, 3162.277660168379, 3162.277660168379]",0.03713082149642884,1.0126441005127862,0.9626327860144048,0.9867671371500897
sub-10,VIP,AIP,test,sub-09,linear_predictivity,100,275,0.049314461539272714,"[0.04936138136169273, 0.053543238053204475, 0.04799741407944245, 0.044742504455378994, 0.05092776974664491]",,,,,
sub-10,VIP,7Pm,train,sub-09,linear_predictivity,100,17,-0.006589951313773688,,"[3162.277660168379, 31622.776601683796, 31622.776601683796, 31622.776601683796, 10000.0]",0.011190825426594234,1.0241091677259837,0.9886357206754772,1.0032550543733216
sub-10,VIP,7Pm,test,sub-09,linear_predictivity,100,17,0.013397911299103855,"[0.011247369230043025, 0.013046459223460084, 0.011851922128271979, 0.008281541441725085, 0.0225622644720191]",,,,,
sub-10,VIP,7PL,train,sub-09,linear_predictivity,100,133,0.06348311070768797,,"[1000.0, 1000.0, 1000.0, 1000.0, 1000.0]",0.11547755442918728,0.9775679006421116,0.8842283939396731,0.9315764981962069
sub-10,VIP,7PL,test,sub-09,linear_predictivity,100,133,0.25219951183442146,"[0.25466052899693775, 0.27074017698595587, 0.2430959848333798, 0.2262822940781632, 0.26621857427767087]",,,,,
sub-10,VIP,7PC,train,sub-09,linear_predictivity,100,315,0.023109247937364612,,"[1000.0, 1000.0, 1000.0, 1000.0, 1000.0]",0.07276556196277038,1.0026791159416928,0.9269811018091023,0.9724746979428863
sub-10,VIP,7PC,test,sub-09,linear_predictivity,100,315,0.10449024597927883,"[0.09118279423273021, 0.11494875374106359, 0.10470575335380604, 0.09835978600927207, 0.1132541425595222]",,,,,
sub-10,VIP,7Am,train,sub-09,linear_predictivity,100,228,0.03182392527393018,,"[1000.0, 1000.0, 1000.0, 1000.0, 1000.0]",0.07911769604795209,0.9992581210126181,0.9206648409622942,0.9643369850316577
sub-10,VIP,7Am,test,sub-09,linear_predictivity,100,228,0.13490075670282514,"[0.1352112459953677, 0.1444189101338303, 0.13166538883934206, 0.12461212662187539, 0.13859611192371019]",,,,,
sub-10,VIP,7AL,train,sub-09,linear_predictivity,100,178,0.02004532815751818,,"[1000.0, 1000.0, 1000.0, 1000.0, 1000.0]",0.06974763565492871,1.0039125530867519,0.9300889463520725,0.9770362499730953
sub-10,VIP,7AL,test,sub-09,linear_predictivity,100,178,0.10539946767396176,"[0.10186354085030187, 0.10857962145872933, 0.09939494436516527, 0.10620961484005811, 0.1109496168555541]",,,,,
sub-10,VIP,VVC,train,sub-09,linear_predictivity,100,151,0.0147086855917921,,"[3162.277660168379, 3162.277660168379, 3162.277660168379, 3162.277660168379, 3162.277660168379]",0.041831776021114105,1.0098954573163172,0.9579651597048405,0.9818945150322594
sub-10,VIP,VVC,test,sub-09,linear_predictivity,100,151,0.061622374959934875,"[0.06697275844839932, 0.06210648500424089, 0.05521227281403566, 0.054612459844758494, 0.06920789868824002]",,,,,
sub-10,VIP,VMV2,train,sub-09,linear_predictivity,100,119,0.039208371632304395,,"[1000.0, 1000.0, 1000.0, 1000.0, 1000.0]",0.08540219707273375,0.9960893818137707,0.9144086451673152,0.9577123431321599
sub-10,VIP,VMV2,test,sub-09,linear_predictivity,100,119,0.14388881800558762,"[0.1580906070907599, 0.14816315304397523, 0.13599941806826504, 0.12852797265218288, 0.148662939172755]",,,,,
sub-10,VIP,VMV3,train,sub-09,linear_predictivity,100,109,0.013769209783854939,,"[3162.277660168379, 1000.0, 3162.277660168379, 3162.277660168379, 3162.277660168379]",0.04936389255097061,1.0075280547375798,0.9502871911099137,0.9815672508386342
sub-10,VIP,VMV3,test,sub-09,linear_predictivity,100,109,0.03345866709051634,"[0.04580709159501476, 0.04578725141107233, 0.026282365995951455, 0.021791591691604932, 0.02762503475893822]",,,,,
sub-10,VIP,VMV1,train,sub-09,linear_predictivity,100,96,0.02604204435689771,,"[1000.0, 1000.0, 1000.0, 1000.0, 1000.0]",0.0738380709517354,1.0019071067453393,0.9259376291643167,0.9703016488769846
sub-10,VIP,VMV1,test,sub-09,linear_predictivity,100,96,0.13274324378921357,"[0.14054872486924694, 0.1325510865021878, 0.12961228821303225, 0.12226426377614479, 0.13873985558545612]",,,,,
sub-10,VIP,PHA2,train,sub-09,linear_predictivity,100,17,0.0089107428300729,,"[10000.0, 3162.277660168379, 3162.277660168379, 3162.277660168379, 3162.277660168379]",0.032636832259460055,1.0135293855077283,0.9672123799732228,0.9890568333136665
sub-10,VIP,PHA2,test,sub-09,linear_predictivity,100,17,0.07323571827724887,"[0.060693453103480385, 0.07571959010252378, 0.07490826375911967, 0.0707201405148938, 0.0841371439062267]",,,,,
sub-10,VIP,PHA3,train,sub-09,linear_predictivity,100,104,0.026900606086423473,,"[3162.277660168379, 1000.0, 3162.277660168379, 1000.0, 3162.277660168379]",0.05976883234395715,1.0014979203996104,0.9401120981492639,0.9706567879900596
sub-10,VIP,PHA3,test,sub-09,linear_predictivity,100,104,0.12509536026188905,"[0.12663340613384302, 0.1373866862822634, 0.10902214967816846, 0.13137929541856852, 0.12105526379660196]",,,,,
sub-10,VIP,PH,train,sub-09,linear_predictivity,100,258,0.01704422145847838,,"[1000.0, 1000.0, 3162.277660168379, 3162.277660168379, 3162.277660168379]",0.05201386414274904,1.0061128890597808,0.9477693834860655,0.9792347746203092
sub-10,VIP,PH,test,sub-09,linear_predictivity,100,258,0.04678304955519096,"[0.05398371165478429, 0.04914564391705858, 0.04181999974599366, 0.04113444972534797, 0.04783144273277032]",,,,,
sub-10,LIPd,V1,train,sub-09,linear_predictivity,31,641,-0.005156321846599901,,"[31622.776601683796, 3162.277660168379, 10000.0, 10000.0, 10000.0]",0.006327749877573211,1.008433377770217,0.9934674145818686,1.0017511085106983
sub-10,LIPd,V1,test,sub-09,linear_predictivity,31,641,-0.031739665595989064,"[-0.03117196541035856, -0.027772969133117192, -0.03176682372408791, -0.032609413176664694, -0.03537715653571696]",,,,,
sub-10,LIPd,V2,train,sub-09,linear_predictivity,31,754,-0.005004132856214513,,"[10000.0, 3162.277660168379, 10000.0, 3162.277660168379, 10000.0]",0.008950771349859925,1.0075655920566362,0.9907859983326281,1.000893640817208
sub-10,LIPd,V2,test,sub-09,linear_predictivity,31,754,-0.03065614344266911,"[-0.030573040571270492, -0.03130347438849672, -0.028639945035223414, -0.03132470156397329, -0.03143955565438163]",,,,,
sub-10,LIPd,V3,train,sub-09,linear_predictivity,31,575,-0.0037754623227158816,,"[10000.0, 10000.0, 10000.0, 10000.0, 10000.0]",0.006081938155461851,1.008768161561154,0.9937005438951694,1.0002202367933148
sub-10,LIPd,V3,test,sub-09,linear_predictivity,31,575,-0.03128607444250028,"[-0.03234043110233189, -0.030119706085062342, -0.029126310810757654, -0.031591386980064716, -0.03325253723428482]",,,,,
sub-10,LIPd,V4,train,sub-09,linear_predictivity,31,616,-0.004191586178527486,,"[31622.776601683796, 10000.0, 31622.776601683796, 10000.0, 10000.0]",0.0039769901634153105,1.009365469573003,0.9958339697745021,1.0012189663208615
sub-10,LIPd,V4,test,sub-09,linear_predictivity,31,616,-0.0419084247972798,"[-0.04217627554252039, -0.041578275322713285, -0.0387931392407883, -0.04219662162639909, -0.04479781225397793]",,,,,
sub-10,LIPd,V3A,train,sub-09,linear_predictivity,31,270,-0.005248819458112486,,"[10000.0, 3162.277660168379, 3162.277660168379, 3162.277660168379, 10000.0]",0.011178855563478236,1.0074909399267244,0.9885242975036809,1.0001289634255253
sub-10,LIPd,V3A,test,sub-09,linear_predictivity,31,270,-0.055411463027472616,"[-0.06837343695681017, -0.0501674613054927, -0.05116885193121996, -0.05451196016193709, -0.05283560478190322]",,,,,
sub-10,LIPd,V3B,train,sub-09,linear_predictivity,31,148,0.00314217430504664,,"[1000.0, 1000.0, 1000.0, 3162.277660168379, 3162.277660168379]",0.023588165222426457,1.0035480233862346,0.9762055345886296,0.9933370850488548
sub-10,LIPd,V3B,test,sub-09,linear_predictivity,31,148,-0.0054634715868135415,"[-0.0010080997487855355, -0.0005830771852682634, -0.0063925260140032325, -0.009337132604447122, -0.009996522381563556]",,,,,
sub-10,LIPd,V6,train,sub-09,linear_predictivity,31,104,-0.003738841914226672,,"[3162.277660168379, 3162.277660168379, 3162.277660168379, 3162.277660168379, 3162.277660168379]",0.014430580496041751,1.0066498943669562,0.9852825440176833,0.9990667329172027
sub-10,LIPd,V6,test,sub-09,linear_predictivity,31,104,-0.020190451429360736,"[-0.027651992920173687, -0.017986631459600597, -0.022349004254627887, -0.0195226143067969, -0.013442014205604619]",,,,,
sub-10,LIPd,V6A,train,sub-09,linear_predictivity,31,85,-0.0026478764105127466,,"[3162.277660168379, 3162.277660168379, 3162.277660168379, 3162.277660168379, 3162.277660168379]",0.01226514877925523,1.0074797543301794,0.9875062583859882,0.9986898089226065
sub-10,LIPd,V6A,test,sub-09,linear_predictivity,31,85,-0.014194245369879021,"[-0.016229773762687257, -0.01230219154533588, -0.017638723621431807, -0.014003343608088352, -0.010797194311851816]",,,,,
sub-10,LIPd,V7,train,sub-09,linear_predictivity,31,87,-0.003875182006788335,,"[1000.0, 3162.277660168379, 3162.277660168379, 3162.277660168379, 1000.0]",0.0181142681139469,1.005113229731539,0.9815891347465143,0.9997411484113166
sub-10,LIPd,V7,test,sub-09,linear_predictivity,31,87,-0.027488130978139357,"[-0.024646536729720926, -0.0276794974030392, -0.03746972183993555, -0.03098422642570631, -0.016660672492294804]",,,,,
sub-10,LIPd,V8,train,sub-09,linear_predictivity,31,101,-0.004307558404019395,,"[10000.0, 10000.0, 10000.0, 3162.277660168379, 10000.0]",0.0070844208325488945,1.008708926313724,0.9926994272468679,1.0008344334631079
sub-10,LIPd,V8,test,sub-09,linear_predictivity,31,101,-0.05190621136243569,"[-0.04835903244396958, -0.05650934064261382, -0.04645632644999772, -0.0532364972533197, -0.05496986002227764]",,,,,
sub-10,LIPd,FFC,train,sub-09,linear_predictivity,31,263,0.0028296562071116224,,"[3162.277660168379, 3162.277660168379, 3162.277660168379, 3162.277660168379, 3162.277660168379]",0.01748241907150396,1.004189387173761,0.9823172067283095,0.9938083411017103
sub-10,LIPd,FFC,test,sub-09,linear_predictivity,31,263,-0.007970921648191439,"[-0.0060870309046783325, -0.008479051865869443, -0.010046978646721359, -0.010524792452109761, -0.004716754371578293]",,,,,
sub-10,LIPd,PIT,train,sub-09,linear_predictivity,31,123,-3.875062324697863e-05,,"[3162.277660168379, 3162.277660168379, 3162.277660168379, 3162.277660168379, 10000.0]",0.013960999905625323,1.0052853205859817,0.9858469882539023,0.9968621637256387
sub-10,LIPd,PIT,test,sub-09,linear_predictivity,31,123,-0.021597032410873886,"[-0.02249181182825792, -0.018930780407657048, -0.016940588317123622, -0.024549848118205514, -0.02507213338312533]",,,,,
sub-10,LIPd,IPS1,train,sub-09,linear_predictivity,31,243,0.00842985852290276,,"[1000.0, 1000.0, 1000.0, 3162.277660168379, 1000.0]",0.032121521214920526,0.998793080265477,0.9676823983722664,0.9885975003223114
sub-10,LIPd,IPS1,test,sub-09,linear_predictivity,31,243,0.01261373242804778,"[0.014500560798922773, 0.018816867342303582, 0.011955931897787406, 0.000980261331156912, 0.016815040770068235]",,,,,
sub-10,LIPd,MST,train,sub-09,linear_predictivity,31,149,-0.002139793008509012,,"[3162.277660168379, 1000.0, 3162.277660168379, 3162.277660168379, 3162.277660168379]",0.018382491352411674,1.0039899027605776,0.981352303288405,0.9976311353520451
sub-10,LIPd,MST,test,sub-09,linear_predictivity,31,149,-0.021539892045917733,"[-0.029186135554747503, -0.015085654418156066, -0.027709134669936207, -0.022438767918426146, -0.013279767668322742]",,,,,
sub-10,LIPd,MT,train,sub-09,linear_predictivity,31,100,-0.003142244006257653,,"[10000.0, 3162.277660168379, 10000.0, 10000.0, 10000.0]",0.00869909584662003,1.0071892279412815,0.9911035613919708,0.9998556629502341
sub-10,LIPd,MT,test,sub-09,linear_predictivity,31,100,-0.021426210892168198,"[-0.02581798568716311, -0.016487882039582995, -0.026810756544556034, -0.02331795201097326, -0.014696478178565604]",,,,,
sub-10,LIPd,FST,train,sub-09,linear_predictivity,31,156,0.020318107216714777,,"[316.2277660168379, 316.2277660168379, 316.2277660168379, 1000.0, 1000.0]",0.054026691793633244,0.9916783112982207,0.9458290236316487,0.9764271169842378
sub-10,LIPd,FST,test,sub-09,linear_predictivity,31,156,0.036536354404797224,"[0.040652345582908284, 0.040029055811953214, 0.03836809129508623, 0.029673031415851155, 0.033959247918187246]",,,,,
sub-10,LIPd,LO1,train,sub-09,linear_predictivity,31,79,-0.0023413538389738336,,"[1000.0, 3162.277660168379, 10000.0, 10000.0, 3162.277660168379]",0.012553752054261574,1.004819697898766,0.9873697202081606,1.0003267376102065
sub-10,LIPd,LO1,test,sub-09,linear_predictivity,31,79,-0.029190824485081108,"[-0.029975795218201734, -0.02691799619270921, -0.033371094218430875, -0.03309554098745253, -0.02259369580861118]",,,,,
sub-10,LIPd,LO2,train,sub-09,linear_predictivity,31,80,-0.0004366989471642486,,"[3162.277660168379, 3162.277660168379, 3162.277660168379, 3162.277660168379, 3162.277660168379]",0.014510010129132587,1.0055218288810064,0.9853519051767495,0.9981279912288921
sub-10,LIPd,LO2,test,sub-09,linear_predictivity,31,80,-0.017619253690536997,"[-0.022420390363613003, -0.010573077788292315, -0.018942467842186568, -0.01799858192549016, -0.018161750533102945]",,,,,
sub-10,LIPd,LO3,train,sub-09,linear_predictivity,31,125,-0.004795896080195946,,"[10000.0, 3162.277660168379, 10000.0, 10000.0, 10000.0]",0.007575227696026023,1.0080880407911614,0.9922068402883726,1.0010395558172929
sub-10,LIPd,LO3,test,sub-09,linear_predictivity,31,125,-0.025276341307293615,"[-0.024037500285781378, -0.02694035179950311, -0.0261945986759511, -0.02426392526187118, -0.024945330513361293]",,,,,
sub-10,LIPd,V7,train,sub-09,linear_predictivity,31,87,-0.003875182006788335,,"[1000.0, 3162.277660168379, 3162.277660168379, 3162.277660168379, 1000.0]",0.0181142681139469,1.005113229731539,0.9815891347465143,0.9997411484113166
sub-10,LIPd,V7,test,sub-09,linear_predictivity,31,87,-0.027488130978139357,"[-0.024646536729720926, -0.0276794974030392, -0.03746972183993555, -0.03098422642570631, -0.016660672492294804]",,,,,
sub-10,LIPd,IP0,train,sub-09,linear_predictivity,31,198,0.010179550358730938,,"[316.2277660168379, 1000.0, 1000.0, 1000.0, 1000.0]",0.037511603760116884,0.9989052254044705,0.9622715793915558,0.9862760556835383
sub-10,LIPd,IP0,test,sub-09,linear_predictivity,31,198,0.00046190831380848194,"[0.016049403849963912, -0.00014049970922037534, -0.006790352531315955, -0.006861334545342855, 5.232450495768431e-05]",,,,,
sub-10,LIPd,IP1,train,sub-09,linear_predictivity,31,114,-0.003579510156357715,,"[1000.0, 1000.0, 1000.0, 3162.277660168379, 1000.0]",0.02351282251855288,1.003107532571862,0.9760911629854915,0.9970132100785147
sub-10,LIPd,IP1,test,sub-09,linear_predictivity,31,114,0.0025942155575014564,"[0.00886707434263858, 0.009295859146293337, 0.000362626751272827, -0.012101552683545338, 0.0065470702308478785]",,,,,
sub-10,LIPd,MIP,train,sub-09,linear_predictivity,31,280,0.0025241482559965685,,"[1000.0, 1000.0, 1000.0, 3162.277660168379, 3162.277660168379]",0.02475219167461485,1.0024797132533192,0.9749803863278398,0.9935107169368275
sub-10,LIPd,MIP,test,sub-09,linear_predictivity,31,280,0.007936195034582002,"[0.015604330359385668, 0.010570369534810681, 0.011192984380953737, -0.0018431787529459842, 0.004156469650705907]",,,,,
sub-10,LIPd,VIP,train,sub-09,linear_predictivity,31,180,0.004264398096680485,,"[1000.0, 1000.0, 1000.0, 1000.0, 1000.0]",0.02815492550977544,1.0021457773922702,0.9716101555017993,0.9918236657910364
sub-10,LIPd,VIP,test,sub-09,linear_predictivity,31,180,0.001199788309316,"[0.004775152247033307, 0.005033965015851822, 0.0006182559695481618, 0.0008287062175955983, -0.00525713790344889]",,,,,
sub-10,LIPd,LIPd,train,sub-09,linear_predictivity,31,69,-0.010904886202363741,,"[10000.0, 10000.0, 10000.0, 10000.0, 10000.0]",0.005432870434221857,1.008575599128491,0.9940966057716718,1.0031712335959508
sub-10,LIPd,LIPd,test,sub-09,linear_predictivity,31,69,-0.033719749580386836,"[-0.02406581617714987, -0.02880722886074042, -0.03106153166409758, -0.05436522618352258, -0.030298945016423752]",,,,,
sub-10,LIPd,LIPv,train,sub-09,linear_predictivity,31,239,-0.006144508743496865,,"[10000.0, 10000.0, 10000.0, 10000.0, 3162.277660168379]",0.006956730701728897,1.008040565811681,0.9927597189600194,1.0017217593299104
sub-10,LIPd,LIPv,test,sub-09,linear_predictivity,31,239,-0.029997984984444094,"[-0.022719336438022597, -0.033570306976610634, -0.028723123826726902, -0.038246758972000416, -0.026730398708859904]",,,,,
sub-10,LIPd,AIP,train,sub-09,linear_predictivity,31,275,0.006321373487682454,,"[1000.0, 1000.0, 1000.0, 1000.0, 1000.0]",0.03126692585915601,1.0017120956919603,0.9684866569289079,0.9895278291111138
sub-10,LIPd,AIP,test,sub-09,linear_predictivity,31,275,0.03312738588847809,"[0.03605456922331303, 0.035613228806324386, 0.030576754307828514, 0.03238646525670874, 0.03100591184821579]",,,,,
sub-10,LIPd,7Pm,train,sub-09,linear_predictivity,31,17,-0.005693640367173553,,"[1000.0, 3162.277660168379, 10000.0, 10000.0, 3162.277660168379]",0.012936984861869208,1.0084255252514556,0.9869118416031123,1.0023477388976023
sub-10,LIPd,7Pm,test,sub-09,linear_predictivity,31,17,-7.12427164256628e-05,"[-0.00756935179174125, 0.0015005130364150548, 0.003067822242629137, 0.0005269277896238669, 0.0021178751409448777]",,,,,
sub-10,LIPd,7PL,train,sub-09,linear_predictivity,31,133,-0.004212643267289613,,"[3162.277660168379, 3162.277660168379, 3162.277660168379, 31622.776601683796, 3162.277660168379]",0.010059869213636915,1.0067620673593354,0.989693662187862,1.0006412659349173
sub-10,LIPd,7PL,test,sub-09,linear_predictivity,31,133,-0.011714366155230803,"[-0.010827466934210885, -0.011235955435166622, -0.0118953717984612, -0.011528474121577361, -0.013084562486737944]",,,,,
sub-10,LIPd,7PC,train,sub-09,linear_predictivity,31,315,0.0007001200962427665,,"[1000.0, 1000.0, 3162.277660168379, 3162.277660168379, 1000.0]",0.024148161582074012,1.0026573157478444,0.9755759739655889,0.9951651777796725
sub-10,LIPd,7PC,test,sub-09,linear_predictivity,31,315,0.015404999464203234,"[0.01813888847790057, 0.020485314158688556, 0.01119384306281003, 0.011221192570413365, 0.015985759051203648]",,,,,
sub-10,LIPd,7Am,train,sub-09,linear_predictivity,31,228,-0.0036186757842685113,,"[3162.277660168379, 3162.277660168379, 10000.0, 3162.277660168379, 3162.277660168379]",0.01080152882389816,1.0067999561621799,0.9889783637381244,1.0002909866753749
sub-10,LIPd,7Am,test,sub-09,linear_predictivity,31,228,-0.014765843371456639,"[-0.014235701989879251, -0.015126448778455736, -0.01748198323880285, -0.011799164717131237, -0.015185918133014117]",,,,,
sub-10,LIPd,7AL,train,sub-09,linear_predictivity,31,178,-0.0043098566031863,,"[10000.0, 31622.776601683796, 10000.0, 10000.0, 10000.0]",0.004674651263029453,1.0100197416283252,0.995150069056292,1.0013928789274247
sub-10,LIPd,7AL,test,sub-09,linear_predictivity,31,178,-0.032531239066673184,"[-0.030719407015740916, -0.031109182669817086, -0.03470218096064427, -0.03025578081879244, -0.035869643868371215]",,,,,
sub-10,LIPd,VVC,train,sub-09,linear_predictivity,31,151,0.004449380925418839,,"[1000.0, 1000.0, 1000.0, 1000.0, 1000.0]",0.028420942833547635,1.0026004312596553,0.97138891880026,0.9923189335607454
sub-10,LIPd,VVC,test,sub-09,linear_predictivity,31,151,-0.008329956520072805,"[-0.005187797252924284, -0.008480311866931843, -0.006845400434985924, -0.014960417571882394, -0.006175855473639578]",,,,,
sub-10,LIPd,VMV2,train,sub-09,linear_predictivity,31,119,-0.004404295179649544,,"[10000.0, 31622.776601683796, 10000.0, 10000.0, 31622.776601683796]",0.004017963394714552,1.0093514556161716,0.9958042614217126,1.001394758045571
sub-10,LIPd,VMV2,test,sub-09,linear_predictivity,31,119,-0.041927616163177236,"[-0.03561544194154871, -0.0434898563061689, -0.039427203927940316, -0.04444154553044895, -0.04666403310977929]",,,,,
sub-10,LIPd,VMV3,train,sub-09,linear_predictivity,31,109,-0.002268462299087909,,"[1000.0, 1000.0, 3162.277660168379, 1000.0, 3162.277660168379]",0.021497648244001643,1.00477828516857,0.9782898725669552,0.9985786376940216
sub-10,LIPd,VMV3,test,sub-09,linear_predictivity,31,109,-0.07303926178620397,"[-0.05939389085734304, -0.07380545740828205, -0.07027132427188115, -0.07589150214722734, -0.08583413424628626]",,,,,
sub-10,LIPd,VMV1,train,sub-09,linear_predictivity,31,96,-0.00392208154283866,,"[10000.0, 3162.277660168379, 3162.277660168379, 3162.277660168379, 3162.277660168379]",0.011250711189268335,1.0077796250987823,0.9885523176295636,1.000469296558019
sub-10,LIPd,VMV1,test,sub-09,linear_predictivity,31,96,-0.007704235983786395,"[-0.006541961807242616, -0.006488230090549011, -0.006952626506125316, -0.010007033219407192, -0.008531328295607835]",,,,,
sub-10,LIPd,PHA2,train,sub-09,linear_predictivity,31,17,-0.0032957682221086857,,"[1000000000.0, 31622.776601683796, 31622.776601683796, 1000000000.0, 1000000000.0]",0.000718651256382475,1.0110848101852676,0.9991639192052005,1.0014187986818333
sub-10,LIPd,PHA2,test,sub-09,linear_predictivity,31,17,-0.0051843053059947635,"[-0.005045357621694511, -0.006281213860710925, -0.005214676373476429, -0.003702821825687753, -0.005677456848404202]",,,,,
sub-10,LIPd,PHA3,train,sub-09,linear_predictivity,31,104,-0.004566794814610908,,"[31622.776601683796, 3162.277660168379, 3162.277660168379, 10000.0, 31622.776601683796]",0.006473494946924499,1.0086953103083247,0.9933652165871404,1.0019145940864997
sub-10,LIPd,PHA3,test,sub-09,linear_predictivity,31,104,-0.011477567390056648,"[-0.012786731686160445, -0.008358939877258165, -0.011450672921989445, -0.013333451334345381, -0.011458041130529804]",,,,,
sub-10,LIPd,PH,train,sub-09,linear_predictivity,31,258,0.014275059020942744,,"[1000.0, 1000.0, 1000.0, 1000.0, 1000.0]",0.03983060045698468,0.9960087000262565,0.9599305756870258,0.9817400054331757
sub-10,LIPd,PH,test,sub-09,linear_predictivity,31,258,0.005370362975897195,"[0.007230345169155873, 0.004792264066868108, 0.0004224583828979883, 0.0033839410800743574, 0.011022806180489644]",,,,,
sub-10,LIPv,V1,train,sub-09,linear_predictivity,75,641,-0.0002563709534384952,,"[3162.277660168379, 3162.277660168379, 3162.277660168379, 3162.277660168379, 3162.277660168379]",0.02593960600778234,1.0141077357426558,0.9738510948945504,0.9968137788930974
sub-10,LIPv,V1,test,sub-09,linear_predictivity,75,641,-0.023327297709711252,"[-0.022688528307985498, -0.021493222625075824, -0.019883164120046055, -0.025510352942790034, -0.027061220552658846]",,,,,
sub-10,LIPv,V2,train,sub-09,linear_predictivity,75,754,0.006054691990700218,,"[3162.277660168379, 3162.277660168379, 1000.0, 3162.277660168379, 1000.0]",0.04159071160126914,1.0079346956564919,0.9582033920477032,0.9896557205458109
sub-10,LIPv,V2,test,sub-09,linear_predictivity,75,754,0.006227635268423492,"[0.001355974207023333, 0.0012557679738526104, 0.019189070762338837, 0.0010790241886432048, 0.008258339210259476]",,,,,
sub-10,LIPv,V3,train,sub-09,linear_predictivity,75,575,0.0045970495607621335,,"[3162.277660168379, 3162.277660168379, 1000.0, 3162.277660168379, 1000.0]",0.03855376568062504,1.0096718193532617,0.9612730246645865,0.9917434181321207
sub-10,LIPv,V3,test,sub-09,linear_predictivity,75,575,-0.005960912033392454,"[-0.011992585605932036, -0.008221854965043135, 0.002394736420235265, -0.0075280727333495445, -0.0044567832828728195]",,,,,
sub-10,LIPv,V4,train,sub-09,linear_predictivity,75,616,0.005930186632456891,,"[1000.0, 1000.0, 1000.0, 3162.277660168379, 1000.0]",0.04666925653162322,1.0097477061947937,0.9531379065662383,0.9909168007766056
sub-10,LIPv,V4,test,sub-09,linear_predictivity,75,616,-0.01734055835175451,"[-0.019560748950204983, -0.018616009228320463, -0.014035687552057013, -0.018866175955139015, -0.015624170073051053]",,,,,
sub-10,LIPv,V3A,train,sub-09,linear_predictivity,75,270,0.003200057675606471,,"[1000.0, 3162.277660168379, 1000.0, 3162.277660168379, 1000.0]",0.04604534120943101,1.006457407443892,0.9536456047432436,0.9912778010083667
sub-10,LIPv,V3A,test,sub-09,linear_predictivity,75,270,-0.016396671305655378,"[-0.028478923812957975, -0.018231854412839785, -0.007776318612241216, -0.022918044786041352, -0.004578214904196562]",,,,,
sub-10,LIPv,V3B,train,sub-09,linear_predictivity,75,148,0.049254232497092515,,"[1000.0, 316.2277660168379, 1000.0, 1000.0, 1000.0]",0.10098819296655762,0.9834679351893977,0.8987001314384303,0.9465842925592417
sub-10,LIPv,V3B,test,sub-09,linear_predictivity,75,148,0.14592099711838658,"[0.13730771527937696, 0.17449991569955076, 0.12790685174522745, 0.14034217848701006, 0.14954832438076773]",,,,,
sub-10,LIPv,V6,train,sub-09,linear_predictivity,75,104,0.016976082284463283,,"[1000.0, 1000.0, 1000.0, 1000.0, 1000.0]",0.06326445243178143,0.9984764470130228,0.9365015925079749,0.978804080401346
sub-10,LIPv,V6,test,sub-09,linear_predictivity,75,104,0.016776714521614233,"[0.00028149321901370264, 0.02289852373572649, 0.014898957629338414, 0.01977034348867492, 0.026034254535317637]",,,,,
sub-10,LIPv,V6A,train,sub-09,linear_predictivity,75,85,0.021838157573207406,,"[316.2277660168379, 1000.0, 1000.0, 1000.0, 316.2277660168379]",0.08173546842747623,0.9964107118854054,0.9177959385940389,0.9723373943870236
sub-10,LIPv,V6A,test,sub-09,linear_predictivity,75,85,0.0862514771867258,"[0.08303798775296235, 0.09310459370419931, 0.07476377300305838, 0.08239020712109706, 0.09796082435231183]",,,,,
sub-10,LIPv,V7,train,sub-09,linear_predictivity,75,87,0.04930596892912916,,"[316.2277660168379, 1000.0, 316.2277660168379, 1000.0, 316.2277660168379]",0.11036721257147,0.9829539519876891,0.8893844370075659,0.9462238132272038
sub-10,LIPv,V7,test,sub-09,linear_predictivity,75,87,0.11703906531188384,"[0.10894342100580617, 0.1254064442474709, 0.11297967868225411, 0.1132794109048705, 0.12458637171901751]",,,,,
sub-10,LIPv,V8,train,sub-09,linear_predictivity,75,101,-0.0005094563203010186,,"[3162.277660168379, 3162.277660168379, 10000.0, 3162.277660168379, 3162.277660168379]",0.023070707363900593,1.0156631410286252,0.9767243245043378,0.9969404199779286
sub-10,LIPv,V8,test,sub-09,linear_predictivity,75,101,-0.026047828182365347,"[-0.02169697490710703, -0.03258824150061776, -0.030771543702648403, -0.02421765271035672, -0.020964728091096816]",,,,,
sub-10,LIPv,FFC,train,sub-09,linear_predictivity,75,263,0.023426091125638388,,"[1000.0, 1000.0, 1000.0, 1000.0, 1000.0]",0.06485860889362274,0.9999073433717326,0.9349360529433757,0.9731292917840143
sub-10,LIPv,FFC,test,sub-09,linear_predictivity,75,263,0.06839553818442078,"[0.0732918529753767, 0.06847245752702746, 0.06387430545445946, 0.06792308217412771, 0.06841599279111255]",,,,,
sub-10,LIPv,PIT,train,sub-09,linear_predictivity,75,123,0.021085810126796372,,"[1000.0, 1000.0, 1000.0, 1000.0, 1000.0]",0.060612909070346485,1.0022604346915696,0.9391934392127949,0.975662581378266
sub-10,LIPv,PIT,test,sub-09,linear_predictivity,75,123,0.029787594790113208,"[0.029515047317405358, 0.026264160607517083, 0.0363553438277489, 0.03144342848618514, 0.02535999371170956]",,,,,
sub-10,LIPv,IPS1,train,sub-09,linear_predictivity,75,243,0.06934800686426637,,"[316.2277660168379, 316.2277660168379, 316.2277660168379, 1000.0, 316.2277660168379]",0.13336640142658088,0.9723170176952124,0.8663687114056892,0.9269406246573413
sub-10,LIPv,IPS1,test,sub-09,linear_predictivity,75,243,0.19098335648762987,"[0.18528820745816635, 0.21246227911791632, 0.18283575053298862, 0.16987857674728593, 0.20445196858179215]",,,,,
sub-10,LIPv,MST,train,sub-09,linear_predictivity,75,149,0.051224310764919706,,"[316.2277660168379, 316.2277660168379, 316.2277660168379, 316.2277660168379, 316.2277660168379]",0.11272762079434877,0.9872785300708887,0.8870071443037715,0.944050710543395
sub-10,LIPv,MST,test,sub-09,linear_predictivity,75,149,0.1470104823471766,"[0.14223390725114202, 0.149012411188027, 0.13686984190954682, 0.150770818129504, 0.15616543325766324]",,,,,
sub-10,LIPv,MT,train,sub-09,linear_predictivity,75,100,0.04031450882151252,,"[316.2277660168379, 316.2277660168379, 316.2277660168379, 316.2277660168379, 316.2277660168379]",0.09952113861037024,0.9938430601089326,0.900253218610894,0.9561015619000507
sub-10,LIPv,MT,test,sub-09,linear_predictivity,75,100,0.11391628540077985,"[0.1122208459787791, 0.11254047188448511, 0.10110054459041953, 0.12319933097376033, 0.1205202335764551]",,,,,
sub-10,LIPv,FST,train,sub-09,linear_predictivity,75,156,0.06758113034728816,,"[316.2277660168379, 316.2277660168379, 316.2277660168379, 316.2277660168379, 316.2277660168379]",0.12843137852731468,0.9798535406810066,0.8713554692748643,0.9286700394855123
sub-10,LIPv,FST,test,sub-09,linear_predictivity,75,156,0.1846190204667359,"[0.18712870901639958, 0.1832513605315114, 0.17428971579218094, 0.1830589923263095, 0.19536632466727816]",,,,,
sub-10,LIPv,LO1,train,sub-09,linear_predictivity,75,79,0.04108069521185782,,"[1000.0, 1000.0, 1000.0, 1000.0, 1000.0]",0.07872659272118089,0.9928028875369659,0.9211848760351348,0.9571951449502556
sub-10,LIPv,LO1,test,sub-09,linear_predictivity,75,79,0.035823437605839184,"[0.023797734647730353, 0.03681722822853124, 0.03912061915129744, 0.04015085342767247, 0.03923075257396443]",,,,,
sub-10,LIPv,LO2,train,sub-09,linear_predictivity,75,80,0.024687972079407018,,"[1000.0, 1000.0, 1000.0, 1000.0, 1000.0]",0.06350649428335362,1.0006345806101078,0.9363626180833933,0.9730548450378551
sub-10,LIPv,LO2,test,sub-09,linear_predictivity,75,80,0.03314414824736339,"[0.01944240913480626, 0.03708578426276877, 0.03588541491115207, 0.03666331685960641, 0.03664381606848342]",,,,,
sub-10,LIPv,LO3,train,sub-09,linear_predictivity,75,125,0.02414175465370481,,"[1000.0, 1000.0, 1000.0, 1000.0, 316.2277660168379]",0.07000933749153859,0.9984655987639732,0.9297214876042176,0.972171325530051
sub-10,LIPv,LO3,test,sub-09,linear_predictivity,75,125,0.05879643845860773,"[0.055915072289989924, 0.05479805754221735, 0.05022505424520765, 0.06105727803273314, 0.07198673018289056]",,,,,
sub-10,LIPv,V7,train,sub-09,linear_predictivity,75,87,0.04930596892912916,,"[316.2277660168379, 1000.0, 316.2277660168379, 1000.0, 316.2277660168379]",0.11036721257147,0.9829539519876891,0.8893844370075659,0.9462238132272038
sub-10,LIPv,V7,test,sub-09,linear_predictivity,75,87,0.11703906531188384,"[0.10894342100580617, 0.1254064442474709, 0.11297967868225411, 0.1132794109048705, 0.12458637171901751]",,,,,
sub-10,LIPv,IP0,train,sub-09,linear_predictivity,75,198,0.06763594772308378,,"[316.2277660168379, 316.2277660168379, 316.2277660168379, 1000.0, 316.2277660168379]",0.13215116458731663,0.974129969509179,0.8674388203871057,0.9276043614416907
sub-10,LIPv,IP0,test,sub-09,linear_predictivity,75,198,0.17745676766250815,"[0.18306242686869062, 0.1996358010135488, 0.16027148325529633, 0.1528984210217399, 0.19141570615326509]",,,,,
sub-10,LIPv,IP1,train,sub-09,linear_predictivity,75,114,0.016554853055589593,,"[1000.0, 1000.0, 1000.0, 1000.0, 1000.0]",0.06434668505190966,0.9986442179007231,0.9352582867057702,0.9767576980761208
sub-10,LIPv,IP1,test,sub-09,linear_predictivity,75,114,0.07167590119092483,"[0.07594927971160625, 0.07586275813939312, 0.06790653195997991, 0.053829422441872235, 0.08483151370177262]",,,,,
sub-10,LIPv,MIP,train,sub-09,linear_predictivity,75,280,0.042890560081010845,,"[1000.0, 316.2277660168379, 1000.0, 1000.0, 1000.0]",0.09660431873074589,0.9846560033824657,0.9030462173005201,0.9522030001351169
sub-10,LIPv,MIP,test,sub-09,linear_predictivity,75,280,0.14441018177068354,"[0.14167135647205695, 0.18072419651772545, 0.1307901480314603, 0.12434538938999583, 0.14451981844217918]",,,,,
sub-10,LIPv,VIP,train,sub-09,linear_predictivity,75,180,0.0507396631050935,,"[316.2277660168379, 316.2277660168379, 1000.0, 1000.0, 316.2277660168379]",0.11657074157805951,0.9793195979403496,0.882921790927328,0.9439085509930774
sub-10,LIPv,VIP,test,sub-09,linear_predictivity,75,180,0.17746730897019297,"[0.178027130069811, 0.20931576661425974, 0.15651561304462516, 0.1571841708835871, 0.18629386423868186]",,,,,
sub-10,LIPv,LIPd,train,sub-09,linear_predictivity,75,69,-0.007295913000742184,,"[3162.277660168379, 3162.277660168379, 3162.277660168379, 1000.0, 3162.277660168379]",0.03169421359068173,1.0115568689731238,0.9678394124559186,0.9991898836156867
sub-10,LIPv,LIPd,test,sub-09,linear_predictivity,75,69,-0.013242817045831707,"[-0.003206350562129025, -0.010583525178221692, -0.007907171267462456, -0.04009618417831604, -0.00442085404302932]",,,,,
sub-10,LIPv,LIPv,train,sub-09,linear_predictivity,75,239,0.010524991829941441,,"[1000.0, 1000.0, 1000.0, 3162.277660168379, 1000.0]",0.05345732326069774,1.004825438814588,0.9462681373333052,0.9848029432179788
sub-10,LIPv,LIPv,test,sub-09,linear_predictivity,75,239,0.05083362938517668,"[0.0578444976818726, 0.05556103358754218, 0.04709070574386095, 0.030877129911925934, 0.06279478000068177]",,,,,
sub-10,LIPv,AIP,train,sub-09,linear_predictivity,75,275,0.021486453822110608,,"[1000.0, 1000.0, 1000.0, 1000.0, 1000.0]",0.0636933889466281,1.0023055111395185,0.9360394787238979,0.9741706991656318
sub-10,LIPv,AIP,test,sub-09,linear_predictivity,75,275,0.09500732662639247,"[0.0939278832322492, 0.10307353279453821, 0.09447347183641804, 0.09042340952970655, 0.09313833573905032]",,,,,
sub-10,LIPv,7Pm,train,sub-09,linear_predictivity,75,17,0.00271386702475099,,"[3162.277660168379, 3162.277660168379, 3162.277660168379, 3162.277660168379, 1000.0]",0.0323964696885473,1.0104331488556944,0.9674068741171912,0.9939833726268337
sub-10,LIPv,7Pm,test,sub-09,linear_predictivity,75,17,0.021079570759182632,"[0.02586926542076061, 0.01599925686929584, 0.025406065288778333, 0.008679757517360786, 0.029443508699717583]",,,,,
sub-10,LIPv,7PL,train,sub-09,linear_predictivity,75,133,0.053750240115966796,,"[316.2277660168379, 316.2277660168379, 316.2277660168379, 1000.0, 1000.0]",0.11320699305880018,0.9824767681128839,0.8865087462714076,0.9418565307629997
sub-10,LIPv,7PL,test,sub-09,linear_predictivity,75,133,0.17100984844643594,"[0.1775235741310578, 0.20000949370825613, 0.1822223598461343, 0.1415234559965249, 0.15377035855020646]",,,,,
sub-10,LIPv,7PC,train,sub-09,linear_predictivity,75,315,0.03343901209720772,,"[1000.0, 1000.0, 1000.0, 1000.0, 1000.0]",0.07575632050200398,0.994516362569169,0.9239514333883075,0.9619623192287499
sub-10,LIPv,7PC,test,sub-09,linear_predictivity,75,315,0.11567159746258779,"[0.10883441440277156, 0.12550345167569865, 0.1139424200110774, 0.11028374265699593, 0.11979395856639538]",,,,,
sub-10,LIPv,7Am,train,sub-09,linear_predictivity,75,228,0.012667808579486016,,"[1000.0, 1000.0, 1000.0, 1000.0, 1000.0]",0.05594650554555887,1.0068115666783863,0.9438593406759525,0.9838547908733014
sub-10,LIPv,7Am,test,sub-09,linear_predictivity,75,228,0.05740219038188068,"[0.04449120625632306, 0.06541795008302104, 0.06285194692860312, 0.06185019733160189, 0.05239965130985433]",,,,,
sub-10,LIPv,7AL,train,sub-09,linear_predictivity,75,178,0.007018847384869619,,"[3162.277660168379, 3162.277660168379, 3162.277660168379, 3162.277660168379, 3162.277660168379]",0.02955201883053447,1.0118880819967138,0.970275319082632,0.990106120098359
sub-10,LIPv,7AL,test,sub-09,linear_predictivity,75,178,0.022810303393082865,"[0.020638619109663466, 0.02698715923692703, 0.01986973602762809, 0.023788395016075624, 0.022767607575120113]",,,,,
sub-10,LIPv,VVC,train,sub-09,linear_predictivity,75,151,0.021245465548776758,,"[1000.0, 1000.0, 1000.0, 1000.0, 1000.0]",0.06369759316301374,1.0008466128462759,0.9361009342163837,0.9754429670365905
sub-10,LIPv,VVC,test,sub-09,linear_predictivity,75,151,0.07691240225704143,"[0.08239749992955607, 0.07609013576328813, 0.07183703535544306, 0.06648898412240707, 0.0877483561145129]",,,,,
sub-10,LIPv,VMV2,train,sub-09,linear_predictivity,75,119,0.03608105193848605,,"[316.2277660168379, 316.2277660168379, 316.2277660168379, 316.2277660168379, 316.2277660168379]",0.10577116406555157,0.9924826571370758,0.8940578986139156,0.9609361422695473
sub-10,LIPv,VMV2,test,sub-09,linear_predictivity,75,119,0.1369277293031092,"[0.14884860792341106, 0.1409451347219947, 0.1294793991730977, 0.11728026249878774, 0.1480852421982548]",,,,,
sub-10,LIPv,VMV3,train,sub-09,linear_predictivity,75,109,0.01958043153746573,,"[1000.0, 1000.0, 1000.0, 1000.0, 1000.0]",0.06383598676272872,1.000593712105682,0.9359130818542345,0.976321163594269
sub-10,LIPv,VMV3,test,sub-09,linear_predictivity,75,109,0.02564347117398964,"[0.043155922242014796, 0.020215007203260617, 0.022038280593792845, 0.015597017970322659, 0.02721112786055729]",,,,,
sub-10,LIPv,VMV1,train,sub-09,linear_predictivity,75,96,0.023535722455677602,,"[1000.0, 1000.0, 1000.0, 1000.0, 316.2277660168379]",0.07300099967188176,0.9990222376805494,0.9268647829357193,0.9729967937271539
sub-10,LIPv,VMV1,test,sub-09,linear_predictivity,75,96,0.1038521424694681,"[0.10263469972359307, 0.10344852662228636, 0.09627398143182986, 0.0849289397627353, 0.13197456480689593]",,,,,
sub-10,LIPv,PHA2,train,sub-09,linear_predictivity,75,17,0.0037309350618578404,,"[3162.277660168379, 3162.277660168379, 1000.0, 3162.277660168379, 1000.0]",0.0356504803508932,1.011470806790887,0.9641541675647431,0.9942843546038629
sub-10,LIPv,PHA2,test,sub-09,linear_predictivity,75,17,0.046856683608641744,"[0.03917492039523078, 0.04020396977418926, 0.06233175660198469, 0.02793139307097973, 0.06464137820082425]",,,,,
sub-10,LIPv,PHA3,train,sub-09,linear_predictivity,75,104,0.023366544937270972,,"[1000.0, 1000.0, 1000.0, 1000.0, 1000.0]",0.06456253342023469,0.9998617283069245,0.935282801483547,0.9741588257659363
sub-10,LIPv,PHA3,test,sub-09,linear_predictivity,75,104,0.1063740472380662,"[0.10906256133270001, 0.1130132462976837, 0.1012563541727307, 0.09499366184861956, 0.11354441253859701]",,,,,
sub-10,LIPv,PH,train,sub-09,linear_predictivity,75,258,0.038125803166606576,,"[1000.0, 1000.0, 316.2277660168379, 1000.0, 316.2277660168379]",0.08958411711360746,0.9913912281941981,0.9101391537136756,0.9577942312832569
sub-10,LIPv,PH,test,sub-09,linear_predictivity,75,258,0.09401988406929261,"[0.09175897634920348, 0.09136272059239015, 0.09936999389830362, 0.08055022279589175, 0.10705750671067411]",,,,,
sub-10,AIP,V1,train,sub-09,linear_predictivity,409,641,-0.0008594332769340679,,"[31622.776601683796, 31622.776601683796, 10000.0, 31622.776601683796, 10000.0]",0.028831169053911705,1.0748108453449439,0.9709328930710182,0.9973757162902086
sub-10,AIP,V1,test,sub-09,linear_predictivity,409,641,-0.025484252968622712,"[-0.025588472560778255, -0.02438071905238857, -0.022301602232991543, -0.02567008936344711, -0.029480381633508086]",,,,,
sub-10,AIP,V2,train,sub-09,linear_predictivity,409,754,0.00255724560660498,,"[10000.0, 31622.776601683796, 10000.0, 10000.0, 10000.0]",0.04053489208387952,1.0695767152220301,0.9592430976659747,0.9933917387215851
sub-10,AIP,V2,test,sub-09,linear_predictivity,409,754,-0.014446274962064404,"[-0.015112873091789738, -0.0182669624543585, -0.009052637083705933, -0.013627069137576638, -0.016171833042891222]",,,,,
sub-10,AIP,V3,train,sub-09,linear_predictivity,409,575,0.0007053890751460688,,"[10000.0, 31622.776601683796, 10000.0, 10000.0, 10000.0]",0.0378824534164986,1.0696978215854864,0.9619517428568338,0.9957476698100237
sub-10,AIP,V3,test,sub-09,linear_predictivity,409,575,-0.01841665549388635,"[-0.02078452292501543, -0.02080943092130064, -0.016619295105329373, -0.014629957836980706, -0.0192400706808056]",,,,,
sub-10,AIP,V4,train,sub-09,linear_predictivity,409,616,-0.0032232560425486793,,"[31622.776601683796, 31622.776601683796, 31622.776601683796, 10000.0, 10000.0]",0.026971361003902426,1.0696635530516718,0.9728363418592678,1.0001851838176716
sub-10,AIP,V4,test,sub-09,linear_predictivity,409,616,-0.031530476111270404,"[-0.034832376206860104, -0.033388743433504446, -0.03316742831612907, -0.02430605579132122, -0.031957776808537175]",,,,,
sub-10,AIP,V3A,train,sub-09,linear_predictivity,409,270,0.000819976510725719,,"[10000.0, 10000.0, 3162.277660168379, 10000.0, 3162.277660168379]",0.06291706661891797,1.068869623986584,0.9368427657181947,0.9940966624718012
sub-10,AIP,V3A,test,sub-09,linear_predictivity,409,270,-0.022511548430571324,"[-0.03824915238932047, -0.023042025684341882, -0.0029082790237182315, -0.027824823079085466, -0.020533461976390572]",,,,,
sub-10,AIP,V3B,train,sub-09,linear_predictivity,409,148,0.026095598348834247,,"[10000.0, 3162.277660168379, 10000.0, 3162.277660168379, 3162.277660168379]",0.09257603956410729,1.048111353374602,0.9070756741863313,0.9700557222223031
sub-10,AIP,V3B,test,sub-09,linear_predictivity,409,148,0.07728109847315923,"[0.0574572018093932, 0.0951307941530184, 0.05389924852592272, 0.09126920856759163, 0.08864903930987016]",,,,,
sub-10,AIP,V6,train,sub-09,linear_predictivity,409,104,0.011301146399247716,,"[10000.0, 10000.0, 10000.0, 10000.0, 10000.0]",0.053585128106946135,1.0619197316512383,0.9461360224716996,0.9838576553624605
sub-10,AIP,V6,test,sub-09,linear_predictivity,409,104,0.018797827686161107,"[0.010932530344758653, 0.021972845512844157, 0.016393027127279282, 0.02230405668873188, 0.02238667875719155]",,,,,
sub-10,AIP,V6A,train,sub-09,linear_predictivity,409,85,0.010487214525956655,,"[10000.0, 10000.0, 10000.0, 3162.277660168379, 3162.277660168379]",0.07001540459954628,1.0590725335186568,0.9297231580084706,0.9845929586863356
sub-10,AIP,V6A,test,sub-09,linear_predictivity,409,85,0.0507194708005682,"[0.03737067765787184, 0.05105124526683509, 0.03134490053294037, 0.063914434248356, 0.0699160962968377]",,,,,
sub-10,AIP,V7,train,sub-09,linear_predictivity,409,87,0.024292641316084194,,"[10000.0, 3162.277660168379, 3162.277660168379, 3162.277660168379, 3162.277660168379]",0.10005196925395561,1.044606507552968,0.8996638306261439,0.9712143217942032
sub-10,AIP,V7,test,sub-09,linear_predictivity,409,87,0.07148849490858812,"[0.03886645080539025, 0.09330022582871725, 0.059310523288680674, 0.08128990763588459, 0.08467536698426788]",,,,,
sub-10,AIP,V8,train,sub-09,linear_predictivity,409,101,-0.004864664541576493,,"[100000.0, 100000.0, 100000.0, 31622.776601683796, 31622.776601683796]",0.01149941299661022,1.0774400931831631,0.9882616720001322,1.0013678629290725
sub-10,AIP,V8,test,sub-09,linear_predictivity,409,101,-0.04852519235301338,"[-0.04788666712694799, -0.05454242553528421, -0.04551879542928684, -0.048754806694977004, -0.04592326697857086]",,,,,
sub-10,AIP,FFC,train,sub-09,linear_predictivity,409,263,0.015068778002419361,,"[10000.0, 10000.0, 10000.0, 10000.0, 10000.0]",0.05513571447121256,1.0590669572475964,0.9446617201456137,0.981528624460732
sub-10,AIP,FFC,test,sub-09,linear_predictivity,409,263,0.015100694666585094,"[0.014231499957896732, 0.01930988305435644, 0.01408439066381121, 0.01481842449176399, 0.013059275165097098]",,,,,
sub-10,AIP,PIT,train,sub-09,linear_predictivity,409,123,0.00889146745290566,,"[10000.0, 10000.0, 10000.0, 10000.0, 10000.0]",0.0486696906762058,1.0622881754042512,0.9511381202728121,0.9880018744780179
sub-10,AIP,PIT,test,sub-09,linear_predictivity,409,123,-0.011208247481275468,"[-0.014178143400296703, -0.007247171961276309, -0.00758088851003202, -0.010311903255202266, -0.016723130279570043]",,,,,
sub-10,AIP,IPS1,train,sub-09,linear_predictivity,409,243,0.051060433685622464,,"[3162.277660168379, 3162.277660168379, 3162.277660168379, 3162.277660168379, 3162.277660168379]",0.12803275103501247,1.0279841383845651,0.8717542988674142,0.9453822825795589
sub-10,AIP,IPS1,test,sub-09,linear_predictivity,409,243,0.1349816337036603,"[0.12425679904259615, 0.14667150292144457, 0.12234643914515479, 0.13517885935191923, 0.1464545680571866]",,,,,
sub-10,AIP,MST,train,sub-09,linear_predictivity,409,149,0.04150397711144292,,"[3162.277660168379, 3162.277660168379, 3162.277660168379, 3162.277660168379, 3162.277660168379]",0.12223360157361218,1.033253612018326,0.8774633121937289,0.9533422732766439
sub-10,AIP,MST,test,sub-09,linear_predictivity,409,149,0.08400873742880995,"[0.06847804690291899, 0.09712820095589232, 0.07507447966569454, 0.08449878992665742, 0.09486416969288641]",,,,,
sub-10,AIP,MT,train,sub-09,linear_predictivity,409,100,0.025889756101058096,,"[3162.277660168379, 3162.277660168379, 3162.277660168379, 3162.277660168379, 3162.277660168379]",0.10945388323257821,1.043546654228657,0.8903041093066065,0.9702202797716037
sub-10,AIP,MT,test,sub-09,linear_predictivity,409,100,0.0525697919087872,"[0.03889870954238831, 0.06814386939907623, 0.04034093618381711, 0.04929802122279743, 0.06616742319585694]",,,,,
sub-10,AIP,FST,train,sub-09,linear_predictivity,409,156,0.06105284759191066,,"[3162.277660168379, 3162.277660168379, 3162.277660168379, 3162.277660168379, 3162.277660168379]",0.1338722467158866,1.0228002074038465,0.865929137352493,0.935604636483091
sub-10,AIP,FST,test,sub-09,linear_predictivity,409,156,0.15172095211930084,"[0.14578751283552607, 0.16082235617661106, 0.1467532358797061, 0.149578194619693, 0.1556634610849679]",,,,,
sub-10,AIP,LO1,train,sub-09,linear_predictivity,409,79,0.03002814859261221,,"[3162.277660168379, 3162.277660168379, 3162.277660168379, 3162.277660168379, 3162.277660168379]",0.10631570079507491,1.0371496168166114,0.8935372892729465,0.9678470015717193
sub-10,AIP,LO1,test,sub-09,linear_predictivity,409,79,0.05156105627558821,"[0.031066112643525566, 0.0720641486891835, 0.035725521721334565, 0.06839571694313973, 0.05055378138075774]",,,,,
sub-10,AIP,LO2,train,sub-09,linear_predictivity,409,80,0.014755440888525647,,"[10000.0, 3162.277660168379, 3162.277660168379, 3162.277660168379, 3162.277660168379]",0.08643071369994618,1.051025220743816,0.9132970377961154,0.982562333573315
sub-10,AIP,LO2,test,sub-09,linear_predictivity,409,80,0.019028125658505923,"[0.0017395531634840935, 0.028436912555333003, 0.013291960929987356, 0.03407424692768193, 0.01759795471604323]",,,,,
sub-10,AIP,LO3,train,sub-09,linear_predictivity,409,125,0.01687909610473758,,"[3162.277660168379, 3162.277660168379, 3162.277660168379, 3162.277660168379, 3162.277660168379]",0.09874549297053722,1.0497615724980673,0.9009889167215224,0.9788240202627732
sub-10,AIP,LO3,test,sub-09,linear_predictivity,409,125,0.04588565924574118,"[0.03658223656006052, 0.057741568854432906, 0.033342128247311975, 0.05476478148326626, 0.046997581083634256]",,,,,
sub-10,AIP,V7,train,sub-09,linear_predictivity,409,87,0.024292641316084194,,"[10000.0, 3162.277660168379, 3162.277660168379, 3162.277660168379, 3162.277660168379]",0.10005196925395561,1.044606507552968,0.8996638306261439,0.9712143217942032
sub-10,AIP,V7,test,sub-09,linear_predictivity,409,87,0.07148849490858812,"[0.03886645080539025, 0.09330022582871725, 0.059310523288680674, 0.08128990763588459, 0.08467536698426788]",,,,,
sub-10,AIP,IP0,train,sub-09,linear_predictivity,409,198,0.03706790583567303,,"[3162.277660168379, 3162.277660168379, 10000.0, 3162.277660168379, 3162.277660168379]",0.10989524623624485,1.0359786606107892,0.8896607465183346,0.9587820873412957
sub-10,AIP,IP0,test,sub-09,linear_predictivity,409,198,0.10002038649117004,"[0.10106356953113316, 0.11393552605151767, 0.06465607223813283, 0.1034750543361845, 0.11697171029888205]",,,,,
sub-10,AIP,IP1,train,sub-09,linear_predictivity,409,114,0.008396793110065276,,"[10000.0, 10000.0, 10000.0, 10000.0, 10000.0]",0.05229278122293442,1.0650323867127247,0.9473430735959791,0.9854015718914919
sub-10,AIP,IP1,test,sub-09,linear_predictivity,409,114,0.03804668316460248,"[0.04164375348698644, 0.04186211043598903, 0.03593570668253716, 0.022340418542673983, 0.04845142667482578]",,,,,
sub-10,AIP,MIP,train,sub-09,linear_predictivity,409,280,0.014471742945770838,,"[10000.0, 10000.0, 10000.0, 10000.0, 10000.0]",0.05868239745218253,1.0587480564817597,0.9410281525118501,0.9810373814339357
sub-10,AIP,MIP,test,sub-09,linear_predictivity,409,280,0.05184017682168435,"[0.05224381385627393, 0.05970669971026741, 0.046377191550849226, 0.043786549852556825, 0.05708662913847433]",,,,,
sub-10,AIP,VIP,train,sub-09,linear_predictivity,409,180,0.02326021285431485,,"[10000.0, 10000.0, 10000.0, 3162.277660168379, 3162.277660168379]",0.08699919245065375,1.0465327489035188,0.9127196864269875,0.9721467152500856
sub-10,AIP,VIP,test,sub-09,linear_predictivity,409,180,0.09590874296620616,"[0.08310997930283848, 0.09591858482297003, 0.07372384823290899, 0.110533167001773, 0.11625813547054033]",,,,,
sub-10,AIP,LIPd,train,sub-09,linear_predictivity,409,69,-0.010977120890346938,,"[100000.0, 100000.0, 100000.0, 31622.776601683796, 100000.0]",0.010330688884110626,1.0849809873401626,0.9892205175351162,1.0032502177874378
sub-10,AIP,LIPd,test,sub-09,linear_predictivity,409,69,-0.033265479362997556,"[-0.022617965881867173, -0.02957216464981387, -0.031771200120408495, -0.05356594419605405, -0.02880012196684421]",,,,,
sub-10,AIP,LIPv,train,sub-09,linear_predictivity,409,239,-0.005604743653246172,,"[31622.776601683796, 10000.0, 31622.776601683796, 10000.0, 10000.0]",0.033532407640153396,1.0741743902752778,0.9661368414500915,1.000898371616066
sub-10,AIP,LIPv,test,sub-09,linear_predictivity,409,239,0.0007510198596932827,"[-0.0023443545563728192, 0.01201631511752035, -0.01338485100528078, -0.00232731842377571, 0.009795308166375373]",,,,,
sub-10,AIP,AIP,train,sub-09,linear_predictivity,409,275,0.02300658349684339,,"[10000.0, 10000.0, 10000.0, 10000.0, 10000.0]",0.06416040211493226,1.0654288714354114,0.9356046104504318,0.9729541136124107
sub-10,AIP,AIP,test,sub-09,linear_predictivity,409,275,0.08807540890067715,"[0.0838910701426516, 0.09533102299335644, 0.0890993327990907, 0.08177388019129406, 0.09028173837699302]",,,,,
sub-10,AIP,7Pm,train,sub-09,linear_predictivity,409,17,-0.0004197132457033424,,"[31622.776601683796, 31622.776601683796, 31622.776601683796, 31622.776601683796, 100000.0]",0.021667106428501077,1.0889255130938529,0.9781315321607224,0.9968606148664992
sub-10,AIP,7Pm,test,sub-09,linear_predictivity,409,17,0.009558060093297517,"[0.013295134368859318, 0.00899651769271376, 0.012121520306116136, 0.0033438096246898503, 0.010033318474108514]",,,,,
sub-10,AIP,7PL,train,sub-09,linear_predictivity,409,133,0.0032746899564905273,,"[10000.0, 10000.0, 10000.0, 10000.0, 10000.0]",0.04912631154194526,1.0697832518516455,0.95060313515233,0.9925205022861018
sub-10,AIP,7PL,test,sub-09,linear_predictivity,409,133,0.03317794196305236,"[0.03320562330059553, 0.03963078053512476, 0.028456207956458108, 0.028540977921836186, 0.03605612010124721]",,,,,
sub-10,AIP,7PC,train,sub-09,linear_predictivity,409,315,0.03002565886505955,,"[10000.0, 3162.277660168379, 3162.277660168379, 3162.277660168379, 3162.277660168379]",0.10265292617121254,1.044812782229372,0.8970024371623927,0.9652253721953731
sub-10,AIP,7PC,test,sub-09,linear_predictivity,409,315,0.1255241918441978,"[0.09822227726283503, 0.1417448601719983, 0.13189989447360978, 0.12789356930391735, 0.12786035800862858]",,,,,
sub-10,AIP,7Am,train,sub-09,linear_predictivity,409,228,0.009333180566200961,,"[10000.0, 10000.0, 10000.0, 10000.0, 10000.0]",0.05053123568745956,1.071517088778743,0.9492635816809761,0.9871416275024693
sub-10,AIP,7Am,test,sub-09,linear_predictivity,409,228,0.04013545862791492,"[0.038128998643946525, 0.05106518186570284, 0.03738106391266244, 0.03428579517921001, 0.039816253538052786]",,,,,
sub-10,AIP,7AL,train,sub-09,linear_predictivity,409,178,0.007713465197276739,,"[10000.0, 10000.0, 10000.0, 10000.0, 10000.0]",0.04787935774758987,1.0724305771687428,0.9519460343874808,0.9892774541010159
sub-10,AIP,7AL,test,sub-09,linear_predictivity,409,178,0.02470085613198847,"[0.021303310934580374, 0.03307443817874927, 0.02404423841891656, 0.02673928278813202, 0.018343010339564127]",,,,,
sub-10,AIP,VVC,train,sub-09,linear_predictivity,409,151,0.008027032852394301,,"[10000.0, 10000.0, 31622.776601683796, 10000.0, 10000.0]",0.04547694271363615,1.0696756826841534,0.9543087145575914,0.9885340589854188
sub-10,AIP,VVC,test,sub-09,linear_predictivity,409,151,0.0260895567907706,"[0.03421741007745564, 0.031104909916561698, 0.0056229694890926165, 0.02527978512320391, 0.03422270934753913]",,,,,
sub-10,AIP,VMV2,train,sub-09,linear_predictivity,409,119,-0.0010378252597903065,,"[10000.0, 10000.0, 10000.0, 10000.0, 10000.0]",0.04036084054161517,1.0788171406326732,0.9594616264614821,0.997977468737588
sub-10,AIP,VMV2,test,sub-09,linear_predictivity,409,119,-0.01260949031331134,"[-0.0038352165609162932, -0.011815144665020053, -0.017414742199581033, -0.014838969311899854, -0.015143378829139461]",,,,,
sub-10,AIP,VMV3,train,sub-09,linear_predictivity,409,109,-0.0002464223615935018,,"[31622.776601683796, 10000.0, 31622.776601683796, 10000.0, 10000.0]",0.03686679021159508,1.0716096844387681,0.9628902108588921,0.9962128242735593
sub-10,AIP,VMV3,test,sub-09,linear_predictivity,409,109,-0.04144156105074098,"[-0.043861583024514074, -0.03678816028551766, -0.051860359849443656, -0.03284388366670659, -0.04185381842752291]",,,,,
sub-10,AIP,VMV1,train,sub-09,linear_predictivity,409,96,0.0007183604909370108,,"[10000.0, 10000.0, 31622.776601683796, 31622.776601683796, 10000.0]",0.03458261984494104,1.0775717819699007,0.9651993545919932,0.9957602483700352
sub-10,AIP,VMV1,test,sub-09,linear_predictivity,409,96,0.011084006825924041,"[0.017288491902780156, 0.014512142410530894, 0.003953318211741262, 0.0034156394906291626, 0.01625044211393873]",,,,,
sub-10,AIP,PHA2,train,sub-09,linear_predictivity,409,17,-0.0028942898916319046,,"[31622.776601683796, 31622.776601683796, 31622.776601683796, 31622.776601683796, 10000.0]",0.02045445462103565,1.0833867540896311,0.9793417542483016,1.0008264460427827
sub-10,AIP,PHA2,test,sub-09,linear_predictivity,409,17,-0.0011004078239059793,"[-0.002956464451588886, -0.0020863153374729307, -0.0002514309229123154, 0.0013299866432549185, -0.0015378150508106837]",,,,,
sub-10,AIP,PHA3,train,sub-09,linear_predictivity,409,104,-0.001911089345502636,,"[31622.776601683796, 10000.0, 31622.776601683796, 31622.776601683796, 10000.0]",0.027369691710314847,1.0780192811184581,0.9724662901674133,0.9992872177618175
sub-10,AIP,PHA3,test,sub-09,linear_predictivity,409,104,0.006911698737792182,"[0.004853948892179287, 0.015378449255868117, -0.002330374408456772, 0.0001736397587520206, 0.01648283019061826]",,,,,
sub-10,AIP,PH,train,sub-09,linear_predictivity,409,258,0.03299831984601265,,"[10000.0, 10000.0, 10000.0, 10000.0, 10000.0]",0.07283565900285396,1.0451892371437708,0.9269134188907502,0.9630387528935194
sub-10,AIP,PH,test,sub-09,linear_predictivity,409,258,0.059283892631736765,"[0.05942070536427653, 0.06504406052337795, 0.052633669012738055, 0.05586220659151072, 0.06345882166678056]",,,,,
sub-10,7Pm,V1,train,sub-09,linear_predictivity,21,641,0.0006348862547134454,,"[1000.0, 1000.0, 1000.0, 1000.0, 1000.0]",0.02050337519466325,1.0032241496966736,0.9792769137665926,0.9958359026103594
sub-10,7Pm,V1,test,sub-09,linear_predictivity,21,641,-0.021131245663678154,"[-0.018036898698701734, -0.018951935741302356, -0.021462197050375255, -0.019954073934399016, -0.02725112289361242]",,,,,
sub-10,7Pm,V2,train,sub-09,linear_predictivity,21,754,0.008591903930687136,,"[316.2277660168379, 316.2277660168379, 316.2277660168379, 316.2277660168379, 316.2277660168379]",0.03911151036331935,0.9983288271914958,0.9606191541738912,0.9869944499934009
sub-10,7Pm,V2,test,sub-09,linear_predictivity,21,754,0.004715625573456008,"[0.007443181794360558, 0.006492268743042663, 0.004878415420728827, 0.005936646242223643, -0.001172384333075651]",,,,,
sub-10,7Pm,V3,train,sub-09,linear_predictivity,21,575,0.007571149472768077,,"[316.2277660168379, 316.2277660168379, 316.2277660168379, 316.2277660168379, 316.2277660168379]",0.03695053139289218,0.9994142392231385,0.9628138178414266,0.9885334782122884
sub-10,7Pm,V3,test,sub-09,linear_predictivity,21,575,0.00041597455890421696,"[-0.0005007823373420025, 0.002112245023307966, 0.003774806176525135, 0.0005959764402287411, -0.0039023725081987555]",,,,,
sub-10,7Pm,V4,train,sub-09,linear_predictivity,21,616,0.005190366057943829,,"[1000.0, 1000.0, 316.2277660168379, 1000.0, 316.2277660168379]",0.030582737069947158,0.9994733976900377,0.9692257859765464,0.9916870906067075
sub-10,7Pm,V4,test,sub-09,linear_predictivity,21,616,0.00018533491685173274,"[-0.0038531600750408355, -0.0008773271002414637, 0.013484595521701429, -0.008306304874320982, 0.00047887111216051657]",,,,,
sub-10,7Pm,V3A,train,sub-09,linear_predictivity,21,270,0.0010728047530304742,,"[1000.0, 316.2277660168379, 316.2277660168379, 316.2277660168379, 1000.0]",0.031083358970780746,1.0005463261587064,0.96862029944608,0.9936991423394108
sub-10,7Pm,V3A,test,sub-09,linear_predictivity,21,270,-0.029705306748600273,"[-0.04616648604074298, -0.018359435769002546, -0.023701340432042545, -0.030997735381575683, -0.029301536119637622]",,,,,
sub-10,7Pm,V3B,train,sub-09,linear_predictivity,21,148,0.04202636407142236,,"[100.0, 100.0, 100.0, 100.0, 100.0]",0.08188558831191868,0.982834592310696,0.9178785754689323,0.9542149936041306
sub-10,7Pm,V3B,test,sub-09,linear_predictivity,21,148,0.12450829136379729,"[0.12152203618968271, 0.14675285218168743, 0.10760434141700095, 0.1203533631800209, 0.12630886385059442]",,,,,
sub-10,7Pm,V6,train,sub-09,linear_predictivity,21,104,0.011128022020888344,,"[316.2277660168379, 316.2277660168379, 316.2277660168379, 316.2277660168379, 316.2277660168379]",0.04360647926191126,0.9960627039378194,0.9561147623984001,0.9842750483574013
sub-10,7Pm,V6,test,sub-09,linear_predictivity,21,104,-0.021393849636362816,"[-0.029505880297808103, -0.016755882658435504, -0.023085853217795452, -0.026153474134882483, -0.01146815787289255]",,,,,
sub-10,7Pm,V6A,train,sub-09,linear_predictivity,21,85,0.02077737372798595,,"[316.2277660168379, 316.2277660168379, 316.2277660168379, 316.2277660168379, 316.2277660168379]",0.05575235423594601,0.9909811858799331,0.9439520686374117,0.9743519962253924
sub-10,7Pm,V6A,test,sub-09,linear_predictivity,21,85,0.06338269305745152,"[0.057774886040954945, 0.07907844588513685, 0.05735511983430754, 0.055234705805375976, 0.0674703077214823]",,,,,
sub-10,7Pm,V7,train,sub-09,linear_predictivity,21,87,0.024302897167998543,,"[316.2277660168379, 100.0, 100.0, 100.0, 100.0]",0.06692402044752098,0.9894472391992253,0.932926118344153,0.973360828998725
sub-10,7Pm,V7,test,sub-09,linear_predictivity,21,87,0.04252315817336379,"[0.02888646047939494, 0.07092036035656514, 0.026935253103424133, 0.047132579100930126, 0.03874113782650459]",,,,,
sub-10,7Pm,V8,train,sub-09,linear_predictivity,21,101,0.003437715987783392,,"[1000.0, 1000.0, 1000.0, 1000.0, 1000.0]",0.023536798341270076,1.001876117761686,0.9762327739589406,0.9929087542989509
sub-10,7Pm,V8,test,sub-09,linear_predictivity,21,101,-0.013058860190467458,"[-0.010179042971556024, -0.013720147514470806, -0.005489769977012357, -0.017237467424743094, -0.01866787306455501]",,,,,
sub-10,7Pm,FFC,train,sub-09,linear_predictivity,21,263,0.009791798432148474,,"[316.2277660168379, 1000.0, 316.2277660168379, 316.2277660168379, 316.2277660168379]",0.035938584952316166,0.998669379809616,0.9638223466060042,0.9866497250234676
sub-10,7Pm,FFC,test,sub-09,linear_predictivity,21,263,0.03300867761745025,"[0.04003320195892871, 0.019731952310665594, 0.038159516101699875, 0.030682245809301487, 0.036436471906655575]",,,,,
sub-10,7Pm,PIT,train,sub-09,linear_predictivity,21,123,0.009964459927624878,,"[316.2277660168379, 1000.0, 316.2277660168379, 1000.0, 316.2277660168379]",0.03456544014556373,0.9984953246146535,0.965265900623036,0.9870114828741912
sub-10,7Pm,PIT,test,sub-09,linear_predictivity,21,123,0.0175767081801741,"[0.029456209419919263, 0.004608740796726408, 0.03275396161027312, 0.0020566778774262027, 0.01900795119652551]",,,,,
sub-10,7Pm,IPS1,train,sub-09,linear_predictivity,21,243,0.040451994136745356,,"[100.0, 100.0, 100.0, 100.0, 100.0]",0.07753106724841563,0.9851218444418486,0.9223035313645195,0.9568564464143445
sub-10,7Pm,IPS1,test,sub-09,linear_predictivity,21,243,0.10346292135651687,"[0.09630487524065123, 0.12366747793157262, 0.09171414039945132, 0.09917519605515465, 0.10645291715575456]",,,,,
sub-10,7Pm,MST,train,sub-09,linear_predictivity,21,149,0.038790936357428786,,"[100.0, 100.0, 100.0, 100.0, 100.0]",0.07828008744467936,0.9861338307529074,0.9214775697039578,0.9570132714132431
sub-10,7Pm,MST,test,sub-09,linear_predictivity,21,149,0.05316245503429159,"[0.049211038478701695, 0.054441452320512354, 0.05058618570564037, 0.05101223935350768, 0.06056135931309588]",,,,,
sub-10,7Pm,MT,train,sub-09,linear_predictivity,21,100,0.026384153655172684,,"[100.0, 100.0, 100.0, 100.0, 100.0]",0.0648641739646582,0.9919792284686059,0.9349547377527472,0.9706089281741098
sub-10,7Pm,MT,test,sub-09,linear_predictivity,21,100,0.03543952379012032,"[0.044970735466942864, 0.03176709859598817, 0.032137882926277415, 0.030109554325518165, 0.03821234763587497]",,,,,
sub-10,7Pm,FST,train,sub-09,linear_predictivity,21,156,0.032500560909485526,,"[316.2277660168379, 100.0, 100.0, 100.0, 100.0]",0.06655721068268847,0.9896387312113223,0.9332660591762268,0.9646535111906076
sub-10,7Pm,FST,test,sub-09,linear_predictivity,21,156,0.07217784245866479,"[0.0588410511672841, 0.07570493736504467, 0.07019423184007846, 0.07609789879152161, 0.08005109312939511]",,,,,
sub-10,7Pm,LO1,train,sub-09,linear_predictivity,21,79,0.0075211513656041635,,"[316.2277660168379, 316.2277660168379, 316.2277660168379, 316.2277660168379, 316.2277660168379]",0.037334417813446284,0.9993788474521867,0.9625415075915142,0.9904709615249248
sub-10,7Pm,LO1,test,sub-09,linear_predictivity,21,79,0.010074960636018563,"[-0.00029351577817450953, 0.02343119341295278, 0.01699641954910968, 0.0031879279031015945, 0.007052778093103268]",,,,,
sub-10,7Pm,LO2,train,sub-09,linear_predictivity,21,80,0.007794323626979959,,"[1000.0, 1000.0, 316.2277660168379, 1000.0, 316.2277660168379]",0.028968620426125975,1.0002654022605786,0.9708791060302797,0.9898594067623361
sub-10,7Pm,LO2,test,sub-09,linear_predictivity,21,80,0.008915836048634601,"[0.003883900122947981, 0.005011389319637689, 0.022740979602970383, 0.0012235329847826825, 0.011719378212834263]",,,,,
sub-10,7Pm,LO3,train,sub-09,linear_predictivity,21,125,0.016091273810369726,,"[316.2277660168379, 100.0, 316.2277660168379, 316.2277660168379, 316.2277660168379]",0.051277349650897086,0.9941173139662917,0.948535839497552,0.9804695216554487
sub-10,7Pm,LO3,test,sub-09,linear_predictivity,21,125,0.04179965169754921,"[0.043124863268266936, 0.0538243665789375, 0.040785932331887514, 0.03684920905591361, 0.034413887252740485]",,,,,
sub-10,7Pm,V7,train,sub-09,linear_predictivity,21,87,0.024302897167998543,,"[316.2277660168379, 100.0, 100.0, 100.0, 100.0]",0.06692402044752098,0.9894472391992253,0.932926118344153,0.973360828998725
sub-10,7Pm,V7,test,sub-09,linear_predictivity,21,87,0.04252315817336379,"[0.02888646047939494, 0.07092036035656514, 0.026935253103424133, 0.047132579100930126, 0.03874113782650459]",,,,,
sub-10,7Pm,IP0,train,sub-09,linear_predictivity,21,198,0.04100093095424224,,"[100.0, 31.622776601683796, 100.0, 100.0, 100.0]",0.08447339816074732,0.982184656659926,0.9152383608341677,0.9545466979728939
sub-10,7Pm,IP0,test,sub-09,linear_predictivity,21,198,0.11976709648208816,"[0.11420671304656015, 0.15185188449147455, 0.09767443670505926, 0.1077323751956261, 0.1273700729717208]",,,,,
sub-10,7Pm,IP1,train,sub-09,linear_predictivity,21,114,-0.004870073165942919,,"[1000.0, 316.2277660168379, 316.2277660168379, 1000.0, 316.2277660168379]",0.02950570185217378,1.0008105002703869,0.9700880525701049,0.9987410827232571
sub-10,7Pm,IP1,test,sub-09,linear_predictivity,21,114,0.008856432765587577,"[0.004297209791496897, 0.014602448899646008, 0.009552610395190208, -0.009075349177054923, 0.02490524391865969]",,,,,
sub-10,7Pm,MIP,train,sub-09,linear_predictivity,21,280,0.026566504487076113,,"[316.2277660168379, 100.0, 316.2277660168379, 100.0, 100.0]",0.06611659558611957,0.9875133040656712,0.9336153293225798,0.9688439723046093
sub-10,7Pm,MIP,test,sub-09,linear_predictivity,21,280,0.10147907606659053,"[0.09836349912055188, 0.11655591954301668, 0.08675418115583201, 0.08958374622878526, 0.1161380342847668]",,,,,
sub-10,7Pm,VIP,train,sub-09,linear_predictivity,21,180,0.03246747002656326,,"[100.0, 100.0, 100.0, 100.0, 31.622776601683796]",0.07569075337252669,0.9855981855090302,0.9240331875152414,0.963346148663008
sub-10,7Pm,VIP,test,sub-09,linear_predictivity,21,180,0.12535718815872554,"[0.11890218202973533, 0.14474764273771568, 0.11246275345609871, 0.11464968957118103, 0.13602367299889698]",,,,,
sub-10,7Pm,LIPd,train,sub-09,linear_predictivity,21,69,-0.007803416786917351,,"[1000.0, 1000.0, 1000.0, 1000.0, 1000.0]",0.021356684879319097,1.002016135299723,0.9781871960071138,1.000188984778579
sub-10,7Pm,LIPd,test,sub-09,linear_predictivity,21,69,-0.02263962613306378,"[-0.010715673917868242, -0.024758761929087363, -0.020636111981818517, -0.048060504568814895, -0.009027078267729907]",,,,,
sub-10,7Pm,LIPv,train,sub-09,linear_predictivity,21,239,-0.0019341490378245124,,"[316.2277660168379, 316.2277660168379, 316.2277660168379, 316.2277660168379, 316.2277660168379]",0.03352920122918077,1.0004642989580776,0.966215731028851,0.9976751920945649
sub-10,7Pm,LIPv,test,sub-09,linear_predictivity,21,239,0.003547997108062831,"[0.011368574949380877, 0.011085703536235066, 0.001530265746644252, -0.011191621905826326, 0.004947063213880281]",,,,,
sub-10,7Pm,AIP,train,sub-09,linear_predictivity,21,275,-0.00010081770398450149,,"[1000.0, 1000.0, 316.2277660168379, 1000.0, 316.2277660168379]",0.02685481817394143,1.0018197040366161,0.9728819059804502,0.9960721866165516
sub-10,7Pm,AIP,test,sub-09,linear_predictivity,21,275,0.012483557352087948,"[0.012642860024473715, 0.01305970494235475, 0.011833075911277904, 0.0067237838164581525, 0.01815836206587522]",,,,,
sub-10,7Pm,7Pm,train,sub-09,linear_predictivity,21,17,-0.004488895398355293,,"[10000.0, 3162.277660168379, 10000.0, 10000.0, 10000.0]",0.004942108488016987,1.0058609826929232,0.9948537415170675,1.0010005086663483
sub-10,7Pm,7Pm,test,sub-09,linear_predictivity,21,17,0.009430249944926205,"[0.00544083873264307, 0.018321906032118224, 0.006118844317259502, 0.006238787545758939, 0.011030873096851286]",,,,,
sub-10,7Pm,7PL,train,sub-09,linear_predictivity,21,133,0.03927108846252999,,"[31.622776601683796, 31.622776601683796, 31.622776601683796, 31.622776601683796, 31.622776601683796]",0.08829712037532908,0.9820687037273211,0.9114071673234034,0.9556812208014897
sub-10,7Pm,7PL,test,sub-09,linear_predictivity,21,133,0.17441694579038544,"[0.17203602921426234, 0.19093388978932865, 0.16304175367785087, 0.16152205036733697, 0.18455100590314844]",,,,,
sub-10,7Pm,7PC,train,sub-09,linear_predictivity,21,315,0.018171986505148795,,"[316.2277660168379, 316.2277660168379, 316.2277660168379, 316.2277660168379, 316.2277660168379]",0.04957761075068299,0.9939727668007595,0.9501746928706313,0.9776758255586426
sub-10,7Pm,7PC,test,sub-09,linear_predictivity,21,315,0.05356681397998218,"[0.05127288442062758, 0.0599282847545739, 0.05268890722009108, 0.04872658833155446, 0.05521740517306382]",,,,,
sub-10,7Pm,7Am,train,sub-09,linear_predictivity,21,228,0.01573652251176464,,"[1000.0, 316.2277660168379, 1000.0, 316.2277660168379, 1000.0]",0.039722114714479055,0.9948112690696312,0.9600355064409507,0.9805790500455203
sub-10,7Pm,7Am,test,sub-09,linear_predictivity,21,228,0.05106271438585532,"[0.051033845444214986, 0.059776148937261804, 0.04295857222017434, 0.05633620953601384, 0.045208795791611675]",,,,,
sub-10,7Pm,7AL,train,sub-09,linear_predictivity,21,178,0.01257958523864703,,"[1000.0, 316.2277660168379, 316.2277660168379, 316.2277660168379, 316.2277660168379]",0.041276605927553583,0.9967585631931293,0.9585481490406798,0.9842184595002234
sub-10,7Pm,7AL,test,sub-09,linear_predictivity,21,178,0.02121774428806235,"[0.01955830155580134, 0.02711498742597801, 0.015619733110575719, 0.02777372759379738, 0.016021971754159304]",,,,,
sub-10,7Pm,VVC,train,sub-09,linear_predictivity,21,151,0.016080185256579897,,"[316.2277660168379, 316.2277660168379, 316.2277660168379, 316.2277660168379, 316.2277660168379]",0.04481790025989061,0.9956402240443053,0.9549941838875364,0.9807286060587419
sub-10,7Pm,VVC,test,sub-09,linear_predictivity,21,151,0.05201301018339984,"[0.05797246947963928, 0.05541383453272414, 0.04339553965110595, 0.04772499058485525, 0.055558216668674616]",,,,,
sub-10,7Pm,VMV2,train,sub-09,linear_predictivity,21,119,0.030490780905825667,,"[316.2277660168379, 316.2277660168379, 316.2277660168379, 316.2277660168379, 100.0]",0.06275001313363414,0.9877263879945335,0.9370628220825263,0.9659878546722414
sub-10,7Pm,VMV2,test,sub-09,linear_predictivity,21,119,0.10680275251337243,"[0.11764230297627903, 0.11090440930791466, 0.09926919649128021, 0.09116870804486818, 0.11502914574652]",,,,,
sub-10,7Pm,VMV3,train,sub-09,linear_predictivity,21,109,0.02227515388655783,,"[316.2277660168379, 316.2277660168379, 316.2277660168379, 316.2277660168379, 316.2277660168379]",0.053992909059202385,0.9913966198615045,0.9457898973345259,0.9737941222381643
sub-10,7Pm,VMV3,test,sub-09,linear_predictivity,21,109,0.04680271192309422,"[0.06033072796701215, 0.05219069241644104, 0.04200312693974058, 0.041942674566404436, 0.03754633772587294]",,,,,
sub-10,7Pm,VMV1,train,sub-09,linear_predictivity,21,96,0.014879357800591951,,"[316.2277660168379, 316.2277660168379, 316.2277660168379, 316.2277660168379, 316.2277660168379]",0.04603808775512734,0.9946522228717516,0.9537496264254866,0.9815740477390389
sub-10,7Pm,VMV1,test,sub-09,linear_predictivity,21,96,0.08444716332554612,"[0.09521347662809017, 0.08838414514424879, 0.08014195855290908, 0.07572513383234074, 0.08277110247014187]",,,,,
sub-10,7Pm,PHA2,train,sub-09,linear_predictivity,21,17,0.016905655454519962,,"[1000.0, 316.2277660168379, 1000.0, 1000.0, 1000.0]",0.037751431599094096,0.995895479529773,0.962138792627746,0.9813415465321255
sub-10,7Pm,PHA2,test,sub-09,linear_predictivity,21,17,0.0499795381205604,"[0.04677015797326473, 0.06102447273869787, 0.048607827523811376, 0.04554620489714417, 0.047949027469883825]",,,,,
sub-10,7Pm,PHA3,train,sub-09,linear_predictivity,21,104,0.030668771626018155,,"[316.2277660168379, 316.2277660168379, 316.2277660168379, 316.2277660168379, 316.2277660168379]",0.06078886032118656,0.9878812418641099,0.939070760157553,0.9669134205396395
sub-10,7Pm,PHA3,test,sub-09,linear_predictivity,21,104,0.09899591960017182,"[0.10581390092667187, 0.10692880150339927, 0.09055555690831874, 0.09345513063332361, 0.09822620802914558]",,,,,
sub-10,7Pm,PH,train,sub-09,linear_predictivity,21,258,0.014046761803787569,,"[316.2277660168379, 316.2277660168379, 316.2277660168379, 316.2277660168379, 316.2277660168379]",0.04144385016212786,0.9972589152858913,0.9583102480457516,0.9820583786163543
sub-10,7Pm,PH,test,sub-09,linear_predictivity,21,258,0.025603190795979586,"[0.029644157921146847, 0.025983255787356708, 0.02227481510770081, 0.021730841856936096, 0.02838288330675746]",,,,,
sub-10,7PL,V1,train,sub-09,linear_predictivity,106,641,-0.002469170094155352,,"[10000.0, 10000.0, 10000.0, 10000.0, 10000.0]",0.013920226677550964,1.0184547092533731,0.9858599485746499,0.9989044148289583
sub-10,7PL,V1,test,sub-09,linear_predictivity,106,641,-0.029123591314554442,"[-0.025706769975967634, -0.026796509416936638, -0.028559612377472253, -0.031003116546648432, -0.033551948255747255]",,,,,
sub-10,7PL,V2,train,sub-09,linear_predictivity,106,754,0.0017338553766455198,,"[3162.277660168379, 3162.277660168379, 3162.277660168379, 3162.277660168379, 3162.277660168379]",0.032350736855268576,1.0133633280147485,0.9673899907438022,0.9939472540314785
sub-10,7PL,V2,test,sub-09,linear_predictivity,106,754,0.013652351785386868,"[0.016425748892403433, 0.014278129205385941, 0.018030439377365585, 0.011794106336836955, 0.007733335114942429]",,,,,
sub-10,7PL,V3,train,sub-09,linear_predictivity,106,575,-0.002014662720106751,,"[10000.0, 3162.277660168379, 3162.277660168379, 3162.277660168379, 10000.0]",0.023243982689912568,1.0168897667695203,0.9765126672767102,0.9982639757875118
sub-10,7PL,V3,test,sub-09,linear_predictivity,106,575,-0.003856227022772922,"[-0.0066462591884925695, 0.0004892713658536398, 0.0023021680318203973, -0.0018492050347430654, -0.01357711028830301]",,,,,
sub-10,7PL,V4,train,sub-09,linear_predictivity,106,616,0.00039203673990796656,,"[10000.0, 3162.277660168379, 10000.0, 3162.277660168379, 3162.277660168379]",0.024027242997291937,1.016059937296046,0.9757587255621658,0.9964619029113256
sub-10,7PL,V4,test,sub-09,linear_predictivity,106,616,-0.010559570944321283,"[-0.012880394253310131, -0.0053608834009395145, -0.013775831566502621, -0.009535033966449297, -0.011245711534404861]",,,,,
sub-10,7PL,V3A,train,sub-09,linear_predictivity,106,270,-0.003024855844889784,,"[10000.0, 3162.277660168379, 3162.277660168379, 3162.277660168379, 3162.277660168379]",0.028910913738666267,1.01586595104509,0.9707874556830809,0.9977141135930401
sub-10,7PL,V3A,test,sub-09,linear_predictivity,106,270,-0.028813381268316264,"[-0.045605033454183146, -0.01879508838843028, -0.020409623746915826, -0.03445536703550663, -0.024801793716545437]",,,,,
sub-10,7PL,V3B,train,sub-09,linear_predictivity,106,148,0.03406546559179494,,"[1000.0, 1000.0, 1000.0, 1000.0, 1000.0]",0.08306371012972305,0.9935644492872818,0.9166915406285057,0.961954122276094
sub-10,7PL,V3B,test,sub-09,linear_predictivity,106,148,0.14078631792230328,"[0.14131269304878227, 0.15619843187204366, 0.12110532672777079, 0.1378234525949479, 0.1474916853679718]",,,,,
sub-10,7PL,V6,train,sub-09,linear_predictivity,106,104,0.01115776246471182,,"[1000.0, 1000.0, 1000.0, 1000.0, 3162.277660168379]",0.05983104715389355,1.003927696804753,0.9398482238815179,0.9841705205709648
sub-10,7PL,V6,test,sub-09,linear_predictivity,106,104,0.019176252429052874,"[0.012584140498008548, 0.023211022930852733, 0.026287686381118423, 0.014371486083902946, 0.019426926251381718]",,,,,
sub-10,7PL,V6A,train,sub-09,linear_predictivity,106,85,0.014663838988811276,,"[1000.0, 1000.0, 1000.0, 1000.0, 1000.0]",0.065063298732516,1.0019838310760352,0.9346184283835868,0.9799228626485184
sub-10,7PL,V6A,test,sub-09,linear_predictivity,106,85,0.06309758818536151,"[0.05643816260990476, 0.07740709544144983, 0.05175422317240624, 0.05875184956885301, 0.07113661013419377]",,,,,
sub-10,7PL,V7,train,sub-09,linear_predictivity,106,87,0.015920252130144304,,"[1000.0, 1000.0, 1000.0, 1000.0, 1000.0]",0.06540845152918173,1.0019839133303001,0.9343416797983052,0.9800829791556727
sub-10,7PL,V7,test,sub-09,linear_predictivity,106,87,0.043456072245950036,"[0.03878923014306625, 0.0690229029392456, 0.019814622979094827, 0.0432053012565884, 0.04644830391175512]",,,,,
sub-10,7PL,V8,train,sub-09,linear_predictivity,106,101,-0.003961135536609711,,"[10000.0, 10000.0, 31622.776601683796, 10000.0, 3162.277660168379]",0.013309740312125779,1.0208675181488815,0.9864670058838321,1.0004524823043843
sub-10,7PL,V8,test,sub-09,linear_predictivity,106,101,-0.02721100020131601,"[-0.020652666940556327, -0.03338353824793463, -0.03387154864008573, -0.02936481317115843, -0.018782434006844935]",,,,,
sub-10,7PL,FFC,train,sub-09,linear_predictivity,106,263,0.017736231545991504,,"[1000.0, 1000.0, 1000.0, 1000.0, 1000.0]",0.06255495806825843,1.005818134472662,0.9372286784722524,0.9785826993748721
sub-10,7PL,FFC,test,sub-09,linear_predictivity,106,263,0.06540286099511976,"[0.06805533756997374, 0.06262778525853464, 0.05938978443610131, 0.06919065457236181, 0.06775074313862729]",,,,,
sub-10,7PL,PIT,train,sub-09,linear_predictivity,106,123,0.014483214677378488,,"[3162.277660168379, 3162.277660168379, 3162.277660168379, 3162.277660168379, 3162.277660168379]",0.04075087952372694,1.0082282447562907,0.9590536301843379,0.9823625041702193
sub-10,7PL,PIT,test,sub-09,linear_predictivity,106,123,0.034964747762836666,"[0.039799835597716826, 0.028701859162323824, 0.037954826748212794, 0.03659834092590018, 0.031768876380029745]",,,,,
sub-10,7PL,IPS1,train,sub-09,linear_predictivity,106,243,0.03754836877233683,,"[1000.0, 1000.0, 1000.0, 1000.0, 316.2277660168379]",0.09353599913784219,0.9908430640238934,0.9061084125360959,0.958375333338962
sub-10,7PL,IPS1,test,sub-09,linear_predictivity,106,243,0.15252668466773697,"[0.14375608522678204, 0.16154430656639976, 0.12766326640405892, 0.14292424485665856, 0.18674552028478567]",,,,,
sub-10,7PL,MST,train,sub-09,linear_predictivity,106,149,0.01580379158418704,,"[1000.0, 316.2277660168379, 316.2277660168379, 1000.0, 316.2277660168379]",0.0839472014389002,0.9995504681143152,0.9158242465589043,0.9794308096826763
sub-10,7PL,MST,test,sub-09,linear_predictivity,106,149,0.06592119810760719,"[0.04714221720987226, 0.07902097493355113, 0.046400933257254334, 0.06053084918081757, 0.09651101595654069]",,,,,
sub-10,7PL,MT,train,sub-09,linear_predictivity,106,100,0.008768199872631829,,"[1000.0, 1000.0, 316.2277660168379, 1000.0, 1000.0]",0.06304311766363595,1.0057281044340791,0.9369083435133094,0.988227014632308
sub-10,7PL,MT,test,sub-09,linear_predictivity,106,100,0.04676120693135379,"[0.04503714821645966, 0.045939880188155834, 0.03320189929385446, 0.051038040241909985, 0.05858906671638903]",,,,,
sub-10,7PL,FST,train,sub-09,linear_predictivity,106,156,0.02578296460263956,,"[1000.0, 1000.0, 316.2277660168379, 1000.0, 316.2277660168379]",0.08606806432149064,0.9975674137416547,0.9137150555049853,0.9706155343647987
sub-10,7PL,FST,test,sub-09,linear_predictivity,106,156,0.10269277305864924,"[0.09397072355953742, 0.09236158906947693, 0.09965896573121036, 0.09546991345901427, 0.13200267347400724]",,,,,
sub-10,7PL,LO1,train,sub-09,linear_predictivity,106,79,-0.0009761533720776805,,"[3162.277660168379, 1000.0, 1000.0, 1000.0, 1000.0]",0.04437158019215294,1.0125193014247873,0.9554149147587729,0.99897912097701
sub-10,7PL,LO1,test,sub-09,linear_predictivity,106,79,0.028250776373283205,"[0.005171126223250576, 0.03196049588033796, 0.024702636403813746, 0.0345769530910996, 0.04484267026791415]",,,,,
sub-10,7PL,LO2,train,sub-09,linear_predictivity,106,80,0.012819262700455561,,"[3162.277660168379, 3162.277660168379, 3162.277660168379, 3162.277660168379, 3162.277660168379]",0.037241064636878866,1.0099322701915505,0.9626232919136756,0.9849375336830016
sub-10,7PL,LO2,test,sub-09,linear_predictivity,106,80,0.021847303556127604,"[0.02504004377186154, 0.021362381898383097, 0.019968124300706613, 0.021154158636148546, 0.02171180917353822]",,,,,
sub-10,7PL,LO3,train,sub-09,linear_predictivity,106,125,0.00011387811016459698,,"[3162.277660168379, 1000.0, 1000.0, 1000.0, 1000.0]",0.04606138822094839,1.0097135134310935,0.953701083354227,0.9962850367971121
sub-10,7PL,LO3,test,sub-09,linear_predictivity,106,125,0.03165955484411253,"[0.018644015584363908, 0.03809368453519242, 0.018689140031043244, 0.03773522320860696, 0.045135710861356114]",,,,,
sub-10,7PL,V7,train,sub-09,linear_predictivity,106,87,0.015920252130144304,,"[1000.0, 1000.0, 1000.0, 1000.0, 1000.0]",0.06540845152918173,1.0019839133303001,0.9343416797983052,0.9800829791556727
sub-10,7PL,V7,test,sub-09,linear_predictivity,106,87,0.043456072245950036,"[0.03878923014306625, 0.0690229029392456, 0.019814622979094827, 0.0432053012565884, 0.04644830391175512]",,,,,
sub-10,7PL,IP0,train,sub-09,linear_predictivity,106,198,0.051342329194812936,,"[1000.0, 1000.0, 1000.0, 1000.0, 1000.0]",0.09849693611961838,0.9851081402923286,0.9012149324538848,0.9440387289639199
sub-10,7PL,IP0,test,sub-09,linear_predictivity,106,198,0.16023828448623326,"[0.15987337285826594, 0.1747159055449384, 0.13963438384776108, 0.15076720569244395, 0.1762005544877569]",,,,,
sub-10,7PL,IP1,train,sub-09,linear_predictivity,106,114,0.004421994247042197,,"[1000.0, 1000.0, 1000.0, 3162.277660168379, 1000.0]",0.050220969872351064,1.0123202152944735,0.9494036581481146,0.9896321033365589
sub-10,7PL,IP1,test,sub-09,linear_predictivity,106,114,0.023416178394425242,"[0.02661268236092499, 0.03350836709001523, 0.011975164821298456, 0.005936157270988706, 0.03904852042889883]",,,,,
sub-10,7PL,MIP,train,sub-09,linear_predictivity,106,280,0.046477185726077994,,"[1000.0, 1000.0, 1000.0, 1000.0, 1000.0]",0.09406585704699344,0.9871635947698871,0.9056237828972087,0.9484173330783652
sub-10,7PL,MIP,test,sub-09,linear_predictivity,106,280,0.16707083830177646,"[0.17161028730891803, 0.1803689343175689, 0.15688346857088073, 0.15156808686647097, 0.17492341444504378]",,,,,
sub-10,7PL,VIP,train,sub-09,linear_predictivity,106,180,0.0544868729180232,,"[1000.0, 1000.0, 1000.0, 1000.0, 1000.0]",0.10278398418260751,0.9826950720237155,0.8969117734053664,0.9404647114732029
sub-10,7PL,VIP,test,sub-09,linear_predictivity,106,180,0.19379606271821906,"[0.19673582845815463, 0.20888460469232098, 0.18057676020077268, 0.18497457179231494, 0.19780854844753215]",,,,,
sub-10,7PL,LIPd,train,sub-09,linear_predictivity,106,69,-0.005005477508349337,,"[1000.0, 1000.0, 3162.277660168379, 3162.277660168379, 3162.277660168379]",0.03844811693191493,1.014143140937766,0.9611863261692012,0.9973882160692739
sub-10,7PL,LIPd,test,sub-09,linear_predictivity,106,69,-0.019703632726062254,"[-0.01188411334383818, -0.0194893011910212, -0.01790026779513196, -0.0453276860341303, -0.003916795266189629]",,,,,
sub-10,7PL,LIPv,train,sub-09,linear_predictivity,106,239,0.004318222599841279,,"[3162.277660168379, 1000.0, 1000.0, 3162.277660168379, 1000.0]",0.04612939490632054,1.0116316547953774,0.9536320425657815,0.9913195140049498
sub-10,7PL,LIPv,test,sub-09,linear_predictivity,106,239,0.018587683720632693,"[0.02191326778615695, 0.035523574719493065, 0.007079966850676259, -0.0008475568836231801, 0.029269166130460357]",,,,,
sub-10,7PL,AIP,train,sub-09,linear_predictivity,106,275,0.008628670140797995,,"[1000.0, 1000.0, 1000.0, 3162.277660168379, 1000.0]",0.05332301697446552,1.0110380808744792,0.9463943526278138,0.9874053388673483
sub-10,7PL,AIP,test,sub-09,linear_predictivity,106,275,0.04719275127136073,"[0.046985112777787275, 0.050941565105595846, 0.051107755765695755, 0.033255334758111064, 0.053673987949613707]",,,,,
sub-10,7PL,7Pm,train,sub-09,linear_predictivity,106,17,-0.005560627258437507,,"[3162.277660168379, 10000.0, 10000.0, 3162.277660168379, 10000.0]",0.017205416490771105,1.0196422944833246,0.9825067012866994,1.0017541302404858
sub-10,7PL,7Pm,test,sub-09,linear_predictivity,106,17,0.02600372109710236,"[0.02995789503787813, 0.029382299697282375, 0.02211224193073766, 0.019133403764403815, 0.029432765055209833]",,,,,
sub-10,7PL,7PL,train,sub-09,linear_predictivity,106,133,0.07201388497731474,,"[1000.0, 1000.0, 1000.0, 1000.0, 1000.0]",0.1196796027848989,0.9717403508351916,0.8799910176430525,0.9225768018682283
sub-10,7PL,7PL,test,sub-09,linear_predictivity,106,133,0.2604390334917027,"[0.26416782596025, 0.2784398479955416, 0.2517014968787862, 0.2423116074223754, 0.2655743892015605]",,,,,
sub-10,7PL,7PC,train,sub-09,linear_predictivity,106,315,0.017988420069683708,,"[1000.0, 1000.0, 1000.0, 1000.0, 316.2277660168379]",0.07506012487184949,1.0004676014257077,0.9246129467945032,0.9775383222148244
sub-10,7PL,7PC,test,sub-09,linear_predictivity,106,315,0.07603380386746353,"[0.06358323657589415, 0.07705261655518668, 0.06847225057841713, 0.068960358597983, 0.10210055702983668]",,,,,
sub-10,7PL,7Am,train,sub-09,linear_predictivity,106,228,0.0330781457006127,,"[3162.277660168379, 3162.277660168379, 3162.277660168379, 3162.277660168379, 1000.0]",0.06337556201824564,0.9972494439148349,0.9363969348203082,0.9632984895663468
sub-10,7PL,7Am,test,sub-09,linear_predictivity,106,228,0.11592124091439382,"[0.11390762272930742, 0.11890344741240232, 0.11154827495668063, 0.10623002764324879, 0.1290168318303299]",,,,,
sub-10,7PL,7AL,train,sub-09,linear_predictivity,106,178,0.014540185418328855,,"[1000.0, 1000.0, 3162.277660168379, 3162.277660168379, 1000.0]",0.05538708884240322,1.0051061853950651,0.9444536466314402,0.9825857210142168
sub-10,7PL,7AL,test,sub-09,linear_predictivity,106,178,0.05278158452639135,"[0.05605173795361833, 0.06502345193426146, 0.03383618952395422, 0.04249446001613289, 0.06650208320398981]",,,,,
sub-10,7PL,VVC,train,sub-09,linear_predictivity,106,151,0.01611297107255763,,"[3162.277660168379, 3162.277660168379, 3162.277660168379, 3162.277660168379, 3162.277660168379]",0.04219427474133526,1.0081363975865667,0.9576137083659321,0.9806698539633775
sub-10,7PL,VVC,test,sub-09,linear_predictivity,106,151,0.060445472583736046,"[0.06842677004410729, 0.0609779522464176, 0.05341007795292505, 0.05378268573470075, 0.06562987694052955]",,,,,
sub-10,7PL,VMV2,train,sub-09,linear_predictivity,106,119,0.050351374387962,,"[1000.0, 1000.0, 1000.0, 1000.0, 1000.0]",0.09485451636365463,0.9847568684255545,0.9049282334993698,0.9461591728965202
sub-10,7PL,VMV2,test,sub-09,linear_predictivity,106,119,0.1873934669353528,"[0.19982138709118547, 0.19663307307065134, 0.18291885076964687, 0.17401818344722098, 0.18357584029805926]",,,,,
sub-10,7PL,VMV3,train,sub-09,linear_predictivity,106,109,0.012489802426256197,,"[3162.277660168379, 1000.0, 3162.277660168379, 1000.0, 3162.277660168379]",0.04941007508460145,1.0078000257389683,0.9503798079847513,0.983454271509174
sub-10,7PL,VMV3,test,sub-09,linear_predictivity,106,109,0.02907047086298657,"[0.03634934086575945, 0.04356370314777107, 0.019828847182570865, 0.03059212624689554, 0.015018336871935928]",,,,,
sub-10,7PL,VMV1,train,sub-09,linear_predictivity,106,96,0.033614521725241174,,"[1000.0, 1000.0, 1000.0, 1000.0, 1000.0]",0.07939542465820769,0.9946824597237685,0.9203767680376913,0.962690820116839
sub-10,7PL,VMV1,test,sub-09,linear_predictivity,106,96,0.1547167847977775,"[0.1642786393939777, 0.16301838526236556, 0.1512705859681297, 0.14388285952433047, 0.15113345384008411]",,,,,
sub-10,7PL,PHA2,train,sub-09,linear_predictivity,106,17,0.018084749872741286,,"[3162.277660168379, 3162.277660168379, 3162.277660168379, 3162.277660168379, 3162.277660168379]",0.04328226355644328,1.006450468692817,0.9565838983929232,0.9798939281421781
sub-10,7PL,PHA2,test,sub-09,linear_predictivity,106,17,0.09816223978494405,"[0.09335801098648856, 0.10198040377698356, 0.1002367957634056, 0.09267399444666957, 0.10256199395117292]",,,,,
sub-10,7PL,PHA3,train,sub-09,linear_predictivity,106,104,0.039716534307618914,,"[1000.0, 1000.0, 3162.277660168379, 3162.277660168379, 1000.0]",0.0761589370026244,0.9932292350646332,0.9236759090028238,0.9576481825956409
sub-10,7PL,PHA3,test,sub-09,linear_predictivity,106,104,0.15201600730056053,"[0.16391265379170855, 0.16729642858908958, 0.13515743333697405, 0.1362948442168755, 0.15741867656815492]",,,,,
sub-10,7PL,PH,train,sub-09,linear_predictivity,106,258,0.019433660913151518,,"[1000.0, 1000.0, 1000.0, 1000.0, 1000.0]",0.06434942527699603,1.0048470387546669,0.9354164632162669,0.976692026105
sub-10,7PL,PH,test,sub-09,linear_predictivity,106,258,0.04910239890186653,"[0.05455649453957059, 0.04840701601502992, 0.0374895104900607, 0.0477257625337733, 0.05733321093089813]",,,,,
sub-10,7PC,V1,train,sub-09,linear_predictivity,224,641,0.0036714500354748177,,"[10000.0, 10000.0, 10000.0, 10000.0, 10000.0]",0.03167905409005106,1.0463454218401984,0.9681027918368823,0.992798746980841
sub-10,7PC,V1,test,sub-09,linear_predictivity,224,641,-0.01513689359379794,"[-0.015088130608165863, -0.013368111233862728, -0.013157862220609816, -0.01541374808402478, -0.01865661582232652]",,,,,
sub-10,7PC,V2,train,sub-09,linear_predictivity,224,754,0.010231792750765387,,"[10000.0, 10000.0, 10000.0, 10000.0, 10000.0]",0.03908846477705649,1.0391900639648075,0.9606581957110608,0.9855341916883107
sub-10,7PC,V2,test,sub-09,linear_predictivity,224,754,-8.937704818249597e-05,"[0.00014068154100420872, 0.0008791116043339271, 0.0009870725726343363, 0.0006527734766613957, -0.003106524435546348]",,,,,
sub-10,7PC,V3,train,sub-09,linear_predictivity,224,575,0.008137524915627763,,"[10000.0, 10000.0, 3162.277660168379, 10000.0, 10000.0]",0.041469072025878975,1.0397659084009365,0.9583199699973098,0.9882513003611653
sub-10,7PC,V3,test,sub-09,linear_predictivity,224,575,-0.006795470855160408,"[-0.009049996216436353, -0.006940058584419143, -0.0009698796940778295, -0.00825297615859333, -0.00876444362227539]",,,,,
sub-10,7PC,V4,train,sub-09,linear_predictivity,224,616,0.001796286901378689,,"[10000.0, 10000.0, 10000.0, 10000.0, 10000.0]",0.03011223356943804,1.0433428077239641,0.9697019579918292,0.9951834912098919
sub-10,7PC,V4,test,sub-09,linear_predictivity,224,616,-0.020262203228044444,"[-0.022320381948342197, -0.017518918200939364, -0.018594665352633308, -0.021829088010371984, -0.021047962627935377]",,,,,
sub-10,7PC,V3A,train,sub-09,linear_predictivity,224,270,0.01013282048267035,,"[3162.277660168379, 10000.0, 3162.277660168379, 10000.0, 3162.277660168379]",0.05982373895401973,1.0379885686982262,0.9398585897260652,0.9841770916371025
sub-10,7PC,V3A,test,sub-09,linear_predictivity,224,270,-0.005006421284360599,"[-0.012297594650540996, -0.007082093831618656, 0.006154969514219352, -0.016155995842131156, 0.004348608388268464]",,,,,
sub-10,7PC,V3B,train,sub-09,linear_predictivity,224,148,0.05626550748643746,,"[3162.277660168379, 3162.277660168379, 3162.277660168379, 3162.277660168379, 3162.277660168379]",0.11026272248441768,1.0053987247792198,0.8893898122808139,0.9388314157782782
sub-10,7PC,V3B,test,sub-09,linear_predictivity,224,148,0.1332589678525555,"[0.13581321273938465, 0.14432767610104072, 0.12411052451238125, 0.12346050452506362, 0.13858292138490738]",,,,,
sub-10,7PC,V6,train,sub-09,linear_predictivity,224,104,0.026011287234223097,,"[10000.0, 10000.0, 10000.0, 10000.0, 3162.277660168379]",0.06092133830762904,1.0308696303979965,0.9389062404405749,0.9697892097179779
sub-10,7PC,V6,test,sub-09,linear_predictivity,224,104,0.03639680722705758,"[0.028992330884245965, 0.039747267632615484, 0.03490746872209341, 0.03205256890313008, 0.04628439999320295]",,,,,
sub-10,7PC,V6A,train,sub-09,linear_predictivity,224,85,0.04315397446558856,,"[3162.277660168379, 3162.277660168379, 3162.277660168379, 3162.277660168379, 3162.277660168379]",0.09484154435865957,1.0168790713714848,0.9048001587214515,0.9509367200020661
sub-10,7PC,V6A,test,sub-09,linear_predictivity,224,85,0.12134696522470563,"[0.11562557062210174, 0.13327035420451974, 0.11838135861605281, 0.10792606296878503, 0.13153147971206877]",,,,,
sub-10,7PC,V7,train,sub-09,linear_predictivity,224,87,0.07581349183079227,,"[3162.277660168379, 3162.277660168379, 3162.277660168379, 3162.277660168379, 3162.277660168379]",0.1259941178021428,0.9959373418628656,0.873675323885393,0.9191089658257049
sub-10,7PC,V7,test,sub-09,linear_predictivity,224,87,0.15461853871651565,"[0.1500321220906287, 0.17011650920860275, 0.1448122911251416, 0.14761560630496243, 0.1605161648532428]",,,,,
sub-10,7PC,V8,train,sub-09,linear_predictivity,224,101,-0.0033553437831760386,,"[10000.0, 10000.0, 10000.0, 10000.0, 10000.0]",0.02704654737147777,1.0494718502907672,0.9727332718126377,0.9997070168139093
sub-10,7PC,V8,test,sub-09,linear_predictivity,224,101,-0.03160866469240321,"[-0.03061394195212608, -0.03245262465333781, -0.02813898033029221, -0.035156184359635904, -0.031681592166624056]",,,,,
sub-10,7PC,FFC,train,sub-09,linear_predictivity,224,263,0.011082329427987104,,"[3162.277660168379, 10000.0, 10000.0, 3162.277660168379, 3162.277660168379]",0.05469242432818557,1.0362769414214537,0.9450161281260009,0.9854116771843632
sub-10,7PC,FFC,test,sub-09,linear_predictivity,224,263,0.02664653268463587,"[0.0332042742888954, 0.018663105916845293, 0.018400954668067068, 0.030544399203264558, 0.032419929346107025]",,,,,
sub-10,7PC,PIT,train,sub-09,linear_predictivity,224,123,0.005136939699862371,,"[3162.277660168379, 10000.0, 3162.277660168379, 3162.277660168379, 10000.0]",0.05011910518952121,1.0386755232719629,0.9496828758491883,0.9915131612068298
sub-10,7PC,PIT,test,sub-09,linear_predictivity,224,123,0.00017103680279607,"[0.005939336229226624, -0.00747371565580011, 0.00558785357863075, 0.005149404688671991, -0.008347694826748905]",,,,,
sub-10,7PC,IPS1,train,sub-09,linear_predictivity,224,243,0.08306440617544814,,"[3162.277660168379, 3162.277660168379, 3162.277660168379, 3162.277660168379, 3162.277660168379]",0.13363824781263933,0.9922611830139164,0.8660864867472584,0.9126844628174491
sub-10,7PC,IPS1,test,sub-09,linear_predictivity,224,243,0.19216643554313892,"[0.18470249304850125, 0.20391856387403515, 0.18459473448835875, 0.18232463694872075, 0.20529174935607877]",,,,,
sub-10,7PC,MST,train,sub-09,linear_predictivity,224,149,0.08156062580364677,,"[1000.0, 1000.0, 1000.0, 1000.0, 1000.0]",0.16916452975111979,0.9904121073639566,0.830568835316732,0.9136647230382436
sub-10,7PC,MST,test,sub-09,linear_predictivity,224,149,0.19478738560746411,"[0.1834632078901935, 0.20076699125721298, 0.18389456195770185, 0.19551494937706757, 0.21029721755514463]",,,,,
sub-10,7PC,MT,train,sub-09,linear_predictivity,224,100,0.05001841031512957,,"[1000.0, 1000.0, 3162.277660168379, 1000.0, 1000.0]",0.13364196373085477,1.006485658002113,0.8659417863939186,0.9461916104472097
sub-10,7PC,MT,test,sub-09,linear_predictivity,224,100,0.1393356200302514,"[0.1350826854379021, 0.15366742009921797, 0.09809743132477554, 0.15080631751121562, 0.15902424577814567]",,,,,
sub-10,7PC,FST,train,sub-09,linear_predictivity,224,156,0.08318034986058151,,"[3162.277660168379, 3162.277660168379, 3162.277660168379, 3162.277660168379, 3162.277660168379]",0.130822178776611,0.992725894178703,0.8689749554083341,0.913473795976215
sub-10,7PC,FST,test,sub-09,linear_predictivity,224,156,0.18754526298283244,"[0.18343144535512737, 0.19048749079578678, 0.18148909027287433, 0.18712110304139257, 0.1951971854489812]",,,,,
sub-10,7PC,LO1,train,sub-09,linear_predictivity,224,79,0.052662120499575304,,"[3162.277660168379, 3162.277660168379, 3162.277660168379, 1000.0, 3162.277660168379]",0.1097482046968867,1.0054266025551128,0.8900444770870335,0.9457522989690063
sub-10,7PC,LO1,test,sub-09,linear_predictivity,224,79,0.07112479065296771,"[0.05472084154093489, 0.09396453701283203, 0.07101386343946031, 0.05787329329623086, 0.0780514179753805]",,,,,
sub-10,7PC,LO2,train,sub-09,linear_predictivity,224,80,0.02052771308655417,,"[3162.277660168379, 3162.277660168379, 3162.277660168379, 3162.277660168379, 3162.277660168379]",0.07118598399330339,1.0278638946641132,0.9286708980850668,0.977091164262837
sub-10,7PC,LO2,test,sub-09,linear_predictivity,224,80,0.025265773903607142,"[0.023082576652759163, 0.03318541063094568, 0.022519765429297893, 0.022465035452986087, 0.0250760813520469]",,,,,
sub-10,7PC,LO3,train,sub-09,linear_predictivity,224,125,0.03628515312806014,,"[3162.277660168379, 3162.277660168379, 3162.277660168379, 1000.0, 3162.277660168379]",0.09644155146791547,1.0149334082196233,0.9031219240321515,0.959517810149183
sub-10,7PC,LO3,test,sub-09,linear_predictivity,224,125,0.08127852642720583,"[0.07739173398624975, 0.08719494603241439, 0.07085196268357907, 0.09254607185575724, 0.07840791757802872]",,,,,
sub-10,7PC,V7,train,sub-09,linear_predictivity,224,87,0.07581349183079227,,"[3162.277660168379, 3162.277660168379, 3162.277660168379, 3162.277660168379, 3162.277660168379]",0.1259941178021428,0.9959373418628656,0.873675323885393,0.9191089658257049
sub-10,7PC,V7,test,sub-09,linear_predictivity,224,87,0.15461853871651565,"[0.1500321220906287, 0.17011650920860275, 0.1448122911251416, 0.14761560630496243, 0.1605161648532428]",,,,,
sub-10,7PC,IP0,train,sub-09,linear_predictivity,224,198,0.05451537570670186,,"[3162.277660168379, 3162.277660168379, 3162.277660168379, 3162.277660168379, 1000.0]",0.1217983532878961,1.0038772716517643,0.8776263497997192,0.9398533236971117
sub-10,7PC,IP0,test,sub-09,linear_predictivity,224,198,0.14135559414339835,"[0.13515357884431659, 0.1500138215143185, 0.12430169903346812, 0.12282820351963644, 0.1744806678052522]",,,,,
sub-10,7PC,IP1,train,sub-09,linear_predictivity,224,114,0.01480849551288864,,"[3162.277660168379, 3162.277660168379, 3162.277660168379, 3162.277660168379, 3162.277660168379]",0.07189779138742104,1.0337529828855723,0.9277209517059255,0.9785282425371525
sub-10,7PC,IP1,test,sub-09,linear_predictivity,224,114,0.062159521438724476,"[0.06204703695347799, 0.0658762255844161, 0.062179410443900435, 0.04488704401205636, 0.07580789019977147]",,,,,
sub-10,7PC,MIP,train,sub-09,linear_predictivity,224,280,0.028607563567858374,,"[3162.277660168379, 3162.277660168379, 3162.277660168379, 3162.277660168379, 3162.277660168379]",0.08380468066318639,1.0268043772143796,0.915898964977121,0.9667581993517084
sub-10,7PC,MIP,test,sub-09,linear_predictivity,224,280,0.10355506653966384,"[0.10893268746012104, 0.11228799209330398, 0.09852218318150081, 0.08656328005685583, 0.1114691899065376]",,,,,
sub-10,7PC,VIP,train,sub-09,linear_predictivity,224,180,0.05565825176781589,,"[3162.277660168379, 3162.277660168379, 3162.277660168379, 3162.277660168379, 3162.277660168379]",0.110384457323386,1.0111831907217046,0.8892866299650182,0.9393774631454527
sub-10,7PC,VIP,test,sub-09,linear_predictivity,224,180,0.1737454147882632,"[0.17309833019885537, 0.1915104975512949, 0.16589067274906538, 0.1585986634968828, 0.17962890994521755]",,,,,
sub-10,7PC,LIPd,train,sub-09,linear_predictivity,224,69,-0.011605771562652191,,"[31622.776601683796, 10000.0, 31622.776601683796, 31622.776601683796, 10000.0]",0.01726968742965897,1.0532773680984817,0.9822562355779866,1.003816499021654
sub-10,7PC,LIPd,test,sub-09,linear_predictivity,224,69,-0.03244757429996474,"[-0.02242606065953528, -0.028159061103212292, -0.029979403548367017, -0.05444289994955357, -0.02723044623915553]",,,,,
sub-10,7PC,LIPv,train,sub-09,linear_predictivity,224,239,0.0073240344500476885,,"[10000.0, 3162.277660168379, 10000.0, 10000.0, 3162.277660168379]",0.049723449840507784,1.0412250441408557,0.9499145592009356,0.9877774521162456
sub-10,7PC,LIPv,test,sub-09,linear_predictivity,224,239,0.04451427131837162,"[0.04164456756407636, 0.06745818905848097, 0.03373641455623301, 0.01867864056544998, 0.06105354484761776]",,,,,
sub-10,7PC,AIP,train,sub-09,linear_predictivity,224,275,0.026791928378320517,,"[10000.0, 10000.0, 10000.0, 3162.277660168379, 3162.277660168379]",0.06701541059371835,1.0326864754693896,0.9327094546763937,0.9688573508794386
sub-10,7PC,AIP,test,sub-09,linear_predictivity,224,275,0.09799731299761351,"[0.09028453618441874, 0.09424171003728958, 0.08982771832972097, 0.10105932518768433, 0.11457327524895389]",,,,,
sub-10,7PC,7Pm,train,sub-09,linear_predictivity,224,17,0.00466713411886398,,"[10000.0, 10000.0, 31622.776601683796, 10000.0, 31622.776601683796]",0.029888841064476313,1.0490590767447214,0.9698651053105257,0.9916400529637647
sub-10,7PC,7Pm,test,sub-09,linear_predictivity,224,17,0.001569909682847572,"[-0.0060202449538827975, 0.005241588906232615, 0.006510729779757327, -0.005872013957032087, 0.007989488639162804]",,,,,
sub-10,7PC,7PL,train,sub-09,linear_predictivity,224,133,0.01727411428249076,,"[3162.277660168379, 3162.277660168379, 3162.277660168379, 3162.277660168379, 3162.277660168379]",0.07543118605823437,1.031414177210476,0.9242837222492766,0.9785121739878321
sub-10,7PC,7PL,test,sub-09,linear_predictivity,224,133,0.08100957223466675,"[0.08086568254898738, 0.09283936429397127, 0.07983914016557506, 0.0660998564822922, 0.08540381768250781]",,,,,
sub-10,7PC,7PC,train,sub-09,linear_predictivity,224,315,0.06416488258463637,,"[3162.277660168379, 3162.277660168379, 3162.277660168379, 3162.277660168379, 3162.277660168379]",0.11564983576618788,1.0064346012398429,0.884044079550075,0.9307713460080438
sub-10,7PC,7PC,test,sub-09,linear_predictivity,224,315,0.19921685720776192,"[0.1897704469496342, 0.20724541613959344, 0.20229987387451953, 0.18690336869478066, 0.2098651803802818]",,,,,
sub-10,7PC,7Am,train,sub-09,linear_predictivity,224,228,0.007066090464969325,,"[10000.0, 3162.277660168379, 10000.0, 10000.0, 3162.277660168379]",0.04517612088465854,1.0439412849931773,0.9545680340843777,0.9894094585424724
sub-10,7PC,7Am,test,sub-09,linear_predictivity,224,228,0.032569369637183154,"[0.02138799685615372, 0.0500277230206796, 0.026025753102275704, 0.023446220385651587, 0.041959154821155156]",,,,,
sub-10,7PC,7AL,train,sub-09,linear_predictivity,224,178,0.02725734985346615,,"[3162.277660168379, 3162.277660168379, 3162.277660168379, 3162.277660168379, 3162.277660168379]",0.07487473031999961,1.037084954860309,0.9249468158229753,0.9696873067627536
sub-10,7PC,7AL,test,sub-09,linear_predictivity,224,178,0.09758498866265727,"[0.09216835269443074, 0.10228649189736559, 0.09610269834152427, 0.10032209065282133, 0.09704530972714445]",,,,,
sub-10,7PC,VVC,train,sub-09,linear_predictivity,224,151,0.010927967857159673,,"[10000.0, 3162.277660168379, 10000.0, 3162.277660168379, 3162.277660168379]",0.057971354925843266,1.0370993364453498,0.9417828940325546,0.985553384280349
sub-10,7PC,VVC,test,sub-09,linear_predictivity,224,151,0.03886897461940843,"[0.029047019453202687, 0.05309274416931416, 0.021033639893438646, 0.03571922687391259, 0.055452242707174026]",,,,,
sub-10,7PC,VMV2,train,sub-09,linear_predictivity,224,119,0.0022513939602308436,,"[3162.277660168379, 3162.277660168379, 3162.277660168379, 10000.0, 3162.277660168379]",0.0527135876951957,1.0418551880664402,0.9470783304518042,0.994704226652835
sub-10,7PC,VMV2,test,sub-09,linear_predictivity,224,119,0.021298062615556695,"[0.03094141918392853, 0.032653436534427135, 0.02260416380149776, -0.009809920146841004, 0.030101213704771063]",,,,,
sub-10,7PC,VMV3,train,sub-09,linear_predictivity,224,109,0.002692753019950391,,"[10000.0, 3162.277660168379, 10000.0, 10000.0, 3162.277660168379]",0.047014182163314704,1.0398036505270425,0.9526186279263105,0.993165525399537
sub-10,7PC,VMV3,test,sub-09,linear_predictivity,224,109,-0.027199684047098334,"[-0.027313440926160764, -0.00995757507275409, -0.03856006453365249, -0.04316176801565756, -0.01700557168726676]",,,,,
sub-10,7PC,VMV1,train,sub-09,linear_predictivity,224,96,0.002685471100847942,,"[3162.277660168379, 10000.0, 10000.0, 10000.0, 3162.277660168379]",0.04263001008426801,1.0436977142527084,0.9571949530667213,0.9936830296232637
sub-10,7PC,VMV1,test,sub-09,linear_predictivity,224,96,0.0282852112159022,"[0.0375898506640277, 0.023072754526206888, 0.023239554924220807, 0.017841554161489807, 0.039682341803565814]",,,,,
sub-10,7PC,PHA2,train,sub-09,linear_predictivity,224,17,-0.0031865237902495695,,"[31622.776601683796, 31622.776601683796, 31622.776601683796, 31622.776601683796, 10000.0]",0.01353751121678012,1.0567250394613774,0.9862924845352212,1.0013094333566246
sub-10,7PC,PHA2,test,sub-09,linear_predictivity,224,17,0.004111858385226731,"[-0.003541507588190208, 0.005709970800726464, 0.0036576811167832114, 0.003292702882889089, 0.011440444713925102]",,,,,
sub-10,7PC,PHA3,train,sub-09,linear_predictivity,224,104,-0.00167455082410233,,"[10000.0, 3162.277660168379, 10000.0, 10000.0, 3162.277660168379]",0.03808818192477593,1.0458586635372427,0.9617554768887681,0.9991182525187527
sub-10,7PC,PHA3,test,sub-09,linear_predictivity,224,104,0.0265620923780156,"[0.017234694086677025, 0.04694787170896981, 0.014043413381011557, 0.014465623995813352, 0.040118858717606246]",,,,,
sub-10,7PC,PH,train,sub-09,linear_predictivity,224,258,0.03909041887827065,,"[3162.277660168379, 3162.277660168379, 3162.277660168379, 3162.277660168379, 3162.277660168379]",0.08995362196941188,1.0191711463410524,0.9097965532685203,0.9569337460022714
sub-10,7PC,PH,test,sub-09,linear_predictivity,224,258,0.08243938937881687,"[0.08188291368745952, 0.08821459253990194, 0.07658212846733234, 0.07625114690359266, 0.08926616529579783]",,,,,
sub-10,7Am,V1,train,sub-09,linear_predictivity,186,641,0.0019492795489219421,,"[10000.0, 10000.0, 10000.0, 10000.0, 3162.277660168379]",0.03184627700160601,1.0341486771019048,0.967935981868267,0.9945287531449252
sub-10,7Am,V1,test,sub-09,linear_predictivity,186,641,-0.01188010685485433,"[-0.012033062339042297, -0.010647409739207973, -0.01417870699562117, -0.01423995902071544, -0.00830139617968477]",,,,,
sub-10,7Am,V2,train,sub-09,linear_predictivity,186,754,0.016816368490930895,,"[3162.277660168379, 3162.277660168379, 3162.277660168379, 3162.277660168379, 3162.277660168379]",0.06298744997280226,1.0232545775539792,0.9367713719582798,0.978995887647012
sub-10,7Am,V2,test,sub-09,linear_predictivity,186,754,0.043925925341544506,"[0.04348411028639608, 0.048297838938980805, 0.04351340885566538, 0.04384735848725948, 0.040486910139420754]",,,,,
sub-10,7Am,V3,train,sub-09,linear_predictivity,186,575,0.009643767904129756,,"[3162.277660168379, 3162.277660168379, 3162.277660168379, 3162.277660168379, 3162.277660168379]",0.05570749031954073,1.0292588137491978,0.9440760832553126,0.9865992391007771
sub-10,7Am,V3,test,sub-09,linear_predictivity,186,575,0.02640127009302577,"[0.025984293231272684, 0.02941399727531684, 0.027057133805024395, 0.024798050922592546, 0.024752875230922393]",,,,,
sub-10,7Am,V4,train,sub-09,linear_predictivity,186,616,0.007627076873084434,,"[3162.277660168379, 3162.277660168379, 3162.277660168379, 3162.277660168379, 3162.277660168379]",0.05485629312725347,1.0305746590741407,0.9449519330263538,0.9891229492936022
sub-10,7Am,V4,test,sub-09,linear_predictivity,186,616,0.0035637993984236685,"[0.0033812631426085047, 0.007079416515087915, 0.006779520678426041, 0.00019305529352410875, 0.00038574136247177486]",,,,,
sub-10,7Am,V3A,train,sub-09,linear_predictivity,186,270,0.011520743375578082,,"[3162.277660168379, 3162.277660168379, 3162.277660168379, 3162.277660168379, 3162.277660168379]",0.05982251795444112,1.0262597585762012,0.9398625097696451,0.9830346803463769
sub-10,7Am,V3A,test,sub-09,linear_predictivity,186,270,0.020849605775972203,"[0.013213081707720889, 0.026867722361802952, 0.026088012514609692, 0.010640816874024218, 0.027438395421703256]",,,,,
sub-10,7Am,V3B,train,sub-09,linear_predictivity,186,148,0.04469471308002159,,"[1000.0, 1000.0, 1000.0, 1000.0, 1000.0]",0.12785780973962454,1.0022880135622532,0.8718672903112583,0.9510734684628709
sub-10,7Am,V3B,test,sub-09,linear_predictivity,186,148,0.15609177233625354,"[0.14950695949705278, 0.16634464907487645, 0.14322006917608285, 0.1519643250024976, 0.16942285893075804]",,,,,
sub-10,7Am,V6,train,sub-09,linear_predictivity,186,104,0.020398032603539066,,"[3162.277660168379, 3162.277660168379, 3162.277660168379, 3162.277660168379, 3162.277660168379]",0.0697492560763977,1.0209975833080407,0.9299871481708631,0.9750077229310543
sub-10,7Am,V6,test,sub-09,linear_predictivity,186,104,0.05157002194955109,"[0.041747106881708754, 0.06327794204736806, 0.0486595563699955, 0.04472597770379047, 0.059439526744892696]",,,,,
sub-10,7Am,V6A,train,sub-09,linear_predictivity,186,85,0.017351847097915714,,"[3162.277660168379, 1000.0, 1000.0, 1000.0, 1000.0]",0.09943916206537103,1.0156903247765199,0.9002143884795624,0.9772194334214994
sub-10,7Am,V6A,test,sub-09,linear_predictivity,186,85,0.091565722474149,"[0.0658529759442658, 0.107166352822657, 0.09183978782431422, 0.08430348430265391, 0.10866601147685406]",,,,,
sub-10,7Am,V7,train,sub-09,linear_predictivity,186,87,0.025830469042149716,,"[3162.277660168379, 1000.0, 1000.0, 1000.0, 1000.0]",0.10556055077590634,1.0128495691162331,0.8941637847502122,0.9700954583939362
sub-10,7Am,V7,test,sub-09,linear_predictivity,186,87,0.08164475011952359,"[0.054565803205864946, 0.1047708515022373, 0.07205151442679551, 0.08306709810074599, 0.0937684833619742]",,,,,
sub-10,7Am,V8,train,sub-09,linear_predictivity,186,101,-0.0018083275197305698,,"[3162.277660168379, 10000.0, 3162.277660168379, 3162.277660168379, 3162.277660168379]",0.04315618995516556,1.0369438762624361,0.956633873070035,0.9980516809610019
sub-10,7Am,V8,test,sub-09,linear_predictivity,186,101,-0.018095577164516576,"[-0.013285172218894001, -0.03105130589742966, -0.00505267010666505, -0.02048289158007449, -0.020605846019519685]",,,,,
sub-10,7Am,FFC,train,sub-09,linear_predictivity,186,263,0.020081527621980424,,"[3162.277660168379, 3162.277660168379, 3162.277660168379, 3162.277660168379, 3162.277660168379]",0.06664852557391558,1.023095342881172,0.9331401024588963,0.9763537187204149
sub-10,7Am,FFC,test,sub-09,linear_predictivity,186,263,0.06002609916387264,"[0.06167157142129669, 0.06443530244967874, 0.060814961624002094, 0.05620759787667572, 0.057001062447709895]",,,,,
sub-10,7Am,PIT,train,sub-09,linear_predictivity,186,123,0.01111603732992402,,"[3162.277660168379, 3162.277660168379, 3162.277660168379, 3162.277660168379, 3162.277660168379]",0.05796924683476819,1.029674089979883,0.9418449951910841,0.9856689355908307
sub-10,7Am,PIT,test,sub-09,linear_predictivity,186,123,0.027660602192196525,"[0.02950250584511713, 0.025528178778797598, 0.03239578985948498, 0.02452847890804108, 0.02634805756954185]",,,,,
sub-10,7Am,IPS1,train,sub-09,linear_predictivity,186,243,0.052789353073288824,,"[1000.0, 1000.0, 1000.0, 3162.277660168379, 1000.0]",0.1303896853002269,1.0001300959247987,0.8693285229112208,0.9436388244918958
sub-10,7Am,IPS1,test,sub-09,linear_predictivity,186,243,0.15805044190785783,"[0.15249572195043828, 0.1796255923321949, 0.15974074792873155, 0.12544683981560487, 0.17294330751231943]",,,,,
sub-10,7Am,MST,train,sub-09,linear_predictivity,186,149,0.06678342518894709,,"[1000.0, 1000.0, 1000.0, 1000.0, 1000.0]",0.14547843773553978,0.9924720978358319,0.8541934687363053,0.9278227507323908
sub-10,7Am,MST,test,sub-09,linear_predictivity,186,149,0.15731591795892372,"[0.1460998566853471, 0.16387545002722712, 0.14754645413308448, 0.15832125561136437, 0.17073657333759557]",,,,,
sub-10,7Am,MT,train,sub-09,linear_predictivity,186,100,0.07285453760817213,,"[1000.0, 1000.0, 1000.0, 1000.0, 1000.0]",0.15101379506051507,0.9899088206636956,0.8487255517756076,0.9229079238620009
sub-10,7Am,MT,test,sub-09,linear_predictivity,186,100,0.1554317765640392,"[0.15266166183230764, 0.15257586966901857, 0.14545281961229517, 0.16031877304685044, 0.16614975865972414]",,,,,
sub-10,7Am,FST,train,sub-09,linear_predictivity,186,156,0.050816994632992114,,"[1000.0, 1000.0, 1000.0, 1000.0, 1000.0]",0.12877488504142037,1.00330048475814,0.8710177788126774,0.9457249473924938
sub-10,7Am,FST,test,sub-09,linear_predictivity,186,156,0.15837617740500023,"[0.15465676241974652, 0.16706624471465917, 0.15066062410917572, 0.15420431848537683, 0.16529293729604286]",,,,,
sub-10,7Am,LO1,train,sub-09,linear_predictivity,186,79,0.01345534781113449,,"[1000.0, 3162.277660168379, 1000.0, 3162.277660168379, 1000.0]",0.0871647542531226,1.0215902480887746,0.91287838490947,0.9844072971975925
sub-10,7Am,LO1,test,sub-09,linear_predictivity,186,79,0.012504243512339131,"[0.00405979142353532, 0.013883396341294863, 0.02440977187542267, 0.0020242447339717537, 0.018144013187471043]",,,,,
sub-10,7Am,LO2,train,sub-09,linear_predictivity,186,80,0.01088844352414746,,"[3162.277660168379, 3162.277660168379, 3162.277660168379, 3162.277660168379, 3162.277660168379]",0.05738788138693163,1.0298027969248047,0.9424835987713021,0.9867603938832945
sub-10,7Am,LO2,test,sub-09,linear_predictivity,186,80,0.01445712619830486,"[0.01464416917624416, 0.015865709909481336, 0.016812916764413707, 0.012470652878467468, 0.012492182262917624]",,,,,
sub-10,7Am,LO3,train,sub-09,linear_predictivity,186,125,0.038237112679662795,,"[1000.0, 1000.0, 1000.0, 1000.0, 1000.0]",0.12096286788551511,1.0079030105938815,0.8787498922189549,0.9568599246502176
sub-10,7Am,LO3,test,sub-09,linear_predictivity,186,125,0.10790916251611278,"[0.10539817319636073, 0.10509187645770951, 0.10631321725565897, 0.11075383307945587, 0.11198871259137883]",,,,,
sub-10,7Am,V7,train,sub-09,linear_predictivity,186,87,0.025830469042149716,,"[3162.277660168379, 1000.0, 1000.0, 1000.0, 1000.0]",0.10556055077590634,1.0128495691162331,0.8941637847502122,0.9700954583939362
sub-10,7Am,V7,test,sub-09,linear_predictivity,186,87,0.08164475011952359,"[0.054565803205864946, 0.1047708515022373, 0.07205151442679551, 0.08306709810074599, 0.0937684833619742]",,,,,
sub-10,7Am,IP0,train,sub-09,linear_predictivity,186,198,0.054018613966480146,,"[1000.0, 1000.0, 1000.0, 3162.277660168379, 1000.0]",0.1338404816600859,0.9975114075758562,0.865714513138203,0.9414987111351195
sub-10,7Am,IP0,test,sub-09,linear_predictivity,186,198,0.16167817404693263,"[0.15736070677696665, 0.1809486719867393, 0.16237061475426612, 0.12695186986611828, 0.18075900685057292]",,,,,
sub-10,7Am,IP1,train,sub-09,linear_predictivity,186,114,0.007779217439336416,,"[3162.277660168379, 3162.277660168379, 3162.277660168379, 3162.277660168379, 3162.277660168379]",0.057359059221287034,1.029733046146768,0.942300691379869,0.9864419291268127
sub-10,7Am,IP1,test,sub-09,linear_predictivity,186,114,0.03284116467809465,"[0.03492788032768277, 0.0394686221652853, 0.027450644372602317, 0.018664721061816904, 0.043693955463085944]",,,,,
sub-10,7Am,MIP,train,sub-09,linear_predictivity,186,280,0.038382323668494596,,"[3162.277660168379, 1000.0, 3162.277660168379, 3162.277660168379, 3162.277660168379]",0.09538421625806136,1.008439150371167,0.9042856370458157,0.9569037994215904
sub-10,7Am,MIP,test,sub-09,linear_predictivity,186,280,0.1476389058721809,"[0.14324576220636653, 0.18435979807067343, 0.13500851688751533, 0.12363922945857812, 0.15194122273777108]",,,,,
sub-10,7Am,VIP,train,sub-09,linear_predictivity,186,180,0.0556676977829894,,"[1000.0, 1000.0, 1000.0, 3162.277660168379, 1000.0]",0.13264243543494286,0.9965344673664163,0.8669470072519214,0.9397531676612321
sub-10,7Am,VIP,test,sub-09,linear_predictivity,186,180,0.21757184284896583,"[0.21135816155790824, 0.2453735910606837, 0.21555796597930188, 0.1835796954760061, 0.23198980017092938]",,,,,
sub-10,7Am,LIPd,train,sub-09,linear_predictivity,186,69,-0.0009282127493509682,,"[3162.277660168379, 3162.277660168379, 3162.277660168379, 3162.277660168379, 3162.277660168379]",0.054936731256191695,1.0314972720143598,0.944621733038668,0.99334664478794
sub-10,7Am,LIPd,test,sub-09,linear_predictivity,186,69,0.00410232572253374,"[0.01042929168167108, 0.008303747413549115, 0.0015315948095641315, -0.021582537721423153, 0.021829532429307526]",,,,,
sub-10,7Am,LIPv,train,sub-09,linear_predictivity,186,239,0.022277469256683183,,"[3162.277660168379, 3162.277660168379, 3162.277660168379, 3162.277660168379, 3162.277660168379]",0.07232072553349715,1.0200568938957226,0.927390423033704,0.9730930784816307
sub-10,7Am,LIPv,test,sub-09,linear_predictivity,186,239,0.08193205585602296,"[0.0823844872942514, 0.08954966105399909, 0.07475133688970659, 0.07392641860457863, 0.08904837543757918]",,,,,
sub-10,7Am,AIP,train,sub-09,linear_predictivity,186,275,0.022192581545090045,,"[3162.277660168379, 3162.277660168379, 3162.277660168379, 3162.277660168379, 3162.277660168379]",0.06752435587233062,1.0245334649671498,0.9322568702734643,0.9740841463232762
sub-10,7Am,AIP,test,sub-09,linear_predictivity,186,275,0.08183990420438356,"[0.08072949398179582, 0.0868743780571102, 0.08072471054786981, 0.07802976527871248, 0.08284117315642947]",,,,,
sub-10,7Am,7Pm,train,sub-09,linear_predictivity,186,17,-0.0059071753538726054,,"[3162.277660168379, 10000.0, 3162.277660168379, 10000.0, 10000.0]",0.03076925210491463,1.0367168415715704,0.9691145352618278,1.002417784132509
sub-10,7Am,7Pm,test,sub-09,linear_predictivity,186,17,0.02799642326481156,"[0.03346810832637291, 0.03953705944184021, 0.01814637014403037, 0.012022330418840174, 0.03680824799297414]",,,,,
sub-10,7Am,7PL,train,sub-09,linear_predictivity,186,133,0.053682681352090096,,"[1000.0, 1000.0, 3162.277660168379, 3162.277660168379, 3162.277660168379]",0.11712164994804927,0.9978472554937217,0.8824651566312713,0.9414462660356226
sub-10,7Am,7PL,test,sub-09,linear_predictivity,186,133,0.2199284507731456,"[0.23176801842824316, 0.257295174799705, 0.20086863808293276, 0.18900194944407528, 0.22070847311077188]",,,,,
sub-10,7Am,7PC,train,sub-09,linear_predictivity,186,315,0.028945322532576045,,"[1000.0, 1000.0, 3162.277660168379, 1000.0, 1000.0]",0.10331720029786176,1.0133634133961824,0.896403810728501,0.9665061050489954
sub-10,7Am,7PC,test,sub-09,linear_predictivity,186,315,0.11186068257027357,"[0.10736224168252415, 0.12656015003040658, 0.09010587776077687, 0.115286808180526, 0.11998833519713428]",,,,,
sub-10,7Am,7Am,train,sub-09,linear_predictivity,186,228,0.059788979668693884,,"[3162.277660168379, 3162.277660168379, 3162.277660168379, 3162.277660168379, 3162.277660168379]",0.10382022413818326,0.9976588291337045,0.8959370184078927,0.9361905545657994
sub-10,7Am,7Am,test,sub-09,linear_predictivity,186,228,0.20543142329489322,"[0.1989921914280429, 0.21994104233363365, 0.19788416906962097, 0.19805702929416522, 0.21228268434900335]",,,,,
sub-10,7Am,7AL,train,sub-09,linear_predictivity,186,178,0.03662687259019503,,"[3162.277660168379, 3162.277660168379, 3162.277660168379, 3162.277660168379, 3162.277660168379]",0.08065133584126212,1.0140413361907967,0.9191769872283831,0.9603905519220864
sub-10,7Am,7AL,test,sub-09,linear_predictivity,186,178,0.11954706848537142,"[0.11922861735728159, 0.1265161533456109, 0.11010834261156233, 0.12182980404018495, 0.1200524250722174]",,,,,
sub-10,7Am,VVC,train,sub-09,linear_predictivity,186,151,0.02061959123762292,,"[3162.277660168379, 3162.277660168379, 3162.277660168379, 3162.277660168379, 3162.277660168379]",0.06769359672308913,1.0228452666836205,0.9320983145086428,0.9759642984736085
sub-10,7Am,VVC,test,sub-09,linear_predictivity,186,151,0.06426988020430212,"[0.06740870995467192, 0.06889706485503556, 0.06343720038656916, 0.054753613009991486, 0.06685281281524247]",,,,,
sub-10,7Am,VMV2,train,sub-09,linear_predictivity,186,119,0.03987563893145324,,"[1000.0, 1000.0, 1000.0, 1000.0, 1000.0]",0.11980680919604489,1.0053165614374238,0.8800148942864313,0.9568213131476206
sub-10,7Am,VMV2,test,sub-09,linear_predictivity,186,119,0.1564680328792563,"[0.16343276024007983, 0.16326413717006533, 0.15036575207017702, 0.14023263655880597, 0.16504487835715342]",,,,,
sub-10,7Am,VMV3,train,sub-09,linear_predictivity,186,109,0.01676288405024612,,"[3162.277660168379, 3162.277660168379, 1000.0, 3162.277660168379, 3162.277660168379]",0.0738128771757754,1.020880500410321,0.9260124349099653,0.9794480939030656
sub-10,7Am,VMV3,test,sub-09,linear_predictivity,186,109,0.03241013963720431,"[0.033284610484671566, 0.028416279206385012, 0.06320314523246896, 0.016604746435601784, 0.0205419168268942]",,,,,
sub-10,7Am,VMV1,train,sub-09,linear_predictivity,186,96,0.02684091081759265,,"[3162.277660168379, 3162.277660168379, 1000.0, 3162.277660168379, 3162.277660168379]",0.0808277068404109,1.0150234657835484,0.9189623727234778,0.9696546085806641
sub-10,7Am,VMV1,test,sub-09,linear_predictivity,186,96,0.11946320812657021,"[0.12074213064931986, 0.12113770494403059, 0.1305826551677863, 0.10511385427457391, 0.11973969559714037]",,,,,
sub-10,7Am,PHA2,train,sub-09,linear_predictivity,186,17,0.012972701306117398,,"[3162.277660168379, 3162.277660168379, 1000.0, 3162.277660168379, 3162.277660168379]",0.06667583291395085,1.024922926105518,0.9332052539908648,0.9851607643241153
sub-10,7Am,PHA2,test,sub-09,linear_predictivity,186,17,0.05617405789510732,"[0.04682741806794024, 0.06157112055226057, 0.06560781459945386, 0.05162145104497132, 0.05524248521091058]",,,,,
sub-10,7Am,PHA3,train,sub-09,linear_predictivity,186,104,0.031094934770171886,,"[3162.277660168379, 3162.277660168379, 1000.0, 3162.277660168379, 3162.277660168379]",0.0838006238496912,1.0142734392024253,0.9160305513129547,0.9663080648950432
sub-10,7Am,PHA3,test,sub-09,linear_predictivity,186,104,0.10960203151370682,"[0.10796898886744424, 0.11573787110324812, 0.11631458731061957, 0.09831868838760631, 0.1096700218996158]",,,,,
sub-10,7Am,PH,train,sub-09,linear_predictivity,186,258,0.029075710294577832,,"[3162.277660168379, 3162.277660168379, 3162.277660168379, 3162.277660168379, 1000.0]",0.0826355223633069,1.0163330490940923,0.9170350239229844,0.9670189433030941
sub-10,7Am,PH,test,sub-09,linear_predictivity,186,258,0.07111136290291951,"[0.06903594436060113, 0.07353519865686059, 0.0619665775691546, 0.0607686630893571, 0.09025043083862418]",,,,,
sub-10,7AL,V1,train,sub-09,linear_predictivity,158,641,0.0033706785333279432,,"[10000.0, 10000.0, 10000.0, 10000.0, 10000.0]",0.024803519506308967,1.0303700641661515,0.9749757220929075,0.9930783875308581
sub-10,7AL,V1,test,sub-09,linear_predictivity,158,641,-0.011111355988882639,"[-0.012082173629626066, -0.009999243042055989, -0.008554871284873559, -0.01172713764232722, -0.01319335434553036]",,,,,
sub-10,7AL,V2,train,sub-09,linear_predictivity,158,754,0.009270582565912708,,"[10000.0, 10000.0, 10000.0, 10000.0, 10000.0]",0.030941528076533487,1.0237087776895397,0.9688111582547456,0.9866178423984321
sub-10,7AL,V2,test,sub-09,linear_predictivity,158,754,0.009681204042813625,"[0.009436701472739496, 0.01133812169914625, 0.011209244879496294, 0.008194370815796858, 0.008227581346889223]",,,,,
sub-10,7AL,V3,train,sub-09,linear_predictivity,158,575,0.004423866965473664,,"[10000.0, 10000.0, 10000.0, 10000.0, 10000.0]",0.025514764577605764,1.0266524794404623,0.9742695122943115,0.9919818241486535
sub-10,7AL,V3,test,sub-09,linear_predictivity,158,575,-0.0012351500780436494,"[-0.001984325177932857, 0.0002673858042104804, 0.0006505879654133605, -0.002516782790100794, -0.0025926161918084375]",,,,,
sub-10,7AL,V4,train,sub-09,linear_predictivity,158,616,-0.002750942384880886,,"[10000.0, 3162.277660168379, 10000.0, 10000.0, 10000.0]",0.024056354327349174,1.0294988521135597,0.9757299315686057,0.9997307055531843
sub-10,7AL,V4,test,sub-09,linear_predictivity,158,616,-0.0263978086810423,"[-0.028731069732034438, -0.021481160154148693, -0.02326550870765038, -0.028513727375490704, -0.029997577435887282]",,,,,
sub-10,7AL,V3A,train,sub-09,linear_predictivity,158,270,0.009729939833511878,,"[3162.277660168379, 10000.0, 3162.277660168379, 3162.277660168379, 3162.277660168379]",0.0463730902292553,1.0212170073328803,0.9533676648566454,0.9848725396759411
sub-10,7AL,V3A,test,sub-09,linear_predictivity,158,270,-0.009378547605625193,"[-0.017143717111917024, -0.012803329144772757, -0.0025573245264662457, -0.013619734971813948, -0.0007686322731559887]",,,,,
sub-10,7AL,V3B,train,sub-09,linear_predictivity,158,148,0.03740191917441449,,"[3162.277660168379, 1000.0, 1000.0, 3162.277660168379, 1000.0]",0.09426509000999661,1.0010786473117081,0.9054772951207986,0.9590502878429632
sub-10,7AL,V3B,test,sub-09,linear_predictivity,158,148,0.08108184256718999,"[0.07162437285022076, 0.09812756916819322, 0.07745167141124934, 0.07309253180629241, 0.08511306759999421]",,,,,
sub-10,7AL,V6,train,sub-09,linear_predictivity,158,104,0.021631155376206086,,"[3162.277660168379, 3162.277660168379, 3162.277660168379, 3162.277660168379, 3162.277660168379]",0.0630213879923873,1.0106331925824281,0.9367270488922959,0.974056224675065
sub-10,7AL,V6,test,sub-09,linear_predictivity,158,104,0.036989798256942354,"[0.03017233718995194, 0.04419498063238846, 0.03334402323486611, 0.03377306340777551, 0.04346458681972973]",,,,,
sub-10,7AL,V6A,train,sub-09,linear_predictivity,158,85,0.021920409691748476,,"[3162.277660168379, 3162.277660168379, 3162.277660168379, 3162.277660168379, 1000.0]",0.06944734712292484,1.0095808913960957,0.9301058172965975,0.9732858385218176
sub-10,7AL,V6A,test,sub-09,linear_predictivity,158,85,0.0694871347913087,"[0.059394285317981584, 0.07525287997851578, 0.061463875808656455, 0.06421671880409259, 0.08710791404729712]",,,,,
sub-10,7AL,V7,train,sub-09,linear_predictivity,158,87,0.03486410991951798,,"[3162.277660168379, 1000.0, 1000.0, 1000.0, 1000.0]",0.10012945527669592,1.0022739427204754,0.8995845845302991,0.9609361496140627
sub-10,7AL,V7,test,sub-09,linear_predictivity,158,87,0.058235747446636066,"[0.04497459635746359, 0.07596951557316124, 0.04667367326662984, 0.0627240727321936, 0.06083687930373207]",,,,,
sub-10,7AL,V8,train,sub-09,linear_predictivity,158,101,-0.006270873443721627,,"[31622.776601683796, 10000.0, 31622.776601683796, 10000.0, 10000.0]",0.013763775226722643,1.0319293143471153,0.9859951358810249,1.0027579735315921
sub-10,7AL,V8,test,sub-09,linear_predictivity,158,101,-0.04652502511250585,"[-0.04838562795064661, -0.045602159179678976, -0.043456118787285385, -0.04835967248090844, -0.04682154716400983]",,,,,
sub-10,7AL,FFC,train,sub-09,linear_predictivity,158,263,0.010865404961958492,,"[3162.277660168379, 3162.277660168379, 3162.277660168379, 3162.277660168379, 3162.277660168379]",0.05165010540607577,1.0160439637660104,0.9481423990144947,0.9856795583258098
sub-10,7AL,FFC,test,sub-09,linear_predictivity,158,263,0.022108536468826566,"[0.023274933148174, 0.02276089045755376, 0.024562239825830914, 0.01851775412771519, 0.021426864784858956]",,,,,
sub-10,7AL,PIT,train,sub-09,linear_predictivity,158,123,0.00520634400763832,,"[3162.277660168379, 3162.277660168379, 3162.277660168379, 3162.277660168379, 3162.277660168379]",0.04715959643105473,1.0201526154298233,0.9526404813749784,0.991455333494026
sub-10,7AL,PIT,test,sub-09,linear_predictivity,158,123,0.016324747680096067,"[0.015794895080502257, 0.01226548423878682, 0.022667556343040858, 0.015876422021217258, 0.015019380716933135]",,,,,
sub-10,7AL,IPS1,train,sub-09,linear_predictivity,158,243,0.06475359537875518,,"[1000.0, 1000.0, 1000.0, 1000.0, 1000.0]",0.1280478014312651,0.9893205313037561,0.871769984777948,0.9322741308235123
sub-10,7AL,IPS1,test,sub-09,linear_predictivity,158,243,0.12461674120211012,"[0.12224496602180289, 0.1381444682634441, 0.11544749045163606, 0.11978121399025783, 0.12746556728340977]",,,,,
sub-10,7AL,MST,train,sub-09,linear_predictivity,158,149,0.06220815145727279,,"[1000.0, 1000.0, 1000.0, 1000.0, 1000.0]",0.12797139557246112,0.9856001692997438,0.871729379633269,0.9329183461888733
sub-10,7AL,MST,test,sub-09,linear_predictivity,158,149,0.12476338919979416,"[0.11740787804628525, 0.12652516676938902, 0.12103795357646988, 0.12475106242140413, 0.13409488518542242]",,,,,
sub-10,7AL,MT,train,sub-09,linear_predictivity,158,100,0.03423672097109505,,"[1000.0, 1000.0, 1000.0, 1000.0, 1000.0]",0.1036632116282086,1.000535330927693,0.8960842553724007,0.9618552977224228
sub-10,7AL,MT,test,sub-09,linear_predictivity,158,100,0.07915980828218121,"[0.07333253452870575, 0.07695193401451529, 0.07358478837413336, 0.08306078771458152, 0.08886899677897014]",,,,,
sub-10,7AL,FST,train,sub-09,linear_predictivity,158,156,0.06919085586414718,,"[1000.0, 1000.0, 1000.0, 1000.0, 1000.0]",0.13350279460331554,0.9838820734589806,0.8662926119973351,0.9273242376796794
sub-10,7AL,FST,test,sub-09,linear_predictivity,158,156,0.14130867563900254,"[0.13983311923744943, 0.14693269730582026, 0.13939428268422902, 0.14002039882994274, 0.14036288013757117]",,,,,
sub-10,7AL,LO1,train,sub-09,linear_predictivity,158,79,0.0294706204773571,,"[3162.277660168379, 1000.0, 3162.277660168379, 3162.277660168379, 3162.277660168379]",0.0744769886373364,1.0093984331813104,0.9253910364938,0.9688786499659214
sub-10,7AL,LO1,test,sub-09,linear_predictivity,158,79,0.004352599310781427,"[-0.010739860431736593, 0.005163100041813993, 0.010825904185997739, 0.005100156138369103, 0.011413696619462893]",,,,,
sub-10,7AL,LO2,train,sub-09,linear_predictivity,158,80,0.014082920026521742,,"[3162.277660168379, 3162.277660168379, 3162.277660168379, 3162.277660168379, 3162.277660168379]",0.053636929409192145,1.0181621285471143,0.9462285859112847,0.9835145934126969
sub-10,7AL,LO2,test,sub-09,linear_predictivity,158,80,0.015808539461994044,"[0.01203118847612938, 0.013715726928802002, 0.01863544072348398, 0.017579984584311623, 0.01708035659724324]",,,,,
sub-10,7AL,LO3,train,sub-09,linear_predictivity,158,125,0.019541172767865916,,"[1000.0, 1000.0, 1000.0, 1000.0, 3162.277660168379]",0.08830600382036552,1.0059017777966015,0.9114894843674997,0.9760755327800558
sub-10,7AL,LO3,test,sub-09,linear_predictivity,158,125,0.05123401795222328,"[0.048847319139225395, 0.04791520962749807, 0.05377174191019445, 0.059230790819294624, 0.04640502826490382]",,,,,
sub-10,7AL,V7,train,sub-09,linear_predictivity,158,87,0.03486410991951798,,"[3162.277660168379, 1000.0, 1000.0, 1000.0, 1000.0]",0.10012945527669592,1.0022739427204754,0.8995845845302991,0.9609361496140627
sub-10,7AL,V7,test,sub-09,linear_predictivity,158,87,0.058235747446636066,"[0.04497459635746359, 0.07596951557316124, 0.04667367326662984, 0.0627240727321936, 0.06083687930373207]",,,,,
sub-10,7AL,IP0,train,sub-09,linear_predictivity,158,198,0.046117202056460416,,"[3162.277660168379, 1000.0, 1000.0, 3162.277660168379, 1000.0]",0.10309749228986738,0.9983494934230791,0.8965948021355082,0.9503178815774029
sub-10,7AL,IP0,test,sub-09,linear_predictivity,158,198,0.09463833757030837,"[0.080522345074223, 0.11881283589566032, 0.09566999131947615, 0.07300999508824321, 0.10517652047393922]",,,,,
sub-10,7AL,IP1,train,sub-09,linear_predictivity,158,114,0.00445346857471919,,"[3162.277660168379, 3162.277660168379, 3162.277660168379, 10000.0, 3162.277660168379]",0.04598762444344436,1.023493571323922,0.9536492559873153,0.9896942092542286
sub-10,7AL,IP1,test,sub-09,linear_predictivity,158,114,0.025110151954557958,"[0.03342499899452869, 0.03444633689254608, 0.0242814349875369, 0.001531461642646221, 0.031866527255531886]",,,,,
sub-10,7AL,MIP,train,sub-09,linear_predictivity,158,280,0.02961270549335922,,"[3162.277660168379, 1000.0, 3162.277660168379, 3162.277660168379, 1000.0]",0.08177029940062304,1.006677063682615,0.9178862172320219,0.9662312018776064
sub-10,7AL,MIP,test,sub-09,linear_predictivity,158,280,0.10054850609961194,"[0.09931436165937885, 0.12747352847269977, 0.08501343717390351, 0.07699301517387876, 0.11394818801819882]",,,,,
sub-10,7AL,VIP,train,sub-09,linear_predictivity,158,180,0.044299406081019344,,"[3162.277660168379, 1000.0, 1000.0, 1000.0, 1000.0]",0.1094172483881648,0.9939380964922794,0.8903693518209479,0.9510910471143079
sub-10,7AL,VIP,test,sub-09,linear_predictivity,158,180,0.14125625547246373,"[0.12865674844678368, 0.162939110391875, 0.12915245797155725, 0.13957079207339187, 0.14596216847871088]",,,,,
sub-10,7AL,LIPd,train,sub-09,linear_predictivity,158,69,-0.011542771790405651,,"[10000.0, 10000.0, 10000.0, 10000.0, 10000.0]",0.01964695664278232,1.0282613241558116,0.97989910671881,1.0039407085511056
sub-10,7AL,LIPd,test,sub-09,linear_predictivity,158,69,-0.026761388758465517,"[-0.013254263129670303, -0.018550870300222157, -0.025695613194172, -0.05584979592110643, -0.020456401247156704]",,,,,
sub-10,7AL,LIPv,train,sub-09,linear_predictivity,158,239,0.005855886538589608,,"[3162.277660168379, 3162.277660168379, 3162.277660168379, 3162.277660168379, 3162.277660168379]",0.04849095601869134,1.0241746111776835,0.9512432869887955,0.9896478576692814
sub-10,7AL,LIPv,test,sub-09,linear_predictivity,158,239,0.014673589205050764,"[0.022861457599869624, 0.019874227715287317, 0.007449189905267431, 0.005045096094980673, 0.018137974709848778]",,,,,
sub-10,7AL,AIP,train,sub-09,linear_predictivity,158,275,0.016420740794871803,,"[3162.277660168379, 3162.277660168379, 3162.277660168379, 3162.277660168379, 3162.277660168379]",0.05657547244380072,1.0194571076236882,0.9431794836160405,0.9794910925915836
sub-10,7AL,AIP,test,sub-09,linear_predictivity,158,275,0.06704593016870604,"[0.06787203828221489, 0.07307868486685122, 0.0664029490273922, 0.06006457127432742, 0.06781140739274447]",,,,,
sub-10,7AL,7Pm,train,sub-09,linear_predictivity,158,17,0.006955247168489471,,"[10000.0, 10000.0, 10000.0, 10000.0, 10000.0]",0.026217075964003345,1.0279840201354569,0.9735809201214938,0.9895879139970983
sub-10,7AL,7Pm,test,sub-09,linear_predictivity,158,17,-0.008416288014241513,"[-0.01597821497973669, -0.0035982991065736758, -0.010045161312303518, -0.01457145962568147, 0.002111694953087789]",,,,,
sub-10,7AL,7PL,train,sub-09,linear_predictivity,158,133,0.028223509370309263,,"[3162.277660168379, 1000.0, 1000.0, 3162.277660168379, 1000.0]",0.0893591345083687,1.0031333916626632,0.9102923843995925,0.9670349936492075
sub-10,7AL,7PL,test,sub-09,linear_predictivity,158,133,0.12007019489632756,"[0.11370758825603744, 0.1429976256191139, 0.11388110192716268, 0.09579888893201004, 0.13396576974731372]",,,,,
sub-10,7AL,7PC,train,sub-09,linear_predictivity,158,315,0.046388240966972874,,"[1000.0, 1000.0, 1000.0, 1000.0, 1000.0]",0.1140749730535459,0.9972433028319998,0.8856737831071406,0.949256179023728
sub-10,7AL,7PC,test,sub-09,linear_predictivity,158,315,0.1578495875791012,"[0.1514859227105787, 0.1665974067870441, 0.15906728975648948, 0.15131449754422946, 0.16078282109716427]",,,,,
sub-10,7AL,7Am,train,sub-09,linear_predictivity,158,228,0.022807114258607646,,"[3162.277660168379, 1000.0, 1000.0, 3162.277660168379, 1000.0]",0.08516222199181145,1.0069852043662526,0.9146465014360887,0.9730414322740024
sub-10,7AL,7Am,test,sub-09,linear_predictivity,158,228,0.10590717067472133,"[0.09095550320220355, 0.1339130491275393, 0.10923373801551028, 0.08226777153940278, 0.1131657914889507]",,,,,
sub-10,7AL,7AL,train,sub-09,linear_predictivity,158,178,0.04028197268832438,,"[3162.277660168379, 3162.277660168379, 3162.277660168379, 3162.277660168379, 1000.0]",0.08415410132683965,1.0008433856119376,0.9157249538805665,0.9566377757225034
sub-10,7AL,7AL,test,sub-09,linear_predictivity,158,178,0.14120045533425887,"[0.13823661342077945, 0.14600894340637693, 0.13147897800746544, 0.1377669719667021, 0.15251076986997053]",,,,,
sub-10,7AL,VVC,train,sub-09,linear_predictivity,158,151,0.014128431658047955,,"[3162.277660168379, 3162.277660168379, 3162.277660168379, 3162.277660168379, 3162.277660168379]",0.05364632201768702,1.0201814431434757,0.9461640744341292,0.9826866931759131
sub-10,7AL,VVC,test,sub-09,linear_predictivity,158,151,0.028985695302620167,"[0.031032184996002715, 0.03027331214691352, 0.02458031520481174, 0.02606333090077409, 0.032979333264598766]",,,,,
sub-10,7AL,VMV2,train,sub-09,linear_predictivity,158,119,0.012668279066595695,,"[3162.277660168379, 1000.0, 3162.277660168379, 3162.277660168379, 3162.277660168379]",0.058294765084489296,1.016562396590709,0.9414227515295236,0.9841973713924193
sub-10,7AL,VMV2,test,sub-09,linear_predictivity,158,119,0.057813989881509584,"[0.06293522578868176, 0.0854547584270243, 0.04595280465656594, 0.04601244109709525, 0.04871471943818072]",,,,,
sub-10,7AL,VMV3,train,sub-09,linear_predictivity,158,109,0.0035830290741706316,,"[10000.0, 3162.277660168379, 10000.0, 10000.0, 10000.0]",0.02962893560730138,1.026807912336673,0.9700895579447041,0.9927218391081866
sub-10,7AL,VMV3,test,sub-09,linear_predictivity,158,109,-0.05107386757401659,"[-0.04480155822108305, -0.04020909783470223, -0.04975326602134314, -0.05752761936202614, -0.06307779643092842]",,,,,
sub-10,7AL,VMV1,train,sub-09,linear_predictivity,158,96,0.012589052658489393,,"[3162.277660168379, 3162.277660168379, 3162.277660168379, 3162.277660168379, 3162.277660168379]",0.05259750399777382,1.0177443852458423,0.947183025012276,0.9837945477676472
sub-10,7AL,VMV1,test,sub-09,linear_predictivity,158,96,0.06601981868962441,"[0.0752664093508708, 0.06665841066501517, 0.06139599768569507, 0.06067721184384054, 0.0661010639027005]",,,,,
sub-10,7AL,PHA2,train,sub-09,linear_predictivity,158,17,0.0025366653711406625,,"[10000.0, 3162.277660168379, 3162.277660168379, 3162.277660168379, 10000.0]",0.032488049746842905,1.0282928012869184,0.9674390747877732,0.9955393004599837
sub-10,7AL,PHA2,test,sub-09,linear_predictivity,158,17,0.02750134066784169,"[0.012307069721454025, 0.03890120702007367, 0.034593362597212754, 0.03718450600800212, 0.014520557992465863]",,,,,
sub-10,7AL,PHA3,train,sub-09,linear_predictivity,158,104,0.016152263492001006,,"[3162.277660168379, 3162.277660168379, 3162.277660168379, 3162.277660168379, 3162.277660168379]",0.05239251809510278,1.018419279938557,0.9474700412934738,0.9813644146651201
sub-10,7AL,PHA3,test,sub-09,linear_predictivity,158,104,0.0630637566093413,"[0.06956482154256298, 0.06332037553213964, 0.05814909906875582, 0.06290081577087339, 0.061383671132374716]",,,,,
sub-10,7AL,PH,train,sub-09,linear_predictivity,158,258,0.027060909011223502,,"[1000.0, 3162.277660168379, 3162.277660168379, 3162.277660168379, 3162.277660168379]",0.07245874330421667,1.008965042695006,0.9273299523851272,0.9693046054944612
sub-10,7AL,PH,test,sub-09,linear_predictivity,158,258,0.03745290911512772,"[0.04563698346751493, 0.04091877183316949, 0.03265618372036855, 0.031535975800195584, 0.03651663075439006]",,,,,
sub-10,VVC,V1,train,sub-09,linear_predictivity,196,641,0.008574887301358053,,"[3162.277660168379, 3162.277660168379, 3162.277660168379, 3162.277660168379, 3162.277660168379]",0.06857056817740984,1.0467817108347226,0.9312270266351798,0.9880531690587638
sub-10,VVC,V1,test,sub-09,linear_predictivity,196,641,-0.006473106801145627,"[-0.001747436418128399, -0.007557796682098606, -0.006295022866966241, -0.005492930237452808, -0.011272347801082081]",,,,,
sub-10,VVC,V2,train,sub-09,linear_predictivity,196,754,0.014660011950610197,,"[3162.277660168379, 3162.277660168379, 3162.277660168379, 3162.277660168379, 3162.277660168379]",0.07487749678407431,1.040828334103122,0.9248822466989616,0.9812800865978236
sub-10,VVC,V2,test,sub-09,linear_predictivity,196,754,-0.002479208463094129,"[-0.0036475867505703346, -0.006012511069663879, 0.0027114390114621346, 0.003972576004661899, -0.009419959511360465]",,,,,
sub-10,VVC,V3,train,sub-09,linear_predictivity,196,575,0.017396194603079805,,"[3162.277660168379, 3162.277660168379, 3162.277660168379, 3162.277660168379, 3162.277660168379]",0.07710468230222053,1.039777808318251,0.9226829838853664,0.9790430254474769
sub-10,VVC,V3,test,sub-09,linear_predictivity,196,575,0.010489393554193507,"[0.007342609883736786, 0.007338412288186077, 0.016089787692185654, 0.01720982084527721, 0.004466337061581804]",,,,,
sub-10,VVC,V4,train,sub-09,linear_predictivity,196,616,0.03518114668492472,,"[3162.277660168379, 3162.277660168379, 3162.277660168379, 3162.277660168379, 3162.277660168379]",0.09244414467123288,1.0284203929009053,0.9073487401427073,0.9616149510933916
sub-10,VVC,V4,test,sub-09,linear_predictivity,196,616,0.05980439689447292,"[0.05943280743178248, 0.05754597970458899, 0.061295286769896, 0.06384639484418152, 0.05690151572191559]",,,,,
sub-10,VVC,V3A,train,sub-09,linear_predictivity,196,270,0.008684125080717689,,"[3162.277660168379, 3162.277660168379, 3162.277660168379, 3162.277660168379, 3162.277660168379]",0.07146401323871511,1.046711358417149,0.9282361057527853,0.9860241856415133
sub-10,VVC,V3A,test,sub-09,linear_predictivity,196,270,-0.017051206455835403,"[-0.03268006543249285, -0.011317787327406625, -0.012046316322223676, -0.013274408943141594, -0.015937454253912277]",,,,,
sub-10,VVC,V3B,train,sub-09,linear_predictivity,196,148,0.06915959235359555,,"[1000.0, 1000.0, 1000.0, 3162.277660168379, 1000.0]",0.1703236386737748,1.0016123406778168,0.8291711509146535,0.9258052772988721
sub-10,VVC,V3B,test,sub-09,linear_predictivity,196,148,0.16094387244381492,"[0.16552242835051392, 0.1649039054473147, 0.1625342835598828, 0.14217735847156554, 0.1695813863897976]",,,,,
sub-10,VVC,V6,train,sub-09,linear_predictivity,196,104,0.015598747145020795,,"[3162.277660168379, 3162.277660168379, 3162.277660168379, 3162.277660168379, 3162.277660168379]",0.08058154055227244,1.035805313639002,0.9191529439498656,0.9798044364587074
sub-10,VVC,V6,test,sub-09,linear_predictivity,196,104,-0.012525764100770118,"[-0.02751580629217302, -0.012872704806708397, -0.005543182304203042, -0.008860900366970363, -0.00783622673379576]",,,,,
sub-10,VVC,V6A,train,sub-09,linear_predictivity,196,85,0.035798027430471405,,"[3162.277660168379, 3162.277660168379, 3162.277660168379, 3162.277660168379, 1000.0]",0.10802188360734008,1.0199547408403487,0.8913937064806957,0.9590574792138007
sub-10,VVC,V6A,test,sub-09,linear_predictivity,196,85,0.09022138289729839,"[0.08899123551371008, 0.09560082616955975, 0.08045558448673897, 0.08277801502897823, 0.10328125328750486]",,,,,
sub-10,VVC,V7,train,sub-09,linear_predictivity,196,87,0.03480445645574985,,"[3162.277660168379, 3162.277660168379, 3162.277660168379, 3162.277660168379, 3162.277660168379]",0.09512787616491274,1.021988323420879,0.9046382415967212,0.9612775927293769
sub-10,VVC,V7,test,sub-09,linear_predictivity,196,87,0.05666390618985058,"[0.06093809828330619, 0.06812786299470684, 0.04967624820931957, 0.05121485515245058, 0.053362466309469704]",,,,,
sub-10,VVC,V8,train,sub-09,linear_predictivity,196,101,0.03708929000487601,,"[3162.277660168379, 3162.277660168379, 3162.277660168379, 3162.277660168379, 3162.277660168379]",0.0941025695273869,1.0261287599746218,0.90566755636747,0.9591755255114439
sub-10,VVC,V8,test,sub-09,linear_predictivity,196,101,0.08975232111845968,"[0.08415316580053998, 0.08486100090425293, 0.09145392826777503, 0.09384688357612624, 0.09444662704360417]",,,,,
sub-10,VVC,FFC,train,sub-09,linear_predictivity,196,263,0.10473317933610257,,"[1000.0, 1000.0, 1000.0, 1000.0, 1000.0]",0.2082444108715688,0.9815182896945156,0.791543800634457,0.8915245323360995
sub-10,VVC,FFC,test,sub-09,linear_predictivity,196,263,0.2732854492954984,"[0.27486474138286726, 0.2682773954079765, 0.2738006305338154, 0.2748156344542438, 0.27466884469858904]",,,,,
sub-10,VVC,PIT,train,sub-09,linear_predictivity,196,123,0.10277109870871992,,"[1000.0, 1000.0, 1000.0, 1000.0, 1000.0]",0.20570844152166493,0.9813457421285946,0.7940812405182955,0.8935355612236819
sub-10,VVC,PIT,test,sub-09,linear_predictivity,196,123,0.22383689807523602,"[0.2262297738135394, 0.21571112812026036, 0.22888645855847653, 0.2255611672561023, 0.22279596262780146]",,,,,
sub-10,VVC,IPS1,train,sub-09,linear_predictivity,196,243,0.061603141549101584,,"[1000.0, 1000.0, 1000.0, 3162.277660168379, 1000.0]",0.1647230412777868,1.0024880712901165,0.8349657032102415,0.9342259821701798
sub-10,VVC,IPS1,test,sub-09,linear_predictivity,196,243,0.14008970809334165,"[0.1493486988988938, 0.1505935484062778, 0.13791856653579737, 0.11716201360000394, 0.1454257130257353]",,,,,
sub-10,VVC,MST,train,sub-09,linear_predictivity,196,149,0.08340522664151404,,"[1000.0, 1000.0, 1000.0, 1000.0, 1000.0]",0.1929381463513419,0.9872717640026833,0.8068041641375558,0.9116576412836025
sub-10,VVC,MST,test,sub-09,linear_predictivity,196,149,0.1526881864564616,"[0.15067723921721374, 0.15595598695401455, 0.15287420802300794, 0.15215857572140765, 0.151774922366664]",,,,,
sub-10,VVC,MT,train,sub-09,linear_predictivity,196,100,0.102669412641721,,"[1000.0, 1000.0, 1000.0, 1000.0, 1000.0]",0.21190275032209233,0.9742684654370356,0.7878662926582185,0.8932280616280182
sub-10,VVC,MT,test,sub-09,linear_predictivity,196,100,0.2332894522942472,"[0.23542643485668066, 0.23574493975406555, 0.2269956306363574, 0.23440102109934594, 0.2338792351247866]",,,,,
sub-10,VVC,FST,train,sub-09,linear_predictivity,196,156,0.103975944677746,,"[1000.0, 1000.0, 1000.0, 1000.0, 1000.0]",0.20351025860135358,0.9854494221528876,0.7962862096505744,0.8923200874179542
sub-10,VVC,FST,test,sub-09,linear_predictivity,196,156,0.1938638702860423,"[0.19701576105390267, 0.19614628490902417, 0.1920510329212617, 0.18987583917048795, 0.19423043337553494]",,,,,
sub-10,VVC,LO1,train,sub-09,linear_predictivity,196,79,0.03888185940899379,,"[3162.277660168379, 1000.0, 1000.0, 3162.277660168379, 1000.0]",0.12612861179156282,1.0232154476407136,0.8736939994926811,0.9590908139938478
sub-10,VVC,LO1,test,sub-09,linear_predictivity,196,79,0.07112633537211707,"[0.06457764289903166, 0.07028218430735544, 0.07685615814652626, 0.0673287997064497, 0.07658689180122238]",,,,,
sub-10,VVC,LO2,train,sub-09,linear_predictivity,196,80,0.08099438755809411,,"[1000.0, 1000.0, 1000.0, 1000.0, 1000.0]",0.18536900762839995,0.9956358162517394,0.8145113649969759,0.9168635311967449
sub-10,VVC,LO2,test,sub-09,linear_predictivity,196,80,0.1814065005135313,"[0.17381652540316317, 0.17624675104903287, 0.18533513169213736, 0.18890780047915606, 0.18272629394416703]",,,,,
sub-10,VVC,LO3,train,sub-09,linear_predictivity,196,125,0.07816065442727939,,"[1000.0, 1000.0, 1000.0, 1000.0, 1000.0]",0.18643876230969011,0.9955833434051222,0.8133387004332782,0.9176357241467878
sub-10,VVC,LO3,test,sub-09,linear_predictivity,196,125,0.18836670615995155,"[0.1988708074485869, 0.18580916220915028, 0.18618383705250574, 0.19162531610065237, 0.17934440798886242]",,,,,
sub-10,VVC,V7,train,sub-09,linear_predictivity,196,87,0.03480445645574985,,"[3162.277660168379, 3162.277660168379, 3162.277660168379, 3162.277660168379, 3162.277660168379]",0.09512787616491274,1.021988323420879,0.9046382415967212,0.9612775927293769
sub-10,VVC,V7,test,sub-09,linear_predictivity,196,87,0.05666390618985058,"[0.06093809828330619, 0.06812786299470684, 0.04967624820931957, 0.05121485515245058, 0.053362466309469704]",,,,,
sub-10,VVC,IP0,train,sub-09,linear_predictivity,196,198,0.0881598769519518,,"[1000.0, 1000.0, 1000.0, 1000.0, 1000.0]",0.1952132439925425,0.9893176077319998,0.8044379961629817,0.9058551112318625
sub-10,VVC,IP0,test,sub-09,linear_predictivity,196,198,0.1914729731374236,"[0.1925096627818825, 0.19846080628156032, 0.18901581370312182, 0.1740970281552513, 0.2032815547653021]",,,,,
sub-10,VVC,IP1,train,sub-09,linear_predictivity,196,114,0.024780829253256385,,"[3162.277660168379, 3162.277660168379, 3162.277660168379, 3162.277660168379, 3162.277660168379]",0.08712214855022696,1.0300860415938664,0.9125101930845971,0.969043881999027
sub-10,VVC,IP1,test,sub-09,linear_predictivity,196,114,0.05867490092260967,"[0.06926498596232751, 0.059683993505370514, 0.054360519930890625, 0.038765527144474655, 0.07129947806998505]",,,,,
sub-10,VVC,MIP,train,sub-09,linear_predictivity,196,280,0.049544693831648855,,"[3162.277660168379, 3162.277660168379, 3162.277660168379, 3162.277660168379, 3162.277660168379]",0.10846542302567819,1.017675479038375,0.891214313800171,0.9456362270950553
sub-10,VVC,MIP,test,sub-09,linear_predictivity,196,280,0.14844372745325607,"[0.15010875238036514, 0.15827095822030257, 0.14459287957887718, 0.13604621374206047, 0.15319983334467505]",,,,,
sub-10,VVC,VIP,train,sub-09,linear_predictivity,196,180,0.050122336112247645,,"[3162.277660168379, 3162.277660168379, 3162.277660168379, 3162.277660168379, 3162.277660168379]",0.10837539205566896,1.0151299093052133,0.8913394789154516,0.9452920503450905
sub-10,VVC,VIP,test,sub-09,linear_predictivity,196,180,0.11980570241234412,"[0.12774535194358813, 0.13440671465327192, 0.11363367759721146, 0.10820820572985489, 0.11503456213779416]",,,,,
sub-10,VVC,LIPd,train,sub-09,linear_predictivity,196,69,-0.0014399908275795964,,"[3162.277660168379, 3162.277660168379, 3162.277660168379, 3162.277660168379, 3162.277660168379]",0.06690228119173511,1.0469725040999218,0.9326057847418501,0.9931561504668632
sub-10,VVC,LIPd,test,sub-09,linear_predictivity,196,69,0.008931144958324803,"[0.018176761605386307, 0.0052888665563494966, 0.011983080243073896, -0.0163633669507978, 0.025570383337612114]",,,,,
sub-10,VVC,LIPv,train,sub-09,linear_predictivity,196,239,0.004632937513035861,,"[3162.277660168379, 3162.277660168379, 3162.277660168379, 3162.277660168379, 3162.277660168379]",0.06895412171685775,1.0410165354963716,0.9307645460389697,0.9905220250252349
sub-10,VVC,LIPv,test,sub-09,linear_predictivity,196,239,0.02688973473210169,"[0.030338391867903373, 0.030642618201577737, 0.02596065264070453, 0.015783306595267464, 0.031723704355055324]",,,,,
sub-10,VVC,AIP,train,sub-09,linear_predictivity,196,275,0.020809142936448324,,"[3162.277660168379, 3162.277660168379, 3162.277660168379, 3162.277660168379, 3162.277660168379]",0.08098216162013014,1.0410818248665101,0.9187647645991734,0.9749645554015631
sub-10,VVC,AIP,test,sub-09,linear_predictivity,196,275,0.05844880017644544,"[0.05902234040834631, 0.0634869825319681, 0.05710792756863689, 0.051823853871876976, 0.06080289650139893]",,,,,
sub-10,VVC,7Pm,train,sub-09,linear_predictivity,196,17,-0.002397199127260778,,"[3162.277660168379, 10000.0, 10000.0, 31622.776601683796, 3162.277660168379]",0.03864735270632792,1.0514818706869282,0.9613299960738898,0.9992190129099635
sub-10,VVC,7Pm,test,sub-09,linear_predictivity,196,17,0.030666838815977794,"[0.032695643226281754, 0.03362236219475715, 0.03567592632057403, 0.015461609982928115, 0.03587865235534791]",,,,,
sub-10,VVC,7PL,train,sub-09,linear_predictivity,196,133,0.06090386820332511,,"[3162.277660168379, 3162.277660168379, 3162.277660168379, 3162.277660168379, 3162.277660168379]",0.11566248664261447,1.0135181207483988,0.8840588924049484,0.9347573806632404
sub-10,VVC,7PL,test,sub-09,linear_predictivity,196,133,0.17031824102045562,"[0.16696689615789892, 0.18188921526992244, 0.16820057468775057, 0.1634935577927559, 0.17104096119395037]",,,,,
sub-10,VVC,7PC,train,sub-09,linear_predictivity,196,315,0.03137459905166492,,"[3162.277660168379, 3162.277660168379, 3162.277660168379, 3162.277660168379, 3162.277660168379]",0.09099032614429722,1.0287772558753923,0.9087496826701298,0.9643098971621772
sub-10,VVC,7PC,test,sub-09,linear_predictivity,196,315,0.06859874289048078,"[0.0644561019318586, 0.07261850613236247, 0.07384561220945951, 0.06289138936178697, 0.06918210481693639]",,,,,
sub-10,VVC,7Am,train,sub-09,linear_predictivity,196,228,0.027439058901435016,,"[3162.277660168379, 3162.277660168379, 3162.277660168379, 3162.277660168379, 3162.277660168379]",0.08543270883205915,1.0322111236236882,0.9143587582978185,0.9689812380018422
sub-10,VVC,7Am,test,sub-09,linear_predictivity,196,228,0.08312003564520871,"[0.07948307542058725, 0.09141283437691414, 0.08598868048776834, 0.08275689165540766, 0.07595869628536618]",,,,,
sub-10,VVC,7AL,train,sub-09,linear_predictivity,196,178,0.01552556726365001,,"[3162.277660168379, 3162.277660168379, 3162.277660168379, 3162.277660168379, 3162.277660168379]",0.07335492588662557,1.039883442556172,0.9264647656128066,0.9814109089362683
sub-10,VVC,7AL,test,sub-09,linear_predictivity,196,178,0.026958419592255874,"[0.027018321138767634, 0.02982103043837022, 0.023787527981592924, 0.03113283487518367, 0.023032383527364916]",,,,,
sub-10,VVC,VVC,train,sub-09,linear_predictivity,196,151,0.0631398552494449,,"[3162.277660168379, 3162.277660168379, 3162.277660168379, 3162.277660168379, 3162.277660168379]",0.11971825353550572,1.0109457866143832,0.880052088542354,0.9332574119106578
sub-10,VVC,VVC,test,sub-09,linear_predictivity,196,151,0.1722084874260039,"[0.1738962286273712, 0.1744921708524042, 0.1684275615939225, 0.1624520486162603, 0.18177442744006136]",,,,,
sub-10,VVC,VMV2,train,sub-09,linear_predictivity,196,119,0.11600298946102053,,"[1000.0, 1000.0, 1000.0, 1000.0, 1000.0]",0.2138456810759969,0.9836054544402391,0.7859617702632715,0.8807307401110156
sub-10,VVC,VMV2,test,sub-09,linear_predictivity,196,119,0.26246320559198344,"[0.25997577473519157, 0.26240388599627973, 0.2586619831563955, 0.26240388299931033, 0.2688705010727404]",,,,,
sub-10,VVC,VMV3,train,sub-09,linear_predictivity,196,109,0.07967907610493506,,"[3162.277660168379, 1000.0, 1000.0, 3162.277660168379, 1000.0]",0.16955814027987848,0.9959166964217685,0.8299651787388257,0.9155232742819661
sub-10,VVC,VMV3,test,sub-09,linear_predictivity,196,109,0.1949854667833531,"[0.18331918631536145, 0.19986262465934043, 0.20495525633213674, 0.17077519533651317, 0.21601507127341363]",,,,,
sub-10,VVC,VMV1,train,sub-09,linear_predictivity,196,96,0.08877746482914614,,"[3162.277660168379, 1000.0, 1000.0, 1000.0, 1000.0]",0.1819585222335825,0.9978018190887606,0.817924563355543,0.9077863919354143
sub-10,VVC,VMV1,test,sub-09,linear_predictivity,196,96,0.21900924813494793,"[0.1979067987932266, 0.22842909733998243, 0.22262757486058718, 0.21864985446502427, 0.22743291521591927]",,,,,
sub-10,VVC,PHA2,train,sub-09,linear_predictivity,196,17,0.04327551494947114,,"[3162.277660168379, 3162.277660168379, 3162.277660168379, 3162.277660168379, 3162.277660168379]",0.09799400326223817,1.0296066644969155,0.9018796333472754,0.9547299747709588
sub-10,VVC,PHA2,test,sub-09,linear_predictivity,196,17,0.12609679690554923,"[0.12098898795387794, 0.12883267899108544, 0.12381949674415023, 0.127092451300313, 0.1297503695383195]",,,,,
sub-10,VVC,PHA3,train,sub-09,linear_predictivity,196,104,0.07360903953952064,,"[3162.277660168379, 3162.277660168379, 3162.277660168379, 3162.277660168379, 3162.277660168379]",0.12887394907197885,1.0064685482465792,0.8709886135240964,0.9241588466262893
sub-10,VVC,PHA3,test,sub-09,linear_predictivity,196,104,0.19641494865318684,"[0.19303302582205417, 0.20310623065246244, 0.19131393010540787, 0.19391497280976527, 0.20070658387624457]",,,,,
sub-10,VVC,PH,train,sub-09,linear_predictivity,196,258,0.08901093420056218,,"[1000.0, 1000.0, 1000.0, 1000.0, 1000.0]",0.19476045701928152,0.9918564705265334,0.8049975463991824,0.9068281122527875
sub-10,VVC,PH,test,sub-09,linear_predictivity,196,258,0.17941698087397293,"[0.1916765630301725, 0.1767990715574037, 0.1727234955992053, 0.17416937454435746, 0.18171639963872566]",,,,,
sub-10,VMV2,V1,train,sub-09,linear_predictivity,94,641,0.008021419727635733,,"[3162.277660168379, 3162.277660168379, 3162.277660168379, 3162.277660168379, 3162.277660168379]",0.037314024075455185,1.0176645337674732,0.9624755425209848,0.988523097363409
sub-10,VMV2,V1,test,sub-09,linear_predictivity,94,641,-0.00755092205585241,"[-0.004685610957669907, -0.006851540481888477, -0.006378398338044933, -0.00722711260595811, -0.012611947895700621]",,,,,
sub-10,VMV2,V2,train,sub-09,linear_predictivity,94,754,0.0137202522226297,,"[3162.277660168379, 3162.277660168379, 3162.277660168379, 3162.277660168379, 3162.277660168379]",0.044155415809913,1.0124694146915558,0.9555957932300313,0.9821566152262415
sub-10,VMV2,V2,test,sub-09,linear_predictivity,94,754,0.0009750648550570267,"[-0.0002115409258270384, 0.0042430473970219125, 0.0032390188210051902, 0.0005090512293785345, -0.002904252246293465]",,,,,
sub-10,VMV2,V3,train,sub-09,linear_predictivity,94,575,0.013644825063110991,,"[3162.277660168379, 3162.277660168379, 1000.0, 1000.0, 3162.277660168379]",0.05544499920569272,1.0117226244243607,0.9443465893227577,0.9826916101956602
sub-10,VMV2,V3,test,sub-09,linear_predictivity,94,575,0.006151050664763928,"[0.0014699759414114337, 0.006208676560520387, 0.01141236307859053, 0.010294227437975255, 0.0013700103053220333]",,,,,
sub-10,VMV2,V4,train,sub-09,linear_predictivity,94,616,0.030385706021039568,,"[1000.0, 1000.0, 1000.0, 1000.0, 1000.0]",0.08594633257908987,1.002145429589287,0.9138525299251409,0.9663341324276417
sub-10,VMV2,V4,test,sub-09,linear_predictivity,94,616,0.06199171609243217,"[0.06100435004896793, 0.06733067845896498, 0.06227632682214727, 0.06357634833698755, 0.0557708767950931]",,,,,
sub-10,VMV2,V3A,train,sub-09,linear_predictivity,94,270,0.006624582415736174,,"[3162.277660168379, 3162.277660168379, 3162.277660168379, 3162.277660168379, 3162.277660168379]",0.03820781815134628,1.0162351920056119,0.9614863683148528,0.9882226311185898
sub-10,VMV2,V3A,test,sub-09,linear_predictivity,94,270,-0.02405284363890045,"[-0.035554135978718586, -0.01821428750501617, -0.02145083450310754, -0.028553859442191933, -0.01649110076546801]",,,,,
sub-10,VMV2,V3B,train,sub-09,linear_predictivity,94,148,0.04213425427894485,,"[1000.0, 1000.0, 1000.0, 1000.0, 1000.0]",0.10090910241993474,0.9909080813152398,0.8988195669645569,0.9536512602474062
sub-10,VMV2,V3B,test,sub-09,linear_predictivity,94,148,0.1278018691742759,"[0.11955744256470548, 0.14100647196364338, 0.11716641867921249, 0.1263365483211049, 0.13494246434271337]",,,,,
sub-10,VMV2,V6,train,sub-09,linear_predictivity,94,104,0.006230293946941229,,"[3162.277660168379, 3162.277660168379, 3162.277660168379, 3162.277660168379, 3162.277660168379]",0.0386736458968303,1.0155108823188355,0.9610395045329676,0.9890762411054748
sub-10,VMV2,V6,test,sub-09,linear_predictivity,94,104,-0.0010349683828183873,"[-0.0036016802153219915, 0.0008078336237152283, 0.003476434488606204, -0.006946280061206622, 0.0010888502501152449]",,,,,
sub-10,VMV2,V6A,train,sub-09,linear_predictivity,94,85,0.021918954479265573,,"[3162.277660168379, 1000.0, 3162.277660168379, 1000.0, 1000.0]",0.06799211702645853,1.004781463526045,0.9316889781987806,0.9744450282207889
sub-10,VMV2,V6A,test,sub-09,linear_predictivity,94,85,0.07426636398802189,"[0.05954217929702791, 0.09170793204935489, 0.05162675974431971, 0.08132883718722625, 0.08712611166218068]",,,,,
sub-10,VMV2,V7,train,sub-09,linear_predictivity,94,87,0.018977907736767403,,"[1000.0, 1000.0, 3162.277660168379, 1000.0, 1000.0]",0.07174958857867803,1.006595494257553,0.927904962441275,0.9776866924857242
sub-10,VMV2,V7,test,sub-09,linear_predictivity,94,87,0.052020940316305275,"[0.05174809765626323, 0.07249566570551888, 0.019623555311353343, 0.05734404855346445, 0.058893334354926455]",,,,,
sub-10,VMV2,V8,train,sub-09,linear_predictivity,94,101,0.02516474662202083,,"[1000.0, 1000.0, 1000.0, 1000.0, 1000.0]",0.0821043278962843,1.004068533380869,0.9176604281431462,0.9708966196353519
sub-10,VMV2,V8,test,sub-09,linear_predictivity,94,101,0.06576162739471722,"[0.06695893573393247, 0.06609019266298405, 0.061885001201579505, 0.06561273726516782, 0.06826127010992228]",,,,,
sub-10,VMV2,FFC,train,sub-09,linear_predictivity,94,263,0.06894631538967956,,"[1000.0, 1000.0, 1000.0, 1000.0, 1000.0]",0.12212416735526291,0.9780461835316796,0.8776309265943023,0.9270556257809023
sub-10,VMV2,FFC,test,sub-09,linear_predictivity,94,263,0.16555779588777655,"[0.17213695937726947, 0.1579730817488187, 0.161217961301061, 0.16974045019727604, 0.16672052681445762]",,,,,
sub-10,VMV2,PIT,train,sub-09,linear_predictivity,94,123,0.06425498026334368,,"[1000.0, 1000.0, 1000.0, 1000.0, 1000.0]",0.11683159266341211,0.9800804756591328,0.8829263361322448,0.93183682310278
sub-10,VMV2,PIT,test,sub-09,linear_predictivity,94,123,0.13831198076554913,"[0.1465794503624772, 0.13360960369911837, 0.13141066642016397, 0.14397568291929858, 0.13598450042668764]",,,,,
sub-10,VMV2,IPS1,train,sub-09,linear_predictivity,94,243,0.009845330929009551,,"[1000.0, 1000.0, 3162.277660168379, 3162.277660168379, 1000.0]",0.05742390731962478,1.0099646274932272,0.9422442086948161,0.9872107468253775
sub-10,VMV2,IPS1,test,sub-09,linear_predictivity,94,243,0.05738103174757551,"[0.06081837853640982, 0.0814574421394524, 0.035551573172140555, 0.038541383593182536, 0.07053638129669222]",,,,,
sub-10,VMV2,MST,train,sub-09,linear_predictivity,94,149,0.0620647737424232,,"[1000.0, 1000.0, 1000.0, 1000.0, 1000.0]",0.11504498890325647,0.9825136345624988,0.884697337630597,0.9334959928245024
sub-10,VMV2,MST,test,sub-09,linear_predictivity,94,149,0.10437818946400405,"[0.10010994573982442, 0.10994954414793698, 0.09349732056647402, 0.10912286900740617, 0.10921126785837866]",,,,,
sub-10,VMV2,MT,train,sub-09,linear_predictivity,94,100,0.10463616008636482,,"[316.2277660168379, 1000.0, 1000.0, 1000.0, 1000.0]",0.16198963001400152,0.9613555227756436,0.8377906962922015,0.8916726533207255
sub-10,VMV2,MT,test,sub-09,linear_predictivity,94,100,0.17885255786245713,"[0.1927274517358239, 0.1816808079025747, 0.15702690663274604, 0.18525616011740792, 0.177571462923733]",,,,,
sub-10,VMV2,FST,train,sub-09,linear_predictivity,94,156,0.034305941540672104,,"[1000.0, 1000.0, 1000.0, 1000.0, 1000.0]",0.08597673213910947,0.9988494061050739,0.9138612865661327,0.9628561782412447
sub-10,VMV2,FST,test,sub-09,linear_predictivity,94,156,0.09428179101638753,"[0.09196991967933998, 0.09738087043774654, 0.08935809848623079, 0.09703524237992968, 0.09566482409869072]",,,,,
sub-10,VMV2,LO1,train,sub-09,linear_predictivity,94,79,0.01000040895758307,,"[1000.0, 1000.0, 1000.0, 1000.0, 3162.277660168379]",0.06254150880832633,1.010998477482789,0.9373635516779725,0.9880194387007097
sub-10,VMV2,LO1,test,sub-09,linear_predictivity,94,79,0.03647403132349124,"[0.03936197493493946, 0.05466204790838097, 0.03044298728772957, 0.04077178880083796, 0.017131357685568244]",,,,,
sub-10,VMV2,LO2,train,sub-09,linear_predictivity,94,80,0.041980770130514614,,"[1000.0, 1000.0, 1000.0, 1000.0, 1000.0]",0.09142604906906343,0.9947860347383323,0.908472411558798,0.9560966804788341
sub-10,VMV2,LO2,test,sub-09,linear_predictivity,94,80,0.08343752990585843,"[0.08787257363374026, 0.08220431920204477, 0.0759276812942841, 0.08933876787304522, 0.08184430752617775]",,,,,
sub-10,VMV2,LO3,train,sub-09,linear_predictivity,94,125,0.06569202392293695,,"[1000.0, 1000.0, 1000.0, 1000.0, 1000.0]",0.1232024519718248,0.9774011411117737,0.8764956449717205,0.9296082194988676
sub-10,VMV2,LO3,test,sub-09,linear_predictivity,94,125,0.1590202136438037,"[0.16105840691504808, 0.1633343729858017, 0.1466204745895127, 0.167919190168179, 0.15616862356047698]",,,,,
sub-10,VMV2,V7,train,sub-09,linear_predictivity,94,87,0.018977907736767403,,"[1000.0, 1000.0, 3162.277660168379, 1000.0, 1000.0]",0.07174958857867803,1.006595494257553,0.927904962441275,0.9776866924857242
sub-10,VMV2,V7,test,sub-09,linear_predictivity,94,87,0.052020940316305275,"[0.05174809765626323, 0.07249566570551888, 0.019623555311353343, 0.05734404855346445, 0.058893334354926455]",,,,,
sub-10,VMV2,IP0,train,sub-09,linear_predictivity,94,198,0.029643017406622108,,"[1000.0, 1000.0, 1000.0, 3162.277660168379, 1000.0]",0.08377248202186424,0.9957905578771825,0.9158806365053044,0.9664872162278296
sub-10,VMV2,IP0,test,sub-09,linear_predictivity,94,198,0.10665734005278323,"[0.10295241821450435, 0.13056507709765602, 0.10312091840955445, 0.07583275600157918, 0.12081553054062216]",,,,,
sub-10,VMV2,IP1,train,sub-09,linear_predictivity,94,114,-0.001563426669350184,,"[3162.277660168379, 3162.277660168379, 3162.277660168379, 3162.277660168379, 3162.277660168379]",0.03183763112913575,1.019248956970627,0.9678132266929097,0.9956943682952568
sub-10,VMV2,IP1,test,sub-09,linear_predictivity,94,114,0.014756999685823816,"[0.020154479349509036, 0.017721460025870887, 0.0029254531358520993, 0.007464077926685313, 0.025519527991201742]",,,,,
sub-10,VMV2,MIP,train,sub-09,linear_predictivity,94,280,0.01902658496195406,,"[3162.277660168379, 3162.277660168379, 3162.277660168379, 3162.277660168379, 3162.277660168379]",0.05117508486262047,1.0074880198648606,0.9485936491901299,0.9771431601722244
sub-10,VMV2,MIP,test,sub-09,linear_predictivity,94,280,0.0973119339964553,"[0.09109086043153407, 0.10782404224794676, 0.08829813753706003, 0.09973843117399109, 0.09960819859174459]",,,,,
sub-10,VMV2,VIP,train,sub-09,linear_predictivity,94,180,0.01208759593149212,,"[3162.277660168379, 3162.277660168379, 3162.277660168379, 3162.277660168379, 3162.277660168379]",0.042333386468261215,1.0132898560030423,0.9574543356471079,0.9843421750396704
sub-10,VMV2,VIP,test,sub-09,linear_predictivity,94,180,0.05706667585966717,"[0.05292828262608153, 0.06755645263960114, 0.05166820079204067, 0.06088081369194505, 0.052299629548667466]",,,,,
sub-10,VMV2,LIPd,train,sub-09,linear_predictivity,94,69,-0.005604085921628183,,"[3162.277660168379, 3162.277660168379, 3162.277660168379, 3162.277660168379, 3162.277660168379]",0.032884100397163094,1.0195869837151732,0.9666539235270541,0.9978369505707052
sub-10,VMV2,LIPd,test,sub-09,linear_predictivity,94,69,0.02331850580603454,"[0.034129899437787846, 0.025925375029669954, 0.018622265824937926, 0.004422866632336181, 0.0334921221054408]",,,,,
sub-10,VMV2,LIPv,train,sub-09,linear_predictivity,94,239,0.004782964085562021,,"[3162.277660168379, 3162.277660168379, 3162.277660168379, 3162.277660168379, 3162.277660168379]",0.038764912454015074,1.0162355064521074,0.9609694302371612,0.9908030746959178
sub-10,VMV2,LIPv,test,sub-09,linear_predictivity,94,239,0.03343363388983163,"[0.03313529826714068, 0.038394046791381684, 0.029702541011159, 0.030166741478039764, 0.03576954190143699]",,,,,
sub-10,VMV2,AIP,train,sub-09,linear_predictivity,94,275,-0.0019898614041002683,,"[10000.0, 3162.277660168379, 3162.277660168379, 3162.277660168379, 10000.0]",0.02384486317105267,1.0237177008726441,0.9759748605690628,0.998352737388928
sub-10,VMV2,AIP,test,sub-09,linear_predictivity,94,275,0.021274231930088504,"[0.010074530602760307, 0.02911323335356223, 0.025927796298534443, 0.029486027733986554, 0.011769571661598987]",,,,,
sub-10,VMV2,7Pm,train,sub-09,linear_predictivity,94,17,-0.0022023228806478685,,"[3162.277660168379, 10000.0, 10000.0, 3162.277660168379, 10000.0]",0.01968023032804108,1.0263115231686943,0.9800431611579539,0.9987957743858271
sub-10,VMV2,7Pm,test,sub-09,linear_predictivity,94,17,0.024596953992056827,"[0.02743021958052975, 0.020768414099111454, 0.01906200745517735, 0.033073227008673226, 0.02265090181679236]",,,,,
sub-10,VMV2,7PL,train,sub-09,linear_predictivity,94,133,0.04445232972296246,,"[3162.277660168379, 3162.277660168379, 3162.277660168379, 3162.277660168379, 3162.277660168379]",0.07343224685325145,0.9949405452783597,0.9263499490775138,0.9519488593703924
sub-10,VMV2,7PL,test,sub-09,linear_predictivity,94,133,0.13371022981959074,"[0.1290736931097735, 0.14159843319848842, 0.1289753810777682, 0.13847813156391078, 0.13042551014801276]",,,,,
sub-10,VMV2,7PC,train,sub-09,linear_predictivity,94,315,0.00012325225289390058,,"[3162.277660168379, 3162.277660168379, 3162.277660168379, 3162.277660168379, 3162.277660168379]",0.031079419006557148,1.0198923647246136,0.968695522735802,0.9960998269599811
sub-10,VMV2,7PC,test,sub-09,linear_predictivity,94,315,0.028655470738047063,"[0.021302311456783952, 0.032239311123968724, 0.03334543196137223, 0.03132494341513016, 0.025065355732980237]",,,,,
sub-10,VMV2,7Am,train,sub-09,linear_predictivity,94,228,0.019180685454189616,,"[3162.277660168379, 3162.277660168379, 3162.277660168379, 3162.277660168379, 1000.0]",0.05629390323579011,1.0067431739229307,0.9434857307602075,0.9773328193328682
sub-10,VMV2,7Am,test,sub-09,linear_predictivity,94,228,0.04883119792278006,"[0.04292053714111052, 0.052882524042446324, 0.04703132142332536, 0.051254161802898, 0.050067445204120126]",,,,,
sub-10,VMV2,7AL,train,sub-09,linear_predictivity,94,178,-0.002565801856106557,,"[3162.277660168379, 10000.0, 10000.0, 3162.277660168379, 10000.0]",0.020101757362805173,1.0212854468490373,0.9796883109989437,0.9995361600868483
sub-10,VMV2,7AL,test,sub-09,linear_predictivity,94,178,-0.016901252294087177,"[-0.011431324135015759, -0.018522336835504548, -0.020060669680305156, -0.012023564337510118, -0.0224683664821003]",,,,,
sub-10,VMV2,VVC,train,sub-09,linear_predictivity,94,151,0.02756470857417455,,"[1000.0, 1000.0, 1000.0, 1000.0, 1000.0]",0.08476194189334416,0.9999828441946725,0.9150270966730615,0.9689310588444956
sub-10,VMV2,VVC,test,sub-09,linear_predictivity,94,151,0.10989919237418963,"[0.10832539837339891, 0.11605777086633809, 0.1024134986954239, 0.10312240734583825, 0.11957688658994907]",,,,,
sub-10,VMV2,VMV2,train,sub-09,linear_predictivity,94,119,0.12580937447582,,"[1000.0, 1000.0, 1000.0, 1000.0, 1000.0]",0.17747782093901393,0.9460649114058469,0.8223256952605755,0.8710114828523092
sub-10,VMV2,VMV2,test,sub-09,linear_predictivity,94,119,0.3131519428342334,"[0.31277544588696177, 0.32477631656846806, 0.3119878452527265, 0.3040044572865824, 0.31221564917642824]",,,,,
sub-10,VMV2,VMV3,train,sub-09,linear_predictivity,94,109,0.05528872095733322,,"[1000.0, 1000.0, 1000.0, 1000.0, 1000.0]",0.11450572565777428,0.9809799472815456,0.8851934552887724,0.9401085606103299
sub-10,VMV2,VMV3,test,sub-09,linear_predictivity,94,109,0.1497727968219163,"[0.146058466202793, 0.16105086066836866, 0.149393715997936, 0.13697562599016108, 0.15538531525032273]",,,,,
sub-10,VMV2,VMV1,train,sub-09,linear_predictivity,94,96,0.09217132459125503,,"[1000.0, 1000.0, 1000.0, 1000.0, 1000.0]",0.14408659153420245,0.9670162874667179,0.8557137374752773,0.9043865035750912
sub-10,VMV2,VMV1,test,sub-09,linear_predictivity,94,96,0.2534379200107941,"[0.254685142862806, 0.26127391745987893, 0.2559412263795741, 0.2450985164477968, 0.2501907969039148]",,,,,
sub-10,VMV2,PHA2,train,sub-09,linear_predictivity,94,17,0.04444351779458357,,"[3162.277660168379, 3162.277660168379, 3162.277660168379, 3162.277660168379, 3162.277660168379]",0.0714831298763311,0.9990551646125809,0.9283965164419067,0.9536743802485693
sub-10,VMV2,PHA2,test,sub-09,linear_predictivity,94,17,0.1564714692441947,"[0.15173652974847254, 0.16339634310438048, 0.1527372605665872, 0.15442053279638784, 0.16006668000514543]",,,,,
sub-10,VMV2,PHA3,train,sub-09,linear_predictivity,94,104,0.06219627281378836,,"[1000.0, 1000.0, 1000.0, 3162.277660168379, 1000.0]",0.11305139681411021,0.9807468681327022,0.886769877938896,0.9350749930969722
sub-10,VMV2,PHA3,test,sub-09,linear_predictivity,94,104,0.19051984415698775,"[0.18966376756354067, 0.19974073983053423, 0.1849124441888381, 0.17996192804328504, 0.1983203411587408]",,,,,
sub-10,VMV2,PH,train,sub-09,linear_predictivity,94,258,0.035051562951764585,,"[1000.0, 1000.0, 1000.0, 1000.0, 1000.0]",0.08886281299190747,0.9972283126512288,0.9109076098025326,0.9611098448115462
sub-10,VMV2,PH,test,sub-09,linear_predictivity,94,258,0.09179692057592045,"[0.09572901166381101, 0.09219338960666155, 0.08351987060698048, 0.09125240990446319, 0.09628992109768604]",,,,,
sub-10,VMV3,V1,train,sub-09,linear_predictivity,98,641,0.004232481575472875,,"[3162.277660168379, 3162.277660168379, 3162.277660168379, 3162.277660168379, 1000.0]",0.03839314043214372,1.014977294442753,0.9613915114516397,0.9923002551942245
sub-10,VMV3,V1,test,sub-09,linear_predictivity,98,641,-0.00023348944849689248,"[0.0040031556295516794, -0.005133700920354955, -0.0038063067568039426, -0.0012674611967006403, 0.0050368660018233966]",,,,,
sub-10,VMV3,V2,train,sub-09,linear_predictivity,98,754,0.010578612874856274,,"[3162.277660168379, 1000.0, 1000.0, 1000.0, 1000.0]",0.05960135548786651,1.0089495013278351,0.9401564292121686,0.985346276945101
sub-10,VMV3,V2,test,sub-09,linear_predictivity,98,754,0.029018364421062585,"[0.020267624803827412, 0.02946674516741083, 0.03000920320969699, 0.03454285175362007, 0.03080539717075762]",,,,,
sub-10,VMV3,V3,train,sub-09,linear_predictivity,98,575,0.012097373198023332,,"[1000.0, 1000.0, 1000.0, 1000.0, 1000.0]",0.06461702075909194,1.0097874141135397,0.9351633761756901,0.9841205275836546
sub-10,VMV3,V3,test,sub-09,linear_predictivity,98,575,0.029334526731571255,"[0.03324475017384014, 0.02297126494494813, 0.03225820586637282, 0.03147232167256881, 0.026726091000126375]",,,,,
sub-10,VMV3,V4,train,sub-09,linear_predictivity,98,616,0.028155553929836572,,"[1000.0, 1000.0, 1000.0, 1000.0, 1000.0]",0.08093625251866857,1.0016349983187582,0.9188560395025955,0.9684449745420899
sub-10,VMV3,V4,test,sub-09,linear_predictivity,98,616,0.07820191040038321,"[0.08204871919170084, 0.07252260450404063, 0.08014181570101692, 0.07874333092943066, 0.07755308167572701]",,,,,
sub-10,VMV3,V3A,train,sub-09,linear_predictivity,98,270,0.00816869631901993,,"[1000.0, 1000.0, 1000.0, 3162.277660168379, 1000.0]",0.060492038815835494,1.0097118970029406,0.9391034033263548,0.9859650508287068
sub-10,VMV3,V3A,test,sub-09,linear_predictivity,98,270,0.018152070130442503,"[0.02455656975964041, 0.02515731247976733, 0.026323655092524635, -0.008146065822254071, 0.02286887914253421]",,,,,
sub-10,VMV3,V3B,train,sub-09,linear_predictivity,98,148,0.0851484860736101,,"[1000.0, 1000.0, 1000.0, 1000.0, 1000.0]",0.13559204436551428,0.9699613346834501,0.8640427626344943,0.9093447827156245
sub-10,VMV3,V3B,test,sub-09,linear_predictivity,98,148,0.2224852784121108,"[0.2212992532565198, 0.23722711233744992, 0.21251318392392818, 0.21191482732692865, 0.22947201521572747]",,,,,
sub-10,VMV3,V6,train,sub-09,linear_predictivity,98,104,0.008980758171847087,,"[1000.0, 1000.0, 1000.0, 3162.277660168379, 3162.277660168379]",0.056514594711883935,1.0091722310867182,0.9431127163136125,0.9859162692282653
sub-10,VMV3,V6,test,sub-09,linear_predictivity,98,104,0.016743621309252936,"[0.02737225279538138, 0.021990448446189075, 0.02284159825795984, 0.0016318248786126555, 0.009881982168121741]",,,,,
sub-10,VMV3,V6A,train,sub-09,linear_predictivity,98,85,0.03368647590850876,,"[1000.0, 1000.0, 1000.0, 1000.0, 1000.0]",0.08592973694294156,0.9996033345646907,0.9137310587105762,0.9609198580195871
sub-10,VMV3,V6A,test,sub-09,linear_predictivity,98,85,0.12447918218434788,"[0.1268221160324063, 0.13564955448975455, 0.11666706538652034, 0.10759030433353117, 0.13566687067952707]",,,,,
sub-10,VMV3,V7,train,sub-09,linear_predictivity,98,87,0.03458000244519899,,"[1000.0, 1000.0, 3162.277660168379, 3162.277660168379, 1000.0]",0.08004140221260896,0.9996895710835091,0.9196048171681298,0.9615988385329721
sub-10,VMV3,V7,test,sub-09,linear_predictivity,98,87,0.1036988103107174,"[0.11624566240576835, 0.1271203844315125, 0.07664456000729591, 0.07555314265986444, 0.12293030204914575]",,,,,
sub-10,VMV3,V8,train,sub-09,linear_predictivity,98,101,0.03383618246011893,,"[1000.0, 1000.0, 1000.0, 1000.0, 1000.0]",0.08675131241803653,0.999314282677172,0.9130345772485378,0.9625110270440981
sub-10,VMV3,V8,test,sub-09,linear_predictivity,98,101,0.10157585012747364,"[0.10755979579721943, 0.09525975600897128, 0.09765117098833687, 0.10587559327211636, 0.10153293457072422]",,,,,
sub-10,VMV3,FFC,train,sub-09,linear_predictivity,98,263,0.050831147589924554,,"[1000.0, 1000.0, 1000.0, 1000.0, 1000.0]",0.10344010321471253,0.9852743103404302,0.8963366517698124,0.9454139798360913
sub-10,VMV3,FFC,test,sub-09,linear_predictivity,98,263,0.1758201212105592,"[0.17983227721816689, 0.16950130001886465, 0.17243162861673625, 0.17941807644989183, 0.17791732374913652]",,,,,
sub-10,VMV3,PIT,train,sub-09,linear_predictivity,98,123,0.04528555379215133,,"[1000.0, 1000.0, 1000.0, 1000.0, 1000.0]",0.09938560889076926,0.9879563501546167,0.9003878407426168,0.9510463303894661
sub-10,VMV3,PIT,test,sub-09,linear_predictivity,98,123,0.15083760046769842,"[0.15843475829449286, 0.13901675442932548, 0.14870519856265457, 0.15745524827166352, 0.15057604278035577]",,,,,
sub-10,VMV3,IPS1,train,sub-09,linear_predictivity,98,243,0.0559383488635423,,"[1000.0, 1000.0, 1000.0, 1000.0, 1000.0]",0.10656968366274293,0.9885978095323702,0.8931687869160203,0.9400129036670496
sub-10,VMV3,IPS1,test,sub-09,linear_predictivity,98,243,0.17526608587813836,"[0.17794615566946864, 0.18987512359343395, 0.16433708105602962, 0.1590772477885583, 0.18509482128320145]",,,,,
sub-10,VMV3,MST,train,sub-09,linear_predictivity,98,149,0.06491486760610421,,"[1000.0, 1000.0, 1000.0, 1000.0, 1000.0]",0.11535837514414535,0.980808723592934,0.8843629493785541,0.9304302044870155
sub-10,VMV3,MST,test,sub-09,linear_predictivity,98,149,0.17776176373950875,"[0.17771827733452034, 0.17462211399308952, 0.1693293837705924, 0.17329390269281067, 0.193845140906531]",,,,,
sub-10,VMV3,MT,train,sub-09,linear_predictivity,98,100,0.060179196488421446,,"[1000.0, 316.2277660168379, 1000.0, 316.2277660168379, 1000.0]",0.127856776731945,0.9790638000908818,0.8718021381899195,0.936039285257867
sub-10,VMV3,MT,test,sub-09,linear_predictivity,98,100,0.20693360183511672,"[0.19657028752343908, 0.21428452454200783, 0.177937087775961, 0.2299692562388164, 0.2159068530953593]",,,,,
sub-10,VMV3,FST,train,sub-09,linear_predictivity,98,156,0.06304050735863011,,"[1000.0, 1000.0, 1000.0, 1000.0, 1000.0]",0.11017949811960961,0.9837020515568635,0.8896255054629396,0.9337780232991288
sub-10,VMV3,FST,test,sub-09,linear_predictivity,98,156,0.17921486076802373,"[0.1789166249101512, 0.17903318930615564, 0.1746094310873404, 0.17547714442002835, 0.18803791411644305]",,,,,
sub-10,VMV3,LO1,train,sub-09,linear_predictivity,98,79,0.0398991242027232,,"[1000.0, 1000.0, 1000.0, 1000.0, 3162.277660168379]",0.08618050512162484,1.0003461637648576,0.913784072325728,0.9588422818385623
sub-10,VMV3,LO1,test,sub-09,linear_predictivity,98,79,0.10667053753168929,"[0.11752062898353428, 0.10409435827529777, 0.11159714364567584, 0.11193064261029342, 0.08820991414364512]",,,,,
sub-10,VMV3,LO2,train,sub-09,linear_predictivity,98,80,0.038555054860944904,,"[1000.0, 1000.0, 1000.0, 1000.0, 1000.0]",0.09002843552757059,0.9958793351371596,0.9098728329828825,0.9595712589280193
sub-10,VMV3,LO2,test,sub-09,linear_predictivity,98,80,0.11503886431093835,"[0.11446782702503011, 0.1097980917748524, 0.1152552560553283, 0.11903550229774555, 0.11663764440173537]",,,,,
sub-10,VMV3,LO3,train,sub-09,linear_predictivity,98,125,0.06302505472846576,,"[1000.0, 1000.0, 1000.0, 1000.0, 1000.0]",0.11578567152045001,0.9816526223119894,0.8839733638214267,0.9329982379825459
sub-10,VMV3,LO3,test,sub-09,linear_predictivity,98,125,0.20078817150060352,"[0.21587384696366824, 0.18794507198285862, 0.19436474320986352, 0.1997177089195588, 0.20603948642706837]",,,,,
sub-10,VMV3,V7,train,sub-09,linear_predictivity,98,87,0.03458000244519899,,"[1000.0, 1000.0, 3162.277660168379, 3162.277660168379, 1000.0]",0.08004140221260896,0.9996895710835091,0.9196048171681298,0.9615988385329721
sub-10,VMV3,V7,test,sub-09,linear_predictivity,98,87,0.1036988103107174,"[0.11624566240576835, 0.1271203844315125, 0.07664456000729591, 0.07555314265986444, 0.12293030204914575]",,,,,
sub-10,VMV3,IP0,train,sub-09,linear_predictivity,98,198,0.07861235572612571,,"[1000.0, 1000.0, 1000.0, 1000.0, 1000.0]",0.1301962954532862,0.9738671374658379,0.8694311175596949,0.9156253855133624
sub-10,VMV3,IP0,test,sub-09,linear_predictivity,98,198,0.23619300757964945,"[0.23206900650933882, 0.25227739506082203, 0.2232009183796507, 0.22262763349049133, 0.2507900844579443]",,,,,
sub-10,VMV3,IP1,train,sub-09,linear_predictivity,98,114,0.009321833619176321,,"[3162.277660168379, 3162.277660168379, 3162.277660168379, 3162.277660168379, 3162.277660168379]",0.04278843874675389,1.0122674315861042,0.9568539506260894,0.9846185802220591
sub-10,VMV3,IP1,test,sub-09,linear_predictivity,98,114,0.0673962567978429,"[0.0693408982313746, 0.07397424789852207, 0.05747617502189745, 0.05743223976630341, 0.07875772307111702]",,,,,
sub-10,VMV3,MIP,train,sub-09,linear_predictivity,98,280,0.0400904272391573,,"[1000.0, 1000.0, 1000.0, 1000.0, 1000.0]",0.0928776066340095,0.9946104232273288,0.9068343559365729,0.9552552597353013
sub-10,VMV3,MIP,test,sub-09,linear_predictivity,98,280,0.1966500700517148,"[0.1925429536455554, 0.22067601064694026, 0.1803961022716771, 0.18592929944793185, 0.20370598424646946]",,,,,
sub-10,VMV3,VIP,train,sub-09,linear_predictivity,98,180,0.042789458968781176,,"[1000.0, 1000.0, 1000.0, 1000.0, 1000.0]",0.09413250343026194,0.9937694882746209,0.9055651397159206,0.9522742490455096
sub-10,VMV3,VIP,test,sub-09,linear_predictivity,98,180,0.17362724849505878,"[0.17492654206246516, 0.19631653361570037, 0.16085179748203562, 0.16156674393770695, 0.1744746253773858]",,,,,
sub-10,VMV3,LIPd,train,sub-09,linear_predictivity,98,69,-0.005948586272526092,,"[3162.277660168379, 3162.277660168379, 3162.277660168379, 3162.277660168379, 3162.277660168379]",0.034264830027440366,1.0147982107035753,0.9652603119622235,0.9980054635981631
sub-10,VMV3,LIPd,test,sub-09,linear_predictivity,98,69,0.03354263171827985,"[0.04311019422717987, 0.040618485141031405, 0.027647437951558766, 0.015406480590592343, 0.04093056068103684]",,,,,
sub-10,VMV3,LIPv,train,sub-09,linear_predictivity,98,239,0.007566716591328628,,"[3162.277660168379, 3162.277660168379, 3162.277660168379, 3162.277660168379, 3162.277660168379]",0.043151904425804966,1.0120593352607012,0.9565553684600072,0.9877007715002174
sub-10,VMV3,LIPv,test,sub-09,linear_predictivity,98,239,0.07291640309795011,"[0.0773987023669228, 0.08267988179593982, 0.06594260017596809, 0.05871511815679314, 0.07984571299412668]",,,,,
sub-10,VMV3,AIP,train,sub-09,linear_predictivity,98,275,0.007414006430565819,,"[3162.277660168379, 1000.0, 3162.277660168379, 3162.277660168379, 3162.277660168379]",0.04418228541116563,1.0109876597107867,0.9555832827745885,0.9885744337954432
sub-10,VMV3,AIP,test,sub-09,linear_predictivity,98,275,0.05760332005333131,"[0.052278622310036195, 0.07847766183869397, 0.04980824476467098, 0.04834429605505752, 0.059107775298197864]",,,,,
sub-10,VMV3,7Pm,train,sub-09,linear_predictivity,98,17,-0.0024380196544583625,,"[10000.0, 10000.0, 31622.776601683796, 31622.776601683796, 31622.776601683796]",0.008844413632385872,1.0228442817359236,0.9909789112405539,0.9990124774029283
sub-10,VMV3,7Pm,test,sub-09,linear_predictivity,98,17,0.016641362292159977,"[0.019014226640139246, 0.027808104002843104, 0.011598112393533595, 0.010589917164391982, 0.014196451259891956]",,,,,
sub-10,VMV3,7PL,train,sub-09,linear_predictivity,98,133,0.057829357328694944,,"[1000.0, 1000.0, 1000.0, 1000.0, 1000.0]",0.10695430545852028,0.9863494501972845,0.8927644913242693,0.9376750948329693
sub-10,VMV3,7PL,test,sub-09,linear_predictivity,98,133,0.22258942122444142,"[0.21614399598674897, 0.24282949867432002, 0.2132112410671515, 0.21559863735805002, 0.22516373303593665]",,,,,
sub-10,VMV3,7PC,train,sub-09,linear_predictivity,98,315,0.021936694674875752,,"[3162.277660168379, 3162.277660168379, 3162.277660168379, 3162.277660168379, 1000.0]",0.05696779975328005,1.0062093156733831,0.9427156033727,0.9737997401597328
sub-10,VMV3,7PC,test,sub-09,linear_predictivity,98,315,0.07953282475775536,"[0.06975593266931521, 0.08148403978863503, 0.07498376918998137, 0.07347854701472815, 0.09796183512611703]",,,,,
sub-10,VMV3,7Am,train,sub-09,linear_predictivity,98,228,0.017556026475546545,,"[1000.0, 1000.0, 1000.0, 1000.0, 3162.277660168379]",0.06389633779285088,1.0088538651712051,0.9359107440956974,0.9789090208352601
sub-10,VMV3,7Am,test,sub-09,linear_predictivity,98,228,0.09968148163268946,"[0.10180063375784454, 0.11547935212118067, 0.10116550154727642, 0.10678645264689769, 0.073175468090248]",,,,,
sub-10,VMV3,7AL,train,sub-09,linear_predictivity,98,178,0.0037471881255630867,,"[3162.277660168379, 3162.277660168379, 3162.277660168379, 3162.277660168379, 3162.277660168379]",0.03215875935553846,1.0187804584886644,0.9676544244867639,0.9932128630809357
sub-10,VMV3,7AL,test,sub-09,linear_predictivity,98,178,0.018326155290213315,"[0.019624949000200332, 0.018630690777071725, 0.011553172238317772, 0.025307497455154034, 0.016514466980322707]",,,,,
sub-10,VMV3,VVC,train,sub-09,linear_predictivity,98,151,0.05227467728324399,,"[1000.0, 1000.0, 1000.0, 1000.0, 1000.0]",0.10201496333296863,0.9891123296705114,0.8977812702192061,0.9442944162320683
sub-10,VMV3,VVC,test,sub-09,linear_predictivity,98,151,0.1859802470816771,"[0.18505511458292995, 0.1883074774851052, 0.1788089718242576, 0.18153460337489702, 0.1961950681411957]",,,,,
sub-10,VMV3,VMV2,train,sub-09,linear_predictivity,98,119,0.10789604533580423,,"[316.2277660168379, 316.2277660168379, 316.2277660168379, 316.2277660168379, 316.2277660168379]",0.18611635991089232,0.9563668200210594,0.8136753658754063,0.8884650144162963
sub-10,VMV3,VMV2,test,sub-09,linear_predictivity,98,119,0.3228517831622683,"[0.32644152307775864, 0.3363283040047878, 0.31558530321045003, 0.3068174435936978, 0.3290863419246472]",,,,,
sub-10,VMV3,VMV3,train,sub-09,linear_predictivity,98,109,0.08872841786300341,,"[1000.0, 1000.0, 1000.0, 1000.0, 1000.0]",0.14063980201193887,0.9661211977572692,0.859031068639039,0.9057534011290711
sub-10,VMV3,VMV3,test,sub-09,linear_predictivity,98,109,0.2644016835952366,"[0.2621556721357863, 0.2679125168136019, 0.26366566909967, 0.2570194608110415, 0.2712550991160833]",,,,,
sub-10,VMV3,VMV1,train,sub-09,linear_predictivity,98,96,0.06733108648099781,,"[316.2277660168379, 316.2277660168379, 316.2277660168379, 316.2277660168379, 1000.0]",0.144879887158936,0.9774727249242703,0.8547934297337345,0.9287298836048226
sub-10,VMV3,VMV1,test,sub-09,linear_predictivity,98,96,0.22231219570695107,"[0.23091115655412905, 0.23444306249882887, 0.22359382100887312, 0.20828521770904249, 0.21432772076388162]",,,,,
sub-10,VMV3,PHA2,train,sub-09,linear_predictivity,98,17,0.034195499775956255,,"[1000.0, 3162.277660168379, 3162.277660168379, 1000.0, 1000.0]",0.0740942063425946,0.9998788668140157,0.9257691965764471,0.963848515006427
sub-10,VMV3,PHA2,test,sub-09,linear_predictivity,98,17,0.14788465001035006,"[0.15216313872849174, 0.14869097117316912, 0.1336557531772463, 0.14642855194774929, 0.15848483502509397]",,,,,
sub-10,VMV3,PHA3,train,sub-09,linear_predictivity,98,104,0.05950053898840752,,"[1000.0, 1000.0, 1000.0, 1000.0, 1000.0]",0.10805396934212437,0.9833019502589758,0.8917848152597225,0.9377453382122247
sub-10,VMV3,PHA3,test,sub-09,linear_predictivity,98,104,0.22143131150608672,"[0.22424089406510003, 0.22700327854707605, 0.21084760046477674, 0.2161964113537985, 0.22886837309968217]",,,,,
sub-10,VMV3,PH,train,sub-09,linear_predictivity,98,258,0.04605719334333455,,"[1000.0, 1000.0, 1000.0, 1000.0, 1000.0]",0.09870085681398365,0.9913180749076596,0.9010795857266348,0.9502683902697402
sub-10,VMV3,PH,test,sub-09,linear_predictivity,98,258,0.13264997674861884,"[0.13832850110364098, 0.13282597109873712, 0.1258414971408346, 0.12965822826878412, 0.13659568613109743]",,,,,
sub-10,VMV1,V1,train,sub-09,linear_predictivity,42,641,0.004720943978702645,,"[3162.277660168379, 3162.277660168379, 3162.277660168379, 3162.277660168379, 3162.277660168379]",0.024296560305788112,1.0069869203702138,0.9754873716295439,0.991786058923689
sub-10,VMV1,V1,test,sub-09,linear_predictivity,42,641,-0.010092882838340152,"[-0.007674396970681477, -0.008155647325045392, -0.011002298016997486, -0.010260973605128735, -0.01337109827384767]",,,,,
sub-10,VMV1,V2,train,sub-09,linear_predictivity,42,754,0.009546035332114186,,"[1000.0, 1000.0, 1000.0, 1000.0, 1000.0]",0.04398649600502526,1.0035628699479862,0.9557660559112898,0.9862567416804119
sub-10,VMV1,V2,test,sub-09,linear_predictivity,42,754,0.0055110802874061135,"[0.004820646615892606, 0.005725308453370313, 0.009403313569123708, 0.0053317865580985845, 0.0022743462405453536]",,,,,
sub-10,VMV1,V3,train,sub-09,linear_predictivity,42,575,0.014273991174241774,,"[1000.0, 1000.0, 1000.0, 1000.0, 1000.0]",0.048367892238174746,1.0013795011281246,0.9514186165693876,0.9821313842912328
sub-10,VMV1,V3,test,sub-09,linear_predictivity,42,575,0.013525392427053907,"[0.011590589261253736, 0.014722841349614522, 0.015631661261153267, 0.01442208548356353, 0.011259784779684475]",,,,,
sub-10,VMV1,V4,train,sub-09,linear_predictivity,42,616,0.02546109670369063,,"[1000.0, 1000.0, 1000.0, 1000.0, 1000.0]",0.05829195701398987,0.9962339958924069,0.941504929218264,0.9713832891546668
sub-10,VMV1,V4,test,sub-09,linear_predictivity,42,616,0.04089696129632951,"[0.04141704722021388, 0.04384748945879939, 0.037511719474131344, 0.04254738804676982, 0.039161162281733115]",,,,,
sub-10,VMV1,V3A,train,sub-09,linear_predictivity,42,270,0.002514971810438301,,"[3162.277660168379, 1000.0, 3162.277660168379, 1000.0, 1000.0]",0.03376930725219003,1.0066224476357712,0.9659158644078676,0.9923628319731138
sub-10,VMV1,V3A,test,sub-09,linear_predictivity,42,270,-0.024249782849876843,"[-0.0402410868909202, -0.018016681273531267, -0.025091268751572526, -0.02174716730451312, -0.016152710028847113]",,,,,
sub-10,VMV1,V3B,train,sub-09,linear_predictivity,42,148,0.02826957530867752,,"[1000.0, 1000.0, 1000.0, 1000.0, 1000.0]",0.06048357954135678,0.9946755162849055,0.9392989089308033,0.9683372144135699
sub-10,VMV1,V3B,test,sub-09,linear_predictivity,42,148,0.06588234110454097,"[0.06486623741956653, 0.07190119091375659, 0.0592310260582707, 0.0640173036760977, 0.06939594745501333]",,,,,
sub-10,VMV1,V6,train,sub-09,linear_predictivity,42,104,0.008782492840630157,,"[1000.0, 1000.0, 1000.0, 1000.0, 1000.0]",0.04521455902629028,1.0029499719768076,0.954492395766301,0.9863413824505767
sub-10,VMV1,V6,test,sub-09,linear_predictivity,42,104,0.010928395078067175,"[0.006433938523482059, 0.011705138518435953, 0.014227072918902064, 0.009217900392817635, 0.013057925036698172]",,,,,
sub-10,VMV1,V6A,train,sub-09,linear_predictivity,42,85,0.018786711054913793,,"[1000.0, 1000.0, 1000.0, 1000.0, 1000.0]",0.05393365674755409,0.9992525403068468,0.9458264232476905,0.9774193728279309
sub-10,VMV1,V6A,test,sub-09,linear_predictivity,42,85,0.04157819056428812,"[0.03717088202518629, 0.04662169242785083, 0.03743423377624724, 0.04246645676819229, 0.04419768782396395]",,,,,
sub-10,VMV1,V7,train,sub-09,linear_predictivity,42,87,0.017718644605861852,,"[1000.0, 1000.0, 1000.0, 1000.0, 1000.0]",0.050567411474584344,1.000301377104276,0.9492436926540652,0.979209841992337
sub-10,VMV1,V7,test,sub-09,linear_predictivity,42,87,0.0046295344869857116,"[-0.004228099478980117, 0.013251011607963863, 0.0013181128099909124, 0.007803679907641683, 0.005002967588312217]",,,,,
sub-10,VMV1,V8,train,sub-09,linear_predictivity,42,101,0.018001772324019318,,"[1000.0, 1000.0, 1000.0, 1000.0, 1000.0]",0.05164475263891233,0.9997039056857829,0.9481262908319161,0.9783364474833045
sub-10,VMV1,V8,test,sub-09,linear_predictivity,42,101,0.025490048278367223,"[0.028448278487398004, 0.022744394803468675, 0.023179820756409862, 0.02737975934886374, 0.025697987995695826]",,,,,
sub-10,VMV1,FFC,train,sub-09,linear_predictivity,42,263,0.07288874122540717,,"[316.2277660168379, 316.2277660168379, 316.2277660168379, 316.2277660168379, 316.2277660168379]",0.12419676775242483,0.9718029347840531,0.8755541843641431,0.922989457328051
sub-10,VMV1,FFC,test,sub-09,linear_predictivity,42,263,0.1836063941031006,"[0.1843631245462711, 0.174020655859665, 0.1847199201106596, 0.1845558874310921, 0.19037238256781505]",,,,,
sub-10,VMV1,PIT,train,sub-09,linear_predictivity,42,123,0.06709527046069487,,"[316.2277660168379, 1000.0, 316.2277660168379, 316.2277660168379, 316.2277660168379]",0.11534962153943781,0.9742357796815924,0.8843968257742496,0.9292379087830183
sub-10,VMV1,PIT,test,sub-09,linear_predictivity,42,123,0.1517310099841649,"[0.16091920422651948, 0.11706390460706723, 0.1594688064101007, 0.15810510119181598, 0.1630980334853211]",,,,,
sub-10,VMV1,IPS1,train,sub-09,linear_predictivity,42,243,0.013332539509206083,,"[1000.0, 1000.0, 1000.0, 1000.0, 1000.0]",0.04680085093336593,1.0014890332421562,0.9530302391309255,0.9839679968957146
sub-10,VMV1,IPS1,test,sub-09,linear_predictivity,42,243,0.026322137073299445,"[0.024222056718338245, 0.03282631231003996, 0.02382680234467533, 0.021325846940437, 0.0294096670530067]",,,,,
sub-10,VMV1,MST,train,sub-09,linear_predictivity,42,149,0.05794388790151212,,"[316.2277660168379, 316.2277660168379, 1000.0, 316.2277660168379, 1000.0]",0.10701476565569372,0.9766302125829924,0.892703574445244,0.937466792229752
sub-10,VMV1,MST,test,sub-09,linear_predictivity,42,149,0.06636382660541952,"[0.05417670170739146, 0.0739375210210003, 0.062471827268027524, 0.07404823697014046, 0.06718484606053782]",,,,,
sub-10,VMV1,MT,train,sub-09,linear_predictivity,42,100,0.10887876808301658,,"[316.2277660168379, 316.2277660168379, 316.2277660168379, 316.2277660168379, 316.2277660168379]",0.1554376869877026,0.956323002196451,0.8443220075233986,0.8869586142122978
sub-10,VMV1,MT,test,sub-09,linear_predictivity,42,100,0.16112000761691309,"[0.14413755922745247, 0.1604599187247514, 0.16168977645160862, 0.17124018769532612, 0.1680725959854268]",,,,,
sub-10,VMV1,FST,train,sub-09,linear_predictivity,42,156,0.039774804103921174,,"[316.2277660168379, 316.2277660168379, 1000.0, 316.2277660168379, 316.2277660168379]",0.08742384561480439,0.9883858208201582,0.9123515666106682,0.9573290674745658
sub-10,VMV1,FST,test,sub-09,linear_predictivity,42,156,0.09542624377239659,"[0.09743494038557568, 0.10475429200109765, 0.07904465130552975, 0.09557441011423536, 0.10032292505554448]",,,,,
sub-10,VMV1,LO1,train,sub-09,linear_predictivity,42,79,0.008734904271592382,,"[1000.0, 1000.0, 3162.277660168379, 3162.277660168379, 1000.0]",0.035315143115082895,1.004733148690041,0.9646330408561845,0.9894635594487905
sub-10,VMV1,LO1,test,sub-09,linear_predictivity,42,79,-0.007134206749304535,"[-0.011571549709654867, -0.000475591565376967, -0.01267607378071797, -0.007509423497930154, -0.003438395192842715]",,,,,
sub-10,VMV1,LO2,train,sub-09,linear_predictivity,42,80,0.04274222423537933,,"[1000.0, 1000.0, 1000.0, 1000.0, 1000.0]",0.07435369651402876,0.9876805901993034,0.9255416518249258,0.9554621292419363
sub-10,VMV1,LO2,test,sub-09,linear_predictivity,42,80,0.06330849407337229,"[0.06333439558078906, 0.06453640858133611, 0.060457412250554746, 0.06391717413130577, 0.06429707982287577]",,,,,
sub-10,VMV1,LO3,train,sub-09,linear_predictivity,42,125,0.06375231186955652,,"[316.2277660168379, 316.2277660168379, 1000.0, 316.2277660168379, 1000.0]",0.11042190969423264,0.9752070222973245,0.8892785004650824,0.9315988626720554
sub-10,VMV1,LO3,test,sub-09,linear_predictivity,42,125,0.12747262962357436,"[0.12698431126082324, 0.1309217115308271, 0.11562406430262144, 0.14941125548039744, 0.11442180554320265]",,,,,
sub-10,VMV1,V7,train,sub-09,linear_predictivity,42,87,0.017718644605861852,,"[1000.0, 1000.0, 1000.0, 1000.0, 1000.0]",0.050567411474584344,1.000301377104276,0.9492436926540652,0.979209841992337
sub-10,VMV1,V7,test,sub-09,linear_predictivity,42,87,0.0046295344869857116,"[-0.004228099478980117, 0.013251011607963863, 0.0013181128099909124, 0.007803679907641683, 0.005002967588312217]",,,,,
sub-10,VMV1,IP0,train,sub-09,linear_predictivity,42,198,0.025319748826499528,,"[1000.0, 316.2277660168379, 1000.0, 1000.0, 1000.0]",0.06467638367424429,0.993711868036949,0.9350502711932819,0.9711501311605781
sub-10,VMV1,IP0,test,sub-09,linear_predictivity,42,198,0.05312660922867961,"[0.05052865479004225, 0.07496204097772495, 0.03813529327516061, 0.04490457595017614, 0.057102481150294114]",,,,,
sub-10,VMV1,IP1,train,sub-09,linear_predictivity,42,114,-0.000795947590585204,,"[3162.277660168379, 3162.277660168379, 3162.277660168379, 3162.277660168379, 3162.277660168379]",0.02274099591674188,1.0071735699153466,0.976922802921524,0.9951345096038084
sub-10,VMV1,IP1,test,sub-09,linear_predictivity,42,114,-0.014733532498956276,"[-0.010835500339775567, -0.01699764963790531, -0.023395855086154375, -0.01901809048111588, -0.0034205669498302486]",,,,,
sub-10,VMV1,MIP,train,sub-09,linear_predictivity,42,280,0.011058363470082412,,"[1000.0, 1000.0, 1000.0, 1000.0, 1000.0]",0.0486886764268797,1.0006536080536526,0.9510731391439672,0.985000687075442
sub-10,VMV1,MIP,test,sub-09,linear_predictivity,42,280,0.0558276470142024,"[0.054078332156606734, 0.0619247898245515, 0.04690306141566513, 0.056587157201919626, 0.05964489447226899]",,,,,
sub-10,VMV1,VIP,train,sub-09,linear_predictivity,42,180,0.009406487294599903,,"[1000.0, 1000.0, 1000.0, 1000.0, 1000.0]",0.04520933186849881,1.0017001168202584,0.9545871434844516,0.9870593957100005
sub-10,VMV1,VIP,test,sub-09,linear_predictivity,42,180,0.0412830785345633,"[0.03758897236220674, 0.05238471496790164, 0.037868494931430394, 0.037843193406688576, 0.04073001700458915]",,,,,
sub-10,VMV1,LIPd,train,sub-09,linear_predictivity,42,69,-0.011045249102568945,,"[10000.0, 3162.277660168379, 10000.0, 3162.277660168379, 3162.277660168379]",0.015592135877349858,1.0108826198776515,0.9839384300597024,1.0031877632903536
sub-10,VMV1,LIPd,test,sub-09,linear_predictivity,42,69,-0.005324109080581517,"[-0.006502557423762358, -0.004755096889180761, -0.016195548698469304, -0.016470519304795934, 0.017303176913300772]",,,,,
sub-10,VMV1,LIPv,train,sub-09,linear_predictivity,42,239,-0.004194383498018124,,"[3162.277660168379, 3162.277660168379, 10000.0, 3162.277660168379, 3162.277660168379]",0.018865172364564697,1.0104541182073927,0.9808368712370669,0.9997775603289965
sub-10,VMV1,LIPv,test,sub-09,linear_predictivity,42,239,-0.0050779223161269245,"[-0.002107969494955606, -0.0014386771137672818, -0.017026774349722506, -0.0040845558491991035, -0.0007316347729901248]",,,,,
sub-10,VMV1,AIP,train,sub-09,linear_predictivity,42,275,0.0001808941227892258,,"[3162.277660168379, 3162.277660168379, 3162.277660168379, 3162.277660168379, 3162.277660168379]",0.02054469697831936,1.010620347363643,0.9792341115355093,0.996141129122679
sub-10,VMV1,AIP,test,sub-09,linear_predictivity,42,275,0.018156071273811636,"[0.01780990247418785, 0.020195545397853606, 0.01777893879610929, 0.013756251964244985, 0.021239717736662438]",,,,,
sub-10,VMV1,7Pm,train,sub-09,linear_predictivity,42,17,-0.004172634596826871,,"[3162.277660168379, 10000.0, 10000.0, 31622.776601683796, 10000.0]",0.008979124070001,1.014081893154572,0.9908559807773596,1.0006719612845292
sub-10,VMV1,7Pm,test,sub-09,linear_predictivity,42,17,0.0035769246525054173,"[0.0032102201258505415, 0.0036946053451365544, 0.004837499957592587, 0.00038030822694347296, 0.0057619896070039275]",,,,,
sub-10,VMV1,7PL,train,sub-09,linear_predictivity,42,133,0.032982441113978606,,"[1000.0, 1000.0, 1000.0, 1000.0, 1000.0]",0.06665488432670377,0.9915073137726926,0.9331502927662824,0.9636263555463442
sub-10,VMV1,7PL,test,sub-09,linear_predictivity,42,133,0.10613383737455358,"[0.10046546349832411, 0.11348892385646696, 0.10391836895724568, 0.1066235055076839, 0.10617292505304722]",,,,,
sub-10,VMV1,7PC,train,sub-09,linear_predictivity,42,315,0.0054054104881027494,,"[1000.0, 1000.0, 1000.0, 1000.0, 1000.0]",0.0397653702841204,1.0053632509905257,0.960000611862714,0.9907606449507069
sub-10,VMV1,7PC,test,sub-09,linear_predictivity,42,315,0.029478667429828298,"[0.021437547209882786, 0.036560421834505266, 0.03444414620298787, 0.025696144377755446, 0.029255077524010124]",,,,,
sub-10,VMV1,7Am,train,sub-09,linear_predictivity,42,228,0.008116113147800474,,"[3162.277660168379, 1000.0, 3162.277660168379, 3162.277660168379, 3162.277660168379]",0.03439799832143057,1.0027819096228594,0.9653842011525102,0.9885266664323973
sub-10,VMV1,7Am,test,sub-09,linear_predictivity,42,228,0.0306566032778161,"[0.02615267399356942, 0.04134385003833551, 0.027532487188953972, 0.030749670474495748, 0.027504334693725877]",,,,,
sub-10,VMV1,7AL,train,sub-09,linear_predictivity,42,178,-0.0010137909232573994,,"[1000.0, 1000.0, 3162.277660168379, 1000.0, 3162.277660168379]",0.028386869932109628,1.0073392170083466,0.9714070042782958,0.9980619364276084
sub-10,VMV1,7AL,test,sub-09,linear_predictivity,42,178,-0.014598953137664206,"[-0.012054254028491135, -0.008861405701816894, -0.020661716403039557, -0.013136231012914704, -0.018281158542058737]",,,,,
sub-10,VMV1,VVC,train,sub-09,linear_predictivity,42,151,0.02409695924059442,,"[1000.0, 1000.0, 1000.0, 1000.0, 1000.0]",0.05685391462544863,0.9967611473243316,0.9429365260634839,0.9725329408047235
sub-10,VMV1,VVC,test,sub-09,linear_predictivity,42,151,0.0673121559011284,"[0.07067190316320861, 0.06833704137376861, 0.060536764530231005, 0.0640987872448571, 0.07291628319357674]",,,,,
sub-10,VMV1,VMV2,train,sub-09,linear_predictivity,42,119,0.10412370927217184,,"[1000.0, 1000.0, 316.2277660168379, 1000.0, 1000.0]",0.13925701150520609,0.9559504750418858,0.8605663370472488,0.8930086650500895
sub-10,VMV1,VMV2,test,sub-09,linear_predictivity,42,119,0.2457275331188577,"[0.23672983478435544, 0.24971288618709084, 0.2636812535079443, 0.23689754630223947, 0.24161614481265858]",,,,,
sub-10,VMV1,VMV3,train,sub-09,linear_predictivity,42,109,0.03412210267230876,,"[1000.0, 1000.0, 1000.0, 1000.0, 1000.0]",0.068267020232678,0.9909723129535848,0.9314605060768241,0.9616758095359585
sub-10,VMV1,VMV3,test,sub-09,linear_predictivity,42,109,0.05317914238296427,"[0.05762673074231928, 0.05517515136897737, 0.048150073257960016, 0.05146199387021088, 0.05348176267535384]",,,,,
sub-10,VMV1,VMV1,train,sub-09,linear_predictivity,42,96,0.08629662254526074,,"[1000.0, 1000.0, 1000.0, 1000.0, 1000.0]",0.11774779618761422,0.9652139728607537,0.8820704888227967,0.9106052018332396
sub-10,VMV1,VMV1,test,sub-09,linear_predictivity,42,96,0.2310875753844142,"[0.22765328822657624, 0.2359718654319193, 0.23357485549924162, 0.22792041770346752, 0.23031745006086635]",,,,,
sub-10,VMV1,PHA2,train,sub-09,linear_predictivity,42,17,0.03910027967838492,,"[1000.0, 1000.0, 1000.0, 1000.0, 1000.0]",0.0686318321847382,0.9910503618802883,0.9312548006412715,0.959015158888203
sub-10,VMV1,PHA2,test,sub-09,linear_predictivity,42,17,0.11681134816382835,"[0.11088855469769739, 0.11918904642156755, 0.11803898905695544, 0.11859153559176291, 0.1173486150511585]",,,,,
sub-10,VMV1,PHA3,train,sub-09,linear_predictivity,42,104,0.05787179697906083,,"[1000.0, 1000.0, 1000.0, 1000.0, 1000.0]",0.08817945318497424,0.9805705878838227,0.9116501446241395,0.9393711573091847
sub-10,VMV1,PHA3,test,sub-09,linear_predictivity,42,104,0.14982818200472534,"[0.14781153268304895, 0.1530833147658475, 0.1480033898855457, 0.14866582198308362, 0.1515768507061009]",,,,,
sub-10,VMV1,PH,train,sub-09,linear_predictivity,42,258,0.0363159512556143,,"[1000.0, 316.2277660168379, 1000.0, 316.2277660168379, 1000.0]",0.08038786644570091,0.9881717279555288,0.9193972113165323,0.9597508457368337
sub-10,VMV1,PH,test,sub-09,linear_predictivity,42,258,0.08300344142756436,"[0.0819406415649993, 0.08821861744900002, 0.07279682797548344, 0.09385541728918437, 0.07820570285915468]",,,,,
sub-10,PHA2,V1,train,sub-09,linear_predictivity,21,641,-0.0020298559911899132,,"[3162.277660168379, 3162.277660168379, 3162.277660168379, 3162.277660168379, 3162.277660168379]",0.011078869902959788,1.0052939176307234,0.9887037454443736,0.9985114031235881
sub-10,PHA2,V1,test,sub-09,linear_predictivity,21,641,-0.026710507882860234,"[-0.022707304017322225, -0.02503501416973216, -0.0283664355122607, -0.02708772780245669, -0.03035605791252941]",,,,,
sub-10,PHA2,V2,train,sub-09,linear_predictivity,21,754,-0.0017475483019813052,,"[3162.277660168379, 3162.277660168379, 3162.277660168379, 3162.277660168379, 3162.277660168379]",0.01290347236027696,1.0041439397826228,0.9868554915597458,0.9977324603729414
sub-10,PHA2,V2,test,sub-09,linear_predictivity,21,754,-0.02395909242722455,"[-0.024199221569387083, -0.02454692256599192, -0.021000635499746335, -0.023479431934178153, -0.02656925056681924]",,,,,
sub-10,PHA2,V3,train,sub-09,linear_predictivity,21,575,-0.0022878951546790906,,"[3162.277660168379, 3162.277660168379, 3162.277660168379, 3162.277660168379, 3162.277660168379]",0.01102969481216343,1.0056320417058406,0.9887546776966939,0.998734831047909
sub-10,PHA2,V3,test,sub-09,linear_predictivity,21,575,-0.02708577575440302,"[-0.028025658469544898, -0.02767940054608094, -0.024326751093324474, -0.026734190317412726, -0.02866287834565207]",,,,,
sub-10,PHA2,V4,train,sub-09,linear_predictivity,21,616,0.0014533073192352088,,"[3162.277660168379, 3162.277660168379, 3162.277660168379, 3162.277660168379, 3162.277660168379]",0.013765293753318447,1.00443805825635,0.9860491619810908,0.9955672781663868
sub-10,PHA2,V4,test,sub-09,linear_predictivity,21,616,-0.022710594610448935,"[-0.021903730302757163, -0.02389199147628381, -0.019185172375774502, -0.02418605213738715, -0.024386026760042055]",,,,,
sub-10,PHA2,V3A,train,sub-09,linear_predictivity,21,270,-0.005871325196279455,,"[3162.277660168379, 3162.277660168379, 3162.277660168379, 3162.277660168379, 3162.277660168379]",0.010622979308451708,1.0051137005169135,0.9890634745478526,1.0006782363509221
sub-10,PHA2,V3A,test,sub-09,linear_predictivity,21,270,-0.054632360207699474,"[-0.06721920203718924, -0.049352888056156674, -0.047332659097775294, -0.05862424784101758, -0.050632804006358556]",,,,,
sub-10,PHA2,V3B,train,sub-09,linear_predictivity,21,148,0.013507160181149336,,"[1000.0, 316.2277660168379, 1000.0, 1000.0, 316.2277660168379]",0.036606213385094205,0.9964545801475315,0.9630923658639705,0.9828162540267827
sub-10,PHA2,V3B,test,sub-09,linear_predictivity,21,148,0.021870383899694715,"[0.018319720895822074, 0.029978561548701394, 0.014321675560201726, 0.01745082120196636, 0.029281140291782016]",,,,,
sub-10,PHA2,V6,train,sub-09,linear_predictivity,21,104,-0.004853445659792616,,"[1000.0, 1000.0, 3162.277660168379, 3162.277660168379, 1000.0]",0.017276965414860963,1.0031849814637808,0.9824320905076724,1.00024553985779
sub-10,PHA2,V6,test,sub-09,linear_predictivity,21,104,-0.02072100774425197,"[-0.029225645882488695, -0.018371029648342, -0.015160774391326745, -0.02175790619049717, -0.01908968260860523]",,,,,
sub-10,PHA2,V6A,train,sub-09,linear_predictivity,21,85,0.012069893711813728,,"[1000.0, 1000.0, 1000.0, 1000.0, 1000.0]",0.031037455719657735,0.9974861244493963,0.9687223059325429,0.9838025454228916
sub-10,PHA2,V6A,test,sub-09,linear_predictivity,21,85,0.02353415654713878,"[0.019224609671969307, 0.027047911242845297, 0.02211461760183135, 0.023255229972535058, 0.026028414246512872]",,,,,
sub-10,PHA2,V7,train,sub-09,linear_predictivity,21,87,0.0014942559798820948,,"[1000.0, 3162.277660168379, 1000.0, 3162.277660168379, 1000.0]",0.018395385762589707,1.0025825280004188,0.9813683177367164,0.994629994874472
sub-10,PHA2,V7,test,sub-09,linear_predictivity,21,87,-0.030560964924240437,"[-0.03134509913532711, -0.027808019868771967, -0.03360295499637662, -0.03560661724829657, -0.024442133372429932]",,,,,
sub-10,PHA2,V8,train,sub-09,linear_predictivity,21,101,-0.0027358105148769193,,"[3162.277660168379, 3162.277660168379, 1000.0, 3162.277660168379, 1000.0]",0.014963367085115548,1.0044249112222852,0.9848172641547205,0.9992773703690686
sub-10,PHA2,V8,test,sub-09,linear_predictivity,21,101,-0.026524404132383057,"[-0.027849108061393305, -0.0381208207111283, -0.014196576863771855, -0.03371060421444336, -0.018744910811178468]",,,,,
sub-10,PHA2,FFC,train,sub-09,linear_predictivity,21,263,0.014572916596973275,,"[1000.0, 1000.0, 1000.0, 1000.0, 1000.0]",0.035766462664882204,0.9961392779073097,0.9639958936833697,0.9815998463981334
sub-10,PHA2,FFC,test,sub-09,linear_predictivity,21,263,0.05587614260698702,"[0.06366332791796832, 0.04686140345766976, 0.05363554796655586, 0.05661861649144349, 0.05860181720129772]",,,,,
sub-10,PHA2,PIT,train,sub-09,linear_predictivity,21,123,0.012603435217285075,,"[1000.0, 1000.0, 1000.0, 1000.0, 1000.0]",0.033512549261996406,0.997510568095864,0.9662472183114528,0.9836652778327531
sub-10,PHA2,PIT,test,sub-09,linear_predictivity,21,123,0.03808930900191713,"[0.045033156133481515, 0.030150313095219265, 0.03640665016199521, 0.04017269867330395, 0.0386837269455857]",,,,,
sub-10,PHA2,IPS1,train,sub-09,linear_predictivity,21,243,0.010313641612139447,,"[316.2277660168379, 316.2277660168379, 316.2277660168379, 1000.0, 316.2277660168379]",0.03541553103450381,0.9985496257348888,0.9643867656345687,0.9867016103747901
sub-10,PHA2,IPS1,test,sub-09,linear_predictivity,21,243,0.007614867178375295,"[0.005063265217834148, 0.01205863022037698, 0.00748641810791386, 0.0014344362333074396, 0.012031586112444044]",,,,,
sub-10,PHA2,MST,train,sub-09,linear_predictivity,21,149,0.015325131385198549,,"[1000.0, 1000.0, 316.2277660168379, 1000.0, 1000.0]",0.038634997987341664,0.9940837493215214,0.9611451140839289,0.9802847818402822
sub-10,PHA2,MST,test,sub-09,linear_predictivity,21,149,0.028898276204858152,"[0.026528731927003325, 0.02549303307758819, 0.02600921891496046, 0.02828453550245079, 0.038175861602288017]",,,,,
sub-10,PHA2,MT,train,sub-09,linear_predictivity,21,100,0.010668280199181262,,"[1000.0, 1000.0, 1000.0, 1000.0, 1000.0]",0.033154173958314465,0.996985718721389,0.9666159682700204,0.9857067284167605
sub-10,PHA2,MT,test,sub-09,linear_predictivity,21,100,0.027434890848160542,"[0.028027167070783596, 0.02241391570785963, 0.017889487623906023, 0.02888499811945431, 0.039958885718799166]",,,,,
sub-10,PHA2,FST,train,sub-09,linear_predictivity,21,156,0.03477250344897858,,"[316.2277660168379, 316.2277660168379, 316.2277660168379, 316.2277660168379, 316.2277660168379]",0.060314594930197994,0.9877746058419647,0.939510876979706,0.9622558310381131
sub-10,PHA2,FST,test,sub-09,linear_predictivity,21,156,0.07635325238376847,"[0.0767910307298018, 0.07456142732693026, 0.07587967691316248, 0.07571131471468828, 0.07882281223425952]",,,,,
sub-10,PHA2,LO1,train,sub-09,linear_predictivity,21,79,0.00011424937804623913,,"[3162.277660168379, 10000.0, 3162.277660168379, 3162.277660168379, 3162.277660168379]",0.009962623473897808,1.0059302943363102,0.9899448421515153,0.9980802726353893
sub-10,PHA2,LO1,test,sub-09,linear_predictivity,21,79,-0.029416068629774007,"[-0.03322365025068328, -0.03678159703803988, -0.02603755906775294, -0.025099128904110684, -0.02593840788828322]",,,,,
sub-10,PHA2,LO2,train,sub-09,linear_predictivity,21,80,0.01713461001959419,,"[1000.0, 1000.0, 1000.0, 1000.0, 1000.0]",0.0342975858205075,0.9971687953595975,0.9655756266257207,0.9807024738566085
sub-10,PHA2,LO2,test,sub-09,linear_predictivity,21,80,0.03473257619110833,"[0.03701380014104584, 0.033193390469451224, 0.030787679924454803, 0.03546590986292396, 0.037202100557665804]",,,,,
sub-10,PHA2,LO3,train,sub-09,linear_predictivity,21,125,-0.0008519071021978815,,"[1000.0, 3162.277660168379, 3162.277660168379, 3162.277660168379, 3162.277660168379]",0.017392218887551214,1.0031136327748984,0.9823516747185137,0.9967934375127505
sub-10,PHA2,LO3,test,sub-09,linear_predictivity,21,125,-0.0020361901158322845,"[0.0073390721644446865, -0.009048772742134732, -0.004523942550947574, -0.0006283184803946478, -0.0033189889701291555]",,,,,
sub-10,PHA2,V7,train,sub-09,linear_predictivity,21,87,0.0014942559798820948,,"[1000.0, 3162.277660168379, 1000.0, 3162.277660168379, 1000.0]",0.018395385762589707,1.0025825280004188,0.9813683177367164,0.994629994874472
sub-10,PHA2,V7,test,sub-09,linear_predictivity,21,87,-0.030560964924240437,"[-0.03134509913532711, -0.027808019868771967, -0.03360295499637662, -0.03560661724829657, -0.024442133372429932]",,,,,
sub-10,PHA2,IP0,train,sub-09,linear_predictivity,21,198,0.02529668696014577,,"[316.2277660168379, 316.2277660168379, 316.2277660168379, 316.2277660168379, 316.2277660168379]",0.050701424373393,0.9919122942404652,0.9490346676503046,0.9704597709961407
sub-10,PHA2,IP0,test,sub-09,linear_predictivity,21,198,0.036436904056550166,"[0.0311006734064245, 0.04146713027395742, 0.03545021944847305, 0.031896934562770006, 0.04226956259112587]",,,,,
sub-10,PHA2,IP1,train,sub-09,linear_predictivity,21,114,0.0014931883216067073,,"[1000.0, 1000.0, 1000.0, 1000.0, 1000.0]",0.0224521060270537,1.0026723775426838,0.9771733378341937,0.9924378729722241
sub-10,PHA2,IP1,test,sub-09,linear_predictivity,21,114,0.008827358256435375,"[0.011024193553137331, 0.009632335962980234, 0.008329602948321557, 6.938791918192521e-05, 0.015081270898555824]",,,,,
sub-10,PHA2,MIP,train,sub-09,linear_predictivity,21,280,0.012771230308043583,,"[1000.0, 1000.0, 1000.0, 1000.0, 1000.0]",0.031706764247743754,0.997495820449658,0.9680351641366558,0.9831710697708413
sub-10,PHA2,MIP,test,sub-09,linear_predictivity,21,280,0.04822901810028652,"[0.047095090197804355, 0.05231046662025949, 0.04861862430784718, 0.04395800768428135, 0.04916290169124022]",,,,,
sub-10,PHA2,VIP,train,sub-09,linear_predictivity,21,180,0.006251783778728625,,"[1000.0, 1000.0, 1000.0, 1000.0, 1000.0]",0.024764609887104605,1.0004608283452796,0.9749975206350753,0.9899058627888282
sub-10,PHA2,VIP,test,sub-09,linear_predictivity,21,180,0.013201750330374074,"[0.01304952619008686, 0.020259484439409343, 0.010383628707198233, 0.012647915572899172, 0.009668196742276754]",,,,,
sub-10,PHA2,LIPd,train,sub-09,linear_predictivity,21,69,-0.008972338827630731,,"[3162.277660168379, 3162.277660168379, 3162.277660168379, 10000.0, 3162.277660168379]",0.0088917927778332,1.0062710119729679,0.9906358546342242,1.0013256226003988
sub-10,PHA2,LIPd,test,sub-09,linear_predictivity,21,69,-0.02543054069275167,"[-0.0164175732681899, -0.023400258113733793, -0.02102556235681188, -0.049197733795247243, -0.01711157592977553]",,,,,
sub-10,PHA2,LIPv,train,sub-09,linear_predictivity,21,239,-0.00549442876468475,,"[10000.0, 3162.277660168379, 3162.277660168379, 10000.0, 3162.277660168379]",0.00778125831011299,1.0060797662707632,0.9919615552308028,1.0011882519085444
sub-10,PHA2,LIPv,test,sub-09,linear_predictivity,21,239,-0.02230995485482857,"[-0.020816960870774132, -0.019895482166937234, -0.016475513626337236, -0.0345118028286814, -0.019850014781412836]",,,,,
sub-10,PHA2,AIP,train,sub-09,linear_predictivity,21,275,-0.0007783871456942766,,"[1000.0, 1000.0, 1000.0, 3162.277660168379, 1000.0]",0.02021298242673723,1.0027433483931252,0.9795370985993106,0.9970175907801041
sub-10,PHA2,AIP,test,sub-09,linear_predictivity,21,275,0.015062478148221623,"[0.016249633741304594, 0.020975417067003236, 0.017714585781985516, 0.007113730119906523, 0.013259024030908237]",,,,,
sub-10,PHA2,7Pm,train,sub-09,linear_predictivity,21,17,-0.002076316800961732,,"[1000.0, 3162.277660168379, 3162.277660168379, 10000.0, 1000.0]",0.01273697467497012,1.0056484330042799,0.9871004143556121,0.9985310438995756
sub-10,PHA2,7Pm,test,sub-09,linear_predictivity,21,17,0.012766738503279484,"[0.01512947684338621, 0.015226626022307524, 0.01295424060446436, 0.004912099143333048, 0.015611249902906273]",,,,,
sub-10,PHA2,7PL,train,sub-09,linear_predictivity,21,133,0.02668021777816657,,"[1000.0, 316.2277660168379, 1000.0, 316.2277660168379, 1000.0]",0.048208403791525835,0.9900871157592379,0.9515508596773362,0.9693159431294388
sub-10,PHA2,7PL,test,sub-09,linear_predictivity,21,133,0.0886486790470107,"[0.07967732658591485, 0.1039826878472661, 0.0823639656632848, 0.09721881845557215, 0.08000059668301555]",,,,,
sub-10,PHA2,7PC,train,sub-09,linear_predictivity,21,315,0.0024146347079177792,,"[1000.0, 1000.0, 1000.0, 3162.277660168379, 1000.0]",0.02213242039140473,1.001096272415262,0.9776042391455423,0.9936272431012678
sub-10,PHA2,7PC,test,sub-09,linear_predictivity,21,315,0.02388940166745729,"[0.022186250191116412, 0.028731706232688323, 0.030922947111422686, 0.013509204839216905, 0.02409689996284211]",,,,,
sub-10,PHA2,7Am,train,sub-09,linear_predictivity,21,228,0.00840877870334201,,"[1000.0, 1000.0, 1000.0, 1000.0, 1000.0]",0.02844852925940758,0.9998658324994933,0.9713575129113956,0.988309986183266
sub-10,PHA2,7Am,test,sub-09,linear_predictivity,21,228,0.020823220454113032,"[0.0160534041303843, 0.025825150465189035, 0.01918653867367072, 0.025227043739273466, 0.017823965262047634]",,,,,
sub-10,PHA2,7AL,train,sub-09,linear_predictivity,21,178,-0.003636869114467657,,"[10000.0, 10000.0, 10000.0, 31622.776601683796, 3162.277660168379]",0.004424735644120074,1.0059849363015576,0.9953978816500543,1.0006816145724367
sub-10,PHA2,7AL,test,sub-09,linear_predictivity,21,178,-0.028489030290582203,"[-0.026146558750877628, -0.026120788670248692, -0.029684853589422702, -0.033522476678917223, -0.026970473763444754]",,,,,
sub-10,PHA2,VVC,train,sub-09,linear_predictivity,21,151,0.01888328314987046,,"[1000.0, 1000.0, 316.2277660168379, 1000.0, 316.2277660168379]",0.04205427672889722,0.9940109488027277,0.9577196184212671,0.9777148338105391
sub-10,PHA2,VVC,test,sub-09,linear_predictivity,21,151,0.05013228939885193,"[0.045460971495967284, 0.04021463708105561, 0.0583840831885624, 0.04171241108607982, 0.06488934414259451]",,,,,
sub-10,PHA2,VMV2,train,sub-09,linear_predictivity,21,119,0.07902542758036538,,"[316.2277660168379, 316.2277660168379, 316.2277660168379, 316.2277660168379, 316.2277660168379]",0.10624264797282393,0.9645786141809062,0.893563184878863,0.9176995240836046
sub-10,PHA2,VMV2,test,sub-09,linear_predictivity,21,119,0.2175440918310727,"[0.2164091346845905, 0.22115611496581766, 0.21861891635206931, 0.21087146716559355, 0.22066482598729245]",,,,,
sub-10,PHA2,VMV3,train,sub-09,linear_predictivity,21,109,0.023218836214084947,,"[1000.0, 1000.0, 316.2277660168379, 1000.0, 1000.0]",0.0448700222290511,0.9919326020214797,0.9548978946779124,0.9728052093686275
sub-10,PHA2,VMV3,test,sub-09,linear_predictivity,21,109,0.014361055789748759,"[0.010374955734781654, 0.0009937308722237637, 0.040756976911917306, 0.008001728922145176, 0.01167788650767588]",,,,,
sub-10,PHA2,VMV1,train,sub-09,linear_predictivity,21,96,0.0555387007291378,,"[1000.0, 1000.0, 316.2277660168379, 1000.0, 316.2277660168379]",0.08090736547298236,0.974759996079311,0.9189110194383308,0.9410905894083534
sub-10,PHA2,VMV1,test,sub-09,linear_predictivity,21,96,0.1834805682394115,"[0.17281642473674566, 0.18195492734222896, 0.19612361671426584, 0.17093067783087726, 0.19557719457293984]",,,,,
sub-10,PHA2,PHA2,train,sub-09,linear_predictivity,21,17,0.03155574122457486,,"[1000.0, 1000.0, 1000.0, 1000.0, 1000.0]",0.049495652952914804,0.9891332969098705,0.9503845689534678,0.9665072164786783
sub-10,PHA2,PHA2,test,sub-09,linear_predictivity,21,17,0.11772735822684859,"[0.11436285656052873, 0.12141406130539234, 0.1160805045002406, 0.11829387590663218, 0.1184854928614491]",,,,,
sub-10,PHA2,PHA3,train,sub-09,linear_predictivity,21,104,0.03958964076136016,,"[1000.0, 1000.0, 1000.0, 1000.0, 1000.0]",0.058956416993421065,0.9846055306444963,0.9408720212170254,0.9577036908721279
sub-10,PHA2,PHA3,test,sub-09,linear_predictivity,21,104,0.13062351466321598,"[0.12687138687543698, 0.13201156299276373, 0.12928810635002716, 0.13034185345901197, 0.13460466363884002]",,,,,
sub-10,PHA2,PH,train,sub-09,linear_predictivity,21,258,0.016715852534239076,,"[1000.0, 1000.0, 1000.0, 1000.0, 1000.0]",0.03667084396441298,0.9953449276244448,0.9630819513515076,0.9793420494432364
sub-10,PHA2,PH,test,sub-09,linear_predictivity,21,258,0.030896854920710835,"[0.034789001236372345, 0.029553431428751744, 0.028277632813590383, 0.02889620639691342, 0.032968002727926285]",,,,,
sub-10,PHA3,V1,train,sub-09,linear_predictivity,104,641,-0.00015570829054102145,,"[10000.0, 3162.277660168379, 3162.277660168379, 3162.277660168379, 3162.277660168379]",0.03057594138503854,1.022113580719094,0.9692108454908276,0.9967195307279587
sub-10,PHA3,V1,test,sub-09,linear_predictivity,104,641,-0.01989466692764266,"[-0.01759049641751177, -0.021871130313451833, -0.019185273532342867, -0.017606022767173088, -0.02322041160773373]",,,,,
sub-10,PHA3,V2,train,sub-09,linear_predictivity,104,754,0.004535942679917692,,"[3162.277660168379, 3162.277660168379, 3162.277660168379, 3162.277660168379, 3162.277660168379]",0.03850588389820501,1.0170251118560605,0.961256407676451,0.9914521052546448
sub-10,PHA3,V2,test,sub-09,linear_predictivity,104,754,-0.015048447832890405,"[-0.013862265375004122, -0.018508428195436733, -0.008957513269998413, -0.013587332504219873, -0.020326699819792883]",,,,,
sub-10,PHA3,V3,train,sub-09,linear_predictivity,104,575,0.0009502263862385537,,"[10000.0, 3162.277660168379, 3162.277660168379, 10000.0, 3162.277660168379]",0.02903501664513673,1.020770859116772,0.9707571526691009,0.9954773849002155
sub-10,PHA3,V3,test,sub-09,linear_predictivity,104,575,-0.018722031735595397,"[-0.020001836126071804, -0.02047094891525887, -0.013333508381348107, -0.01893611791533849, -0.020867747339959723]",,,,,
sub-10,PHA3,V4,train,sub-09,linear_predictivity,104,616,0.005608584150296698,,"[10000.0, 3162.277660168379, 3162.277660168379, 10000.0, 3162.277660168379]",0.033256762936976506,1.018952993725461,0.9665276165962547,0.991305280307062
sub-10,PHA3,V4,test,sub-09,linear_predictivity,104,616,-0.0007119046077336804,"[-0.004944214608496927, 0.0041781326685736715, 0.005841928840139767, -0.00919713408091657, 0.0005617641420316555]",,,,,
sub-10,PHA3,V3A,train,sub-09,linear_predictivity,104,270,-0.00032193411680064176,,"[3162.277660168379, 3162.277660168379, 3162.277660168379, 10000.0, 3162.277660168379]",0.03250852247050946,1.0197237750821102,0.9671395391788702,0.9950657794825585
sub-10,PHA3,V3A,test,sub-09,linear_predictivity,104,270,-0.03840173513254476,"[-0.05021476985634495, -0.03111360100200436, -0.029881981761686653, -0.04760938528048159, -0.03318893776220623]",,,,,
sub-10,PHA3,V3B,train,sub-09,linear_predictivity,104,148,0.03129658210820673,,"[3162.277660168379, 1000.0, 1000.0, 3162.277660168379, 1000.0]",0.0838982457231852,1.0010970191182487,0.9157648597545854,0.9642493629454696
sub-10,PHA3,V3B,test,sub-09,linear_predictivity,104,148,0.08702587146349641,"[0.07754798002912183, 0.10534155175827792, 0.08026407347249984, 0.0723723816187212, 0.09960337043886129]",,,,,
sub-10,PHA3,V6,train,sub-09,linear_predictivity,104,104,0.010468475839785779,,"[3162.277660168379, 3162.277660168379, 3162.277660168379, 3162.277660168379, 3162.277660168379]",0.04400608260869843,1.01611889155838,0.9557153559976659,0.9849391375799778
sub-10,PHA3,V6,test,sub-09,linear_predictivity,104,104,-0.014217568819632256,"[-0.019155042887724454, -0.017701250017617347, -0.008192750945015152, -0.015316661773033848, -0.01072213847477049]",,,,,
sub-10,PHA3,V6A,train,sub-09,linear_predictivity,104,85,0.017061587420923233,,"[3162.277660168379, 3162.277660168379, 3162.277660168379, 3162.277660168379, 3162.277660168379]",0.048851448372645545,1.0109385487986695,0.9508812517645302,0.9784488061767874
sub-10,PHA3,V6A,test,sub-09,linear_predictivity,104,85,0.03915881175955586,"[0.036936139345364896, 0.044381027127896724, 0.03664078575145281, 0.034521140144734876, 0.04331496642832995]",,,,,
sub-10,PHA3,V7,train,sub-09,linear_predictivity,104,87,0.00816786905708652,,"[3162.277660168379, 3162.277660168379, 3162.277660168379, 3162.277660168379, 3162.277660168379]",0.04063691017536482,1.016743255374504,0.9590940745100938,0.9877620987938979
sub-10,PHA3,V7,test,sub-09,linear_predictivity,104,87,-0.007953790332184827,"[-0.006534546451362235, 0.0011886902650427768, -0.01654939259270679, -0.013775158887290393, -0.004098543994607498]",,,,,
sub-10,PHA3,V8,train,sub-09,linear_predictivity,104,101,0.005696590535859278,,"[3162.277660168379, 3162.277660168379, 3162.277660168379, 3162.277660168379, 3162.277660168379]",0.03817148001892132,1.020374126075545,0.9616224150161653,0.9908134880849175
sub-10,PHA3,V8,test,sub-09,linear_predictivity,104,101,0.0018287614541007535,"[0.006757750792662004, 0.0010597245181997246, 0.002092200944537537, -0.00334313696572929, 0.0025772679808337916]",,,,,
sub-10,PHA3,FFC,train,sub-09,linear_predictivity,104,263,0.040610880319780183,,"[3162.277660168379, 3162.277660168379, 3162.277660168379, 3162.277660168379, 3162.277660168379]",0.07305377613183628,0.9982951657479717,0.9267227720166298,0.955719930915851
sub-10,PHA3,FFC,test,sub-09,linear_predictivity,104,263,0.11348250326762406,"[0.12095151438287993, 0.1070777457664301, 0.11337207498883954, 0.11199199409906425, 0.11401918710090651]",,,,,
sub-10,PHA3,PIT,train,sub-09,linear_predictivity,104,123,0.034151673470646016,,"[3162.277660168379, 3162.277660168379, 3162.277660168379, 3162.277660168379, 3162.277660168379]",0.06715943701998375,1.0036947462311807,0.9326238368605854,0.9623316705769132
sub-10,PHA3,PIT,test,sub-09,linear_predictivity,104,123,0.08680334410177605,"[0.09471295928940564, 0.07896165981880537, 0.08730312613558813, 0.08878880349795241, 0.08425017176712869]",,,,,
sub-10,PHA3,IPS1,train,sub-09,linear_predictivity,104,243,0.02405395286820903,,"[3162.277660168379, 3162.277660168379, 3162.277660168379, 3162.277660168379, 1000.0]",0.06374120486862186,1.008154814615374,0.9359334386163471,0.9725710168006438
sub-10,PHA3,IPS1,test,sub-09,linear_predictivity,104,243,0.05762359839833107,"[0.0591745762241748, 0.06413913415176009, 0.045021278855446184, 0.049191268295055914, 0.07059173446521835]",,,,,
sub-10,PHA3,MST,train,sub-09,linear_predictivity,104,149,0.032152470250104315,,"[1000.0, 1000.0, 1000.0, 3162.277660168379, 1000.0]",0.08934734949566088,1.0003362249379049,0.9104506109789183,0.9630924516814596
sub-10,PHA3,MST,test,sub-09,linear_predictivity,104,149,0.06309150262015281,"[0.07116329910935588, 0.05499939718573027, 0.05784376314772333, 0.05322994831614298, 0.07822110534181168]",,,,,
sub-10,PHA3,MT,train,sub-09,linear_predictivity,104,100,0.02230391048622883,,"[3162.277660168379, 1000.0, 1000.0, 3162.277660168379, 1000.0]",0.07593795790295937,1.0026458084698613,0.9239646269203897,0.9741454451414586
sub-10,PHA3,MT,test,sub-09,linear_predictivity,104,100,0.06680278987101955,"[0.0718898911556256, 0.05322544419595572, 0.06156767369585855, 0.06156300472310904, 0.08576793558454884]",,,,,
sub-10,PHA3,FST,train,sub-09,linear_predictivity,104,156,0.058398567117224576,,"[1000.0, 1000.0, 1000.0, 1000.0, 1000.0]",0.11269455697073864,0.9922285971080796,0.8871164578680777,0.9383520955124224
sub-10,PHA3,FST,test,sub-09,linear_predictivity,104,156,0.13515303565067271,"[0.14174891617156962, 0.1348982474519972, 0.1279585284845308, 0.13149750313190467, 0.1396619830133613]",,,,,
sub-10,PHA3,LO1,train,sub-09,linear_predictivity,104,79,0.004220571664700876,,"[3162.277660168379, 3162.277660168379, 3162.277660168379, 10000.0, 3162.277660168379]",0.03283085570485931,1.0231414097078488,0.9671201143627941,0.9940231066725085
sub-10,PHA3,LO1,test,sub-09,linear_predictivity,104,79,-0.013265218907446035,"[-0.009231952239609317, -0.012983489901191246, -0.012953318102936342, -0.018672233957053988, -0.012485100336439294]",,,,,
sub-10,PHA3,LO2,train,sub-09,linear_predictivity,104,80,0.02932359101645962,,"[3162.277660168379, 3162.277660168379, 3162.277660168379, 3162.277660168379, 3162.277660168379]",0.060672739556271685,1.009497409613561,0.9392042110386392,0.9685446957110944
sub-10,PHA3,LO2,test,sub-09,linear_predictivity,104,80,0.06418535226735243,"[0.06722470871293276, 0.06426482451419224, 0.059483164744127105, 0.06657405214158249, 0.0633800112239276]",,,,,
sub-10,PHA3,LO3,train,sub-09,linear_predictivity,104,125,0.010750395778873621,,"[3162.277660168379, 3162.277660168379, 3162.277660168379, 3162.277660168379, 3162.277660168379]",0.045815967150265605,1.0133068365622648,0.9539297286647622,0.98516602858813
sub-10,PHA3,LO3,test,sub-09,linear_predictivity,104,125,0.026416091428242805,"[0.03359996078814288, 0.014701780379939551, 0.02479205245078898, 0.030491305829596603, 0.028495357692746012]",,,,,
sub-10,PHA3,V7,train,sub-09,linear_predictivity,104,87,0.00816786905708652,,"[3162.277660168379, 3162.277660168379, 3162.277660168379, 3162.277660168379, 3162.277660168379]",0.04063691017536482,1.016743255374504,0.9590940745100938,0.9877620987938979
sub-10,PHA3,V7,test,sub-09,linear_predictivity,104,87,-0.007953790332184827,"[-0.006534546451362235, 0.0011886902650427768, -0.01654939259270679, -0.013775158887290393, -0.004098543994607498]",,,,,
sub-10,PHA3,IP0,train,sub-09,linear_predictivity,104,198,0.04208084971332091,,"[3162.277660168379, 1000.0, 1000.0, 3162.277660168379, 1000.0]",0.09333310798727672,0.9961893667772316,0.9063027357321112,0.9532879624848952
sub-10,PHA3,IP0,test,sub-09,linear_predictivity,104,198,0.1096135071030266,"[0.09953942368386515, 0.13287489798843224, 0.10284957302917454, 0.08832032614396534, 0.1244833146696957]",,,,,
sub-10,PHA3,IP1,train,sub-09,linear_predictivity,104,114,0.006248800120156552,,"[3162.277660168379, 3162.277660168379, 3162.277660168379, 3162.277660168379, 3162.277660168379]",0.04348014824711465,1.0195644084107163,0.9561419000378777,0.9876125645217309
sub-10,PHA3,IP1,test,sub-09,linear_predictivity,104,114,0.022772885995598402,"[0.03182465647198102, 0.025318916221085855, 0.012000639401864016, 0.012450735544511931, 0.0322694823385492]",,,,,
sub-10,PHA3,MIP,train,sub-09,linear_predictivity,104,280,0.027692762557419235,,"[3162.277660168379, 3162.277660168379, 3162.277660168379, 3162.277660168379, 3162.277660168379]",0.06220484418712964,1.0039997163268903,0.9375363672200958,0.9680707113360647
sub-10,PHA3,MIP,test,sub-09,linear_predictivity,104,280,0.10136908166848657,"[0.10418686404069662, 0.11411534410188384, 0.09326817695240133, 0.0945393121024191, 0.10073571114503196]",,,,,
sub-10,PHA3,VIP,train,sub-09,linear_predictivity,104,180,0.021959879980075567,,"[3162.277660168379, 3162.277660168379, 3162.277660168379, 3162.277660168379, 3162.277660168379]",0.055375141750378554,1.0072915064888661,0.9444000775730833,0.9740962093923697
sub-10,PHA3,VIP,test,sub-09,linear_predictivity,104,180,0.0708648337939702,"[0.07597624722680854, 0.0846922255140308, 0.06358143772657408, 0.06616679205668938, 0.06390746644574817]",,,,,
sub-10,PHA3,LIPd,train,sub-09,linear_predictivity,104,69,-0.00809788935261934,,"[10000.0, 3162.277660168379, 3162.277660168379, 10000.0, 10000.0]",0.022989847563190592,1.0249348685553308,0.9766246365461642,1.0003036380020351
sub-10,PHA3,LIPd,test,sub-09,linear_predictivity,104,69,-0.012371229219449092,"[-0.0026724117878996773, -0.004176281684343127, -0.011758219146910187, -0.0364813327129364, -0.0067679007651560725]",,,,,
sub-10,PHA3,LIPv,train,sub-09,linear_predictivity,104,239,0.0005719586986558781,,"[3162.277660168379, 3162.277660168379, 3162.277660168379, 3162.277660168379, 3162.277660168379]",0.03651811107112886,1.0216315883695173,0.9632216919336185,0.9949786928988347
sub-10,PHA3,LIPv,test,sub-09,linear_predictivity,104,239,0.002851182109752414,"[0.008867151018796197, 0.006090828404931501, 0.0032363440503166804, -0.004942322138951885, 0.0010039092136695756]",,,,,
sub-10,PHA3,AIP,train,sub-09,linear_predictivity,104,275,0.008182579969392726,,"[3162.277660168379, 3162.277660168379, 3162.277660168379, 3162.277660168379, 3162.277660168379]",0.04366209669842473,1.0186380871530576,0.9560989120826638,0.9878846467212247
sub-10,PHA3,AIP,test,sub-09,linear_predictivity,104,275,0.05130181619997308,"[0.05497328675572272, 0.05373213220331649, 0.048194704500109924, 0.04552508671162045, 0.054083870829095826]",,,,,
sub-10,PHA3,7Pm,train,sub-09,linear_predictivity,104,17,0.0009192382514296397,,"[3162.277660168379, 3162.277660168379, 3162.277660168379, 10000.0, 10000.0]",0.028748637347360273,1.024043077386977,0.9712054999946933,0.9960419422452388
sub-10,PHA3,7Pm,test,sub-09,linear_predictivity,104,17,0.047808825420681274,"[0.05877667210998251, 0.062283395672177166, 0.04929928793344302, 0.03234851030833417, 0.036336261079469495]",,,,,
sub-10,PHA3,7PL,train,sub-09,linear_predictivity,104,133,0.0429749257524401,,"[3162.277660168379, 3162.277660168379, 3162.277660168379, 3162.277660168379, 3162.277660168379]",0.07389903709223736,0.9951975157475104,0.9258752982639653,0.9531215224226456
sub-10,PHA3,7PL,test,sub-09,linear_predictivity,104,133,0.14735599385496123,"[0.1472865227669706, 0.16176662503508152, 0.14282116151604057, 0.14492067145922702, 0.1399849884974864]",,,,,
sub-10,PHA3,7PC,train,sub-09,linear_predictivity,104,315,0.012576798741799424,,"[3162.277660168379, 3162.277660168379, 3162.277660168379, 3162.277660168379, 3162.277660168379]",0.04756001073744397,1.013191228786829,0.9521835298155079,0.9832275007422263
sub-10,PHA3,7PC,test,sub-09,linear_predictivity,104,315,0.054075614757641464,"[0.05135491848307356, 0.05706786032250867, 0.058847641929881775, 0.048215110022555754, 0.05489254303018756]",,,,,
sub-10,PHA3,7Am,train,sub-09,linear_predictivity,104,228,0.023269813778429384,,"[3162.277660168379, 3162.277660168379, 3162.277660168379, 3162.277660168379, 3162.277660168379]",0.05669558099739254,1.0089409945803798,0.9431232466705902,0.9735106291106057
sub-10,PHA3,7Am,test,sub-09,linear_predictivity,104,228,0.06847592104908923,"[0.0680037417139957, 0.0752379158413656, 0.06604857205472402, 0.06848439282480054, 0.0646049828105603]",,,,,
sub-10,PHA3,7AL,train,sub-09,linear_predictivity,104,178,0.0007206196863098425,,"[3162.277660168379, 3162.277660168379, 3162.277660168379, 3162.277660168379, 10000.0]",0.03071944253977102,1.0237024197685671,0.9690699737580397,0.9962097214444088
sub-10,PHA3,7AL,test,sub-09,linear_predictivity,104,178,-0.0054304909275133375,"[-0.0019834998062962933, 0.005807228779219607, -0.014112862309191704, -0.004397743823452733, -0.012465577477845564]",,,,,
sub-10,PHA3,VVC,train,sub-09,linear_predictivity,104,151,0.035075948813387256,,"[3162.277660168379, 1000.0, 1000.0, 3162.277660168379, 3162.277660168379]",0.07885843555699618,1.0012303180373028,0.9209052839088105,0.9614671695809782
sub-10,PHA3,VVC,test,sub-09,linear_predictivity,104,151,0.11476747544076693,"[0.11008907291235893, 0.1325628074539505, 0.11880701856254751, 0.09998741986463495, 0.11239105841034278]",,,,,
sub-10,PHA3,VMV2,train,sub-09,linear_predictivity,104,119,0.11424276172831811,,"[1000.0, 1000.0, 1000.0, 1000.0, 1000.0]",0.16750441726400195,0.9548096131565386,0.8322937249585939,0.8824316545671109
sub-10,PHA3,VMV2,test,sub-09,linear_predictivity,104,119,0.3012929126664482,"[0.3031552972816336, 0.31189677653116993, 0.2990044777698563, 0.29593079775671083, 0.29647721399287047]",,,,,
sub-10,PHA3,VMV3,train,sub-09,linear_predictivity,104,109,0.04364328660193307,,"[3162.277660168379, 1000.0, 1000.0, 3162.277660168379, 1000.0]",0.09459805126806249,0.9961621183763676,0.9050394900127303,0.9521497544882601
sub-10,PHA3,VMV3,test,sub-09,linear_predictivity,104,109,0.10886054664142202,"[0.09269409024109013, 0.1302213781085121, 0.11779083842204194, 0.08427556643777574, 0.11932085999769025]",,,,,
sub-10,PHA3,VMV1,train,sub-09,linear_predictivity,104,96,0.08012047025036297,,"[1000.0, 1000.0, 1000.0, 1000.0, 1000.0]",0.13605744818822413,0.9736566728749292,0.8637361688001596,0.9162852005250415
sub-10,PHA3,VMV1,test,sub-09,linear_predictivity,104,96,0.2425805958064104,"[0.24095797528656035, 0.2506446838091865, 0.24182005091191475, 0.23802868461124635, 0.24145158441314418]",,,,,
sub-10,PHA3,PHA2,train,sub-09,linear_predictivity,104,17,0.04434930761947694,,"[3162.277660168379, 3162.277660168379, 3162.277660168379, 3162.277660168379, 3162.277660168379]",0.07489698548826443,0.9962707466334944,0.9249864890249858,0.9536738570208643
sub-10,PHA3,PHA2,test,sub-09,linear_predictivity,104,17,0.14701392216454384,"[0.1472168245315501, 0.15115614013267298, 0.14984935173438144, 0.14280593234582795, 0.14404136207828683]",,,,,
sub-10,PHA3,PHA3,train,sub-09,linear_predictivity,104,104,0.06722472427758616,,"[1000.0, 1000.0, 1000.0, 3162.277660168379, 1000.0]",0.11805115906349273,0.9821203017309721,0.881777657067715,0.9302791569808786
sub-10,PHA3,PHA3,test,sub-09,linear_predictivity,104,104,0.20024009800767723,"[0.20460504430359136, 0.20820260379156294, 0.1993839600554405, 0.1870961147495185, 0.20191276713827286]",,,,,
sub-10,PHA3,PH,train,sub-09,linear_predictivity,104,258,0.03313516160106813,,"[3162.277660168379, 3162.277660168379, 3162.277660168379, 3162.277660168379, 3162.277660168379]",0.06591725232107486,1.0038489873822054,0.9338335297913855,0.9628782804028274
sub-10,PHA3,PH,test,sub-09,linear_predictivity,104,258,0.07064575443600267,"[0.08131125381360563, 0.07107407545208376, 0.06318064690107007, 0.06476041610872953, 0.07290237990452444]",,,,,
sub-10,PH,V1,train,sub-09,linear_predictivity,261,641,0.012793918546986787,,"[3162.277660168379, 3162.277660168379, 3162.277660168379, 3162.277660168379, 3162.277660168379]",0.07469122965269336,1.0571104446434547,0.9251127517622534,0.9838184699006568
sub-10,PH,V1,test,sub-09,linear_predictivity,261,641,0.00639357641382462,"[0.005612229397191317, 0.005021070770414752, 0.0053074047743537495, 0.009793410592321647, 0.006233766534841633]",,,,,
sub-10,PH,V2,train,sub-09,linear_predictivity,261,754,0.028737582215978417,,"[3162.277660168379, 3162.277660168379, 3162.277660168379, 3162.277660168379, 3162.277660168379]",0.09166370590520209,1.0425429326360391,0.90809152872431,0.9670673612273916
sub-10,PH,V2,test,sub-09,linear_predictivity,261,754,0.01620833161934887,"[0.012852886651097982, 0.014704026698292965, 0.02178966820133294, 0.018814023716397284, 0.012881052829623176]",,,,,
sub-10,PH,V3,train,sub-09,linear_predictivity,261,575,0.0254260788330942,,"[3162.277660168379, 3162.277660168379, 3162.277660168379, 3162.277660168379, 3162.277660168379]",0.08712577777315658,1.0459846695550419,0.9126471627372931,0.9707742991843112
sub-10,PH,V3,test,sub-09,linear_predictivity,261,575,0.024501334803132664,"[0.01862540853031159, 0.024322345727874735, 0.027421843856927176, 0.027569432889421236, 0.024567643011128574]",,,,,
sub-10,PH,V4,train,sub-09,linear_predictivity,261,616,0.03585842451429535,,"[3162.277660168379, 3162.277660168379, 3162.277660168379, 3162.277660168379, 3162.277660168379]",0.09820083598064083,1.038473582822158,0.9015777944632319,0.9606794650525629
sub-10,PH,V4,test,sub-09,linear_predictivity,261,616,0.058848215747316336,"[0.058575811265731234, 0.06010589569812277, 0.05880172842298896, 0.05832218470056133, 0.05843545864917739]",,,,,
sub-10,PH,V3A,train,sub-09,linear_predictivity,261,270,0.020826513553973632,,"[3162.277660168379, 3162.277660168379, 3162.277660168379, 3162.277660168379, 3162.277660168379]",0.08569984252996929,1.0486790288592467,0.9139988557618697,0.9738239998947179
sub-10,PH,V3A,test,sub-09,linear_predictivity,261,270,0.006128682411678083,"[-0.009468377646470724, 0.003559549173522025, 0.013101637946853938, 0.007821968921138359, 0.015628633663346818]",,,,,
sub-10,PH,V3B,train,sub-09,linear_predictivity,261,148,0.07477891709912826,,"[3162.277660168379, 3162.277660168379, 3162.277660168379, 3162.277660168379, 3162.277660168379]",0.13800088597337945,1.0159870639756803,0.8616638072396731,0.9201851314077251
sub-10,PH,V3B,test,sub-09,linear_predictivity,261,148,0.20169946281588963,"[0.20056698563222766, 0.20700887011580554, 0.19171645594172557, 0.1921001847316495, 0.21710481765803985]",,,,,
sub-10,PH,V6,train,sub-09,linear_predictivity,261,104,0.0374472081834755,,"[3162.277660168379, 3162.277660168379, 3162.277660168379, 3162.277660168379, 3162.277660168379]",0.102874138989353,1.0334841793387926,0.8968716294009192,0.9580714185699544
sub-10,PH,V6,test,sub-09,linear_predictivity,261,104,0.0205033186992528,"[0.019643715938414262, 0.019065820019465256, 0.016481813898427657, 0.019462610028678932, 0.027862633611277905]",,,,,
sub-10,PH,V6A,train,sub-09,linear_predictivity,261,85,0.053887408563992004,,"[3162.277660168379, 1000.0, 3162.277660168379, 3162.277660168379, 3162.277660168379]",0.12662180518462263,1.0253559611040965,0.8728415177286941,0.941053507481659
sub-10,PH,V6A,test,sub-09,linear_predictivity,261,85,0.14431443036256383,"[0.13487335928045127, 0.17798927581904958, 0.13272375218440466, 0.1254493866499914, 0.15053637787892227]",,,,,
sub-10,PH,V7,train,sub-09,linear_predictivity,261,87,0.06173237157734288,,"[3162.277660168379, 1000.0, 3162.277660168379, 1000.0, 1000.0]",0.15829693780182455,1.0180906523511772,0.8410612417080143,0.9331702652428355
sub-10,PH,V7,test,sub-09,linear_predictivity,261,87,0.14970597011101894,"[0.12515267537101296, 0.17892716042439477, 0.11269902929752448, 0.15581961142081557, 0.17593137404134682]",,,,,
sub-10,PH,V8,train,sub-09,linear_predictivity,261,101,0.03273560514404118,,"[3162.277660168379, 3162.277660168379, 3162.277660168379, 3162.277660168379, 3162.277660168379]",0.0956044664500958,1.0423412667611527,0.9041683303057427,0.9634789574891309
sub-10,PH,V8,test,sub-09,linear_predictivity,261,101,0.06862349970650208,"[0.07213494001172867, 0.05728771739607745, 0.07314588982048545, 0.06299280534685515, 0.07755614595736371]",,,,,
sub-10,PH,FFC,train,sub-09,linear_predictivity,261,263,0.16952935798974073,,"[1000.0, 1000.0, 1000.0, 1000.0, 1000.0]",0.2682819087380884,0.9559892005738364,0.7314986849082536,0.826477356190104
sub-10,PH,FFC,test,sub-09,linear_predictivity,261,263,0.38743435301164275,"[0.3923457246140448, 0.38116610301222453, 0.39039164343072347, 0.38957663401865633, 0.3836916599825644]",,,,,
sub-10,PH,PIT,train,sub-09,linear_predictivity,261,123,0.1801755510484038,,"[1000.0, 1000.0, 1000.0, 1000.0, 1000.0]",0.28127014996976785,0.9447639228137605,0.7184862254681507,0.8156568921012501
sub-10,PH,PIT,test,sub-09,linear_predictivity,261,123,0.3792598966225097,"[0.3739495945442722, 0.38165294497096675, 0.3802355444039916, 0.3873767861303852, 0.3730846130629329]",,,,,
sub-10,PH,IPS1,train,sub-09,linear_predictivity,261,243,0.09463801408487935,,"[3162.277660168379, 3162.277660168379, 3162.277660168379, 3162.277660168379, 3162.277660168379]",0.15604354505167034,1.0010035458581412,0.8436825877592694,0.9010391886945841
sub-10,PH,IPS1,test,sub-09,linear_predictivity,261,243,0.23011868051129275,"[0.23037036590583598, 0.24218540352209014, 0.22000574767104855, 0.21401140548221725, 0.24402047997527193]",,,,,
sub-10,PH,MST,train,sub-09,linear_predictivity,261,149,0.1979114773186859,,"[1000.0, 1000.0, 1000.0, 1000.0, 1000.0]",0.297148013712333,0.9349250951677822,0.7025232253938636,0.7963564360881463
sub-10,PH,MST,test,sub-09,linear_predictivity,261,149,0.3670815944001257,"[0.37161547719664073, 0.3737583207090592, 0.35221100430717234, 0.36758694364242506, 0.37023622614533136]",,,,,
sub-10,PH,MT,train,sub-09,linear_predictivity,261,100,0.2369017273649933,,"[316.2277660168379, 316.2277660168379, 316.2277660168379, 316.2277660168379, 316.2277660168379]",0.3896388968856194,0.9136038101326063,0.6101185773157146,0.758020845711098
sub-10,PH,MT,test,sub-09,linear_predictivity,261,100,0.4653028531919179,"[0.4649821640075858, 0.4734271813675058, 0.4510467339265293, 0.4737814968043159, 0.46327668985365256]",,,,,
sub-10,PH,FST,train,sub-09,linear_predictivity,261,156,0.1616681776625304,,"[1000.0, 1000.0, 1000.0, 1000.0, 1000.0]",0.26434509734648376,0.9569247186558606,0.7354422737505436,0.8345033243272416
sub-10,PH,FST,test,sub-09,linear_predictivity,261,156,0.35172914825287693,"[0.36672722301995064, 0.350284480161545, 0.3419717900030265, 0.34442222745315465, 0.3552400206267077]",,,,,
sub-10,PH,LO1,train,sub-09,linear_predictivity,261,79,0.07872942385552754,,"[1000.0, 1000.0, 1000.0, 1000.0, 3162.277660168379]",0.1813138881482005,1.0052201121641642,0.818532245025354,0.9183839943946859
sub-10,PH,LO1,test,sub-09,linear_predictivity,261,79,0.17023339724223668,"[0.17412909565314325, 0.18958173595569794, 0.1583917920732021, 0.17278204967874924, 0.15628231285039085]",,,,,
sub-10,PH,LO2,train,sub-09,linear_predictivity,261,80,0.15721838431442403,,"[1000.0, 1000.0, 1000.0, 1000.0, 1000.0]",0.26126720601276604,0.9598522038150259,0.7385661981967038,0.8399520966987615
sub-10,PH,LO2,test,sub-09,linear_predictivity,261,80,0.32365922733279123,"[0.3175036585506082, 0.33466162995402843, 0.3137366300768722, 0.3254536000065137, 0.32694061807593355]",,,,,
sub-10,PH,LO3,train,sub-09,linear_predictivity,261,125,0.15252958762729696,,"[1000.0, 1000.0, 1000.0, 1000.0, 1000.0]",0.25743131345224024,0.9635576826806045,0.7422637151654461,0.842304873523083
sub-10,PH,LO3,test,sub-09,linear_predictivity,261,125,0.3305803734203399,"[0.3387347179706672, 0.3415596633534459, 0.3155038648594904, 0.3322160765532277, 0.3248875443648685]",,,,,
sub-10,PH,V7,train,sub-09,linear_predictivity,261,87,0.06173237157734288,,"[3162.277660168379, 1000.0, 3162.277660168379, 1000.0, 1000.0]",0.15829693780182455,1.0180906523511772,0.8410612417080143,0.9331702652428355
sub-10,PH,V7,test,sub-09,linear_predictivity,261,87,0.14970597011101894,"[0.12515267537101296, 0.17892716042439477, 0.11269902929752448, 0.15581961142081557, 0.17593137404134682]",,,,,
sub-10,PH,IP0,train,sub-09,linear_predictivity,261,198,0.09409095392690602,,"[3162.277660168379, 3162.277660168379, 3162.277660168379, 3162.277660168379, 3162.277660168379]",0.1576814023432246,1.0020524897161178,0.841994812095674,0.9008921156784343
sub-10,PH,IP0,test,sub-09,linear_predictivity,261,198,0.271862608966865,"[0.27193101948121373, 0.27973634328142644, 0.2591000668568751, 0.2586004173676357, 0.289945197847174]",,,,,
sub-10,PH,IP1,train,sub-09,linear_predictivity,261,114,0.027968917709268286,,"[3162.277660168379, 3162.277660168379, 3162.277660168379, 3162.277660168379, 3162.277660168379]",0.09514840287970983,1.0460424862462578,0.9044954823476559,0.9656081570977285
sub-10,PH,IP1,test,sub-09,linear_predictivity,261,114,0.11740104510341524,"[0.12315674405424364, 0.11312637233577746, 0.10090907728798229, 0.10962231449147702, 0.1401907173475959]",,,,,
sub-10,PH,MIP,train,sub-09,linear_predictivity,261,280,0.05947259147077144,,"[3162.277660168379, 3162.277660168379, 3162.277660168379, 3162.277660168379, 3162.277660168379]",0.12405861373947653,1.0254842406129887,0.8756845235561588,0.9361397536787139
sub-10,PH,MIP,test,sub-09,linear_predictivity,261,280,0.2066341870536048,"[0.20171509015027453, 0.21643355550373536, 0.19813506814525528, 0.20214486650228655, 0.21474235496647232]",,,,,
sub-10,PH,VIP,train,sub-09,linear_predictivity,261,180,0.06431701928328788,,"[3162.277660168379, 3162.277660168379, 3162.277660168379, 3162.277660168379, 3162.277660168379]",0.128384345259868,1.0219304366838802,0.8713304501807846,0.9309627670909627
sub-10,PH,VIP,test,sub-09,linear_predictivity,261,180,0.20862090797417893,"[0.21121061782040648, 0.2265485798119883, 0.19592421151461686, 0.19874987793389948, 0.21067125278998375]",,,,,
sub-10,PH,LIPd,train,sub-09,linear_predictivity,261,69,-0.005059714986933782,,"[10000.0, 10000.0, 10000.0, 3162.277660168379, 10000.0]",0.04408575311198017,1.0677659278309364,0.9555092421340377,0.9972342969987131
sub-10,PH,LIPd,test,sub-09,linear_predictivity,261,69,0.012400787127234207,"[0.015630286531836037, 0.009652645482090263, 0.003203582714516183, 0.00980303386536608, 0.02371438704236247]",,,,,
sub-10,PH,LIPv,train,sub-09,linear_predictivity,261,239,0.015956923184252764,,"[3162.277660168379, 3162.277660168379, 10000.0, 3162.277660168379, 3162.277660168379]",0.07822504811900637,1.053869978626696,0.9213649972651015,0.9791617357735785
sub-10,PH,LIPv,test,sub-09,linear_predictivity,261,239,0.07791547361115365,"[0.09417539303666034, 0.08380355702678945, 0.04934835564791496, 0.07450597659791708, 0.08774408574648646]",,,,,
sub-10,PH,AIP,train,sub-09,linear_predictivity,261,275,0.04339930140921433,,"[3162.277660168379, 3162.277660168379, 3162.277660168379, 3162.277660168379, 3162.277660168379]",0.10585088453537705,1.0409968741300233,0.8938852439120165,0.9521102519481894
sub-10,PH,AIP,test,sub-09,linear_predictivity,261,275,0.13667869730111354,"[0.13944151735501717, 0.13995890528745286, 0.12953481625423105, 0.13270156406755615, 0.1417566835413105]",,,,,
sub-10,PH,7Pm,train,sub-09,linear_predictivity,261,17,0.007047799206442428,,"[10000.0, 10000.0, 10000.0, 10000.0, 10000.0]",0.03917872131181806,1.0748575852550417,0.9606464300208106,0.9901353487111774
sub-10,PH,7Pm,test,sub-09,linear_predictivity,261,17,0.036893216005186816,"[0.043464007103901636, 0.029619059140335875, 0.031755055673268806, 0.034882421238125294, 0.0447455368703025]",,,,,
sub-10,PH,7PL,train,sub-09,linear_predictivity,261,133,0.06445153935515904,,"[3162.277660168379, 3162.277660168379, 3162.277660168379, 1000.0, 3162.277660168379]",0.13912838353447832,1.0219802036495855,0.8607672510951117,0.9315745772471713
sub-10,PH,7PL,test,sub-09,linear_predictivity,261,133,0.24424008518837712,"[0.23119357815596103, 0.24216161883027487, 0.22743715040884813, 0.27821800345462466, 0.24219007509217697]",,,,,
sub-10,PH,7PC,train,sub-09,linear_predictivity,261,315,0.06556022748621176,,"[3162.277660168379, 3162.277660168379, 3162.277660168379, 3162.277660168379, 3162.277660168379]",0.12846935717688512,1.0198595108166018,0.8712325915254997,0.9295604677050487
sub-10,PH,7PC,test,sub-09,linear_predictivity,261,315,0.1829037243187404,"[0.18219525117682758, 0.19626477611512563, 0.17528277652334387, 0.17454812809484804, 0.18622768968355694]",,,,,
sub-10,PH,7Am,train,sub-09,linear_predictivity,261,228,0.040433620173493015,,"[3162.277660168379, 3162.277660168379, 3162.277660168379, 3162.277660168379, 3162.277660168379]",0.10359592090892396,1.0376096758748374,0.896183649651897,0.9559701974712802
sub-10,PH,7Am,test,sub-09,linear_predictivity,261,228,0.14728281243339814,"[0.14965951662216181, 0.15479616031837296, 0.13644917248472127, 0.15045439001926997, 0.14505482272246475]",,,,,
sub-10,PH,7AL,train,sub-09,linear_predictivity,261,178,0.03487556962198547,,"[3162.277660168379, 3162.277660168379, 3162.277660168379, 3162.277660168379, 3162.277660168379]",0.09513311071288792,1.0492225753848436,0.9046792126148112,0.9619951561961562
sub-10,PH,7AL,test,sub-09,linear_predictivity,261,178,0.10591689061895351,"[0.10972313620913231, 0.11325816528294821, 0.09211179227669056, 0.11064228410179479, 0.10384907522420178]",,,,,
sub-10,PH,VVC,train,sub-09,linear_predictivity,261,151,0.055821933072912215,,"[3162.277660168379, 3162.277660168379, 3162.277660168379, 3162.277660168379, 3162.277660168379]",0.11642133843346088,1.0319230479762491,0.8833624411192187,0.9405913849748255
sub-10,PH,VVC,test,sub-09,linear_predictivity,261,151,0.18021570861182057,"[0.1865796661069958, 0.17632479578666704, 0.17804886786853324, 0.17009548979674902, 0.19002972350015773]",,,,,
sub-10,PH,VMV2,train,sub-09,linear_predictivity,261,119,0.08263915362238544,,"[1000.0, 1000.0, 1000.0, 1000.0, 1000.0]",0.1932317687876156,1.006956433249184,0.8065856312665229,0.9142672471393409
sub-10,PH,VMV2,test,sub-09,linear_predictivity,261,119,0.2527148747962086,"[0.2522518300474335, 0.24762981321348485, 0.2543709682522804, 0.24865695745297084, 0.2606648050148735]",,,,,
sub-10,PH,VMV3,train,sub-09,linear_predictivity,261,109,0.04954952334915181,,"[3162.277660168379, 3162.277660168379, 3162.277660168379, 3162.277660168379, 3162.277660168379]",0.11269704208334401,1.031695532486101,0.8870939821898574,0.9468303465105757
sub-10,PH,VMV3,test,sub-09,linear_predictivity,261,109,0.1368966298174658,"[0.14636451462675096, 0.12956245616056522, 0.13861533617198923, 0.13130552185783267, 0.13863532027019088]",,,,,
sub-10,PH,VMV1,train,sub-09,linear_predictivity,261,96,0.06447715573568068,,"[3162.277660168379, 3162.277660168379, 3162.277660168379, 3162.277660168379, 3162.277660168379]",0.12305825579485467,1.020724738652045,0.8767531355713609,0.932389369972508
sub-10,PH,VMV1,test,sub-09,linear_predictivity,261,96,0.18272947912843823,"[0.18493485989824765, 0.18145755055218502, 0.18011581273114322, 0.17835614217067183, 0.18878303028994337]",,,,,
sub-10,PH,PHA2,train,sub-09,linear_predictivity,261,17,0.030490290880220882,,"[3162.277660168379, 3162.277660168379, 3162.277660168379, 3162.277660168379, 3162.277660168379]",0.08830762241530636,1.048923037792757,0.9116063104291214,0.9681145078812495
sub-10,PH,PHA2,test,sub-09,linear_predictivity,261,17,0.10590308305437753,"[0.1011692526784065, 0.108032228653181, 0.1070192995893614, 0.10178109394402567, 0.111513540406913]",,,,,
sub-10,PH,PHA3,train,sub-09,linear_predictivity,261,104,0.062299728549036135,,"[3162.277660168379, 3162.277660168379, 3162.277660168379, 3162.277660168379, 3162.277660168379]",0.11874140978643943,1.026884966969559,0.8811125447039954,0.9353027795328754
sub-10,PH,PHA3,test,sub-09,linear_predictivity,261,104,0.19329145196986536,"[0.19144491193150176, 0.19362647947654604, 0.19213075949949163, 0.19232153150110004, 0.19693357744068724]",,,,,
sub-10,PH,PH,train,sub-09,linear_predictivity,261,258,0.12446329489011113,,"[3162.277660168379, 1000.0, 3162.277660168379, 1000.0, 3162.277660168379]",0.20423019637514034,0.9783264489546333,0.7955660698115505,0.8714450569107589
sub-10,PH,PH,test,sub-09,linear_predictivity,261,258,0.27728564866598004,"[0.2766403932779612, 0.28649591479349046, 0.2585611700446039, 0.29068044303687457, 0.27405032217697023]",,,,,
