model,layer,roi,split,subject,metric,n_features_1_model,n_features_2_brain,score,test_scores_list
all-other-subjects,V1,V1,train,sub-08,linear_predictivity,477,560,0.15445976854434032,
all-other-subjects,V1,V1,test,sub-08,linear_predictivity,477,560,0.2958726487061557,"[0.29289883087918195, 0.29606990303263553, 0.2877407019998867, 0.2960527863534565, 0.3066010212656178]"
all-other-subjects,V1,V2,train,sub-08,linear_predictivity,477,482,0.1866200083319107,
all-other-subjects,V1,V2,test,sub-08,linear_predictivity,477,482,0.35058958274819363,"[0.3487596756620729, 0.34715927330503726, 0.3444429787905562, 0.355065263509674, 0.3575207224736279]"
all-other-subjects,V1,V3,train,sub-08,linear_predictivity,477,458,0.11586033603195894,
all-other-subjects,V1,V3,test,sub-08,linear_predictivity,477,458,0.2607413032712437,"[0.2598228586494684, 0.2511792952571201, 0.2545559242619734, 0.2693644713046432, 0.2687839668830133]"
all-other-subjects,V1,V4,train,sub-08,linear_predictivity,477,604,0.08975073133498335,
all-other-subjects,V1,V4,test,sub-08,linear_predictivity,477,604,0.19268727302421373,"[0.19309091435196607, 0.18277829717342411, 0.18694669477737166, 0.19543297766244627, 0.20518748115586047]"
all-other-subjects,V1,V3A,train,sub-08,linear_predictivity,477,226,0.05230751550595967,
all-other-subjects,V1,V3A,test,sub-08,linear_predictivity,477,226,0.15689784408899823,"[0.14492651408917545, 0.14617773804861664, 0.17218239941994287, 0.17277189604552853, 0.1484306728417276]"
all-other-subjects,V1,V3B,train,sub-08,linear_predictivity,477,147,0.06512541641186856,
all-other-subjects,V1,V3B,test,sub-08,linear_predictivity,477,147,0.1792717324779154,"[0.16375415555032866, 0.19119155328631074, 0.16910870080544357, 0.18964982929218877, 0.18265442345530525]"
all-other-subjects,V1,V6,train,sub-08,linear_predictivity,477,105,0.022401955093973722,
all-other-subjects,V1,V6,test,sub-08,linear_predictivity,477,105,0.03475764992313803,"[0.03465305630212584, 0.03649611166053844, 0.030130115266751762, 0.03211898132576392, 0.04038998506051023]"
all-other-subjects,V1,V6A,train,sub-08,linear_predictivity,477,84,0.05050837250478477,
all-other-subjects,V1,V6A,test,sub-08,linear_predictivity,477,84,0.14235461044810765,"[0.14674661784150705, 0.13991486803832281, 0.1358352212548719, 0.1474125971227322, 0.1418637479831043]"
all-other-subjects,V1,V7,train,sub-08,linear_predictivity,477,78,0.08260030246816748,
all-other-subjects,V1,V7,test,sub-08,linear_predictivity,477,78,0.1592151020158181,"[0.1600158182339626, 0.1625749675641488, 0.14438898873334866, 0.1760314775415256, 0.1530642580061049]"
all-other-subjects,V1,V8,train,sub-08,linear_predictivity,477,112,0.07561207309681187,
all-other-subjects,V1,V8,test,sub-08,linear_predictivity,477,112,0.11342447206040551,"[0.11213005483928218, 0.10690177934247294, 0.10913499753694843, 0.10627768797395677, 0.1326778406093673]"
all-other-subjects,V1,FFC,train,sub-08,linear_predictivity,477,275,0.0566102210162781,
all-other-subjects,V1,FFC,test,sub-08,linear_predictivity,477,275,0.10617357681286765,"[0.08880348250212725, 0.08981912260531043, 0.10592647379835478, 0.11816063225798197, 0.12815817290056383]"
all-other-subjects,V1,PIT,train,sub-08,linear_predictivity,477,117,0.058025116012366915,
all-other-subjects,V1,PIT,test,sub-08,linear_predictivity,477,117,0.12089834427060582,"[0.10309107144058577, 0.1203834310494245, 0.09864185810481055, 0.12907679219150414, 0.1532985685667041]"
all-other-subjects,V1,IPS1,train,sub-08,linear_predictivity,477,219,0.03406082930180897,
all-other-subjects,V1,IPS1,test,sub-08,linear_predictivity,477,219,0.11597032796671536,"[0.11460973066219537, 0.13433742238669968, 0.1115194017526247, 0.12876170979362564, 0.09062337523843131]"
all-other-subjects,V1,MST,train,sub-08,linear_predictivity,477,140,0.09230875265625758,
all-other-subjects,V1,MST,test,sub-08,linear_predictivity,477,140,0.19129802140582147,"[0.17960279177078187, 0.20742248587279388, 0.17896007067849443, 0.1959940838365593, 0.19451067487047777]"
all-other-subjects,V1,MT,train,sub-08,linear_predictivity,477,99,0.0729061426159235,
all-other-subjects,V1,MT,test,sub-08,linear_predictivity,477,99,0.20272041321818715,"[0.2091669514624396, 0.21712466719840776, 0.19045905631494411, 0.19622554334277403, 0.2006258477723702]"
all-other-subjects,V1,FST,train,sub-08,linear_predictivity,477,149,0.1006740063080111,
all-other-subjects,V1,FST,test,sub-08,linear_predictivity,477,149,0.185747962581918,"[0.17879908064181688, 0.19138517354277032, 0.17206263691129522, 0.19609964895053494, 0.19039327286317262]"
all-other-subjects,V1,LO1,train,sub-08,linear_predictivity,477,79,0.031131137465714935,
all-other-subjects,V1,LO1,test,sub-08,linear_predictivity,477,79,0.06399814491581164,"[0.05017958185678788, 0.054855529892768616, 0.05904110535024403, 0.08558894131746693, 0.07032556616179078]"
all-other-subjects,V1,LO2,train,sub-08,linear_predictivity,477,83,0.10946929517178026,
all-other-subjects,V1,LO2,test,sub-08,linear_predictivity,477,83,0.22348710483548678,"[0.23095684707196976, 0.20453032220058487, 0.22300189239700602, 0.23046336699395228, 0.22848309551392096]"
all-other-subjects,V1,LO3,train,sub-08,linear_predictivity,477,125,0.06273219874428553,
all-other-subjects,V1,LO3,test,sub-08,linear_predictivity,477,125,0.1605224494555073,"[0.16099494655696817, 0.17739962540184837, 0.1444482803346916, 0.157288846369125, 0.16248054861490352]"
all-other-subjects,V2,V1,train,sub-08,linear_predictivity,554,560,0.12121327565198553,
all-other-subjects,V2,V1,test,sub-08,linear_predictivity,554,560,0.26630686737106535,"[0.2695021146725614, 0.26662371766045984, 0.25237841759727014, 0.2689969422990726, 0.27403314462596284]"
all-other-subjects,V2,V2,train,sub-08,linear_predictivity,554,482,0.2060750175497032,
all-other-subjects,V2,V2,test,sub-08,linear_predictivity,554,482,0.39030296234369855,"[0.3932260618286191, 0.387718677516902, 0.38164316285690025, 0.39405409419591547, 0.39487281532015606]"
all-other-subjects,V2,V3,train,sub-08,linear_predictivity,554,458,0.1281130096782961,
all-other-subjects,V2,V3,test,sub-08,linear_predictivity,554,458,0.2902606782364551,"[0.2967254550529766, 0.2847764509808351, 0.26969932576999855, 0.29788429146251094, 0.3022178679159544]"
all-other-subjects,V2,V4,train,sub-08,linear_predictivity,554,604,0.10745145848417903,
all-other-subjects,V2,V4,test,sub-08,linear_predictivity,554,604,0.23127329648340073,"[0.2365231097824148, 0.22794894756762654, 0.20908765376000624, 0.23645551164011194, 0.24635125966684412]"
all-other-subjects,V2,V3A,train,sub-08,linear_predictivity,554,226,0.08458972880327074,
all-other-subjects,V2,V3A,test,sub-08,linear_predictivity,554,226,0.20830701350655353,"[0.2086345564899487, 0.20688087735215102, 0.21412012962102797, 0.20523343620539794, 0.20666606786424208]"
all-other-subjects,V2,V3B,train,sub-08,linear_predictivity,554,147,0.08554946469585202,
all-other-subjects,V2,V3B,test,sub-08,linear_predictivity,554,147,0.22041399465238345,"[0.22899833276193124, 0.21869581292878865, 0.21820329302229494, 0.2180204874425328, 0.21815204710636962]"
all-other-subjects,V2,V6,train,sub-08,linear_predictivity,554,105,0.032008996010854524,
all-other-subjects,V2,V6,test,sub-08,linear_predictivity,554,105,0.04176413147659363,"[0.04494708680036664, 0.042366020873634266, 0.038500276825516454, 0.03336444517127436, 0.0496428277121764]"
all-other-subjects,V2,V6A,train,sub-08,linear_predictivity,554,84,0.07334578162609524,
all-other-subjects,V2,V6A,test,sub-08,linear_predictivity,554,84,0.16092517438919493,"[0.16598933931340729, 0.15540242429373893, 0.16142361828573887, 0.16169659850320758, 0.16011389154988193]"
all-other-subjects,V2,V7,train,sub-08,linear_predictivity,554,78,0.08775447593019645,
all-other-subjects,V2,V7,test,sub-08,linear_predictivity,554,78,0.20398985365033226,"[0.21989340226994308, 0.20721878212532852, 0.1645075390592213, 0.21346235249373757, 0.21486719230343082]"
all-other-subjects,V2,V8,train,sub-08,linear_predictivity,554,112,0.08370910925318029,
all-other-subjects,V2,V8,test,sub-08,linear_predictivity,554,112,0.15086043713371583,"[0.15714811901877898, 0.14692455322694403, 0.1490132549675359, 0.14362758217205096, 0.1575886762832694]"
all-other-subjects,V2,FFC,train,sub-08,linear_predictivity,554,275,0.06357943219130642,
all-other-subjects,V2,FFC,test,sub-08,linear_predictivity,554,275,0.16015226740184316,"[0.15908527953381507, 0.15024479830910895, 0.16079490501337584, 0.15734067208558042, 0.1732956820673356]"
all-other-subjects,V2,PIT,train,sub-08,linear_predictivity,554,117,0.0737059555466892,
all-other-subjects,V2,PIT,test,sub-08,linear_predictivity,554,117,0.17251311697725133,"[0.1715778039033563, 0.16738895075315768, 0.17533968975603653, 0.1633918030310387, 0.18486733744266748]"
all-other-subjects,V2,IPS1,train,sub-08,linear_predictivity,554,219,0.05861157902809503,
all-other-subjects,V2,IPS1,test,sub-08,linear_predictivity,554,219,0.16072897959114665,"[0.16829860029833518, 0.16437885924799323, 0.15460449296057474, 0.15666381630286205, 0.15969912914596793]"
all-other-subjects,V2,MST,train,sub-08,linear_predictivity,554,140,0.1102111752989866,
all-other-subjects,V2,MST,test,sub-08,linear_predictivity,554,140,0.2456681620980607,"[0.2410869260896522, 0.24343310276956182, 0.24025832300261207, 0.2443664328296073, 0.25919602579887024]"
all-other-subjects,V2,MT,train,sub-08,linear_predictivity,554,99,0.08761980282529704,
all-other-subjects,V2,MT,test,sub-08,linear_predictivity,554,99,0.2671646627276355,"[0.2700258225023877, 0.26991102281656976, 0.2694656746762638, 0.2571945285590894, 0.2692262650838671]"
all-other-subjects,V2,FST,train,sub-08,linear_predictivity,554,149,0.11517573480369908,
all-other-subjects,V2,FST,test,sub-08,linear_predictivity,554,149,0.2533227968299224,"[0.24700763777111073, 0.2507276341345669, 0.25211397189071727, 0.24838807349233127, 0.26837666686088585]"
all-other-subjects,V2,LO1,train,sub-08,linear_predictivity,554,79,0.04018427568021263,
all-other-subjects,V2,LO1,test,sub-08,linear_predictivity,554,79,0.12657029702196837,"[0.12777456197766887, 0.15251582719768766, 0.11501495081097111, 0.11472065563236926, 0.12282548949114491]"
all-other-subjects,V2,LO2,train,sub-08,linear_predictivity,554,83,0.13515562744612372,
all-other-subjects,V2,LO2,test,sub-08,linear_predictivity,554,83,0.2886592574196302,"[0.29430018683684067, 0.27818121726748113, 0.2868974482582538, 0.28383108972310256, 0.3000863450124731]"
all-other-subjects,V2,LO3,train,sub-08,linear_predictivity,554,125,0.0840068744976779,
all-other-subjects,V2,LO3,test,sub-08,linear_predictivity,554,125,0.24009598810812777,"[0.24893760585091063, 0.250970682458317, 0.22492663769514884, 0.2350334070381587, 0.2406116074981036]"
all-other-subjects,V3,V1,train,sub-08,linear_predictivity,495,560,0.11431514834029273,
all-other-subjects,V3,V1,test,sub-08,linear_predictivity,495,560,0.2543005227244838,"[0.24999671720901812, 0.2641877275556707, 0.24712507363379257, 0.2521337363404982, 0.2580593588834393]"
all-other-subjects,V3,V2,train,sub-08,linear_predictivity,495,482,0.1933115807252696,
all-other-subjects,V3,V2,test,sub-08,linear_predictivity,495,482,0.3843511393105429,"[0.3824330664651572, 0.38691574687060415, 0.3799132610098902, 0.38883505653075184, 0.3836585656763107]"
all-other-subjects,V3,V3,train,sub-08,linear_predictivity,495,458,0.14061940065948295,
all-other-subjects,V3,V3,test,sub-08,linear_predictivity,495,458,0.34583504306642276,"[0.3427483846926206, 0.3474442905608831, 0.33769849681113734, 0.3536075764233309, 0.34767646684414183]"
all-other-subjects,V3,V4,train,sub-08,linear_predictivity,495,604,0.144172336864966,
all-other-subjects,V3,V4,test,sub-08,linear_predictivity,495,604,0.3441194623556107,"[0.33854962483272033, 0.3444809880587804, 0.33962336066968507, 0.346838964609446, 0.3511043736074218]"
all-other-subjects,V3,V3A,train,sub-08,linear_predictivity,495,226,0.10235260593206791,
all-other-subjects,V3,V3A,test,sub-08,linear_predictivity,495,226,0.2645259791188964,"[0.2628108898595835, 0.2771454005158618, 0.26259926095065816, 0.2565356206328471, 0.2635387236355313]"
all-other-subjects,V3,V3B,train,sub-08,linear_predictivity,495,147,0.12773221738421306,
all-other-subjects,V3,V3B,test,sub-08,linear_predictivity,495,147,0.34421648303068236,"[0.3282946939717919, 0.3539913276317761, 0.3437709199707138, 0.3503772182923378, 0.3446482552867922]"
all-other-subjects,V3,V6,train,sub-08,linear_predictivity,495,105,0.05171588426244227,
all-other-subjects,V3,V6,test,sub-08,linear_predictivity,495,105,0.1335272994387518,"[0.13184672607852635, 0.15336864045687318, 0.11911960774840726, 0.12437660198114148, 0.13892492092881079]"
all-other-subjects,V3,V6A,train,sub-08,linear_predictivity,495,84,0.1193247855912733,
all-other-subjects,V3,V6A,test,sub-08,linear_predictivity,495,84,0.2849306102409902,"[0.2818913358912489, 0.298078550172047, 0.27959646280749534, 0.2822537544260606, 0.28283294790809943]"
all-other-subjects,V3,V7,train,sub-08,linear_predictivity,495,78,0.15368010316629288,
all-other-subjects,V3,V7,test,sub-08,linear_predictivity,495,78,0.3243288281252545,"[0.31067603779707514, 0.33102492689328206, 0.32457821425769967, 0.325907600111507, 0.32945736156670846]"
all-other-subjects,V3,V8,train,sub-08,linear_predictivity,495,112,0.11184165957530835,
all-other-subjects,V3,V8,test,sub-08,linear_predictivity,495,112,0.2762312622300601,"[0.2649507285777361, 0.2765107511521387, 0.2711529719205954, 0.28388138517289574, 0.2846604743269345]"
all-other-subjects,V3,FFC,train,sub-08,linear_predictivity,495,275,0.10101934993573142,
all-other-subjects,V3,FFC,test,sub-08,linear_predictivity,495,275,0.2889439750898108,"[0.2864580272535606, 0.2851483533309191, 0.2911478068150396, 0.2869390420108585, 0.2950266460386762]"
all-other-subjects,V3,PIT,train,sub-08,linear_predictivity,495,117,0.1294892230405865,
all-other-subjects,V3,PIT,test,sub-08,linear_predictivity,495,117,0.3513993072850253,"[0.34415652483690423, 0.34635585106318856, 0.3554946414342131, 0.3499970990753131, 0.36099242001550724]"
all-other-subjects,V3,IPS1,train,sub-08,linear_predictivity,495,219,0.09982706419147594,
all-other-subjects,V3,IPS1,test,sub-08,linear_predictivity,495,219,0.2705160098890022,"[0.2683973276769477, 0.2802471998609849, 0.2553727242464573, 0.2782376041020462, 0.27032519355857504]"
all-other-subjects,V3,MST,train,sub-08,linear_predictivity,495,140,0.18718578535609193,
all-other-subjects,V3,MST,test,sub-08,linear_predictivity,495,140,0.3727969869580118,"[0.3602603253469446, 0.3763039256272544, 0.36735638397866205, 0.3818875573669249, 0.3781767424702731]"
all-other-subjects,V3,MT,train,sub-08,linear_predictivity,495,99,0.14790704003566274,
all-other-subjects,V3,MT,test,sub-08,linear_predictivity,495,99,0.3479381384941993,"[0.34108325532073075, 0.35635247567056383, 0.34431668382786995, 0.3464096053228115, 0.3515286723290204]"
all-other-subjects,V3,FST,train,sub-08,linear_predictivity,495,149,0.2071490704961562,
all-other-subjects,V3,FST,test,sub-08,linear_predictivity,495,149,0.39374986470265566,"[0.3870200396637176, 0.39205078271946214, 0.3861842867897263, 0.40102625671600206, 0.40246795762437004]"
all-other-subjects,V3,LO1,train,sub-08,linear_predictivity,495,79,0.1144580535310282,
all-other-subjects,V3,LO1,test,sub-08,linear_predictivity,495,79,0.2944393208540544,"[0.2840475255342115, 0.3002435769972576, 0.281561137913641, 0.29700883577791815, 0.3093355280472436]"
all-other-subjects,V3,LO2,train,sub-08,linear_predictivity,495,83,0.22080173903671949,
all-other-subjects,V3,LO2,test,sub-08,linear_predictivity,495,83,0.48564157506985445,"[0.4871395238867745, 0.4793953438262907, 0.4857583492796555, 0.48592520666765165, 0.4899894516888997]"
all-other-subjects,V3,LO3,train,sub-08,linear_predictivity,495,125,0.14623858751382987,
all-other-subjects,V3,LO3,test,sub-08,linear_predictivity,495,125,0.34027986217288697,"[0.3419384241863342, 0.35126110015167983, 0.33287775801720426, 0.3401374228899152, 0.3351846056193015]"
all-other-subjects,V4,V1,train,sub-08,linear_predictivity,658,560,0.10279010775842638,
all-other-subjects,V4,V1,test,sub-08,linear_predictivity,658,560,0.21486846043841643,"[0.2136582063221108, 0.2235522034255486, 0.20923777437561078, 0.2134254251925569, 0.214468692876255]"
all-other-subjects,V4,V2,train,sub-08,linear_predictivity,658,482,0.1738642864486825,
all-other-subjects,V4,V2,test,sub-08,linear_predictivity,658,482,0.34310113952773014,"[0.33827095389507295, 0.34921497700629106, 0.3418541795708046, 0.3498166660507998, 0.3363489211156822]"
all-other-subjects,V4,V3,train,sub-08,linear_predictivity,658,458,0.13771119769159657,
all-other-subjects,V4,V3,test,sub-08,linear_predictivity,658,458,0.3257446616389178,"[0.31816650094987226, 0.33875640075879687, 0.31650431102639986, 0.32483476142647183, 0.33046133403304817]"
all-other-subjects,V4,V4,train,sub-08,linear_predictivity,658,604,0.17293534273651834,
all-other-subjects,V4,V4,test,sub-08,linear_predictivity,658,604,0.4034795517086097,"[0.40091238112180355, 0.40089917435787, 0.4084129714644342, 0.4036639497550181, 0.40350928184392276]"
all-other-subjects,V4,V3A,train,sub-08,linear_predictivity,658,226,0.11785051994649298,
all-other-subjects,V4,V3A,test,sub-08,linear_predictivity,658,226,0.2836889347462587,"[0.27594537291255666, 0.2959449211250099, 0.2848033392372134, 0.2891927905589111, 0.27255824989760263]"
all-other-subjects,V4,V3B,train,sub-08,linear_predictivity,658,147,0.16114622160287753,
all-other-subjects,V4,V3B,test,sub-08,linear_predictivity,658,147,0.3778618888524867,"[0.3690945212908575, 0.3829668415363156, 0.3902292675890388, 0.374713723462938, 0.3723050903832837]"
all-other-subjects,V4,V6,train,sub-08,linear_predictivity,658,105,0.06682770971533512,
all-other-subjects,V4,V6,test,sub-08,linear_predictivity,658,105,0.15001938039196056,"[0.14963925860189958, 0.1639013935280599, 0.1314403871767456, 0.1479863445744112, 0.1571295180786863]"
all-other-subjects,V4,V6A,train,sub-08,linear_predictivity,658,84,0.14657470982719695,
all-other-subjects,V4,V6A,test,sub-08,linear_predictivity,658,84,0.29506772521956115,"[0.2912956208905639, 0.2995835276975421, 0.29770773337551454, 0.28867787918932863, 0.2980738649448565]"
all-other-subjects,V4,V7,train,sub-08,linear_predictivity,658,78,0.18866029566252687,
all-other-subjects,V4,V7,test,sub-08,linear_predictivity,658,78,0.35946668801371456,"[0.3487890485412362, 0.3627391975839683, 0.36464544789089276, 0.36133130533380514, 0.3598284407186704]"
all-other-subjects,V4,V8,train,sub-08,linear_predictivity,658,112,0.14487153878697845,
all-other-subjects,V4,V8,test,sub-08,linear_predictivity,658,112,0.3461974482749263,"[0.3487626246189488, 0.34780530481000393, 0.36179668585756897, 0.32209016309121663, 0.350532462996893]"
all-other-subjects,V4,FFC,train,sub-08,linear_predictivity,658,275,0.14479363297490036,
all-other-subjects,V4,FFC,test,sub-08,linear_predictivity,658,275,0.4135907426803184,"[0.41732188121439806, 0.40994354576664477, 0.4175681176688176, 0.41170318848126086, 0.41141698027047124]"
all-other-subjects,V4,PIT,train,sub-08,linear_predictivity,658,117,0.18368519507903291,
all-other-subjects,V4,PIT,test,sub-08,linear_predictivity,658,117,0.4704414373366753,"[0.4648426906989461, 0.4711994197232019, 0.4745179839177655, 0.4675955200108486, 0.4740515723326148]"
all-other-subjects,V4,IPS1,train,sub-08,linear_predictivity,658,219,0.13192730423105997,
all-other-subjects,V4,IPS1,test,sub-08,linear_predictivity,658,219,0.30365081209918954,"[0.3053665821070134, 0.31356097688505397, 0.29905777078261897, 0.3025440357639927, 0.29772469495726867]"
all-other-subjects,V4,MST,train,sub-08,linear_predictivity,658,140,0.1991488474716048,
all-other-subjects,V4,MST,test,sub-08,linear_predictivity,658,140,0.3934767604550199,"[0.38411221964317416, 0.39940099391618683, 0.3922371268693808, 0.3950561756418864, 0.3965772862044715]"
all-other-subjects,V4,MT,train,sub-08,linear_predictivity,658,99,0.18290729662092095,
all-other-subjects,V4,MT,test,sub-08,linear_predictivity,658,99,0.39611882367695384,"[0.3930384037637735, 0.40191443752273903, 0.3983668617609313, 0.3921730371938206, 0.3951013781435046]"
all-other-subjects,V4,FST,train,sub-08,linear_predictivity,658,149,0.23309142080635134,
all-other-subjects,V4,FST,test,sub-08,linear_predictivity,658,149,0.4127349240048762,"[0.40690400632211576, 0.41627155942941546, 0.4109697249277353, 0.41517553640829136, 0.414353792936823]"
all-other-subjects,V4,LO1,train,sub-08,linear_predictivity,658,79,0.16369627744264578,
all-other-subjects,V4,LO1,test,sub-08,linear_predictivity,658,79,0.3733351374151883,"[0.3670146991563668, 0.3709453403222273, 0.3839999262040761, 0.37078858677858273, 0.37392713461468857]"
all-other-subjects,V4,LO2,train,sub-08,linear_predictivity,658,83,0.3209383895314172,
all-other-subjects,V4,LO2,test,sub-08,linear_predictivity,658,83,0.6179213007065998,"[0.6184192057040377, 0.6161914214167232, 0.6186657899494958, 0.6198646313755631, 0.6164654550871792]"
all-other-subjects,V4,LO3,train,sub-08,linear_predictivity,658,125,0.18785275563388398,
all-other-subjects,V4,LO3,test,sub-08,linear_predictivity,658,125,0.40937354787644614,"[0.4183196425388317, 0.40852722993492774, 0.4136796796339741, 0.40290958232065366, 0.4034316049538434]"
all-other-subjects,V3A,V1,train,sub-08,linear_predictivity,250,560,0.0252484532634592,
all-other-subjects,V3A,V1,test,sub-08,linear_predictivity,250,560,0.06720832761486199,"[0.06338937653208898, 0.06923398113967222, 0.06929124792693796, 0.06535926115779778, 0.06876777131781305]"
all-other-subjects,V3A,V2,train,sub-08,linear_predictivity,250,482,0.07733084184670494,
all-other-subjects,V3A,V2,test,sub-08,linear_predictivity,250,482,0.15630413502196136,"[0.15137510214479433, 0.158445225289265, 0.1578996086819003, 0.15958320823800012, 0.15421753075584707]"
all-other-subjects,V3A,V3,train,sub-08,linear_predictivity,250,458,0.05735635251915469,
all-other-subjects,V3A,V3,test,sub-08,linear_predictivity,250,458,0.16562324801380743,"[0.16348166603350336, 0.16679044565053605, 0.1650622624475505, 0.16737618490313477, 0.16540568103431255]"
all-other-subjects,V3A,V4,train,sub-08,linear_predictivity,250,604,0.0859039946953479,
all-other-subjects,V3A,V4,test,sub-08,linear_predictivity,250,604,0.21266183183897938,"[0.21463746448398388, 0.20750328992292805, 0.21563916294457378, 0.21074517266979612, 0.21478406917361523]"
all-other-subjects,V3A,V3A,train,sub-08,linear_predictivity,250,226,0.1083775709702921,
all-other-subjects,V3A,V3A,test,sub-08,linear_predictivity,250,226,0.23916717742418808,"[0.2382888379658228, 0.24517308767591534, 0.2415411343927514, 0.23371481410367306, 0.23711801298277796]"
all-other-subjects,V3A,V3B,train,sub-08,linear_predictivity,250,147,0.13582481955570608,
all-other-subjects,V3A,V3B,test,sub-08,linear_predictivity,250,147,0.31080630005341586,"[0.3133725930561384, 0.31705653312985393, 0.31483100031811134, 0.30799363244066813, 0.30077774132230745]"
all-other-subjects,V3A,V6,train,sub-08,linear_predictivity,250,105,0.05943539271879914,
all-other-subjects,V3A,V6,test,sub-08,linear_predictivity,250,105,0.09152606247167426,"[0.09893243076655957, 0.10168847922324986, 0.09069224285868017, 0.08027442335277804, 0.08604273615710374]"
all-other-subjects,V3A,V6A,train,sub-08,linear_predictivity,250,84,0.11457651786148391,
all-other-subjects,V3A,V6A,test,sub-08,linear_predictivity,250,84,0.24229008746230524,"[0.24186744038517777, 0.24508444497111648, 0.2453920371727418, 0.2446679379203101, 0.23443857686218025]"
all-other-subjects,V3A,V7,train,sub-08,linear_predictivity,250,78,0.2475686062797381,
all-other-subjects,V3A,V7,test,sub-08,linear_predictivity,250,78,0.4455793109602523,"[0.43929550459627237, 0.44502631423589134, 0.44637193036489253, 0.4367800052164955, 0.4604228003877091]"
all-other-subjects,V3A,V8,train,sub-08,linear_predictivity,250,112,0.06879887791345382,
all-other-subjects,V3A,V8,test,sub-08,linear_predictivity,250,112,0.1867411630345953,"[0.18520069782802887, 0.18779844933671175, 0.18368630443193362, 0.19038829017830633, 0.1866320733979961]"
all-other-subjects,V3A,FFC,train,sub-08,linear_predictivity,250,275,0.06208772864676827,
all-other-subjects,V3A,FFC,test,sub-08,linear_predictivity,250,275,0.18115183298818902,"[0.18504885126498039, 0.18213614388795143, 0.1849697413356735, 0.17129753353307572, 0.18230689491926408]"
all-other-subjects,V3A,PIT,train,sub-08,linear_predictivity,250,117,0.054224227828688396,
all-other-subjects,V3A,PIT,test,sub-08,linear_predictivity,250,117,0.16878073571281826,"[0.17041029818752512, 0.16299225407612894, 0.17894333958629136, 0.1631150106938583, 0.16844277602028768]"
all-other-subjects,V3A,IPS1,train,sub-08,linear_predictivity,250,219,0.10927608193038964,
all-other-subjects,V3A,IPS1,test,sub-08,linear_predictivity,250,219,0.23425211619657524,"[0.24120486397801102, 0.24378445274352958, 0.23035900097866763, 0.2326438727578035, 0.22326839052486455]"
all-other-subjects,V3A,MST,train,sub-08,linear_predictivity,250,140,0.19446948678901976,
all-other-subjects,V3A,MST,test,sub-08,linear_predictivity,250,140,0.36658559173693145,"[0.36348249458994847, 0.3661528452245252, 0.3643006262950196, 0.36511350285282396, 0.37387848972233984]"
all-other-subjects,V3A,MT,train,sub-08,linear_predictivity,250,99,0.14977724191718372,
all-other-subjects,V3A,MT,test,sub-08,linear_predictivity,250,99,0.31118971538369883,"[0.3132531658228368, 0.31578040275663644, 0.3123395926695428, 0.3087454414002789, 0.30582997426919917]"
all-other-subjects,V3A,FST,train,sub-08,linear_predictivity,250,149,0.20257116762915345,
all-other-subjects,V3A,FST,test,sub-08,linear_predictivity,250,149,0.3715862690482023,"[0.3658787385196122, 0.3747053327144127, 0.37310054219874417, 0.36399388065927496, 0.3802528511489674]"
all-other-subjects,V3A,LO1,train,sub-08,linear_predictivity,250,79,0.12083431540454986,
all-other-subjects,V3A,LO1,test,sub-08,linear_predictivity,250,79,0.24391359390535167,"[0.2532109474699965, 0.250274456703434, 0.23714768238199685, 0.23366423036444106, 0.24527065260688982]"
all-other-subjects,V3A,LO2,train,sub-08,linear_predictivity,250,83,0.09370579851433167,
all-other-subjects,V3A,LO2,test,sub-08,linear_predictivity,250,83,0.2495511396996542,"[0.25298490240100646, 0.24731620934562393, 0.24995116455989694, 0.2437926961309936, 0.25371072606075]"
all-other-subjects,V3A,LO3,train,sub-08,linear_predictivity,250,125,0.1501764390340019,
all-other-subjects,V3A,LO3,test,sub-08,linear_predictivity,250,125,0.31299468058108776,"[0.3181424942262413, 0.32022901324389397, 0.3090841685315945, 0.3117310205938008, 0.30578670630990823]"
all-other-subjects,V3B,V1,train,sub-08,linear_predictivity,150,560,0.022921621257409718,
all-other-subjects,V3B,V1,test,sub-08,linear_predictivity,150,560,0.05633404821513923,"[0.05625370093497647, 0.05096718810613623, 0.058179055023430494, 0.05774600193337812, 0.058524295077774874]"
all-other-subjects,V3B,V2,train,sub-08,linear_predictivity,150,482,0.06095672415446038,
all-other-subjects,V3B,V2,test,sub-08,linear_predictivity,150,482,0.11552188860540362,"[0.11326696285021304, 0.11302787452313391, 0.11335302031687537, 0.11967822033472336, 0.11828336500207243]"
all-other-subjects,V3B,V3,train,sub-08,linear_predictivity,150,458,0.046193966448940464,
all-other-subjects,V3B,V3,test,sub-08,linear_predictivity,150,458,0.125423911214379,"[0.12701272786141374, 0.12222922546674944, 0.12303834478052143, 0.12662254944230633, 0.1282167085209041]"
all-other-subjects,V3B,V4,train,sub-08,linear_predictivity,150,604,0.08100031912362894,
all-other-subjects,V3B,V4,test,sub-08,linear_predictivity,150,604,0.1918573752215745,"[0.1973640448736847, 0.1864680860646252, 0.1913352908538296, 0.1880676175182163, 0.19605183679751664]"
all-other-subjects,V3B,V3A,train,sub-08,linear_predictivity,150,226,0.07100921921449806,
all-other-subjects,V3B,V3A,test,sub-08,linear_predictivity,150,226,0.16272593909834238,"[0.16325774387579922, 0.16545086627464053, 0.1609128715369308, 0.15791215027756023, 0.16609606352678105]"
all-other-subjects,V3B,V3B,train,sub-08,linear_predictivity,150,147,0.13249451735753415,
all-other-subjects,V3B,V3B,test,sub-08,linear_predictivity,150,147,0.32694359203835227,"[0.32866560020601404, 0.32721144604087715, 0.33370307927710047, 0.3210272571863423, 0.3241105774814273]"
all-other-subjects,V3B,V6,train,sub-08,linear_predictivity,150,105,0.03823594727392131,
all-other-subjects,V3B,V6,test,sub-08,linear_predictivity,150,105,0.0665075747729631,"[0.06541845734132795, 0.0744062896116168, 0.06340726202237701, 0.05078360362782264, 0.07852226126167106]"
all-other-subjects,V3B,V6A,train,sub-08,linear_predictivity,150,84,0.09411273265652888,
all-other-subjects,V3B,V6A,test,sub-08,linear_predictivity,150,84,0.22520171293866803,"[0.19752470152934945, 0.22534444205684606, 0.23859808415058584, 0.2408926497418698, 0.22364868721468897]"
all-other-subjects,V3B,V7,train,sub-08,linear_predictivity,150,78,0.14221801936485798,
all-other-subjects,V3B,V7,test,sub-08,linear_predictivity,150,78,0.285495361397501,"[0.27155342975106184, 0.2600536074168686, 0.3171377290409695, 0.3082856054403053, 0.27044643533829954]"
all-other-subjects,V3B,V8,train,sub-08,linear_predictivity,150,112,0.06150543983380042,
all-other-subjects,V3B,V8,test,sub-08,linear_predictivity,150,112,0.17985543475625326,"[0.1815138909283843, 0.17454079904870107, 0.17935973480124634, 0.17521040874343474, 0.18865234025949995]"
all-other-subjects,V3B,FFC,train,sub-08,linear_predictivity,150,275,0.06355111702626,
all-other-subjects,V3B,FFC,test,sub-08,linear_predictivity,150,275,0.1809793828672262,"[0.1831498170780585, 0.17411431241909303, 0.18482302795719596, 0.17015111735758998, 0.19265863952419346]"
all-other-subjects,V3B,PIT,train,sub-08,linear_predictivity,150,117,0.05641437119508119,
all-other-subjects,V3B,PIT,test,sub-08,linear_predictivity,150,117,0.18103344594071108,"[0.16978758935123417, 0.2171930589560471, 0.16963705200940382, 0.16786800594318838, 0.18068152344368185]"
all-other-subjects,V3B,IPS1,train,sub-08,linear_predictivity,150,219,0.1280306135951701,
all-other-subjects,V3B,IPS1,test,sub-08,linear_predictivity,150,219,0.30519877482013,"[0.3098456530542142, 0.305190793395803, 0.30773506690589747, 0.297311957244462, 0.3059104035002734]"
all-other-subjects,V3B,MST,train,sub-08,linear_predictivity,150,140,0.1556605420718695,
all-other-subjects,V3B,MST,test,sub-08,linear_predictivity,150,140,0.351815534819615,"[0.34768767432935155, 0.34758656133091886, 0.3477041237486527, 0.35815497243169075, 0.357944342257461]"
all-other-subjects,V3B,MT,train,sub-08,linear_predictivity,150,99,0.1491782933087033,
all-other-subjects,V3B,MT,test,sub-08,linear_predictivity,150,99,0.3394608191362887,"[0.3538095911639139, 0.35313544079539994, 0.32130830990537895, 0.3159403719034965, 0.35311038191325417]"
all-other-subjects,V3B,FST,train,sub-08,linear_predictivity,150,149,0.17588591314613605,
all-other-subjects,V3B,FST,test,sub-08,linear_predictivity,150,149,0.381964891793044,"[0.3819192222539165, 0.37257753380389586, 0.3841650447569757, 0.3805271248285665, 0.3906355333218653]"
all-other-subjects,V3B,LO1,train,sub-08,linear_predictivity,150,79,0.13923656235766727,
all-other-subjects,V3B,LO1,test,sub-08,linear_predictivity,150,79,0.31617964986082514,"[0.3255161911691079, 0.30828798056245466, 0.3248753438846219, 0.3059474735283739, 0.3162712601595671]"
all-other-subjects,V3B,LO2,train,sub-08,linear_predictivity,150,83,0.14695097431148182,
all-other-subjects,V3B,LO2,test,sub-08,linear_predictivity,150,83,0.3558398545284927,"[0.3602493821298432, 0.3366715949112584, 0.34835579427903113, 0.3582377853615543, 0.3756847159607763]"
all-other-subjects,V3B,LO3,train,sub-08,linear_predictivity,150,125,0.1574913148238893,
all-other-subjects,V3B,LO3,test,sub-08,linear_predictivity,150,125,0.3828546687997343,"[0.38726351468195847, 0.3857374720347464, 0.38526072977220766, 0.3742860364933743, 0.38172559101638465]"
all-other-subjects,V6,V1,train,sub-08,linear_predictivity,123,560,0.0034550540298275375,
all-other-subjects,V6,V1,test,sub-08,linear_predictivity,123,560,-0.011487370215968329,"[-0.012319682842828104, -0.013036527738732286, -0.009550059436814482, -0.010602184601252626, -0.011928396460214145]"
all-other-subjects,V6,V2,train,sub-08,linear_predictivity,123,482,0.023779703105202898,
all-other-subjects,V6,V2,test,sub-08,linear_predictivity,123,482,0.035249736165511844,"[0.033556095317884685, 0.038180371353930986, 0.03793878089336893, 0.035837865038064395, 0.030735568224310235]"
all-other-subjects,V6,V3,train,sub-08,linear_predictivity,123,458,0.018811973150763737,
all-other-subjects,V6,V3,test,sub-08,linear_predictivity,123,458,0.042118048122100515,"[0.041939222532541676, 0.04789411528030557, 0.04157043004394859, 0.04168838316464531, 0.03749808958906144]"
all-other-subjects,V6,V4,train,sub-08,linear_predictivity,123,604,0.04062184501458687,
all-other-subjects,V6,V4,test,sub-08,linear_predictivity,123,604,0.09156821164999823,"[0.0925466883087594, 0.09417510320722547, 0.0924203644096576, 0.08750684560108797, 0.09119205672326076]"
all-other-subjects,V6,V3A,train,sub-08,linear_predictivity,123,226,0.05305960440773663,
all-other-subjects,V6,V3A,test,sub-08,linear_predictivity,123,226,0.14688524928671623,"[0.14324486313446386, 0.15279030419024403, 0.14842420610021798, 0.14484299039860796, 0.14512388261004733]"
all-other-subjects,V6,V3B,train,sub-08,linear_predictivity,123,147,0.06714053856476791,
all-other-subjects,V6,V3B,test,sub-08,linear_predictivity,123,147,0.1651084260920256,"[0.16349293177373386, 0.16763715708840338, 0.1671840368607101, 0.16054404126788566, 0.166683963469395]"
all-other-subjects,V6,V6,train,sub-08,linear_predictivity,123,105,0.07109837747858701,
all-other-subjects,V6,V6,test,sub-08,linear_predictivity,123,105,0.13827286892629692,"[0.1376034050228149, 0.1393481339678146, 0.13721978112519492, 0.13558663469940355, 0.1416063898162565]"
all-other-subjects,V6,V6A,train,sub-08,linear_predictivity,123,84,0.1128936427243393,
all-other-subjects,V6,V6A,test,sub-08,linear_predictivity,123,84,0.2446414117032482,"[0.24042582839932947, 0.244625814094965, 0.24662311218019856, 0.24150758155050336, 0.2500247222912447]"
all-other-subjects,V6,V7,train,sub-08,linear_predictivity,123,78,0.11046234922314357,
all-other-subjects,V6,V7,test,sub-08,linear_predictivity,123,78,0.30406155508698485,"[0.2628299836551734, 0.3348557320333948, 0.33475704622630387, 0.31854211465388615, 0.269322898866166]"
all-other-subjects,V6,V8,train,sub-08,linear_predictivity,123,112,0.040688808629723114,
all-other-subjects,V6,V8,test,sub-08,linear_predictivity,123,112,0.1031939842752275,"[0.10535195628062068, 0.10624670123083016, 0.10334951509677993, 0.09607407264598432, 0.10494767612192235]"
all-other-subjects,V6,FFC,train,sub-08,linear_predictivity,123,275,0.03929333189617933,
all-other-subjects,V6,FFC,test,sub-08,linear_predictivity,123,275,0.11291293271153105,"[0.1167665156003438, 0.11800990824548958, 0.11491220095647015, 0.10155801726569269, 0.11331802148965894]"
all-other-subjects,V6,PIT,train,sub-08,linear_predictivity,123,117,0.04202454189164633,
all-other-subjects,V6,PIT,test,sub-08,linear_predictivity,123,117,0.11255184971116594,"[0.11166152142655932, 0.1178559634724745, 0.11384955832941619, 0.1047245607692183, 0.11466764455816138]"
all-other-subjects,V6,IPS1,train,sub-08,linear_predictivity,123,219,0.08266558821691829,
all-other-subjects,V6,IPS1,test,sub-08,linear_predictivity,123,219,0.20040816852552265,"[0.20736185110191632, 0.20103010555653267, 0.19607271261372444, 0.19424823760397955, 0.20332793575146033]"
all-other-subjects,V6,MST,train,sub-08,linear_predictivity,123,140,0.1758878100971897,
all-other-subjects,V6,MST,test,sub-08,linear_predictivity,123,140,0.35320186737057657,"[0.31746300807159744, 0.3831680331274532, 0.37132585757766634, 0.3697057062385115, 0.3243467318376542]"
all-other-subjects,V6,MT,train,sub-08,linear_predictivity,123,99,0.1356794462401094,
all-other-subjects,V6,MT,test,sub-08,linear_predictivity,123,99,0.3094781347909117,"[0.31131041422374356, 0.31194716687584473, 0.30782713482529883, 0.30300153009469394, 0.31330442793497715]"
all-other-subjects,V6,FST,train,sub-08,linear_predictivity,123,149,0.1563453478035027,
all-other-subjects,V6,FST,test,sub-08,linear_predictivity,123,149,0.3414025007900633,"[0.33718965113366717, 0.34801655354555516, 0.3399146976603244, 0.3264338609800016, 0.35545774063076846]"
all-other-subjects,V6,LO1,train,sub-08,linear_predictivity,123,79,0.07658429765400922,
all-other-subjects,V6,LO1,test,sub-08,linear_predictivity,123,79,0.18891266636175127,"[0.1931962299907438, 0.188902567518888, 0.18852626024557048, 0.17720680002682784, 0.19673147402672622]"
all-other-subjects,V6,LO2,train,sub-08,linear_predictivity,123,83,0.10143332715065041,
all-other-subjects,V6,LO2,test,sub-08,linear_predictivity,123,83,0.2705019036206377,"[0.2719184909216087, 0.27538062202603847, 0.2645391903532317, 0.2644849375786405, 0.2761862772236692]"
all-other-subjects,V6,LO3,train,sub-08,linear_predictivity,123,125,0.12610840864049805,
all-other-subjects,V6,LO3,test,sub-08,linear_predictivity,123,125,0.2721634706878277,"[0.2780261316644934, 0.2740936676258074, 0.2676164447972013, 0.26311822687701863, 0.2779628824746176]"
all-other-subjects,V6A,V1,train,sub-08,linear_predictivity,96,560,0.017345072364439978,
all-other-subjects,V6A,V1,test,sub-08,linear_predictivity,96,560,0.029724009080620957,"[0.022727699485925144, 0.030619503916663186, 0.03226954377868783, 0.03204334246171241, 0.03095995576011621]"
all-other-subjects,V6A,V2,train,sub-08,linear_predictivity,96,482,0.047576942659754116,
all-other-subjects,V6A,V2,test,sub-08,linear_predictivity,96,482,0.08682720797607127,"[0.08257870148092786, 0.08815132321538406, 0.08640230699723773, 0.0918868979254734, 0.08511681026133329]"
all-other-subjects,V6A,V3,train,sub-08,linear_predictivity,96,458,0.042927907124496165,
all-other-subjects,V6A,V3,test,sub-08,linear_predictivity,96,458,0.09557370505838143,"[0.09279063322907845, 0.09945419583210084, 0.09379402153530324, 0.09762063143403599, 0.09420904326138861]"
all-other-subjects,V6A,V4,train,sub-08,linear_predictivity,96,604,0.07360427225228611,
all-other-subjects,V6A,V4,test,sub-08,linear_predictivity,96,604,0.16381633374421053,"[0.16780139135305874, 0.16404407345031755, 0.16327874284139846, 0.16164329990440474, 0.16231416117187325]"
all-other-subjects,V6A,V3A,train,sub-08,linear_predictivity,96,226,0.08582759202943309,
all-other-subjects,V6A,V3A,test,sub-08,linear_predictivity,96,226,0.2263445138496345,"[0.22635232963697585, 0.22630238752443546, 0.22607301289093665, 0.22803715408289604, 0.22495768511292857]"
all-other-subjects,V6A,V3B,train,sub-08,linear_predictivity,96,147,0.11402021994881703,
all-other-subjects,V6A,V3B,test,sub-08,linear_predictivity,96,147,0.27823093557911815,"[0.28217093201672094, 0.28354523707371054, 0.2813505024790732, 0.2746459600158677, 0.26944204631021823]"
all-other-subjects,V6A,V6,train,sub-08,linear_predictivity,96,105,0.07259772724962134,
all-other-subjects,V6A,V6,test,sub-08,linear_predictivity,96,105,0.16498870564287144,"[0.16492680361662695, 0.17843179832135914, 0.15450966995113172, 0.16420725080072865, 0.1628680055245107]"
all-other-subjects,V6A,V6A,train,sub-08,linear_predictivity,96,84,0.1437920203472547,
all-other-subjects,V6A,V6A,test,sub-08,linear_predictivity,96,84,0.30310973636386607,"[0.3022501666873187, 0.3041196838434737, 0.3003564048044474, 0.314171143860344, 0.2946512826237465]"
all-other-subjects,V6A,V7,train,sub-08,linear_predictivity,96,78,0.20940402930680216,
all-other-subjects,V6A,V7,test,sub-08,linear_predictivity,96,78,0.45532795243739627,"[0.4282700070952157, 0.46377440133345094, 0.46143701600889797, 0.45872509084857443, 0.4644332469008421]"
all-other-subjects,V6A,V8,train,sub-08,linear_predictivity,96,112,0.0579891658051554,
all-other-subjects,V6A,V8,test,sub-08,linear_predictivity,96,112,0.1669086280638477,"[0.17568496696039412, 0.1667469212988643, 0.1663688641397215, 0.16331807155858732, 0.1624243163616712]"
all-other-subjects,V6A,FFC,train,sub-08,linear_predictivity,96,275,0.05720531590715614,
all-other-subjects,V6A,FFC,test,sub-08,linear_predictivity,96,275,0.12848759502422286,"[0.1330271731179564, 0.13196225130755224, 0.13234634085530436, 0.11573171376686771, 0.12937049607343354]"
all-other-subjects,V6A,PIT,train,sub-08,linear_predictivity,96,117,0.06218713407839377,
all-other-subjects,V6A,PIT,test,sub-08,linear_predictivity,96,117,0.12030175020426977,"[0.12119050780279715, 0.11921129943434325, 0.11988532599574572, 0.11851350846775209, 0.1227081093207106]"
all-other-subjects,V6A,IPS1,train,sub-08,linear_predictivity,96,219,0.14297527283972397,
all-other-subjects,V6A,IPS1,test,sub-08,linear_predictivity,96,219,0.30944267139994996,"[0.3150870822136343, 0.3171718015993936, 0.31160110143263653, 0.2991364439747227, 0.30421692777936266]"
all-other-subjects,V6A,MST,train,sub-08,linear_predictivity,96,140,0.21344107801904724,
all-other-subjects,V6A,MST,test,sub-08,linear_predictivity,96,140,0.4318007348363088,"[0.43212722246024615, 0.44134999127225444, 0.4279158475999985, 0.4295088756569476, 0.42810173719209743]"
all-other-subjects,V6A,MT,train,sub-08,linear_predictivity,96,99,0.1665167315923055,
all-other-subjects,V6A,MT,test,sub-08,linear_predictivity,96,99,0.3380410941180354,"[0.345507129709517, 0.3429069190100419, 0.33519059814870644, 0.33331136896182906, 0.33328945476008265]"
all-other-subjects,V6A,FST,train,sub-08,linear_predictivity,96,149,0.21762629444666007,
all-other-subjects,V6A,FST,test,sub-08,linear_predictivity,96,149,0.41362429189239835,"[0.410578375453328, 0.42550921972259564, 0.4176229614868686, 0.40556399855782965, 0.40884690424137]"
all-other-subjects,V6A,LO1,train,sub-08,linear_predictivity,96,79,0.14554133350107834,
all-other-subjects,V6A,LO1,test,sub-08,linear_predictivity,96,79,0.30805145522969163,"[0.31464183467059975, 0.3126263545186636, 0.3103594575493968, 0.29957836910392777, 0.3030512603058702]"
all-other-subjects,V6A,LO2,train,sub-08,linear_predictivity,96,83,0.11467017428030786,
all-other-subjects,V6A,LO2,test,sub-08,linear_predictivity,96,83,0.265526296212926,"[0.2294598303106322, 0.27977869930608723, 0.27366643451235184, 0.2653453336592411, 0.2793811832763177]"
all-other-subjects,V6A,LO3,train,sub-08,linear_predictivity,96,125,0.19272108229576518,
all-other-subjects,V6A,LO3,test,sub-08,linear_predictivity,96,125,0.40766388417836286,"[0.4172166318268936, 0.4141124322798946, 0.4065362921614614, 0.4003112815844699, 0.4001427830390949]"
all-other-subjects,V7,V1,train,sub-08,linear_predictivity,89,560,0.019957256877679803,
all-other-subjects,V7,V1,test,sub-08,linear_predictivity,89,560,0.036742355563593086,"[0.03275127509652127, 0.03510080211226115, 0.03791523377754693, 0.04000393923107581, 0.037940527600560256]"
all-other-subjects,V7,V2,train,sub-08,linear_predictivity,89,482,0.045198614222627054,
all-other-subjects,V7,V2,test,sub-08,linear_predictivity,89,482,0.09271213569314923,"[0.0853189011939093, 0.09377461663854297, 0.0924869937661396, 0.0996433118535639, 0.09233685501359042]"
all-other-subjects,V7,V3,train,sub-08,linear_predictivity,89,458,0.03714888470026586,
all-other-subjects,V7,V3,test,sub-08,linear_predictivity,89,458,0.11341411580646013,"[0.11140258013013314, 0.11312711774540365, 0.11050152534458768, 0.11944483469886351, 0.11259452111331265]"
all-other-subjects,V7,V4,train,sub-08,linear_predictivity,89,604,0.06651997419431625,
all-other-subjects,V7,V4,test,sub-08,linear_predictivity,89,604,0.19851538677067557,"[0.21519787275554111, 0.21184524442693675, 0.17464835616687382, 0.1786697421995194, 0.2122157183045068]"
all-other-subjects,V7,V3A,train,sub-08,linear_predictivity,89,226,0.06962653834521461,
all-other-subjects,V7,V3A,test,sub-08,linear_predictivity,89,226,0.18820957215275583,"[0.18338093556196608, 0.19122826782983565, 0.18379424480898673, 0.1935965055482695, 0.18904790701472124]"
all-other-subjects,V7,V3B,train,sub-08,linear_predictivity,89,147,0.11628872925415396,
all-other-subjects,V7,V3B,test,sub-08,linear_predictivity,89,147,0.3098655425557154,"[0.3252846239743872, 0.31469626728951006, 0.2882239479774352, 0.31131829881222645, 0.309804574725018]"
all-other-subjects,V7,V6,train,sub-08,linear_predictivity,89,105,0.04803354977654965,
all-other-subjects,V7,V6,test,sub-08,linear_predictivity,89,105,0.14697186255016878,"[0.14522520154868193, 0.15950699408538466, 0.13684164831855566, 0.13944848746403168, 0.15383698133418997]"
all-other-subjects,V7,V6A,train,sub-08,linear_predictivity,89,84,0.11340275273045326,
all-other-subjects,V7,V6A,test,sub-08,linear_predictivity,89,84,0.28191006469020624,"[0.27993951578103865, 0.28971420486927785, 0.27732454752138025, 0.28485727670533595, 0.2777147785739985]"
all-other-subjects,V7,V7,train,sub-08,linear_predictivity,89,78,0.24142605113512028,
all-other-subjects,V7,V7,test,sub-08,linear_predictivity,89,78,0.5066015700464936,"[0.504970171286252, 0.5133713339984062, 0.5006062303058596, 0.5046645840113511, 0.5093955306305994]"
all-other-subjects,V7,V8,train,sub-08,linear_predictivity,89,112,0.05355969616930364,
all-other-subjects,V7,V8,test,sub-08,linear_predictivity,89,112,0.16118937583171217,"[0.16126501481806993, 0.15255490807692082, 0.1571860475981639, 0.15668665518746241, 0.17825425347794394]"
all-other-subjects,V7,FFC,train,sub-08,linear_predictivity,89,275,0.05372706384423552,
all-other-subjects,V7,FFC,test,sub-08,linear_predictivity,89,275,0.20326703253302109,"[0.20189999438074127, 0.19751022224560333, 0.2049227991994614, 0.19919283399943993, 0.2128093128398593]"
all-other-subjects,V7,PIT,train,sub-08,linear_predictivity,89,117,0.046166635873915327,
all-other-subjects,V7,PIT,test,sub-08,linear_predictivity,89,117,0.18271526188733023,"[0.17650746382571153, 0.17934096014552864, 0.18266985107656708, 0.18721321112432515, 0.18784482326451868]"
all-other-subjects,V7,IPS1,train,sub-08,linear_predictivity,89,219,0.12219862658807179,
all-other-subjects,V7,IPS1,test,sub-08,linear_predictivity,89,219,0.3005205257473656,"[0.30231116896652005, 0.3068838853877619, 0.3008536213996916, 0.30082129648750094, 0.2917326564953535]"
all-other-subjects,V7,MST,train,sub-08,linear_predictivity,89,140,0.1931998258824033,
all-other-subjects,V7,MST,test,sub-08,linear_predictivity,89,140,0.4186101195935047,"[0.41578097117770063, 0.424600116054202, 0.41232639615673755, 0.4237020894983518, 0.4166410250805314]"
all-other-subjects,V7,MT,train,sub-08,linear_predictivity,89,99,0.1587500379002693,
all-other-subjects,V7,MT,test,sub-08,linear_predictivity,89,99,0.3654519448179925,"[0.3713327297957681, 0.37280528773824606, 0.36728043222370066, 0.36691902978334867, 0.34892224454889875]"
all-other-subjects,V7,FST,train,sub-08,linear_predictivity,89,149,0.20678645101841284,
all-other-subjects,V7,FST,test,sub-08,linear_predictivity,89,149,0.44327200226771823,"[0.43633847384303437, 0.45047649407987306, 0.44158359435710665, 0.4462617482146887, 0.4416997008438883]"
all-other-subjects,V7,LO1,train,sub-08,linear_predictivity,89,79,0.14504225472967539,
all-other-subjects,V7,LO1,test,sub-08,linear_predictivity,89,79,0.31744081215742875,"[0.32461541102957264, 0.31297224953756436, 0.32017373779938374, 0.3127130126704812, 0.31672964975014195]"
all-other-subjects,V7,LO2,train,sub-08,linear_predictivity,89,83,0.1124969726946501,
all-other-subjects,V7,LO2,test,sub-08,linear_predictivity,89,83,0.29682096531163776,"[0.2975834599187495, 0.2940571838445185, 0.29524421888206154, 0.2948225750838704, 0.30239738882898903]"
all-other-subjects,V7,LO3,train,sub-08,linear_predictivity,89,125,0.16610813025196455,
all-other-subjects,V7,LO3,test,sub-08,linear_predictivity,89,125,0.4060428252567306,"[0.4153869976447907, 0.4072243293731008, 0.40839909544428404, 0.40773934669744877, 0.3914643571240282]"
all-other-subjects,V8,V1,train,sub-08,linear_predictivity,113,560,0.05306138211479647,
all-other-subjects,V8,V1,test,sub-08,linear_predictivity,113,560,0.10443094251871776,"[0.10343535072092178, 0.1007806607345666, 0.10610303643629924, 0.10580550051147027, 0.10603016419033098]"
all-other-subjects,V8,V2,train,sub-08,linear_predictivity,113,482,0.10311687443263094,
all-other-subjects,V8,V2,test,sub-08,linear_predictivity,113,482,0.2134868443512306,"[0.20617044466584997, 0.21212304804663307, 0.21374657725320184, 0.22132452416832668, 0.21406962762214132]"
all-other-subjects,V8,V3,train,sub-08,linear_predictivity,113,458,0.08304365991359766,
all-other-subjects,V8,V3,test,sub-08,linear_predictivity,113,458,0.2216915675887358,"[0.21921966647367347, 0.22049257309407191, 0.220083830288878, 0.22876183892430652, 0.219899929162749]"
all-other-subjects,V8,V4,train,sub-08,linear_predictivity,113,604,0.1195647213852701,
all-other-subjects,V8,V4,test,sub-08,linear_predictivity,113,604,0.2780284177750196,"[0.27944648455224275, 0.27269912789445067, 0.2773079780130074, 0.2823829103255138, 0.27830558808988337]"
all-other-subjects,V8,V3A,train,sub-08,linear_predictivity,113,226,0.06861031673928933,
all-other-subjects,V8,V3A,test,sub-08,linear_predictivity,113,226,0.18719909578874477,"[0.18593933479003127, 0.18666289075217987, 0.1863790239190258, 0.19406752981429815, 0.18294669966818872]"
all-other-subjects,V8,V3B,train,sub-08,linear_predictivity,113,147,0.09760662187796691,
all-other-subjects,V8,V3B,test,sub-08,linear_predictivity,113,147,0.25417374443218976,"[0.2561551973954992, 0.25390850234033946, 0.2575461110105855, 0.2547310802609891, 0.24852783115353544]"
all-other-subjects,V8,V6,train,sub-08,linear_predictivity,113,105,0.04410659417230577,
all-other-subjects,V8,V6,test,sub-08,linear_predictivity,113,105,0.07657558033390112,"[0.07477468652282947, 0.07563538657592744, 0.0762729936383005, 0.06983412546020233, 0.08636070947224583]"
all-other-subjects,V8,V6A,train,sub-08,linear_predictivity,113,84,0.08326386249892113,
all-other-subjects,V8,V6A,test,sub-08,linear_predictivity,113,84,0.18962740221603203,"[0.19474666901641413, 0.18648013958734042, 0.18911095049780552, 0.1892018164113654, 0.18859743556723468]"
all-other-subjects,V8,V7,train,sub-08,linear_predictivity,113,78,0.07375549642377739,
all-other-subjects,V8,V7,test,sub-08,linear_predictivity,113,78,0.1669477597471004,"[0.1913449019421399, 0.14613542079077615, 0.14836838198780591, 0.1555689347394241, 0.19332115927535598]"
all-other-subjects,V8,V8,train,sub-08,linear_predictivity,113,112,0.1489897393656409,
all-other-subjects,V8,V8,test,sub-08,linear_predictivity,113,112,0.3279186398597411,"[0.3292333864261006, 0.3242927022701447, 0.33010600754849134, 0.326325593365612, 0.3296355096883571]"
all-other-subjects,V8,FFC,train,sub-08,linear_predictivity,113,275,0.13039569904095447,
all-other-subjects,V8,FFC,test,sub-08,linear_predictivity,113,275,0.3261213004948726,"[0.327601349435873, 0.3203997275195811, 0.3301237914769247, 0.3273177990205757, 0.3251638350214085]"
all-other-subjects,V8,PIT,train,sub-08,linear_predictivity,113,117,0.13888806342834112,
all-other-subjects,V8,PIT,test,sub-08,linear_predictivity,113,117,0.3347632120438331,"[0.334905266017817, 0.3327833436586886, 0.33421019121362155, 0.3370620589042368, 0.3348552004248016]"
all-other-subjects,V8,IPS1,train,sub-08,linear_predictivity,113,219,0.06020865161600223,
all-other-subjects,V8,IPS1,test,sub-08,linear_predictivity,113,219,0.17880237887916306,"[0.18554549867993822, 0.17905048302329069, 0.17678932445466689, 0.17753397735295212, 0.17509261088496736]"
all-other-subjects,V8,MST,train,sub-08,linear_predictivity,113,140,0.0796318212760994,
all-other-subjects,V8,MST,test,sub-08,linear_predictivity,113,140,0.20609997990591622,"[0.23505115848588315, 0.2322654413081309, 0.16468725950680077, 0.16589261318209694, 0.23260342704666936]"
all-other-subjects,V8,MT,train,sub-08,linear_predictivity,113,99,0.10135159023574686,
all-other-subjects,V8,MT,test,sub-08,linear_predictivity,113,99,0.27337000266267364,"[0.30321046675841423, 0.29250743837280485, 0.24072801006177824, 0.23599843343010987, 0.2944056646902611]"
all-other-subjects,V8,FST,train,sub-08,linear_predictivity,113,149,0.13099823878303085,
all-other-subjects,V8,FST,test,sub-08,linear_predictivity,113,149,0.27543975331939946,"[0.2780097920441769, 0.27819833147928447, 0.276237946758562, 0.27699160368848186, 0.2677610926264923]"
all-other-subjects,V8,LO1,train,sub-08,linear_predictivity,113,79,0.09925861881370002,
all-other-subjects,V8,LO1,test,sub-08,linear_predictivity,113,79,0.2556830390848951,"[0.2580365764780266, 0.25726491623226516, 0.2544498602918262, 0.250606402668821, 0.25805743975353657]"
all-other-subjects,V8,LO2,train,sub-08,linear_predictivity,113,83,0.2362865446903787,
all-other-subjects,V8,LO2,test,sub-08,linear_predictivity,113,83,0.5077695043191873,"[0.503674955799077, 0.49816218422555797, 0.5055304405467266, 0.5192759358202224, 0.5122040052043529]"
all-other-subjects,V8,LO3,train,sub-08,linear_predictivity,113,125,0.11604912932835196,
all-other-subjects,V8,LO3,test,sub-08,linear_predictivity,113,125,0.30520433254014023,"[0.3446789807717008, 0.33285087934109386, 0.28384300574523186, 0.28435084323890814, 0.2802979536037667]"
all-other-subjects,FFC,V1,train,sub-08,linear_predictivity,314,560,0.027715520358419073,
all-other-subjects,FFC,V1,test,sub-08,linear_predictivity,314,560,0.08231344679562347,"[0.0791838791357228, 0.07777374101961164, 0.08585578925822888, 0.08540409629509244, 0.08334972826946155]"
all-other-subjects,FFC,V2,train,sub-08,linear_predictivity,314,482,0.056031083704962334,
all-other-subjects,FFC,V2,test,sub-08,linear_predictivity,314,482,0.1372929126123189,"[0.13110439639982185, 0.13555177301605595, 0.13999684718741232, 0.14513956911149983, 0.13467197734680458]"
all-other-subjects,FFC,V3,train,sub-08,linear_predictivity,314,458,0.06349822030843859,
all-other-subjects,FFC,V3,test,sub-08,linear_predictivity,314,458,0.19188947318819022,"[0.19444928875096304, 0.18812084961897194, 0.1946570410359016, 0.19374134782436186, 0.18847883871075255]"
all-other-subjects,FFC,V4,train,sub-08,linear_predictivity,314,604,0.10359915725847363,
all-other-subjects,FFC,V4,test,sub-08,linear_predictivity,314,604,0.283178803226417,"[0.29088659271931505, 0.2703735241266303, 0.29009223154025676, 0.2812156303150155, 0.2833260374308673]"
all-other-subjects,FFC,V3A,train,sub-08,linear_predictivity,314,226,0.040731528434474536,
all-other-subjects,FFC,V3A,test,sub-08,linear_predictivity,314,226,0.15902802900502766,"[0.1603360938172498, 0.16144750844219918, 0.15232241886117273, 0.16766980548385083, 0.15336431842066572]"
all-other-subjects,FFC,V3B,train,sub-08,linear_predictivity,314,147,0.07441632428557947,
all-other-subjects,FFC,V3B,test,sub-08,linear_predictivity,314,147,0.2606930995963247,"[0.26438269174072127, 0.2549244623384681, 0.26884628704140145, 0.25972381234345615, 0.2555882445175766]"
all-other-subjects,FFC,V6,train,sub-08,linear_predictivity,314,105,0.06399175145265652,
all-other-subjects,FFC,V6,test,sub-08,linear_predictivity,314,105,0.1366379753515406,"[0.13046488421543623, 0.1355049449245168, 0.13940509331444562, 0.13126507365553214, 0.1465498806477722]"
all-other-subjects,FFC,V6A,train,sub-08,linear_predictivity,314,84,0.1020092688817186,
all-other-subjects,FFC,V6A,test,sub-08,linear_predictivity,314,84,0.2549766641880029,"[0.26102693533678645, 0.252736778288398, 0.24993706940692423, 0.2602481739570616, 0.25093436395084406]"
all-other-subjects,FFC,V7,train,sub-08,linear_predictivity,314,78,0.13313591002699587,
all-other-subjects,FFC,V7,test,sub-08,linear_predictivity,314,78,0.30066817249793865,"[0.31036709565108683, 0.29998344460364945, 0.2954533451194624, 0.30174589568764, 0.2957910814278548]"
all-other-subjects,FFC,V8,train,sub-08,linear_predictivity,314,112,0.1343327901109312,
all-other-subjects,FFC,V8,test,sub-08,linear_predictivity,314,112,0.31674011287145365,"[0.32014018956923623, 0.30698240062921556, 0.3253165662091058, 0.31518656282674856, 0.31607484512296236]"
all-other-subjects,FFC,FFC,train,sub-08,linear_predictivity,314,275,0.18679991526824657,
all-other-subjects,FFC,FFC,test,sub-08,linear_predictivity,314,275,0.44360788188794464,"[0.44843629755325537, 0.4368469352339001, 0.44397594391580486, 0.44378597974342743, 0.44499425299333534]"
all-other-subjects,FFC,PIT,train,sub-08,linear_predictivity,314,117,0.1936170532426852,
all-other-subjects,FFC,PIT,test,sub-08,linear_predictivity,314,117,0.4744315232934223,"[0.4809101099725677, 0.46447074095546514, 0.4742080749084504, 0.4728202315451951, 0.47974845908543345]"
all-other-subjects,FFC,IPS1,train,sub-08,linear_predictivity,314,219,0.08242223735648806,
all-other-subjects,FFC,IPS1,test,sub-08,linear_predictivity,314,219,0.23743056574934815,"[0.24408127233917754, 0.236037456016868, 0.2358997561435941, 0.23610403512362432, 0.2350303091234768]"
all-other-subjects,FFC,MST,train,sub-08,linear_predictivity,314,140,0.1916734647695337,
all-other-subjects,FFC,MST,test,sub-08,linear_predictivity,314,140,0.3532212089538984,"[0.36029360187114917, 0.3543668691023791, 0.3554794525848176, 0.34877685921632834, 0.34718926199481775]"
all-other-subjects,FFC,MT,train,sub-08,linear_predictivity,314,99,0.1617630371265469,
all-other-subjects,FFC,MT,test,sub-08,linear_predictivity,314,99,0.3408001010266247,"[0.34356647585803307, 0.3453663715332452, 0.34672639616308704, 0.33419639336679385, 0.33414486821196426]"
all-other-subjects,FFC,FST,train,sub-08,linear_predictivity,314,149,0.26087333539438173,
all-other-subjects,FFC,FST,test,sub-08,linear_predictivity,314,149,0.4255959010455255,"[0.43505224859945146, 0.4263079812885882, 0.4261442931074543, 0.41842209408316616, 0.42205288814896774]"
all-other-subjects,FFC,LO1,train,sub-08,linear_predictivity,314,79,0.12418590385792912,
all-other-subjects,FFC,LO1,test,sub-08,linear_predictivity,314,79,0.3096408577016494,"[0.3243255910292596, 0.2920031378260168, 0.3241768356293769, 0.2941710622433717, 0.31352766178022207]"
all-other-subjects,FFC,LO2,train,sub-08,linear_predictivity,314,83,0.311249690455849,
all-other-subjects,FFC,LO2,test,sub-08,linear_predictivity,314,83,0.5846549852091193,"[0.5880422583406956, 0.5748433333166854, 0.5877666398483465, 0.5867780987888637, 0.5858445957510051]"
all-other-subjects,FFC,LO3,train,sub-08,linear_predictivity,314,125,0.13469356478074337,
all-other-subjects,FFC,LO3,test,sub-08,linear_predictivity,314,125,0.32364282330580557,"[0.3303067379036476, 0.3241535024200177, 0.3277894118341731, 0.3118079731184068, 0.3241564912527826]"
all-other-subjects,PIT,V1,train,sub-08,linear_predictivity,124,560,0.04509156127047194,
all-other-subjects,PIT,V1,test,sub-08,linear_predictivity,124,560,0.10527103217892868,"[0.09898771920869652, 0.10519392325684865, 0.1108632513361099, 0.10609262679944252, 0.10521764029354583]"
all-other-subjects,PIT,V2,train,sub-08,linear_predictivity,124,482,0.07738610532619995,
all-other-subjects,PIT,V2,test,sub-08,linear_predictivity,124,482,0.17344149987037896,"[0.16310456350074168, 0.17364584053702628, 0.18250558907071793, 0.17989207876127797, 0.16805942748213087]"
all-other-subjects,PIT,V3,train,sub-08,linear_predictivity,124,458,0.08533147968589594,
all-other-subjects,PIT,V3,test,sub-08,linear_predictivity,124,458,0.22534171536217534,"[0.21765707798565725, 0.2262081736202835, 0.23045429718522553, 0.2287614386723562, 0.22362758934735416]"
all-other-subjects,PIT,V4,train,sub-08,linear_predictivity,124,604,0.11473424986621261,
all-other-subjects,PIT,V4,test,sub-08,linear_predictivity,124,604,0.2798012472042603,"[0.2753431698126102, 0.2776668827501441, 0.2855534819543501, 0.2785536613302225, 0.28188904017397454]"
all-other-subjects,PIT,V3A,train,sub-08,linear_predictivity,124,226,0.045016706235154184,
all-other-subjects,PIT,V3A,test,sub-08,linear_predictivity,124,226,0.1376271647000144,"[0.12850336977156207, 0.13954659776361303, 0.14256812468648614, 0.13591909920726233, 0.14159863207114842]"
all-other-subjects,PIT,V3B,train,sub-08,linear_predictivity,124,147,0.0760031068474719,
all-other-subjects,PIT,V3B,test,sub-08,linear_predictivity,124,147,0.21040447909148066,"[0.20322006021616876, 0.2141790332873856, 0.21690167119122578, 0.20758652807157899, 0.21013510269104413]"
all-other-subjects,PIT,V6,train,sub-08,linear_predictivity,124,105,0.03763695131529926,
all-other-subjects,PIT,V6,test,sub-08,linear_predictivity,124,105,0.09956898053522809,"[0.09941009386130122, 0.10109447036111974, 0.10120252733154955, 0.09225191376182591, 0.10388589736034404]"
all-other-subjects,PIT,V6A,train,sub-08,linear_predictivity,124,84,0.07101784856369144,
all-other-subjects,PIT,V6A,test,sub-08,linear_predictivity,124,84,0.19149625483093807,"[0.20221573136865767, 0.2087702374262181, 0.17018011751315051, 0.1629323140560555, 0.2133828737906086]"
all-other-subjects,PIT,V7,train,sub-08,linear_predictivity,124,78,0.11253838862044589,
all-other-subjects,PIT,V7,test,sub-08,linear_predictivity,124,78,0.27344752560439123,"[0.2805700855089154, 0.2868032133922037, 0.28438814958332015, 0.21818347794295803, 0.2972927015945589]"
all-other-subjects,PIT,V8,train,sub-08,linear_predictivity,124,112,0.12475623454394295,
all-other-subjects,PIT,V8,test,sub-08,linear_predictivity,124,112,0.3031260251660746,"[0.2953832191880646, 0.2982637902157066, 0.3062962383083788, 0.30426948923971225, 0.3114173888785107]"
all-other-subjects,PIT,FFC,train,sub-08,linear_predictivity,124,275,0.1605512783428859,
all-other-subjects,PIT,FFC,test,sub-08,linear_predictivity,124,275,0.39880805791309404,"[0.4014930228229047, 0.39421176141156666, 0.4018630452268712, 0.3960818800420675, 0.4003905800620603]"
all-other-subjects,PIT,PIT,train,sub-08,linear_predictivity,124,117,0.2035498524803248,
all-other-subjects,PIT,PIT,test,sub-08,linear_predictivity,124,117,0.49283793872856085,"[0.4920305436481833, 0.491611557478111, 0.4945839072850998, 0.49034833269039385, 0.4956153525410163]"
all-other-subjects,PIT,IPS1,train,sub-08,linear_predictivity,124,219,0.07281138200204879,
all-other-subjects,PIT,IPS1,test,sub-08,linear_predictivity,124,219,0.16266941243858518,"[0.16687691536359944, 0.16342572110654757, 0.16139892005226486, 0.16098551205124503, 0.16065999361926905]"
all-other-subjects,PIT,MST,train,sub-08,linear_predictivity,124,140,0.1546528612439364,
all-other-subjects,PIT,MST,test,sub-08,linear_predictivity,124,140,0.3438876541096736,"[0.3402965703064793, 0.3435647681381842, 0.33968865817322863, 0.3500058497241634, 0.3458824242063126]"
all-other-subjects,PIT,MT,train,sub-08,linear_predictivity,124,99,0.13303347452177375,
all-other-subjects,PIT,MT,test,sub-08,linear_predictivity,124,99,0.2891686303795613,"[0.28171877129147554, 0.2920118963830009, 0.29033525142154765, 0.2914438680940042, 0.2903333647077783]"
all-other-subjects,PIT,FST,train,sub-08,linear_predictivity,124,149,0.2140248275946699,
all-other-subjects,PIT,FST,test,sub-08,linear_predictivity,124,149,0.38578410389505613,"[0.3879669443146456, 0.3813684363723363, 0.3825237620767141, 0.38603160819106036, 0.3910297685205241]"
all-other-subjects,PIT,LO1,train,sub-08,linear_predictivity,124,79,0.10258958048535141,
all-other-subjects,PIT,LO1,test,sub-08,linear_predictivity,124,79,0.2500541681011276,"[0.28689697609794157, 0.22900232938632223, 0.2940760724112045, 0.2152185153776574, 0.22507694723251256]"
all-other-subjects,PIT,LO2,train,sub-08,linear_predictivity,124,83,0.2892694708663404,
all-other-subjects,PIT,LO2,test,sub-08,linear_predictivity,124,83,0.590148237699473,"[0.5819431112841752, 0.5880200517042832, 0.598225428036891, 0.5893125859749987, 0.5932400114970167]"
all-other-subjects,PIT,LO3,train,sub-08,linear_predictivity,124,125,0.11947890320493178,
all-other-subjects,PIT,LO3,test,sub-08,linear_predictivity,124,125,0.30025494020423826,"[0.30426963987048583, 0.3018409977290547, 0.3053884736990713, 0.29107224994856445, 0.298703339774015]"
all-other-subjects,IPS1,V1,train,sub-08,linear_predictivity,246,560,0.0068161446674900985,
all-other-subjects,IPS1,V1,test,sub-08,linear_predictivity,246,560,0.002947615219203701,"[0.0015648494044250498, 0.00020698846400434132, 0.007201461787415421, 0.002240984089303967, 0.0035237923508697256]"
all-other-subjects,IPS1,V2,train,sub-08,linear_predictivity,246,482,0.024797817114879054,
all-other-subjects,IPS1,V2,test,sub-08,linear_predictivity,246,482,0.0463590439996966,"[0.04214985269628267, 0.04006997223224944, 0.05206576567326568, 0.0515207004706126, 0.0459889289260726]"
all-other-subjects,IPS1,V3,train,sub-08,linear_predictivity,246,458,0.02336088116142928,
all-other-subjects,IPS1,V3,test,sub-08,linear_predictivity,246,458,0.08680390009280954,"[0.08658865489550463, 0.07631786215854046, 0.08945678444200421, 0.09420257536029886, 0.08745362360769951]"
all-other-subjects,IPS1,V4,train,sub-08,linear_predictivity,246,604,0.058288585188080375,
all-other-subjects,IPS1,V4,test,sub-08,linear_predictivity,246,604,0.1545894507086078,"[0.15444979771674752, 0.1457127335763013, 0.15864878078280809, 0.15974075294826895, 0.1543951885189131]"
all-other-subjects,IPS1,V3A,train,sub-08,linear_predictivity,246,226,0.052969992710545685,
all-other-subjects,IPS1,V3A,test,sub-08,linear_predictivity,246,226,0.1390299844662958,"[0.1447924225604078, 0.13918212163552932, 0.13651085440916375, 0.13304760406935467, 0.14161691965702333]"
all-other-subjects,IPS1,V3B,train,sub-08,linear_predictivity,246,147,0.10078592397849473,
all-other-subjects,IPS1,V3B,test,sub-08,linear_predictivity,246,147,0.2728248796259775,"[0.27197013813094284, 0.27323128565611676, 0.2795799804951357, 0.273774003285769, 0.26556899056192335]"
all-other-subjects,IPS1,V6,train,sub-08,linear_predictivity,246,105,0.035882034435459655,
all-other-subjects,IPS1,V6,test,sub-08,linear_predictivity,246,105,0.11474963366958943,"[0.11632769066819006, 0.12513125879595738, 0.10869509099413045, 0.10649868283408245, 0.11709544505558693]"
all-other-subjects,IPS1,V6A,train,sub-08,linear_predictivity,246,84,0.11387393035501862,
all-other-subjects,IPS1,V6A,test,sub-08,linear_predictivity,246,84,0.23413602397670666,"[0.24162961686245774, 0.23614259496021642, 0.2281954237146476, 0.23219505152777767, 0.23251743281843382]"
all-other-subjects,IPS1,V7,train,sub-08,linear_predictivity,246,78,0.15136521899523755,
all-other-subjects,IPS1,V7,test,sub-08,linear_predictivity,246,78,0.32456401742938096,"[0.32032372599376974, 0.32799645438570735, 0.31474127102619626, 0.3299406923011897, 0.3298179434400415]"
all-other-subjects,IPS1,V8,train,sub-08,linear_predictivity,246,112,0.05513265350322853,
all-other-subjects,IPS1,V8,test,sub-08,linear_predictivity,246,112,0.16884644416534314,"[0.16776761870825638, 0.16079548268406854, 0.17757472266077912, 0.16793751653804198, 0.17015688023556969]"
all-other-subjects,IPS1,FFC,train,sub-08,linear_predictivity,246,275,0.0657764810967205,
all-other-subjects,IPS1,FFC,test,sub-08,linear_predictivity,246,275,0.2209313773454563,"[0.22057636679411835, 0.21318869035215082, 0.22420175324535338, 0.21761011247448578, 0.22907996386117319]"
all-other-subjects,IPS1,PIT,train,sub-08,linear_predictivity,246,117,0.0683627268058371,
all-other-subjects,IPS1,PIT,test,sub-08,linear_predictivity,246,117,0.20374890673367338,"[0.19905723484468538, 0.19422607530317385, 0.20574850817959014, 0.20914059883256275, 0.21057211650835475]"
all-other-subjects,IPS1,IPS1,train,sub-08,linear_predictivity,246,219,0.16385956419805514,
all-other-subjects,IPS1,IPS1,test,sub-08,linear_predictivity,246,219,0.37340291366592443,"[0.3747618751620668, 0.37803525326808385, 0.37355402372754926, 0.3695140728838227, 0.37114934328809956]"
all-other-subjects,IPS1,MST,train,sub-08,linear_predictivity,246,140,0.16269263203844675,
all-other-subjects,IPS1,MST,test,sub-08,linear_predictivity,246,140,0.34410441237282663,"[0.343565424363167, 0.34757239315408817, 0.33196250939673755, 0.35117706428820195, 0.34624467066193865]"
all-other-subjects,IPS1,MT,train,sub-08,linear_predictivity,246,99,0.15792802923709703,
all-other-subjects,IPS1,MT,test,sub-08,linear_predictivity,246,99,0.34903045211908834,"[0.35275115541127317, 0.35096189761652297, 0.3488248059961996, 0.3534075975748037, 0.3392068039966423]"
all-other-subjects,IPS1,FST,train,sub-08,linear_predictivity,246,149,0.17910029229342234,
all-other-subjects,IPS1,FST,test,sub-08,linear_predictivity,246,149,0.36920669792642136,"[0.36827191610781895, 0.37231478495256254, 0.36107378389322764, 0.37543850990925137, 0.36893449476924606]"
all-other-subjects,IPS1,LO1,train,sub-08,linear_predictivity,246,79,0.15537110240751864,
all-other-subjects,IPS1,LO1,test,sub-08,linear_predictivity,246,79,0.34488646828211655,"[0.34516518948530195, 0.33772567121823094, 0.3527548232102278, 0.3449460787424891, 0.3438405787543331]"
all-other-subjects,IPS1,LO2,train,sub-08,linear_predictivity,246,83,0.1372747793471295,
all-other-subjects,IPS1,LO2,test,sub-08,linear_predictivity,246,83,0.32390104636969297,"[0.3260887688864809, 0.31229973099877634, 0.32245911538148486, 0.33005065283396884, 0.328606963747754]"
all-other-subjects,IPS1,LO3,train,sub-08,linear_predictivity,246,125,0.1919270748271807,
all-other-subjects,IPS1,LO3,test,sub-08,linear_predictivity,246,125,0.4512872071582407,"[0.45867414605358164, 0.4525329482918656, 0.4555632781235789, 0.4477734367339515, 0.44189222658822597]"
all-other-subjects,MST,V1,train,sub-08,linear_predictivity,149,560,0.022003327675905855,
all-other-subjects,MST,V1,test,sub-08,linear_predictivity,149,560,0.032872317609202666,"[0.030052958600469953, 0.03411468258586285, 0.03475122795615369, 0.03346310304304663, 0.03197961586048024]"
all-other-subjects,MST,V2,train,sub-08,linear_predictivity,149,482,0.05512886188315203,
all-other-subjects,MST,V2,test,sub-08,linear_predictivity,149,482,0.09726293762894771,"[0.09095582094493986, 0.09655920461285807, 0.10095324776769418, 0.10330865941643118, 0.0945377554028153]"
all-other-subjects,MST,V3,train,sub-08,linear_predictivity,149,458,0.04863175273452084,
all-other-subjects,MST,V3,test,sub-08,linear_predictivity,149,458,0.14164465104934115,"[0.14131420072916986, 0.14005550648973042, 0.1435164990778898, 0.1449227956325422, 0.13841425331737342]"
all-other-subjects,MST,V4,train,sub-08,linear_predictivity,149,604,0.08282628339340897,
all-other-subjects,MST,V4,test,sub-08,linear_predictivity,149,604,0.24603413690021708,"[0.2103645677652047, 0.25899827401374237, 0.271360839418948, 0.2799072159417402, 0.20953978736145012]"
all-other-subjects,MST,V3A,train,sub-08,linear_predictivity,149,226,0.08069920259108045,
all-other-subjects,MST,V3A,test,sub-08,linear_predictivity,149,226,0.2425392866824473,"[0.23224931924431075, 0.23880088228796353, 0.23879668069922444, 0.2683599361505926, 0.23448961503014515]"
all-other-subjects,MST,V3B,train,sub-08,linear_predictivity,149,147,0.0976597403667006,
all-other-subjects,MST,V3B,test,sub-08,linear_predictivity,149,147,0.27865768870076507,"[0.23057725704295778, 0.28390607857442574, 0.2989976509427764, 0.2951956677982672, 0.2846117891453984]"
all-other-subjects,MST,V6,train,sub-08,linear_predictivity,149,105,0.12598614303228103,
all-other-subjects,MST,V6,test,sub-08,linear_predictivity,149,105,0.23985193558368012,"[0.2389518136728292, 0.24058615593886434, 0.23815961909135372, 0.23603185061529527, 0.24553023860005813]"
all-other-subjects,MST,V6A,train,sub-08,linear_predictivity,149,84,0.16563566725481874,
all-other-subjects,MST,V6A,test,sub-08,linear_predictivity,149,84,0.3498438058512784,"[0.3128662947176088, 0.3571491832652474, 0.3631914998048553, 0.36018004552231, 0.3558320059463703]"
all-other-subjects,MST,V7,train,sub-08,linear_predictivity,149,78,0.23642548435494043,
all-other-subjects,MST,V7,test,sub-08,linear_predictivity,149,78,0.4669062974437811,"[0.44315095984292213, 0.4708784047246466, 0.470955253693474, 0.47921517412918363, 0.47033169482867887]"
all-other-subjects,MST,V8,train,sub-08,linear_predictivity,149,112,0.06629234183144884,
all-other-subjects,MST,V8,test,sub-08,linear_predictivity,149,112,0.17447313184456492,"[0.15743293630769092, 0.15707826816140313, 0.17066624754448992, 0.21936857222829947, 0.16781963498094113]"
all-other-subjects,MST,FFC,train,sub-08,linear_predictivity,149,275,0.14687044897458357,
all-other-subjects,MST,FFC,test,sub-08,linear_predictivity,149,275,0.36540828022235,"[0.35673717646951963, 0.36941615540082623, 0.3679830755382168, 0.3650632395640187, 0.36784175413916853]"
all-other-subjects,MST,PIT,train,sub-08,linear_predictivity,149,117,0.1498715755003559,
all-other-subjects,MST,PIT,test,sub-08,linear_predictivity,149,117,0.4212746391145189,"[0.40990261179952536, 0.4270941432012297, 0.4216618911509816, 0.42484965058806534, 0.4228648988327927]"
all-other-subjects,MST,IPS1,train,sub-08,linear_predictivity,149,219,0.10042322204910212,
all-other-subjects,MST,IPS1,test,sub-08,linear_predictivity,149,219,0.26392233128775633,"[0.26326104071284945, 0.26432585159630834, 0.26389831709890255, 0.2688621790802589, 0.2592642679504625]"
all-other-subjects,MST,MST,train,sub-08,linear_predictivity,149,140,0.3308057597526842,
all-other-subjects,MST,MST,test,sub-08,linear_predictivity,149,140,0.5528701976199096,"[0.5516172024564598, 0.5554137602714556, 0.5506839898634255, 0.5574134770303368, 0.5492225584778707]"
all-other-subjects,MST,MT,train,sub-08,linear_predictivity,149,99,0.2340616962193238,
all-other-subjects,MST,MT,test,sub-08,linear_predictivity,149,99,0.45547102448400845,"[0.4605466097487162, 0.46122520395701405, 0.4539957269757451, 0.4603906689481808, 0.4411969127903861]"
all-other-subjects,MST,FST,train,sub-08,linear_predictivity,149,149,0.3644606651155434,
all-other-subjects,MST,FST,test,sub-08,linear_predictivity,149,149,0.5563028924342059,"[0.540152498625398, 0.562202992716718, 0.5673466488013134, 0.5650365880265724, 0.5467757340010281]"
all-other-subjects,MST,LO1,train,sub-08,linear_predictivity,149,79,0.1252649095514985,
all-other-subjects,MST,LO1,test,sub-08,linear_predictivity,149,79,0.28205690825822155,"[0.2769703797630277, 0.2668118466171133, 0.29580271685621845, 0.28741546626515335, 0.283284131789595]"
all-other-subjects,MST,LO2,train,sub-08,linear_predictivity,149,83,0.27360022886902025,
all-other-subjects,MST,LO2,test,sub-08,linear_predictivity,149,83,0.5349708057211913,"[0.5306310975306548, 0.5340571852822024, 0.5383976084344856, 0.5403030021567534, 0.5314651352018601]"
all-other-subjects,MST,LO3,train,sub-08,linear_predictivity,149,125,0.15257905915165926,
all-other-subjects,MST,LO3,test,sub-08,linear_predictivity,149,125,0.3662717456152286,"[0.3707405148910378, 0.35965824043758443, 0.36640065871385996, 0.37449958938564326, 0.36005972464801783]"
all-other-subjects,MT,V1,train,sub-08,linear_predictivity,100,560,0.0243972796869822,
all-other-subjects,MT,V1,test,sub-08,linear_predictivity,100,560,0.044594868690108536,"[0.03887136873354117, 0.04873384397806922, 0.04073043347588892, 0.04601548044372513, 0.04862321681931822]"
all-other-subjects,MT,V2,train,sub-08,linear_predictivity,100,482,0.0627212310416567,
all-other-subjects,MT,V2,test,sub-08,linear_predictivity,100,482,0.13556078629067553,"[0.12586925903918736, 0.1380934384266369, 0.1346786527095245, 0.14317434038472684, 0.13598824089330194]"
all-other-subjects,MT,V3,train,sub-08,linear_predictivity,100,458,0.053393003899503376,
all-other-subjects,MT,V3,test,sub-08,linear_predictivity,100,458,0.17618724917379036,"[0.17560081023475796, 0.17751017207196892, 0.1717154310098454, 0.17585199178030003, 0.18025784077207935]"
all-other-subjects,MT,V4,train,sub-08,linear_predictivity,100,604,0.09079101246737373,
all-other-subjects,MT,V4,test,sub-08,linear_predictivity,100,604,0.23724491604191092,"[0.23758871369757845, 0.23009555086558484, 0.23642196185197312, 0.23950535466922093, 0.24261299912519738]"
all-other-subjects,MT,V3A,train,sub-08,linear_predictivity,100,226,0.09164097827628788,
all-other-subjects,MT,V3A,test,sub-08,linear_predictivity,100,226,0.2644120632416843,"[0.26071564157185745, 0.2671339545015004, 0.2671714751178088, 0.2645414554336601, 0.262497789583595]"
all-other-subjects,MT,V3B,train,sub-08,linear_predictivity,100,147,0.10127907787943105,
all-other-subjects,MT,V3B,test,sub-08,linear_predictivity,100,147,0.2572479023181216,"[0.2600392094116561, 0.24853899323565498, 0.2580929844294742, 0.25653117873157333, 0.2630371457822493]"
all-other-subjects,MT,V6,train,sub-08,linear_predictivity,100,105,0.1207164551131738,
all-other-subjects,MT,V6,test,sub-08,linear_predictivity,100,105,0.2288270478131226,"[0.2275737546555577, 0.22970782849259697, 0.23121834268643934, 0.22348872613899867, 0.2321465870920203]"
all-other-subjects,MT,V6A,train,sub-08,linear_predictivity,100,84,0.18260574499158078,
all-other-subjects,MT,V6A,test,sub-08,linear_predictivity,100,84,0.3538060921884231,"[0.35383977932781197, 0.34979307611403143, 0.35453715813508946, 0.3551876324671788, 0.3556728148980039]"
all-other-subjects,MT,V7,train,sub-08,linear_predictivity,100,78,0.22297801723734081,
all-other-subjects,MT,V7,test,sub-08,linear_predictivity,100,78,0.4322114622622987,"[0.42773294409688345, 0.4321570225936233, 0.43526300165731896, 0.4299894958433075, 0.43591484712036005]"
all-other-subjects,MT,V8,train,sub-08,linear_predictivity,100,112,0.07610156688966482,
all-other-subjects,MT,V8,test,sub-08,linear_predictivity,100,112,0.17964883835269824,"[0.1779509609042986, 0.17552867291143487, 0.18108162389231117, 0.1834953560613595, 0.18018757799408705]"
all-other-subjects,MT,FFC,train,sub-08,linear_predictivity,100,275,0.12167157600846701,
all-other-subjects,MT,FFC,test,sub-08,linear_predictivity,100,275,0.319815106646967,"[0.3257467978172777, 0.31606544338725695, 0.32165372820232985, 0.3080030076551844, 0.3276065561727861]"
all-other-subjects,MT,PIT,train,sub-08,linear_predictivity,100,117,0.13563155329110507,
all-other-subjects,MT,PIT,test,sub-08,linear_predictivity,100,117,0.37865787634905224,"[0.3814881266136946, 0.3700255113166391, 0.3761927116273589, 0.37349623954965455, 0.39208679263791407]"
all-other-subjects,MT,IPS1,train,sub-08,linear_predictivity,100,219,0.08191969448747004,
all-other-subjects,MT,IPS1,test,sub-08,linear_predictivity,100,219,0.19889030700285854,"[0.20612968466517087, 0.19465275827853484, 0.19535526523855073, 0.19656267744224876, 0.2017511493897874]"
all-other-subjects,MT,MST,train,sub-08,linear_predictivity,100,140,0.29761104741130046,
all-other-subjects,MT,MST,test,sub-08,linear_predictivity,100,140,0.5020190364117554,"[0.5024647194557227, 0.49944311472621683, 0.5011049969924082, 0.5049112436767818, 0.5021711072076475]"
all-other-subjects,MT,MT,train,sub-08,linear_predictivity,100,99,0.22698437504069668,
all-other-subjects,MT,MT,test,sub-08,linear_predictivity,100,99,0.4154709371299082,"[0.4180080671493109, 0.415045040780375, 0.41512534464333956, 0.4163639475664431, 0.41281228551007226]"
all-other-subjects,MT,FST,train,sub-08,linear_predictivity,100,149,0.33127426453997094,
all-other-subjects,MT,FST,test,sub-08,linear_predictivity,100,149,0.5138267829686206,"[0.5184091984741866, 0.5156571538497736, 0.5094953337253629, 0.5141162808726948, 0.5114559479210851]"
all-other-subjects,MT,LO1,train,sub-08,linear_predictivity,100,79,0.08870557917829157,
all-other-subjects,MT,LO1,test,sub-08,linear_predictivity,100,79,0.1886666342344122,"[0.19110930332339165, 0.1779106746487654, 0.18974058308056888, 0.1883068786360041, 0.19626573148333104]"
all-other-subjects,MT,LO2,train,sub-08,linear_predictivity,100,83,0.25955245920546166,
all-other-subjects,MT,LO2,test,sub-08,linear_predictivity,100,83,0.5256159657552747,"[0.5331747449185974, 0.513236640956086, 0.5166007064571897, 0.516176429655461, 0.5488913067890396]"
all-other-subjects,MT,LO3,train,sub-08,linear_predictivity,100,125,0.14122484556140164,
all-other-subjects,MT,LO3,test,sub-08,linear_predictivity,100,125,0.2836021044524591,"[0.2939501143655129, 0.2784488259131174, 0.27871727630125676, 0.2830532077654484, 0.28384109791696016]"
all-other-subjects,FST,V1,train,sub-08,linear_predictivity,175,560,0.015095749765230215,
all-other-subjects,FST,V1,test,sub-08,linear_predictivity,175,560,0.029281346074748194,"[0.029504695166329004, 0.026644191086508746, 0.033401097707756386, 0.026763159551279513, 0.03009358686186732]"
all-other-subjects,FST,V2,train,sub-08,linear_predictivity,175,482,0.03779775754006395,
all-other-subjects,FST,V2,test,sub-08,linear_predictivity,175,482,0.07989474432184553,"[0.07625816166131896, 0.07704796582875278, 0.08480549551710939, 0.08336966993156449, 0.07799242867048202]"
all-other-subjects,FST,V3,train,sub-08,linear_predictivity,175,458,0.04532114011227758,
all-other-subjects,FST,V3,test,sub-08,linear_predictivity,175,458,0.13681430716031603,"[0.140660028839972, 0.13348158594763182, 0.13870565458944112, 0.13540409714597, 0.1358201692785653]"
all-other-subjects,FST,V4,train,sub-08,linear_predictivity,175,604,0.08910514639388001,
all-other-subjects,FST,V4,test,sub-08,linear_predictivity,175,604,0.2274747049957672,"[0.23283617500256043, 0.219335526020232, 0.23152947257620374, 0.22585294948133106, 0.22781940189850872]"
all-other-subjects,FST,V3A,train,sub-08,linear_predictivity,175,226,0.05886814178329394,
all-other-subjects,FST,V3A,test,sub-08,linear_predictivity,175,226,0.18052287636056286,"[0.18099194938486335, 0.18162866869919247, 0.1834832508129632, 0.17872367693595267, 0.17778683596984263]"
all-other-subjects,FST,V3B,train,sub-08,linear_predictivity,175,147,0.09696753299866606,
all-other-subjects,FST,V3B,test,sub-08,linear_predictivity,175,147,0.2574656269517388,"[0.2596767978675506, 0.25230587992511017, 0.26931446985517615, 0.2517652965147295, 0.2542656905961275]"
all-other-subjects,FST,V6,train,sub-08,linear_predictivity,175,105,0.08921113058882645,
all-other-subjects,FST,V6,test,sub-08,linear_predictivity,175,105,0.18393090202154477,"[0.18183274288387846, 0.18296296461375025, 0.18057015441360724, 0.1786932516369791, 0.19559539655950875]"
all-other-subjects,FST,V6A,train,sub-08,linear_predictivity,175,84,0.1314380519688659,
all-other-subjects,FST,V6A,test,sub-08,linear_predictivity,175,84,0.25387576747841833,"[0.25641718015286113, 0.249630159068915, 0.2601283704972501, 0.24845222187822885, 0.25475090579483645]"
all-other-subjects,FST,V7,train,sub-08,linear_predictivity,175,78,0.2176801765860299,
all-other-subjects,FST,V7,test,sub-08,linear_predictivity,175,78,0.43123778512198924,"[0.4336401284151046, 0.42938538569993767, 0.4304310029489572, 0.4293985706402742, 0.43333383790567254]"
all-other-subjects,FST,V8,train,sub-08,linear_predictivity,175,112,0.08490999013721119,
all-other-subjects,FST,V8,test,sub-08,linear_predictivity,175,112,0.22382030075327042,"[0.22767699882786666, 0.21687352478826277, 0.22950946609324444, 0.22360065640582505, 0.22144085765115326]"
all-other-subjects,FST,FFC,train,sub-08,linear_predictivity,175,275,0.15914598243665642,
all-other-subjects,FST,FFC,test,sub-08,linear_predictivity,175,275,0.3606618919899275,"[0.36648454787522977, 0.3587857455037157, 0.36285982744637707, 0.3540466697241305, 0.36113266940018435]"
all-other-subjects,FST,PIT,train,sub-08,linear_predictivity,175,117,0.1620863978659543,
all-other-subjects,FST,PIT,test,sub-08,linear_predictivity,175,117,0.4162789635433041,"[0.4171222597057557, 0.4082688818922188, 0.4356128695119536, 0.4087630766847517, 0.41162772992184105]"
all-other-subjects,FST,IPS1,train,sub-08,linear_predictivity,175,219,0.12597718759578289,
all-other-subjects,FST,IPS1,test,sub-08,linear_predictivity,175,219,0.2738867794577886,"[0.2743386186361899, 0.2718479690766517, 0.27952799907390224, 0.26990330493130504, 0.2738160055708943]"
all-other-subjects,FST,MST,train,sub-08,linear_predictivity,175,140,0.3058449087810371,
all-other-subjects,FST,MST,test,sub-08,linear_predictivity,175,140,0.5250242827806256,"[0.5234656585682507, 0.5222343441452556, 0.5258768521697728, 0.5279123002192654, 0.5256322588005838]"
all-other-subjects,FST,MT,train,sub-08,linear_predictivity,175,99,0.22066685168729275,
all-other-subjects,FST,MT,test,sub-08,linear_predictivity,175,99,0.38642525459249427,"[0.37974723869819466, 0.37500385220240656, 0.38924384357299396, 0.4172196922471495, 0.3709116462417265]"
all-other-subjects,FST,FST,train,sub-08,linear_predictivity,175,149,0.34679796974946286,
all-other-subjects,FST,FST,test,sub-08,linear_predictivity,175,149,0.5635522793522203,"[0.5750397148907458, 0.5585297403506438, 0.5591246379744115, 0.5692497598514485, 0.5558175436938523]"
all-other-subjects,FST,LO1,train,sub-08,linear_predictivity,175,79,0.16552962789974462,
all-other-subjects,FST,LO1,test,sub-08,linear_predictivity,175,79,0.3440979783971696,"[0.348856974576679, 0.3349235735042656, 0.3554863167853513, 0.33707161235911, 0.3441514147604421]"
all-other-subjects,FST,LO2,train,sub-08,linear_predictivity,175,83,0.2748807495049793,
all-other-subjects,FST,LO2,test,sub-08,linear_predictivity,175,83,0.5194646895462883,"[0.5263822094450582, 0.511959973010247, 0.5214753903532046, 0.517906980927756, 0.519598893995176]"
all-other-subjects,FST,LO3,train,sub-08,linear_predictivity,175,125,0.17354814537197538,
all-other-subjects,FST,LO3,test,sub-08,linear_predictivity,175,125,0.383884348047579,"[0.38133239301519367, 0.37085588350593685, 0.39077222530515626, 0.404048838645327, 0.3724123997662812]"
all-other-subjects,LO1,V1,train,sub-08,linear_predictivity,80,560,0.02960219765239567,
all-other-subjects,LO1,V1,test,sub-08,linear_predictivity,80,560,0.057896889061227405,"[0.056904092608789605, 0.05639307151450731, 0.06137674071246647, 0.05890090954059404, 0.05590963092977963]"
all-other-subjects,LO1,V2,train,sub-08,linear_predictivity,80,482,0.06025728847770206,
all-other-subjects,LO1,V2,test,sub-08,linear_predictivity,80,482,0.1488577128517559,"[0.13947724621181212, 0.14992282502098064, 0.1519420144024596, 0.15627663879845177, 0.1466698398250753]"
all-other-subjects,LO1,V3,train,sub-08,linear_predictivity,80,458,0.06735080767706349,
all-other-subjects,LO1,V3,test,sub-08,linear_predictivity,80,458,0.1843710262048646,"[0.17883984856817467, 0.17664249883493785, 0.18140787065482267, 0.18065232880162213, 0.20431258416476558]"
all-other-subjects,LO1,V4,train,sub-08,linear_predictivity,80,604,0.1090257727897098,
all-other-subjects,LO1,V4,test,sub-08,linear_predictivity,80,604,0.2781175120806452,"[0.28076484119972334, 0.2714817207651842, 0.28008594195404374, 0.2797244393472629, 0.2785306171370119]"
all-other-subjects,LO1,V3A,train,sub-08,linear_predictivity,80,226,0.07448173837289035,
all-other-subjects,LO1,V3A,test,sub-08,linear_predictivity,80,226,0.19535776073483802,"[0.1963250910202886, 0.17229599563242917, 0.2039787814824156, 0.20588626401789198, 0.1983026715211646]"
all-other-subjects,LO1,V3B,train,sub-08,linear_predictivity,80,147,0.10346550269552919,
all-other-subjects,LO1,V3B,test,sub-08,linear_predictivity,80,147,0.25899861827958137,"[0.26062452622395144, 0.267318994751309, 0.26323227329142185, 0.2510873243390125, 0.25272997279221204]"
all-other-subjects,LO1,V6,train,sub-08,linear_predictivity,80,105,0.05513445449633634,
all-other-subjects,LO1,V6,test,sub-08,linear_predictivity,80,105,0.14515302330973276,"[0.14765001319544968, 0.15932072324133428, 0.15021485382249034, 0.1105208822309718, 0.15805864405841777]"
all-other-subjects,LO1,V6A,train,sub-08,linear_predictivity,80,84,0.134304798745549,
all-other-subjects,LO1,V6A,test,sub-08,linear_predictivity,80,84,0.2650276283376741,"[0.26544050441298433, 0.26622457914939535, 0.2693808210241886, 0.26164185628704656, 0.2624503808147557]"
all-other-subjects,LO1,V7,train,sub-08,linear_predictivity,80,78,0.1851920128036185,
all-other-subjects,LO1,V7,test,sub-08,linear_predictivity,80,78,0.3812482671947651,"[0.38016916893500136, 0.3803635697202933, 0.38161278724079434, 0.378675003097565, 0.38542080698017167]"
all-other-subjects,LO1,V8,train,sub-08,linear_predictivity,80,112,0.10738995274480763,
all-other-subjects,LO1,V8,test,sub-08,linear_predictivity,80,112,0.2624872638517339,"[0.2586832366176945, 0.24665059792668703, 0.25857589075133686, 0.27134677477032343, 0.2771798191926275]"
all-other-subjects,LO1,FFC,train,sub-08,linear_predictivity,80,275,0.13686698289875354,
all-other-subjects,LO1,FFC,test,sub-08,linear_predictivity,80,275,0.3505300972128726,"[0.3570527912674275, 0.3484305439476119, 0.3536534666014515, 0.3465059562679725, 0.3470077279798998]"
all-other-subjects,LO1,PIT,train,sub-08,linear_predictivity,80,117,0.15675402785675255,
all-other-subjects,LO1,PIT,test,sub-08,linear_predictivity,80,117,0.389711337336842,"[0.38955671040806433, 0.39027505557841463, 0.390219346197972, 0.3851424889311783, 0.39336308556858046]"
all-other-subjects,LO1,IPS1,train,sub-08,linear_predictivity,80,219,0.11566614567915767,
all-other-subjects,LO1,IPS1,test,sub-08,linear_predictivity,80,219,0.29080293752714353,"[0.30498715980682484, 0.2954497537137504, 0.2944492279607172, 0.26318507513908984, 0.2959434710153354]"
all-other-subjects,LO1,MST,train,sub-08,linear_predictivity,80,140,0.19879448832038504,
all-other-subjects,LO1,MST,test,sub-08,linear_predictivity,80,140,0.40078713321551146,"[0.4080344799850874, 0.3974090133733019, 0.40287561469752464, 0.39344695264350715, 0.4021696053781364]"
all-other-subjects,LO1,MT,train,sub-08,linear_predictivity,80,99,0.16977522035163345,
all-other-subjects,LO1,MT,test,sub-08,linear_predictivity,80,99,0.33631695767703723,"[0.34425744160802646, 0.33258170133750903, 0.3432180653224711, 0.3286604976214163, 0.3328670824957633]"
all-other-subjects,LO1,FST,train,sub-08,linear_predictivity,80,149,0.255299521688678,
all-other-subjects,LO1,FST,test,sub-08,linear_predictivity,80,149,0.4894844826692747,"[0.4953007336759649, 0.48757999580443623, 0.48815092467940113, 0.48463514646848643, 0.4917556127180849]"
all-other-subjects,LO1,LO1,train,sub-08,linear_predictivity,80,79,0.14852047143643135,
all-other-subjects,LO1,LO1,test,sub-08,linear_predictivity,80,79,0.349503774547232,"[0.35474465492246826, 0.3432856643325521, 0.3605636500326897, 0.3391065413930454, 0.34981836205540473]"
all-other-subjects,LO1,LO2,train,sub-08,linear_predictivity,80,83,0.2949755676174489,
all-other-subjects,LO1,LO2,test,sub-08,linear_predictivity,80,83,0.5502758293168075,"[0.5508089811020208, 0.5494628821973443, 0.5486439516818669, 0.5501390503859019, 0.5523242812169036]"
all-other-subjects,LO1,LO3,train,sub-08,linear_predictivity,80,125,0.18823467214708425,
all-other-subjects,LO1,LO3,test,sub-08,linear_predictivity,80,125,0.4153681808883184,"[0.421417119664998, 0.4116564961318203, 0.42503815086012364, 0.40606243564628497, 0.41266670213836504]"
all-other-subjects,LO2,V1,train,sub-08,linear_predictivity,83,560,0.023263293588308625,
all-other-subjects,LO2,V1,test,sub-08,linear_predictivity,83,560,0.053681391014773025,"[0.05189321446255618, 0.0542632525685057, 0.05534886547478141, 0.052414586690238144, 0.054487035877783696]"
all-other-subjects,LO2,V2,train,sub-08,linear_predictivity,83,482,0.05191957768733755,
all-other-subjects,LO2,V2,test,sub-08,linear_predictivity,83,482,0.12894232913327902,"[0.09660120308689364, 0.1366435288158735, 0.14033840264364833, 0.1418376855646999, 0.12929082555527974]"
all-other-subjects,LO2,V3,train,sub-08,linear_predictivity,83,458,0.07051079639506459,
all-other-subjects,LO2,V3,test,sub-08,linear_predictivity,83,458,0.20825308972781925,"[0.20476678325858275, 0.2118927299936622, 0.20945225502541856, 0.21455846628814404, 0.20059521407328873]"
all-other-subjects,LO2,V4,train,sub-08,linear_predictivity,83,604,0.10696181500434003,
all-other-subjects,LO2,V4,test,sub-08,linear_predictivity,83,604,0.2754664799902767,"[0.27719485792907234, 0.27724842543412714, 0.27328224477909613, 0.2795599450839223, 0.27004692672516545]"
all-other-subjects,LO2,V3A,train,sub-08,linear_predictivity,83,226,0.05230889150787165,
all-other-subjects,LO2,V3A,test,sub-08,linear_predictivity,83,226,0.13720344586699004,"[0.1323666569218586, 0.13903497263219342, 0.1398847386684405, 0.13698310345417647, 0.13774775765828126]"
all-other-subjects,LO2,V3B,train,sub-08,linear_predictivity,83,147,0.07734018934282988,
all-other-subjects,LO2,V3B,test,sub-08,linear_predictivity,83,147,0.21097940035889762,"[0.21137148962991345, 0.21387129318161685, 0.21201923749297857, 0.2146629681519152, 0.20297201333806392]"
all-other-subjects,LO2,V6,train,sub-08,linear_predictivity,83,105,0.05420610077391413,
all-other-subjects,LO2,V6,test,sub-08,linear_predictivity,83,105,0.1313085612225191,"[0.12261763128440319, 0.12729851507739898, 0.13164763265156876, 0.1271459297411097, 0.14783309735811495]"
all-other-subjects,LO2,V6A,train,sub-08,linear_predictivity,83,84,0.11315511325288924,
all-other-subjects,LO2,V6A,test,sub-08,linear_predictivity,83,84,0.23787372410704757,"[0.2370589723983492, 0.23606651064588166, 0.23593570937250002, 0.23989683630792516, 0.2404105918105818]"
all-other-subjects,LO2,V7,train,sub-08,linear_predictivity,83,78,0.14230869594403112,
all-other-subjects,LO2,V7,test,sub-08,linear_predictivity,83,78,0.32215664650185327,"[0.3226250205753738, 0.3231545003752682, 0.3176347917828079, 0.33175296156855005, 0.31561595820726634]"
all-other-subjects,LO2,V8,train,sub-08,linear_predictivity,83,112,0.07775472899427695,
all-other-subjects,LO2,V8,test,sub-08,linear_predictivity,83,112,0.2056118020306248,"[0.19815689931515088, 0.19751430609546175, 0.2149495342648256, 0.21882400212833503, 0.19861426834935075]"
all-other-subjects,LO2,FFC,train,sub-08,linear_predictivity,83,275,0.15667726323135045,
all-other-subjects,LO2,FFC,test,sub-08,linear_predictivity,83,275,0.4023958160838319,"[0.40607025243553596, 0.3999902323259954, 0.4029863655311924, 0.40139375036281266, 0.4015384797636231]"
all-other-subjects,LO2,PIT,train,sub-08,linear_predictivity,83,117,0.2007541054453869,
all-other-subjects,LO2,PIT,test,sub-08,linear_predictivity,83,117,0.49418013590799587,"[0.4950441997217374, 0.49789754750557896, 0.48818046814916044, 0.4966501357776353, 0.4931283283858672]"
all-other-subjects,LO2,IPS1,train,sub-08,linear_predictivity,83,219,0.07965110873529775,
all-other-subjects,LO2,IPS1,test,sub-08,linear_predictivity,83,219,0.19495236437940966,"[0.2178892603798913, 0.21498313031093294, 0.18276038279455112, 0.18460694029987768, 0.17452210811179528]"
all-other-subjects,LO2,MST,train,sub-08,linear_predictivity,83,140,0.2010766266803999,
all-other-subjects,LO2,MST,test,sub-08,linear_predictivity,83,140,0.37953236640769344,"[0.38257927700752276, 0.38889344736453096, 0.3783045971795074, 0.3822648064614259, 0.36561970402548033]"
all-other-subjects,LO2,MT,train,sub-08,linear_predictivity,83,99,0.16530110433106904,
all-other-subjects,LO2,MT,test,sub-08,linear_predictivity,83,99,0.3463449217168206,"[0.34977566176461716, 0.356379489425378, 0.34984356565302305, 0.33854460697572786, 0.3371812847653567]"
all-other-subjects,LO2,FST,train,sub-08,linear_predictivity,83,149,0.25786394159308956,
all-other-subjects,LO2,FST,test,sub-08,linear_predictivity,83,149,0.44620575061894935,"[0.44280104132929604, 0.4535838068936605, 0.4457100009180642, 0.4552926631150772, 0.43364124083864897]"
all-other-subjects,LO2,LO1,train,sub-08,linear_predictivity,83,79,0.13889739639229523,
all-other-subjects,LO2,LO1,test,sub-08,linear_predictivity,83,79,0.30446609337352093,"[0.310376753988405, 0.30784646265319665, 0.3081341872409452, 0.30750229231706605, 0.2884707706679917]"
all-other-subjects,LO2,LO2,train,sub-08,linear_predictivity,83,83,0.32994183207562366,
all-other-subjects,LO2,LO2,test,sub-08,linear_predictivity,83,83,0.6043560084339887,"[0.6034079622556398, 0.6045098232478727, 0.6040457328972513, 0.6040179351117312, 0.6057985886574485]"
all-other-subjects,LO2,LO3,train,sub-08,linear_predictivity,83,125,0.12725328250000115,
all-other-subjects,LO2,LO3,test,sub-08,linear_predictivity,83,125,0.31769774349371344,"[0.3284945392407039, 0.31912881486286776, 0.3220838957504408, 0.31309942972790533, 0.30568203788664944]"
all-other-subjects,LO3,V1,train,sub-08,linear_predictivity,125,560,0.0182073791336904,
all-other-subjects,LO3,V1,test,sub-08,linear_predictivity,125,560,0.02623192894201813,"[0.02431805099760468, 0.024144230139441395, 0.028053253839391966, 0.02766584428262012, 0.026978265451032497]"
all-other-subjects,LO3,V2,train,sub-08,linear_predictivity,125,482,0.048419046549141975,
all-other-subjects,LO3,V2,test,sub-08,linear_predictivity,125,482,0.07345768164599689,"[0.06704033222985141, 0.07560729294595969, 0.07557939866869319, 0.07661051033805671, 0.07245087404742348]"
all-other-subjects,LO3,V3,train,sub-08,linear_predictivity,125,458,0.05688697445928973,
all-other-subjects,LO3,V3,test,sub-08,linear_predictivity,125,458,0.14132460542743028,"[0.14428432492161591, 0.14133593502244451, 0.13993515482642513, 0.14070065812956853, 0.14036695423709736]"
all-other-subjects,LO3,V4,train,sub-08,linear_predictivity,125,604,0.09498091609999415,
all-other-subjects,LO3,V4,test,sub-08,linear_predictivity,125,604,0.2505020811558097,"[0.25915995400015346, 0.25297914560971685, 0.2348009026840938, 0.2551516290926467, 0.2504187743924375]"
all-other-subjects,LO3,V3A,train,sub-08,linear_predictivity,125,226,0.08081704367959903,
all-other-subjects,LO3,V3A,test,sub-08,linear_predictivity,125,226,0.1826038232148364,"[0.17936102937819354, 0.18797589092051614, 0.18419197931272827, 0.1777293543516551, 0.18376086211108902]"
all-other-subjects,LO3,V3B,train,sub-08,linear_predictivity,125,147,0.11418250060604054,
all-other-subjects,LO3,V3B,test,sub-08,linear_predictivity,125,147,0.29800339879912696,"[0.2979110538129963, 0.3001297781112039, 0.29631038745735994, 0.29082397233086354, 0.3048418022832111]"
all-other-subjects,LO3,V6,train,sub-08,linear_predictivity,125,105,0.09089853223604384,
all-other-subjects,LO3,V6,test,sub-08,linear_predictivity,125,105,0.19063622198275426,"[0.18613398096166411, 0.2062484259542315, 0.18435415349418316, 0.18132733942466006, 0.1951172100790325]"
all-other-subjects,LO3,V6A,train,sub-08,linear_predictivity,125,84,0.17120403701891515,
all-other-subjects,LO3,V6A,test,sub-08,linear_predictivity,125,84,0.36089061687878565,"[0.35249553301658815, 0.36462526114917443, 0.3549999592754909, 0.3696942781663982, 0.36263805278627653]"
all-other-subjects,LO3,V7,train,sub-08,linear_predictivity,125,78,0.1974086382900964,
all-other-subjects,LO3,V7,test,sub-08,linear_predictivity,125,78,0.41537465621155223,"[0.42990907903621545, 0.4284700045837266, 0.3996207475224268, 0.3992999429124688, 0.41957350700292295]"
all-other-subjects,LO3,V8,train,sub-08,linear_predictivity,125,112,0.09941809567850544,
all-other-subjects,LO3,V8,test,sub-08,linear_predictivity,125,112,0.2369690173123286,"[0.23889445379101928, 0.23135008981158417, 0.23756931378209006, 0.2450316729721456, 0.23199955620480406]"
all-other-subjects,LO3,FFC,train,sub-08,linear_predictivity,125,275,0.11819240226032271,
all-other-subjects,LO3,FFC,test,sub-08,linear_predictivity,125,275,0.29631573377679227,"[0.3381785890627464, 0.2864069735968334, 0.2937195252382878, 0.2770484326017319, 0.28622514838436186]"
all-other-subjects,LO3,PIT,train,sub-08,linear_predictivity,125,117,0.14104789774189755,
all-other-subjects,LO3,PIT,test,sub-08,linear_predictivity,125,117,0.3702300669903377,"[0.3791298481981655, 0.37218880083434314, 0.3682378422164729, 0.36672196687760666, 0.36487187682510036]"
all-other-subjects,LO3,IPS1,train,sub-08,linear_predictivity,125,219,0.12474307960871672,
all-other-subjects,LO3,IPS1,test,sub-08,linear_predictivity,125,219,0.2895254447836727,"[0.29564955864253334, 0.2906730992176202, 0.2855869940962998, 0.287352933902304, 0.2883646380596063]"
all-other-subjects,LO3,MST,train,sub-08,linear_predictivity,125,140,0.23872074529105625,
all-other-subjects,LO3,MST,test,sub-08,linear_predictivity,125,140,0.4657066145000403,"[0.46731732460380815, 0.47694964820866925, 0.4596718661727938, 0.46482882011587656, 0.45976541339905364]"
all-other-subjects,LO3,MT,train,sub-08,linear_predictivity,125,99,0.21392388698901943,
all-other-subjects,LO3,MT,test,sub-08,linear_predictivity,125,99,0.4510876621850771,"[0.45465954383088336, 0.4628620902113456, 0.44773211085624387, 0.4478631162908897, 0.44232144973602305]"
all-other-subjects,LO3,FST,train,sub-08,linear_predictivity,125,149,0.3016052630650332,
all-other-subjects,LO3,FST,test,sub-08,linear_predictivity,125,149,0.5223514145102677,"[0.5299241916301808, 0.5335049397073595, 0.5105528550987035, 0.5252180900062481, 0.5125569961088464]"
all-other-subjects,LO3,LO1,train,sub-08,linear_predictivity,125,79,0.15901850182671123,
all-other-subjects,LO3,LO1,test,sub-08,linear_predictivity,125,79,0.35047467598844284,"[0.3607819313974558, 0.3474866512569373, 0.3532076903349713, 0.34414873318669953, 0.3467483737661505]"
all-other-subjects,LO3,LO2,train,sub-08,linear_predictivity,125,83,0.2855275081481547,
all-other-subjects,LO3,LO2,test,sub-08,linear_predictivity,125,83,0.5214260218452231,"[0.5236020395286877, 0.52290377944391, 0.5217885222476547, 0.5210612367782831, 0.5177745312275805]"
all-other-subjects,LO3,LO3,train,sub-08,linear_predictivity,125,125,0.19998798140222335,
all-other-subjects,LO3,LO3,test,sub-08,linear_predictivity,125,125,0.46242739484168743,"[0.4664523548993905, 0.4702348348280046, 0.45697998375441823, 0.45801334822685724, 0.4604564524997669]"
