model,layer,roi,split,subject,metric,n_features_1_model,n_features_2_brain,score,test_scores_list
all-other-subjects,V1,V1,train,sub-03,linear_predictivity,501,361,0.13184377578491746,
all-other-subjects,V1,V1,test,sub-03,linear_predictivity,501,361,0.25775188498891444,"[0.2576473743099693, 0.2623841872820869, 0.25592332720527966, 0.26250499326777216, 0.25029954287946415]"
all-other-subjects,V1,V2,train,sub-03,linear_predictivity,501,525,0.1369930997575271,
all-other-subjects,V1,V2,test,sub-03,linear_predictivity,501,525,0.22925752896515178,"[0.22316706244805004, 0.23876647203577975, 0.2246068575351973, 0.23657467617061748, 0.22317257663611437]"
all-other-subjects,V1,V3,train,sub-03,linear_predictivity,501,361,0.1805283049136223,
all-other-subjects,V1,V3,test,sub-03,linear_predictivity,501,361,0.339619984419016,"[0.33563230309174363, 0.34253774198850445, 0.33569685076040445, 0.3456502871051981, 0.3385827391492293]"
all-other-subjects,V1,V4,train,sub-03,linear_predictivity,501,555,0.11330314609015643,
all-other-subjects,V1,V4,test,sub-03,linear_predictivity,501,555,0.2300647709022022,"[0.2353349612426873, 0.23288837405770413, 0.22553578124916537, 0.22600852985174766, 0.23055620810970648]"
all-other-subjects,V1,V3A,train,sub-03,linear_predictivity,501,198,0.06632187353683035,
all-other-subjects,V1,V3A,test,sub-03,linear_predictivity,501,198,0.13810203980358132,"[0.13197624363587668, 0.15414165440858252, 0.12145551473856742, 0.15013948805891025, 0.13279729817596975]"
all-other-subjects,V1,V3B,train,sub-03,linear_predictivity,501,149,0.0810564274683691,
all-other-subjects,V1,V3B,test,sub-03,linear_predictivity,501,149,0.17083769861754222,"[0.15955402461583892, 0.18583183258163907, 0.16844343897186506, 0.1736991454132191, 0.16666005150514898]"
all-other-subjects,V1,V6,train,sub-03,linear_predictivity,501,157,0.032911491560702465,
all-other-subjects,V1,V6,test,sub-03,linear_predictivity,501,157,0.10328545790881014,"[0.10081112593164049, 0.10007213581532594, 0.10367487775064838, 0.11735503992474197, 0.09451411012169396]"
all-other-subjects,V1,V6A,train,sub-03,linear_predictivity,501,68,0.029606738729356295,
all-other-subjects,V1,V6A,test,sub-03,linear_predictivity,501,68,0.09577141052688051,"[0.09225970685927072, 0.11535529655102504, 0.07799012459701408, 0.10715564761703633, 0.08609627701005636]"
all-other-subjects,V1,V7,train,sub-03,linear_predictivity,501,88,0.07892878604772757,
all-other-subjects,V1,V7,test,sub-03,linear_predictivity,501,88,0.13894918103569273,"[0.13380785745100118, 0.154403835764569, 0.1304278198562074, 0.13944740152803933, 0.13665899057864667]"
all-other-subjects,V1,V8,train,sub-03,linear_predictivity,501,111,0.11082133230831911,
all-other-subjects,V1,V8,test,sub-03,linear_predictivity,501,111,0.26420786240346816,"[0.26513547831951345, 0.2717782636480791, 0.26077448795193015, 0.25734517871265594, 0.2660059033851622]"
all-other-subjects,V1,FFC,train,sub-03,linear_predictivity,501,301,0.02949877589327344,
all-other-subjects,V1,FFC,test,sub-03,linear_predictivity,501,301,0.05593285882463963,"[0.0628080652734747, 0.05872885334643018, 0.05407840107900078, 0.04666729512247676, 0.05738167930181573]"
all-other-subjects,V1,PIT,train,sub-03,linear_predictivity,501,105,0.052711484015471134,
all-other-subjects,V1,PIT,test,sub-03,linear_predictivity,501,105,0.12313441279888744,"[0.108394864616874, 0.11381439044912352, 0.1387321988337501, 0.11081786756747786, 0.14391274252721167]"
all-other-subjects,V1,IPS1,train,sub-03,linear_predictivity,501,123,0.013063468959708956,
all-other-subjects,V1,IPS1,test,sub-03,linear_predictivity,501,123,0.037403336517872546,"[0.03472551164911443, 0.04052364929720863, 0.037403025125977485, 0.034244852732079965, 0.040119643784982235]"
all-other-subjects,V1,MST,train,sub-03,linear_predictivity,501,147,0.11378458680025458,
all-other-subjects,V1,MST,test,sub-03,linear_predictivity,501,147,0.22686916380313898,"[0.2173029358326183, 0.23065790737161754, 0.2297020679630397, 0.22982471482283245, 0.2268581930255868]"
all-other-subjects,V1,MT,train,sub-03,linear_predictivity,501,98,0.1152704556920324,
all-other-subjects,V1,MT,test,sub-03,linear_predictivity,501,98,0.19533213517322817,"[0.1995311198203038, 0.18396869431334406, 0.18882067795328725, 0.20137472101531537, 0.2029654627638904]"
all-other-subjects,V1,FST,train,sub-03,linear_predictivity,501,166,0.04006098337876852,
all-other-subjects,V1,FST,test,sub-03,linear_predictivity,501,166,0.0997778905768749,"[0.09668891866923623, 0.0956987676163129, 0.10145916987609979, 0.09387713590855358, 0.11116546081417202]"
all-other-subjects,V1,LO1,train,sub-03,linear_predictivity,501,74,0.0648524309385218,
all-other-subjects,V1,LO1,test,sub-03,linear_predictivity,501,74,0.14311245206629197,"[0.1520656679247505, 0.13642800010804476, 0.13125946972171096, 0.1466203819651792, 0.1491887406117743]"
all-other-subjects,V1,LO2,train,sub-03,linear_predictivity,501,75,0.049513607843718124,
all-other-subjects,V1,LO2,test,sub-03,linear_predictivity,501,75,0.08596097483666872,"[0.08230598096332806, 0.07523521417876124, 0.0967962831211596, 0.08226921101154391, 0.09319818490855072]"
all-other-subjects,V1,LO3,train,sub-03,linear_predictivity,501,124,0.08153082436770251,
all-other-subjects,V1,LO3,test,sub-03,linear_predictivity,501,124,0.1622186050110544,"[0.17649339427341573, 0.1655525119789087, 0.15002272810378675, 0.15769424791677322, 0.1613301427823875]"
all-other-subjects,V2,V1,train,sub-03,linear_predictivity,545,361,0.1189715348082938,
all-other-subjects,V2,V1,test,sub-03,linear_predictivity,545,361,0.24216390809469734,"[0.24208728890529557, 0.24845368677515517, 0.24305848053542473, 0.24616348812268968, 0.2310565961349216]"
all-other-subjects,V2,V2,train,sub-03,linear_predictivity,545,525,0.15151102382995463,
all-other-subjects,V2,V2,test,sub-03,linear_predictivity,545,525,0.24314816988336507,"[0.23532958002820378, 0.24947849501908406, 0.242012798160495, 0.2475123458196497, 0.24140763038939284]"
all-other-subjects,V2,V3,train,sub-03,linear_predictivity,545,361,0.1936803642987712,
all-other-subjects,V2,V3,test,sub-03,linear_predictivity,545,361,0.3705308070335226,"[0.37034463742998386, 0.37336535518350794, 0.3691040125497817, 0.3746445290046727, 0.36519550099966674]"
all-other-subjects,V2,V4,train,sub-03,linear_predictivity,545,555,0.12890789056925614,
all-other-subjects,V2,V4,test,sub-03,linear_predictivity,545,555,0.25783772363642415,"[0.26343669422818883, 0.26496748391044217, 0.2574508293210515, 0.2508388809829042, 0.252494729739534]"
all-other-subjects,V2,V3A,train,sub-03,linear_predictivity,545,198,0.09070505323321522,
all-other-subjects,V2,V3A,test,sub-03,linear_predictivity,545,198,0.15704014120354678,"[0.14854829694987987, 0.17164881070484253, 0.15154896115709093, 0.16668425150783764, 0.14677038569808304]"
all-other-subjects,V2,V3B,train,sub-03,linear_predictivity,545,149,0.09354077519712321,
all-other-subjects,V2,V3B,test,sub-03,linear_predictivity,545,149,0.18419055693507103,"[0.18198270001534286, 0.1905799693692498, 0.1899419217659092, 0.17481289027959318, 0.18363530324525995]"
all-other-subjects,V2,V6,train,sub-03,linear_predictivity,545,157,0.053398533516085034,
all-other-subjects,V2,V6,test,sub-03,linear_predictivity,545,157,0.11905592371204791,"[0.11113113882663624, 0.12277212988709059, 0.11938581356769302, 0.1204296068826322, 0.1215609293961875]"
all-other-subjects,V2,V6A,train,sub-03,linear_predictivity,545,68,0.05408519218061172,
all-other-subjects,V2,V6A,test,sub-03,linear_predictivity,545,68,0.12393128187900433,"[0.1250880981043474, 0.1304875391900348, 0.12170195662014634, 0.12402672948799533, 0.11835208599249777]"
all-other-subjects,V2,V7,train,sub-03,linear_predictivity,545,88,0.0958661306431292,
all-other-subjects,V2,V7,test,sub-03,linear_predictivity,545,88,0.16347491812586537,"[0.16781309444402676, 0.18265371276080894, 0.15769749314714918, 0.15178771867293472, 0.15742257160440715]"
all-other-subjects,V2,V8,train,sub-03,linear_predictivity,545,111,0.1503314151222118,
all-other-subjects,V2,V8,test,sub-03,linear_predictivity,545,111,0.3315338251903829,"[0.3333141501909341, 0.3360802186237688, 0.3337318503137689, 0.3221669805119318, 0.33237592631151064]"
all-other-subjects,V2,FFC,train,sub-03,linear_predictivity,545,301,0.0389132157805272,
all-other-subjects,V2,FFC,test,sub-03,linear_predictivity,545,301,0.07255974456841979,"[0.07651911606565666, 0.07493131734139147, 0.0741001824951838, 0.06316247228528377, 0.07408563465458327]"
all-other-subjects,V2,PIT,train,sub-03,linear_predictivity,545,105,0.0677976855316926,
all-other-subjects,V2,PIT,test,sub-03,linear_predictivity,545,105,0.16339837450377875,"[0.1643175190556786, 0.1783643509756978, 0.13288930820029488, 0.17589239910562224, 0.1655282951816002]"
all-other-subjects,V2,IPS1,train,sub-03,linear_predictivity,545,123,0.028978020021459893,
all-other-subjects,V2,IPS1,test,sub-03,linear_predictivity,545,123,0.06384467737448832,"[0.06649471856226102, 0.06609080697230331, 0.06309899475990105, 0.0602032433231728, 0.06333562325480345]"
all-other-subjects,V2,MST,train,sub-03,linear_predictivity,545,147,0.1342989517590428,
all-other-subjects,V2,MST,test,sub-03,linear_predictivity,545,147,0.2342862931475643,"[0.23290141750134916, 0.2376189470920373, 0.2334667458058377, 0.23912495369565648, 0.22831940164294104]"
all-other-subjects,V2,MT,train,sub-03,linear_predictivity,545,98,0.14643930147071674,
all-other-subjects,V2,MT,test,sub-03,linear_predictivity,545,98,0.20392600817687354,"[0.20455710110436565, 0.20671462904452134, 0.20119741692861756, 0.20382032595622399, 0.20334056785063903]"
all-other-subjects,V2,FST,train,sub-03,linear_predictivity,545,166,0.057506521180131706,
all-other-subjects,V2,FST,test,sub-03,linear_predictivity,545,166,0.13977642029460075,"[0.1369510306420631, 0.14152197841575076, 0.14139403561543326, 0.14018967544885882, 0.13882538135089775]"
all-other-subjects,V2,LO1,train,sub-03,linear_predictivity,545,74,0.0810987055247242,
all-other-subjects,V2,LO1,test,sub-03,linear_predictivity,545,74,0.18981569575159787,"[0.19423371588950705, 0.19270974180375375, 0.19208036957755747, 0.18493625213294204, 0.185118399354229]"
all-other-subjects,V2,LO2,train,sub-03,linear_predictivity,545,75,0.057708073549034206,
all-other-subjects,V2,LO2,test,sub-03,linear_predictivity,545,75,0.10185112506123498,"[0.1036135715141699, 0.09173999573109647, 0.1046797290402481, 0.10848924755996386, 0.1007330814606966]"
all-other-subjects,V2,LO3,train,sub-03,linear_predictivity,545,124,0.10800762658991107,
all-other-subjects,V2,LO3,test,sub-03,linear_predictivity,545,124,0.20171229119895565,"[0.21050909252739233, 0.2077430418655236, 0.19899496484120482, 0.19985746116409875, 0.19145689559655873]"
all-other-subjects,V3,V1,train,sub-03,linear_predictivity,507,361,0.10533389670270131,
all-other-subjects,V3,V1,test,sub-03,linear_predictivity,507,361,0.21711348830457275,"[0.2140631339546195, 0.21853226101729853, 0.21804510054009152, 0.21811621190598876, 0.21681073410486554]"
all-other-subjects,V3,V2,train,sub-03,linear_predictivity,507,525,0.14485028175224135,
all-other-subjects,V3,V2,test,sub-03,linear_predictivity,507,525,0.24708953175503895,"[0.23820453702569563, 0.24720578138854785, 0.24692441085896277, 0.24695966147168769, 0.25615326803030086]"
all-other-subjects,V3,V3,train,sub-03,linear_predictivity,507,361,0.2025941068791262,
all-other-subjects,V3,V3,test,sub-03,linear_predictivity,507,361,0.42132940947484077,"[0.4158232733334707, 0.4216370764667693, 0.42266301424368785, 0.423191065582412, 0.423332617747864]"
all-other-subjects,V3,V4,train,sub-03,linear_predictivity,507,555,0.16788613165284846,
all-other-subjects,V3,V4,test,sub-03,linear_predictivity,507,555,0.3495193944432222,"[0.3522553053398648, 0.3486287274339413, 0.3500006189655396, 0.3440783844836584, 0.352633935993107]"
all-other-subjects,V3,V3A,train,sub-03,linear_predictivity,507,198,0.12180959549952107,
all-other-subjects,V3,V3A,test,sub-03,linear_predictivity,507,198,0.2798975826158413,"[0.2691221309412803, 0.2873818727640219, 0.27927396160666246, 0.2870373627999097, 0.27667258496733244]"
all-other-subjects,V3,V3B,train,sub-03,linear_predictivity,507,149,0.11993763185714644,
all-other-subjects,V3,V3B,test,sub-03,linear_predictivity,507,149,0.27644619241996043,"[0.26650938860797396, 0.2791759744919281, 0.2872711400688218, 0.2693632075332915, 0.27991125139778655]"
all-other-subjects,V3,V6,train,sub-03,linear_predictivity,507,157,0.07037667970890786,
all-other-subjects,V3,V6,test,sub-03,linear_predictivity,507,157,0.1893292600499444,"[0.17309031412075732, 0.19348047238013424, 0.19580689320628425, 0.19038109917817736, 0.19388752136436896]"
all-other-subjects,V3,V6A,train,sub-03,linear_predictivity,507,68,0.07399712169537918,
all-other-subjects,V3,V6A,test,sub-03,linear_predictivity,507,68,0.21657093535298882,"[0.21105932617698697, 0.2201754694113821, 0.2211709374151233, 0.216885404830625, 0.21356353893082664]"
all-other-subjects,V3,V7,train,sub-03,linear_predictivity,507,88,0.13961661977217238,
all-other-subjects,V3,V7,test,sub-03,linear_predictivity,507,88,0.26663063152089767,"[0.26619172334599484, 0.27624389159147567, 0.26565532213749227, 0.2539537825872155, 0.27110843794231004]"
all-other-subjects,V3,V8,train,sub-03,linear_predictivity,507,111,0.1845358392896481,
all-other-subjects,V3,V8,test,sub-03,linear_predictivity,507,111,0.39144766016544275,"[0.396329091974569, 0.3900176794931694, 0.39384607658226867, 0.38338704041885735, 0.3936584123583493]"
all-other-subjects,V3,FFC,train,sub-03,linear_predictivity,507,301,0.07287007678687621,
all-other-subjects,V3,FFC,test,sub-03,linear_predictivity,507,301,0.1539143090711742,"[0.16324295895191346, 0.1572051629814125, 0.14619186014890487, 0.14636553286914092, 0.15656603040449937]"
all-other-subjects,V3,PIT,train,sub-03,linear_predictivity,507,105,0.11702805093293855,
all-other-subjects,V3,PIT,test,sub-03,linear_predictivity,507,105,0.2606614246718965,"[0.26225914056212696, 0.25958267243094524, 0.2568594210567439, 0.2667682320083381, 0.2578376573013285]"
all-other-subjects,V3,IPS1,train,sub-03,linear_predictivity,507,123,0.0629197981133647,
all-other-subjects,V3,IPS1,test,sub-03,linear_predictivity,507,123,0.13255569823962715,"[0.12451537526365544, 0.13826124121998254, 0.130065068530363, 0.13138547907112844, 0.13855132711300647]"
all-other-subjects,V3,MST,train,sub-03,linear_predictivity,507,147,0.18339147195979494,
all-other-subjects,V3,MST,test,sub-03,linear_predictivity,507,147,0.3648039464421715,"[0.3565067844321621, 0.36553838041233583, 0.3689685796383021, 0.36601606323121194, 0.3669899244968456]"
all-other-subjects,V3,MT,train,sub-03,linear_predictivity,507,98,0.2703062171826827,
all-other-subjects,V3,MT,test,sub-03,linear_predictivity,507,98,0.42045213845142504,"[0.41134471026027275, 0.42343565618237866, 0.4188183574691109, 0.4227735759349472, 0.4258883924104158]"
all-other-subjects,V3,FST,train,sub-03,linear_predictivity,507,166,0.10623680056401502,
all-other-subjects,V3,FST,test,sub-03,linear_predictivity,507,166,0.269766663044094,"[0.27082848290302464, 0.2730340456296573, 0.26609624014807204, 0.2631072706237734, 0.27576727591594286]"
all-other-subjects,V3,LO1,train,sub-03,linear_predictivity,507,74,0.15025919350383762,
all-other-subjects,V3,LO1,test,sub-03,linear_predictivity,507,74,0.33233240539019615,"[0.33224471825264074, 0.33029103258491826, 0.3313886833471304, 0.33186043128230214, 0.33587716148398933]"
all-other-subjects,V3,LO2,train,sub-03,linear_predictivity,507,75,0.1075631361467155,
all-other-subjects,V3,LO2,test,sub-03,linear_predictivity,507,75,0.25741461807827404,"[0.2417218571269316, 0.2583138524356944, 0.2663063499030913, 0.25347377590071907, 0.2672572550249337]"
all-other-subjects,V3,LO3,train,sub-03,linear_predictivity,507,124,0.18441510394398916,
all-other-subjects,V3,LO3,test,sub-03,linear_predictivity,507,124,0.33534782251334316,"[0.3416782355026899, 0.3408087660366491, 0.3268682879887233, 0.33901197506058023, 0.3283718479780736]"
all-other-subjects,V4,V1,train,sub-03,linear_predictivity,656,361,0.09057193810376692,
all-other-subjects,V4,V1,test,sub-03,linear_predictivity,656,361,0.20651203345841873,"[0.2022432071511343, 0.20811462386251686, 0.20403303190963137, 0.2067625333746937, 0.2114067709941173]"
all-other-subjects,V4,V2,train,sub-03,linear_predictivity,656,525,0.13814586047531607,
all-other-subjects,V4,V2,test,sub-03,linear_predictivity,656,525,0.23701714417113884,"[0.2340380013647981, 0.23408945344308352, 0.2339918416256372, 0.23739999146930424, 0.2455664329528712]"
all-other-subjects,V4,V3,train,sub-03,linear_predictivity,656,361,0.2047920480290581,
all-other-subjects,V4,V3,test,sub-03,linear_predictivity,656,361,0.4258706322825631,"[0.4267501731890726, 0.42259179967987753, 0.4246040843022608, 0.4255533529911319, 0.4298537512504726]"
all-other-subjects,V4,V4,train,sub-03,linear_predictivity,656,555,0.18907454039722854,
all-other-subjects,V4,V4,test,sub-03,linear_predictivity,656,555,0.39929437800705025,"[0.40683032786863077, 0.39714564096620675, 0.39833563827697044, 0.3944814290503352, 0.3996788538731079]"
all-other-subjects,V4,V3A,train,sub-03,linear_predictivity,656,198,0.16029624585322375,
all-other-subjects,V4,V3A,test,sub-03,linear_predictivity,656,198,0.3191585647959084,"[0.3111383348035768, 0.3205421900557085, 0.3221109492302182, 0.318989345774683, 0.3230120041153552]"
all-other-subjects,V4,V3B,train,sub-03,linear_predictivity,656,149,0.13919582222411986,
all-other-subjects,V4,V3B,test,sub-03,linear_predictivity,656,149,0.30539255333143267,"[0.2847255919701118, 0.31377540936658865, 0.3056382346966473, 0.31499799446373694, 0.30782553616007874]"
all-other-subjects,V4,V6,train,sub-03,linear_predictivity,656,157,0.0945678114446653,
all-other-subjects,V4,V6,test,sub-03,linear_predictivity,656,157,0.2430809407353911,"[0.23085036003140727, 0.2507117841502831, 0.2481525548598757, 0.2446527193484525, 0.24103728528693688]"
all-other-subjects,V4,V6A,train,sub-03,linear_predictivity,656,68,0.09617277888068856,
all-other-subjects,V4,V6A,test,sub-03,linear_predictivity,656,68,0.2446774703542033,"[0.24389608442349592, 0.24829009334609964, 0.2440287963820951, 0.23284224308470883, 0.2543301345346171]"
all-other-subjects,V4,V7,train,sub-03,linear_predictivity,656,88,0.17218554044388232,
all-other-subjects,V4,V7,test,sub-03,linear_predictivity,656,88,0.32706696630506726,"[0.3221932403480233, 0.33110202761054636, 0.32369842416173655, 0.32321031781164833, 0.3351308215933815]"
all-other-subjects,V4,V8,train,sub-03,linear_predictivity,656,111,0.230079438582168,
all-other-subjects,V4,V8,test,sub-03,linear_predictivity,656,111,0.45673462987556956,"[0.4583695094286364, 0.45310708872200206, 0.4564247942244045, 0.45836855069910976, 0.4574032063036952]"
all-other-subjects,V4,FFC,train,sub-03,linear_predictivity,656,301,0.10829809387173686,
all-other-subjects,V4,FFC,test,sub-03,linear_predictivity,656,301,0.2700371430421843,"[0.2848939721095723, 0.26857710713850336, 0.26274371904922733, 0.2697296621107379, 0.2642412548028803]"
all-other-subjects,V4,PIT,train,sub-03,linear_predictivity,656,105,0.15496423210994723,
all-other-subjects,V4,PIT,test,sub-03,linear_predictivity,656,105,0.36248635687848857,"[0.3697623156005354, 0.36111307664647274, 0.35808578264676005, 0.3715185622937243, 0.3519520472049505]"
all-other-subjects,V4,IPS1,train,sub-03,linear_predictivity,656,123,0.07305627866476712,
all-other-subjects,V4,IPS1,test,sub-03,linear_predictivity,656,123,0.16901652259067587,"[0.1678526692032713, 0.16456406236786128, 0.16924757755704664, 0.1676882259756362, 0.17573007784956396]"
all-other-subjects,V4,MST,train,sub-03,linear_predictivity,656,147,0.22627750629813073,
all-other-subjects,V4,MST,test,sub-03,linear_predictivity,656,147,0.45799410941121,"[0.44824116412514764, 0.4573863111517246, 0.4546849181989816, 0.4682688664267246, 0.4613892871534718]"
all-other-subjects,V4,MT,train,sub-03,linear_predictivity,656,98,0.3067251689682935,
all-other-subjects,V4,MT,test,sub-03,linear_predictivity,656,98,0.5141384487075419,"[0.5043596141969661, 0.5133804622948421, 0.5071038838803955, 0.5242881663108698, 0.5215601168546355]"
all-other-subjects,V4,FST,train,sub-03,linear_predictivity,656,166,0.1516917331170323,
all-other-subjects,V4,FST,test,sub-03,linear_predictivity,656,166,0.33925404446766166,"[0.33806243753741605, 0.34187005377486934, 0.3385628415520649, 0.33139858451917276, 0.34637630495478555]"
all-other-subjects,V4,LO1,train,sub-03,linear_predictivity,656,74,0.20508490662636203,
all-other-subjects,V4,LO1,test,sub-03,linear_predictivity,656,74,0.4463115795168774,"[0.4493207073969572, 0.4480603239160407, 0.44396491717726927, 0.4463941646010266, 0.44381778449309317]"
all-other-subjects,V4,LO2,train,sub-03,linear_predictivity,656,75,0.15884381066195188,
all-other-subjects,V4,LO2,test,sub-03,linear_predictivity,656,75,0.31796552419260143,"[0.31254687080685095, 0.32299087826444034, 0.32096320739709694, 0.3116922972695436, 0.32163436722507543]"
all-other-subjects,V4,LO3,train,sub-03,linear_predictivity,656,124,0.23479943249668292,
all-other-subjects,V4,LO3,test,sub-03,linear_predictivity,656,124,0.4449243690211084,"[0.44770166822658547, 0.4470538835174383, 0.43765432299338636, 0.4482383822073197, 0.44397358816081184]"
all-other-subjects,V3A,V1,train,sub-03,linear_predictivity,253,361,0.02579492302306228,
all-other-subjects,V3A,V1,test,sub-03,linear_predictivity,253,361,0.07157581772613608,"[0.07700859922640188, 0.06842658522080336, 0.06782928971213902, 0.07410425094167211, 0.07051036352966407]"
all-other-subjects,V3A,V2,train,sub-03,linear_predictivity,253,525,0.06387128246305088,
all-other-subjects,V3A,V2,test,sub-03,linear_predictivity,253,525,0.13640532301138175,"[0.1340713443739119, 0.13449346000404858, 0.13830857704504906, 0.138590887252339, 0.13656234638156012]"
all-other-subjects,V3A,V3,train,sub-03,linear_predictivity,253,361,0.09415075938809163,
all-other-subjects,V3A,V3,test,sub-03,linear_predictivity,253,361,0.22259118126674565,"[0.22530283516521024, 0.22049052576575107, 0.22096500469503144, 0.2233126504520359, 0.2228848902556994]"
all-other-subjects,V3A,V4,train,sub-03,linear_predictivity,253,555,0.081761259220505,
all-other-subjects,V3A,V4,test,sub-03,linear_predictivity,253,555,0.20201047913397985,"[0.20751362928238906, 0.20096930087007506, 0.20113893049602008, 0.19779387608547727, 0.20263665893593774]"
all-other-subjects,V3A,V3A,train,sub-03,linear_predictivity,253,198,0.17545536253923671,
all-other-subjects,V3A,V3A,test,sub-03,linear_predictivity,253,198,0.3588920130919956,"[0.3586535728812153, 0.36335027308597695, 0.36063174909270906, 0.35645045418899013, 0.3553740162110863]"
all-other-subjects,V3A,V3B,train,sub-03,linear_predictivity,253,149,0.1027163784240323,
all-other-subjects,V3A,V3B,test,sub-03,linear_predictivity,253,149,0.22257198790382765,"[0.21839942580338936, 0.2173761852411937, 0.2244998712239052, 0.22532911028155905, 0.2272553469690911]"
all-other-subjects,V3A,V6,train,sub-03,linear_predictivity,253,157,0.07472068517178265,
all-other-subjects,V3A,V6,test,sub-03,linear_predictivity,253,157,0.20550982514385147,"[0.20326221428745211, 0.2092421849061949, 0.20213405336426452, 0.20425290634044804, 0.20865776682089773]"
all-other-subjects,V3A,V6A,train,sub-03,linear_predictivity,253,68,0.1106818378477214,
all-other-subjects,V3A,V6A,test,sub-03,linear_predictivity,253,68,0.2496026883385591,"[0.2545273008823508, 0.2505566625677539, 0.24973621943935817, 0.24670415268724455, 0.24648910611608782]"
all-other-subjects,V3A,V7,train,sub-03,linear_predictivity,253,88,0.19245553301392251,
all-other-subjects,V3A,V7,test,sub-03,linear_predictivity,253,88,0.32466144127881646,"[0.33191463708575647, 0.3231856644877112, 0.32610009415778074, 0.3212600886901065, 0.3208467219727274]"
all-other-subjects,V3A,V8,train,sub-03,linear_predictivity,253,111,0.11136739843339478,
all-other-subjects,V3A,V8,test,sub-03,linear_predictivity,253,111,0.27985143152305286,"[0.2829504280780324, 0.28264079670486575, 0.2793667000797973, 0.27658823457626575, 0.2777109981763032]"
all-other-subjects,V3A,FFC,train,sub-03,linear_predictivity,253,301,0.032809889431719794,
all-other-subjects,V3A,FFC,test,sub-03,linear_predictivity,253,301,0.10775023600721467,"[0.11632526153535627, 0.10829320988651471, 0.1032138784181323, 0.10327129985066254, 0.10764753034540757]"
all-other-subjects,V3A,PIT,train,sub-03,linear_predictivity,253,105,0.05315906796886335,
all-other-subjects,V3A,PIT,test,sub-03,linear_predictivity,253,105,0.15695039277919914,"[0.16317785893748377, 0.14800086450059968, 0.1589315152785263, 0.16004449668034862, 0.1545972284990373]"
all-other-subjects,V3A,IPS1,train,sub-03,linear_predictivity,253,123,0.05324984298336717,
all-other-subjects,V3A,IPS1,test,sub-03,linear_predictivity,253,123,0.12022291498544627,"[0.1248584004535062, 0.1183147198459935, 0.11665172282597068, 0.11680641482658975, 0.12448331697517112]"
all-other-subjects,V3A,MST,train,sub-03,linear_predictivity,253,147,0.1827012002717379,
all-other-subjects,V3A,MST,test,sub-03,linear_predictivity,253,147,0.3629467901738662,"[0.3624861071440134, 0.36662907968604885, 0.36124838338661297, 0.36441235339843675, 0.3599580272542191]"
all-other-subjects,V3A,MT,train,sub-03,linear_predictivity,253,98,0.1857803891473284,
all-other-subjects,V3A,MT,test,sub-03,linear_predictivity,253,98,0.4178086611565203,"[0.347069448019546, 0.42842262671388787, 0.4370875479946789, 0.43914081317828435, 0.4373228698762046]"
all-other-subjects,V3A,FST,train,sub-03,linear_predictivity,253,166,0.09878900097745964,
all-other-subjects,V3A,FST,test,sub-03,linear_predictivity,253,166,0.22796921513534377,"[0.23611586866531886, 0.2267781266975081, 0.22624911899485342, 0.22191089826915217, 0.22879206304988622]"
all-other-subjects,V3A,LO1,train,sub-03,linear_predictivity,253,74,0.11413360767650259,
all-other-subjects,V3A,LO1,test,sub-03,linear_predictivity,253,74,0.26065715956274255,"[0.25841798431945345, 0.25937708756788863, 0.257259070186067, 0.2613613549566678, 0.26687030078363566]"
all-other-subjects,V3A,LO2,train,sub-03,linear_predictivity,253,75,0.025985399776951152,
all-other-subjects,V3A,LO2,test,sub-03,linear_predictivity,253,75,0.07668089946182674,"[0.07567983622592843, 0.07253243839696516, 0.07704895462048138, 0.08391785127043921, 0.07422541679531955]"
all-other-subjects,V3A,LO3,train,sub-03,linear_predictivity,253,124,0.1753696705430762,
all-other-subjects,V3A,LO3,test,sub-03,linear_predictivity,253,124,0.3599819300752552,"[0.36481656403858626, 0.3590615676498688, 0.35618200588356635, 0.3605584020038877, 0.359291110800367]"
all-other-subjects,V3B,V1,train,sub-03,linear_predictivity,150,361,0.024076498486932052,
all-other-subjects,V3B,V1,test,sub-03,linear_predictivity,150,361,0.03577632512816968,"[0.03567515617814576, 0.036316238873127966, 0.03320269049507231, 0.03923527826672447, 0.034452261827777914]"
all-other-subjects,V3B,V2,train,sub-03,linear_predictivity,150,525,0.04785783772728081,
all-other-subjects,V3B,V2,test,sub-03,linear_predictivity,150,525,0.064114059109044,"[0.05922694411978086, 0.06634918651018834, 0.06287728359678738, 0.0653120371347667, 0.0668048441836967]"
all-other-subjects,V3B,V3,train,sub-03,linear_predictivity,150,361,0.05140476162872039,
all-other-subjects,V3B,V3,test,sub-03,linear_predictivity,150,361,0.10615899952754031,"[0.10364127636294401, 0.10360489683233153, 0.10252305492230517, 0.10934576801089736, 0.11168000150922351]"
all-other-subjects,V3B,V4,train,sub-03,linear_predictivity,150,555,0.09029857465577534,
all-other-subjects,V3B,V4,test,sub-03,linear_predictivity,150,555,0.18859043808118064,"[0.18850149817569567, 0.1884965328669239, 0.18393885598596924, 0.18974883882511617, 0.1922664645521983]"
all-other-subjects,V3B,V3A,train,sub-03,linear_predictivity,150,198,0.1404293252633029,
all-other-subjects,V3B,V3A,test,sub-03,linear_predictivity,150,198,0.2653833113391884,"[0.25989549091658437, 0.27407232277637567, 0.2586599693864766, 0.2692197251866794, 0.26506904842982587]"
all-other-subjects,V3B,V3B,train,sub-03,linear_predictivity,150,149,0.13242481604130674,
all-other-subjects,V3B,V3B,test,sub-03,linear_predictivity,150,149,0.2548509475059496,"[0.24444671574311633, 0.25325095011857535, 0.2567985944803239, 0.25883315724213835, 0.260925319945594]"
all-other-subjects,V3B,V6,train,sub-03,linear_predictivity,150,157,0.07707775556539137,
all-other-subjects,V3B,V6,test,sub-03,linear_predictivity,150,157,0.17347156308254127,"[0.1682721916094625, 0.17359835472455, 0.17368050091339352, 0.17343949356684293, 0.17836727459845741]"
all-other-subjects,V3B,V6A,train,sub-03,linear_predictivity,150,68,0.09799889701338514,
all-other-subjects,V3B,V6A,test,sub-03,linear_predictivity,150,68,0.22359569954985048,"[0.22415523876677704, 0.22665537183308399, 0.22032852920103685, 0.22586098700749238, 0.22097837094086206]"
all-other-subjects,V3B,V7,train,sub-03,linear_predictivity,150,88,0.17024904148784345,
all-other-subjects,V3B,V7,test,sub-03,linear_predictivity,150,88,0.29034004943767455,"[0.2785230570293314, 0.2907046001089499, 0.29140609230592524, 0.2926716417646777, 0.29839485597948856]"
all-other-subjects,V3B,V8,train,sub-03,linear_predictivity,150,111,0.13169820917981537,
all-other-subjects,V3B,V8,test,sub-03,linear_predictivity,150,111,0.26426445723204467,"[0.26875502718881583, 0.263276700745675, 0.2605028214900904, 0.26265162545065557, 0.26613611128498643]"
all-other-subjects,V3B,FFC,train,sub-03,linear_predictivity,150,301,0.05233338296921115,
all-other-subjects,V3B,FFC,test,sub-03,linear_predictivity,150,301,0.11349186608345394,"[0.11471836314861406, 0.11118033188462477, 0.10873641874205556, 0.11092051342571177, 0.12190370321626355]"
all-other-subjects,V3B,PIT,train,sub-03,linear_predictivity,150,105,0.05167765110819549,
all-other-subjects,V3B,PIT,test,sub-03,linear_predictivity,150,105,0.1047918950433873,"[0.09822134271238732, 0.09545718051987152, 0.10253615849223367, 0.116170156026837, 0.111574637465607]"
all-other-subjects,V3B,IPS1,train,sub-03,linear_predictivity,150,123,0.0766564309292047,
all-other-subjects,V3B,IPS1,test,sub-03,linear_predictivity,150,123,0.13869209385864553,"[0.13078994721408455, 0.13178793892336615, 0.13722326985960034, 0.14234204162294078, 0.15131727167323591]"
all-other-subjects,V3B,MST,train,sub-03,linear_predictivity,150,147,0.17674823550744315,
all-other-subjects,V3B,MST,test,sub-03,linear_predictivity,150,147,0.38149596224438326,"[0.3717748527992618, 0.38009929178183427, 0.3736553031566025, 0.394037105293182, 0.3879132581910357]"
all-other-subjects,V3B,MT,train,sub-03,linear_predictivity,150,98,0.19162118576730583,
all-other-subjects,V3B,MT,test,sub-03,linear_predictivity,150,98,0.366204744776811,"[0.3482119921778449, 0.36818455883826107, 0.3588169682048417, 0.3766190311872011, 0.37919117347590636]"
all-other-subjects,V3B,FST,train,sub-03,linear_predictivity,150,166,0.12026203927247928,
all-other-subjects,V3B,FST,test,sub-03,linear_predictivity,150,166,0.2657975237156738,"[0.2599534664728313, 0.26602262503287144, 0.26607900772963594, 0.26552243608219217, 0.2714100832608379]"
all-other-subjects,V3B,LO1,train,sub-03,linear_predictivity,150,74,0.12039410962258505,
all-other-subjects,V3B,LO1,test,sub-03,linear_predictivity,150,74,0.26681449766896226,"[0.2652142288511675, 0.26188405162233697, 0.2617698669798828, 0.2657336425429395, 0.2794706983484843]"
all-other-subjects,V3B,LO2,train,sub-03,linear_predictivity,150,75,0.0588246494193415,
all-other-subjects,V3B,LO2,test,sub-03,linear_predictivity,150,75,0.09503979346657034,"[0.0838040188202872, 0.07990043981746471, 0.09525754637233907, 0.10917195304404397, 0.1070650092787167]"
all-other-subjects,V3B,LO3,train,sub-03,linear_predictivity,150,124,0.15196679586457754,
all-other-subjects,V3B,LO3,test,sub-03,linear_predictivity,150,124,0.3511712032593792,"[0.3209402394159091, 0.35805452795578024, 0.34856051192654386, 0.3647685406640443, 0.36353219633461875]"
all-other-subjects,V6,V1,train,sub-03,linear_predictivity,116,361,0.005882823873549071,
all-other-subjects,V6,V1,test,sub-03,linear_predictivity,116,361,0.014094963981486599,"[0.0207201820420942, 0.00698287286403429, 0.014163578656959374, 0.02238413622131064, 0.006224050123034492]"
all-other-subjects,V6,V2,train,sub-03,linear_predictivity,116,525,0.014060341364420862,
all-other-subjects,V6,V2,test,sub-03,linear_predictivity,116,525,0.0373413368075804,"[0.036042037462762036, 0.038746033876281026, 0.03357142328471828, 0.042407234403964225, 0.03593995501017643]"
all-other-subjects,V6,V3,train,sub-03,linear_predictivity,116,361,0.014340544698921003,
all-other-subjects,V6,V3,test,sub-03,linear_predictivity,116,361,0.0729916450756011,"[0.0693239756319006, 0.07580679412941557, 0.06829782548043445, 0.08009429081957502, 0.07143533931667981]"
all-other-subjects,V6,V4,train,sub-03,linear_predictivity,116,555,0.027456995729454328,
all-other-subjects,V6,V4,test,sub-03,linear_predictivity,116,555,0.09831302588005378,"[0.1008574457727556, 0.10053639685196615, 0.09573916562856996, 0.09742308067828252, 0.09700904046869464]"
all-other-subjects,V6,V3A,train,sub-03,linear_predictivity,116,198,0.07154691175556327,
all-other-subjects,V6,V3A,test,sub-03,linear_predictivity,116,198,0.21036796851765907,"[0.20449273077173016, 0.21284386797531596, 0.21459631423733924, 0.20894231446206782, 0.2109646151418421]"
all-other-subjects,V6,V3B,train,sub-03,linear_predictivity,116,149,0.05457976246716904,
all-other-subjects,V6,V3B,test,sub-03,linear_predictivity,116,149,0.1756872833020237,"[0.17076421009325832, 0.17993240268519908, 0.179595376228452, 0.1741807846322234, 0.17396364287098567]"
all-other-subjects,V6,V6,train,sub-03,linear_predictivity,116,157,0.11895598584801025,
all-other-subjects,V6,V6,test,sub-03,linear_predictivity,116,157,0.2836222838851363,"[0.27083267404673717, 0.28817614773597794, 0.28571822487870796, 0.2853048050189147, 0.28807956774534366]"
all-other-subjects,V6,V6A,train,sub-03,linear_predictivity,116,68,0.07905363329643043,
all-other-subjects,V6,V6A,test,sub-03,linear_predictivity,116,68,0.22744188398288326,"[0.2341375435952271, 0.22667779946060412, 0.22921692513997954, 0.2231898950011052, 0.2239872567175004]"
all-other-subjects,V6,V7,train,sub-03,linear_predictivity,116,88,0.10624842648992826,
all-other-subjects,V6,V7,test,sub-03,linear_predictivity,116,88,0.2533572846443194,"[0.25320402599947384, 0.2571471671112227, 0.251962881776616, 0.244850968065451, 0.2596213802688337]"
all-other-subjects,V6,V8,train,sub-03,linear_predictivity,116,111,0.04589484586253768,
all-other-subjects,V6,V8,test,sub-03,linear_predictivity,116,111,0.15180126600718705,"[0.14991451264115158, 0.15271070413630283, 0.15068350848268908, 0.15329633515951266, 0.15240126961627906]"
all-other-subjects,V6,FFC,train,sub-03,linear_predictivity,116,301,0.009968219244384222,
all-other-subjects,V6,FFC,test,sub-03,linear_predictivity,116,301,0.05151895283421594,"[0.059329404690379124, 0.053851240618651125, 0.048299480121885945, 0.047670271933487836, 0.048444366806675646]"
all-other-subjects,V6,PIT,train,sub-03,linear_predictivity,116,105,0.019752963881231902,
all-other-subjects,V6,PIT,test,sub-03,linear_predictivity,116,105,0.07119682006996295,"[0.08061951548422816, 0.06777631150283693, 0.07299132279200976, 0.07424409038255793, 0.060352860188181964]"
all-other-subjects,V6,IPS1,train,sub-03,linear_predictivity,116,123,0.04081643993976821,
all-other-subjects,V6,IPS1,test,sub-03,linear_predictivity,116,123,0.13138705784143237,"[0.12886564144763046, 0.13293360532266574, 0.12995770327007047, 0.12543749422476286, 0.13974084494203226]"
all-other-subjects,V6,MST,train,sub-03,linear_predictivity,116,147,0.18581510221199427,
all-other-subjects,V6,MST,test,sub-03,linear_predictivity,116,147,0.3443449300645025,"[0.3030437343026902, 0.35905865116275953, 0.3566871477582999, 0.35809111844804525, 0.3448439986507177]"
all-other-subjects,V6,MT,train,sub-03,linear_predictivity,116,98,0.21305738086008194,
all-other-subjects,V6,MT,test,sub-03,linear_predictivity,116,98,0.34785434584506125,"[0.34083294170326073, 0.35715625468549844, 0.34609375982329077, 0.3505577829031634, 0.3446309901100929]"
all-other-subjects,V6,FST,train,sub-03,linear_predictivity,116,166,0.08536016698631514,
all-other-subjects,V6,FST,test,sub-03,linear_predictivity,116,166,0.20201535823667918,"[0.2048074512491962, 0.2030029341581486, 0.20447035922176407, 0.1965326759916849, 0.20126337056260213]"
all-other-subjects,V6,LO1,train,sub-03,linear_predictivity,116,74,0.06695546572408474,
all-other-subjects,V6,LO1,test,sub-03,linear_predictivity,116,74,0.18013385923598713,"[0.1807689746805536, 0.18248108191223092, 0.1753374036108036, 0.1768648466979706, 0.18521698927837682]"
all-other-subjects,V6,LO2,train,sub-03,linear_predictivity,116,75,0.027322882596035557,
all-other-subjects,V6,LO2,test,sub-03,linear_predictivity,116,75,0.04509334689181874,"[0.04383251902157188, 0.04422066653573071, 0.051931250413473865, 0.04948796155054341, 0.03599433693777384]"
all-other-subjects,V6,LO3,train,sub-03,linear_predictivity,116,124,0.11138007279034837,
all-other-subjects,V6,LO3,test,sub-03,linear_predictivity,116,124,0.26249528438022907,"[0.26381005908435634, 0.26799171994637905, 0.2530130251503921, 0.2607969796653852, 0.26686463805463273]"
all-other-subjects,V6A,V1,train,sub-03,linear_predictivity,96,361,0.01603072580782487,
all-other-subjects,V6A,V1,test,sub-03,linear_predictivity,96,361,0.031014384708478164,"[0.03357663455535509, 0.03011939138739427, 0.03060476170705547, 0.033430427753585984, 0.027340708139000025]"
all-other-subjects,V6A,V2,train,sub-03,linear_predictivity,96,525,0.03219940514846822,
all-other-subjects,V6A,V2,test,sub-03,linear_predictivity,96,525,0.06798104244433623,"[0.06771386519195612, 0.06806400706388087, 0.07164211903596131, 0.06914108173804231, 0.06334413919184054]"
all-other-subjects,V6A,V3,train,sub-03,linear_predictivity,96,361,0.03817025804899531,
all-other-subjects,V6A,V3,test,sub-03,linear_predictivity,96,361,0.10868821507223345,"[0.10559515270900764, 0.1074170044965841, 0.10988009656469432, 0.11283766792603529, 0.10771115366484592]"
all-other-subjects,V6A,V4,train,sub-03,linear_predictivity,96,555,0.061336290675399495,
all-other-subjects,V6A,V4,test,sub-03,linear_predictivity,96,555,0.15304388509030603,"[0.15579398103707298, 0.15150704117609032, 0.15424028479443844, 0.15353906697198996, 0.15013905147193846]"
all-other-subjects,V6A,V3A,train,sub-03,linear_predictivity,96,198,0.15235236222713214,
all-other-subjects,V6A,V3A,test,sub-03,linear_predictivity,96,198,0.3218937792664574,"[0.3180380087356811, 0.32527645971064, 0.32460361349536987, 0.3227852012304268, 0.3187656131601691]"
all-other-subjects,V6A,V3B,train,sub-03,linear_predictivity,96,149,0.08537068193743151,
all-other-subjects,V6A,V3B,test,sub-03,linear_predictivity,96,149,0.19013545740309065,"[0.1854567596811859, 0.18917121154421132, 0.19505736135207305, 0.18951693925617424, 0.19147501518180862]"
all-other-subjects,V6A,V6,train,sub-03,linear_predictivity,96,157,0.11996305841518594,
all-other-subjects,V6A,V6,test,sub-03,linear_predictivity,96,157,0.25204971261770964,"[0.24860958241518025, 0.25837923741090907, 0.2540580729785434, 0.24717807669309844, 0.2520235935908171]"
all-other-subjects,V6A,V6A,train,sub-03,linear_predictivity,96,68,0.13175924474645279,
all-other-subjects,V6A,V6A,test,sub-03,linear_predictivity,96,68,0.30381090909322594,"[0.3061243374445749, 0.30965559819429306, 0.30234504547215535, 0.2969766049509008, 0.3039529594042055]"
all-other-subjects,V6A,V7,train,sub-03,linear_predictivity,96,88,0.18381911896184083,
all-other-subjects,V6A,V7,test,sub-03,linear_predictivity,96,88,0.3504405753320527,"[0.3490422392766907, 0.35826582691470915, 0.3502513235314227, 0.34192173491228034, 0.3527217520251607]"
all-other-subjects,V6A,V8,train,sub-03,linear_predictivity,96,111,0.07862438646882167,
all-other-subjects,V6A,V8,test,sub-03,linear_predictivity,96,111,0.21101952255598216,"[0.21821270378855484, 0.2076865768425793, 0.2116339033990015, 0.21024698538163902, 0.20731744336813596]"
all-other-subjects,V6A,FFC,train,sub-03,linear_predictivity,96,301,0.030338693436278485,
all-other-subjects,V6A,FFC,test,sub-03,linear_predictivity,96,301,0.08294842778655226,"[0.08499001220688142, 0.08411600662013258, 0.08037232917299574, 0.08114618713636618, 0.08411760379638539]"
all-other-subjects,V6A,PIT,train,sub-03,linear_predictivity,96,105,0.04500632875797613,
all-other-subjects,V6A,PIT,test,sub-03,linear_predictivity,96,105,0.10826037883290004,"[0.10993215433984693, 0.10230052640069932, 0.11059923343668294, 0.11527003960567146, 0.10319994038159966]"
all-other-subjects,V6A,IPS1,train,sub-03,linear_predictivity,96,123,0.0768433660902917,
all-other-subjects,V6A,IPS1,test,sub-03,linear_predictivity,96,123,0.17484325769252773,"[0.17005152234881607, 0.1780231843863579, 0.17473759703124322, 0.17506741834381806, 0.17633656635240333]"
all-other-subjects,V6A,MST,train,sub-03,linear_predictivity,96,147,0.19620025829190982,
all-other-subjects,V6A,MST,test,sub-03,linear_predictivity,96,147,0.3483450886657442,"[0.37645155875659947, 0.37735082855257585, 0.328159921084737, 0.3318050177630063, 0.3279581171718025]"
all-other-subjects,V6A,MT,train,sub-03,linear_predictivity,96,98,0.24210756614695014,
all-other-subjects,V6A,MT,test,sub-03,linear_predictivity,96,98,0.42081515849097667,"[0.41570265573607224, 0.4271601016374216, 0.42153536360754634, 0.4207976029664932, 0.41888006850735]"
all-other-subjects,V6A,FST,train,sub-03,linear_predictivity,96,166,0.1275885773102272,
all-other-subjects,V6A,FST,test,sub-03,linear_predictivity,96,166,0.25788304386513117,"[0.26044834214879103, 0.2619715408970136, 0.25622573844721735, 0.25358914628202583, 0.25718045155060804]"
all-other-subjects,V6A,LO1,train,sub-03,linear_predictivity,96,74,0.13423159874939583,
all-other-subjects,V6A,LO1,test,sub-03,linear_predictivity,96,74,0.2595801726744377,"[0.25728985300527757, 0.2593976946009532, 0.25812564940578026, 0.25876652829503277, 0.26432113806514496]"
all-other-subjects,V6A,LO2,train,sub-03,linear_predictivity,96,75,0.04453111306165627,
all-other-subjects,V6A,LO2,test,sub-03,linear_predictivity,96,75,0.0851254872528777,"[0.0850697018807777, 0.07792620616400284, 0.09061663520892073, 0.09188278216944912, 0.08013211084123817]"
all-other-subjects,V6A,LO3,train,sub-03,linear_predictivity,96,124,0.19175653550089672,
all-other-subjects,V6A,LO3,test,sub-03,linear_predictivity,96,124,0.36812203589468506,"[0.3721426077219031, 0.3710643624568085, 0.36421055327443064, 0.36561730375315354, 0.36757535226712945]"
all-other-subjects,V7,V1,train,sub-03,linear_predictivity,89,361,0.014134243940509019,
all-other-subjects,V7,V1,test,sub-03,linear_predictivity,89,361,0.019007611485819028,"[0.020548479301525643, 0.018228737916393165, 0.015073652003003596, 0.02252751976228339, 0.018659668445889344]"
all-other-subjects,V7,V2,train,sub-03,linear_predictivity,89,525,0.03121978756361581,
all-other-subjects,V7,V2,test,sub-03,linear_predictivity,89,525,0.047201638828587834,"[0.04681023653920447, 0.048117728903221475, 0.04521444622718116, 0.05044561896743361, 0.04542016350589845]"
all-other-subjects,V7,V3,train,sub-03,linear_predictivity,89,361,0.04204248975892492,
all-other-subjects,V7,V3,test,sub-03,linear_predictivity,89,361,0.0964075350001577,"[0.09960902899915772, 0.0939161770922241, 0.09173743215840403, 0.0975920675125736, 0.09918296923842902]"
all-other-subjects,V7,V4,train,sub-03,linear_predictivity,89,555,0.06082880819307034,
all-other-subjects,V7,V4,test,sub-03,linear_predictivity,89,555,0.14950456256283534,"[0.15468864876362748, 0.14942977693148463, 0.14471561129898683, 0.14561330362939565, 0.1530754721906822]"
all-other-subjects,V7,V3A,train,sub-03,linear_predictivity,89,198,0.17155031362641385,
all-other-subjects,V7,V3A,test,sub-03,linear_predictivity,89,198,0.3323760044744492,"[0.33335702897425024, 0.33603770821650913, 0.32978876086239467, 0.33146034752283604, 0.3312361767962561]"
all-other-subjects,V7,V3B,train,sub-03,linear_predictivity,89,149,0.1049713837801777,
all-other-subjects,V7,V3B,test,sub-03,linear_predictivity,89,149,0.22033850730268711,"[0.21416657623957222, 0.21857654944160057, 0.21900522526622626, 0.22485687794482198, 0.22508730762121448]"
all-other-subjects,V7,V6,train,sub-03,linear_predictivity,89,157,0.06258125329586639,
all-other-subjects,V7,V6,test,sub-03,linear_predictivity,89,157,0.17515679002479667,"[0.17411031700936516, 0.17998193716700836, 0.17872881318747033, 0.17152525914798267, 0.17143762361215686]"
all-other-subjects,V7,V6A,train,sub-03,linear_predictivity,89,68,0.09592480032781175,
all-other-subjects,V7,V6A,test,sub-03,linear_predictivity,89,68,0.26805487530434746,"[0.283824878578982, 0.2555806560334596, 0.2486095425610507, 0.2802509182682935, 0.2720083810799515]"
all-other-subjects,V7,V7,train,sub-03,linear_predictivity,89,88,0.21399650723541572,
all-other-subjects,V7,V7,test,sub-03,linear_predictivity,89,88,0.38560888402660887,"[0.38612642625567556, 0.3878763324513719, 0.3834329248107777, 0.3857911053052596, 0.3848176313099596]"
all-other-subjects,V7,V8,train,sub-03,linear_predictivity,89,111,0.06197172329500068,
all-other-subjects,V7,V8,test,sub-03,linear_predictivity,89,111,0.18420215461675787,"[0.21806437748801738, 0.20471884648655167, 0.1691623704089202, 0.16283265323932, 0.16623252546097997]"
all-other-subjects,V7,FFC,train,sub-03,linear_predictivity,89,301,0.029019715167447942,
all-other-subjects,V7,FFC,test,sub-03,linear_predictivity,89,301,0.07106616483821815,"[0.07628802227997152, 0.0689596872466836, 0.06898075169142813, 0.06536072480254314, 0.07574163817046438]"
all-other-subjects,V7,PIT,train,sub-03,linear_predictivity,89,105,0.045754865816413186,
all-other-subjects,V7,PIT,test,sub-03,linear_predictivity,89,105,0.095571067546014,"[0.09633549134274925, 0.0881187588195559, 0.09300547206099267, 0.10380844805945946, 0.09658716744731265]"
all-other-subjects,V7,IPS1,train,sub-03,linear_predictivity,89,123,0.07874029082025115,
all-other-subjects,V7,IPS1,test,sub-03,linear_predictivity,89,123,0.18801791409237004,"[0.18387401091149727, 0.18701117716234647, 0.18802333320947817, 0.18863321749687645, 0.1925478316816518]"
all-other-subjects,V7,MST,train,sub-03,linear_predictivity,89,147,0.1669435237281032,
all-other-subjects,V7,MST,test,sub-03,linear_predictivity,89,147,0.3791701205196901,"[0.38183791129082983, 0.37425535747716554, 0.37737548234878776, 0.38229980979113387, 0.3800820416905337]"
all-other-subjects,V7,MT,train,sub-03,linear_predictivity,89,98,0.17331290538050204,
all-other-subjects,V7,MT,test,sub-03,linear_predictivity,89,98,0.36095243250766307,"[0.3554413873376481, 0.3555253736205984, 0.3572182037097392, 0.3672061432839373, 0.36937105458639274]"
all-other-subjects,V7,FST,train,sub-03,linear_predictivity,89,166,0.13561453317594213,
all-other-subjects,V7,FST,test,sub-03,linear_predictivity,89,166,0.28642001201769474,"[0.2926521694366068, 0.2882491401492556, 0.28586242301148185, 0.2819894879829176, 0.2833468395082117]"
all-other-subjects,V7,LO1,train,sub-03,linear_predictivity,89,74,0.09304023868421285,
all-other-subjects,V7,LO1,test,sub-03,linear_predictivity,89,74,0.2826879197464415,"[0.2837781662861774, 0.27204123590639573, 0.28045610371749474, 0.28061437743728634, 0.29654971538485303]"
all-other-subjects,V7,LO2,train,sub-03,linear_predictivity,89,75,0.034621791830581436,
all-other-subjects,V7,LO2,test,sub-03,linear_predictivity,89,75,0.12418124294945845,"[0.06458344171306835, 0.12181236060250368, 0.14033701997880998, 0.14288914188307475, 0.15128425056983552]"
all-other-subjects,V7,LO3,train,sub-03,linear_predictivity,89,124,0.17390324662920356,
all-other-subjects,V7,LO3,test,sub-03,linear_predictivity,89,124,0.4023469422305072,"[0.40943681796948916, 0.41026186395533554, 0.36468386576080364, 0.41199542031022757, 0.4153567431566803]"
all-other-subjects,V8,V1,train,sub-03,linear_predictivity,113,361,0.042877872155134326,
all-other-subjects,V8,V1,test,sub-03,linear_predictivity,113,361,0.0871745279475171,"[0.0876374116919352, 0.0884249304029255, 0.08981473047186668, 0.08700470716852417, 0.08299086000233392]"
all-other-subjects,V8,V2,train,sub-03,linear_predictivity,113,525,0.07087059856090282,
all-other-subjects,V8,V2,test,sub-03,linear_predictivity,113,525,0.1246901324665997,"[0.12407606773506265, 0.12565634501917083, 0.12670856423640928, 0.12433185899532835, 0.12267782634702745]"
all-other-subjects,V8,V3,train,sub-03,linear_predictivity,113,361,0.07919292005916242,
all-other-subjects,V8,V3,test,sub-03,linear_predictivity,113,361,0.163172324326791,"[0.16379811836680855, 0.16524568354868768, 0.16190692854807087, 0.16182573416898, 0.16308515700140783]"
all-other-subjects,V8,V4,train,sub-03,linear_predictivity,113,555,0.10171454233835932,
all-other-subjects,V8,V4,test,sub-03,linear_predictivity,113,555,0.21962945928026625,"[0.22214502286213006, 0.22221123273181972, 0.2177988054909935, 0.217152986639052, 0.21883924867733592]"
all-other-subjects,V8,V3A,train,sub-03,linear_predictivity,113,198,0.06685633303289724,
all-other-subjects,V8,V3A,test,sub-03,linear_predictivity,113,198,0.1608303908820548,"[0.1569348472077443, 0.16917078498656124, 0.15541120875405717, 0.16087620188712506, 0.16175891157478625]"
all-other-subjects,V8,V3B,train,sub-03,linear_predictivity,113,149,0.08287490926313885,
all-other-subjects,V8,V3B,test,sub-03,linear_predictivity,113,149,0.19680260108829697,"[0.18515332167308027, 0.19551476125481695, 0.19656899117933946, 0.20255627201828388, 0.20421965931596434]"
all-other-subjects,V8,V6,train,sub-03,linear_predictivity,113,157,0.05181613695691472,
all-other-subjects,V8,V6,test,sub-03,linear_predictivity,113,157,0.14130573456596626,"[0.1409271915651471, 0.13586802319432567, 0.14139392779221732, 0.1437604066818712, 0.14457912359627]"
all-other-subjects,V8,V6A,train,sub-03,linear_predictivity,113,68,0.04683369068640952,
all-other-subjects,V8,V6A,test,sub-03,linear_predictivity,113,68,0.13968416084632768,"[0.13980015785846164, 0.14250911580958564, 0.1337347369404862, 0.13894234937180422, 0.14343444425130072]"
all-other-subjects,V8,V7,train,sub-03,linear_predictivity,113,88,0.07971224346900437,
all-other-subjects,V8,V7,test,sub-03,linear_predictivity,113,88,0.16093360884698385,"[0.1520600127708351, 0.18311253195118127, 0.15488219409032622, 0.14848017689579915, 0.16613312852677736]"
all-other-subjects,V8,V8,train,sub-03,linear_predictivity,113,111,0.1961180073227922,
all-other-subjects,V8,V8,test,sub-03,linear_predictivity,113,111,0.3791952899092313,"[0.38132658301738387, 0.3799178946602431, 0.37872445261415744, 0.3783049084299903, 0.3777026108243814]"
all-other-subjects,V8,FFC,train,sub-03,linear_predictivity,113,301,0.11715545719152577,
all-other-subjects,V8,FFC,test,sub-03,linear_predictivity,113,301,0.2652905346332481,"[0.2702696776634781, 0.2633966350703347, 0.26180091944217165, 0.26504185848302064, 0.2659435825072354]"
all-other-subjects,V8,PIT,train,sub-03,linear_predictivity,113,105,0.13135608774009114,
all-other-subjects,V8,PIT,test,sub-03,linear_predictivity,113,105,0.2838400710583783,"[0.2852765461964354, 0.28246885656467946, 0.28442294004250845, 0.2879369360000118, 0.27909507648825627]"
all-other-subjects,V8,IPS1,train,sub-03,linear_predictivity,113,123,0.04894717368216836,
all-other-subjects,V8,IPS1,test,sub-03,linear_predictivity,113,123,0.1256515163361836,"[0.11852254766890032, 0.1293311008089867, 0.12435762245195486, 0.12239665175797018, 0.13364965899310596]"
all-other-subjects,V8,MST,train,sub-03,linear_predictivity,113,147,0.11673676213324191,
all-other-subjects,V8,MST,test,sub-03,linear_predictivity,113,147,0.26507991576874146,"[0.2666794507903063, 0.25807350775793997, 0.2592749350004379, 0.26879178056095604, 0.2725799047340669]"
all-other-subjects,V8,MT,train,sub-03,linear_predictivity,113,98,0.21659669149334482,
all-other-subjects,V8,MT,test,sub-03,linear_predictivity,113,98,0.4332209496932151,"[0.4303223786878788, 0.43319408402784615, 0.42382288968327697, 0.4419076630813004, 0.4368577329857732]"
all-other-subjects,V8,FST,train,sub-03,linear_predictivity,113,166,0.08910362323882726,
all-other-subjects,V8,FST,test,sub-03,linear_predictivity,113,166,0.26123001583882244,"[0.26635186384665416, 0.2752806562498912, 0.2212332136347206, 0.26490991010280357, 0.27837443536004275]"
all-other-subjects,V8,LO1,train,sub-03,linear_predictivity,113,74,0.11936661329435275,
all-other-subjects,V8,LO1,test,sub-03,linear_predictivity,113,74,0.2688088865095027,"[0.26557873419451006, 0.26649423397249966, 0.2637247350437735, 0.2734122407763881, 0.27483448856034204]"
all-other-subjects,V8,LO2,train,sub-03,linear_predictivity,113,75,0.0927063538126614,
all-other-subjects,V8,LO2,test,sub-03,linear_predictivity,113,75,0.23436189189753648,"[0.2524506481116967, 0.23407996216893195, 0.22625585130432635, 0.2356630481968338, 0.2233599497058936]"
all-other-subjects,V8,LO3,train,sub-03,linear_predictivity,113,124,0.14623896053149668,
all-other-subjects,V8,LO3,test,sub-03,linear_predictivity,113,124,0.34482890251269954,"[0.34990724438339554, 0.3502943030078235, 0.3321554699421964, 0.3412148837409624, 0.3505726114891198]"
all-other-subjects,FFC,V1,train,sub-03,linear_predictivity,314,361,0.016436178358387857,
all-other-subjects,FFC,V1,test,sub-03,linear_predictivity,314,361,0.023123075328003683,"[0.016974365722707392, 0.03802356222796626, 0.020081987802798157, 0.02102213607750595, 0.019513324809040663]"
all-other-subjects,FFC,V2,train,sub-03,linear_predictivity,314,525,0.025402286134623787,
all-other-subjects,FFC,V2,test,sub-03,linear_predictivity,314,525,0.04682901227065074,"[0.04984076966701468, 0.04847720488972305, 0.06172840256078259, 0.02470180549519828, 0.04939687874053512]"
all-other-subjects,FFC,V3,train,sub-03,linear_predictivity,314,361,0.04747415827845195,
all-other-subjects,FFC,V3,test,sub-03,linear_predictivity,314,361,0.12549353538496993,"[0.126746773212947, 0.12509775499471326, 0.12719571319590442, 0.12601650869627706, 0.1224109268250079]"
all-other-subjects,FFC,V4,train,sub-03,linear_predictivity,314,555,0.0662880900626009,
all-other-subjects,FFC,V4,test,sub-03,linear_predictivity,314,555,0.182449646823299,"[0.18897055146867647, 0.17745569493853322, 0.1851022656939663, 0.17804040221260614, 0.18267931980271296]"
all-other-subjects,FFC,V3A,train,sub-03,linear_predictivity,314,198,0.07340312637226848,
all-other-subjects,FFC,V3A,test,sub-03,linear_predictivity,314,198,0.18303292266055468,"[0.1870279889010447, 0.18729704019163967, 0.1865004002767623, 0.17664600716231454, 0.17769317677101223]"
all-other-subjects,FFC,V3B,train,sub-03,linear_predictivity,314,149,0.06141690581009803,
all-other-subjects,FFC,V3B,test,sub-03,linear_predictivity,314,149,0.15949541188886443,"[0.15997953246283073, 0.14983529206937446, 0.15230983574226195, 0.17050287152862117, 0.16484952764123376]"
all-other-subjects,FFC,V6,train,sub-03,linear_predictivity,314,157,0.05655860450335519,
all-other-subjects,FFC,V6,test,sub-03,linear_predictivity,314,157,0.17094615085252363,"[0.15932239386076533, 0.17111798857157826, 0.17431451652511354, 0.17353148999524576, 0.17644436530991528]"
all-other-subjects,FFC,V6A,train,sub-03,linear_predictivity,314,68,0.03695770599772293,
all-other-subjects,FFC,V6A,test,sub-03,linear_predictivity,314,68,0.1557531692416642,"[0.1634854848371542, 0.15406250178395273, 0.15731611191543649, 0.14874222239627047, 0.15515952527550728]"
all-other-subjects,FFC,V7,train,sub-03,linear_predictivity,314,88,0.10515156810760919,
all-other-subjects,FFC,V7,test,sub-03,linear_predictivity,314,88,0.22238991033183386,"[0.22346810766547598, 0.22609400622041106, 0.2207174813899115, 0.2133397877650517, 0.2283301686183191]"
all-other-subjects,FFC,V8,train,sub-03,linear_predictivity,314,111,0.10885520514329868,
all-other-subjects,FFC,V8,test,sub-03,linear_predictivity,314,111,0.2603003859328499,"[0.26346174869506284, 0.25892905558716506, 0.2610562517668594, 0.25852486757588333, 0.25953000603927884]"
all-other-subjects,FFC,FFC,train,sub-03,linear_predictivity,314,301,0.09817411260474836,
all-other-subjects,FFC,FFC,test,sub-03,linear_predictivity,314,301,0.2536862306037232,"[0.2568446790956044, 0.25394708270071886, 0.24992545104098704, 0.25177401682752254, 0.2559399233537832]"
all-other-subjects,FFC,PIT,train,sub-03,linear_predictivity,314,105,0.12785255357668182,
all-other-subjects,FFC,PIT,test,sub-03,linear_predictivity,314,105,0.29559340265431977,"[0.2959995502082925, 0.29118774691889915, 0.30331780962183036, 0.296860984452307, 0.29060092207026994]"
all-other-subjects,FFC,IPS1,train,sub-03,linear_predictivity,314,123,0.04305436038695627,
all-other-subjects,FFC,IPS1,test,sub-03,linear_predictivity,314,123,0.14399775113953941,"[0.14455839270814505, 0.14060307101564082, 0.15322675136668867, 0.1354801276055055, 0.14612041300171696]"
all-other-subjects,FFC,MST,train,sub-03,linear_predictivity,314,147,0.19040836755596324,
all-other-subjects,FFC,MST,test,sub-03,linear_predictivity,314,147,0.36389375500136634,"[0.36797624077922214, 0.36262566111072647, 0.3635598120452324, 0.36698098510784977, 0.35832607596380106]"
all-other-subjects,FFC,MT,train,sub-03,linear_predictivity,314,98,0.3322998969639248,
all-other-subjects,FFC,MT,test,sub-03,linear_predictivity,314,98,0.5678063040866242,"[0.5624546738078957, 0.5672611456938107, 0.5713177469828715, 0.5694258528968673, 0.5685721010516759]"
all-other-subjects,FFC,FST,train,sub-03,linear_predictivity,314,166,0.12416723005124525,
all-other-subjects,FFC,FST,test,sub-03,linear_predictivity,314,166,0.3132312247878063,"[0.3198010830067211, 0.31616317208746003, 0.31418937221779336, 0.30364132879426187, 0.3123611678327951]"
all-other-subjects,FFC,LO1,train,sub-03,linear_predictivity,314,74,0.12839518172861816,
all-other-subjects,FFC,LO1,test,sub-03,linear_predictivity,314,74,0.32731914392302125,"[0.33279753667085055, 0.3248613820543128, 0.3267255771162478, 0.32169503064055593, 0.330516193133139]"
all-other-subjects,FFC,LO2,train,sub-03,linear_predictivity,314,75,0.14455355770369555,
all-other-subjects,FFC,LO2,test,sub-03,linear_predictivity,314,75,0.328608219758066,"[0.31718865080930736, 0.31905092327148815, 0.3404147186202228, 0.3346234547614961, 0.3317633513278153]"
all-other-subjects,FFC,LO3,train,sub-03,linear_predictivity,314,124,0.18667621047829194,
all-other-subjects,FFC,LO3,test,sub-03,linear_predictivity,314,124,0.39778372743067664,"[0.4077136954145207, 0.39743946106368144, 0.3969464452973454, 0.39291567354736556, 0.39390336183046987]"
all-other-subjects,PIT,V1,train,sub-03,linear_predictivity,124,361,0.031361376858946126,
all-other-subjects,PIT,V1,test,sub-03,linear_predictivity,124,361,0.05822538230937019,"[0.05759216349282564, 0.055460616233206486, 0.060696707283039525, 0.06408771964633121, 0.053289704891448096]"
all-other-subjects,PIT,V2,train,sub-03,linear_predictivity,124,525,0.04102182034929401,
all-other-subjects,PIT,V2,test,sub-03,linear_predictivity,124,525,0.06827699904953166,"[0.06482491389030033, 0.06233471385995569, 0.07290830129686972, 0.07439668373036143, 0.0669203824701712]"
all-other-subjects,PIT,V3,train,sub-03,linear_predictivity,124,361,0.061871835187536944,
all-other-subjects,PIT,V3,test,sub-03,linear_predictivity,124,361,0.15288975342688366,"[0.15157973665199903, 0.15448601214504115, 0.15015422525592256, 0.15490488634824962, 0.15332390673320587]"
all-other-subjects,PIT,V4,train,sub-03,linear_predictivity,124,555,0.07776829224217716,
all-other-subjects,PIT,V4,test,sub-03,linear_predictivity,124,555,0.2009485214046982,"[0.20228394672107955, 0.20202438354525423, 0.2017968309513453, 0.19684073640746344, 0.20179670939834854]"
all-other-subjects,PIT,V3A,train,sub-03,linear_predictivity,124,198,0.07104118126191035,
all-other-subjects,PIT,V3A,test,sub-03,linear_predictivity,124,198,0.17760805569563626,"[0.17707767740256458, 0.1878257922428347, 0.1749315115197837, 0.16667126336093313, 0.18153403395206516]"
all-other-subjects,PIT,V3B,train,sub-03,linear_predictivity,124,149,0.06166590120594199,
all-other-subjects,PIT,V3B,test,sub-03,linear_predictivity,124,149,0.16618192304592355,"[0.15807989354108468, 0.1694115214344042, 0.16773029692740418, 0.1608317687373238, 0.17485613458940105]"
all-other-subjects,PIT,V6,train,sub-03,linear_predictivity,124,157,0.0395273696778331,
all-other-subjects,PIT,V6,test,sub-03,linear_predictivity,124,157,0.0980617465078463,"[0.09066268849765807, 0.09909298138670551, 0.09644209053774085, 0.10185136383881956, 0.10225960827830756]"
all-other-subjects,PIT,V6A,train,sub-03,linear_predictivity,124,68,0.03761936868446772,
all-other-subjects,PIT,V6A,test,sub-03,linear_predictivity,124,68,0.12755824631546048,"[0.12687863501181426, 0.13107200276699316, 0.1289652962071745, 0.12278771250092652, 0.1280875850903939]"
all-other-subjects,PIT,V7,train,sub-03,linear_predictivity,124,88,0.09578251940199438,
all-other-subjects,PIT,V7,test,sub-03,linear_predictivity,124,88,0.2632245972613554,"[0.27244762191165606, 0.28654547654708307, 0.2835119169262162, 0.19970474350282136, 0.27391322741900015]"
all-other-subjects,PIT,V8,train,sub-03,linear_predictivity,124,111,0.12774359469803465,
all-other-subjects,PIT,V8,test,sub-03,linear_predictivity,124,111,0.34293631976498207,"[0.34131662665697643, 0.3444931799792855, 0.3373100961651494, 0.34988923324064086, 0.3416724627828583]"
all-other-subjects,PIT,FFC,train,sub-03,linear_predictivity,124,301,0.08318924186048765,
all-other-subjects,PIT,FFC,test,sub-03,linear_predictivity,124,301,0.20788571135672695,"[0.20992004049212667, 0.21130603703706274, 0.20474614684759285, 0.2029030580493782, 0.2105532743574743]"
all-other-subjects,PIT,PIT,train,sub-03,linear_predictivity,124,105,0.1320516956043946,
all-other-subjects,PIT,PIT,test,sub-03,linear_predictivity,124,105,0.3243305171674174,"[0.32361288870076715, 0.322918005762266, 0.3240950453803955, 0.32238367986668826, 0.32864296612696986]"
all-other-subjects,PIT,IPS1,train,sub-03,linear_predictivity,124,123,0.04220200514840616,
all-other-subjects,PIT,IPS1,test,sub-03,linear_predictivity,124,123,0.13892431297668603,"[0.13488287330501436, 0.1359475541899217, 0.1472174962759262, 0.13368712787211465, 0.14288651324045332]"
all-other-subjects,PIT,MST,train,sub-03,linear_predictivity,124,147,0.16223433334158494,
all-other-subjects,PIT,MST,test,sub-03,linear_predictivity,124,147,0.3458831766165917,"[0.3454866756557215, 0.3485431527144251, 0.3449441776953883, 0.3439526275165737, 0.34648924950085]"
all-other-subjects,PIT,MT,train,sub-03,linear_predictivity,124,98,0.28695855474695703,
all-other-subjects,PIT,MT,test,sub-03,linear_predictivity,124,98,0.507151052134198,"[0.5041095318057248, 0.512079799020338, 0.49971496158940454, 0.5104752606052269, 0.5093757076502959]"
all-other-subjects,PIT,FST,train,sub-03,linear_predictivity,124,166,0.11757321819411065,
all-other-subjects,PIT,FST,test,sub-03,linear_predictivity,124,166,0.31981030743202377,"[0.31575182953515524, 0.3261058164153403, 0.32753360880354404, 0.31251154159396266, 0.3171487408121166]"
all-other-subjects,PIT,LO1,train,sub-03,linear_predictivity,124,74,0.12157102020407715,
all-other-subjects,PIT,LO1,test,sub-03,linear_predictivity,124,74,0.30008487198588407,"[0.2973849973521348, 0.2988824822746171, 0.29916132092973136, 0.2957748643644732, 0.3092206950084637]"
all-other-subjects,PIT,LO2,train,sub-03,linear_predictivity,124,75,0.15498810665790608,
all-other-subjects,PIT,LO2,test,sub-03,linear_predictivity,124,75,0.34356493022795753,"[0.3321586526954239, 0.35070033389996325, 0.34342402449181286, 0.3431412736154179, 0.3484003664371698]"
all-other-subjects,PIT,LO3,train,sub-03,linear_predictivity,124,124,0.17232896490575253,
all-other-subjects,PIT,LO3,test,sub-03,linear_predictivity,124,124,0.4065365706582802,"[0.3994238585634016, 0.4188912409713327, 0.40837702247054225, 0.3962042938371761, 0.40978643744894827]"
all-other-subjects,IPS1,V1,train,sub-03,linear_predictivity,246,361,0.009062735179261167,
all-other-subjects,IPS1,V1,test,sub-03,linear_predictivity,246,361,0.014599868713851178,"[0.013920921250235377, 0.01194017837033359, 0.0212412738798774, 0.015555306685304197, 0.010341663383505333]"
all-other-subjects,IPS1,V2,train,sub-03,linear_predictivity,246,525,0.015126025889169507,
all-other-subjects,IPS1,V2,test,sub-03,linear_predictivity,246,525,0.026407944095499326,"[0.022569182339601174, 0.02365547319950877, 0.031108718984649345, 0.03616283024486301, 0.018543515708874324]"
all-other-subjects,IPS1,V3,train,sub-03,linear_predictivity,246,361,0.02355945991980718,
all-other-subjects,IPS1,V3,test,sub-03,linear_predictivity,246,361,0.07750621355731767,"[0.0741134672003458, 0.07469802883554405, 0.07537130479769269, 0.08206255963978211, 0.08128570731322371]"
all-other-subjects,IPS1,V4,train,sub-03,linear_predictivity,246,555,0.0554599805247894,
all-other-subjects,IPS1,V4,test,sub-03,linear_predictivity,246,555,0.13857026635934214,"[0.1407489085480092, 0.1394765638852311, 0.13810729337381364, 0.1371063965800745, 0.1374121694095822]"
all-other-subjects,IPS1,V3A,train,sub-03,linear_predictivity,246,198,0.1071301237620461,
all-other-subjects,IPS1,V3A,test,sub-03,linear_predictivity,246,198,0.23471446154468384,"[0.2257436153652152, 0.23747735930497224, 0.23462653179299828, 0.24007605641393032, 0.2356487448463031]"
all-other-subjects,IPS1,V3B,train,sub-03,linear_predictivity,246,149,0.08409709279362934,
all-other-subjects,IPS1,V3B,test,sub-03,linear_predictivity,246,149,0.17261565348541885,"[0.17219489029275817, 0.16787283028563094, 0.17356412640069732, 0.1752301595399339, 0.17421626090807396]"
all-other-subjects,IPS1,V6,train,sub-03,linear_predictivity,246,157,0.08740528501815838,
all-other-subjects,IPS1,V6,test,sub-03,linear_predictivity,246,157,0.17252340214046685,"[0.16701594170477244, 0.17230916487749337, 0.17522533883520447, 0.17472171016402507, 0.17334485512083897]"
all-other-subjects,IPS1,V6A,train,sub-03,linear_predictivity,246,68,0.117560637119812,
all-other-subjects,IPS1,V6A,test,sub-03,linear_predictivity,246,68,0.271292729999845,"[0.2719338396350046, 0.28023575427345043, 0.2694698204677576, 0.2692298593384353, 0.2655943762845772]"
all-other-subjects,IPS1,V7,train,sub-03,linear_predictivity,246,88,0.17495624551167827,
all-other-subjects,IPS1,V7,test,sub-03,linear_predictivity,246,88,0.34456540116823264,"[0.33496667628828775, 0.35218549089568235, 0.3454717711156267, 0.34388726503286615, 0.3463158025087004]"
all-other-subjects,IPS1,V8,train,sub-03,linear_predictivity,246,111,0.07536008753051449,
all-other-subjects,IPS1,V8,test,sub-03,linear_predictivity,246,111,0.16222591846165751,"[0.1696577717264054, 0.15929807951208283, 0.1603098147236864, 0.1633191407816042, 0.15854478556450863]"
all-other-subjects,IPS1,FFC,train,sub-03,linear_predictivity,246,301,0.03907610830054184,
all-other-subjects,IPS1,FFC,test,sub-03,linear_predictivity,246,301,0.10914712206617386,"[0.1194752028353764, 0.10698576919375198, 0.09948861549551612, 0.10804077404827651, 0.11174524875794825]"
all-other-subjects,IPS1,PIT,train,sub-03,linear_predictivity,246,105,0.057867697311815694,
all-other-subjects,IPS1,PIT,test,sub-03,linear_predictivity,246,105,0.1573696899817049,"[0.15353896756794685, 0.14827122085731215, 0.16197780055348543, 0.16738600524260472, 0.15567445568717533]"
all-other-subjects,IPS1,IPS1,train,sub-03,linear_predictivity,246,123,0.09186734664597344,
all-other-subjects,IPS1,IPS1,test,sub-03,linear_predictivity,246,123,0.22318099998071722,"[0.2148898317361004, 0.22752205416938526, 0.22647087427475387, 0.21853121574180764, 0.22849102398153903]"
all-other-subjects,IPS1,MST,train,sub-03,linear_predictivity,246,147,0.15854029692060112,
all-other-subjects,IPS1,MST,test,sub-03,linear_predictivity,246,147,0.31625221613158094,"[0.3191819548735847, 0.3066383057566174, 0.3133326040609848, 0.32474874484444904, 0.31735947112226887]"
all-other-subjects,IPS1,MT,train,sub-03,linear_predictivity,246,98,0.17025675622595518,
all-other-subjects,IPS1,MT,test,sub-03,linear_predictivity,246,98,0.32471721931502223,"[0.3189498953340107, 0.3196149621371077, 0.324758931601299, 0.33231062158394187, 0.32795168591875196]"
all-other-subjects,IPS1,FST,train,sub-03,linear_predictivity,246,166,0.14299177913310326,
all-other-subjects,IPS1,FST,test,sub-03,linear_predictivity,246,166,0.3337232394638049,"[0.3354148559284337, 0.33210143893408156, 0.33720944757671467, 0.32719194897151566, 0.3366985059082789]"
all-other-subjects,IPS1,LO1,train,sub-03,linear_predictivity,246,74,0.1439180651587883,
all-other-subjects,IPS1,LO1,test,sub-03,linear_predictivity,246,74,0.2953398257507172,"[0.29529406331377284, 0.29097228182711615, 0.2971425206421389, 0.29688672091777646, 0.2964035420527816]"
all-other-subjects,IPS1,LO2,train,sub-03,linear_predictivity,246,75,0.061259199272375366,
all-other-subjects,IPS1,LO2,test,sub-03,linear_predictivity,246,75,0.1542195310871636,"[0.14211624622166694, 0.1421760548695752, 0.15998071229192845, 0.16490815845292006, 0.16191648359972738]"
all-other-subjects,IPS1,LO3,train,sub-03,linear_predictivity,246,124,0.16890904671101611,
all-other-subjects,IPS1,LO3,test,sub-03,linear_predictivity,246,124,0.36810005592879447,"[0.368340857806193, 0.36451518218821327, 0.3680031265464159, 0.3743827372119974, 0.36525837589115284]"
all-other-subjects,MST,V1,train,sub-03,linear_predictivity,149,361,0.021669164176031083,
all-other-subjects,MST,V1,test,sub-03,linear_predictivity,149,361,0.018002632032833837,"[0.01280595420510269, 0.014175372791508042, 0.013811014071347548, 0.02753248161286738, 0.021688337483343527]"
all-other-subjects,MST,V2,train,sub-03,linear_predictivity,149,525,0.03518233889489258,
all-other-subjects,MST,V2,test,sub-03,linear_predictivity,149,525,0.03032505198767908,"[0.023659477829501858, 0.023926304184938855, 0.02544127990774056, 0.041665535526541765, 0.03693266248967237]"
all-other-subjects,MST,V3,train,sub-03,linear_predictivity,149,361,0.04958311138306545,
all-other-subjects,MST,V3,test,sub-03,linear_predictivity,149,361,0.13098748656695763,"[0.12933823575774564, 0.1260636929779486, 0.129135543229071, 0.13729983432040269, 0.13310012654962028]"
all-other-subjects,MST,V4,train,sub-03,linear_predictivity,149,555,0.06693173492404007,
all-other-subjects,MST,V4,test,sub-03,linear_predictivity,149,555,0.1806113190201206,"[0.18548264515536753, 0.17891090598041418, 0.17984774462930306, 0.17857594654995848, 0.18023935278555978]"
all-other-subjects,MST,V3A,train,sub-03,linear_predictivity,149,198,0.12017017608021877,
all-other-subjects,MST,V3A,test,sub-03,linear_predictivity,149,198,0.30003468750611706,"[0.29720766046520725, 0.29764028177245455, 0.29680041884131714, 0.3069754876575609, 0.3015495887940455]"
all-other-subjects,MST,V3B,train,sub-03,linear_predictivity,149,149,0.08993549389264154,
all-other-subjects,MST,V3B,test,sub-03,linear_predictivity,149,149,0.23407725382086242,"[0.22464398940045738, 0.23483513200236678, 0.23002156789092287, 0.2443036336909413, 0.23658194611962383]"
all-other-subjects,MST,V6,train,sub-03,linear_predictivity,149,157,0.12764673192993634,
all-other-subjects,MST,V6,test,sub-03,linear_predictivity,149,157,0.2989425812232787,"[0.27035791035671247, 0.303280992030576, 0.3066006160363982, 0.3094772962325369, 0.3049960914601699]"
all-other-subjects,MST,V6A,train,sub-03,linear_predictivity,149,68,0.08204287132878506,
all-other-subjects,MST,V6A,test,sub-03,linear_predictivity,149,68,0.23382091613334083,"[0.23696273611589333, 0.23978060911964547, 0.23046537142261925, 0.23583359878547827, 0.2260622652230679]"
all-other-subjects,MST,V7,train,sub-03,linear_predictivity,149,88,0.17741376893828958,
all-other-subjects,MST,V7,test,sub-03,linear_predictivity,149,88,0.4329222778088221,"[0.4267643298695052, 0.437503141976331, 0.4310698809501472, 0.4386007168063974, 0.4306733194417294]"
all-other-subjects,MST,V8,train,sub-03,linear_predictivity,149,111,0.10399651616358396,
all-other-subjects,MST,V8,test,sub-03,linear_predictivity,149,111,0.25711297536077904,"[0.27055970549248554, 0.24991086659152084, 0.25181571118902907, 0.2631651610160431, 0.25011343251481666]"
all-other-subjects,MST,FFC,train,sub-03,linear_predictivity,149,301,0.04379523007045079,
all-other-subjects,MST,FFC,test,sub-03,linear_predictivity,149,301,0.13439787377526366,"[0.14050927962364596, 0.1344940263734136, 0.1280006815332981, 0.12914640532909047, 0.13983897601687015]"
all-other-subjects,MST,PIT,train,sub-03,linear_predictivity,149,105,0.06681077749801204,
all-other-subjects,MST,PIT,test,sub-03,linear_predictivity,149,105,0.20089854164397022,"[0.20434983849614755, 0.19302468156527214, 0.20028794692141597, 0.20839693259883144, 0.19843330863818406]"
all-other-subjects,MST,IPS1,train,sub-03,linear_predictivity,149,123,0.06407165061488783,
all-other-subjects,MST,IPS1,test,sub-03,linear_predictivity,149,123,0.18496623502123352,"[0.17910178990796674, 0.18894552406985765, 0.18427987173107865, 0.18107480671051804, 0.19142918268674658]"
all-other-subjects,MST,MST,train,sub-03,linear_predictivity,149,147,0.34399853970964317,
all-other-subjects,MST,MST,test,sub-03,linear_predictivity,149,147,0.6343666100882371,"[0.634174006358951, 0.6354413374055687, 0.6343561344142797, 0.63767212735689, 0.6301894449054963]"
all-other-subjects,MST,MT,train,sub-03,linear_predictivity,149,98,0.4258919538676367,
all-other-subjects,MST,MT,test,sub-03,linear_predictivity,149,98,0.6840727251475422,"[0.680680086145137, 0.6844599134766858, 0.684626616573442, 0.6886773471791873, 0.6819196623632594]"
all-other-subjects,MST,FST,train,sub-03,linear_predictivity,149,166,0.15096852207325653,
all-other-subjects,MST,FST,test,sub-03,linear_predictivity,149,166,0.39326228897052445,"[0.4208846244036742, 0.42473765243375494, 0.37681754162518377, 0.3699790463635946, 0.37389258002641473]"
all-other-subjects,MST,LO1,train,sub-03,linear_predictivity,149,74,0.12464438223841098,
all-other-subjects,MST,LO1,test,sub-03,linear_predictivity,149,74,0.36834799345991087,"[0.36790642666332335, 0.3640617014444841, 0.3617346098178252, 0.36845503935023877, 0.3795821900236829]"
all-other-subjects,MST,LO2,train,sub-03,linear_predictivity,149,75,0.11674016578541019,
all-other-subjects,MST,LO2,test,sub-03,linear_predictivity,149,75,0.27975166585072275,"[0.2703205361544134, 0.27153253678930067, 0.28795470543789686, 0.2937537270681944, 0.2751968238038085]"
all-other-subjects,MST,LO3,train,sub-03,linear_predictivity,149,124,0.2144116986371774,
all-other-subjects,MST,LO3,test,sub-03,linear_predictivity,149,124,0.49599814632488515,"[0.505818799281348, 0.49572897941629435, 0.4882430371751718, 0.497391105677112, 0.4928088100744998]"
all-other-subjects,MT,V1,train,sub-03,linear_predictivity,100,361,0.021370097387298902,
all-other-subjects,MT,V1,test,sub-03,linear_predictivity,100,361,0.02263921558923198,"[0.018120539253773722, 0.02084539023843566, 0.020445058229997714, 0.030736261385780488, 0.023048828838172306]"
all-other-subjects,MT,V2,train,sub-03,linear_predictivity,100,525,0.03252728278728959,
all-other-subjects,MT,V2,test,sub-03,linear_predictivity,100,525,0.04481910517494008,"[0.03190175717072069, 0.03755604932092382, 0.06167856418481111, 0.049860361375325984, 0.043098793822918806]"
all-other-subjects,MT,V3,train,sub-03,linear_predictivity,100,361,0.060564976695100504,
all-other-subjects,MT,V3,test,sub-03,linear_predictivity,100,361,0.16901798780938274,"[0.16585844457923932, 0.16481768042317627, 0.17050175383042962, 0.17776442242317836, 0.16614763779089]"
all-other-subjects,MT,V4,train,sub-03,linear_predictivity,100,555,0.07276233600530359,
all-other-subjects,MT,V4,test,sub-03,linear_predictivity,100,555,0.20088954416623003,"[0.20321897272962466, 0.19604435376717624, 0.20378372356490293, 0.19966598963857674, 0.20173468113086973]"
all-other-subjects,MT,V3A,train,sub-03,linear_predictivity,100,198,0.1371380446080113,
all-other-subjects,MT,V3A,test,sub-03,linear_predictivity,100,198,0.29521149302466476,"[0.28701580479532796, 0.2965949259414496, 0.2989421521687774, 0.2961392710668895, 0.29736531115087944]"
all-other-subjects,MT,V3B,train,sub-03,linear_predictivity,100,149,0.08926755992758184,
all-other-subjects,MT,V3B,test,sub-03,linear_predictivity,100,149,0.21872070011642544,"[0.20870295207120987, 0.2124209457206369, 0.22153257912213772, 0.21574205871427823, 0.23520496495386442]"
all-other-subjects,MT,V6,train,sub-03,linear_predictivity,100,157,0.12302904447923432,
all-other-subjects,MT,V6,test,sub-03,linear_predictivity,100,157,0.2817365605064345,"[0.2675059022216695, 0.2821680530995064, 0.2814978277381168, 0.29306286533338993, 0.2844481541394897]"
all-other-subjects,MT,V6A,train,sub-03,linear_predictivity,100,68,0.07835314211185997,
all-other-subjects,MT,V6A,test,sub-03,linear_predictivity,100,68,0.22252413265128004,"[0.22620966343433888, 0.22458193033473808, 0.21524142738735585, 0.2230796972730782, 0.2235079448268893]"
all-other-subjects,MT,V7,train,sub-03,linear_predictivity,100,88,0.1737312565998706,
all-other-subjects,MT,V7,test,sub-03,linear_predictivity,100,88,0.3887550149205438,"[0.38074946606799825, 0.3917610251773691, 0.38970673315289334, 0.37970764430700327, 0.4018502058974552]"
all-other-subjects,MT,V8,train,sub-03,linear_predictivity,100,111,0.11883871712831603,
all-other-subjects,MT,V8,test,sub-03,linear_predictivity,100,111,0.27756874047263264,"[0.2781836451948104, 0.28090776364988895, 0.28178009996070696, 0.2713981647819646, 0.2755740287757922]"
all-other-subjects,MT,FFC,train,sub-03,linear_predictivity,100,301,0.04033670046148653,
all-other-subjects,MT,FFC,test,sub-03,linear_predictivity,100,301,0.14596795713798424,"[0.14337769935264097, 0.14734230278089835, 0.14621648079206806, 0.1391244853080548, 0.15377881745625913]"
all-other-subjects,MT,PIT,train,sub-03,linear_predictivity,100,105,0.0611580246663731,
all-other-subjects,MT,PIT,test,sub-03,linear_predictivity,100,105,0.21345152595518027,"[0.2087866532186297, 0.20625024145563264, 0.21799993750850513, 0.2211675345713399, 0.21305326302179406]"
all-other-subjects,MT,IPS1,train,sub-03,linear_predictivity,100,123,0.04863673115137667,
all-other-subjects,MT,IPS1,test,sub-03,linear_predictivity,100,123,0.16327351316861832,"[0.15414798358745777, 0.16650307547817825, 0.16460304981832682, 0.15382500631276116, 0.1772884506463676]"
all-other-subjects,MT,MST,train,sub-03,linear_predictivity,100,147,0.3219436437560363,
all-other-subjects,MT,MST,test,sub-03,linear_predictivity,100,147,0.5802280452545329,"[0.579909519665513, 0.5803804137371327, 0.5798653339717305, 0.5836938168287091, 0.5772911420695792]"
all-other-subjects,MT,MT,train,sub-03,linear_predictivity,100,98,0.43295035684231664,
all-other-subjects,MT,MT,test,sub-03,linear_predictivity,100,98,0.6868467843435718,"[0.6846958098868138, 0.6873634314095332, 0.6845303707087543, 0.6898582307763655, 0.6877860789363921]"
all-other-subjects,MT,FST,train,sub-03,linear_predictivity,100,166,0.12768084404819813,
all-other-subjects,MT,FST,test,sub-03,linear_predictivity,100,166,0.32388934093425853,"[0.3215679309188928, 0.3280351622994559, 0.3251654915733461, 0.3200195389184617, 0.32465858096113603]"
all-other-subjects,MT,LO1,train,sub-03,linear_predictivity,100,74,0.13270509343366993,
all-other-subjects,MT,LO1,test,sub-03,linear_predictivity,100,74,0.3165154830239793,"[0.32536667876525505, 0.30660065850375906, 0.3200271668676823, 0.3104073878860269, 0.3201755230971733]"
all-other-subjects,MT,LO2,train,sub-03,linear_predictivity,100,75,0.10672625629865581,
all-other-subjects,MT,LO2,test,sub-03,linear_predictivity,100,75,0.2592619866846815,"[0.2471021156085419, 0.2471722544124862, 0.2620853769457289, 0.27530413169621293, 0.2646460547604375]"
all-other-subjects,MT,LO3,train,sub-03,linear_predictivity,100,124,0.23349977663850544,
all-other-subjects,MT,LO3,test,sub-03,linear_predictivity,100,124,0.4738336819516008,"[0.4861463250791519, 0.47130975158927507, 0.473301998030718, 0.46257965074345586, 0.47583068431540304]"
all-other-subjects,FST,V1,train,sub-03,linear_predictivity,175,361,0.014751778217803699,
all-other-subjects,FST,V1,test,sub-03,linear_predictivity,175,361,0.009228916264496114,"[0.010229989622369644, 0.005879330743863742, 0.004721011675126495, 0.018529474951253185, 0.006784774329867512]"
all-other-subjects,FST,V2,train,sub-03,linear_predictivity,175,525,0.023874817354087596,
all-other-subjects,FST,V2,test,sub-03,linear_predictivity,175,525,0.006149337248853503,"[0.0038152743336823916, 0.005652904743996259, 0.00168905491114576, 0.015478758481902642, 0.004110693773540466]"
all-other-subjects,FST,V3,train,sub-03,linear_predictivity,175,361,0.036203410133922136,
all-other-subjects,FST,V3,test,sub-03,linear_predictivity,175,361,0.09379421204420206,"[0.09418143993268886, 0.08821456258223254, 0.0925736262831949, 0.09871850375014106, 0.09528292767275295]"
all-other-subjects,FST,V4,train,sub-03,linear_predictivity,175,555,0.05702332770732448,
all-other-subjects,FST,V4,test,sub-03,linear_predictivity,175,555,0.14995427697989644,"[0.15508494137362044, 0.14523660867125793, 0.14955803882004917, 0.14715252790068417, 0.15273926813387056]"
all-other-subjects,FST,V3A,train,sub-03,linear_predictivity,175,198,0.11009803085997427,
all-other-subjects,FST,V3A,test,sub-03,linear_predictivity,175,198,0.2523295949193741,"[0.2524195456753307, 0.25016614201979154, 0.2517809488322191, 0.25288824361767803, 0.25439309445185104]"
all-other-subjects,FST,V3B,train,sub-03,linear_predictivity,175,149,0.06528044642639838,
all-other-subjects,FST,V3B,test,sub-03,linear_predictivity,175,149,0.1732938650785943,"[0.16646269368227187, 0.17086760444792912, 0.17099519503695598, 0.17980120021875629, 0.17834263200705816]"
all-other-subjects,FST,V6,train,sub-03,linear_predictivity,175,157,0.07916422168978905,
all-other-subjects,FST,V6,test,sub-03,linear_predictivity,175,157,0.16365094500081395,"[0.15860865699349708, 0.16514536841316652, 0.16211875855674143, 0.16717211543667393, 0.16520982560399078]"
all-other-subjects,FST,V6A,train,sub-03,linear_predictivity,175,68,0.07699800393219286,
all-other-subjects,FST,V6A,test,sub-03,linear_predictivity,175,68,0.221555472826734,"[0.22180959996631924, 0.22414376611307324, 0.22112652832384358, 0.21988403381940663, 0.2208134359110273]"
all-other-subjects,FST,V7,train,sub-03,linear_predictivity,175,88,0.1734315811164909,
all-other-subjects,FST,V7,test,sub-03,linear_predictivity,175,88,0.3668634216654277,"[0.3606810045022218, 0.3674761996947798, 0.3653493203811808, 0.3687806549781534, 0.3720299287708027]"
all-other-subjects,FST,V8,train,sub-03,linear_predictivity,175,111,0.06934282792094192,
all-other-subjects,FST,V8,test,sub-03,linear_predictivity,175,111,0.17485973756457893,"[0.18295976078641915, 0.17343390587900046, 0.17125420079135167, 0.17374404266270008, 0.17290677770342333]"
all-other-subjects,FST,FFC,train,sub-03,linear_predictivity,175,301,0.05556210106279335,
all-other-subjects,FST,FFC,test,sub-03,linear_predictivity,175,301,0.14717014304280043,"[0.15219127498377222, 0.1452844853786942, 0.1388709296862055, 0.14672472244105428, 0.1527793027242758]"
all-other-subjects,FST,PIT,train,sub-03,linear_predictivity,175,105,0.08728301476602612,
all-other-subjects,FST,PIT,test,sub-03,linear_predictivity,175,105,0.23309830359398237,"[0.2361475171539215, 0.22328523465296088, 0.23240559460121318, 0.24047995054934335, 0.23317322101247298]"
all-other-subjects,FST,IPS1,train,sub-03,linear_predictivity,175,123,0.0819165019300381,
all-other-subjects,FST,IPS1,test,sub-03,linear_predictivity,175,123,0.2028758955875853,"[0.1951971138418104, 0.2054764185097008, 0.20234947704631145, 0.20211035217661044, 0.20924611636349336]"
all-other-subjects,FST,MST,train,sub-03,linear_predictivity,175,147,0.27330553121979456,
all-other-subjects,FST,MST,test,sub-03,linear_predictivity,175,147,0.5437521069134492,"[0.5563248554907794, 0.5431687097675452, 0.5376560794073201, 0.539503064022762, 0.5421078258788397]"
all-other-subjects,FST,MT,train,sub-03,linear_predictivity,175,98,0.368925016870447,
all-other-subjects,FST,MT,test,sub-03,linear_predictivity,175,98,0.6322490725756101,"[0.632545101407628, 0.6354033257425221, 0.6249707955222542, 0.634351192151462, 0.6339749480541848]"
all-other-subjects,FST,FST,train,sub-03,linear_predictivity,175,166,0.18196409495372942,
all-other-subjects,FST,FST,test,sub-03,linear_predictivity,175,166,0.4039443474670844,"[0.4047488123480877, 0.40802659641794686, 0.4031295056296634, 0.3995007357418179, 0.4043160871979064]"
all-other-subjects,FST,LO1,train,sub-03,linear_predictivity,175,74,0.12177789502171119,
all-other-subjects,FST,LO1,test,sub-03,linear_predictivity,175,74,0.3420093110069956,"[0.37634948884098895, 0.32075658374274774, 0.31857666224101766, 0.36727963874347136, 0.32708418146675217]"
all-other-subjects,FST,LO2,train,sub-03,linear_predictivity,175,75,0.11142462022281456,
all-other-subjects,FST,LO2,test,sub-03,linear_predictivity,175,75,0.29890301284470516,"[0.2828874163952841, 0.27456704164621787, 0.2916821312960755, 0.32247257557212006, 0.3229058993138283]"
all-other-subjects,FST,LO3,train,sub-03,linear_predictivity,175,124,0.2228331711096715,
all-other-subjects,FST,LO3,test,sub-03,linear_predictivity,175,124,0.4831871214281264,"[0.48116536929158144, 0.48317701777438804, 0.47433857310759414, 0.4761692238607181, 0.5010854231063503]"
all-other-subjects,LO1,V1,train,sub-03,linear_predictivity,80,361,0.025120598556333404,
all-other-subjects,LO1,V1,test,sub-03,linear_predictivity,80,361,0.04161953681313143,"[0.03832452400658583, 0.05266069091298673, 0.037229740919427726, 0.04268957134064296, 0.0371931568860139]"
all-other-subjects,LO1,V2,train,sub-03,linear_predictivity,80,525,0.03512986101814696,
all-other-subjects,LO1,V2,test,sub-03,linear_predictivity,80,525,0.05241665715234687,"[0.04707177143208083, 0.0656062427902774, 0.05107249966384061, 0.05146269679328094, 0.046870075082254575]"
all-other-subjects,LO1,V3,train,sub-03,linear_predictivity,80,361,0.0725665431076494,
all-other-subjects,LO1,V3,test,sub-03,linear_predictivity,80,361,0.18730033382142797,"[0.18765982150709992, 0.18111735907560006, 0.19014334990252094, 0.19137593124976351, 0.18620520737215543]"
all-other-subjects,LO1,V4,train,sub-03,linear_predictivity,80,555,0.08470460436756536,
all-other-subjects,LO1,V4,test,sub-03,linear_predictivity,80,555,0.22401889315864804,"[0.22638596220994006, 0.22091517139248654, 0.22481746835718633, 0.22520883642824951, 0.22276702740537777]"
all-other-subjects,LO1,V3A,train,sub-03,linear_predictivity,80,198,0.11701255866212647,
all-other-subjects,LO1,V3A,test,sub-03,linear_predictivity,80,198,0.27094356491439014,"[0.2736138931429282, 0.27227839847057583, 0.27021870584511015, 0.27127200516103517, 0.26733482195230124]"
all-other-subjects,LO1,V3B,train,sub-03,linear_predictivity,80,149,0.06725054979103486,
all-other-subjects,LO1,V3B,test,sub-03,linear_predictivity,80,149,0.15634137390956493,"[0.14991619160915604, 0.15327799578526993, 0.16041831458524908, 0.1592424328403251, 0.15885193472782458]"
all-other-subjects,LO1,V6,train,sub-03,linear_predictivity,80,157,0.058933863962652676,
all-other-subjects,LO1,V6,test,sub-03,linear_predictivity,80,157,0.14316017840545342,"[0.14547262251167725, 0.13759831473726028, 0.14236923584405398, 0.14856158742726958, 0.14179913150700604]"
all-other-subjects,LO1,V6A,train,sub-03,linear_predictivity,80,68,0.08027085121963913,
all-other-subjects,LO1,V6A,test,sub-03,linear_predictivity,80,68,0.21694569489416676,"[0.21695455289660098, 0.21994755734681126, 0.2123150276739974, 0.21964608287564324, 0.21586525367778095]"
all-other-subjects,LO1,V7,train,sub-03,linear_predictivity,80,88,0.1553846917454558,
all-other-subjects,LO1,V7,test,sub-03,linear_predictivity,80,88,0.3069741582920567,"[0.2860713250819527, 0.3356306831574462, 0.2914164414518697, 0.2894508118805607, 0.33230152988845424]"
all-other-subjects,LO1,V8,train,sub-03,linear_predictivity,80,111,0.10576072482023209,
all-other-subjects,LO1,V8,test,sub-03,linear_predictivity,80,111,0.25737676368284607,"[0.25588368669179834, 0.2560678435777944, 0.2601206435457871, 0.2618146013873069, 0.25299704321154365]"
all-other-subjects,LO1,FFC,train,sub-03,linear_predictivity,80,301,0.06334993264906347,
all-other-subjects,LO1,FFC,test,sub-03,linear_predictivity,80,301,0.15668667583240442,"[0.15538749558680273, 0.1523807112035545, 0.14846379408911392, 0.1468726285540939, 0.18032874972845697]"
all-other-subjects,LO1,PIT,train,sub-03,linear_predictivity,80,105,0.10285926429230753,
all-other-subjects,LO1,PIT,test,sub-03,linear_predictivity,80,105,0.27206503562048334,"[0.2689462288260923, 0.26593764596670066, 0.27963647438929884, 0.28176866661440586, 0.264036162305919]"
all-other-subjects,LO1,IPS1,train,sub-03,linear_predictivity,80,123,0.0643946768886706,
all-other-subjects,LO1,IPS1,test,sub-03,linear_predictivity,80,123,0.15691481539157132,"[0.1452177662301641, 0.15905426966193073, 0.15855936688457095, 0.15648321777718308, 0.16525945640400763]"
all-other-subjects,LO1,MST,train,sub-03,linear_predictivity,80,147,0.19610167559730007,
all-other-subjects,LO1,MST,test,sub-03,linear_predictivity,80,147,0.3888356002317218,"[0.3904879162400856, 0.38547239008710243, 0.3900109297018369, 0.3906554121372196, 0.38755135299236476]"
all-other-subjects,LO1,MT,train,sub-03,linear_predictivity,80,98,0.3398121700917846,
all-other-subjects,LO1,MT,test,sub-03,linear_predictivity,80,98,0.569718937718169,"[0.5644233945107667, 0.5659730213732277, 0.5705732316898933, 0.5750111215664413, 0.5726139194505157]"
all-other-subjects,LO1,FST,train,sub-03,linear_predictivity,80,166,0.13183844072439985,
all-other-subjects,LO1,FST,test,sub-03,linear_predictivity,80,166,0.3313098932848593,"[0.3271318990419078, 0.34001612488637206, 0.3383369557374926, 0.32360219920298283, 0.3274622875555412]"
all-other-subjects,LO1,LO1,train,sub-03,linear_predictivity,80,74,0.17962915667242946,
all-other-subjects,LO1,LO1,test,sub-03,linear_predictivity,80,74,0.4149217452027581,"[0.4124760434565695, 0.41572026430922465, 0.4045613484155585, 0.41774363434570666, 0.424107435486731]"
all-other-subjects,LO1,LO2,train,sub-03,linear_predictivity,80,75,0.13122455314221154,
all-other-subjects,LO1,LO2,test,sub-03,linear_predictivity,80,75,0.2800168222522994,"[0.2688774453639933, 0.2732019831130296, 0.2865219805763642, 0.28972031287719235, 0.28176238933091763]"
all-other-subjects,LO1,LO3,train,sub-03,linear_predictivity,80,124,0.2570460668610362,
all-other-subjects,LO1,LO3,test,sub-03,linear_predictivity,80,124,0.5085902802459392,"[0.5096164742856831, 0.5096195764429392, 0.5050650167234461, 0.510121008554738, 0.5085293252228895]"
all-other-subjects,LO2,V1,train,sub-03,linear_predictivity,83,361,0.024731679520362686,
all-other-subjects,LO2,V1,test,sub-03,linear_predictivity,83,361,0.035727161862296075,"[0.03285844161877242, 0.034412796696436154, 0.034105296233331736, 0.04318547375091575, 0.03407380101202434]"
all-other-subjects,LO2,V2,train,sub-03,linear_predictivity,83,525,0.03054906408614556,
all-other-subjects,LO2,V2,test,sub-03,linear_predictivity,83,525,0.047383497444661735,"[0.042981665556395626, 0.0440113657406559, 0.04901038887705998, 0.05474730180812145, 0.04616676524107572]"
all-other-subjects,LO2,V3,train,sub-03,linear_predictivity,83,361,0.05640255593058628,
all-other-subjects,LO2,V3,test,sub-03,linear_predictivity,83,361,0.17273944976331285,"[0.17593814025406737, 0.1844844624464481, 0.13893604432215492, 0.18744813375758873, 0.176890468036305]"
all-other-subjects,LO2,V4,train,sub-03,linear_predictivity,83,555,0.06359518089110205,
all-other-subjects,LO2,V4,test,sub-03,linear_predictivity,83,555,0.1900792785285514,"[0.17669336488955292, 0.20134908814997415, 0.17001854862927843, 0.20189369628866868, 0.20044169468528258]"
all-other-subjects,LO2,V3A,train,sub-03,linear_predictivity,83,198,0.07504644099478698,
all-other-subjects,LO2,V3A,test,sub-03,linear_predictivity,83,198,0.19855933551971122,"[0.1741439028768473, 0.2143971878597919, 0.21154384867385442, 0.21858398958918845, 0.1741277485988739]"
all-other-subjects,LO2,V3B,train,sub-03,linear_predictivity,83,149,0.0468395437664845,
all-other-subjects,LO2,V3B,test,sub-03,linear_predictivity,83,149,0.14003757360707203,"[0.12928625365588486, 0.1613432036299444, 0.13752371638397892, 0.13414166987647003, 0.1378930244890819]"
all-other-subjects,LO2,V6,train,sub-03,linear_predictivity,83,157,0.06152819298059864,
all-other-subjects,LO2,V6,test,sub-03,linear_predictivity,83,157,0.1731283367448284,"[0.1651120827846022, 0.170706410328713, 0.16938685970435796, 0.1830395915953961, 0.1773967393110727]"
all-other-subjects,LO2,V6A,train,sub-03,linear_predictivity,83,68,0.05342547750140811,
all-other-subjects,LO2,V6A,test,sub-03,linear_predictivity,83,68,0.14863162988942527,"[0.16214330383037626, 0.16349684788798166, 0.1308938114031912, 0.1307314945787287, 0.1558926917468485]"
all-other-subjects,LO2,V7,train,sub-03,linear_predictivity,83,88,0.1450116144820775,
all-other-subjects,LO2,V7,test,sub-03,linear_predictivity,83,88,0.28907286012546585,"[0.2829233845202644, 0.2873117967293025, 0.2919960680792719, 0.2898627807899138, 0.29327027050857635]"
all-other-subjects,LO2,V8,train,sub-03,linear_predictivity,83,111,0.0802984242351874,
all-other-subjects,LO2,V8,test,sub-03,linear_predictivity,83,111,0.21657654944025748,"[0.18436907278635553, 0.22233494188823336, 0.22064018103854222, 0.23061152215367875, 0.22492702933447745]"
all-other-subjects,LO2,FFC,train,sub-03,linear_predictivity,83,301,0.055688066923167016,
all-other-subjects,LO2,FFC,test,sub-03,linear_predictivity,83,301,0.1522934278714255,"[0.15445532431170111, 0.15598137730375472, 0.1502607286838182, 0.1462144100894712, 0.15455529896838227]"
all-other-subjects,LO2,PIT,train,sub-03,linear_predictivity,83,105,0.1106934933691557,
all-other-subjects,LO2,PIT,test,sub-03,linear_predictivity,83,105,0.2868864231116513,"[0.2833196346602956, 0.3039741038977192, 0.2792843231137255, 0.2841357453709865, 0.2837183085155296]"
all-other-subjects,LO2,IPS1,train,sub-03,linear_predictivity,83,123,0.06174086593699083,
all-other-subjects,LO2,IPS1,test,sub-03,linear_predictivity,83,123,0.1560490273615435,"[0.1502663844265912, 0.151255823847266, 0.16098124570945693, 0.15415298442674627, 0.16358869839765702]"
all-other-subjects,LO2,MST,train,sub-03,linear_predictivity,83,147,0.18952636045790486,
all-other-subjects,LO2,MST,test,sub-03,linear_predictivity,83,147,0.3439636650538905,"[0.34699484100675504, 0.33978869238191156, 0.34830123806509783, 0.33491114878277933, 0.3498224050329085]"
all-other-subjects,LO2,MT,train,sub-03,linear_predictivity,83,98,0.34634707369916873,
all-other-subjects,LO2,MT,test,sub-03,linear_predictivity,83,98,0.5551013363469115,"[0.5503201316802722, 0.5532395244387787, 0.5490963282297096, 0.5564718107220298, 0.5663788866637675]"
all-other-subjects,LO2,FST,train,sub-03,linear_predictivity,83,166,0.14465839933680552,
all-other-subjects,LO2,FST,test,sub-03,linear_predictivity,83,166,0.31997851757347007,"[0.31849178934204525, 0.3191800362266084, 0.3235723565317203, 0.31686353452381316, 0.32178487124316346]"
all-other-subjects,LO2,LO1,train,sub-03,linear_predictivity,83,74,0.14525751427269956,
all-other-subjects,LO2,LO1,test,sub-03,linear_predictivity,83,74,0.38561053337405854,"[0.38546967451162223, 0.38308151391259526, 0.38752880929929495, 0.3844462293641722, 0.38752643978260787]"
all-other-subjects,LO2,LO2,train,sub-03,linear_predictivity,83,75,0.1657831322434339,
all-other-subjects,LO2,LO2,test,sub-03,linear_predictivity,83,75,0.3799303113773288,"[0.36079086073942757, 0.3786953848510658, 0.38794177461291107, 0.38648602824201606, 0.3857375084412235]"
all-other-subjects,LO2,LO3,train,sub-03,linear_predictivity,83,124,0.22746049428972032,
all-other-subjects,LO2,LO3,test,sub-03,linear_predictivity,83,124,0.44568177238512396,"[0.44894577688373793, 0.44517654921455346, 0.4414009601016586, 0.44340003923744337, 0.44948553648822653]"
all-other-subjects,LO3,V1,train,sub-03,linear_predictivity,125,361,0.020477621788336675,
all-other-subjects,LO3,V1,test,sub-03,linear_predictivity,125,361,0.02741277862767568,"[0.026861536883580207, 0.020264169433727382, 0.025782098831321813, 0.035148812233402695, 0.029007275756346325]"
all-other-subjects,LO3,V2,train,sub-03,linear_predictivity,125,525,0.033115189431010356,
all-other-subjects,LO3,V2,test,sub-03,linear_predictivity,125,525,0.05327408957595211,"[0.05018520690644794, 0.045671323869572414, 0.056078330958122154, 0.05985024648913061, 0.05458533965648741]"
all-other-subjects,LO3,V3,train,sub-03,linear_predictivity,125,361,0.04786951717673551,
all-other-subjects,LO3,V3,test,sub-03,linear_predictivity,125,361,0.1236917729251052,"[0.12055837088158157, 0.11820117037459123, 0.1258431715334039, 0.12915897993225278, 0.12469717190369661]"
all-other-subjects,LO3,V4,train,sub-03,linear_predictivity,125,555,0.07646042406885278,
all-other-subjects,LO3,V4,test,sub-03,linear_predictivity,125,555,0.19144495756748958,"[0.19444414291590256, 0.1886879571047535, 0.1931277230986569, 0.19025065558305004, 0.19071430913508478]"
all-other-subjects,LO3,V3A,train,sub-03,linear_predictivity,125,198,0.1284339984720214,
all-other-subjects,LO3,V3A,test,sub-03,linear_predictivity,125,198,0.2803080428585399,"[0.2775346021722958, 0.2827698980689163, 0.2802609160869964, 0.27934886280613874, 0.2816259351583522]"
all-other-subjects,LO3,V3B,train,sub-03,linear_predictivity,125,149,0.07503672497555482,
all-other-subjects,LO3,V3B,test,sub-03,linear_predictivity,125,149,0.1831904584163325,"[0.17625789176150156, 0.17512989440762813, 0.18759138867701652, 0.18570590934541628, 0.19126720789009993]"
all-other-subjects,LO3,V6,train,sub-03,linear_predictivity,125,157,0.0852676753807204,
all-other-subjects,LO3,V6,test,sub-03,linear_predictivity,125,157,0.2343616436557955,"[0.23611829895741623, 0.2436391318928264, 0.24226866062464575, 0.20739589166193872, 0.24238623514215035]"
all-other-subjects,LO3,V6A,train,sub-03,linear_predictivity,125,68,0.09973379681303096,
all-other-subjects,LO3,V6A,test,sub-03,linear_predictivity,125,68,0.2385397388323301,"[0.23693458030024436, 0.24486003560765604, 0.2352485674661733, 0.23681614391948122, 0.23883936686809554]"
all-other-subjects,LO3,V7,train,sub-03,linear_predictivity,125,88,0.16145887328641279,
all-other-subjects,LO3,V7,test,sub-03,linear_predictivity,125,88,0.33805788048043395,"[0.3293543239197017, 0.3470729195183432, 0.33851594680447183, 0.331638627028312, 0.34370758513134086]"
all-other-subjects,LO3,V8,train,sub-03,linear_predictivity,125,111,0.1046664200342942,
all-other-subjects,LO3,V8,test,sub-03,linear_predictivity,125,111,0.23263913397672686,"[0.23702258805194606, 0.23146531019305075, 0.23397566650517201, 0.2299440193681092, 0.23078808576535642]"
all-other-subjects,LO3,FFC,train,sub-03,linear_predictivity,125,301,0.05915804954771738,
all-other-subjects,LO3,FFC,test,sub-03,linear_predictivity,125,301,0.14855104487652687,"[0.15456678080509748, 0.15014364437984917, 0.1472978420824231, 0.1447165817618489, 0.14603037535341568]"
all-other-subjects,LO3,PIT,train,sub-03,linear_predictivity,125,105,0.07138270582689686,
all-other-subjects,LO3,PIT,test,sub-03,linear_predictivity,125,105,0.20227647690644113,"[0.20347676304124981, 0.19288444951646969, 0.2066271441832443, 0.20682820640786856, 0.20156582138337326]"
all-other-subjects,LO3,IPS1,train,sub-03,linear_predictivity,125,123,0.07150355008510934,
all-other-subjects,LO3,IPS1,test,sub-03,linear_predictivity,125,123,0.20273829497747223,"[0.19552432810316037, 0.20564367652496338, 0.20677016014619906, 0.19752861211460562, 0.20822469799843268]"
all-other-subjects,LO3,MST,train,sub-03,linear_predictivity,125,147,0.2355357715815618,
all-other-subjects,LO3,MST,test,sub-03,linear_predictivity,125,147,0.44615036132915387,"[0.44049475484115536, 0.4422518622974655, 0.4504024704412414, 0.45173608255280917, 0.44586663651309827]"
all-other-subjects,LO3,MT,train,sub-03,linear_predictivity,125,98,0.39879851099245545,
all-other-subjects,LO3,MT,test,sub-03,linear_predictivity,125,98,0.646332109980208,"[0.6366896629877649, 0.6506754029678252, 0.6486203961403115, 0.648182874837247, 0.6474922129678911]"
all-other-subjects,LO3,FST,train,sub-03,linear_predictivity,125,166,0.1272275337293751,
all-other-subjects,LO3,FST,test,sub-03,linear_predictivity,125,166,0.33035938008552446,"[0.32187134926383915, 0.3626113392592442, 0.3264493006820078, 0.3168868383101759, 0.3239780729123552]"
all-other-subjects,LO3,LO1,train,sub-03,linear_predictivity,125,74,0.1788679577723953,
all-other-subjects,LO3,LO1,test,sub-03,linear_predictivity,125,74,0.37149531006545183,"[0.39026363056103364, 0.3554628143476185, 0.3541750995186922, 0.3592559882224634, 0.39831901767745154]"
all-other-subjects,LO3,LO2,train,sub-03,linear_predictivity,125,75,0.09170037493824375,
all-other-subjects,LO3,LO2,test,sub-03,linear_predictivity,125,75,0.2568358583270262,"[0.2572805197045342, 0.23749807457744115, 0.25361249676924025, 0.25416228015365583, 0.28162592043025947]"
all-other-subjects,LO3,LO3,train,sub-03,linear_predictivity,125,124,0.26529522786918835,
all-other-subjects,LO3,LO3,test,sub-03,linear_predictivity,125,124,0.5008203975230059,"[0.5158346161451308, 0.4961481960647599, 0.48377021531740805, 0.485649153154331, 0.5226998069333997]"
