model,layer,roi,split,subject,metric,n_features_1_model,n_features_2_brain,score,test_scores_list,alphas,train_set_train_split_score_mean,ridgecv_val_mse,train_set_train_split_mse,train_set_val_split_mse
clip/ViT-L/14@336px,image_encoder.transformer.resblocks.0,V1,train,sub-09,linear_predictivity,5919,641,0.04372778796631622,,"[31622.776601683796, 31622.776601683796, 31622.776601683796, 31622.776601683796, 31622.776601683796]",0.23854121648873647,1.1341191521887635,0.7612945450684485,0.9528568350112563
clip/ViT-L/14@336px,image_encoder.transformer.resblocks.0,V1,test,sub-09,linear_predictivity,5919,641,0.026065041875831314,"[0.024758670476413638, 0.02771184827227576, 0.028502888028718382, 0.027184249901912625, 0.022167552699836158]",,,,,
clip/ViT-L/14@336px,image_encoder.transformer.resblocks.0,V2,train,sub-09,linear_predictivity,5919,754,0.023085231188460693,,"[31622.776601683796, 31622.776601683796, 31622.776601683796, 31622.776601683796, 31622.776601683796]",0.22146288362494682,1.1611039623031196,0.7783340373341419,0.9728502827885157
clip/ViT-L/14@336px,image_encoder.transformer.resblocks.0,V2,test,sub-09,linear_predictivity,5919,754,0.029325598354385578,"[0.026347428351691717, 0.027024378934120723, 0.03533608241027925, 0.03178709910355484, 0.02613300297228135]",,,,,
clip/ViT-L/14@336px,image_encoder.transformer.resblocks.0,V3,train,sub-09,linear_predictivity,5919,575,0.022688780790078054,,"[31622.776601683796, 31622.776601683796, 31622.776601683796, 31622.776601683796, 31622.776601683796]",0.21795068019109043,1.1611627098730646,0.7818728693119438,0.9738219503925032
clip/ViT-L/14@336px,image_encoder.transformer.resblocks.0,V3,test,sub-09,linear_predictivity,5919,575,0.03388638875310083,"[0.03311225043237938, 0.03359071370624021, 0.036805450932205504, 0.03427891025219509, 0.031644618442483965]",,,,,
clip/ViT-L/14@336px,image_encoder.transformer.resblocks.0,V4,train,sub-09,linear_predictivity,5919,616,0.022321078370007193,,"[31622.776601683796, 31622.776601683796, 31622.776601683796, 31622.776601683796, 31622.776601683796]",0.21785771676557492,1.1538062976144112,0.7819755832838611,0.9744789309020915
clip/ViT-L/14@336px,image_encoder.transformer.resblocks.0,V4,test,sub-09,linear_predictivity,5919,616,0.006256159532685752,"[0.011160487269146119, 0.01428969021296935, 0.004473006120172941, 0.0032281355738459985, -0.0018705215127056472]",,,,,
clip/ViT-L/14@336px,image_encoder.transformer.resblocks.0,V3A,train,sub-09,linear_predictivity,5919,270,-0.0037574575950710437,,"[316227.7660168379, 100000.0, 316227.7660168379, 316227.7660168379, 100000.0]",0.05747172907161805,1.1954284713213963,0.9420718609819781,0.9986333159507911
clip/ViT-L/14@336px,image_encoder.transformer.resblocks.0,V3A,test,sub-09,linear_predictivity,5919,270,-0.04056136964161133,"[-0.05586797787087821, -0.02536764239632717, -0.038251843143957645, -0.04692999615215271, -0.036389388644740964]",,,,,
clip/ViT-L/14@336px,image_encoder.transformer.resblocks.0,V3B,train,sub-09,linear_predictivity,5919,148,0.004127641899095091,,"[100000.0, 100000.0, 100000.0, 100000.0, 100000.0]",0.09250835813417445,1.1775323768067167,0.9073526376710477,0.993015362040318
clip/ViT-L/14@336px,image_encoder.transformer.resblocks.0,V3B,test,sub-09,linear_predictivity,5919,148,-0.01371000284292521,"[-0.010859826694104218, -0.01242545589094307, -0.018331412460475194, -0.010436164184499325, -0.01649715498460424]",,,,,
clip/ViT-L/14@336px,image_encoder.transformer.resblocks.0,V6,train,sub-09,linear_predictivity,5919,104,-0.003711534174178627,,"[316227.7660168379, 100000.0, 316227.7660168379, 316227.7660168379, 316227.7660168379]",0.04574357074766797,1.1981452285630656,0.9537767065034661,0.9990349411210868
clip/ViT-L/14@336px,image_encoder.transformer.resblocks.0,V6,test,sub-09,linear_predictivity,5919,104,-0.009838826752762228,"[-0.01816229539182024, -0.008862961213186738, -0.009181507034239707, -0.007164994583876968, -0.005822375540687482]",,,,,
clip/ViT-L/14@336px,image_encoder.transformer.resblocks.0,V6A,train,sub-09,linear_predictivity,5919,85,0.008562425655672085,,"[100000.0, 100000.0, 100000.0, 100000.0, 100000.0]",0.0940038359896487,1.1871002070903853,0.9058145459622345,0.9878930961197057
clip/ViT-L/14@336px,image_encoder.transformer.resblocks.0,V6A,test,sub-09,linear_predictivity,5919,85,-0.009852280624692053,"[-0.012863369514038398, -0.0037055730284615415, -0.015213318654371834, -0.007925060434612009, -0.009554081491976481]",,,,,
clip/ViT-L/14@336px,image_encoder.transformer.resblocks.0,V7,train,sub-09,linear_predictivity,5919,87,0.006709724845062532,,"[100000.0, 100000.0, 100000.0, 100000.0, 100000.0]",0.0943673753592426,1.1711062799360374,0.9054714921135336,0.9903276056645636
clip/ViT-L/14@336px,image_encoder.transformer.resblocks.0,V7,test,sub-09,linear_predictivity,5919,87,-0.054544611476170624,"[-0.05316863726284901, -0.04855498487726805, -0.06293282743275921, -0.04823838950242162, -0.059828218305555236]",,,,,
clip/ViT-L/14@336px,image_encoder.transformer.resblocks.0,V8,train,sub-09,linear_predictivity,5919,101,0.017416442060488084,,"[31622.776601683796, 31622.776601683796, 31622.776601683796, 31622.776601683796, 31622.776601683796]",0.21304812213935262,1.169453567515687,0.7867385436334449,0.9785628744325374
clip/ViT-L/14@336px,image_encoder.transformer.resblocks.0,V8,test,sub-09,linear_predictivity,5919,101,-0.04149024702297622,"[-0.022781780740827318, -0.04678747069622813, -0.034379535808257575, -0.05935486120201097, -0.0441475866675571]",,,,,
clip/ViT-L/14@336px,image_encoder.transformer.resblocks.0,FFC,train,sub-09,linear_predictivity,5919,263,0.03180217770609487,,"[31622.776601683796, 31622.776601683796, 31622.776601683796, 31622.776601683796, 31622.776601683796]",0.2285381508472346,1.1333697911529286,0.7712684070312547,0.9643080369067156
clip/ViT-L/14@336px,image_encoder.transformer.resblocks.0,FFC,test,sub-09,linear_predictivity,5919,263,0.04316751190283298,"[0.04557919525117148, 0.05115435130509875, 0.040799297937444745, 0.03873650903186426, 0.03956820598858568]",,,,,
clip/ViT-L/14@336px,image_encoder.transformer.resblocks.0,PIT,train,sub-09,linear_predictivity,5919,123,0.03890586935962129,,"[31622.776601683796, 31622.776601683796, 31622.776601683796, 31622.776601683796, 31622.776601683796]",0.23225094497676224,1.141828801442936,0.7675732472513328,0.9578035438959581
clip/ViT-L/14@336px,image_encoder.transformer.resblocks.0,PIT,test,sub-09,linear_predictivity,5919,123,0.04002209373713196,"[0.034253393992152166, 0.059326422725114174, 0.04090452479357297, 0.035911313499798966, 0.029714813675021486]",,,,,
clip/ViT-L/14@336px,image_encoder.transformer.resblocks.0,IPS1,train,sub-09,linear_predictivity,5919,243,0.0023210711337760775,,"[316227.7660168379, 100000.0, 100000.0, 100000.0, 316227.7660168379]",0.06970323853241231,1.1833922266531822,0.9304529386982671,0.9952680159046444
clip/ViT-L/14@336px,image_encoder.transformer.resblocks.0,IPS1,test,sub-09,linear_predictivity,5919,243,-0.007737026978046386,"[-0.012382052535146312, -0.0054272554652598365, -0.013853941467259304, 0.0010627093675753961, -0.008084594790141874]",,,,,
clip/ViT-L/14@336px,image_encoder.transformer.resblocks.0,MST,train,sub-09,linear_predictivity,5919,149,0.01656858187154043,,"[100000.0, 31622.776601683796, 31622.776601683796, 31622.776601683796, 100000.0]",0.17858856882672466,1.1532387132213324,0.8214065776803793,0.9791722885543612
clip/ViT-L/14@336px,image_encoder.transformer.resblocks.0,MST,test,sub-09,linear_predictivity,5919,149,0.00188685161420242,"[-0.006385579131927397, 0.0083886187292242, -0.012782881922467267, 0.014821324834530827, 0.005392775561651736]",,,,,
clip/ViT-L/14@336px,image_encoder.transformer.resblocks.0,MT,train,sub-09,linear_predictivity,5919,100,0.031805279477547126,,"[31622.776601683796, 31622.776601683796, 31622.776601683796, 31622.776601683796, 31622.776601683796]",0.2343116951412081,1.1369232464682237,0.7654903279338607,0.9650251322863695
clip/ViT-L/14@336px,image_encoder.transformer.resblocks.0,MT,test,sub-09,linear_predictivity,5919,100,0.01898629007797175,"[0.021322388528601924, 0.02567076829959385, -0.0023238877055826866, 0.023094930518279683, 0.027167250748965973]",,,,,
clip/ViT-L/14@336px,image_encoder.transformer.resblocks.0,FST,train,sub-09,linear_predictivity,5919,156,0.021720869941218465,,"[100000.0, 100000.0, 31622.776601683796, 31622.776601683796, 100000.0]",0.15320166424373147,1.158332604198804,0.8468342529237065,0.9752656192161757
clip/ViT-L/14@336px,image_encoder.transformer.resblocks.0,FST,test,sub-09,linear_predictivity,5919,156,0.02444396931595393,"[0.02160133541166647, 0.028314763310975734, 0.011655767641884127, 0.030339023763494427, 0.030308956451748886]",,,,,
clip/ViT-L/14@336px,image_encoder.transformer.resblocks.0,LO1,train,sub-09,linear_predictivity,5919,79,-0.00023587978793037994,,"[100000.0, 100000.0, 100000.0, 100000.0, 316227.7660168379]",0.07802794678825645,1.1843874646156107,0.9219015796732227,0.9982117941560082
clip/ViT-L/14@336px,image_encoder.transformer.resblocks.0,LO1,test,sub-09,linear_predictivity,5919,79,-0.03638690480072158,"[-0.04451340225774441, -0.025965108041938446, -0.04519133516306881, -0.03148960654640319, -0.034775071994453004]",,,,,
clip/ViT-L/14@336px,image_encoder.transformer.resblocks.0,LO2,train,sub-09,linear_predictivity,5919,80,0.020543763216209248,,"[31622.776601683796, 31622.776601683796, 31622.776601683796, 31622.776601683796, 31622.776601683796]",0.22012064324248598,1.1564767752395697,0.7797599724345587,0.9770748989996472
clip/ViT-L/14@336px,image_encoder.transformer.resblocks.0,LO2,test,sub-09,linear_predictivity,5919,80,0.029430582101764986,"[0.012577700101857148, 0.05441777802410348, 0.02440418000026408, 0.02938071510330852, 0.026372537279291692]",,,,,
clip/ViT-L/14@336px,image_encoder.transformer.resblocks.0,LO3,train,sub-09,linear_predictivity,5919,125,0.015996198093898267,,"[100000.0, 31622.776601683796, 31622.776601683796, 31622.776601683796, 31622.776601683796]",0.19916944000233078,1.145162744062422,0.8004344135144276,0.980297219870271
clip/ViT-L/14@336px,image_encoder.transformer.resblocks.0,LO3,test,sub-09,linear_predictivity,5919,125,-0.01348320388549217,"[-0.005734097598782937, 0.0005587831350407972, -0.03373144336470371, -0.011083851880155418, -0.017425409718859582]",,,,,
clip/ViT-L/14@336px,image_encoder.transformer.resblocks.0,V7,train,sub-09,linear_predictivity,5919,87,0.006709724845062532,,"[100000.0, 100000.0, 100000.0, 100000.0, 100000.0]",0.0943673753592426,1.1711062799360374,0.9054714921135336,0.9903276056645636
clip/ViT-L/14@336px,image_encoder.transformer.resblocks.0,V7,test,sub-09,linear_predictivity,5919,87,-0.054544611476170624,"[-0.05316863726284901, -0.04855498487726805, -0.06293282743275921, -0.04823838950242162, -0.059828218305555236]",,,,,
clip/ViT-L/14@336px,image_encoder.transformer.resblocks.0,IP0,train,sub-09,linear_predictivity,5919,198,0.0021283455508751014,,"[316227.7660168379, 316227.7660168379, 100000.0, 100000.0, 316227.7660168379]",0.060030432633105466,1.1845098476920408,0.9402730226095581,0.9950246429082235
clip/ViT-L/14@336px,image_encoder.transformer.resblocks.0,IP0,test,sub-09,linear_predictivity,5919,198,-0.015032774640222984,"[-0.01770103102454666, -0.01823049300232605, -0.014325074943885109, -0.010374148754587078, -0.014533125475770023]",,,,,
clip/ViT-L/14@336px,image_encoder.transformer.resblocks.0,IP1,train,sub-09,linear_predictivity,5919,114,-0.007877090827455668,,"[316227.7660168379, 316227.7660168379, 1000000.0, 316227.7660168379, 316227.7660168379]",0.02968988246759759,1.1946853817223242,0.9699538829831079,1.001925188576376
clip/ViT-L/14@336px,image_encoder.transformer.resblocks.0,IP1,test,sub-09,linear_predictivity,5919,114,-0.0070164895615530826,"[-0.009197398546521247, -4.9557148785275794e-05, -0.014230345705286395, -0.012960764481523739, 0.0013556180743512464]",,,,,
clip/ViT-L/14@336px,image_encoder.transformer.resblocks.0,MIP,train,sub-09,linear_predictivity,5919,280,0.0030078981523445646,,"[316227.7660168379, 316227.7660168379, 100000.0, 316227.7660168379, 100000.0]",0.06134665303655227,1.1961590139014808,0.9384139958146152,0.9930756112492393
clip/ViT-L/14@336px,image_encoder.transformer.resblocks.0,MIP,test,sub-09,linear_predictivity,5919,280,0.02525468334585474,"[0.01882229041892112, 0.024361140106421462, 0.03482994869433334, 0.017084209461107384, 0.031175828048490402]",,,,,
clip/ViT-L/14@336px,image_encoder.transformer.resblocks.0,VIP,train,sub-09,linear_predictivity,5919,180,0.0006002301701767462,,"[316227.7660168379, 316227.7660168379, 316227.7660168379, 316227.7660168379, 316227.7660168379]",0.03631725323340026,1.2077615880039487,0.9634980070891708,0.9960750591853333
clip/ViT-L/14@336px,image_encoder.transformer.resblocks.0,VIP,test,sub-09,linear_predictivity,5919,180,0.001069220786546817,"[-0.0015390710937991097, 0.0049672022368934515, 0.0007524781125738412, 0.0058200048938610366, -0.004654510216795135]",,,,,
clip/ViT-L/14@336px,image_encoder.transformer.resblocks.0,LIPd,train,sub-09,linear_predictivity,5919,69,-0.012347997060756028,,"[3162277.6601683795, 316227.7660168379, 3162277.6601683795, 1000000.0, 1000000.0]",0.012638151559167438,1.1994557091011973,0.9870077963309598,1.0047580485474294
clip/ViT-L/14@336px,image_encoder.transformer.resblocks.0,LIPd,test,sub-09,linear_predictivity,5919,69,-0.028506397132902074,"[-0.02193592342910468, -0.017438252872383892, -0.029543877156092673, -0.04906929565074161, -0.02454463655618752]",,,,,
clip/ViT-L/14@336px,image_encoder.transformer.resblocks.0,LIPv,train,sub-09,linear_predictivity,5919,239,-0.0031487922053446507,,"[100000.0, 100000.0, 100000.0, 316227.7660168379, 316227.7660168379]",0.06713012243053756,1.175330857386168,0.9328157122532413,0.998938166823673
clip/ViT-L/14@336px,image_encoder.transformer.resblocks.0,LIPv,test,sub-09,linear_predictivity,5919,239,-0.010937539544812443,"[-0.007077919078061085, -0.006477304191040935, -0.004810771416070362, -0.022542977475960797, -0.013778725562929034]",,,,,
clip/ViT-L/14@336px,image_encoder.transformer.resblocks.0,AIP,train,sub-09,linear_predictivity,5919,275,-0.001881133865782159,,"[316227.7660168379, 316227.7660168379, 316227.7660168379, 316227.7660168379, 316227.7660168379]",0.03518193748887148,1.208245328781474,0.9646073120523498,0.9982416549235836
clip/ViT-L/14@336px,image_encoder.transformer.resblocks.0,AIP,test,sub-09,linear_predictivity,5919,275,0.004044497007621084,"[0.0006010765736497969, 0.0037069071834354853, 0.003030299239487779, 0.007353812397464378, 0.005530389644067977]",,,,,
clip/ViT-L/14@336px,image_encoder.transformer.resblocks.0,7Pm,train,sub-09,linear_predictivity,5919,17,0.0013728052009371232,,"[100000.0, 100000.0, 316227.7660168379, 100000.0, 316227.7660168379]",0.0696317917783928,1.2131061556658502,0.9300746493807225,0.9951844476641678
clip/ViT-L/14@336px,image_encoder.transformer.resblocks.0,7Pm,test,sub-09,linear_predictivity,5919,17,-0.004735501338303173,"[-0.004821476342692059, -0.008411731682929538, 0.0005811147454464858, -0.02466696366768056, 0.013641550256339808]",,,,,
clip/ViT-L/14@336px,image_encoder.transformer.resblocks.0,7PL,train,sub-09,linear_predictivity,5919,133,0.006024279886180356,,"[100000.0, 316227.7660168379, 100000.0, 316227.7660168379, 100000.0]",0.07130824859099252,1.1883330202419333,0.9284564513406168,0.9906255307179659
clip/ViT-L/14@336px,image_encoder.transformer.resblocks.0,7PL,test,sub-09,linear_predictivity,5919,133,0.03279371554854749,"[0.035106347401010936, 0.028130338220289285, 0.04539440615255277, 0.021969788238122543, 0.03336769773076193]",,,,,
clip/ViT-L/14@336px,image_encoder.transformer.resblocks.0,7PC,train,sub-09,linear_predictivity,5919,315,-0.002002511013195829,,"[316227.7660168379, 316227.7660168379, 316227.7660168379, 316227.7660168379, 316227.7660168379]",0.03490556102923714,1.2007169662907957,0.964879252943847,0.9982948034024279
clip/ViT-L/14@336px,image_encoder.transformer.resblocks.0,7PC,test,sub-09,linear_predictivity,5919,315,-0.0015352895719011133,"[-0.005412372375997958, 0.00014624005766885112, -0.0015757572822670757, 6.242236795457464e-05, -0.0008969806268639585]",,,,,
clip/ViT-L/14@336px,image_encoder.transformer.resblocks.0,7Am,train,sub-09,linear_predictivity,5919,228,0.003098007966689376,,"[100000.0, 316227.7660168379, 100000.0, 100000.0, 100000.0]",0.08091637896914777,1.1996113761380236,0.918980803188948,0.9939465974264211
clip/ViT-L/14@336px,image_encoder.transformer.resblocks.0,7Am,test,sub-09,linear_predictivity,5919,228,0.033871153367124866,"[0.03780552727783704, 0.0160677187686518, 0.04862511117161626, 0.0321359965123857, 0.03472141310513351]",,,,,
clip/ViT-L/14@336px,image_encoder.transformer.resblocks.0,7AL,train,sub-09,linear_predictivity,5919,178,-0.004887316798176611,,"[1000000000.0, 10000000.0, 1000000.0, 1000000.0, 3162277.6601683795]",0.005539009394315971,1.2125839942444703,0.9942844745357886,1.0019502223680363
clip/ViT-L/14@336px,image_encoder.transformer.resblocks.0,7AL,test,sub-09,linear_predictivity,5919,178,-0.033734823205081095,"[-0.03280311714408626, -0.03202362124468271, -0.0336645920277851, -0.03228042578542903, -0.037902359823422355]",,,,,
clip/ViT-L/14@336px,image_encoder.transformer.resblocks.0,VVC,train,sub-09,linear_predictivity,5919,151,0.006143949162046917,,"[100000.0, 100000.0, 100000.0, 100000.0, 100000.0]",0.09294372498169536,1.1924482242627832,0.9068873802222779,0.9906417943672203
clip/ViT-L/14@336px,image_encoder.transformer.resblocks.0,VVC,test,sub-09,linear_predictivity,5919,151,-0.007656606956646122,"[-0.0008369348094160897, -0.011646520099718042, -0.007062472273241413, -0.01097641468778485, -0.007760692913070217]",,,,,
clip/ViT-L/14@336px,image_encoder.transformer.resblocks.0,VMV2,train,sub-09,linear_predictivity,5919,119,0.023267366124121922,,"[31622.776601683796, 100000.0, 31622.776601683796, 31622.776601683796, 31622.776601683796]",0.19736795870312768,1.1618248804038744,0.8028103929606774,0.9735889700751151
clip/ViT-L/14@336px,image_encoder.transformer.resblocks.0,VMV2,test,sub-09,linear_predictivity,5919,119,0.040090415650798,"[0.05637484801469699, 0.03510520396354132, 0.03795778169241029, 0.04132461520708015, 0.029689629376261302]",,,,,
clip/ViT-L/14@336px,image_encoder.transformer.resblocks.0,VMV3,train,sub-09,linear_predictivity,5919,109,-0.00035209209402586563,,"[100000.0, 316227.7660168379, 100000.0, 100000.0, 100000.0]",0.07898691542779453,1.1945730472698108,0.9210198031487391,0.9964958090254848
clip/ViT-L/14@336px,image_encoder.transformer.resblocks.0,VMV3,test,sub-09,linear_predictivity,5919,109,-0.06800498337025286,"[-0.05285472678244092, -0.09036427494599861, -0.05450876824720445, -0.06614717459073285, -0.07614997228488744]",,,,,
clip/ViT-L/14@336px,image_encoder.transformer.resblocks.0,VMV1,train,sub-09,linear_predictivity,5919,96,0.015079110962220022,,"[31622.776601683796, 100000.0, 31622.776601683796, 31622.776601683796, 100000.0]",0.16869357872283505,1.167140996331774,0.8310228392398754,0.9814366140324898
clip/ViT-L/14@336px,image_encoder.transformer.resblocks.0,VMV1,test,sub-09,linear_predictivity,5919,96,0.07493607138115609,"[0.08282596271423422, 0.06545188316354891, 0.07507305102067684, 0.0821892925400119, 0.06914016746730856]",,,,,
clip/ViT-L/14@336px,image_encoder.transformer.resblocks.0,PHA2,train,sub-09,linear_predictivity,5919,17,0.0027814564792189903,,"[316227.7660168379, 316227.7660168379, 316227.7660168379, 316227.7660168379, 316227.7660168379]",0.036401382429653746,1.2263768262527872,0.9634830358920914,0.9953797734068448
clip/ViT-L/14@336px,image_encoder.transformer.resblocks.0,PHA2,test,sub-09,linear_predictivity,5919,17,0.02159835715817019,"[0.02338032984892974, 0.016984074196212316, 0.01693303436740606, 0.030379824753715288, 0.020314522624587557]",,,,,
clip/ViT-L/14@336px,image_encoder.transformer.resblocks.0,PHA3,train,sub-09,linear_predictivity,5919,104,0.011027627263399254,,"[100000.0, 100000.0, 100000.0, 100000.0, 100000.0]",0.0969037853943056,1.1958739295563485,0.902931186721533,0.9861372076431681
clip/ViT-L/14@336px,image_encoder.transformer.resblocks.0,PHA3,test,sub-09,linear_predictivity,5919,104,0.0405544651529138,"[0.04945755534450983, 0.036626397681644836, 0.03777899266897035, 0.04298767889608847, 0.03592170117335552]",,,,,
clip/ViT-L/14@336px,image_encoder.transformer.resblocks.0,PH,train,sub-09,linear_predictivity,5919,258,0.014815485126255924,,"[100000.0, 100000.0, 100000.0, 100000.0, 100000.0]",0.10280015408554406,1.1705905024267713,0.8969936285087075,0.9814700131286077
clip/ViT-L/14@336px,image_encoder.transformer.resblocks.0,PH,test,sub-09,linear_predictivity,5919,258,0.03452048237193802,"[0.031002092867045083, 0.038195726770923866, 0.029680945877252438, 0.037827603505796156, 0.035896042838672565]",,,,,
clip/ViT-L/14@336px,image_encoder.transformer.resblocks.1,V1,train,sub-09,linear_predictivity,5919,641,0.0595888370088981,,"[31622.776601683796, 31622.776601683796, 31622.776601683796, 31622.776601683796, 31622.776601683796]",0.258061206335246,1.0937462221293706,0.7417750841350841,0.9370422055917051
clip/ViT-L/14@336px,image_encoder.transformer.resblocks.1,V1,test,sub-09,linear_predictivity,5919,641,0.05172962637669996,"[0.0523194692358562, 0.05293647588980965, 0.0501558051764164, 0.05359361047453949, 0.04964277110687802]",,,,,
clip/ViT-L/14@336px,image_encoder.transformer.resblocks.1,V2,train,sub-09,linear_predictivity,5919,754,0.0344967045267167,,"[31622.776601683796, 31622.776601683796, 31622.776601683796, 31622.776601683796, 31622.776601683796]",0.2375024963186335,1.114904540975375,0.762297826688447,0.9614825936686617
clip/ViT-L/14@336px,image_encoder.transformer.resblocks.1,V2,test,sub-09,linear_predictivity,5919,754,0.05469599488200777,"[0.05423275201078458, 0.05228612245890519, 0.056184284898278196, 0.055887992490533674, 0.054888822551537195]",,,,,
clip/ViT-L/14@336px,image_encoder.transformer.resblocks.1,V3,train,sub-09,linear_predictivity,5919,575,0.03470234524744533,,"[31622.776601683796, 31622.776601683796, 31622.776601683796, 31622.776601683796, 31622.776601683796]",0.23486157617274292,1.1156998327472933,0.7649703143475938,0.9619198517185484
clip/ViT-L/14@336px,image_encoder.transformer.resblocks.1,V3,test,sub-09,linear_predictivity,5919,575,0.0587524669687145,"[0.057402528261335045, 0.058283017172834614, 0.0589653003248504, 0.0587667961318662, 0.06034469295268627]",,,,,
clip/ViT-L/14@336px,image_encoder.transformer.resblocks.1,V4,train,sub-09,linear_predictivity,5919,616,0.035719698299904026,,"[31622.776601683796, 31622.776601683796, 31622.776601683796, 31622.776601683796, 31622.776601683796]",0.23526273503724288,1.1188188487426873,0.7645773419167072,0.9611953038711917
clip/ViT-L/14@336px,image_encoder.transformer.resblocks.1,V4,test,sub-09,linear_predictivity,5919,616,0.029541643694275567,"[0.03181757812153929, 0.04007340166916969, 0.0255230321150813, 0.028538087118252318, 0.02175611944733523]",,,,,
clip/ViT-L/14@336px,image_encoder.transformer.resblocks.1,V3A,train,sub-09,linear_predictivity,5919,270,-0.002811741314280854,,"[316227.7660168379, 100000.0, 100000.0, 100000.0, 100000.0]",0.08010581165022239,1.1645477043524572,0.9196479773873973,0.9977391844611173
clip/ViT-L/14@336px,image_encoder.transformer.resblocks.1,V3A,test,sub-09,linear_predictivity,5919,270,-0.03143275851836005,"[-0.052548073558715325, -0.01976176183601707, -0.027588400487389312, -0.03141549314415359, -0.025850063565524953]",,,,,
clip/ViT-L/14@336px,image_encoder.transformer.resblocks.1,V3B,train,sub-09,linear_predictivity,5919,148,0.004930914390075942,,"[100000.0, 100000.0, 31622.776601683796, 31622.776601683796, 100000.0]",0.14452836929685536,1.1476805202749938,0.8564022295915557,0.9924714015269981
clip/ViT-L/14@336px,image_encoder.transformer.resblocks.1,V3B,test,sub-09,linear_predictivity,5919,148,-0.020642199187044772,"[-0.013876555718125204, -0.010504683829236259, -0.03617901931285507, -0.02994957399475355, -0.012701163080253782]",,,,,
clip/ViT-L/14@336px,image_encoder.transformer.resblocks.1,V6,train,sub-09,linear_predictivity,5919,104,-0.002934711273286335,,"[316227.7660168379, 316227.7660168379, 316227.7660168379, 100000.0, 100000.0]",0.05788949763928869,1.1622969419252782,0.9419930297669221,0.9983922802657641
clip/ViT-L/14@336px,image_encoder.transformer.resblocks.1,V6,test,sub-09,linear_predictivity,5919,104,-0.004364671756334508,"[-0.014374872127120165, -0.004409683037233643, -0.008446609000260733, 0.003964119589850929, 0.0014436857930910747]",,,,,
clip/ViT-L/14@336px,image_encoder.transformer.resblocks.1,V6A,train,sub-09,linear_predictivity,5919,85,0.011200051115382451,,"[100000.0, 100000.0, 100000.0, 100000.0, 100000.0]",0.09814126395250466,1.1522520864512538,0.9016878635146839,0.9853737407087678
clip/ViT-L/14@336px,image_encoder.transformer.resblocks.1,V6A,test,sub-09,linear_predictivity,5919,85,-0.004248256734163904,"[-0.008783524739460475, 0.0020703917124240637, -0.009564420818881042, -0.003708876994129073, -0.001254852830772988]",,,,,
clip/ViT-L/14@336px,image_encoder.transformer.resblocks.1,V7,train,sub-09,linear_predictivity,5919,87,0.007331593728966527,,"[100000.0, 100000.0, 31622.776601683796, 31622.776601683796, 100000.0]",0.14664337872220654,1.1409598555938447,0.853780468209953,0.9898015647926452
clip/ViT-L/14@336px,image_encoder.transformer.resblocks.1,V7,test,sub-09,linear_predictivity,5919,87,-0.06255025643495112,"[-0.052548039304837875, -0.042069901127970176, -0.09289786480320195, -0.07076692386096697, -0.05446855307777861]",,,,,
clip/ViT-L/14@336px,image_encoder.transformer.resblocks.1,V8,train,sub-09,linear_predictivity,5919,101,0.022917745054620547,,"[31622.776601683796, 31622.776601683796, 31622.776601683796, 31622.776601683796, 31622.776601683796]",0.22479606410316152,1.1458229228752912,0.7750025796962353,0.9731868521905991
clip/ViT-L/14@336px,image_encoder.transformer.resblocks.1,V8,test,sub-09,linear_predictivity,5919,101,-0.01811567154889553,"[-0.005101211531843606, -0.019651017036079847, -0.01139866118652114, -0.031218728982933396, -0.023208739007099653]",,,,,
clip/ViT-L/14@336px,image_encoder.transformer.resblocks.1,FFC,train,sub-09,linear_predictivity,5919,263,0.04294366532699076,,"[31622.776601683796, 31622.776601683796, 31622.776601683796, 31622.776601683796, 31622.776601683796]",0.2429922552927041,1.106701884523673,0.7568127685511024,0.9531685252742331
clip/ViT-L/14@336px,image_encoder.transformer.resblocks.1,FFC,test,sub-09,linear_predictivity,5919,263,0.05834333832671092,"[0.063148741476975, 0.06628332009322398, 0.051731603141807025, 0.05785379392267489, 0.05269923299887366]",,,,,
clip/ViT-L/14@336px,image_encoder.transformer.resblocks.1,PIT,train,sub-09,linear_predictivity,5919,123,0.051319231404122166,,"[31622.776601683796, 31622.776601683796, 31622.776601683796, 31622.776601683796, 31622.776601683796]",0.24845999076880915,1.1113212224070028,0.7513610584192149,0.9453406075031887
clip/ViT-L/14@336px,image_encoder.transformer.resblocks.1,PIT,test,sub-09,linear_predictivity,5919,123,0.04595534849639699,"[0.044551532500303234, 0.06571093509022265, 0.041292973564549716, 0.04595385347387041, 0.03226744785303896]",,,,,
clip/ViT-L/14@336px,image_encoder.transformer.resblocks.1,IPS1,train,sub-09,linear_predictivity,5919,243,0.006922714702099271,,"[100000.0, 100000.0, 100000.0, 100000.0, 100000.0]",0.0946363670816168,1.1420379382460888,0.9052434876002818,0.9907375489245395
clip/ViT-L/14@336px,image_encoder.transformer.resblocks.1,IPS1,test,sub-09,linear_predictivity,5919,243,-0.003382333030694017,"[-0.00669160745531396, 0.0005718465172301344, -0.012702895692654615, 0.0004157061804474429, 0.0014952852968209093]",,,,,
clip/ViT-L/14@336px,image_encoder.transformer.resblocks.1,MST,train,sub-09,linear_predictivity,5919,149,0.02960062117429643,,"[31622.776601683796, 31622.776601683796, 31622.776601683796, 31622.776601683796, 31622.776601683796]",0.23706738289606483,1.1001974218130355,0.762714722567093,0.9660799173792267
clip/ViT-L/14@336px,image_encoder.transformer.resblocks.1,MST,test,sub-09,linear_predictivity,5919,149,0.026565038095179246,"[0.020984590674061776, 0.03708489620618149, 0.005356504759206077, 0.03448012288114244, 0.03491907595530445]",,,,,
clip/ViT-L/14@336px,image_encoder.transformer.resblocks.1,MT,train,sub-09,linear_predictivity,5919,100,0.04104702074365672,,"[31622.776601683796, 31622.776601683796, 31622.776601683796, 31622.776601683796, 31622.776601683796]",0.24920400999409464,1.0811874666102934,0.7505916642125092,0.9556169115167344
clip/ViT-L/14@336px,image_encoder.transformer.resblocks.1,MT,test,sub-09,linear_predictivity,5919,100,0.049291963704843546,"[0.05387118338703733, 0.06092989620127711, 0.01921587659539172, 0.05461632284753435, 0.05782653949297721]",,,,,
clip/ViT-L/14@336px,image_encoder.transformer.resblocks.1,FST,train,sub-09,linear_predictivity,5919,156,0.027716359305288964,,"[31622.776601683796, 100000.0, 31622.776601683796, 31622.776601683796, 31622.776601683796]",0.20606680552355433,1.118657027650918,0.7937857170935605,0.9692898812615187
clip/ViT-L/14@336px,image_encoder.transformer.resblocks.1,FST,test,sub-09,linear_predictivity,5919,156,0.03093821143999581,"[0.02131699581910579, 0.03742542037617063, 0.02352310505360056, 0.039353380606393436, 0.033072155344708656]",,,,,
clip/ViT-L/14@336px,image_encoder.transformer.resblocks.1,LO1,train,sub-09,linear_predictivity,5919,79,0.004017136168353667,,"[31622.776601683796, 100000.0, 31622.776601683796, 31622.776601683796, 100000.0]",0.1654187966274529,1.1431149053501333,0.8346942134054588,0.9940824105817174
clip/ViT-L/14@336px,image_encoder.transformer.resblocks.1,LO1,test,sub-09,linear_predictivity,5919,79,-0.03800187062668779,"[-0.041627891573810055, -0.01916062068520789, -0.06921255281636633, -0.03192428429064735, -0.028084003767407325]",,,,,
clip/ViT-L/14@336px,image_encoder.transformer.resblocks.1,LO2,train,sub-09,linear_predictivity,5919,80,0.029596748069654847,,"[31622.776601683796, 31622.776601683796, 31622.776601683796, 31622.776601683796, 31622.776601683796]",0.23390515932425937,1.1240792136638873,0.7659881054472869,0.9681901156789259
clip/ViT-L/14@336px,image_encoder.transformer.resblocks.1,LO2,test,sub-09,linear_predictivity,5919,80,0.025177524039515554,"[0.013699386724959095, 0.05154217736308805, 0.015149814154813207, 0.028275565538385894, 0.017220676416331522]",,,,,
clip/ViT-L/14@336px,image_encoder.transformer.resblocks.1,LO3,train,sub-09,linear_predictivity,5919,125,0.026336676263190913,,"[31622.776601683796, 31622.776601683796, 31622.776601683796, 31622.776601683796, 31622.776601683796]",0.23456656826150546,1.1080382402294862,0.7651945870826875,0.9697247897013688
clip/ViT-L/14@336px,image_encoder.transformer.resblocks.1,LO3,test,sub-09,linear_predictivity,5919,125,0.004742113178985543,"[0.010243218082547013, 0.02646429747714824, -0.021378241485943052, 0.007299572602458056, 0.0010817192187174544]",,,,,
clip/ViT-L/14@336px,image_encoder.transformer.resblocks.1,V7,train,sub-09,linear_predictivity,5919,87,0.007331593728966527,,"[100000.0, 100000.0, 31622.776601683796, 31622.776601683796, 100000.0]",0.14664337872220654,1.1409598555938447,0.853780468209953,0.9898015647926452
clip/ViT-L/14@336px,image_encoder.transformer.resblocks.1,V7,test,sub-09,linear_predictivity,5919,87,-0.06255025643495112,"[-0.052548039304837875, -0.042069901127970176, -0.09289786480320195, -0.07076692386096697, -0.05446855307777861]",,,,,
clip/ViT-L/14@336px,image_encoder.transformer.resblocks.1,IP0,train,sub-09,linear_predictivity,5919,198,0.007199106049781763,,"[100000.0, 100000.0, 100000.0, 100000.0, 100000.0]",0.09618794826962063,1.145906493664873,0.9036834226618096,0.9900240123454388
clip/ViT-L/14@336px,image_encoder.transformer.resblocks.1,IP0,test,sub-09,linear_predictivity,5919,198,-0.00550776318644218,"[-0.004600621184958754, -0.0020498122343531326, -0.010749131169619456, -0.010553004082430152, 0.000413752739150591]",,,,,
clip/ViT-L/14@336px,image_encoder.transformer.resblocks.1,IP1,train,sub-09,linear_predictivity,5919,114,-0.007240889295806254,,"[316227.7660168379, 316227.7660168379, 316227.7660168379, 316227.7660168379, 100000.0]",0.0457374647802285,1.1611769945571857,0.953610919804069,1.0011692939444017
clip/ViT-L/14@336px,image_encoder.transformer.resblocks.1,IP1,test,sub-09,linear_predictivity,5919,114,-0.004471168769000652,"[-0.007882415173949815, 0.00013470412085278403, -0.008267749900057278, -0.013862817276821862, 0.007522434384972909]",,,,,
clip/ViT-L/14@336px,image_encoder.transformer.resblocks.1,MIP,train,sub-09,linear_predictivity,5919,280,0.0085790641284525,,"[100000.0, 100000.0, 100000.0, 100000.0, 100000.0]",0.09804785388927133,1.148492671189496,0.9017499422066677,0.9877266193096874
clip/ViT-L/14@336px,image_encoder.transformer.resblocks.1,MIP,test,sub-09,linear_predictivity,5919,280,0.038552953795331905,"[0.0346581703480155, 0.04357895609692261, 0.04069889377196562, 0.034499982264881913, 0.0393287664948739]",,,,,
clip/ViT-L/14@336px,image_encoder.transformer.resblocks.1,VIP,train,sub-09,linear_predictivity,5919,180,0.0008927992519974095,,"[316227.7660168379, 316227.7660168379, 100000.0, 100000.0, 316227.7660168379]",0.05946725116641054,1.1599765614422424,0.9407452035722248,0.9958632943462365
clip/ViT-L/14@336px,image_encoder.transformer.resblocks.1,VIP,test,sub-09,linear_predictivity,5919,180,0.006399888027501893,"[3.124609892888566e-05, 0.007757087321211404, 0.009927621568413222, 0.015930680872333416, -0.0016471957233774616]",,,,,
clip/ViT-L/14@336px,image_encoder.transformer.resblocks.1,LIPd,train,sub-09,linear_predictivity,5919,69,-0.012314281299230448,,"[1000000.0, 100000.0, 316227.7660168379, 316227.7660168379, 316227.7660168379]",0.040004486043595765,1.170251382113229,0.9598587478954063,1.0048279136400413
clip/ViT-L/14@336px,image_encoder.transformer.resblocks.1,LIPd,test,sub-09,linear_predictivity,5919,69,-0.02379983153464125,"[-0.02044094049576475, -0.016838193325977347, -0.018930177362657955, -0.04410280659366523, -0.018687039895140947]",,,,,
clip/ViT-L/14@336px,image_encoder.transformer.resblocks.1,LIPv,train,sub-09,linear_predictivity,5919,239,0.0010496840879989405,,"[100000.0, 100000.0, 100000.0, 100000.0, 100000.0]",0.0928659329438362,1.1515636316585698,0.9069067793723598,0.9947962153656675
clip/ViT-L/14@336px,image_encoder.transformer.resblocks.1,LIPv,test,sub-09,linear_predictivity,5919,239,-0.0002256604899570927,"[-0.0010543378783024484, 0.002150053573110465, 0.0005382420128618163, -0.008307749937613396, 0.0055454897801581]",,,,,
clip/ViT-L/14@336px,image_encoder.transformer.resblocks.1,AIP,train,sub-09,linear_predictivity,5919,275,-0.001530240216380912,,"[316227.7660168379, 316227.7660168379, 316227.7660168379, 316227.7660168379, 316227.7660168379]",0.035958049200301004,1.1770233103771481,0.9638305463855282,0.9978866586558578
clip/ViT-L/14@336px,image_encoder.transformer.resblocks.1,AIP,test,sub-09,linear_predictivity,5919,275,0.006146425657314433,"[0.0030286020852805335, 0.006272463002798137, 0.0051016630146333035, 0.008994926435741358, 0.007334473748118833]",,,,,
clip/ViT-L/14@336px,image_encoder.transformer.resblocks.1,7Pm,train,sub-09,linear_predictivity,5919,17,-4.2485702853481305e-05,,"[316227.7660168379, 100000.0, 316227.7660168379, 316227.7660168379, 316227.7660168379]",0.04757676036530692,1.1963937641126319,0.9523892841135725,0.9965625778468439
clip/ViT-L/14@336px,image_encoder.transformer.resblocks.1,7Pm,test,sub-09,linear_predictivity,5919,17,0.003879086444769654,"[0.0033477684133717185, -0.006774193447473065, 0.005108476462972411, 0.0006158049985528882, 0.01709757579642432]",,,,,
clip/ViT-L/14@336px,image_encoder.transformer.resblocks.1,7PL,train,sub-09,linear_predictivity,5919,133,0.012322835670959539,,"[100000.0, 100000.0, 100000.0, 100000.0, 100000.0]",0.09819733736053442,1.1467849962293903,0.9016267999565739,0.9844272096415592
clip/ViT-L/14@336px,image_encoder.transformer.resblocks.1,7PL,test,sub-09,linear_predictivity,5919,133,0.04591565170498195,"[0.04059209306378907, 0.05327986948898217, 0.051413657610236356, 0.042163650737561856, 0.04212898762434032]",,,,,
clip/ViT-L/14@336px,image_encoder.transformer.resblocks.1,7PC,train,sub-09,linear_predictivity,5919,315,-0.002211964853766644,,"[316227.7660168379, 316227.7660168379, 100000.0, 316227.7660168379, 316227.7660168379]",0.046516890256506224,1.1617407630729677,0.9532889926720799,0.9984551232086372
clip/ViT-L/14@336px,image_encoder.transformer.resblocks.1,7PC,test,sub-09,linear_predictivity,5919,315,-0.0005512045794359258,"[-0.0046234998028759225, 0.0017267471645959881, -0.0007240389193848251, 0.0007632188839974946, 0.00010154977648763564]",,,,,
clip/ViT-L/14@336px,image_encoder.transformer.resblocks.1,7Am,train,sub-09,linear_predictivity,5919,228,0.006772205879872129,,"[100000.0, 100000.0, 100000.0, 100000.0, 100000.0]",0.09645827906878059,1.163072066438437,0.9033870944471936,0.9903636200249395
clip/ViT-L/14@336px,image_encoder.transformer.resblocks.1,7Am,test,sub-09,linear_predictivity,5919,228,0.046349123630068975,"[0.04597068895613088, 0.04378646142197326, 0.05621908741496992, 0.04010037269391539, 0.04566900766335544]",,,,,
clip/ViT-L/14@336px,image_encoder.transformer.resblocks.1,7AL,train,sub-09,linear_predictivity,5919,178,-0.005614990273821211,,"[31622776.60168379, 1000000.0, 316227.7660168379, 316227.7660168379, 1000000.0]",0.017765458053996368,1.164179220408794,0.9820596460158196,1.0026342474075052
clip/ViT-L/14@336px,image_encoder.transformer.resblocks.1,7AL,test,sub-09,linear_predictivity,5919,178,-0.03190549364407844,"[-0.03270945791819063, -0.030064613633738163, -0.03021323827516916, -0.02949701315857833, -0.03704314523471593]",,,,,
clip/ViT-L/14@336px,image_encoder.transformer.resblocks.1,VVC,train,sub-09,linear_predictivity,5919,151,0.008996571115959313,,"[100000.0, 100000.0, 100000.0, 100000.0, 100000.0]",0.09752519368159865,1.1639630797067422,0.9023110650318678,0.9878511854289084
clip/ViT-L/14@336px,image_encoder.transformer.resblocks.1,VVC,test,sub-09,linear_predictivity,5919,151,0.0016701416581547585,"[0.008581587626807217, -0.0013853791383843577, 0.0004447027043230016, -0.0035749513559702848, 0.004284748453998216]",,,,,
clip/ViT-L/14@336px,image_encoder.transformer.resblocks.1,VMV2,train,sub-09,linear_predictivity,5919,119,0.036641905455009116,,"[31622.776601683796, 31622.776601683796, 31622.776601683796, 31622.776601683796, 31622.776601683796]",0.23472310871192273,1.1358906538299678,0.7651351137892655,0.9604072758611786
clip/ViT-L/14@336px,image_encoder.transformer.resblocks.1,VMV2,test,sub-09,linear_predictivity,5919,119,0.06332150089733919,"[0.07340313766557986, 0.06075274326541757, 0.062325377129785926, 0.062425649761678935, 0.05770059666423364]",,,,,
clip/ViT-L/14@336px,image_encoder.transformer.resblocks.1,VMV3,train,sub-09,linear_predictivity,5919,109,0.004427478098431823,,"[100000.0, 100000.0, 100000.0, 100000.0, 100000.0]",0.09494485221514004,1.161969720534339,0.9048807085015422,0.9918976653027439
clip/ViT-L/14@336px,image_encoder.transformer.resblocks.1,VMV3,test,sub-09,linear_predictivity,5919,109,-0.05790013641530613,"[-0.04498888787819712, -0.0740149983111326, -0.047561711471242205, -0.057578011063492286, -0.06535707335246639]",,,,,
clip/ViT-L/14@336px,image_encoder.transformer.resblocks.1,VMV1,train,sub-09,linear_predictivity,5919,96,0.025376625275645926,,"[31622.776601683796, 31622.776601683796, 31622.776601683796, 31622.776601683796, 31622.776601683796]",0.2262582158033996,1.1422443047832629,0.7735915437942588,0.9713369077472654
clip/ViT-L/14@336px,image_encoder.transformer.resblocks.1,VMV1,test,sub-09,linear_predictivity,5919,96,0.09987387386931466,"[0.10291637527784321, 0.09015634622840628, 0.09902183614764141, 0.10572887163463451, 0.10154594005804791]",,,,,
clip/ViT-L/14@336px,image_encoder.transformer.resblocks.1,PHA2,train,sub-09,linear_predictivity,5919,17,0.0022226307231650844,,"[316227.7660168379, 316227.7660168379, 316227.7660168379, 100000.0, 316227.7660168379]",0.048500839314430284,1.1948003100308546,0.9514711975455548,0.9959664405797002
clip/ViT-L/14@336px,image_encoder.transformer.resblocks.1,PHA2,test,sub-09,linear_predictivity,5919,17,0.028463785030042665,"[0.02738881950808083, 0.02132704864414608, 0.020282972991961683, 0.04883907263359507, 0.02448101137242967]",,,,,
clip/ViT-L/14@336px,image_encoder.transformer.resblocks.1,PHA3,train,sub-09,linear_predictivity,5919,104,0.01405277326618086,,"[100000.0, 100000.0, 100000.0, 100000.0, 100000.0]",0.10162551348897746,1.1682291905322078,0.8982111697464621,0.9831423052006176
clip/ViT-L/14@336px,image_encoder.transformer.resblocks.1,PHA3,test,sub-09,linear_predictivity,5919,104,0.0507075608847277,"[0.059993793361821424, 0.04655407739006139, 0.04545252490006823, 0.0518045425313625, 0.04973286624032491]",,,,,
clip/ViT-L/14@336px,image_encoder.transformer.resblocks.1,PH,train,sub-09,linear_predictivity,5919,258,0.018395588349978325,,"[31622.776601683796, 100000.0, 100000.0, 31622.776601683796, 31622.776601683796]",0.17854004660809175,1.1340587638166921,0.8210962883659109,0.9779599726747652
clip/ViT-L/14@336px,image_encoder.transformer.resblocks.1,PH,test,sub-09,linear_predictivity,5919,258,0.04413113756534962,"[0.04222947827221622, 0.04620089690340811, 0.03719855408243859, 0.05094310418997468, 0.04408365437871054]",,,,,
clip/ViT-L/14@336px,image_encoder.transformer.resblocks.3,V1,train,sub-09,linear_predictivity,5919,641,0.0744543396924957,,"[31622.776601683796, 31622.776601683796, 31622.776601683796, 31622.776601683796, 31622.776601683796]",0.2896486541577386,1.069612096706574,0.7102009253521548,0.9223347071796976
clip/ViT-L/14@336px,image_encoder.transformer.resblocks.3,V1,test,sub-09,linear_predictivity,5919,641,0.0841698264772824,"[0.08464762426106054, 0.08677413593824052, 0.08284446037869218, 0.08498519399579145, 0.08159771781262729]",,,,,
clip/ViT-L/14@336px,image_encoder.transformer.resblocks.3,V2,train,sub-09,linear_predictivity,5919,754,0.04657293870343047,,"[31622.776601683796, 31622.776601683796, 31622.776601683796, 31622.776601683796, 31622.776601683796]",0.2676345350857526,1.0981267823458225,0.7321757653150167,0.949526643506629
clip/ViT-L/14@336px,image_encoder.transformer.resblocks.3,V2,test,sub-09,linear_predictivity,5919,754,0.07288886439510786,"[0.0765004644168574, 0.07120730887498267, 0.07127591017477454, 0.07300829687595557, 0.07245234163296908]",,,,,
clip/ViT-L/14@336px,image_encoder.transformer.resblocks.3,V3,train,sub-09,linear_predictivity,5919,575,0.04854105100991547,,"[31622.776601683796, 31622.776601683796, 31622.776601683796, 31622.776601683796, 31622.776601683796]",0.26620670007374236,1.094010901966966,0.7336312499549955,0.9481738524608311
clip/ViT-L/14@336px,image_encoder.transformer.resblocks.3,V3,test,sub-09,linear_predictivity,5919,575,0.08191519777012646,"[0.08256702635512911, 0.08087298333752363, 0.0810592914604536, 0.08186469954728605, 0.0832119881502399]",,,,,
clip/ViT-L/14@336px,image_encoder.transformer.resblocks.3,V4,train,sub-09,linear_predictivity,5919,616,0.050161900520215665,,"[31622.776601683796, 31622.776601683796, 31622.776601683796, 31622.776601683796, 31622.776601683796]",0.26628271094511236,1.0983489616029523,0.7335591434193816,0.946824599380659
clip/ViT-L/14@336px,image_encoder.transformer.resblocks.3,V4,test,sub-09,linear_predictivity,5919,616,0.05597781625223368,"[0.05508787733195631, 0.06629107688373423, 0.05559360951600883, 0.05517586331803486, 0.04774065421143415]",,,,,
clip/ViT-L/14@336px,image_encoder.transformer.resblocks.3,V3A,train,sub-09,linear_predictivity,5919,270,0.0008124593341751583,,"[100000.0, 100000.0, 100000.0, 100000.0, 100000.0]",0.09982414122593575,1.1392954361417837,0.8998986158976965,0.994132781580911
clip/ViT-L/14@336px,image_encoder.transformer.resblocks.3,V3A,test,sub-09,linear_predictivity,5919,270,-0.02124246890128999,"[-0.03504376429242684, -0.013983679860296772, -0.019870916999056295, -0.0209412613547495, -0.01637272199992055]",,,,,
clip/ViT-L/14@336px,image_encoder.transformer.resblocks.3,V3B,train,sub-09,linear_predictivity,5919,148,0.016059407204538575,,"[31622.776601683796, 100000.0, 31622.776601683796, 31622.776601683796, 31622.776601683796]",0.21625713550225484,1.1220267001190343,0.783885931261502,0.9812219115007489
clip/ViT-L/14@336px,image_encoder.transformer.resblocks.3,V3B,test,sub-09,linear_predictivity,5919,148,-0.010268508969051853,"[-0.02391609775527742, -0.001345766508311791, -0.010450969813960062, -0.0073791730046189824, -0.008250537763091018]",,,,,
clip/ViT-L/14@336px,image_encoder.transformer.resblocks.3,V6,train,sub-09,linear_predictivity,5919,104,-0.003491212957510736,,"[316227.7660168379, 100000.0, 316227.7660168379, 100000.0, 100000.0]",0.07362357054798432,1.1584310769960837,0.926043064422611,0.9989365093139396
clip/ViT-L/14@336px,image_encoder.transformer.resblocks.3,V6,test,sub-09,linear_predictivity,5919,104,-0.004431461011764604,"[-0.013949359726234787, -0.0012336798018832001, -0.01036916939714411, 0.00242938106569729, 0.0009655228007417845]",,,,,
clip/ViT-L/14@336px,image_encoder.transformer.resblocks.3,V6A,train,sub-09,linear_predictivity,5919,85,0.020068323475759625,,"[31622.776601683796, 31622.776601683796, 31622.776601683796, 31622.776601683796, 31622.776601683796]",0.2427057137961038,1.1206966299369197,0.7571350909291003,0.9764122612607699
clip/ViT-L/14@336px,image_encoder.transformer.resblocks.3,V6A,test,sub-09,linear_predictivity,5919,85,-0.014116877900153105,"[-0.026675963294130463, -0.0009751792628202131, -0.016212289125812598, -0.016737553371052375, -0.009983404446949881]",,,,,
clip/ViT-L/14@336px,image_encoder.transformer.resblocks.3,V7,train,sub-09,linear_predictivity,5919,87,0.019152907187431477,,"[31622.776601683796, 31622.776601683796, 31622.776601683796, 31622.776601683796, 31622.776601683796]",0.2480154050820266,1.1060176369965098,0.7518332937485814,0.977916844131947
clip/ViT-L/14@336px,image_encoder.transformer.resblocks.3,V7,test,sub-09,linear_predictivity,5919,87,-0.06945216947332464,"[-0.07826521004648491, -0.049639805573086206, -0.07770176005844888, -0.06470774603047849, -0.07694632565812473]",,,,,
clip/ViT-L/14@336px,image_encoder.transformer.resblocks.3,V8,train,sub-09,linear_predictivity,5919,101,0.02984338966268654,,"[31622.776601683796, 31622.776601683796, 31622.776601683796, 31622.776601683796, 31622.776601683796]",0.25084755502567296,1.1285920891482206,0.748967911361562,0.9664697482707705
clip/ViT-L/14@336px,image_encoder.transformer.resblocks.3,V8,test,sub-09,linear_predictivity,5919,101,0.010353394716208861,"[0.010792399934865787, 0.011891395157413158, 0.01478280273065051, 0.006249873751828781, 0.008050502006286079]",,,,,
clip/ViT-L/14@336px,image_encoder.transformer.resblocks.3,FFC,train,sub-09,linear_predictivity,5919,263,0.053450694189674165,,"[31622.776601683796, 31622.776601683796, 31622.776601683796, 31622.776601683796, 31622.776601683796]",0.2706955738427707,1.0933982529232125,0.729116154340016,0.942775035924804
clip/ViT-L/14@336px,image_encoder.transformer.resblocks.3,FFC,test,sub-09,linear_predictivity,5919,263,0.08146338117736311,"[0.08483219475754791, 0.08719108920039977, 0.0777962994012861, 0.08126917866767094, 0.07622814385991081]",,,,,
clip/ViT-L/14@336px,image_encoder.transformer.resblocks.3,PIT,train,sub-09,linear_predictivity,5919,123,0.06287780370621916,,"[31622.776601683796, 31622.776601683796, 31622.776601683796, 31622.776601683796, 31622.776601683796]",0.2768024881290727,1.0906930341352414,0.7230211798066171,0.933809995662852
clip/ViT-L/14@336px,image_encoder.transformer.resblocks.3,PIT,test,sub-09,linear_predictivity,5919,123,0.07394235958104359,"[0.07327536430969497, 0.09198850033060174, 0.06940144021806569, 0.07548875108745909, 0.05955774195939649]",,,,,
clip/ViT-L/14@336px,image_encoder.transformer.resblocks.3,IPS1,train,sub-09,linear_predictivity,5919,243,0.010254165486872238,,"[31622.776601683796, 100000.0, 100000.0, 31622.776601683796, 100000.0]",0.15873101437157386,1.1240036889002802,0.8412114674854315,0.9874408600596993
clip/ViT-L/14@336px,image_encoder.transformer.resblocks.3,IPS1,test,sub-09,linear_predictivity,5919,243,0.000329579632877907,"[-0.00919088660630862, 0.005234437887954853, -3.7597290067474935e-05, 0.0023556700325819643, 0.003286274140228813]",,,,,
clip/ViT-L/14@336px,image_encoder.transformer.resblocks.3,MST,train,sub-09,linear_predictivity,5919,149,0.03805203824579774,,"[31622.776601683796, 31622.776601683796, 31622.776601683796, 31622.776601683796, 31622.776601683796]",0.264769307387733,1.0920972256242893,0.735025662095182,0.9578136780398012
clip/ViT-L/14@336px,image_encoder.transformer.resblocks.3,MST,test,sub-09,linear_predictivity,5919,149,0.04403883669487717,"[0.03655968198876376, 0.05950462832935457, 0.02801191204760473, 0.050146307534253004, 0.045971653574409806]",,,,,
clip/ViT-L/14@336px,image_encoder.transformer.resblocks.3,MT,train,sub-09,linear_predictivity,5919,100,0.05159336525625654,,"[31622.776601683796, 31622.776601683796, 31622.776601683796, 31622.776601683796, 10000.0]",0.32274538326886193,1.0690626820847833,0.6767136769936416,0.9449438649770349
clip/ViT-L/14@336px,image_encoder.transformer.resblocks.3,MT,test,sub-09,linear_predictivity,5919,100,0.07431496766508405,"[0.0800933455239152, 0.09248233133058731, 0.04538130453819112, 0.08142725585214444, 0.07219060108058217]",,,,,
clip/ViT-L/14@336px,image_encoder.transformer.resblocks.3,FST,train,sub-09,linear_predictivity,5919,156,0.03837679327733421,,"[31622.776601683796, 31622.776601683796, 31622.776601683796, 31622.776601683796, 31622.776601683796]",0.2568562955464557,1.0977401742467248,0.7430232628613,0.9588430567370516
clip/ViT-L/14@336px,image_encoder.transformer.resblocks.3,FST,test,sub-09,linear_predictivity,5919,156,0.050856795703913285,"[0.037425715371127946, 0.05651146755121739, 0.052610940465399415, 0.06147603379064213, 0.04625982134117955]",,,,,
clip/ViT-L/14@336px,image_encoder.transformer.resblocks.3,LO1,train,sub-09,linear_predictivity,5919,79,0.013949218043174502,,"[31622.776601683796, 31622.776601683796, 31622.776601683796, 31622.776601683796, 31622.776601683796]",0.2390105136039103,1.1252794273370657,0.7609218371530755,0.984353634239976
clip/ViT-L/14@336px,image_encoder.transformer.resblocks.3,LO1,test,sub-09,linear_predictivity,5919,79,-0.0239703296376374,"[-0.033774870995518645, -0.003348492967173127, -0.03709139799333257, -0.018289223687431286, -0.027347662544731373]",,,,,
clip/ViT-L/14@336px,image_encoder.transformer.resblocks.3,LO2,train,sub-09,linear_predictivity,5919,80,0.039863527663988,,"[31622.776601683796, 31622.776601683796, 31622.776601683796, 31622.776601683796, 31622.776601683796]",0.26069952884340075,1.1026121455152282,0.7392051965365855,0.9580796805879743
clip/ViT-L/14@336px,image_encoder.transformer.resblocks.3,LO2,test,sub-09,linear_predictivity,5919,80,0.040724585355642405,"[0.031193528809816667, 0.06217415268626192, 0.03383375170218404, 0.04589134307460641, 0.030530150505342985]",,,,,
clip/ViT-L/14@336px,image_encoder.transformer.resblocks.3,LO3,train,sub-09,linear_predictivity,5919,125,0.03753784893789137,,"[31622.776601683796, 31622.776601683796, 31622.776601683796, 31622.776601683796, 31622.776601683796]",0.2630351894378129,1.0880013501520303,0.7367360967067608,0.9586351150113208
clip/ViT-L/14@336px,image_encoder.transformer.resblocks.3,LO3,test,sub-09,linear_predictivity,5919,125,0.027509529872009074,"[0.026578322031455093, 0.051432938066007426, 0.013225444127132977, 0.026787023457960486, 0.01952392167748939]",,,,,
clip/ViT-L/14@336px,image_encoder.transformer.resblocks.3,V7,train,sub-09,linear_predictivity,5919,87,0.019152907187431477,,"[31622.776601683796, 31622.776601683796, 31622.776601683796, 31622.776601683796, 31622.776601683796]",0.2480154050820266,1.1060176369965098,0.7518332937485814,0.977916844131947
clip/ViT-L/14@336px,image_encoder.transformer.resblocks.3,V7,test,sub-09,linear_predictivity,5919,87,-0.06945216947332464,"[-0.07826521004648491, -0.049639805573086206, -0.07770176005844888, -0.06470774603047849, -0.07694632565812473]",,,,,
clip/ViT-L/14@336px,image_encoder.transformer.resblocks.3,IP0,train,sub-09,linear_predictivity,5919,198,0.00978711495898587,,"[100000.0, 100000.0, 100000.0, 31622.776601683796, 100000.0]",0.13301200164004506,1.1256415360243364,0.8673685286954139,0.9876007235928761
clip/ViT-L/14@336px,image_encoder.transformer.resblocks.3,IP0,test,sub-09,linear_predictivity,5919,198,-0.0020859849347818265,"[-0.0032231454820404654, -0.0005911015762242418, -0.0017321907557408154, -0.006299023132158214, 0.0014155362722546045]",,,,,
clip/ViT-L/14@336px,image_encoder.transformer.resblocks.3,IP1,train,sub-09,linear_predictivity,5919,114,-0.007310851377611708,,"[316227.7660168379, 100000.0, 316227.7660168379, 316227.7660168379, 100000.0]",0.06035047547757829,1.1586964795788226,0.9391046825957382,1.0013169387739067
clip/ViT-L/14@336px,image_encoder.transformer.resblocks.3,IP1,test,sub-09,linear_predictivity,5919,114,-0.007607387472051828,"[-0.008507953908498567, -0.003732469946953473, -0.009309242276502446, -0.016616360646035926, 0.00012908941773127197]",,,,,
clip/ViT-L/14@336px,image_encoder.transformer.resblocks.3,MIP,train,sub-09,linear_predictivity,5919,280,0.011936842478761433,,"[100000.0, 100000.0, 100000.0, 100000.0, 100000.0]",0.10800812150710667,1.131520192714885,0.8918008142651519,0.9844834244009073
clip/ViT-L/14@336px,image_encoder.transformer.resblocks.3,MIP,test,sub-09,linear_predictivity,5919,280,0.042319774670621944,"[0.037197926738024405, 0.043981199763459336, 0.04809483347355344, 0.039575765664885, 0.04274914771318756]",,,,,
clip/ViT-L/14@336px,image_encoder.transformer.resblocks.3,VIP,train,sub-09,linear_predictivity,5919,180,0.007034476021281819,,"[100000.0, 100000.0, 100000.0, 100000.0, 100000.0]",0.1018079499576326,1.137994120056655,0.898040508034122,0.9899024172102543
clip/ViT-L/14@336px,image_encoder.transformer.resblocks.3,VIP,test,sub-09,linear_predictivity,5919,180,0.01861515890490727,"[0.013823469582217264, 0.022117576892618247, 0.022615113298088813, 0.021871701124616817, 0.012647933626995204]",,,,,
clip/ViT-L/14@336px,image_encoder.transformer.resblocks.3,LIPd,train,sub-09,linear_predictivity,5919,69,-0.010336026433145035,,"[316227.7660168379, 100000.0, 316227.7660168379, 316227.7660168379, 316227.7660168379]",0.04796430187277471,1.160118929054309,0.9518974186227966,1.0028421153289506
clip/ViT-L/14@336px,image_encoder.transformer.resblocks.3,LIPd,test,sub-09,linear_predictivity,5919,69,-0.02717700336894452,"[-0.021364955082756355, -0.024166080143708444, -0.02219236004303401, -0.04660006033405437, -0.021561561241169386]",,,,,
clip/ViT-L/14@336px,image_encoder.transformer.resblocks.3,LIPv,train,sub-09,linear_predictivity,5919,239,0.0019885035750506954,,"[100000.0, 100000.0, 100000.0, 100000.0, 100000.0]",0.10155631716944788,1.1383390547655163,0.8982156153733054,0.99382889868546
clip/ViT-L/14@336px,image_encoder.transformer.resblocks.3,LIPv,test,sub-09,linear_predictivity,5919,239,-0.0009726316712954343,"[-0.002812303671793344, 0.0013560292934214953, 0.0034089163160938665, -0.007477715335953317, 0.0006619150417541273]",,,,,
clip/ViT-L/14@336px,image_encoder.transformer.resblocks.3,AIP,train,sub-09,linear_predictivity,5919,275,-0.0010256124993548634,,"[316227.7660168379, 316227.7660168379, 316227.7660168379, 316227.7660168379, 316227.7660168379]",0.038225199302790704,1.1584078772747428,0.961567162225981,0.9974171849177333
clip/ViT-L/14@336px,image_encoder.transformer.resblocks.3,AIP,test,sub-09,linear_predictivity,5919,275,0.008045392822910464,"[0.005227060880807378, 0.00831276879202319, 0.008460854512019896, 0.010192246453249636, 0.008034033476452214]",,,,,
clip/ViT-L/14@336px,image_encoder.transformer.resblocks.3,7Pm,train,sub-09,linear_predictivity,5919,17,0.001000750569899548,,"[100000.0, 100000.0, 100000.0, 100000.0, 316227.7660168379]",0.08660556529622111,1.1478573340037488,0.9132110714669311,0.995545648627019
clip/ViT-L/14@336px,image_encoder.transformer.resblocks.3,7Pm,test,sub-09,linear_predictivity,5919,17,3.875599118521554e-05,"[6.366571593157252e-05, -0.006803214465036851, -0.0033781028315779636, -0.002250906522880089, 0.01256233805948941]",,,,,
clip/ViT-L/14@336px,image_encoder.transformer.resblocks.3,7PL,train,sub-09,linear_predictivity,5919,133,0.018873559823677517,,"[31622.776601683796, 100000.0, 31622.776601683796, 31622.776601683796, 31622.776601683796]",0.21517018807178542,1.106306127264363,0.7849024480659382,0.9779948621679733
clip/ViT-L/14@336px,image_encoder.transformer.resblocks.3,7PL,test,sub-09,linear_predictivity,5919,133,0.06188603791618136,"[0.05723812957495486, 0.05686325039505701, 0.07127764761851811, 0.05967725107192982, 0.06437391092044702]",,,,,
clip/ViT-L/14@336px,image_encoder.transformer.resblocks.3,7PC,train,sub-09,linear_predictivity,5919,315,0.0015831957948438593,,"[100000.0, 100000.0, 100000.0, 100000.0, 100000.0]",0.09901175384836336,1.145650913903646,0.9007733942863819,0.9945675740388296
clip/ViT-L/14@336px,image_encoder.transformer.resblocks.3,7PC,test,sub-09,linear_predictivity,5919,315,0.006712529153094253,"[0.00042035776768354596, 0.010814558280309356, 0.008488600447063987, 0.007376099917382308, 0.006463029353032073]",,,,,
clip/ViT-L/14@336px,image_encoder.transformer.resblocks.3,7Am,train,sub-09,linear_predictivity,5919,228,0.012242367931898791,,"[100000.0, 100000.0, 100000.0, 100000.0, 100000.0]",0.1075457711688852,1.1495606910569696,0.8923002282883475,0.9848903421922499
clip/ViT-L/14@336px,image_encoder.transformer.resblocks.3,7Am,test,sub-09,linear_predictivity,5919,228,0.05616497861007751,"[0.0553580684550483, 0.05333012937691919, 0.06374786645775513, 0.053253006871079714, 0.05513582188958522]",,,,,
clip/ViT-L/14@336px,image_encoder.transformer.resblocks.3,7AL,train,sub-09,linear_predictivity,5919,178,-0.00440835662045148,,"[1000000.0, 1000000.0, 316227.7660168379, 316227.7660168379, 316227.7660168379]",0.025603272967961423,1.1576900051315557,0.9742524958790352,1.001454420337316
clip/ViT-L/14@336px,image_encoder.transformer.resblocks.3,7AL,test,sub-09,linear_predictivity,5919,178,-0.028039322408091795,"[-0.029298917538518595, -0.02888546311267668, -0.025236895539284442, -0.02473605061537626, -0.03203928523460298]",,,,,
clip/ViT-L/14@336px,image_encoder.transformer.resblocks.3,VVC,train,sub-09,linear_predictivity,5919,151,0.010098208466183768,,"[100000.0, 100000.0, 100000.0, 100000.0, 100000.0]",0.10594825363956831,1.1417907431970329,0.8938919489839717,0.9868138398313893
clip/ViT-L/14@336px,image_encoder.transformer.resblocks.3,VVC,test,sub-09,linear_predictivity,5919,151,0.006771855352541602,"[0.01103739079754075, 0.002868114444876664, 0.006929203706893, 0.0039299518981187696, 0.009094615915278827]",,,,,
clip/ViT-L/14@336px,image_encoder.transformer.resblocks.3,VMV2,train,sub-09,linear_predictivity,5919,119,0.04782669120840066,,"[31622.776601683796, 31622.776601683796, 31622.776601683796, 31622.776601683796, 31622.776601683796]",0.2629959380644454,1.111330781858,0.7368546824759161,0.9491679499430828
clip/ViT-L/14@336px,image_encoder.transformer.resblocks.3,VMV2,test,sub-09,linear_predictivity,5919,119,0.07966375118154621,"[0.07726141386139686, 0.0791484531256677, 0.08204526040938577, 0.0823423253278612, 0.0775213031834196]",,,,,
clip/ViT-L/14@336px,image_encoder.transformer.resblocks.3,VMV3,train,sub-09,linear_predictivity,5919,109,0.00793504773360033,,"[100000.0, 100000.0, 100000.0, 100000.0, 100000.0]",0.1051866843819362,1.1392448973468434,0.8946421472983754,0.9884905089594905
clip/ViT-L/14@336px,image_encoder.transformer.resblocks.3,VMV3,test,sub-09,linear_predictivity,5919,109,-0.0527752179382849,"[-0.044662147446976344, -0.06641443982838272, -0.04216067468060159, -0.04999708855927247, -0.060641739176191346]",,,,,
clip/ViT-L/14@336px,image_encoder.transformer.resblocks.3,VMV1,train,sub-09,linear_predictivity,5919,96,0.036435355818780844,,"[31622.776601683796, 31622.776601683796, 31622.776601683796, 31622.776601683796, 31622.776601683796]",0.2550708432864836,1.1255069375740638,0.7447796452620702,0.9602703706962483
clip/ViT-L/14@336px,image_encoder.transformer.resblocks.3,VMV1,test,sub-09,linear_predictivity,5919,96,0.10708830342996203,"[0.1049204620175666, 0.0998212620365624, 0.10733380344162484, 0.11215931301413591, 0.11120667663992034]",,,,,
clip/ViT-L/14@336px,image_encoder.transformer.resblocks.3,PHA2,train,sub-09,linear_predictivity,5919,17,0.0028776074965398885,,"[316227.7660168379, 316227.7660168379, 316227.7660168379, 100000.0, 316227.7660168379]",0.05155192475064492,1.1674267050774159,0.9484303289571431,0.9952949490060398
clip/ViT-L/14@336px,image_encoder.transformer.resblocks.3,PHA2,test,sub-09,linear_predictivity,5919,17,0.02844315750561823,"[0.02389051382240667, 0.02163603929869052, 0.021393414967638875, 0.05110249041239747, 0.02419332902695764]",,,,,
clip/ViT-L/14@336px,image_encoder.transformer.resblocks.3,PHA3,train,sub-09,linear_predictivity,5919,104,0.0163609087759257,,"[100000.0, 100000.0, 100000.0, 100000.0, 100000.0]",0.11053668240601866,1.1458392377779887,0.8893039789065462,0.9809116506740801
clip/ViT-L/14@336px,image_encoder.transformer.resblocks.3,PHA3,test,sub-09,linear_predictivity,5919,104,0.05828641199312734,"[0.0642075165713348, 0.056235231233489016, 0.0537700994242456, 0.059227875570620925, 0.057991337165946365]",,,,,
clip/ViT-L/14@336px,image_encoder.transformer.resblocks.3,PH,train,sub-09,linear_predictivity,5919,258,0.025687228813873513,,"[31622.776601683796, 31622.776601683796, 31622.776601683796, 31622.776601683796, 31622.776601683796]",0.25028968307245536,1.1192332094365165,0.7495456167398441,0.9706879179338319
clip/ViT-L/14@336px,image_encoder.transformer.resblocks.3,PH,test,sub-09,linear_predictivity,5919,258,0.05510751755773603,"[0.047373694613243714, 0.05844852500994086, 0.05476238123924947, 0.06565871078182589, 0.04929427614442021]",,,,,
clip/ViT-L/14@336px,image_encoder.transformer.resblocks.4,V1,train,sub-09,linear_predictivity,5919,641,0.07791021691296085,,"[31622.776601683796, 31622.776601683796, 31622.776601683796, 31622.776601683796, 31622.776601683796]",0.2995934069233971,1.0539696526677376,0.7002579976059154,0.9189256916848576
clip/ViT-L/14@336px,image_encoder.transformer.resblocks.4,V1,test,sub-09,linear_predictivity,5919,641,0.09212186497240708,"[0.09194948103415174, 0.09380135522181896, 0.09129211610642587, 0.09365969245925573, 0.08990668004038319]",,,,,
clip/ViT-L/14@336px,image_encoder.transformer.resblocks.4,V2,train,sub-09,linear_predictivity,5919,754,0.05034802418616296,,"[31622.776601683796, 31622.776601683796, 31622.776601683796, 31622.776601683796, 31622.776601683796]",0.27774496150150046,1.081785765091236,0.7220674124570973,0.9457856959352261
clip/ViT-L/14@336px,image_encoder.transformer.resblocks.4,V2,test,sub-09,linear_predictivity,5919,754,0.07838237356222294,"[0.0815242125998031, 0.07654941240122622, 0.07682849310309242, 0.07954979829213743, 0.07745995141485558]",,,,,
clip/ViT-L/14@336px,image_encoder.transformer.resblocks.4,V3,train,sub-09,linear_predictivity,5919,575,0.05170715395099759,,"[31622.776601683796, 31622.776601683796, 31622.776601683796, 31622.776601683796, 31622.776601683796]",0.2761093849696123,1.081352438218775,0.7237318077784225,0.9450258489095716
clip/ViT-L/14@336px,image_encoder.transformer.resblocks.4,V3,test,sub-09,linear_predictivity,5919,575,0.0887388731952963,"[0.08938462561076592, 0.08820318958563583, 0.08874619438294175, 0.08963749929396969, 0.08772285710316828]",,,,,
clip/ViT-L/14@336px,image_encoder.transformer.resblocks.4,V4,train,sub-09,linear_predictivity,5919,616,0.05292131039909282,,"[31622.776601683796, 31622.776601683796, 31622.776601683796, 31622.776601683796, 31622.776601683796]",0.2759444252040625,1.0850661317555288,0.7239007860897344,0.9441132428807739
clip/ViT-L/14@336px,image_encoder.transformer.resblocks.4,V4,test,sub-09,linear_predictivity,5919,616,0.06717883259971483,"[0.06715734706686649, 0.07572221498724409, 0.06873569263278849, 0.0669889404739403, 0.05728996783773474]",,,,,
clip/ViT-L/14@336px,image_encoder.transformer.resblocks.4,V3A,train,sub-09,linear_predictivity,5919,270,0.0019027876907459181,,"[100000.0, 100000.0, 100000.0, 100000.0, 100000.0]",0.10304449149552067,1.125878964138717,0.8966788844333987,0.993041961392709
clip/ViT-L/14@336px,image_encoder.transformer.resblocks.4,V3A,test,sub-09,linear_predictivity,5919,270,-0.022066004770157452,"[-0.03701662486548771, -0.01579666187065693, -0.019716277281271535, -0.020091544578620515, -0.01770891525475057]",,,,,
clip/ViT-L/14@336px,image_encoder.transformer.resblocks.4,V3B,train,sub-09,linear_predictivity,5919,148,0.023442331032467744,,"[31622.776601683796, 31622.776601683796, 31622.776601683796, 31622.776601683796, 31622.776601683796]",0.2544233004308824,1.1023313586596,0.7454684855702173,0.9738762625311418
clip/ViT-L/14@336px,image_encoder.transformer.resblocks.4,V3B,test,sub-09,linear_predictivity,5919,148,0.006134193898548667,"[-0.009945896774476964, 0.012302939653334156, 0.008066841155342539, 0.011390376502716784, 0.008856708955826824]",,,,,
clip/ViT-L/14@336px,image_encoder.transformer.resblocks.4,V6,train,sub-09,linear_predictivity,5919,104,-0.0022772557171035863,,"[100000.0, 100000.0, 316227.7660168379, 100000.0, 100000.0]",0.08809024365855686,1.1476791895281362,0.9116186537882157,0.9977421963229526
clip/ViT-L/14@336px,image_encoder.transformer.resblocks.4,V6,test,sub-09,linear_predictivity,5919,104,-0.0027445592442173943,"[-0.00579985750279908, -0.00044682602930524366, -0.011663206808087027, 0.0026442748473697853, 0.0015428192717345962]",,,,,
clip/ViT-L/14@336px,image_encoder.transformer.resblocks.4,V6A,train,sub-09,linear_predictivity,5919,85,0.02314654966858885,,"[31622.776601683796, 31622.776601683796, 31622.776601683796, 31622.776601683796, 31622.776601683796]",0.2529637775115793,1.1009169846031441,0.746873151041582,0.9733275488472575
clip/ViT-L/14@336px,image_encoder.transformer.resblocks.4,V6A,test,sub-09,linear_predictivity,5919,85,-0.005472621019803414,"[-0.018248653938148892, 0.007014427794860727, -0.0061601102132516055, -0.0075350573227449145, -0.002433711419732378]",,,,,
clip/ViT-L/14@336px,image_encoder.transformer.resblocks.4,V7,train,sub-09,linear_predictivity,5919,87,0.024274059252727177,,"[31622.776601683796, 31622.776601683796, 31622.776601683796, 31622.776601683796, 31622.776601683796]",0.25978975506172236,1.0877741802698093,0.7400588435746015,0.9727868842578662
clip/ViT-L/14@336px,image_encoder.transformer.resblocks.4,V7,test,sub-09,linear_predictivity,5919,87,-0.06310722160162725,"[-0.0742698589639675, -0.04484000777321014, -0.06774955069573296, -0.058297376798194266, -0.07037931377703141]",,,,,
clip/ViT-L/14@336px,image_encoder.transformer.resblocks.4,V8,train,sub-09,linear_predictivity,5919,101,0.028886201890152553,,"[31622.776601683796, 31622.776601683796, 31622.776601683796, 31622.776601683796, 31622.776601683796]",0.2582868511221973,1.1171179303771166,0.7415336879695649,0.967471601545172
clip/ViT-L/14@336px,image_encoder.transformer.resblocks.4,V8,test,sub-09,linear_predictivity,5919,101,0.024677485147745447,"[0.022130981803389498, 0.02562968752393013, 0.030660999835329165, 0.024791643500531348, 0.020174113075547097]",,,,,
clip/ViT-L/14@336px,image_encoder.transformer.resblocks.4,FFC,train,sub-09,linear_predictivity,5919,263,0.05686737857467226,,"[31622.776601683796, 31622.776601683796, 31622.776601683796, 31622.776601683796, 31622.776601683796]",0.2803504168912527,1.0829545868250883,0.7194616560047598,0.9393822504481051
clip/ViT-L/14@336px,image_encoder.transformer.resblocks.4,FFC,test,sub-09,linear_predictivity,5919,263,0.09326317612657123,"[0.09673089252678228, 0.09734675388325427, 0.0900777699623239, 0.09322732372222159, 0.0889331405382741]",,,,,
clip/ViT-L/14@336px,image_encoder.transformer.resblocks.4,PIT,train,sub-09,linear_predictivity,5919,123,0.0673968085656292,,"[31622.776601683796, 31622.776601683796, 31622.776601683796, 31622.776601683796, 31622.776601683796]",0.2873266268952517,1.07449829045967,0.7124971787484597,0.9293084816982178
clip/ViT-L/14@336px,image_encoder.transformer.resblocks.4,PIT,test,sub-09,linear_predictivity,5919,123,0.0883931804603373,"[0.08988253544050011, 0.1047925517082214, 0.08365500121163164, 0.08963653533588396, 0.07399927860544941]",,,,,
clip/ViT-L/14@336px,image_encoder.transformer.resblocks.4,IPS1,train,sub-09,linear_predictivity,5919,243,0.01646365002350776,,"[31622.776601683796, 31622.776601683796, 31622.776601683796, 31622.776601683796, 31622.776601683796]",0.2500009846505152,1.1010097802992294,0.7499031889476775,0.9813316354977708
clip/ViT-L/14@336px,image_encoder.transformer.resblocks.4,IPS1,test,sub-09,linear_predictivity,5919,243,0.01193455413478597,"[0.00397879683887335, 0.017844625806149313, 0.010870288703289703, 0.013789319498561629, 0.013189739827055858]",,,,,
clip/ViT-L/14@336px,image_encoder.transformer.resblocks.4,MST,train,sub-09,linear_predictivity,5919,149,0.04313951060918089,,"[31622.776601683796, 31622.776601683796, 31622.776601683796, 31622.776601683796, 31622.776601683796]",0.27556233856564843,1.0828612837879315,0.7242340783325385,0.9527598058602493
clip/ViT-L/14@336px,image_encoder.transformer.resblocks.4,MST,test,sub-09,linear_predictivity,5919,149,0.049341375404495603,"[0.04033570205576517, 0.06329042388319976, 0.036052263100021034, 0.05657328756372031, 0.05045520041977172]",,,,,
clip/ViT-L/14@336px,image_encoder.transformer.resblocks.4,MT,train,sub-09,linear_predictivity,5919,100,0.05708576198421046,,"[31622.776601683796, 10000.0, 10000.0, 10000.0, 10000.0]",0.46972047382094784,1.0619924512901853,0.5299551809917632,0.9393106495172064
clip/ViT-L/14@336px,image_encoder.transformer.resblocks.4,MT,test,sub-09,linear_predictivity,5919,100,0.07508524729903888,"[0.08232600659022533, 0.10112138176931584, 0.029809379293540356, 0.08266193736048258, 0.0795075314816303]",,,,,
clip/ViT-L/14@336px,image_encoder.transformer.resblocks.4,FST,train,sub-09,linear_predictivity,5919,156,0.04471235896139326,,"[31622.776601683796, 31622.776601683796, 31622.776601683796, 31622.776601683796, 31622.776601683796]",0.26937266098545926,1.0847747315250695,0.7305133928907953,0.952628868032449
clip/ViT-L/14@336px,image_encoder.transformer.resblocks.4,FST,test,sub-09,linear_predictivity,5919,156,0.06884184989570194,"[0.053065910889083176, 0.07532571443251157, 0.07155071540462377, 0.08061010057212965, 0.06365680818016156]",,,,,
clip/ViT-L/14@336px,image_encoder.transformer.resblocks.4,LO1,train,sub-09,linear_predictivity,5919,79,0.019809844680041832,,"[31622.776601683796, 31622.776601683796, 31622.776601683796, 31622.776601683796, 31622.776601683796]",0.250189943004028,1.1056491575503948,0.7497383565234191,0.9785043388445027
clip/ViT-L/14@336px,image_encoder.transformer.resblocks.4,LO1,test,sub-09,linear_predictivity,5919,79,-0.015664964854100738,"[-0.021206956513231096, 0.002661493692553254, -0.02538657230174062, -0.01415301161026944, -0.020239777537815792]",,,,,
clip/ViT-L/14@336px,image_encoder.transformer.resblocks.4,LO2,train,sub-09,linear_predictivity,5919,80,0.04593488534935253,,"[31622.776601683796, 31622.776601683796, 31622.776601683796, 31622.776601683796, 31622.776601683796]",0.27207706011451815,1.085907914621588,0.7278295989378762,0.9520614590754221
clip/ViT-L/14@336px,image_encoder.transformer.resblocks.4,LO2,test,sub-09,linear_predictivity,5919,80,0.053760319196333506,"[0.04735834358993068, 0.07537594497529401, 0.04663049401960826, 0.057244276115485306, 0.042192537281349266]",,,,,
clip/ViT-L/14@336px,image_encoder.transformer.resblocks.4,LO3,train,sub-09,linear_predictivity,5919,125,0.03884333539997765,,"[31622.776601683796, 31622.776601683796, 31622.776601683796, 31622.776601683796, 10000.0]",0.31827670212549664,1.0763946617134035,0.681000760243394,0.9571069756335154
clip/ViT-L/14@336px,image_encoder.transformer.resblocks.4,LO3,test,sub-09,linear_predictivity,5919,125,0.026948209635347414,"[0.03308075050780647, 0.05478417342057453, 0.020996909757301896, 0.03003424959441301, -0.004155035103358832]",,,,,
clip/ViT-L/14@336px,image_encoder.transformer.resblocks.4,V7,train,sub-09,linear_predictivity,5919,87,0.024274059252727177,,"[31622.776601683796, 31622.776601683796, 31622.776601683796, 31622.776601683796, 31622.776601683796]",0.25978975506172236,1.0877741802698093,0.7400588435746015,0.9727868842578662
clip/ViT-L/14@336px,image_encoder.transformer.resblocks.4,V7,test,sub-09,linear_predictivity,5919,87,-0.06310722160162725,"[-0.0742698589639675, -0.04484000777321014, -0.06774955069573296, -0.058297376798194266, -0.07037931377703141]",,,,,
clip/ViT-L/14@336px,image_encoder.transformer.resblocks.4,IP0,train,sub-09,linear_predictivity,5919,198,0.012431370979585032,,"[31622.776601683796, 100000.0, 31622.776601683796, 31622.776601683796, 31622.776601683796]",0.2211412204065481,1.103275664742565,0.7790340095099165,0.9848600070517186
clip/ViT-L/14@336px,image_encoder.transformer.resblocks.4,IP0,test,sub-09,linear_predictivity,5919,198,0.011874716878436702,"[0.010951911288254427, 0.002845387426791969, 0.018069864152999725, 0.007432894371557226, 0.020073527152580158]",,,,,
clip/ViT-L/14@336px,image_encoder.transformer.resblocks.4,IP1,train,sub-09,linear_predictivity,5919,114,-0.0072499000229630526,,"[316227.7660168379, 100000.0, 316227.7660168379, 100000.0, 100000.0]",0.07423030459039594,1.143704023697644,0.925307562942465,1.0013261671194038
clip/ViT-L/14@336px,image_encoder.transformer.resblocks.4,IP1,test,sub-09,linear_predictivity,5919,114,-0.00774113425535494,"[-0.008013758338270869, -0.004435355645960785, -0.009336652910722294, -0.016728837760934846, -0.00019106662088590407]",,,,,
clip/ViT-L/14@336px,image_encoder.transformer.resblocks.4,MIP,train,sub-09,linear_predictivity,5919,280,0.011839463615249948,,"[100000.0, 100000.0, 100000.0, 100000.0, 100000.0]",0.11091220532723393,1.112442379510895,0.8888929223124216,0.9845444497199589
clip/ViT-L/14@336px,image_encoder.transformer.resblocks.4,MIP,test,sub-09,linear_predictivity,5919,280,0.04656451964578083,"[0.042216348611633515, 0.04894119014233363, 0.05187381122721957, 0.04322634750551627, 0.04656490074220115]",,,,,
clip/ViT-L/14@336px,image_encoder.transformer.resblocks.4,VIP,train,sub-09,linear_predictivity,5919,180,0.008626824354129087,,"[100000.0, 100000.0, 100000.0, 100000.0, 100000.0]",0.10604521094983052,1.1166675964743416,0.8937988872122593,0.9882618826179126
clip/ViT-L/14@336px,image_encoder.transformer.resblocks.4,VIP,test,sub-09,linear_predictivity,5919,180,0.022284784190852207,"[0.01812218780165065, 0.02655170657531525, 0.02689645874137197, 0.023850262895592975, 0.01600330494033019]",,,,,
clip/ViT-L/14@336px,image_encoder.transformer.resblocks.4,LIPd,train,sub-09,linear_predictivity,5919,69,-0.009936317483257913,,"[316227.7660168379, 100000.0, 316227.7660168379, 100000.0, 316227.7660168379]",0.061539182615607556,1.14159333912711,0.9384150719313877,1.0024024600806192
clip/ViT-L/14@336px,image_encoder.transformer.resblocks.4,LIPd,test,sub-09,linear_predictivity,5919,69,-0.027454833734109,"[-0.020343298356799152, -0.0219938812506379, -0.022241350625211282, -0.05087541739809871, -0.02182022103979798]",,,,,
clip/ViT-L/14@336px,image_encoder.transformer.resblocks.4,LIPv,train,sub-09,linear_predictivity,5919,239,0.0022805505047774947,,"[100000.0, 100000.0, 100000.0, 100000.0, 100000.0]",0.10457114106134094,1.1218883341753176,0.8951992585072338,0.9935115284970542
clip/ViT-L/14@336px,image_encoder.transformer.resblocks.4,LIPv,test,sub-09,linear_predictivity,5919,239,-0.0012515070380906591,"[-0.0020494434510057876, 0.0007285748507194667, 0.004310447261641388, -0.00908702573811651, -0.00016008811369185266]",,,,,
clip/ViT-L/14@336px,image_encoder.transformer.resblocks.4,AIP,train,sub-09,linear_predictivity,5919,275,0.00013518855331646476,,"[100000.0, 100000.0, 100000.0, 100000.0, 100000.0]",0.10098820908966073,1.1451071825411987,0.8988198095539144,0.996232869355255
clip/ViT-L/14@336px,image_encoder.transformer.resblocks.4,AIP,test,sub-09,linear_predictivity,5919,275,0.016589387201814725,"[0.009147290412781155, 0.016132633250888293, 0.019025226578001788, 0.021849374055077853, 0.016792411712324543]",,,,,
clip/ViT-L/14@336px,image_encoder.transformer.resblocks.4,7Pm,train,sub-09,linear_predictivity,5919,17,0.0005378963114148978,,"[100000.0, 100000.0, 100000.0, 100000.0, 316227.7660168379]",0.0878494808957671,1.1399393506526354,0.9119725342746516,0.9960411735714022
clip/ViT-L/14@336px,image_encoder.transformer.resblocks.4,7Pm,test,sub-09,linear_predictivity,5919,17,-0.0032568441466542877,"[-0.0018619960635736362, -0.011798154115235895, -0.008606236648389776, -0.004048480414180012, 0.010030646508107881]",,,,,
clip/ViT-L/14@336px,image_encoder.transformer.resblocks.4,7PL,train,sub-09,linear_predictivity,5919,133,0.018068498863657977,,"[31622.776601683796, 100000.0, 31622.776601683796, 31622.776601683796, 31622.776601683796]",0.2222151388293745,1.0927040649947053,0.7778677795839837,0.9787561685982693
clip/ViT-L/14@336px,image_encoder.transformer.resblocks.4,7PL,test,sub-09,linear_predictivity,5919,133,0.07012555640353739,"[0.06560521843355023, 0.06118907534202256, 0.0800002931193595, 0.06934955400173828, 0.07448364112101638]",,,,,
clip/ViT-L/14@336px,image_encoder.transformer.resblocks.4,7PC,train,sub-09,linear_predictivity,5919,315,0.0038967204614271103,,"[100000.0, 100000.0, 100000.0, 100000.0, 100000.0]",0.10329470031997223,1.132368894540578,0.8964872039814793,0.9922339278364729
clip/ViT-L/14@336px,image_encoder.transformer.resblocks.4,7PC,test,sub-09,linear_predictivity,5919,315,0.009839381943321414,"[0.003299540880900425, 0.014389910780936703, 0.012886849315362407, 0.008961086605405219, 0.009659522134002313]",,,,,
clip/ViT-L/14@336px,image_encoder.transformer.resblocks.4,7Am,train,sub-09,linear_predictivity,5919,228,0.012786483637342102,,"[100000.0, 100000.0, 100000.0, 100000.0, 100000.0]",0.11037570775146392,1.1373159676581188,0.8894714042255336,0.9843449411469368
clip/ViT-L/14@336px,image_encoder.transformer.resblocks.4,7Am,test,sub-09,linear_predictivity,5919,228,0.05668143431835423,"[0.05521519333416621, 0.05483120891696591, 0.06356339293362237, 0.05418682564873591, 0.05561055075828074]",,,,,
clip/ViT-L/14@336px,image_encoder.transformer.resblocks.4,7AL,train,sub-09,linear_predictivity,5919,178,-0.0038980320740778602,,"[316227.7660168379, 316227.7660168379, 100000.0, 100000.0, 316227.7660168379]",0.05998384770327834,1.1487520558744602,0.9398237870584852,1.0008952819289734
clip/ViT-L/14@336px,image_encoder.transformer.resblocks.4,7AL,test,sub-09,linear_predictivity,5919,178,-0.022674316271314852,"[-0.02505889640191198, -0.023513352441783274, -0.014959236617196755, -0.018101241255179024, -0.03173885464050323]",,,,,
clip/ViT-L/14@336px,image_encoder.transformer.resblocks.4,VVC,train,sub-09,linear_predictivity,5919,151,0.009597915803108592,,"[100000.0, 100000.0, 100000.0, 31622.776601683796, 100000.0]",0.13626886519834872,1.124693188366759,0.8639708333278634,0.9873244669427871
clip/ViT-L/14@336px,image_encoder.transformer.resblocks.4,VVC,test,sub-09,linear_predictivity,5919,151,0.011805037666295082,"[0.01463152069902327, 0.007712688958874782, 0.011885283297149237, 0.011114088618188429, 0.013681606758239697]",,,,,
clip/ViT-L/14@336px,image_encoder.transformer.resblocks.4,VMV2,train,sub-09,linear_predictivity,5919,119,0.050154836570590444,,"[31622.776601683796, 31622.776601683796, 31622.776601683796, 31622.776601683796, 31622.776601683796]",0.2726803636721362,1.0880898391204465,0.7271692959436208,0.946845302254148
clip/ViT-L/14@336px,image_encoder.transformer.resblocks.4,VMV2,test,sub-09,linear_predictivity,5919,119,0.09656900973367372,"[0.09006933728654004, 0.09665435728994348, 0.10067365269476128, 0.10000964172379989, 0.09543805967332392]",,,,,
clip/ViT-L/14@336px,image_encoder.transformer.resblocks.4,VMV3,train,sub-09,linear_predictivity,5919,109,0.005629338861722262,,"[100000.0, 100000.0, 31622.776601683796, 31622.776601683796, 100000.0]",0.16152720907658719,1.1262132311216668,0.8390953295182959,0.9908304095541418
clip/ViT-L/14@336px,image_encoder.transformer.resblocks.4,VMV3,test,sub-09,linear_predictivity,5919,109,-0.04639091752336093,"[-0.04138814932986469, -0.06204362779406157, -0.03635439796631742, -0.03589062058368822, -0.056277791942872746]",,,,,
clip/ViT-L/14@336px,image_encoder.transformer.resblocks.4,VMV1,train,sub-09,linear_predictivity,5919,96,0.0391770481270052,,"[31622.776601683796, 31622.776601683796, 31622.776601683796, 31622.776601683796, 31622.776601683796]",0.2650551784081841,1.104521631114381,0.7347907919241128,0.9574917551386166
clip/ViT-L/14@336px,image_encoder.transformer.resblocks.4,VMV1,test,sub-09,linear_predictivity,5919,96,0.12158030700037481,"[0.11659672478390075, 0.11783186707665556, 0.1225715135450997, 0.12623831963798698, 0.12466310995823104]",,,,,
clip/ViT-L/14@336px,image_encoder.transformer.resblocks.4,PHA2,train,sub-09,linear_predictivity,5919,17,0.003882015516799418,,"[316227.7660168379, 100000.0, 100000.0, 100000.0, 100000.0]",0.08830088512020749,1.1523021188500315,0.9115223822730277,0.9942970014659099
clip/ViT-L/14@336px,image_encoder.transformer.resblocks.4,PHA2,test,sub-09,linear_predictivity,5919,17,0.04058607007546226,"[0.02293399880182824, 0.041574782299868086, 0.039232830866459706, 0.05481629667609551, 0.04437244173305977]",,,,,
clip/ViT-L/14@336px,image_encoder.transformer.resblocks.4,PHA3,train,sub-09,linear_predictivity,5919,104,0.016099442224871932,,"[100000.0, 100000.0, 100000.0, 100000.0, 100000.0]",0.11284592617074465,1.1251883908107818,0.8869952499009554,0.9811823983822869
clip/ViT-L/14@336px,image_encoder.transformer.resblocks.4,PHA3,test,sub-09,linear_predictivity,5919,104,0.061339339311003126,"[0.06623035855500349, 0.06065506149104976, 0.0563150909701876, 0.06183154370092721, 0.06166464183784756]",,,,,
clip/ViT-L/14@336px,image_encoder.transformer.resblocks.4,PH,train,sub-09,linear_predictivity,5919,258,0.03002387725522981,,"[31622.776601683796, 31622.776601683796, 31622.776601683796, 31622.776601683796, 31622.776601683796]",0.2613627306731325,1.1009827950486923,0.7384705177208236,0.9663273307287648
clip/ViT-L/14@336px,image_encoder.transformer.resblocks.4,PH,test,sub-09,linear_predictivity,5919,258,0.06506986974267917,"[0.057094994005381525, 0.06920785717383755, 0.06441114329955872, 0.07527758136131836, 0.05935777287329971]",,,,,
clip/ViT-L/14@336px,image_encoder.transformer.resblocks.6,V1,train,sub-09,linear_predictivity,5919,641,0.08641140970970006,,"[31622.776601683796, 10000.0, 31622.776601683796, 10000.0, 10000.0]",0.4503406624783774,1.038851800748091,0.5497006823038344,0.9105574113320282
clip/ViT-L/14@336px,image_encoder.transformer.resblocks.6,V1,test,sub-09,linear_predictivity,5919,641,0.09342935401376021,"[0.11003174869354608, 0.08441059753339393, 0.1131434037738113, 0.08069151078733068, 0.0788695092807191]",,,,,
clip/ViT-L/14@336px,image_encoder.transformer.resblocks.6,V2,train,sub-09,linear_predictivity,5919,754,0.06250952920768824,,"[31622.776601683796, 31622.776601683796, 31622.776601683796, 10000.0, 31622.776601683796]",0.34300002693646425,1.052859783959859,0.6564692762542899,0.933570602329663
clip/ViT-L/14@336px,image_encoder.transformer.resblocks.6,V2,test,sub-09,linear_predictivity,5919,754,0.09170369845126683,"[0.09846454979710821, 0.0996516581570945, 0.10158930677632057, 0.06639078904012717, 0.09242218848568372]",,,,,
clip/ViT-L/14@336px,image_encoder.transformer.resblocks.6,V3,train,sub-09,linear_predictivity,5919,575,0.0630445531355014,,"[31622.776601683796, 31622.776601683796, 31622.776601683796, 10000.0, 31622.776601683796]",0.34109731407618654,1.0564808836056128,0.6587873738518699,0.9335983436348754
clip/ViT-L/14@336px,image_encoder.transformer.resblocks.6,V3,test,sub-09,linear_predictivity,5919,575,0.10713158445717641,"[0.10834521777160047, 0.11324043313248511, 0.11270939426338195, 0.0936745544053986, 0.10768832271301587]",,,,,
clip/ViT-L/14@336px,image_encoder.transformer.resblocks.6,V4,train,sub-09,linear_predictivity,5919,616,0.06452525307295186,,"[31622.776601683796, 31622.776601683796, 31622.776601683796, 31622.776601683796, 31622.776601683796]",0.29470441642947487,1.059889531311848,0.7051409003619566,0.9325484194259411
clip/ViT-L/14@336px,image_encoder.transformer.resblocks.6,V4,test,sub-09,linear_predictivity,5919,616,0.09916793058010046,"[0.09999594476631754, 0.10616608167187112, 0.10001129958075583, 0.09964843266293667, 0.0900178942186211]",,,,,
clip/ViT-L/14@336px,image_encoder.transformer.resblocks.6,V3A,train,sub-09,linear_predictivity,5919,270,0.008048052625812586,,"[100000.0, 31622.776601683796, 31622.776601683796, 31622.776601683796, 31622.776601683796]",0.22606289724783615,1.1043238822502661,0.7737763368761909,0.9867542723669279
clip/ViT-L/14@336px,image_encoder.transformer.resblocks.6,V3A,test,sub-09,linear_predictivity,5919,270,-0.00019912808711950255,"[-0.029589378126998456, 0.009196672330372416, 0.00739967641692476, 0.009955978567551912, 0.0020414103765518552]",,,,,
clip/ViT-L/14@336px,image_encoder.transformer.resblocks.6,V3B,train,sub-09,linear_predictivity,5919,148,0.0405331695810583,,"[10000.0, 31622.776601683796, 31622.776601683796, 31622.776601683796, 10000.0]",0.37287556778315795,1.068355176456702,0.625391098372811,0.9565318128313359
clip/ViT-L/14@336px,image_encoder.transformer.resblocks.6,V3B,test,sub-09,linear_predictivity,5919,148,0.049092237069261024,"[0.029258326397046598, 0.060546978883248934, 0.05489868935665832, 0.05513777474432193, 0.045619415965029324]",,,,,
clip/ViT-L/14@336px,image_encoder.transformer.resblocks.6,V6,train,sub-09,linear_predictivity,5919,104,0.00160475501801054,,"[100000.0, 100000.0, 100000.0, 100000.0, 100000.0]",0.10588210847788633,1.119919833805828,0.8938559903840446,0.9937935222562221
clip/ViT-L/14@336px,image_encoder.transformer.resblocks.6,V6,test,sub-09,linear_predictivity,5919,104,0.002226453634380696,"[-0.002871956203702048, 0.006113616542059417, -0.000654621646732099, 0.00486978213732255, 0.0036754473429556614]",,,,,
clip/ViT-L/14@336px,image_encoder.transformer.resblocks.6,V6A,train,sub-09,linear_predictivity,5919,85,0.03221876851792488,,"[31622.776601683796, 31622.776601683796, 31622.776601683796, 31622.776601683796, 31622.776601683796]",0.26976964202073783,1.08265862943924,0.7300450913092982,0.9641614389116435
clip/ViT-L/14@336px,image_encoder.transformer.resblocks.6,V6A,test,sub-09,linear_predictivity,5919,85,0.01586928941242747,"[0.004421485208321583, 0.03022028200239022, 0.014724166252122044, 0.011958479070989516, 0.01802203452831397]",,,,,
clip/ViT-L/14@336px,image_encoder.transformer.resblocks.6,V7,train,sub-09,linear_predictivity,5919,87,0.036900264923136854,,"[10000.0, 31622.776601683796, 10000.0, 31622.776601683796, 10000.0]",0.42272568370066377,1.0585619016764938,0.5771907401765575,0.9600114819605791
clip/ViT-L/14@336px,image_encoder.transformer.resblocks.6,V7,test,sub-09,linear_predictivity,5919,87,-0.060160577178246064,"[-0.08287075303107377, -0.0177586977291341, -0.07863839886223968, -0.031932866979433046, -0.08960216928934973]",,,,,
clip/ViT-L/14@336px,image_encoder.transformer.resblocks.6,V8,train,sub-09,linear_predictivity,5919,101,0.036454176131741164,,"[31622.776601683796, 31622.776601683796, 31622.776601683796, 31622.776601683796, 31622.776601683796]",0.27362044075876674,1.0957293769406522,0.7262103641450535,0.9600059741201112
clip/ViT-L/14@336px,image_encoder.transformer.resblocks.6,V8,test,sub-09,linear_predictivity,5919,101,0.056349535173914035,"[0.05250244074132195, 0.05915388150277183, 0.061244280040845846, 0.05737286460734783, 0.05147420897728271]",,,,,
clip/ViT-L/14@336px,image_encoder.transformer.resblocks.6,FFC,train,sub-09,linear_predictivity,5919,263,0.06764541704309572,,"[10000.0, 31622.776601683796, 31622.776601683796, 10000.0, 31622.776601683796]",0.3932413225700009,1.0550520590437347,0.6060714960937064,0.9283987041569052
clip/ViT-L/14@336px,image_encoder.transformer.resblocks.6,FFC,test,sub-09,linear_predictivity,5919,263,0.13278107810281709,"[0.12419093589625271, 0.14197798171851572, 0.13809899416885765, 0.12224921832202772, 0.13738826040843152]",,,,,
clip/ViT-L/14@336px,image_encoder.transformer.resblocks.6,PIT,train,sub-09,linear_predictivity,5919,123,0.08313039985493537,,"[10000.0, 10000.0, 31622.776601683796, 10000.0, 10000.0]",0.4916546197384918,1.0461007852953697,0.5077082319751041,0.9130807871794874
clip/ViT-L/14@336px,image_encoder.transformer.resblocks.6,PIT,test,sub-09,linear_predictivity,5919,123,0.1355075228677438,"[0.1387972429234732, 0.1692677207915035, 0.13409686163826662, 0.11589106057424059, 0.11948472841123511]",,,,,
clip/ViT-L/14@336px,image_encoder.transformer.resblocks.6,IPS1,train,sub-09,linear_predictivity,5919,243,0.03181720775604823,,"[31622.776601683796, 31622.776601683796, 31622.776601683796, 31622.776601683796, 31622.776601683796]",0.27175040392568073,1.079879521929141,0.7281484648383652,0.965996593155281
clip/ViT-L/14@336px,image_encoder.transformer.resblocks.6,IPS1,test,sub-09,linear_predictivity,5919,243,0.042747217651172016,"[0.037826926953421595, 0.053112424989569806, 0.041717590799119054, 0.04031727482365229, 0.040761870690097325]",,,,,
clip/ViT-L/14@336px,image_encoder.transformer.resblocks.6,MST,train,sub-09,linear_predictivity,5919,149,0.0536889784538937,,"[10000.0, 10000.0, 10000.0, 10000.0, 10000.0]",0.5267039594058702,1.0534689817875058,0.47314841717343104,0.9418340577963715
clip/ViT-L/14@336px,image_encoder.transformer.resblocks.6,MST,test,sub-09,linear_predictivity,5919,149,0.0951493862750951,"[0.07092730605492525, 0.11304263505180179, 0.09448147425694159, 0.10025660369137482, 0.09703891232043207]",,,,,
clip/ViT-L/14@336px,image_encoder.transformer.resblocks.6,MT,train,sub-09,linear_predictivity,5919,100,0.08533086672075119,,"[10000.0, 10000.0, 10000.0, 10000.0, 10000.0]",0.5463518811506164,1.0238408820310576,0.45346626802083545,0.9106761926596428
clip/ViT-L/14@336px,image_encoder.transformer.resblocks.6,MT,test,sub-09,linear_predictivity,5919,100,0.15194820968505507,"[0.13481713938898812, 0.16752383745152788, 0.12178606546326684, 0.17074827709483706, 0.16486572902665542]",,,,,
clip/ViT-L/14@336px,image_encoder.transformer.resblocks.6,FST,train,sub-09,linear_predictivity,5919,156,0.06156814012170898,,"[31622.776601683796, 31622.776601683796, 10000.0, 31622.776601683796, 31622.776601683796]",0.3377629840362816,1.060634737954297,0.6627144974163931,0.9359812667569998
clip/ViT-L/14@336px,image_encoder.transformer.resblocks.6,FST,test,sub-09,linear_predictivity,5919,156,0.11717111120440749,"[0.09628030941769722, 0.11993456091118183, 0.1387477720929918, 0.1204187324187669, 0.11047418118139973]",,,,,
clip/ViT-L/14@336px,image_encoder.transformer.resblocks.6,LO1,train,sub-09,linear_predictivity,5919,79,0.03456219104210759,,"[31622.776601683796, 31622.776601683796, 31622.776601683796, 31622.776601683796, 31622.776601683796]",0.2715285922831362,1.079087081564706,0.7284197761208367,0.9640034727365461
clip/ViT-L/14@336px,image_encoder.transformer.resblocks.6,LO1,test,sub-09,linear_predictivity,5919,79,0.022538669884118557,"[0.021256953183697247, 0.03919710988070262, 0.01615733370296785, 0.02334723958397329, 0.012734713069251759]",,,,,
clip/ViT-L/14@336px,image_encoder.transformer.resblocks.6,LO2,train,sub-09,linear_predictivity,5919,80,0.060123595057405964,,"[10000.0, 10000.0, 31622.776601683796, 10000.0, 10000.0]",0.4789710398054556,1.0603807550714917,0.5205537962041432,0.9377385888793455
clip/ViT-L/14@336px,image_encoder.transformer.resblocks.6,LO2,test,sub-09,linear_predictivity,5919,80,0.08239011120187278,"[0.07119662466883611, 0.11352848243801143, 0.09274275690466868, 0.06514230956631188, 0.06934038243153581]",,,,,
clip/ViT-L/14@336px,image_encoder.transformer.resblocks.6,LO3,train,sub-09,linear_predictivity,5919,125,0.0519772632538768,,"[10000.0, 10000.0, 10000.0, 10000.0, 10000.0]",0.526092314402718,1.0544156860245975,0.4737241558656196,0.9436333269195354
clip/ViT-L/14@336px,image_encoder.transformer.resblocks.6,LO3,test,sub-09,linear_predictivity,5919,125,0.061015432166105665,"[0.051929130247007564, 0.09297642455110854, 0.05780847689219887, 0.0546147042733873, 0.047748424866826046]",,,,,
clip/ViT-L/14@336px,image_encoder.transformer.resblocks.6,V7,train,sub-09,linear_predictivity,5919,87,0.036900264923136854,,"[10000.0, 31622.776601683796, 10000.0, 31622.776601683796, 10000.0]",0.42272568370066377,1.0585619016764938,0.5771907401765575,0.9600114819605791
clip/ViT-L/14@336px,image_encoder.transformer.resblocks.6,V7,test,sub-09,linear_predictivity,5919,87,-0.060160577178246064,"[-0.08287075303107377, -0.0177586977291341, -0.07863839886223968, -0.031932866979433046, -0.08960216928934973]",,,,,
clip/ViT-L/14@336px,image_encoder.transformer.resblocks.6,IP0,train,sub-09,linear_predictivity,5919,198,0.02887249787422215,,"[31622.776601683796, 31622.776601683796, 31622.776601683796, 31622.776601683796, 31622.776601683796]",0.269839922000281,1.0855840765269549,0.7300535370352998,0.9686131163011297
clip/ViT-L/14@336px,image_encoder.transformer.resblocks.6,IP0,test,sub-09,linear_predictivity,5919,198,0.05597655140059691,"[0.055658779497999564, 0.0617073719950736, 0.057608760192902814, 0.0466169794227377, 0.05829086589427087]",,,,,
clip/ViT-L/14@336px,image_encoder.transformer.resblocks.6,IP1,train,sub-09,linear_predictivity,5919,114,-0.0029425464197871455,,"[100000.0, 100000.0, 100000.0, 100000.0, 100000.0]",0.104851837552569,1.1255417552471485,0.8948330904338675,0.9970390425122805
clip/ViT-L/14@336px,image_encoder.transformer.resblocks.6,IP1,test,sub-09,linear_predictivity,5919,114,0.002202791596902608,"[0.0005773238408917334, 0.004110582494735822, 0.003717193784821239, -0.006418559942233514, 0.009027417806297759]",,,,,
clip/ViT-L/14@336px,image_encoder.transformer.resblocks.6,MIP,train,sub-09,linear_predictivity,5919,280,0.019730377715507688,,"[31622.776601683796, 31622.776601683796, 31622.776601683796, 31622.776601683796, 31622.776601683796]",0.2631390084301199,1.0991361693604453,0.7366972496218724,0.9766323040462831
clip/ViT-L/14@336px,image_encoder.transformer.resblocks.6,MIP,test,sub-09,linear_predictivity,5919,280,0.08181208196665421,"[0.07326496653269225, 0.09082519829358966, 0.08180045844705834, 0.07610724293693126, 0.08706254362299953]",,,,,
clip/ViT-L/14@336px,image_encoder.transformer.resblocks.6,VIP,train,sub-09,linear_predictivity,5919,180,0.021282939319039716,,"[31622.776601683796, 31622.776601683796, 31622.776601683796, 31622.776601683796, 31622.776601683796]",0.2606814324640781,1.0955100042355104,0.7391862443065288,0.9757046618634201
clip/ViT-L/14@336px,image_encoder.transformer.resblocks.6,VIP,test,sub-09,linear_predictivity,5919,180,0.05547673973805891,"[0.05317825032247535, 0.06891221945695712, 0.05770253924982415, 0.049220688110200854, 0.04837000155083704]",,,,,
clip/ViT-L/14@336px,image_encoder.transformer.resblocks.6,LIPd,train,sub-09,linear_predictivity,5919,69,-0.005467948124641749,,"[100000.0, 100000.0, 100000.0, 100000.0, 100000.0]",0.1037973411606679,1.1272012990268865,0.8957947416072732,0.9978687412991526
clip/ViT-L/14@336px,image_encoder.transformer.resblocks.6,LIPd,test,sub-09,linear_predictivity,5919,69,-0.025084849456654495,"[-0.025401432889242966, -0.016704323565913063, -0.020700520664415682, -0.0444705689354921, -0.018147401228208675]",,,,,
clip/ViT-L/14@336px,image_encoder.transformer.resblocks.6,LIPv,train,sub-09,linear_predictivity,5919,239,0.0026920975308787256,,"[31622.776601683796, 100000.0, 31622.776601683796, 31622.776601683796, 31622.776601683796]",0.22589625877520136,1.110051284603187,0.7737713816935722,0.9929739619604654
clip/ViT-L/14@336px,image_encoder.transformer.resblocks.6,LIPv,test,sub-09,linear_predictivity,5919,239,-0.0030418715703786174,"[-0.010197636421216651, 0.0021137039378602176, 0.0035395400752548816, -0.00941575792788456, -0.001249207515906975]",,,,,
clip/ViT-L/14@336px,image_encoder.transformer.resblocks.6,AIP,train,sub-09,linear_predictivity,5919,275,0.004241474645277919,,"[100000.0, 100000.0, 100000.0, 100000.0, 100000.0]",0.10774970526264713,1.1293997283371686,0.8920602177552188,0.9921467750408052
clip/ViT-L/14@336px,image_encoder.transformer.resblocks.6,AIP,test,sub-09,linear_predictivity,5919,275,0.022173775764628097,"[0.015021718805065679, 0.022788320435243672, 0.024549471885015557, 0.024870001793433565, 0.023639365904382027]",,,,,
clip/ViT-L/14@336px,image_encoder.transformer.resblocks.6,7Pm,train,sub-09,linear_predictivity,5919,17,-0.0008800763207584749,,"[31622.776601683796, 100000.0, 100000.0, 100000.0, 100000.0]",0.13313898134574298,1.1369729718390478,0.8670110287448465,0.9975224411920245
clip/ViT-L/14@336px,image_encoder.transformer.resblocks.6,7Pm,test,sub-09,linear_predictivity,5919,17,0.003902165257985456,"[-0.019374703085930575, 0.005099283686339763, 0.0030087769246435127, 0.010895605686440135, 0.019881863078434446]",,,,,
clip/ViT-L/14@336px,image_encoder.transformer.resblocks.6,7PL,train,sub-09,linear_predictivity,5919,133,0.02773865073026625,,"[31622.776601683796, 31622.776601683796, 31622.776601683796, 31622.776601683796, 31622.776601683796]",0.26529743447250115,1.077291317577541,0.7345595116332578,0.9691645879623533
clip/ViT-L/14@336px,image_encoder.transformer.resblocks.6,7PL,test,sub-09,linear_predictivity,5919,133,0.09819107630631835,"[0.09030969231412243, 0.11045054250013492, 0.09622957536915304, 0.09298497062957971, 0.10098060071860158]",,,,,
clip/ViT-L/14@336px,image_encoder.transformer.resblocks.6,7PC,train,sub-09,linear_predictivity,5919,315,0.013046971576183147,,"[31622.776601683796, 31622.776601683796, 31622.776601683796, 31622.776601683796, 31622.776601683796]",0.25633505468841183,1.1103825825864506,0.7434639551041837,0.9827356925026294
clip/ViT-L/14@336px,image_encoder.transformer.resblocks.6,7PC,test,sub-09,linear_predictivity,5919,315,0.022816049364078127,"[0.012799418482426765, 0.032645424908727884, 0.03365949095878657, 0.016037206522035347, 0.018938705948414087]",,,,,
clip/ViT-L/14@336px,image_encoder.transformer.resblocks.6,7Am,train,sub-09,linear_predictivity,5919,228,0.019540446567624336,,"[31622.776601683796, 31622.776601683796, 31622.776601683796, 31622.776601683796, 31622.776601683796]",0.2593336875062782,1.1100962013583575,0.7405379456354166,0.9776510974765792
clip/ViT-L/14@336px,image_encoder.transformer.resblocks.6,7Am,test,sub-09,linear_predictivity,5919,228,0.09077018291367481,"[0.09014163124492018, 0.08944994171780349, 0.10265823565666148, 0.08367651498457263, 0.08792459096441621]",,,,,
clip/ViT-L/14@336px,image_encoder.transformer.resblocks.6,7AL,train,sub-09,linear_predictivity,5919,178,0.002687511202186267,,"[100000.0, 100000.0, 100000.0, 100000.0, 100000.0]",0.10279564827177631,1.1230313606414177,0.8970352124251839,0.9943884515296858
clip/ViT-L/14@336px,image_encoder.transformer.resblocks.6,7AL,test,sub-09,linear_predictivity,5919,178,-0.009701795348575817,"[-0.007638749281848318, -0.006272393307159391, -0.006394642481086728, -0.009887663303298117, -0.018315528369486533]",,,,,
clip/ViT-L/14@336px,image_encoder.transformer.resblocks.6,VVC,train,sub-09,linear_predictivity,5919,151,0.017773065324442394,,"[31622.776601683796, 31622.776601683796, 31622.776601683796, 31622.776601683796, 31622.776601683796]",0.26052493845735236,1.111560271060521,0.7393390275229805,0.9790473854463222
clip/ViT-L/14@336px,image_encoder.transformer.resblocks.6,VVC,test,sub-09,linear_predictivity,5919,151,0.046932269036523255,"[0.04871573589728501, 0.046457482183669525, 0.045844969001909826, 0.04462384874178528, 0.0490193093579666]",,,,,
clip/ViT-L/14@336px,image_encoder.transformer.resblocks.6,VMV2,train,sub-09,linear_predictivity,5919,119,0.06640460917733108,,"[31622.776601683796, 31622.776601683796, 31622.776601683796, 31622.776601683796, 31622.776601683796]",0.2940670046310821,1.0625830451828422,0.7057937336443522,0.9308231346788819
clip/ViT-L/14@336px,image_encoder.transformer.resblocks.6,VMV2,test,sub-09,linear_predictivity,5919,119,0.12314130986030414,"[0.11764106390936378, 0.1227610769043998, 0.12462412827478071, 0.12566960766943114, 0.12501067254354528]",,,,,
clip/ViT-L/14@336px,image_encoder.transformer.resblocks.6,VMV3,train,sub-09,linear_predictivity,5919,109,0.013714337612448644,,"[31622.776601683796, 31622.776601683796, 31622.776601683796, 31622.776601683796, 31622.776601683796]",0.25855954055031394,1.1125783825766589,0.7413036453407355,0.9826841089087232
clip/ViT-L/14@336px,image_encoder.transformer.resblocks.6,VMV3,test,sub-09,linear_predictivity,5919,109,-0.003092946418902724,"[0.001529173601033104, -0.012888844172273251, 0.002019331673492298, 0.0076117292519219905, -0.01373612244868776]",,,,,
clip/ViT-L/14@336px,image_encoder.transformer.resblocks.6,VMV1,train,sub-09,linear_predictivity,5919,96,0.0550703086026636,,"[31622.776601683796, 31622.776601683796, 31622.776601683796, 31622.776601683796, 31622.776601683796]",0.28582165656217595,1.0756786197376624,0.7140233801314144,0.9416982051279795
clip/ViT-L/14@336px,image_encoder.transformer.resblocks.6,VMV1,test,sub-09,linear_predictivity,5919,96,0.14291063588370354,"[0.13923662123526195, 0.14078976080459846, 0.14240286704112637, 0.14428727348904044, 0.14783665684849046]",,,,,
clip/ViT-L/14@336px,image_encoder.transformer.resblocks.6,PHA2,train,sub-09,linear_predictivity,5919,17,0.0076168918381462145,,"[100000.0, 100000.0, 100000.0, 100000.0, 100000.0]",0.10606045725360595,1.12974061361975,0.893835787408378,0.9905095239534294
clip/ViT-L/14@336px,image_encoder.transformer.resblocks.6,PHA2,test,sub-09,linear_predictivity,5919,17,0.05317702265177469,"[0.046227480821811016, 0.05293087729064433, 0.05044576650005694, 0.06301570036036029, 0.05326528828600088]",,,,,
clip/ViT-L/14@336px,image_encoder.transformer.resblocks.6,PHA3,train,sub-09,linear_predictivity,5919,104,0.020753419955048345,,"[100000.0, 100000.0, 31622.776601683796, 31622.776601683796, 31622.776601683796]",0.20572658062105892,1.1052919927350544,0.7939919071090105,0.9763934010391994
clip/ViT-L/14@336px,image_encoder.transformer.resblocks.6,PHA3,test,sub-09,linear_predictivity,5919,104,0.08767587127261707,"[0.08181198028415512, 0.07969010454456288, 0.08386835347149149, 0.09678301134733276, 0.0962259067155431]",,,,,
clip/ViT-L/14@336px,image_encoder.transformer.resblocks.6,PH,train,sub-09,linear_predictivity,5919,258,0.044201658525735515,,"[31622.776601683796, 31622.776601683796, 31622.776601683796, 31622.776601683796, 31622.776601683796]",0.2823500617659248,1.0789223382998017,0.7174815015432167,0.9521823963390516
clip/ViT-L/14@336px,image_encoder.transformer.resblocks.6,PH,test,sub-09,linear_predictivity,5919,258,0.10008404335237961,"[0.09103406291509243, 0.10434883113399243, 0.10106490584123387, 0.10458247911180345, 0.09938993775977581]",,,,,
clip/ViT-L/14@336px,image_encoder.transformer.resblocks.8,V1,train,sub-09,linear_predictivity,5919,641,0.09602708575988535,,"[10000.0, 10000.0, 31622.776601683796, 10000.0, 10000.0]",0.5089245675590259,1.0285243398814619,0.4911800080894155,0.9007448987012205
clip/ViT-L/14@336px,image_encoder.transformer.resblocks.8,V1,test,sub-09,linear_predictivity,5919,641,0.11609529918519265,"[0.11135973050009959, 0.1063234940800497, 0.13618603983456756, 0.11863361784458075, 0.10797361366666572]",,,,,
clip/ViT-L/14@336px,image_encoder.transformer.resblocks.8,V2,train,sub-09,linear_predictivity,5919,754,0.07142622366002085,,"[31622.776601683796, 31622.776601683796, 31622.776601683796, 31622.776601683796, 10000.0]",0.3558946336824774,1.0421997824197438,0.6445181068281925,0.9248895784664313
clip/ViT-L/14@336px,image_encoder.transformer.resblocks.8,V2,test,sub-09,linear_predictivity,5919,754,0.10467528008586709,"[0.11103784942838575, 0.10897057785050482, 0.11757440550945705, 0.11474585564305832, 0.07104771199792938]",,,,,
clip/ViT-L/14@336px,image_encoder.transformer.resblocks.8,V3,train,sub-09,linear_predictivity,5919,575,0.07688801437888106,,"[10000.0, 31622.776601683796, 10000.0, 10000.0, 10000.0]",0.4958350975953336,1.037981596684466,0.5044886142288285,0.9196080749219174
clip/ViT-L/14@336px,image_encoder.transformer.resblocks.8,V3,test,sub-09,linear_predictivity,5919,575,0.12028550896013342,"[0.12390920541395709, 0.13014348869212056, 0.11877081497471587, 0.12076033914007325, 0.10784369657980028]",,,,,
clip/ViT-L/14@336px,image_encoder.transformer.resblocks.8,V4,train,sub-09,linear_predictivity,5919,616,0.08453147550303793,,"[10000.0, 10000.0, 10000.0, 10000.0, 10000.0]",0.5444062889457545,1.0331721696749938,0.4554890459568847,0.9122906522097562
clip/ViT-L/14@336px,image_encoder.transformer.resblocks.8,V4,test,sub-09,linear_predictivity,5919,616,0.11756468159784586,"[0.12426505230714212, 0.1309569099056289, 0.11382177483932163, 0.11225709005191663, 0.10652258088522006]",,,,,
clip/ViT-L/14@336px,image_encoder.transformer.resblocks.8,V3A,train,sub-09,linear_predictivity,5919,270,0.016084541539286693,,"[31622.776601683796, 31622.776601683796, 31622.776601683796, 31622.776601683796, 31622.776601683796]",0.2660160973291637,1.0890503945344403,0.7337310511498488,0.978606774446425
clip/ViT-L/14@336px,image_encoder.transformer.resblocks.8,V3A,test,sub-09,linear_predictivity,5919,270,0.014220087949339382,"[-0.0030809777019305444, 0.019281710606033398, 0.021275360067460496, 0.01908414711921426, 0.014540199655919302]",,,,,
clip/ViT-L/14@336px,image_encoder.transformer.resblocks.8,V3B,train,sub-09,linear_predictivity,5919,148,0.06596713467934494,,"[10000.0, 10000.0, 10000.0, 10000.0, 10000.0]",0.5343662001945158,1.0491520308682376,0.46552361757130994,0.930463041740967
clip/ViT-L/14@336px,image_encoder.transformer.resblocks.8,V3B,test,sub-09,linear_predictivity,5919,148,0.11819583719186824,"[0.10912923772328345, 0.13864825267771516, 0.1119609147856103, 0.11851380295564981, 0.11272697781708235]",,,,,
clip/ViT-L/14@336px,image_encoder.transformer.resblocks.8,V6,train,sub-09,linear_predictivity,5919,104,0.003770706151493639,,"[100000.0, 100000.0, 100000.0, 100000.0, 100000.0]",0.10956654682215246,1.1112696751464823,0.8901697602848955,0.9916320778987944
clip/ViT-L/14@336px,image_encoder.transformer.resblocks.8,V6,test,sub-09,linear_predictivity,5919,104,0.006559713774994291,"[-0.00022160558764960285, 0.011062824143152251, 0.004400514780478634, 0.008634058593193206, 0.008922776945796965]",,,,,
clip/ViT-L/14@336px,image_encoder.transformer.resblocks.8,V6A,train,sub-09,linear_predictivity,5919,85,0.03730149602755409,,"[31622.776601683796, 31622.776601683796, 31622.776601683796, 31622.776601683796, 31622.776601683796]",0.2791105631170946,1.0694092240371789,0.7207050302910568,0.9590637983765256
clip/ViT-L/14@336px,image_encoder.transformer.resblocks.8,V6A,test,sub-09,linear_predictivity,5919,85,0.05021663944905565,"[0.03628188354460963, 0.06782180054978502, 0.04591979655348435, 0.04422771820516598, 0.056831998392233254]",,,,,
clip/ViT-L/14@336px,image_encoder.transformer.resblocks.8,V7,train,sub-09,linear_predictivity,5919,87,0.04813688427312249,,"[31622.776601683796, 31622.776601683796, 10000.0, 31622.776601683796, 10000.0]",0.38799360334518734,1.0511981257919085,0.6117723050506148,0.9483096890259846
clip/ViT-L/14@336px,image_encoder.transformer.resblocks.8,V7,test,sub-09,linear_predictivity,5919,87,0.002036874158151471,"[0.005097845049750933, 0.0308699140614944, -0.02008449641569026, 0.013129544562124392, -0.018828436466922113]",,,,,
clip/ViT-L/14@336px,image_encoder.transformer.resblocks.8,V8,train,sub-09,linear_predictivity,5919,101,0.04484289174756008,,"[31622.776601683796, 31622.776601683796, 31622.776601683796, 31622.776601683796, 31622.776601683796]",0.2848862448111743,1.0712180013850259,0.7149415581095463,0.9516182591620437
clip/ViT-L/14@336px,image_encoder.transformer.resblocks.8,V8,test,sub-09,linear_predictivity,5919,101,0.077163672340928,"[0.07651601774793484, 0.08035083306013911, 0.08372391147755649, 0.06944827123453425, 0.07577932818447539]",,,,,
clip/ViT-L/14@336px,image_encoder.transformer.resblocks.8,FFC,train,sub-09,linear_predictivity,5919,263,0.1008936177386956,,"[10000.0, 10000.0, 10000.0, 10000.0, 10000.0]",0.5545561643996193,1.0239950319246867,0.44530083142625265,0.894923483171619
clip/ViT-L/14@336px,image_encoder.transformer.resblocks.8,FFC,test,sub-09,linear_predictivity,5919,263,0.1904400590045448,"[0.19433485954355523, 0.20109234640672002, 0.1893057001540089, 0.1772784015513265, 0.19018898736711334]",,,,,
clip/ViT-L/14@336px,image_encoder.transformer.resblocks.8,PIT,train,sub-09,linear_predictivity,5919,123,0.12340895694259713,,"[10000.0, 10000.0, 10000.0, 10000.0, 10000.0]",0.5670885895353847,0.9996892618897185,0.4327798987086463,0.8729360691681644
clip/ViT-L/14@336px,image_encoder.transformer.resblocks.8,PIT,test,sub-09,linear_predictivity,5919,123,0.19999912029105604,"[0.2089396117544674, 0.22115657579046674, 0.20920815537716916, 0.17965760049098603, 0.1810336580421908]",,,,,
clip/ViT-L/14@336px,image_encoder.transformer.resblocks.8,IPS1,train,sub-09,linear_predictivity,5919,243,0.045805054985778436,,"[31622.776601683796, 31622.776601683796, 31622.776601683796, 31622.776601683796, 31622.776601683796]",0.28542764115000663,1.0756070454557678,0.7144749009261204,0.9520810489000164
clip/ViT-L/14@336px,image_encoder.transformer.resblocks.8,IPS1,test,sub-09,linear_predictivity,5919,243,0.08176042119237656,"[0.07771929573264093, 0.09496284825349656, 0.07701873339941112, 0.08080789828911443, 0.07829333028721973]",,,,,
clip/ViT-L/14@336px,image_encoder.transformer.resblocks.8,MST,train,sub-09,linear_predictivity,5919,149,0.0751856490662707,,"[10000.0, 10000.0, 10000.0, 10000.0, 10000.0]",0.5468598621035097,1.0281948727149506,0.4529919441073516,0.9202141762350617
clip/ViT-L/14@336px,image_encoder.transformer.resblocks.8,MST,test,sub-09,linear_predictivity,5919,149,0.13432201562522822,"[0.11857212913617285, 0.15421546388248858, 0.1268880493072178, 0.14036690472510938, 0.13156753107515254]",,,,,
clip/ViT-L/14@336px,image_encoder.transformer.resblocks.8,MT,train,sub-09,linear_predictivity,5919,100,0.12587066712315564,,"[10000.0, 10000.0, 10000.0, 10000.0, 10000.0]",0.5755844660225039,0.9811817525444697,0.42425490927272963,0.8704813017290787
clip/ViT-L/14@336px,image_encoder.transformer.resblocks.8,MT,test,sub-09,linear_predictivity,5919,100,0.21551565828906455,"[0.21242939768341684, 0.22552855277549128, 0.18153415478951687, 0.231670652653801, 0.22641553354309665]",,,,,
clip/ViT-L/14@336px,image_encoder.transformer.resblocks.8,FST,train,sub-09,linear_predictivity,5919,156,0.07787695518503374,,"[31622.776601683796, 31622.776601683796, 31622.776601683796, 31622.776601683796, 10000.0]",0.35476336051603014,1.0511604080050847,0.6445154805517554,0.9194050590449538
clip/ViT-L/14@336px,image_encoder.transformer.resblocks.8,FST,test,sub-09,linear_predictivity,5919,156,0.15515705022701512,"[0.14039272955574253, 0.16465750131201504, 0.16172203307276262, 0.15571895780347314, 0.15329402939108222]",,,,,
clip/ViT-L/14@336px,image_encoder.transformer.resblocks.8,LO1,train,sub-09,linear_predictivity,5919,79,0.055236616305698864,,"[10000.0, 31622.776601683796, 10000.0, 31622.776601683796, 10000.0]",0.4335941328671235,1.049355667994279,0.5674027322973823,0.9436009114626593
clip/ViT-L/14@336px,image_encoder.transformer.resblocks.8,LO1,test,sub-09,linear_predictivity,5919,79,0.04992080346439805,"[0.045639657748198253, 0.08716911511800211, 0.022544309958026587, 0.0702307625647937, 0.024020171932969594]",,,,,
clip/ViT-L/14@336px,image_encoder.transformer.resblocks.8,LO2,train,sub-09,linear_predictivity,5919,80,0.10364090389173158,,"[10000.0, 10000.0, 10000.0, 10000.0, 10000.0]",0.5552452652234651,1.0167467250746167,0.4447033361705082,0.8944697405140154
clip/ViT-L/14@336px,image_encoder.transformer.resblocks.8,LO2,test,sub-09,linear_predictivity,5919,80,0.15282660103919948,"[0.1511170703623792, 0.18075880363379024, 0.16042314481635084, 0.138339540030744, 0.133494446352733]",,,,,
clip/ViT-L/14@336px,image_encoder.transformer.resblocks.8,LO3,train,sub-09,linear_predictivity,5919,125,0.08635468466979357,,"[10000.0, 10000.0, 10000.0, 10000.0, 10000.0]",0.5524404959364057,1.0135610913285518,0.447380745690642,0.9094267517166479
clip/ViT-L/14@336px,image_encoder.transformer.resblocks.8,LO3,test,sub-09,linear_predictivity,5919,125,0.12439860520820531,"[0.12365968159544707, 0.1536219573430532, 0.11759386928485724, 0.1155381198731117, 0.11157939794455737]",,,,,
clip/ViT-L/14@336px,image_encoder.transformer.resblocks.8,V7,train,sub-09,linear_predictivity,5919,87,0.04813688427312249,,"[31622.776601683796, 31622.776601683796, 10000.0, 31622.776601683796, 10000.0]",0.38799360334518734,1.0511981257919085,0.6117723050506148,0.9483096890259846
clip/ViT-L/14@336px,image_encoder.transformer.resblocks.8,V7,test,sub-09,linear_predictivity,5919,87,0.002036874158151471,"[0.005097845049750933, 0.0308699140614944, -0.02008449641569026, 0.013129544562124392, -0.018828436466922113]",,,,,
clip/ViT-L/14@336px,image_encoder.transformer.resblocks.8,IP0,train,sub-09,linear_predictivity,5919,198,0.044781307192898544,,"[31622.776601683796, 31622.776601683796, 31622.776601683796, 31622.776601683796, 31622.776601683796]",0.2849923161778038,1.0817020914834736,0.7148943921350911,0.9527843951199284
clip/ViT-L/14@336px,image_encoder.transformer.resblocks.8,IP0,test,sub-09,linear_predictivity,5919,198,0.1010397254026463,"[0.10614603680205106, 0.11051710054896666, 0.09692571993100613, 0.09214822465135335, 0.09946154507985423]",,,,,
clip/ViT-L/14@336px,image_encoder.transformer.resblocks.8,IP1,train,sub-09,linear_predictivity,5919,114,0.00020221498445753056,,"[100000.0, 100000.0, 100000.0, 100000.0, 31622.776601683796]",0.13883141967028595,1.1282936260872338,0.8600204354340164,0.9938663497673094
clip/ViT-L/14@336px,image_encoder.transformer.resblocks.8,IP1,test,sub-09,linear_predictivity,5919,114,0.016690141872054216,"[0.016626259705098078, 0.0198707363491025, 0.012888135332269731, 0.0050372045413995285, 0.029028373432401236]",,,,,
clip/ViT-L/14@336px,image_encoder.transformer.resblocks.8,MIP,train,sub-09,linear_predictivity,5919,280,0.027687245973202903,,"[31622.776601683796, 31622.776601683796, 31622.776601683796, 31622.776601683796, 31622.776601683796]",0.27397931444527673,1.1008986369776916,0.7258652173897149,0.9687848181909173
clip/ViT-L/14@336px,image_encoder.transformer.resblocks.8,MIP,test,sub-09,linear_predictivity,5919,280,0.10588945019578752,"[0.10346689673450299, 0.11582275210887114, 0.1001159857255592, 0.10106865375629363, 0.10897296265371069]",,,,,
clip/ViT-L/14@336px,image_encoder.transformer.resblocks.8,VIP,train,sub-09,linear_predictivity,5919,180,0.03176246894078869,,"[31622.776601683796, 31622.776601683796, 31622.776601683796, 31622.776601683796, 31622.776601683796]",0.2728288319793072,1.0868353662336403,0.7270492434468072,0.9653919972750481
clip/ViT-L/14@336px,image_encoder.transformer.resblocks.8,VIP,test,sub-09,linear_predictivity,5919,180,0.07597361060454826,"[0.07238001683724317, 0.0877479604719683, 0.07679292195819974, 0.07450200532707031, 0.0684451484282598]",,,,,
clip/ViT-L/14@336px,image_encoder.transformer.resblocks.8,LIPd,train,sub-09,linear_predictivity,5919,69,-0.003281113767485583,,"[100000.0, 100000.0, 100000.0, 100000.0, 31622.776601683796]",0.13683630971986718,1.1278199049956252,0.8620179276355218,0.9955421116585346
clip/ViT-L/14@336px,image_encoder.transformer.resblocks.8,LIPd,test,sub-09,linear_predictivity,5919,69,-0.02213613850456015,"[-0.014885139898448049, -0.008144708321195949, -0.018319398038532796, -0.03743101224416693, -0.031900434020457044]",,,,,
clip/ViT-L/14@336px,image_encoder.transformer.resblocks.8,LIPv,train,sub-09,linear_predictivity,5919,239,0.005386933353634989,,"[31622.776601683796, 100000.0, 31622.776601683796, 31622.776601683796, 31622.776601683796]",0.23245050680429213,1.1055937442707897,0.7672125959356233,0.9902270286935313
clip/ViT-L/14@336px,image_encoder.transformer.resblocks.8,LIPv,test,sub-09,linear_predictivity,5919,239,0.01287566727792216,"[0.009259428446038916, 0.012388385983184617, 0.01603685361969924, 0.008591049833621316, 0.018102618507066716]",,,,,
clip/ViT-L/14@336px,image_encoder.transformer.resblocks.8,AIP,train,sub-09,linear_predictivity,5919,275,0.007484480439093543,,"[100000.0, 100000.0, 100000.0, 100000.0, 100000.0]",0.11206829584670139,1.1222183685982472,0.887739083175271,0.9889187276879428
clip/ViT-L/14@336px,image_encoder.transformer.resblocks.8,AIP,test,sub-09,linear_predictivity,5919,275,0.03273276175318519,"[0.027552402219163774, 0.03541451658876093, 0.03473591080950908, 0.033749569427391386, 0.03221140972110075]",,,,,
clip/ViT-L/14@336px,image_encoder.transformer.resblocks.8,7Pm,train,sub-09,linear_predictivity,5919,17,-0.00035969789419698016,,"[31622.776601683796, 100000.0, 100000.0, 100000.0, 100000.0]",0.13555245164211746,1.123428624697518,0.8645994257664542,0.9969815185288085
clip/ViT-L/14@336px,image_encoder.transformer.resblocks.8,7Pm,test,sub-09,linear_predictivity,5919,17,0.010872567650808263,"[0.001203679221173586, 0.013707759755857958, 0.0035574952782925807, 0.011222505456735218, 0.02467139854198197]",,,,,
clip/ViT-L/14@336px,image_encoder.transformer.resblocks.8,7PL,train,sub-09,linear_predictivity,5919,133,0.039179261260844006,,"[31622.776601683796, 31622.776601683796, 31622.776601683796, 10000.0, 31622.776601683796]",0.3279061343758783,1.0763443109664497,0.6725650913865502,0.9579372849515273
clip/ViT-L/14@336px,image_encoder.transformer.resblocks.8,7PL,test,sub-09,linear_predictivity,5919,133,0.12257369348346699,"[0.12050119542749697, 0.1311287238880735, 0.11617463583946898, 0.12274611246800823, 0.12231779979428721]",,,,,
clip/ViT-L/14@336px,image_encoder.transformer.resblocks.8,7PC,train,sub-09,linear_predictivity,5919,315,0.01716985088128792,,"[31622.776601683796, 31622.776601683796, 31622.776601683796, 31622.776601683796, 31622.776601683796]",0.26565262641029364,1.095289443845061,0.7341372798608828,0.9784922025213533
clip/ViT-L/14@336px,image_encoder.transformer.resblocks.8,7PC,test,sub-09,linear_predictivity,5919,315,0.03750295735730306,"[0.02803130446862537, 0.05079021030256798, 0.045772328611788704, 0.028279058442988968, 0.03464188496054425]",,,,,
clip/ViT-L/14@336px,image_encoder.transformer.resblocks.8,7Am,train,sub-09,linear_predictivity,5919,228,0.02896450771908114,,"[31622.776601683796, 31622.776601683796, 31622.776601683796, 31622.776601683796, 31622.776601683796]",0.27014327267159854,1.1022514651661335,0.7297256752721146,0.9682477665936524
clip/ViT-L/14@336px,image_encoder.transformer.resblocks.8,7Am,test,sub-09,linear_predictivity,5919,228,0.10796016466590372,"[0.11176861194473973, 0.10376933927460744, 0.11752813495130139, 0.10071814034416858, 0.10601659681470152]",,,,,
clip/ViT-L/14@336px,image_encoder.transformer.resblocks.8,7AL,train,sub-09,linear_predictivity,5919,178,0.00808396552478461,,"[31622.776601683796, 31622.776601683796, 31622.776601683796, 31622.776601683796, 31622.776601683796]",0.2544490076288714,1.1146157412728535,0.7454046061766387,0.9888754668718149
clip/ViT-L/14@336px,image_encoder.transformer.resblocks.8,7AL,test,sub-09,linear_predictivity,5919,178,0.0038766769621088036,"[0.006012655529934222, 0.009455930195403589, 0.0110427161960638, -0.0007997380995416962, -0.006328179011315897]",,,,,
clip/ViT-L/14@336px,image_encoder.transformer.resblocks.8,VVC,train,sub-09,linear_predictivity,5919,151,0.029795237258822563,,"[31622.776601683796, 31622.776601683796, 31622.776601683796, 31622.776601683796, 31622.776601683796]",0.27351617919867677,1.093495824354308,0.7263446401405507,0.9671239588669058
clip/ViT-L/14@336px,image_encoder.transformer.resblocks.8,VVC,test,sub-09,linear_predictivity,5919,151,0.0871353315943541,"[0.09073308330133578, 0.08735527513671326, 0.0863656929046803, 0.08228146882885985, 0.08894113780018133]",,,,,
clip/ViT-L/14@336px,image_encoder.transformer.resblocks.8,VMV2,train,sub-09,linear_predictivity,5919,119,0.082404888832884,,"[31622.776601683796, 31622.776601683796, 31622.776601683796, 10000.0, 10000.0]",0.40293781482836416,1.0406868736479429,0.597683586343222,0.9148990831085196
clip/ViT-L/14@336px,image_encoder.transformer.resblocks.8,VMV2,test,sub-09,linear_predictivity,5919,119,0.15112388518340042,"[0.15441949861035026, 0.15705475910517858, 0.1590915341073682, 0.1353958878368183, 0.14965774625728673]",,,,,
clip/ViT-L/14@336px,image_encoder.transformer.resblocks.8,VMV3,train,sub-09,linear_predictivity,5919,109,0.029174390684225643,,"[31622.776601683796, 31622.776601683796, 31622.776601683796, 31622.776601683796, 31622.776601683796]",0.2734221483227322,1.0917641379929615,0.7264329582483052,0.9672590834318664
clip/ViT-L/14@336px,image_encoder.transformer.resblocks.8,VMV3,test,sub-09,linear_predictivity,5919,109,0.04453168212806465,"[0.04591911729580314, 0.040602601987514475, 0.052800900754988604, 0.04770123347850518, 0.03563455712351186]",,,,,
clip/ViT-L/14@336px,image_encoder.transformer.resblocks.8,VMV1,train,sub-09,linear_predictivity,5919,96,0.0691233667842803,,"[31622.776601683796, 31622.776601683796, 31622.776601683796, 31622.776601683796, 31622.776601683796]",0.30120372800984224,1.0547800422328166,0.6986503984029444,0.9278129903527045
clip/ViT-L/14@336px,image_encoder.transformer.resblocks.8,VMV1,test,sub-09,linear_predictivity,5919,96,0.1600642382103169,"[0.15925394105847832, 0.15715421629629375, 0.16099709939320886, 0.1584627090693933, 0.16445322523421024]",,,,,
clip/ViT-L/14@336px,image_encoder.transformer.resblocks.8,PHA2,train,sub-09,linear_predictivity,5919,17,0.010500640585581124,,"[100000.0, 100000.0, 31622.776601683796, 31622.776601683796, 100000.0]",0.17058717663636272,1.1160945606579598,0.8295262539663362,0.9876237608033863
clip/ViT-L/14@336px,image_encoder.transformer.resblocks.8,PHA2,test,sub-09,linear_predictivity,5919,17,0.06808622963222306,"[0.05709317259808758, 0.061823945166167335, 0.0752675139595728, 0.08119856898435371, 0.06504794745293385]",,,,,
clip/ViT-L/14@336px,image_encoder.transformer.resblocks.8,PHA3,train,sub-09,linear_predictivity,5919,104,0.03511736226319304,,"[31622.776601683796, 31622.776601683796, 31622.776601683796, 31622.776601683796, 31622.776601683796]",0.27475155502397025,1.0963347469722233,0.7251107872951392,0.962137273674973
clip/ViT-L/14@336px,image_encoder.transformer.resblocks.8,PHA3,test,sub-09,linear_predictivity,5919,104,0.13525004025562498,"[0.14023968513222093, 0.1380961048242037, 0.12506925925251447, 0.13656350871903644, 0.13628164335014947]",,,,,
clip/ViT-L/14@336px,image_encoder.transformer.resblocks.8,PH,train,sub-09,linear_predictivity,5919,258,0.059185884490153495,,"[31622.776601683796, 31622.776601683796, 31622.776601683796, 31622.776601683796, 10000.0]",0.34657372859269703,1.0635870890224501,0.6526564817556408,0.9369844042027473
clip/ViT-L/14@336px,image_encoder.transformer.resblocks.8,PH,test,sub-09,linear_predictivity,5919,258,0.1360289426960884,"[0.13566475401485417, 0.1470194110289425, 0.13633014797139098, 0.1374526918474206, 0.12367770861783366]",,,,,
clip/ViT-L/14@336px,image_encoder.transformer.resblocks.9,V1,train,sub-09,linear_predictivity,5919,641,0.10325931359621106,,"[10000.0, 10000.0, 10000.0, 10000.0, 10000.0]",0.5623199010670001,1.0160020546545097,0.4375838619559674,0.8934590264166609
clip/ViT-L/14@336px,image_encoder.transformer.resblocks.9,V1,test,sub-09,linear_predictivity,5919,641,0.11491647826742346,"[0.11116552960536644, 0.10958140111658392, 0.12322193442719027, 0.11466619507020509, 0.1159473311177716]",,,,,
clip/ViT-L/14@336px,image_encoder.transformer.resblocks.9,V2,train,sub-09,linear_predictivity,5919,754,0.07800696144390559,,"[10000.0, 10000.0, 31622.776601683796, 31622.776601683796, 10000.0]",0.4557664249467062,1.034527212855702,0.5444491403167406,0.918004984281404
clip/ViT-L/14@336px,image_encoder.transformer.resblocks.9,V2,test,sub-09,linear_predictivity,5919,754,0.09816245979260442,"[0.08629669246571726, 0.08189816735106763, 0.12685913780880698, 0.11613252744967369, 0.07962577388775656]",,,,,
clip/ViT-L/14@336px,image_encoder.transformer.resblocks.9,V3,train,sub-09,linear_predictivity,5919,575,0.08628871901086577,,"[10000.0, 10000.0, 10000.0, 10000.0, 10000.0]",0.550100342195378,1.0314997258279013,0.4497706539850765,0.9099886444170595
clip/ViT-L/14@336px,image_encoder.transformer.resblocks.9,V3,test,sub-09,linear_predictivity,5919,575,0.12337049563070077,"[0.12243114436456393, 0.11826472511008833, 0.13290406571766514, 0.1210115178367417, 0.1222410251244448]",,,,,
clip/ViT-L/14@336px,image_encoder.transformer.resblocks.9,V4,train,sub-09,linear_predictivity,5919,616,0.09636078315414573,,"[10000.0, 10000.0, 10000.0, 10000.0, 10000.0]",0.5540589445411441,1.0231701032680145,0.44583722249424307,0.9005037405288251
clip/ViT-L/14@336px,image_encoder.transformer.resblocks.9,V4,test,sub-09,linear_predictivity,5919,616,0.13684307416564662,"[0.1398823724433786, 0.14798799049647696, 0.13785378554825342, 0.13024730713934785, 0.1282439152007762]",,,,,
clip/ViT-L/14@336px,image_encoder.transformer.resblocks.9,V3A,train,sub-09,linear_predictivity,5919,270,0.02106791901383114,,"[31622.776601683796, 31622.776601683796, 31622.776601683796, 31622.776601683796, 31622.776601683796]",0.2711128316058457,1.083447078043694,0.728632632058024,0.9736311489037537
clip/ViT-L/14@336px,image_encoder.transformer.resblocks.9,V3A,test,sub-09,linear_predictivity,5919,270,0.01405842996942093,"[-0.00840502738803858, 0.02017019136571117, 0.027135380830938995, 0.015647598440177286, 0.01574400659831578]",,,,,
clip/ViT-L/14@336px,image_encoder.transformer.resblocks.9,V3B,train,sub-09,linear_predictivity,5919,148,0.0737544933152021,,"[10000.0, 10000.0, 10000.0, 10000.0, 10000.0]",0.5426937673062531,1.044936946299845,0.4571818320391355,0.9225556595399947
clip/ViT-L/14@336px,image_encoder.transformer.resblocks.9,V3B,test,sub-09,linear_predictivity,5919,148,0.1427018140758118,"[0.12716457505355366, 0.15888439065635507, 0.14442654005592737, 0.14420165417452155, 0.13883191043870144]",,,,,
clip/ViT-L/14@336px,image_encoder.transformer.resblocks.9,V6,train,sub-09,linear_predictivity,5919,104,0.004173006240603022,,"[31622.776601683796, 100000.0, 100000.0, 100000.0, 100000.0]",0.14114836841416106,1.1019441843204762,0.8586956486018551,0.9912132289668081
clip/ViT-L/14@336px,image_encoder.transformer.resblocks.9,V6,test,sub-09,linear_predictivity,5919,104,0.010086485357878528,"[0.007046503971456189, 0.013555422982766267, 0.007142871943691568, 0.008642089976278673, 0.014045537915199947]",,,,,
clip/ViT-L/14@336px,image_encoder.transformer.resblocks.9,V6A,train,sub-09,linear_predictivity,5919,85,0.03972662307914653,,"[31622.776601683796, 31622.776601683796, 31622.776601683796, 31622.776601683796, 10000.0]",0.3332311613682432,1.061270124475565,0.6652862056305545,0.9564551595508594
clip/ViT-L/14@336px,image_encoder.transformer.resblocks.9,V6A,test,sub-09,linear_predictivity,5919,85,0.04770792128072723,"[0.03699433708036807, 0.06751486766676082, 0.04667108744705217, 0.047468336458562244, 0.03989097775089283]",,,,,
clip/ViT-L/14@336px,image_encoder.transformer.resblocks.9,V7,train,sub-09,linear_predictivity,5919,87,0.05927499129691356,,"[10000.0, 10000.0, 10000.0, 10000.0, 10000.0]",0.5422258893851242,1.0456258471700977,0.45764959846746234,0.9371485342020943
clip/ViT-L/14@336px,image_encoder.transformer.resblocks.9,V7,test,sub-09,linear_predictivity,5919,87,-0.0017781218698550625,"[-0.010170929826495713, 0.03375701047129266, -0.01698100883284166, 0.0035673694317160647, -0.019063050592946666]",,,,,
clip/ViT-L/14@336px,image_encoder.transformer.resblocks.9,V8,train,sub-09,linear_predictivity,5919,101,0.050319352576567264,,"[31622.776601683796, 31622.776601683796, 31622.776601683796, 31622.776601683796, 31622.776601683796]",0.29006194292615933,1.0682631918220857,0.7097707595611639,0.9462028419453856
clip/ViT-L/14@336px,image_encoder.transformer.resblocks.9,V8,test,sub-09,linear_predictivity,5919,101,0.08795359163676467,"[0.08165734567248957, 0.09137629523399306, 0.10064409406908169, 0.0805131359349761, 0.08557708727328288]",,,,,
clip/ViT-L/14@336px,image_encoder.transformer.resblocks.9,FFC,train,sub-09,linear_predictivity,5919,263,0.1208592531804123,,"[10000.0, 10000.0, 10000.0, 10000.0, 10000.0]",0.566952960894312,1.009148403253413,0.4329078792227283,0.8750205570430175
clip/ViT-L/14@336px,image_encoder.transformer.resblocks.9,FFC,test,sub-09,linear_predictivity,5919,263,0.22186701553111754,"[0.2190747442027393, 0.22903996390700385, 0.2304948332514366, 0.20848939282184314, 0.22223614347256485]",,,,,
clip/ViT-L/14@336px,image_encoder.transformer.resblocks.9,PIT,train,sub-09,linear_predictivity,5919,123,0.14666235224258642,,"[10000.0, 10000.0, 10000.0, 10000.0, 10000.0]",0.5801931748225486,0.984105643850808,0.41967312797856693,0.8496467179572781
clip/ViT-L/14@336px,image_encoder.transformer.resblocks.9,PIT,test,sub-09,linear_predictivity,5919,123,0.23717632274005612,"[0.2440076729458353, 0.2576832985669704, 0.24907128738620493, 0.21322314766714476, 0.2218962071341251]",,,,,
clip/ViT-L/14@336px,image_encoder.transformer.resblocks.9,IPS1,train,sub-09,linear_predictivity,5919,243,0.04885128882691712,,"[31622.776601683796, 31622.776601683796, 31622.776601683796, 31622.776601683796, 31622.776601683796]",0.2907730666266234,1.0675729849805635,0.7091268997822548,0.9490156852539104
clip/ViT-L/14@336px,image_encoder.transformer.resblocks.9,IPS1,test,sub-09,linear_predictivity,5919,243,0.08542868894045111,"[0.07630426175617702, 0.09866431062872691, 0.08015979023446637, 0.08463758979154866, 0.08737749229133658]",,,,,
clip/ViT-L/14@336px,image_encoder.transformer.resblocks.9,MST,train,sub-09,linear_predictivity,5919,149,0.09326379252053743,,"[10000.0, 10000.0, 10000.0, 10000.0, 10000.0]",0.5600154299932558,1.0090339348355264,0.43980906517070506,0.9017025475417124
clip/ViT-L/14@336px,image_encoder.transformer.resblocks.9,MST,test,sub-09,linear_predictivity,5919,149,0.1422998799209166,"[0.13561688102405248, 0.1557590927426115, 0.13429716966616084, 0.1351515701638722, 0.15067468600788608]",,,,,
clip/ViT-L/14@336px,image_encoder.transformer.resblocks.9,MT,train,sub-09,linear_predictivity,5919,100,0.14951515874563676,,"[10000.0, 10000.0, 10000.0, 10000.0, 10000.0]",0.5905854127836929,0.9624781464993548,0.4092340065214589,0.8464793220144153
clip/ViT-L/14@336px,image_encoder.transformer.resblocks.9,MT,test,sub-09,linear_predictivity,5919,100,0.2259214719812041,"[0.2350313923278214, 0.23662896867145175, 0.18764450936010438, 0.23001376871998694, 0.24028872082665614]",,,,,
clip/ViT-L/14@336px,image_encoder.transformer.resblocks.9,FST,train,sub-09,linear_predictivity,5919,156,0.08986024542639438,,"[10000.0, 10000.0, 10000.0, 10000.0, 10000.0]",0.5489386340310575,1.0292327284565648,0.4509670464577134,0.9069999642455358
clip/ViT-L/14@336px,image_encoder.transformer.resblocks.9,FST,test,sub-09,linear_predictivity,5919,156,0.17780927627956764,"[0.15077955735716156, 0.1896554555486869, 0.1970186875335889, 0.17121438759633792, 0.180378293362063]",,,,,
clip/ViT-L/14@336px,image_encoder.transformer.resblocks.9,LO1,train,sub-09,linear_predictivity,5919,79,0.06812314231544346,,"[10000.0, 31622.776601683796, 10000.0, 10000.0, 10000.0]",0.49183836396105535,1.0358674849365133,0.5084430047034806,0.9310374297166397
clip/ViT-L/14@336px,image_encoder.transformer.resblocks.9,LO1,test,sub-09,linear_predictivity,5919,79,0.07909776627265938,"[0.09392940328869134, 0.10820299902093067, 0.04997642793390643, 0.07373781231833822, 0.06964218880143028]",,,,,
clip/ViT-L/14@336px,image_encoder.transformer.resblocks.9,LO2,train,sub-09,linear_predictivity,5919,80,0.12459548538394008,,"[10000.0, 10000.0, 10000.0, 10000.0, 10000.0]",0.5692073815276231,0.9968337107440896,0.4307425257738914,0.8736724811476483
clip/ViT-L/14@336px,image_encoder.transformer.resblocks.9,LO2,test,sub-09,linear_predictivity,5919,80,0.1845583010449181,"[0.1804049269723405, 0.20924472636763508, 0.18588753682802647, 0.171776435623083, 0.17547787943350546]",,,,,
clip/ViT-L/14@336px,image_encoder.transformer.resblocks.9,LO3,train,sub-09,linear_predictivity,5919,125,0.10821535617765211,,"[10000.0, 10000.0, 10000.0, 10000.0, 10000.0]",0.5658687166452168,0.9947772312217328,0.43395045448135033,0.8874235978403286
clip/ViT-L/14@336px,image_encoder.transformer.resblocks.9,LO3,test,sub-09,linear_predictivity,5919,125,0.14277834916664586,"[0.15272447410409626, 0.16869667010827016, 0.12970504306464417, 0.12506242552571145, 0.13770313303050732]",,,,,
clip/ViT-L/14@336px,image_encoder.transformer.resblocks.9,V7,train,sub-09,linear_predictivity,5919,87,0.05927499129691356,,"[10000.0, 10000.0, 10000.0, 10000.0, 10000.0]",0.5422258893851242,1.0456258471700977,0.45764959846746234,0.9371485342020943
clip/ViT-L/14@336px,image_encoder.transformer.resblocks.9,V7,test,sub-09,linear_predictivity,5919,87,-0.0017781218698550625,"[-0.010170929826495713, 0.03375701047129266, -0.01698100883284166, 0.0035673694317160647, -0.019063050592946666]",,,,,
clip/ViT-L/14@336px,image_encoder.transformer.resblocks.9,IP0,train,sub-09,linear_predictivity,5919,198,0.0488355284981638,,"[31622.776601683796, 31622.776601683796, 31622.776601683796, 31622.776601683796, 31622.776601683796]",0.2916795976098235,1.0702794636461337,0.7082004052469479,0.948757615223687
clip/ViT-L/14@336px,image_encoder.transformer.resblocks.9,IP0,test,sub-09,linear_predictivity,5919,198,0.12024032234092988,"[0.11684519759446362, 0.1312462440430219, 0.11804162571093522, 0.1114482197579363, 0.12362032459829228]",,,,,
clip/ViT-L/14@336px,image_encoder.transformer.resblocks.9,IP1,train,sub-09,linear_predictivity,5919,114,0.001329258211892429,,"[31622.776601683796, 31622.776601683796, 100000.0, 100000.0, 31622.776601683796]",0.20128949848469704,1.1187221200422361,0.7981705843089334,0.9928900015126578
clip/ViT-L/14@336px,image_encoder.transformer.resblocks.9,IP1,test,sub-09,linear_predictivity,5919,114,0.025683739209405133,"[0.021437676299847646, 0.03563095585681095, 0.019753528633028358, 0.009660160872114921, 0.04193637438522379]",,,,,
clip/ViT-L/14@336px,image_encoder.transformer.resblocks.9,MIP,train,sub-09,linear_predictivity,5919,280,0.028910551659290903,,"[31622.776601683796, 31622.776601683796, 31622.776601683796, 31622.776601683796, 31622.776601683796]",0.27854709564151736,1.0967717519504576,0.7212994999951176,0.9675903949275508
clip/ViT-L/14@336px,image_encoder.transformer.resblocks.9,MIP,test,sub-09,linear_predictivity,5919,280,0.11731941119210192,"[0.10717845021953419, 0.1295986854381361, 0.11191559701625846, 0.1123594062479479, 0.125544917038633]",,,,,
clip/ViT-L/14@336px,image_encoder.transformer.resblocks.9,VIP,train,sub-09,linear_predictivity,5919,180,0.03084966455618117,,"[31622.776601683796, 31622.776601683796, 31622.776601683796, 31622.776601683796, 31622.776601683796]",0.2756676813265436,1.0895383789397395,0.7242069685644241,0.9662585658523893
clip/ViT-L/14@336px,image_encoder.transformer.resblocks.9,VIP,test,sub-09,linear_predictivity,5919,180,0.08326281669601851,"[0.07811227662765938, 0.0943533238619333, 0.08014537155083365, 0.08331344005247483, 0.08038967138719136]",,,,,
clip/ViT-L/14@336px,image_encoder.transformer.resblocks.9,LIPd,train,sub-09,linear_predictivity,5919,69,0.00026514349582128303,,"[100000.0, 31622.776601683796, 100000.0, 100000.0, 31622.776601683796]",0.16975411278191155,1.114402946663497,0.8298458007078517,0.9921874031807085
clip/ViT-L/14@336px,image_encoder.transformer.resblocks.9,LIPd,test,sub-09,linear_predictivity,5919,69,-0.016724155231118042,"[-0.009382496104475193, -0.0088733653731786, -0.013195358928548525, -0.03305424314297208, -0.01911531260641582]",,,,,
clip/ViT-L/14@336px,image_encoder.transformer.resblocks.9,LIPv,train,sub-09,linear_predictivity,5919,239,0.007588939683231022,,"[31622.776601683796, 31622.776601683796, 31622.776601683796, 31622.776601683796, 31622.776601683796]",0.2662950183969852,1.0990999259535155,0.7335094623797141,0.98808234018473
clip/ViT-L/14@336px,image_encoder.transformer.resblocks.9,LIPv,test,sub-09,linear_predictivity,5919,239,0.01881480083459073,"[0.011758778169864877, 0.029662274471116662, 0.021218135211881917, 0.008941615720151033, 0.022493200599939138]",,,,,
clip/ViT-L/14@336px,image_encoder.transformer.resblocks.9,AIP,train,sub-09,linear_predictivity,5919,275,0.007587773617449925,,"[31622.776601683796, 31622.776601683796, 100000.0, 100000.0, 100000.0]",0.1745208422801025,1.1119855586096716,0.8254699597470647,0.9887884598080239
clip/ViT-L/14@336px,image_encoder.transformer.resblocks.9,AIP,test,sub-09,linear_predictivity,5919,275,0.03844439587139353,"[0.033830281591211986, 0.04846801574752423, 0.03664306115625581, 0.03588010207863245, 0.03740051878334317]",,,,,
clip/ViT-L/14@336px,image_encoder.transformer.resblocks.9,7Pm,train,sub-09,linear_predictivity,5919,17,-0.00430417905859408,,"[100000.0, 100000.0, 1000000000.0, 316227.7660168379, 100000.0]",0.07136224060676255,1.1262501614651426,0.9287209744258338,1.000909655026995
clip/ViT-L/14@336px,image_encoder.transformer.resblocks.9,7Pm,test,sub-09,linear_predictivity,5919,17,0.017255580247031138,"[0.0246724914621133, 0.022550984970850514, -0.001548254095333415, 0.013242448813938833, 0.027360230083586456]",,,,,
clip/ViT-L/14@336px,image_encoder.transformer.resblocks.9,7PL,train,sub-09,linear_predictivity,5919,133,0.043726712665010506,,"[31622.776601683796, 31622.776601683796, 31622.776601683796, 31622.776601683796, 31622.776601683796]",0.28467645625850463,1.0783869311368757,0.7151941842613689,0.9533556178798335
clip/ViT-L/14@336px,image_encoder.transformer.resblocks.9,7PL,test,sub-09,linear_predictivity,5919,133,0.13361419714355177,"[0.12708570777991918, 0.143204152706325, 0.1252084351940248, 0.1335422944218111, 0.13903039561567876]",,,,,
clip/ViT-L/14@336px,image_encoder.transformer.resblocks.9,7PC,train,sub-09,linear_predictivity,5919,315,0.01871398671761403,,"[31622.776601683796, 31622.776601683796, 31622.776601683796, 31622.776601683796, 31622.776601683796]",0.26974689517982514,1.0885621220717385,0.7300366581667568,0.9768448079484096
clip/ViT-L/14@336px,image_encoder.transformer.resblocks.9,7PC,test,sub-09,linear_predictivity,5919,315,0.04028999010646064,"[0.03068749691721865, 0.05239579396954253, 0.04678625352113565, 0.029243078606670043, 0.04233732751773631]",,,,,
clip/ViT-L/14@336px,image_encoder.transformer.resblocks.9,7Am,train,sub-09,linear_predictivity,5919,228,0.03255762606865989,,"[31622.776601683796, 31622.776601683796, 31622.776601683796, 31622.776601683796, 31622.776601683796]",0.27529995529848905,1.0905690385315046,0.7245646731271312,0.9646443606192484
clip/ViT-L/14@336px,image_encoder.transformer.resblocks.9,7Am,test,sub-09,linear_predictivity,5919,228,0.1138793772434364,"[0.11611007868064832, 0.10870424718026263, 0.12277001196361528, 0.1082393074725621, 0.11357324092009365]",,,,,
clip/ViT-L/14@336px,image_encoder.transformer.resblocks.9,7AL,train,sub-09,linear_predictivity,5919,178,0.008900724942082001,,"[31622.776601683796, 31622.776601683796, 31622.776601683796, 31622.776601683796, 31622.776601683796]",0.2574127318651468,1.1097831665995155,0.7424386344979257,0.9880359844190798
clip/ViT-L/14@336px,image_encoder.transformer.resblocks.9,7AL,test,sub-09,linear_predictivity,5919,178,0.010730223811604957,"[0.01490910649852191, 0.011701806463517286, 0.017041799713267188, 0.004557262664627656, 0.005441143718090749]",,,,,
clip/ViT-L/14@336px,image_encoder.transformer.resblocks.9,VVC,train,sub-09,linear_predictivity,5919,151,0.03501647425605413,,"[31622.776601683796, 31622.776601683796, 31622.776601683796, 31622.776601683796, 31622.776601683796]",0.27878028397153554,1.0871691279172564,0.7210809473484112,0.9619565066972042
clip/ViT-L/14@336px,image_encoder.transformer.resblocks.9,VVC,test,sub-09,linear_predictivity,5919,151,0.10243036854334739,"[0.10226340945835997, 0.1059018016798491, 0.10424555671043259, 0.09673582305246327, 0.10300525181563207]",,,,,
clip/ViT-L/14@336px,image_encoder.transformer.resblocks.9,VMV2,train,sub-09,linear_predictivity,5919,119,0.09241797250570041,,"[31622.776601683796, 31622.776601683796, 31622.776601683796, 31622.776601683796, 31622.776601683796]",0.3192731758942274,1.0420823802548993,0.6805899523499879,0.905043892893109
clip/ViT-L/14@336px,image_encoder.transformer.resblocks.9,VMV2,test,sub-09,linear_predictivity,5919,119,0.18492094510628782,"[0.17937722572972287, 0.18525829762831086, 0.18895683969929544, 0.18399907138048363, 0.1870132910936262]",,,,,
clip/ViT-L/14@336px,image_encoder.transformer.resblocks.9,VMV3,train,sub-09,linear_predictivity,5919,109,0.03548069052622625,,"[31622.776601683796, 31622.776601683796, 31622.776601683796, 31622.776601683796, 31622.776601683796]",0.2795459218437918,1.0878822574562257,0.7202916829323569,0.9607971502008313
clip/ViT-L/14@336px,image_encoder.transformer.resblocks.9,VMV3,test,sub-09,linear_predictivity,5919,109,0.0666977041974566,"[0.06192857204017919, 0.0643784384219685, 0.07958861420706394, 0.06689323257013313, 0.06069966374793828]",,,,,
clip/ViT-L/14@336px,image_encoder.transformer.resblocks.9,VMV1,train,sub-09,linear_predictivity,5919,96,0.07549018357562516,,"[31622.776601683796, 31622.776601683796, 31622.776601683796, 31622.776601683796, 31622.776601683796]",0.3078885935120943,1.0509610695510734,0.6919591448089826,0.9213932731617908
clip/ViT-L/14@336px,image_encoder.transformer.resblocks.9,VMV1,test,sub-09,linear_predictivity,5919,96,0.17438261753150117,"[0.17253878831973432, 0.17385667416274284, 0.17697259557154407, 0.17220085519343512, 0.17634417441004954]",,,,,
clip/ViT-L/14@336px,image_encoder.transformer.resblocks.9,PHA2,train,sub-09,linear_predictivity,5919,17,0.012909823594677908,,"[100000.0, 100000.0, 31622.776601683796, 31622.776601683796, 31622.776601683796]",0.20270950390733677,1.1121088182615044,0.7968672977337203,0.9850866007011618
clip/ViT-L/14@336px,image_encoder.transformer.resblocks.9,PHA2,test,sub-09,linear_predictivity,5919,17,0.0836709758436261,"[0.06466554238680343, 0.06867114728831855, 0.09172604743335766, 0.09802709994138352, 0.0952650421682673]",,,,,
clip/ViT-L/14@336px,image_encoder.transformer.resblocks.9,PHA3,train,sub-09,linear_predictivity,5919,104,0.042021296141423685,,"[31622.776601683796, 31622.776601683796, 31622.776601683796, 31622.776601683796, 31622.776601683796]",0.28204293836634986,1.083360037311667,0.7178260875776106,0.9553420886217457
clip/ViT-L/14@336px,image_encoder.transformer.resblocks.9,PHA3,test,sub-09,linear_predictivity,5919,104,0.15906432412978344,"[0.16220423508844098, 0.1640113105757674, 0.1465875677715138, 0.1599854432301915, 0.1625330639830035]",,,,,
clip/ViT-L/14@336px,image_encoder.transformer.resblocks.9,PH,train,sub-09,linear_predictivity,5919,258,0.06724791801426289,,"[10000.0, 31622.776601683796, 31622.776601683796, 10000.0, 10000.0]",0.44962198880826315,1.044696947022013,0.5499021449082562,0.9290722321263776
clip/ViT-L/14@336px,image_encoder.transformer.resblocks.9,PH,test,sub-09,linear_predictivity,5919,258,0.16005997810612543,"[0.14772798434124182, 0.1683403846007365, 0.16044588862639747, 0.15590637487240247, 0.16787925808984885]",,,,,
clip/ViT-L/14@336px,image_encoder.transformer.resblocks.11,V1,train,sub-09,linear_predictivity,5919,641,0.10011208055320962,,"[10000.0, 10000.0, 10000.0, 10000.0, 10000.0]",0.5639315933902023,1.0287484028164549,0.4359693951211339,0.8965472548570539
clip/ViT-L/14@336px,image_encoder.transformer.resblocks.11,V1,test,sub-09,linear_predictivity,5919,641,0.12857417352185455,"[0.11674478468729257, 0.11730257006060316, 0.13887713138467728, 0.13344001300965092, 0.1365063684670488]",,,,,
clip/ViT-L/14@336px,image_encoder.transformer.resblocks.11,V2,train,sub-09,linear_predictivity,5919,754,0.07546569369883263,,"[10000.0, 10000.0, 31622.776601683796, 31622.776601683796, 31622.776601683796]",0.4114774814641535,1.045807976620757,0.5881272680994367,0.9203455968291051
clip/ViT-L/14@336px,image_encoder.transformer.resblocks.11,V2,test,sub-09,linear_predictivity,5919,754,0.11601180701545592,"[0.10006612472715921, 0.09588385101509449, 0.13364412115013963, 0.1291609367878249, 0.12130400139706148]",,,,,
clip/ViT-L/14@336px,image_encoder.transformer.resblocks.11,V3,train,sub-09,linear_predictivity,5919,575,0.08636993174649579,,"[10000.0, 10000.0, 10000.0, 10000.0, 10000.0]",0.5547035989444352,1.0381539142804397,0.4451507928597306,0.9094760281478067
clip/ViT-L/14@336px,image_encoder.transformer.resblocks.11,V3,test,sub-09,linear_predictivity,5919,575,0.14103724642600918,"[0.13313508796101642, 0.13651679191167299, 0.14798126772867357, 0.14365278598658215, 0.1439002985421009]",,,,,
clip/ViT-L/14@336px,image_encoder.transformer.resblocks.11,V4,train,sub-09,linear_predictivity,5919,616,0.10395411382311516,,"[10000.0, 10000.0, 10000.0, 10000.0, 10000.0]",0.5623361348549087,1.0200100492830175,0.4375535993137466,0.8927468910266046
clip/ViT-L/14@336px,image_encoder.transformer.resblocks.11,V4,test,sub-09,linear_predictivity,5919,616,0.17176937129056516,"[0.1654620879651818, 0.18456508215401723, 0.1708792010589183, 0.17171114171193474, 0.16622934356277377]",,,,,
clip/ViT-L/14@336px,image_encoder.transformer.resblocks.11,V3A,train,sub-09,linear_predictivity,5919,270,0.021686336674085403,,"[31622.776601683796, 31622.776601683796, 31622.776601683796, 31622.776601683796, 31622.776601683796]",0.27474889205266373,1.0968611672164896,0.7249944060729816,0.9729575563162474
clip/ViT-L/14@336px,image_encoder.transformer.resblocks.11,V3A,test,sub-09,linear_predictivity,5919,270,0.02431809169873167,"[0.0058199187838208636, 0.029976080582569606, 0.03062273723802744, 0.028276091911571884, 0.026895629977668555]",,,,,
clip/ViT-L/14@336px,image_encoder.transformer.resblocks.11,V3B,train,sub-09,linear_predictivity,5919,148,0.0881071202937427,,"[10000.0, 10000.0, 10000.0, 10000.0, 10000.0]",0.5530525199673223,1.033851313313051,0.44679202142881247,0.9081264744897878
clip/ViT-L/14@336px,image_encoder.transformer.resblocks.11,V3B,test,sub-09,linear_predictivity,5919,148,0.19033946371206004,"[0.1584645998981148, 0.20603477631432923, 0.1902497585451082, 0.19994401681928822, 0.19700416698345974]",,,,,
clip/ViT-L/14@336px,image_encoder.transformer.resblocks.11,V6,train,sub-09,linear_predictivity,5919,104,0.00405157937482492,,"[31622.776601683796, 31622.776601683796, 100000.0, 100000.0, 100000.0]",0.1729524711760371,1.118888617024592,0.8262970146406523,0.991145583189607
clip/ViT-L/14@336px,image_encoder.transformer.resblocks.11,V6,test,sub-09,linear_predictivity,5919,104,0.0143977615415949,"[0.008050539100462595, 0.020888399653073896, 0.009239758149897413, 0.013802590141166094, 0.020007520663374505]",,,,,
clip/ViT-L/14@336px,image_encoder.transformer.resblocks.11,V6A,train,sub-09,linear_predictivity,5919,85,0.04235422185335503,,"[10000.0, 31622.776601683796, 31622.776601683796, 31622.776601683796, 10000.0]",0.38749910795088593,1.066287191273921,0.6112974070756669,0.9535721832838631
clip/ViT-L/14@336px,image_encoder.transformer.resblocks.11,V6A,test,sub-09,linear_predictivity,5919,85,0.05626534326790358,"[0.006744622576342255, 0.07982023046473682, 0.0614958504662512, 0.06470448144457326, 0.06856153138761434]",,,,,
clip/ViT-L/14@336px,image_encoder.transformer.resblocks.11,V7,train,sub-09,linear_predictivity,5919,87,0.06167509552432809,,"[10000.0, 10000.0, 10000.0, 10000.0, 10000.0]",0.5496428476276829,1.045761463835004,0.4502245420771961,0.9346975565847799
clip/ViT-L/14@336px,image_encoder.transformer.resblocks.11,V7,test,sub-09,linear_predictivity,5919,87,0.05288258092547336,"[0.011653019952527007, 0.09391447471645857, 0.0450701926225131, 0.06967189606173364, 0.044103321274134515]",,,,,
clip/ViT-L/14@336px,image_encoder.transformer.resblocks.11,V8,train,sub-09,linear_predictivity,5919,101,0.05662023954040786,,"[10000.0, 31622.776601683796, 10000.0, 31622.776601683796, 10000.0]",0.44070337559832423,1.059296698443838,0.5596853773755265,0.9395409923500797
clip/ViT-L/14@336px,image_encoder.transformer.resblocks.11,V8,test,sub-09,linear_predictivity,5919,101,0.09780929751909631,"[0.08813304680135055, 0.10894569812034813, 0.10804877866256281, 0.09213562773496163, 0.09178333627625844]",,,,,
clip/ViT-L/14@336px,image_encoder.transformer.resblocks.11,FFC,train,sub-09,linear_predictivity,5919,263,0.13233319375621141,,"[10000.0, 10000.0, 10000.0, 10000.0, 10000.0]",0.5763779799387448,1.008599068446019,0.4234990254721689,0.863808187118319
clip/ViT-L/14@336px,image_encoder.transformer.resblocks.11,FFC,test,sub-09,linear_predictivity,5919,263,0.2531950347085691,"[0.2577627834959312, 0.24748923148520247, 0.2589112382841549, 0.2420140196473762, 0.2597979006301808]",,,,,
clip/ViT-L/14@336px,image_encoder.transformer.resblocks.11,PIT,train,sub-09,linear_predictivity,5919,123,0.16192450939070516,,"[10000.0, 10000.0, 10000.0, 10000.0, 10000.0]",0.591320231442384,0.9869300012938107,0.4085562722734431,0.8345548746990318
clip/ViT-L/14@336px,image_encoder.transformer.resblocks.11,PIT,test,sub-09,linear_predictivity,5919,123,0.2675834865824527,"[0.2703901012134101, 0.27225880917666906, 0.2784503707008252, 0.25622148580652154, 0.26059666601483744]",,,,,
clip/ViT-L/14@336px,image_encoder.transformer.resblocks.11,IPS1,train,sub-09,linear_predictivity,5919,243,0.05457426374440943,,"[10000.0, 10000.0, 10000.0, 31622.776601683796, 10000.0]",0.4925973114475674,1.0587971410627033,0.5070162564623001,0.9429562377072512
clip/ViT-L/14@336px,image_encoder.transformer.resblocks.11,IPS1,test,sub-09,linear_predictivity,5919,243,0.1363500434023786,"[0.10367226995278087, 0.1567887783008399, 0.14194156289881743, 0.12333052266486112, 0.15601708319459356]",,,,,
clip/ViT-L/14@336px,image_encoder.transformer.resblocks.11,MST,train,sub-09,linear_predictivity,5919,149,0.0988459799110799,,"[10000.0, 10000.0, 10000.0, 10000.0, 10000.0]",0.5674799012010808,1.0083630050289778,0.4323438096168363,0.8959762672768188
clip/ViT-L/14@336px,image_encoder.transformer.resblocks.11,MST,test,sub-09,linear_predictivity,5919,149,0.15568906472949648,"[0.1374523699010149, 0.17342045268014378, 0.15614500304966483, 0.15294287981310825, 0.1584846182035507]",,,,,
clip/ViT-L/14@336px,image_encoder.transformer.resblocks.11,MT,train,sub-09,linear_predictivity,5919,100,0.1617032829718436,,"[10000.0, 10000.0, 10000.0, 10000.0, 10000.0]",0.5989585295915905,0.9652409003004923,0.40087190508462606,0.8344750571371307
clip/ViT-L/14@336px,image_encoder.transformer.resblocks.11,MT,test,sub-09,linear_predictivity,5919,100,0.2503745841782375,"[0.2530276254419674, 0.26179542792648397, 0.22500931057899554, 0.2540536439969394, 0.25798691294680104]",,,,,
clip/ViT-L/14@336px,image_encoder.transformer.resblocks.11,FST,train,sub-09,linear_predictivity,5919,156,0.10254250047122461,,"[10000.0, 10000.0, 10000.0, 10000.0, 10000.0]",0.5585393172878249,1.0300689997316104,0.4413788428168489,0.8945460343998546
clip/ViT-L/14@336px,image_encoder.transformer.resblocks.11,FST,test,sub-09,linear_predictivity,5919,156,0.20452986526190706,"[0.17663833171276244, 0.21642931872649576, 0.2218104940712775, 0.20012871813548008, 0.20764246366351968]",,,,,
clip/ViT-L/14@336px,image_encoder.transformer.resblocks.11,LO1,train,sub-09,linear_predictivity,5919,79,0.08471198465739856,,"[10000.0, 10000.0, 10000.0, 10000.0, 10000.0]",0.5518189526677626,1.037619735813031,0.4481576525017852,0.9140290056774987
clip/ViT-L/14@336px,image_encoder.transformer.resblocks.11,LO1,test,sub-09,linear_predictivity,5919,79,0.14345074379996273,"[0.13123282020851185, 0.16800847137047997, 0.12753946385481438, 0.14719585018966455, 0.1432771133763429]",,,,,
clip/ViT-L/14@336px,image_encoder.transformer.resblocks.11,LO2,train,sub-09,linear_predictivity,5919,80,0.13421827754982488,,"[10000.0, 10000.0, 10000.0, 10000.0, 10000.0]",0.578226666083754,1.0023705625182373,0.42172245517552,0.8639304987638923
clip/ViT-L/14@336px,image_encoder.transformer.resblocks.11,LO2,test,sub-09,linear_predictivity,5919,80,0.2290142180261144,"[0.21991700258392904, 0.24398998964867574, 0.23280388443566608, 0.22619403774925742, 0.22216617571304392]",,,,,
clip/ViT-L/14@336px,image_encoder.transformer.resblocks.11,LO3,train,sub-09,linear_predictivity,5919,125,0.11944225716715837,,"[10000.0, 10000.0, 10000.0, 10000.0, 10000.0]",0.5752784534279816,0.9940051785683671,0.4245474705162768,0.876294220492736
clip/ViT-L/14@336px,image_encoder.transformer.resblocks.11,LO3,test,sub-09,linear_predictivity,5919,125,0.18915448216606295,"[0.17913442088954856, 0.21359515114647898, 0.18398334106199604, 0.1836476783660362, 0.1854118193662551]",,,,,
clip/ViT-L/14@336px,image_encoder.transformer.resblocks.11,V7,train,sub-09,linear_predictivity,5919,87,0.06167509552432809,,"[10000.0, 10000.0, 10000.0, 10000.0, 10000.0]",0.5496428476276829,1.045761463835004,0.4502245420771961,0.9346975565847799
clip/ViT-L/14@336px,image_encoder.transformer.resblocks.11,V7,test,sub-09,linear_predictivity,5919,87,0.05288258092547336,"[0.011653019952527007, 0.09391447471645857, 0.0450701926225131, 0.06967189606173364, 0.044103321274134515]",,,,,
clip/ViT-L/14@336px,image_encoder.transformer.resblocks.11,IP0,train,sub-09,linear_predictivity,5919,198,0.05687512437959714,,"[10000.0, 10000.0, 31622.776601683796, 10000.0, 10000.0]",0.49515022161311445,1.0599647129764562,0.5036239154159412,0.940530865702042
clip/ViT-L/14@336px,image_encoder.transformer.resblocks.11,IP0,test,sub-09,linear_predictivity,5919,198,0.18962115212089126,"[0.1704631474842897, 0.2126796893928806, 0.16507215971750033, 0.18782298845884063, 0.212067775550945]",,,,,
clip/ViT-L/14@336px,image_encoder.transformer.resblocks.11,IP1,train,sub-09,linear_predictivity,5919,114,0.007402547313153855,,"[31622.776601683796, 31622.776601683796, 31622.776601683796, 31622.776601683796, 31622.776601683796]",0.26779409137547466,1.1123082623400105,0.7319625270982774,0.9869021410028713
clip/ViT-L/14@336px,image_encoder.transformer.resblocks.11,IP1,test,sub-09,linear_predictivity,5919,114,0.05264665370339604,"[0.03876583238707454, 0.06524409842617669, 0.058126356444003775, 0.034292349164183306, 0.0668046320955419]",,,,,
clip/ViT-L/14@336px,image_encoder.transformer.resblocks.11,MIP,train,sub-09,linear_predictivity,5919,280,0.03184158278016106,,"[31622.776601683796, 31622.776601683796, 31622.776601683796, 31622.776601683796, 31622.776601683796]",0.28266032065213414,1.0926188555638885,0.7171547169873987,0.9644006132046856
clip/ViT-L/14@336px,image_encoder.transformer.resblocks.11,MIP,test,sub-09,linear_predictivity,5919,280,0.13643637078970436,"[0.12206833040347763, 0.147060873108357, 0.1328204421127795, 0.12661565474515188, 0.15361655357875584]",,,,,
clip/ViT-L/14@336px,image_encoder.transformer.resblocks.11,VIP,train,sub-09,linear_predictivity,5919,180,0.035630244192142856,,"[31622.776601683796, 31622.776601683796, 31622.776601683796, 31622.776601683796, 31622.776601683796]",0.28192628240124445,1.0843930862178506,0.7179235644149892,0.961325164929338
clip/ViT-L/14@336px,image_encoder.transformer.resblocks.11,VIP,test,sub-09,linear_predictivity,5919,180,0.10656748608635351,"[0.0928420452358772, 0.11320862292060525, 0.10287572307513078, 0.10838021846253372, 0.11553082073762057]",,,,,
clip/ViT-L/14@336px,image_encoder.transformer.resblocks.11,LIPd,train,sub-09,linear_predictivity,5919,69,-0.000471738557820364,,"[31622.776601683796, 31622.776601683796, 100000.0, 31622.776601683796, 31622.776601683796]",0.23182737161806138,1.1147556803627943,0.7676889268483917,0.9926566009263261
clip/ViT-L/14@336px,image_encoder.transformer.resblocks.11,LIPd,test,sub-09,linear_predictivity,5919,69,-0.017812316246399763,"[-0.023951313108235266, 0.0013561382241135847, -0.013322275033900322, -0.0442842834008671, -0.008859847913109701]",,,,,
clip/ViT-L/14@336px,image_encoder.transformer.resblocks.11,LIPv,train,sub-09,linear_predictivity,5919,239,0.010808633361524878,,"[31622.776601683796, 31622.776601683796, 31622.776601683796, 31622.776601683796, 31622.776601683796]",0.27053696972338026,1.1063781111851276,0.7292449552906415,0.9846627580791762
clip/ViT-L/14@336px,image_encoder.transformer.resblocks.11,LIPv,test,sub-09,linear_predictivity,5919,239,0.05031736235511423,"[0.040641824010793116, 0.06041217895750686, 0.05195156336842572, 0.041091851138326196, 0.05748939430051924]",,,,,
clip/ViT-L/14@336px,image_encoder.transformer.resblocks.11,AIP,train,sub-09,linear_predictivity,5919,275,0.010610028561609757,,"[31622.776601683796, 31622.776601683796, 31622.776601683796, 31622.776601683796, 31622.776601683796]",0.2685346576119374,1.1094317776051728,0.7313003321926226,0.9855664481580796
clip/ViT-L/14@336px,image_encoder.transformer.resblocks.11,AIP,test,sub-09,linear_predictivity,5919,275,0.06277539498649541,"[0.05267775121814092, 0.061658037086610384, 0.06633545568030001, 0.06065602283477602, 0.07254970811264974]",,,,,
clip/ViT-L/14@336px,image_encoder.transformer.resblocks.11,7Pm,train,sub-09,linear_predictivity,5919,17,-0.009740979624142164,,"[31622.776601683796, 100000.0, 1000000000.0, 316227.7660168379, 316227.7660168379]",0.08889505035620125,1.1352803773200146,0.911577135483677,1.0065401690437519
clip/ViT-L/14@336px,image_encoder.transformer.resblocks.11,7Pm,test,sub-09,linear_predictivity,5919,17,0.008960472947511533,"[0.003707502435153328, 0.01552056808398619, -0.0015484130304885694, 0.011585263827653465, 0.015537443421253249]",,,,,
clip/ViT-L/14@336px,image_encoder.transformer.resblocks.11,7PL,train,sub-09,linear_predictivity,5919,133,0.03984550859642105,,"[31622.776601683796, 31622.776601683796, 31622.776601683796, 31622.776601683796, 31622.776601683796]",0.2844733510949856,1.086987189408274,0.7153772501184429,0.9570085424801841
clip/ViT-L/14@336px,image_encoder.transformer.resblocks.11,7PL,test,sub-09,linear_predictivity,5919,133,0.1462835945320861,"[0.13425887593615782, 0.1556736947132837, 0.13497113589739224, 0.1447344689046351, 0.1617797972089615]",,,,,
clip/ViT-L/14@336px,image_encoder.transformer.resblocks.11,7PC,train,sub-09,linear_predictivity,5919,315,0.022077171657388952,,"[31622.776601683796, 31622.776601683796, 31622.776601683796, 31622.776601683796, 31622.776601683796]",0.2741909282136234,1.092977163247062,0.7255964189692274,0.9735905886272616
clip/ViT-L/14@336px,image_encoder.transformer.resblocks.11,7PC,test,sub-09,linear_predictivity,5919,315,0.054207164122025975,"[0.039046142247523466, 0.06366329271191684, 0.059827904094052545, 0.04356678724952445, 0.06493169430711256]",,,,,
clip/ViT-L/14@336px,image_encoder.transformer.resblocks.11,7Am,train,sub-09,linear_predictivity,5919,228,0.03224706294573883,,"[31622.776601683796, 31622.776601683796, 31622.776601683796, 31622.776601683796, 31622.776601683796]",0.2781925678339936,1.1005775004476874,0.7216652891355679,0.9648150130538256
clip/ViT-L/14@336px,image_encoder.transformer.resblocks.11,7Am,test,sub-09,linear_predictivity,5919,228,0.10487792544419527,"[0.10490090708401933, 0.09400377489847737, 0.1064879733837598, 0.10450993766099843, 0.11448703419372137]",,,,,
clip/ViT-L/14@336px,image_encoder.transformer.resblocks.11,7AL,train,sub-09,linear_predictivity,5919,178,0.008489086409676504,,"[100000.0, 31622.776601683796, 31622.776601683796, 31622.776601683796, 31622.776601683796]",0.23082881620388224,1.1196373223914564,0.7691375124379357,0.9882962391697918
clip/ViT-L/14@336px,image_encoder.transformer.resblocks.11,7AL,test,sub-09,linear_predictivity,5919,178,0.009808704987484438,"[-0.000626697930294573, 0.005302448014256307, 0.01932854241804168, 0.006968170418020173, 0.018071062017398606]",,,,,
clip/ViT-L/14@336px,image_encoder.transformer.resblocks.11,VVC,train,sub-09,linear_predictivity,5919,151,0.04253891386675708,,"[31622.776601683796, 31622.776601683796, 31622.776601683796, 31622.776601683796, 31622.776601683796]",0.28685584552743676,1.0778817314179596,0.7130014771311659,0.954455904532806
clip/ViT-L/14@336px,image_encoder.transformer.resblocks.11,VVC,test,sub-09,linear_predictivity,5919,151,0.12953505418000433,"[0.1286835327563175, 0.1322301377412579, 0.13243081955203234, 0.12275101598892176, 0.13157976486149217]",,,,,
clip/ViT-L/14@336px,image_encoder.transformer.resblocks.11,VMV2,train,sub-09,linear_predictivity,5919,119,0.10998897940904778,,"[10000.0, 10000.0, 10000.0, 10000.0, 10000.0]",0.5610886400380364,1.0185545036951815,0.4388055063302575,0.8869887536945456
clip/ViT-L/14@336px,image_encoder.transformer.resblocks.11,VMV2,test,sub-09,linear_predictivity,5919,119,0.22599086137575397,"[0.2188174637079561, 0.22673847680479012, 0.22904425697551153, 0.22488898995848003, 0.23046511943203216]",,,,,
clip/ViT-L/14@336px,image_encoder.transformer.resblocks.11,VMV3,train,sub-09,linear_predictivity,5919,109,0.04357486756318063,,"[31622.776601683796, 31622.776601683796, 31622.776601683796, 31622.776601683796, 10000.0]",0.3397000523576253,1.0704768528622417,0.6598514802854462,0.9525239841088833
clip/ViT-L/14@336px,image_encoder.transformer.resblocks.11,VMV3,test,sub-09,linear_predictivity,5919,109,0.09553884709613215,"[0.08825019105820402, 0.09685015931855381, 0.1104235455748342, 0.09614268566949014, 0.0860276538595786]",,,,,
clip/ViT-L/14@336px,image_encoder.transformer.resblocks.11,VMV1,train,sub-09,linear_predictivity,5919,96,0.08365310210965417,,"[31622.776601683796, 31622.776601683796, 31622.776601683796, 31622.776601683796, 31622.776601683796]",0.31624427067862465,1.0411815701463378,0.6835970663857134,0.9131539195200535
clip/ViT-L/14@336px,image_encoder.transformer.resblocks.11,VMV1,test,sub-09,linear_predictivity,5919,96,0.19560752635100673,"[0.19260986550221526, 0.1967700264854336, 0.19795127924405362, 0.19449187513526742, 0.1962145853880637]",,,,,
clip/ViT-L/14@336px,image_encoder.transformer.resblocks.11,PHA2,train,sub-09,linear_predictivity,5919,17,0.020202235271870084,,"[31622.776601683796, 31622.776601683796, 31622.776601683796, 31622.776601683796, 31622.776601683796]",0.2683188283169294,1.1137359064638175,0.7316043121800841,0.977839696035597
clip/ViT-L/14@336px,image_encoder.transformer.resblocks.11,PHA2,test,sub-09,linear_predictivity,5919,17,0.10612576172642692,"[0.09892483219541708, 0.1040504988388461, 0.10390292473462366, 0.11337687035439413, 0.11037368250885363]",,,,,
clip/ViT-L/14@336px,image_encoder.transformer.resblocks.11,PHA3,train,sub-09,linear_predictivity,5919,104,0.0512121048405137,,"[31622.776601683796, 31622.776601683796, 31622.776601683796, 31622.776601683796, 31622.776601683796]",0.29174090374516587,1.0680273577682173,0.7081271421190473,0.9461738400665203
clip/ViT-L/14@336px,image_encoder.transformer.resblocks.11,PHA3,test,sub-09,linear_predictivity,5919,104,0.18622683208283497,"[0.1892880850776359, 0.19008487508091607, 0.17512711403901177, 0.18615736906812425, 0.19047671714848702]",,,,,
clip/ViT-L/14@336px,image_encoder.transformer.resblocks.11,PH,train,sub-09,linear_predictivity,5919,258,0.07796501438086036,,"[10000.0, 10000.0, 31622.776601683796, 10000.0, 10000.0]",0.5053441113288792,1.0482469479643044,0.4942534497636588,0.9183699446281542
clip/ViT-L/14@336px,image_encoder.transformer.resblocks.11,PH,test,sub-09,linear_predictivity,5919,258,0.18867277848336378,"[0.1911211515880226, 0.18815275039727594, 0.18646588385308577, 0.1797222166823882, 0.19790188989604637]",,,,,
clip/ViT-L/14@336px,image_encoder.transformer.resblocks.13,V1,train,sub-09,linear_predictivity,5919,641,0.08971828144941645,,"[31622.776601683796, 31622.776601683796, 31622.776601683796, 31622.776601683796, 31622.776601683796]",0.3210959996884126,1.064386732767171,0.6787471963539392,0.907152278493782
clip/ViT-L/14@336px,image_encoder.transformer.resblocks.13,V1,test,sub-09,linear_predictivity,5919,641,0.11985307649626853,"[0.10965597587381513, 0.1161604318849937, 0.12466159541053284, 0.12782002587470812, 0.12096735343729285]",,,,,
clip/ViT-L/14@336px,image_encoder.transformer.resblocks.13,V2,train,sub-09,linear_predictivity,5919,754,0.07141442996476217,,"[31622.776601683796, 31622.776601683796, 31622.776601683796, 31622.776601683796, 31622.776601683796]",0.30959748564086026,1.080023308716895,0.6902081986497663,0.924672566213683
clip/ViT-L/14@336px,image_encoder.transformer.resblocks.13,V2,test,sub-09,linear_predictivity,5919,754,0.10255109887779565,"[0.09659881538224016, 0.09787374042670166, 0.10930995152801505, 0.10817216163306387, 0.10080082541895756]",,,,,
clip/ViT-L/14@336px,image_encoder.transformer.resblocks.13,V3,train,sub-09,linear_predictivity,5919,575,0.07531575494559604,,"[31622.776601683796, 31622.776601683796, 31622.776601683796, 31622.776601683796, 31622.776601683796]",0.3106477715548043,1.0747110228924608,0.6891677519805396,0.9211308902403632
clip/ViT-L/14@336px,image_encoder.transformer.resblocks.13,V3,test,sub-09,linear_predictivity,5919,575,0.11882664398257889,"[0.11078800960775603, 0.11595332880963329, 0.12425393945550794, 0.12579461882324844, 0.11734332321674876]",,,,,
clip/ViT-L/14@336px,image_encoder.transformer.resblocks.13,V4,train,sub-09,linear_predictivity,5919,616,0.08560844178566672,,"[10000.0, 31622.776601683796, 10000.0, 10000.0, 10000.0]",0.5001642671274961,1.0633493514489147,0.5001330725295074,0.9111417930593142
clip/ViT-L/14@336px,image_encoder.transformer.resblocks.13,V4,test,sub-09,linear_predictivity,5919,616,0.13161209290787676,"[0.12226482728410468, 0.14475216702816066, 0.1272865547658871, 0.13739256828248572, 0.1263643471787457]",,,,,
clip/ViT-L/14@336px,image_encoder.transformer.resblocks.13,V3A,train,sub-09,linear_predictivity,5919,270,0.017549278155714772,,"[31622.776601683796, 31622.776601683796, 31622.776601683796, 31622.776601683796, 31622.776601683796]",0.2692910297623644,1.1388975508377803,0.7304466197360852,0.9770352689664898
clip/ViT-L/14@336px,image_encoder.transformer.resblocks.13,V3A,test,sub-09,linear_predictivity,5919,270,0.005285386328105661,"[-0.013111751690966638, 0.01105645486438493, 0.00964003401169881, 0.007410640895795763, 0.011431553559615438]",,,,,
clip/ViT-L/14@336px,image_encoder.transformer.resblocks.13,V3B,train,sub-09,linear_predictivity,5919,148,0.07822303960163898,,"[10000.0, 10000.0, 31622.776601683796, 10000.0, 10000.0]",0.49275727563173105,1.0756141579618255,0.5059567703289529,0.91854518193371
clip/ViT-L/14@336px,image_encoder.transformer.resblocks.13,V3B,test,sub-09,linear_predictivity,5919,148,0.18712641003384678,"[0.16631440441077752, 0.18809312307780646, 0.16143328084848457, 0.20849009453930256, 0.2113011472928629]",,,,,
clip/ViT-L/14@336px,image_encoder.transformer.resblocks.13,V6,train,sub-09,linear_predictivity,5919,104,0.004130932259777328,,"[100000.0, 31622.776601683796, 100000.0, 100000.0, 100000.0]",0.14118096335634342,1.1558040602152526,0.8579621784940489,0.9910310922094586
clip/ViT-L/14@336px,image_encoder.transformer.resblocks.13,V6,test,sub-09,linear_predictivity,5919,104,0.0027377343825183255,"[-0.004873326335232048, 5.5025157315128015e-05, -0.00114804752742754, 0.006677787764777261, 0.012977232853158827]",,,,,
clip/ViT-L/14@336px,image_encoder.transformer.resblocks.13,V6A,train,sub-09,linear_predictivity,5919,85,0.04007966626889081,,"[31622.776601683796, 31622.776601683796, 31622.776601683796, 31622.776601683796, 31622.776601683796]",0.28430395648434226,1.107724760731457,0.7154963506105918,0.9562591092077828
clip/ViT-L/14@336px,image_encoder.transformer.resblocks.13,V6A,test,sub-09,linear_predictivity,5919,85,0.06233781377608172,"[0.039746061552564146, 0.06837723246982719, 0.05926624492336927, 0.0638567040254545, 0.08044282590919351]",,,,,
clip/ViT-L/14@336px,image_encoder.transformer.resblocks.13,V7,train,sub-09,linear_predictivity,5919,87,0.050141609911105715,,"[10000.0, 31622.776601683796, 31622.776601683796, 31622.776601683796, 10000.0]",0.39341242150307976,1.0928854781067403,0.6051967466669207,0.9462562270599776
clip/ViT-L/14@336px,image_encoder.transformer.resblocks.13,V7,test,sub-09,linear_predictivity,5919,87,0.06152847695557253,"[0.031297746335518926, 0.07812684092306224, 0.05744086507849057, 0.07729400476834485, 0.06348292767244607]",,,,,
clip/ViT-L/14@336px,image_encoder.transformer.resblocks.13,V8,train,sub-09,linear_predictivity,5919,101,0.05005617249402703,,"[31622.776601683796, 31622.776601683796, 31622.776601683796, 31622.776601683796, 31622.776601683796]",0.28824697292281665,1.105808814664054,0.7115963828759175,0.9465510804885306
clip/ViT-L/14@336px,image_encoder.transformer.resblocks.13,V8,test,sub-09,linear_predictivity,5919,101,0.07037978219742613,"[0.07066845292667501, 0.07187959348541836, 0.07522377985724915, 0.06160764445037233, 0.07251944026741582]",,,,,
clip/ViT-L/14@336px,image_encoder.transformer.resblocks.13,FFC,train,sub-09,linear_predictivity,5919,263,0.13110613279815264,,"[10000.0, 10000.0, 10000.0, 10000.0, 10000.0]",0.5676401430723219,1.034604906437043,0.4322290772886436,0.8650224853519237
clip/ViT-L/14@336px,image_encoder.transformer.resblocks.13,FFC,test,sub-09,linear_predictivity,5919,263,0.2562794436938746,"[0.26213403529641693, 0.23932237518406768, 0.2650078605217359, 0.24788594924562893, 0.2670469982215238]",,,,,
clip/ViT-L/14@336px,image_encoder.transformer.resblocks.13,PIT,train,sub-09,linear_predictivity,5919,123,0.15946960625374448,,"[10000.0, 10000.0, 10000.0, 10000.0, 10000.0]",0.5831318425694496,1.0127210213694784,0.4167367804291818,0.8368006081494117
clip/ViT-L/14@336px,image_encoder.transformer.resblocks.13,PIT,test,sub-09,linear_predictivity,5919,123,0.2677405522247984,"[0.26799402509301645, 0.24486261196809897, 0.28893055022248026, 0.2614725644083444, 0.27544300943205213]",,,,,
clip/ViT-L/14@336px,image_encoder.transformer.resblocks.13,IPS1,train,sub-09,linear_predictivity,5919,243,0.05545779216529504,,"[31622.776601683796, 31622.776601683796, 31622.776601683796, 31622.776601683796, 31622.776601683796]",0.2950480386628021,1.0968679436203737,0.7048477502078943,0.9424273159347184
clip/ViT-L/14@336px,image_encoder.transformer.resblocks.13,IPS1,test,sub-09,linear_predictivity,5919,243,0.1335269776424695,"[0.11735093136462037, 0.1399503456735783, 0.12765652722117998, 0.13397338978507234, 0.14870369416789658]",,,,,
clip/ViT-L/14@336px,image_encoder.transformer.resblocks.13,MST,train,sub-09,linear_predictivity,5919,149,0.09862264923741247,,"[10000.0, 10000.0, 10000.0, 10000.0, 10000.0]",0.5577614757401798,1.0353458902970085,0.442074184703441,0.8963179753809873
clip/ViT-L/14@336px,image_encoder.transformer.resblocks.13,MST,test,sub-09,linear_predictivity,5919,149,0.17161493537223038,"[0.1471677333368972, 0.18785530918049442, 0.17710978802727712, 0.18096621871034907, 0.16497562760613416]",,,,,
clip/ViT-L/14@336px,image_encoder.transformer.resblocks.13,MT,train,sub-09,linear_predictivity,5919,100,0.1588146837566517,,"[10000.0, 10000.0, 10000.0, 10000.0, 10000.0]",0.5888016137273953,0.9896814272436576,0.41103432464566386,0.8373354888030768
clip/ViT-L/14@336px,image_encoder.transformer.resblocks.13,MT,test,sub-09,linear_predictivity,5919,100,0.27718124308880965,"[0.2680767431459889, 0.27288832200436913, 0.27307098635521565, 0.29471874036697465, 0.27715142357149997]",,,,,
clip/ViT-L/14@336px,image_encoder.transformer.resblocks.13,FST,train,sub-09,linear_predictivity,5919,156,0.09517817998332319,,"[31622.776601683796, 10000.0, 10000.0, 31622.776601683796, 31622.776601683796]",0.4131333537199347,1.0731509436205493,0.5873238494587795,0.9023030595570951
clip/ViT-L/14@336px,image_encoder.transformer.resblocks.13,FST,test,sub-09,linear_predictivity,5919,156,0.20379218505100827,"[0.18710050285215227, 0.2100467191448251, 0.2144757868256248, 0.20103169456893452, 0.20630622186350464]",,,,,
clip/ViT-L/14@336px,image_encoder.transformer.resblocks.13,LO1,train,sub-09,linear_predictivity,5919,79,0.07274443348366295,,"[10000.0, 31622.776601683796, 10000.0, 10000.0, 10000.0]",0.4935650421521197,1.0849812373059973,0.5066759340029232,0.9256380547927614
clip/ViT-L/14@336px,image_encoder.transformer.resblocks.13,LO1,test,sub-09,linear_predictivity,5919,79,0.12195541059412998,"[0.09437955645785545, 0.13205215196103248, 0.11991996123956469, 0.13668343454672233, 0.12674194876547487]",,,,,
clip/ViT-L/14@336px,image_encoder.transformer.resblocks.13,LO2,train,sub-09,linear_predictivity,5919,80,0.13399152282636076,,"[10000.0, 10000.0, 10000.0, 10000.0, 10000.0]",0.5688702195179394,1.029974331087552,0.4310859374722634,0.8641449130842546
clip/ViT-L/14@336px,image_encoder.transformer.resblocks.13,LO2,test,sub-09,linear_predictivity,5919,80,0.21048120240746787,"[0.1911592800851644, 0.19847618548285095, 0.22305954764049632, 0.23222632586008513, 0.2074846729687425]",,,,,
clip/ViT-L/14@336px,image_encoder.transformer.resblocks.13,LO3,train,sub-09,linear_predictivity,5919,125,0.11330207621016009,,"[10000.0, 10000.0, 10000.0, 10000.0, 10000.0]",0.5632770710771066,1.0383819751509908,0.4365534083856362,0.8823530690611893
clip/ViT-L/14@336px,image_encoder.transformer.resblocks.13,LO3,test,sub-09,linear_predictivity,5919,125,0.20623951773440571,"[0.19246988064054207, 0.1957075028909032, 0.22057103687463292, 0.2179982078428205, 0.20445096042312985]",,,,,
clip/ViT-L/14@336px,image_encoder.transformer.resblocks.13,V7,train,sub-09,linear_predictivity,5919,87,0.050141609911105715,,"[10000.0, 31622.776601683796, 31622.776601683796, 31622.776601683796, 10000.0]",0.39341242150307976,1.0928854781067403,0.6051967466669207,0.9462562270599776
clip/ViT-L/14@336px,image_encoder.transformer.resblocks.13,V7,test,sub-09,linear_predictivity,5919,87,0.06152847695557253,"[0.031297746335518926, 0.07812684092306224, 0.05744086507849057, 0.07729400476834485, 0.06348292767244607]",,,,,
clip/ViT-L/14@336px,image_encoder.transformer.resblocks.13,IP0,train,sub-09,linear_predictivity,5919,198,0.055827346471859926,,"[10000.0, 10000.0, 31622.776601683796, 31622.776601683796, 31622.776601683796]",0.3915717568695424,1.0910524526376573,0.6076628191223495,0.9419295316813434
clip/ViT-L/14@336px,image_encoder.transformer.resblocks.13,IP0,test,sub-09,linear_predictivity,5919,198,0.17910738284905972,"[0.1745433573329852, 0.1923832074999815, 0.1732485193933645, 0.1607383502617951, 0.1946234797571723]",,,,,
clip/ViT-L/14@336px,image_encoder.transformer.resblocks.13,IP1,train,sub-09,linear_predictivity,5919,114,0.007567631431720246,,"[31622.776601683796, 31622.776601683796, 31622.776601683796, 31622.776601683796, 31622.776601683796]",0.2675093442827384,1.1345832759199843,0.7322374780907204,0.9866215319516959
clip/ViT-L/14@336px,image_encoder.transformer.resblocks.13,IP1,test,sub-09,linear_predictivity,5919,114,0.06632757753850008,"[0.05277011071661985, 0.07440614926115431, 0.07471478451121516, 0.04862555740244695, 0.08112128580106415]",,,,,
clip/ViT-L/14@336px,image_encoder.transformer.resblocks.13,MIP,train,sub-09,linear_predictivity,5919,280,0.031157866906611133,,"[31622.776601683796, 31622.776601683796, 31622.776601683796, 31622.776601683796, 31622.776601683796]",0.27881537643967547,1.1291339136428626,0.7210047746492919,0.9651423287935905
clip/ViT-L/14@336px,image_encoder.transformer.resblocks.13,MIP,test,sub-09,linear_predictivity,5919,280,0.1405839574905318,"[0.13096123592798825, 0.14476280104726652, 0.13380829945946598, 0.12635381799981826, 0.1670336330181199]",,,,,
clip/ViT-L/14@336px,image_encoder.transformer.resblocks.13,VIP,train,sub-09,linear_predictivity,5919,180,0.03295330713641944,,"[31622.776601683796, 31622.776601683796, 31622.776601683796, 31622.776601683796, 31622.776601683796]",0.2771255889813537,1.125560204504406,0.7227323306020962,0.9640329670494978
clip/ViT-L/14@336px,image_encoder.transformer.resblocks.13,VIP,test,sub-09,linear_predictivity,5919,180,0.10779048054109838,"[0.1028815224369363, 0.10572005956992045, 0.1025750332898361, 0.1037967322223891, 0.12397905518641003]",,,,,
clip/ViT-L/14@336px,image_encoder.transformer.resblocks.13,LIPd,train,sub-09,linear_predictivity,5919,69,-0.004103765635274239,,"[31622.776601683796, 100000.0, 100000.0, 31622.776601683796, 100000.0]",0.1690179457227352,1.1465656210376747,0.830492861429958,0.9962619213988317
clip/ViT-L/14@336px,image_encoder.transformer.resblocks.13,LIPd,test,sub-09,linear_predictivity,5919,69,-0.012360547734478871,"[-0.009782762503409724, 0.005389353340695301, -0.009175284754867305, -0.05133118129137508, 0.0030971365365624476]",,,,,
clip/ViT-L/14@336px,image_encoder.transformer.resblocks.13,LIPv,train,sub-09,linear_predictivity,5919,239,0.00931824796143027,,"[31622.776601683796, 31622.776601683796, 31622.776601683796, 31622.776601683796, 31622.776601683796]",0.2664649522599834,1.1398973085050312,0.7333153950769897,0.986135157979804
clip/ViT-L/14@336px,image_encoder.transformer.resblocks.13,LIPv,test,sub-09,linear_predictivity,5919,239,0.05738340616413688,"[0.05354899371715012, 0.06194455858548872, 0.060773147856817984, 0.045684706547912186, 0.06496562411331545]",,,,,
clip/ViT-L/14@336px,image_encoder.transformer.resblocks.13,AIP,train,sub-09,linear_predictivity,5919,275,0.012795937471752812,,"[31622.776601683796, 31622.776601683796, 31622.776601683796, 31622.776601683796, 31622.776601683796]",0.267326049515429,1.1403184362583523,0.7325082183816883,0.9833588039385507
clip/ViT-L/14@336px,image_encoder.transformer.resblocks.13,AIP,test,sub-09,linear_predictivity,5919,275,0.05935052423065117,"[0.05261901008819788, 0.056883024167434314, 0.0605930260839328, 0.05503275568551477, 0.07162480512817604]",,,,,
clip/ViT-L/14@336px,image_encoder.transformer.resblocks.13,7Pm,train,sub-09,linear_predictivity,5919,17,-0.008054428614827544,,"[100000.0, 100000.0, 1000000000.0, 1000000.0, 1000000000.0]",0.044789864137291795,1.1697785613274756,0.9554951740667044,1.0046996231611829
clip/ViT-L/14@336px,image_encoder.transformer.resblocks.13,7Pm,test,sub-09,linear_predictivity,5919,17,0.003686406794277765,"[0.016488418969486697, 0.0015528383173266005, -0.0015490129466425976, 0.002689371775363841, -0.0007495821441457185]",,,,,
clip/ViT-L/14@336px,image_encoder.transformer.resblocks.13,7PL,train,sub-09,linear_predictivity,5919,133,0.03404765785961511,,"[31622.776601683796, 31622.776601683796, 31622.776601683796, 31622.776601683796, 31622.776601683796]",0.276316811165814,1.119708568094492,0.7235426176855828,0.9628613349804567
clip/ViT-L/14@336px,image_encoder.transformer.resblocks.13,7PL,test,sub-09,linear_predictivity,5919,133,0.1518365629230657,"[0.14365945729556048, 0.15641838187789125, 0.1425646495581816, 0.14321708926720383, 0.1733232366164913]",,,,,
clip/ViT-L/14@336px,image_encoder.transformer.resblocks.13,7PC,train,sub-09,linear_predictivity,5919,315,0.02440796579087425,,"[31622.776601683796, 31622.776601683796, 31622.776601683796, 31622.776601683796, 31622.776601683796]",0.27337612448776333,1.1233459886847572,0.7264228326814087,0.9714453768393161
clip/ViT-L/14@336px,image_encoder.transformer.resblocks.13,7PC,test,sub-09,linear_predictivity,5919,315,0.057878290146897236,"[0.050663371708836606, 0.060832763453721614, 0.05442093099003989, 0.050183234937040695, 0.07329114964484741]",,,,,
clip/ViT-L/14@336px,image_encoder.transformer.resblocks.13,7Am,train,sub-09,linear_predictivity,5919,228,0.0290606053414,,"[31622.776601683796, 31622.776601683796, 31622.776601683796, 31622.776601683796, 31622.776601683796]",0.2729476161616926,1.133376135797364,0.7269229119460298,0.9680575741708436
clip/ViT-L/14@336px,image_encoder.transformer.resblocks.13,7Am,test,sub-09,linear_predictivity,5919,228,0.09626010799159523,"[0.09920511026136265, 0.08013505601861838, 0.09749045199035172, 0.09978260405766773, 0.10468731762997574]",,,,,
clip/ViT-L/14@336px,image_encoder.transformer.resblocks.13,7AL,train,sub-09,linear_predictivity,5919,178,0.005400218541824623,,"[100000.0, 31622.776601683796, 31622.776601683796, 100000.0, 100000.0]",0.16868204633745276,1.1517383284084979,0.8310782349921491,0.9915593944488112
clip/ViT-L/14@336px,image_encoder.transformer.resblocks.13,7AL,test,sub-09,linear_predictivity,5919,178,0.0038976550234826254,"[0.0043264135136163485, 0.0005758286207157894, 0.015677578276093115, -0.0028489307615999796, 0.001757385468587858]",,,,,
clip/ViT-L/14@336px,image_encoder.transformer.resblocks.13,VVC,train,sub-09,linear_predictivity,5919,151,0.04086025920083237,,"[31622.776601683796, 31622.776601683796, 31622.776601683796, 31622.776601683796, 31622.776601683796]",0.28254162806751915,1.1185483613116893,0.7173090127428069,0.9560233762546213
clip/ViT-L/14@336px,image_encoder.transformer.resblocks.13,VVC,test,sub-09,linear_predictivity,5919,151,0.11330115907543906,"[0.11234730942879398, 0.11648568691411706, 0.11349080180975829, 0.10629831865731357, 0.11788367856721238]",,,,,
clip/ViT-L/14@336px,image_encoder.transformer.resblocks.13,VMV2,train,sub-09,linear_predictivity,5919,119,0.10323811247206412,,"[10000.0, 10000.0, 10000.0, 10000.0, 10000.0]",0.5496529151079678,1.0580577983030564,0.45023552090907976,0.8936898842423531
clip/ViT-L/14@336px,image_encoder.transformer.resblocks.13,VMV2,test,sub-09,linear_predictivity,5919,119,0.18232044961329255,"[0.17815631682430227, 0.1864402627950773, 0.18356043883284387, 0.1697783052773589, 0.19366692433688038]",,,,,
clip/ViT-L/14@336px,image_encoder.transformer.resblocks.13,VMV3,train,sub-09,linear_predictivity,5919,109,0.043205553524691735,,"[31622.776601683796, 31622.776601683796, 31622.776601683796, 31622.776601683796, 31622.776601683796]",0.28585631590047733,1.1095405736014488,0.7139626912903457,0.9529943495275738
clip/ViT-L/14@336px,image_encoder.transformer.resblocks.13,VMV3,test,sub-09,linear_predictivity,5919,109,0.06953587351584171,"[0.06715846469107567, 0.06730745796717108, 0.07843691592161246, 0.0655570509883588, 0.06921947801099057]",,,,,
clip/ViT-L/14@336px,image_encoder.transformer.resblocks.13,VMV1,train,sub-09,linear_predictivity,5919,96,0.08209809102007859,,"[31622.776601683796, 31622.776601683796, 31622.776601683796, 31622.776601683796, 31622.776601683796]",0.31315357612390615,1.0761940080335288,0.6866812068580794,0.9147351704262716
clip/ViT-L/14@336px,image_encoder.transformer.resblocks.13,VMV1,test,sub-09,linear_predictivity,5919,96,0.18516989332600503,"[0.18211152777576123, 0.18972221802948663, 0.18865608280480192, 0.1785667728521553, 0.18679286516782012]",,,,,
clip/ViT-L/14@336px,image_encoder.transformer.resblocks.13,PHA2,train,sub-09,linear_predictivity,5919,17,0.01922625965735194,,"[31622.776601683796, 31622.776601683796, 31622.776601683796, 31622.776601683796, 31622.776601683796]",0.2650616350924956,1.1566818958090366,0.7348511761247082,0.9786351976036066
clip/ViT-L/14@336px,image_encoder.transformer.resblocks.13,PHA2,test,sub-09,linear_predictivity,5919,17,0.08925716468600603,"[0.07554094254868174, 0.09041525379403277, 0.0919620178412277, 0.09506528009933769, 0.09330232914675025]",,,,,
clip/ViT-L/14@336px,image_encoder.transformer.resblocks.13,PHA3,train,sub-09,linear_predictivity,5919,104,0.048116752324941836,,"[31622.776601683796, 31622.776601683796, 31622.776601683796, 31622.776601683796, 31622.776601683796]",0.288061368077052,1.1085954254438963,0.7118007089936339,0.9492155559810209
clip/ViT-L/14@336px,image_encoder.transformer.resblocks.13,PHA3,test,sub-09,linear_predictivity,5919,104,0.167807186762691,"[0.16820714824783436, 0.1745291785776173, 0.15707563761603296, 0.16382695409959241, 0.1753970152723781]",,,,,
clip/ViT-L/14@336px,image_encoder.transformer.resblocks.13,PH,train,sub-09,linear_predictivity,5919,258,0.07894154503068491,,"[31622.776601683796, 10000.0, 31622.776601683796, 31622.776601683796, 31622.776601683796]",0.36104362793202494,1.0753447921697568,0.6388513331888761,0.9174484389768602
clip/ViT-L/14@336px,image_encoder.transformer.resblocks.13,PH,test,sub-09,linear_predictivity,5919,258,0.19186532806680845,"[0.1993374790258377, 0.1731593284090672, 0.19336360610305287, 0.1884486249874951, 0.20501760180858952]",,,,,
clip/ViT-L/14@336px,image_encoder.transformer.resblocks.14,V1,train,sub-09,linear_predictivity,5919,641,0.08853773914001907,,"[10000.0, 10000.0, 10000.0, 10000.0, 31622.776601683796]",0.5064648769889338,1.0567986382359544,0.4934615503336288,0.9081278861640245
clip/ViT-L/14@336px,image_encoder.transformer.resblocks.14,V1,test,sub-09,linear_predictivity,5919,641,0.09168131779722796,"[0.0685304488880461, 0.07866015645296628, 0.09257305533386287, 0.10042626670039861, 0.11821666161086594]",,,,,
clip/ViT-L/14@336px,image_encoder.transformer.resblocks.14,V2,train,sub-09,linear_predictivity,5919,754,0.0701983381309907,,"[31622.776601683796, 31622.776601683796, 31622.776601683796, 31622.776601683796, 31622.776601683796]",0.3107143616534762,1.0758209210444787,0.6890969195998317,0.9259495325601483
clip/ViT-L/14@336px,image_encoder.transformer.resblocks.14,V2,test,sub-09,linear_predictivity,5919,754,0.10388284460780936,"[0.09729719398022847, 0.10138225318725531, 0.1106940638776216, 0.10859604155272072, 0.10144467044122071]",,,,,
clip/ViT-L/14@336px,image_encoder.transformer.resblocks.14,V3,train,sub-09,linear_predictivity,5919,575,0.07403467589739775,,"[31622.776601683796, 31622.776601683796, 31622.776601683796, 31622.776601683796, 31622.776601683796]",0.3118210697236992,1.0700491303457695,0.6879981666701649,0.9224637748216635
clip/ViT-L/14@336px,image_encoder.transformer.resblocks.14,V3,test,sub-09,linear_predictivity,5919,575,0.1207353243583861,"[0.1136869502368428, 0.11926806431172167, 0.12680437730249047, 0.1261139992442354, 0.11780323069664012]",,,,,
clip/ViT-L/14@336px,image_encoder.transformer.resblocks.14,V4,train,sub-09,linear_predictivity,5919,616,0.09303701263159453,,"[10000.0, 10000.0, 10000.0, 10000.0, 10000.0]",0.5527182478396162,1.0501628558085576,0.4471785974735524,0.9037148428786862
clip/ViT-L/14@336px,image_encoder.transformer.resblocks.14,V4,test,sub-09,linear_predictivity,5919,616,0.14021452165263756,"[0.14253987701108173, 0.13803343942454346, 0.13979679620162114, 0.14932218305703876, 0.1313803125689027]",,,,,
clip/ViT-L/14@336px,image_encoder.transformer.resblocks.14,V3A,train,sub-09,linear_predictivity,5919,270,0.018277087158090143,,"[31622.776601683796, 31622.776601683796, 31622.776601683796, 31622.776601683796, 31622.776601683796]",0.27184189678786475,1.1359464606763505,0.7278973291403712,0.9763442050356936
clip/ViT-L/14@336px,image_encoder.transformer.resblocks.14,V3A,test,sub-09,linear_predictivity,5919,270,0.005989030426798133,"[-0.011173611760051601, 0.013131956461775974, 0.011872487008625995, 0.005231549412826079, 0.010882771010814215]",,,,,
clip/ViT-L/14@336px,image_encoder.transformer.resblocks.14,V3B,train,sub-09,linear_predictivity,5919,148,0.09179070501599003,,"[10000.0, 10000.0, 10000.0, 10000.0, 10000.0]",0.5484652439802372,1.0550551183784413,0.45140056672996626,0.9047289546074602
clip/ViT-L/14@336px,image_encoder.transformer.resblocks.14,V3B,test,sub-09,linear_predictivity,5919,148,0.2024624735530603,"[0.1873929426676303, 0.20200249596723707, 0.18640860502537196, 0.21967901518926242, 0.21682930891579988]",,,,,
clip/ViT-L/14@336px,image_encoder.transformer.resblocks.14,V6,train,sub-09,linear_predictivity,5919,104,0.004437537219091296,,"[100000.0, 31622.776601683796, 100000.0, 100000.0, 100000.0]",0.1423928767542048,1.1549021121443899,0.856742461978412,0.9907528633545196
clip/ViT-L/14@336px,image_encoder.transformer.resblocks.14,V6,test,sub-09,linear_predictivity,5919,104,0.0010282557728277769,"[-0.006696658620319161, -0.001011742357147421, -0.0021866821906178866, 0.004013011729015628, 0.011023350303207726]",,,,,
clip/ViT-L/14@336px,image_encoder.transformer.resblocks.14,V6A,train,sub-09,linear_predictivity,5919,85,0.04246501181672905,,"[31622.776601683796, 31622.776601683796, 31622.776601683796, 31622.776601683796, 31622.776601683796]",0.288720998887833,1.091591576582728,0.7110695084058617,0.95378647310581
clip/ViT-L/14@336px,image_encoder.transformer.resblocks.14,V6A,test,sub-09,linear_predictivity,5919,85,0.07434040414970466,"[0.05689725439520242, 0.07963946645377547, 0.06889619835011641, 0.07822907293822227, 0.08804002861120676]",,,,,
clip/ViT-L/14@336px,image_encoder.transformer.resblocks.14,V7,train,sub-09,linear_predictivity,5919,87,0.060841446793647454,,"[10000.0, 10000.0, 10000.0, 10000.0, 10000.0]",0.5443719110725842,1.074890988384358,0.45549482434675037,0.9354194394866969
clip/ViT-L/14@336px,image_encoder.transformer.resblocks.14,V7,test,sub-09,linear_predictivity,5919,87,0.07204130100522078,"[0.052076795490745516, 0.08380931124874952, 0.061981689264528274, 0.10630137643878988, 0.05603733258329073]",,,,,
clip/ViT-L/14@336px,image_encoder.transformer.resblocks.14,V8,train,sub-09,linear_predictivity,5919,101,0.05094456034530375,,"[31622.776601683796, 31622.776601683796, 31622.776601683796, 31622.776601683796, 31622.776601683796]",0.29124242309922294,1.0903236401213667,0.7086004163216361,0.9456720609260939
clip/ViT-L/14@336px,image_encoder.transformer.resblocks.14,V8,test,sub-09,linear_predictivity,5919,101,0.07688150934125036,"[0.08054569268775381, 0.07868143642973717, 0.08417727261837042, 0.06702690322731467, 0.07397624174307575]",,,,,
clip/ViT-L/14@336px,image_encoder.transformer.resblocks.14,FFC,train,sub-09,linear_predictivity,5919,263,0.13424386533481172,,"[10000.0, 10000.0, 10000.0, 10000.0, 10000.0]",0.5730701178041928,1.0253939685613074,0.4268011888291408,0.8618941801027807
clip/ViT-L/14@336px,image_encoder.transformer.resblocks.14,FFC,test,sub-09,linear_predictivity,5919,263,0.26829706180413376,"[0.27705754489242085, 0.2495195077963067, 0.2793333383991991, 0.2621738270915141, 0.27340109084122816]",,,,,
clip/ViT-L/14@336px,image_encoder.transformer.resblocks.14,PIT,train,sub-09,linear_predictivity,5919,123,0.16439493647107534,,"[10000.0, 10000.0, 10000.0, 10000.0, 10000.0]",0.5894456112231771,0.9971794832090591,0.41042845868899985,0.8320326992756824
clip/ViT-L/14@336px,image_encoder.transformer.resblocks.14,PIT,test,sub-09,linear_predictivity,5919,123,0.28772774200392465,"[0.29226446311233306, 0.265058625503535, 0.3122878637700337, 0.281220023260053, 0.2878077343736685]",,,,,
clip/ViT-L/14@336px,image_encoder.transformer.resblocks.14,IPS1,train,sub-09,linear_predictivity,5919,243,0.06203219939552972,,"[10000.0, 10000.0, 10000.0, 31622.776601683796, 10000.0]",0.4916467362960947,1.0782675397271586,0.5079781948382545,0.935542432204673
clip/ViT-L/14@336px,image_encoder.transformer.resblocks.14,IPS1,test,sub-09,linear_predictivity,5919,243,0.15260280837560264,"[0.1442520271775022, 0.15567356262865295, 0.1408662959103457, 0.14802850872587264, 0.17419364743563961]",,,,,
clip/ViT-L/14@336px,image_encoder.transformer.resblocks.14,MST,train,sub-09,linear_predictivity,5919,149,0.10408763766076112,,"[10000.0, 10000.0, 10000.0, 10000.0, 10000.0]",0.5662517719388193,1.0238850070998295,0.4335946816551132,0.891029737725572
clip/ViT-L/14@336px,image_encoder.transformer.resblocks.14,MST,test,sub-09,linear_predictivity,5919,149,0.18360670900597603,"[0.17077062026223958, 0.20136823116019478, 0.18009379519275628, 0.19287302146252078, 0.17292787695216857]",,,,,
clip/ViT-L/14@336px,image_encoder.transformer.resblocks.14,MT,train,sub-09,linear_predictivity,5919,100,0.1642317886850844,,"[10000.0, 10000.0, 10000.0, 10000.0, 10000.0]",0.5967617441795912,0.97658798020933,0.40309115693453157,0.8321686578799168
clip/ViT-L/14@336px,image_encoder.transformer.resblocks.14,MT,test,sub-09,linear_predictivity,5919,100,0.29302065733486904,"[0.2969292033249816, 0.2898201557422001, 0.2818414463417762, 0.31031889650317496, 0.28619358476221246]",,,,,
clip/ViT-L/14@336px,image_encoder.transformer.resblocks.14,FST,train,sub-09,linear_predictivity,5919,156,0.09782629935884242,,"[31622.776601683796, 10000.0, 10000.0, 31622.776601683796, 31622.776601683796]",0.4180914717718439,1.0609099039378516,0.5823760097333632,0.8995971525262295
clip/ViT-L/14@336px,image_encoder.transformer.resblocks.14,FST,test,sub-09,linear_predictivity,5919,156,0.20801337818328358,"[0.19186144265437755, 0.22173312562552516, 0.21801214746379144, 0.20134425699970662, 0.20711591817301717]",,,,,
clip/ViT-L/14@336px,image_encoder.transformer.resblocks.14,LO1,train,sub-09,linear_predictivity,5919,79,0.07726894547046063,,"[10000.0, 31622.776601683796, 10000.0, 10000.0, 10000.0]",0.4992738483809907,1.071914804370544,0.500974324628482,0.9211741027416274
clip/ViT-L/14@336px,image_encoder.transformer.resblocks.14,LO1,test,sub-09,linear_predictivity,5919,79,0.12491821026548969,"[0.11158180295934356, 0.13024584888914556, 0.11713909062358017, 0.14276551415995217, 0.12285879469542696]",,,,,
clip/ViT-L/14@336px,image_encoder.transformer.resblocks.14,LO2,train,sub-09,linear_predictivity,5919,80,0.1358268155950977,,"[10000.0, 10000.0, 10000.0, 10000.0, 10000.0]",0.5742786737193482,1.0185693337129662,0.4256836988628686,0.8624579702949979
clip/ViT-L/14@336px,image_encoder.transformer.resblocks.14,LO2,test,sub-09,linear_predictivity,5919,80,0.23029263647660927,"[0.22115632600044285, 0.22135960975843086, 0.24123053353126708, 0.24541518889103636, 0.22230152420186916]",,,,,
clip/ViT-L/14@336px,image_encoder.transformer.resblocks.14,LO3,train,sub-09,linear_predictivity,5919,125,0.12258714599488596,,"[10000.0, 10000.0, 10000.0, 10000.0, 10000.0]",0.5723487969828734,1.0191918798595316,0.4274927833154276,0.873223816354016
clip/ViT-L/14@336px,image_encoder.transformer.resblocks.14,LO3,test,sub-09,linear_predictivity,5919,125,0.2144052687379781,"[0.21651547264291873, 0.20425456050858767, 0.22325963362991458, 0.22562365904578305, 0.20237301786268638]",,,,,
clip/ViT-L/14@336px,image_encoder.transformer.resblocks.14,V7,train,sub-09,linear_predictivity,5919,87,0.060841446793647454,,"[10000.0, 10000.0, 10000.0, 10000.0, 10000.0]",0.5443719110725842,1.074890988384358,0.45549482434675037,0.9354194394866969
clip/ViT-L/14@336px,image_encoder.transformer.resblocks.14,V7,test,sub-09,linear_predictivity,5919,87,0.07204130100522078,"[0.052076795490745516, 0.08380931124874952, 0.061981689264528274, 0.10630137643878988, 0.05603733258329073]",,,,,
clip/ViT-L/14@336px,image_encoder.transformer.resblocks.14,IP0,train,sub-09,linear_predictivity,5919,198,0.06841970737951884,,"[10000.0, 10000.0, 10000.0, 31622.776601683796, 10000.0]",0.495966769820723,1.06811313990986,0.5030166576644928,0.9287270652095103
clip/ViT-L/14@336px,image_encoder.transformer.resblocks.14,IP0,test,sub-09,linear_predictivity,5919,198,0.2112091547894776,"[0.2125246132808306, 0.2164348242968284, 0.20964378128041827, 0.17989241653679314, 0.23755013855251778]",,,,,
clip/ViT-L/14@336px,image_encoder.transformer.resblocks.14,IP1,train,sub-09,linear_predictivity,5919,114,0.012462021303281183,,"[31622.776601683796, 31622.776601683796, 31622.776601683796, 31622.776601683796, 31622.776601683796]",0.27297804846784485,1.1211247423312547,0.726768923108476,0.9817646223566632
clip/ViT-L/14@336px,image_encoder.transformer.resblocks.14,IP1,test,sub-09,linear_predictivity,5919,114,0.08597011596143525,"[0.0779668428139088, 0.09393283952213945, 0.09173932364388583, 0.06856096292275735, 0.0976506109044848]",,,,,
clip/ViT-L/14@336px,image_encoder.transformer.resblocks.14,MIP,train,sub-09,linear_predictivity,5919,280,0.034804314195596445,,"[31622.776601683796, 31622.776601683796, 31622.776601683796, 31622.776601683796, 31622.776601683796]",0.2844744471438129,1.1079753363837685,0.7153353871223096,0.9613932437731357
clip/ViT-L/14@336px,image_encoder.transformer.resblocks.14,MIP,test,sub-09,linear_predictivity,5919,280,0.15380358493252022,"[0.1478995003449278, 0.15789851516886566, 0.14406116521307175, 0.14150793715019674, 0.17765080678553913]",,,,,
clip/ViT-L/14@336px,image_encoder.transformer.resblocks.14,VIP,train,sub-09,linear_predictivity,5919,180,0.035868438133364974,,"[31622.776601683796, 31622.776601683796, 31622.776601683796, 31622.776601683796, 31622.776601683796]",0.281821290060551,1.1084836600206338,0.7180300805930326,0.9610416927546135
clip/ViT-L/14@336px,image_encoder.transformer.resblocks.14,VIP,test,sub-09,linear_predictivity,5919,180,0.12210445815115097,"[0.12290619801771575, 0.1189807383754775, 0.11278813802401262, 0.11971575999670224, 0.13613145634184676]",,,,,
clip/ViT-L/14@336px,image_encoder.transformer.resblocks.14,LIPd,train,sub-09,linear_predictivity,5919,69,-0.0021226448238515438,,"[31622.776601683796, 31622.776601683796, 100000.0, 31622.776601683796, 31622.776601683796]",0.23162770134538616,1.139513550458132,0.7679035011619824,0.9942340977995604
clip/ViT-L/14@336px,image_encoder.transformer.resblocks.14,LIPd,test,sub-09,linear_predictivity,5919,69,0.00213346083800216,"[0.005978137240082067, 0.027741126462618903, -0.0020336060657714706, -0.03298946940368008, 0.011971115956761388]",,,,,
clip/ViT-L/14@336px,image_encoder.transformer.resblocks.14,LIPv,train,sub-09,linear_predictivity,5919,239,0.011783977918957649,,"[31622.776601683796, 31622.776601683796, 31622.776601683796, 31622.776601683796, 31622.776601683796]",0.27002936246213133,1.1306434341389144,0.7297542671719388,0.9836817098493624
clip/ViT-L/14@336px,image_encoder.transformer.resblocks.14,LIPv,test,sub-09,linear_predictivity,5919,239,0.06720707955778621,"[0.06845380677843176, 0.06837147673160957, 0.07032171684464278, 0.057331631357049634, 0.07155676607719735]",,,,,
clip/ViT-L/14@336px,image_encoder.transformer.resblocks.14,AIP,train,sub-09,linear_predictivity,5919,275,0.015075775162313109,,"[31622.776601683796, 31622.776601683796, 31622.776601683796, 31622.776601683796, 31622.776601683796]",0.27167418169834373,1.1293070869055346,0.7281510732606904,0.9810207733470898
clip/ViT-L/14@336px,image_encoder.transformer.resblocks.14,AIP,test,sub-09,linear_predictivity,5919,275,0.05749307347186555,"[0.05441480976537748, 0.05207359808890185, 0.05667566062477572, 0.05225078844406631, 0.07205051043620642]",,,,,
clip/ViT-L/14@336px,image_encoder.transformer.resblocks.14,7Pm,train,sub-09,linear_predictivity,5919,17,-0.006813983291478183,,"[100000.0, 100000.0, 1000000000.0, 316227.7660168379, 1000000000.0]",0.05025298502160495,1.145191206700512,0.9498683606184315,1.003431900690993
clip/ViT-L/14@336px,image_encoder.transformer.resblocks.14,7Pm,test,sub-09,linear_predictivity,5919,17,0.0043249545019691995,"[0.016736576285213065, 0.00044167366294017526, -0.0015495368486953117, 0.006746259008099507, -0.0007501995977114396]",,,,,
clip/ViT-L/14@336px,image_encoder.transformer.resblocks.14,7PL,train,sub-09,linear_predictivity,5919,133,0.03653866087098173,,"[31622.776601683796, 31622.776601683796, 31622.776601683796, 31622.776601683796, 31622.776601683796]",0.2814714160366824,1.1011798141131846,0.718375606504563,0.9602538645120111
clip/ViT-L/14@336px,image_encoder.transformer.resblocks.14,7PL,test,sub-09,linear_predictivity,5919,133,0.159498901985009,"[0.1563255990818136, 0.16301259422730738, 0.14694534455713096, 0.1516762324986765, 0.1795347395601165]",,,,,
clip/ViT-L/14@336px,image_encoder.transformer.resblocks.14,7PC,train,sub-09,linear_predictivity,5919,315,0.027158073105341594,,"[31622.776601683796, 31622.776601683796, 31622.776601683796, 31622.776601683796, 31622.776601683796]",0.2777391159870556,1.1136217088085865,0.722057410734394,0.9687158563235962
clip/ViT-L/14@336px,image_encoder.transformer.resblocks.14,7PC,test,sub-09,linear_predictivity,5919,315,0.06130355762600982,"[0.05818715401444703, 0.06271641332969623, 0.05564769764913932, 0.05155405529750888, 0.07841246783925764]",,,,,
clip/ViT-L/14@336px,image_encoder.transformer.resblocks.14,7Am,train,sub-09,linear_predictivity,5919,228,0.031507057964422706,,"[31622.776601683796, 31622.776601683796, 31622.776601683796, 31622.776601683796, 31622.776601683796]",0.277817948154847,1.1243616438654844,0.7220449674851294,0.9655479228695254
clip/ViT-L/14@336px,image_encoder.transformer.resblocks.14,7Am,test,sub-09,linear_predictivity,5919,228,0.10475731002964392,"[0.11158767802891827, 0.08842290517693135, 0.10505265953172045, 0.10668455872263295, 0.11203874868801661]",,,,,
clip/ViT-L/14@336px,image_encoder.transformer.resblocks.14,7AL,train,sub-09,linear_predictivity,5919,178,0.01103760175091236,,"[31622.776601683796, 31622.776601683796, 31622.776601683796, 31622.776601683796, 31622.776601683796]",0.26204046296423134,1.140167351734265,0.7378090340629004,0.9859177483456838
clip/ViT-L/14@336px,image_encoder.transformer.resblocks.14,7AL,test,sub-09,linear_predictivity,5919,178,0.0276296124555744,"[0.038355021591678654, 0.01628325956019726, 0.026820041411784797, 0.019003654868704336, 0.03768608484550696]",,,,,
clip/ViT-L/14@336px,image_encoder.transformer.resblocks.14,VVC,train,sub-09,linear_predictivity,5919,151,0.04450740686760424,,"[31622.776601683796, 31622.776601683796, 31622.776601683796, 31622.776601683796, 31622.776601683796]",0.2873625461508157,1.1052131314071594,0.7124861255795836,0.9523839476658014
clip/ViT-L/14@336px,image_encoder.transformer.resblocks.14,VVC,test,sub-09,linear_predictivity,5919,151,0.1280129276743343,"[0.12997807007281678, 0.1321828863934533, 0.1271685571546906, 0.12079359356317697, 0.12994153118753388]",,,,,
clip/ViT-L/14@336px,image_encoder.transformer.resblocks.14,VMV2,train,sub-09,linear_predictivity,5919,119,0.1077022323239391,,"[10000.0, 10000.0, 10000.0, 10000.0, 10000.0]",0.55643449844711,1.0437563003004409,0.4434516243483502,0.8892214242707659
clip/ViT-L/14@336px,image_encoder.transformer.resblocks.14,VMV2,test,sub-09,linear_predictivity,5919,119,0.20126267809575013,"[0.19880887976409092, 0.21295738600451156, 0.20218319117510666, 0.18194919539038656, 0.21041473814465486]",,,,,
clip/ViT-L/14@336px,image_encoder.transformer.resblocks.14,VMV3,train,sub-09,linear_predictivity,5919,109,0.047156854376419775,,"[31622.776601683796, 31622.776601683796, 31622.776601683796, 31622.776601683796, 31622.776601683796]",0.2908546388111725,1.0918106031714934,0.7089524146022281,0.9489179747180667
clip/ViT-L/14@336px,image_encoder.transformer.resblocks.14,VMV3,test,sub-09,linear_predictivity,5919,109,0.08898234018429316,"[0.09066450922978839, 0.09017817987723559, 0.09172925813159015, 0.08387020510416027, 0.08846954857869146]",,,,,
clip/ViT-L/14@336px,image_encoder.transformer.resblocks.14,VMV1,train,sub-09,linear_predictivity,5919,96,0.08318638287508967,,"[31622.776601683796, 31622.776601683796, 31622.776601683796, 31622.776601683796, 31622.776601683796]",0.31578285938611245,1.069819185617677,0.6840547304927304,0.9136781644897066
clip/ViT-L/14@336px,image_encoder.transformer.resblocks.14,VMV1,test,sub-09,linear_predictivity,5919,96,0.18878064840334452,"[0.18687015244166597, 0.19364829568389186, 0.19329112587261846, 0.18060814796565808, 0.18948552005288835]",,,,,
clip/ViT-L/14@336px,image_encoder.transformer.resblocks.14,PHA2,train,sub-09,linear_predictivity,5919,17,0.021082645994980904,,"[31622.776601683796, 31622.776601683796, 31622.776601683796, 31622.776601683796, 31622.776601683796]",0.2688992581587267,1.15173295048663,0.7310213691406544,0.9768533302030965
clip/ViT-L/14@336px,image_encoder.transformer.resblocks.14,PHA2,test,sub-09,linear_predictivity,5919,17,0.09081383767572022,"[0.08027413844719533, 0.08971778876401393, 0.09419646281846487, 0.09724218445047003, 0.09263861389845696]",,,,,
clip/ViT-L/14@336px,image_encoder.transformer.resblocks.14,PHA3,train,sub-09,linear_predictivity,5919,104,0.051556400191965286,,"[31622.776601683796, 31622.776601683796, 31622.776601683796, 31622.776601683796, 31622.776601683796]",0.29284133805272666,1.0970206019108708,0.7070163604819582,0.9457503885593713
clip/ViT-L/14@336px,image_encoder.transformer.resblocks.14,PHA3,test,sub-09,linear_predictivity,5919,104,0.17613874504970325,"[0.17705648019134898, 0.18174523110147214, 0.166342431056192, 0.17390187861995218, 0.18164770427955107]",,,,,
clip/ViT-L/14@336px,image_encoder.transformer.resblocks.14,PH,train,sub-09,linear_predictivity,5919,258,0.08219610430025913,,"[10000.0, 10000.0, 31622.776601683796, 31622.776601683796, 10000.0]",0.4580007798596649,1.0628932544417409,0.5413720962438783,0.9139761795042791
clip/ViT-L/14@336px,image_encoder.transformer.resblocks.14,PH,test,sub-09,linear_predictivity,5919,258,0.19746171835886084,"[0.20932020164358858, 0.18511854222481708, 0.19826120938984007, 0.19045025203206006, 0.2041583865039983]",,,,,
clip/ViT-L/14@336px,image_encoder.transformer.resblocks.16,V1,train,sub-09,linear_predictivity,5919,641,0.09130185573995944,,"[10000.0, 10000.0, 10000.0, 10000.0, 10000.0]",0.5603677228327429,1.0459306504920123,0.43953166166404634,0.905368685548497
clip/ViT-L/14@336px,image_encoder.transformer.resblocks.16,V1,test,sub-09,linear_predictivity,5919,641,0.08623736828580224,"[0.07237925483847962, 0.07923959746308042, 0.0954704776628427, 0.09453844161348514, 0.08955906985112333]",,,,,
clip/ViT-L/14@336px,image_encoder.transformer.resblocks.16,V2,train,sub-09,linear_predictivity,5919,754,0.07426339662295292,,"[31622.776601683796, 31622.776601683796, 31622.776601683796, 31622.776601683796, 31622.776601683796]",0.3160493154249271,1.061887978839263,0.6837605766055826,0.9218944528056605
clip/ViT-L/14@336px,image_encoder.transformer.resblocks.16,V2,test,sub-09,linear_predictivity,5919,754,0.10833027964776624,"[0.10258255205434769, 0.10604562950667634, 0.11615807976393425, 0.11331861110598936, 0.10354652580788366]",,,,,
clip/ViT-L/14@336px,image_encoder.transformer.resblocks.16,V3,train,sub-09,linear_predictivity,5919,575,0.07650021223954523,,"[31622.776601683796, 31622.776601683796, 10000.0, 31622.776601683796, 31622.776601683796]",0.36403492872097043,1.0581326428067643,0.6358189945986843,0.9199396042228306
clip/ViT-L/14@336px,image_encoder.transformer.resblocks.16,V3,test,sub-09,linear_predictivity,5919,575,0.12076428499709972,"[0.11854952636575905, 0.12309793213609761, 0.11543618980541138, 0.12931109365315682, 0.1174266830250738]",,,,,
clip/ViT-L/14@336px,image_encoder.transformer.resblocks.16,V4,train,sub-09,linear_predictivity,5919,616,0.09991864380743555,,"[10000.0, 10000.0, 10000.0, 10000.0, 10000.0]",0.5612064049702349,1.0370287684092816,0.4386907036168841,0.8968357516979191
clip/ViT-L/14@336px,image_encoder.transformer.resblocks.16,V4,test,sub-09,linear_predictivity,5919,616,0.15663785930654783,"[0.1600264278225872, 0.1567527724337645, 0.15585997602067161, 0.16809927136226352, 0.14245084889345233]",,,,,
clip/ViT-L/14@336px,image_encoder.transformer.resblocks.16,V3A,train,sub-09,linear_predictivity,5919,270,0.022114754756391592,,"[31622.776601683796, 31622.776601683796, 31622.776601683796, 31622.776601683796, 31622.776601683796]",0.27802613084513805,1.1094976459852919,0.7217219972378776,0.9726115684130521
clip/ViT-L/14@336px,image_encoder.transformer.resblocks.16,V3A,test,sub-09,linear_predictivity,5919,270,0.014353565024717102,"[0.001510995773876801, 0.02024062050086337, 0.020439959647128362, 0.014246311891919628, 0.015329937309797351]",,,,,
clip/ViT-L/14@336px,image_encoder.transformer.resblocks.16,V3B,train,sub-09,linear_predictivity,5919,148,0.10008967229978084,,"[10000.0, 10000.0, 10000.0, 10000.0, 10000.0]",0.5604799414373247,1.0283993620197713,0.4394114422280951,0.8966182826755036
clip/ViT-L/14@336px,image_encoder.transformer.resblocks.16,V3B,test,sub-09,linear_predictivity,5919,148,0.21665413623580726,"[0.2097590501696188, 0.21432854892723946, 0.20347519111726217, 0.22779031333893643, 0.22791757762597942]",,,,,
clip/ViT-L/14@336px,image_encoder.transformer.resblocks.16,V6,train,sub-09,linear_predictivity,5919,104,0.007505767173280891,,"[100000.0, 31622.776601683796, 31622.776601683796, 100000.0, 31622.776601683796]",0.2062735031116872,1.1376051087082133,0.7933083745232294,0.9877023328631122
clip/ViT-L/14@336px,image_encoder.transformer.resblocks.16,V6,test,sub-09,linear_predictivity,5919,104,0.00850193253820746,"[-0.00028798433533865715, 0.011495770229241252, 0.0007762681256934598, 0.00845883614738417, 0.02206677252405708]",,,,,
clip/ViT-L/14@336px,image_encoder.transformer.resblocks.16,V6A,train,sub-09,linear_predictivity,5919,85,0.044457043466048216,,"[31622.776601683796, 10000.0, 10000.0, 31622.776601683796, 10000.0]",0.44181831791302206,1.0704304738260435,0.5563126173173633,0.9515774875811479
clip/ViT-L/14@336px,image_encoder.transformer.resblocks.16,V6A,test,sub-09,linear_predictivity,5919,85,0.07453469070459881,"[0.0665750520584738, 0.07795225656101425, 0.059054172275702387, 0.08708710063254935, 0.08200487199525426]",,,,,
clip/ViT-L/14@336px,image_encoder.transformer.resblocks.16,V7,train,sub-09,linear_predictivity,5919,87,0.07014347380678142,,"[10000.0, 10000.0, 10000.0, 10000.0, 10000.0]",0.5567973994148825,1.0430186284140819,0.44308878078037334,0.9263543281272261
clip/ViT-L/14@336px,image_encoder.transformer.resblocks.16,V7,test,sub-09,linear_predictivity,5919,87,0.09637382948206595,"[0.08575609787730913, 0.12435313499604382, 0.07795925500369376, 0.12242057334905024, 0.07138008618423279]",,,,,
clip/ViT-L/14@336px,image_encoder.transformer.resblocks.16,V8,train,sub-09,linear_predictivity,5919,101,0.053619481907740886,,"[10000.0, 31622.776601683796, 10000.0, 31622.776601683796, 10000.0]",0.4423983476544441,1.062148122801854,0.5580119170385134,0.9428919430214036
clip/ViT-L/14@336px,image_encoder.transformer.resblocks.16,V8,test,sub-09,linear_predictivity,5919,101,0.08065051137753594,"[0.07415333348961259, 0.09569638116302084, 0.08589947850582276, 0.09077097801810932, 0.05673238571111417]",,,,,
clip/ViT-L/14@336px,image_encoder.transformer.resblocks.16,FFC,train,sub-09,linear_predictivity,5919,263,0.15050630526947018,,"[10000.0, 10000.0, 10000.0, 10000.0, 10000.0]",0.5878888312685041,0.9974618210478653,0.4119838828815249,0.8457236931676165
clip/ViT-L/14@336px,image_encoder.transformer.resblocks.16,FFC,test,sub-09,linear_predictivity,5919,263,0.2868597836975795,"[0.2874386990508267, 0.27846118967175254, 0.29573674677227973, 0.28699521233648134, 0.28566707065655683]",,,,,
clip/ViT-L/14@336px,image_encoder.transformer.resblocks.16,PIT,train,sub-09,linear_predictivity,5919,123,0.17865223183034928,,"[10000.0, 10000.0, 10000.0, 10000.0, 10000.0]",0.6016618137591971,0.9743585863252653,0.3982133920327383,0.8178372158041123
clip/ViT-L/14@336px,image_encoder.transformer.resblocks.16,PIT,test,sub-09,linear_predictivity,5919,123,0.2945768642617327,"[0.3002736774851118, 0.2770434342787189, 0.3093755252147133, 0.2969150872922892, 0.2892765970378304]",,,,,
clip/ViT-L/14@336px,image_encoder.transformer.resblocks.16,IPS1,train,sub-09,linear_predictivity,5919,243,0.06536382843039996,,"[10000.0, 10000.0, 10000.0, 31622.776601683796, 10000.0]",0.5009876656321742,1.055138758867489,0.49864781381463585,0.9323697875030245
clip/ViT-L/14@336px,image_encoder.transformer.resblocks.16,IPS1,test,sub-09,linear_predictivity,5919,243,0.17335610692329376,"[0.17117656613382115, 0.18394442916654452, 0.16371229338592552, 0.15963294112031343, 0.1883143048098641]",,,,,
clip/ViT-L/14@336px,image_encoder.transformer.resblocks.16,MST,train,sub-09,linear_predictivity,5919,149,0.12713480247324185,,"[10000.0, 10000.0, 10000.0, 10000.0, 10000.0]",0.5840423853854755,0.9944090442502989,0.41582199260317526,0.8682740295027683
clip/ViT-L/14@336px,image_encoder.transformer.resblocks.16,MST,test,sub-09,linear_predictivity,5919,149,0.2126796387293363,"[0.19779273702289474, 0.25370133258940225, 0.19848945079515568, 0.21365066868503896, 0.19976400455418966]",,,,,
clip/ViT-L/14@336px,image_encoder.transformer.resblocks.16,MT,train,sub-09,linear_predictivity,5919,100,0.1847566300763549,,"[10000.0, 10000.0, 3162.277660168379, 10000.0, 10000.0]",0.6579422570113228,0.9452883185449992,0.3428829722976513,0.8120914537741319
clip/ViT-L/14@336px,image_encoder.transformer.resblocks.16,MT,test,sub-09,linear_predictivity,5919,100,0.31997664125050185,"[0.32361678388726267, 0.35457977114547345, 0.2680490573007368, 0.33752218287594976, 0.31611541104308655]",,,,,
clip/ViT-L/14@336px,image_encoder.transformer.resblocks.16,FST,train,sub-09,linear_predictivity,5919,156,0.1128121151711283,,"[10000.0, 10000.0, 10000.0, 10000.0, 10000.0]",0.5672122221945629,1.0307128878759677,0.43272650060026185,0.8845664836196109
clip/ViT-L/14@336px,image_encoder.transformer.resblocks.16,FST,test,sub-09,linear_predictivity,5919,156,0.23773181595955045,"[0.22387315974179478, 0.25592537463995474, 0.23673174417625376, 0.24109464427320354, 0.23103415696654553]",,,,,
clip/ViT-L/14@336px,image_encoder.transformer.resblocks.16,LO1,train,sub-09,linear_predictivity,5919,79,0.08969222963082416,,"[10000.0, 10000.0, 10000.0, 10000.0, 10000.0]",0.5572078998270269,1.0431028111810248,0.44277401918505654,0.9088280197213141
clip/ViT-L/14@336px,image_encoder.transformer.resblocks.16,LO1,test,sub-09,linear_predictivity,5919,79,0.1306836889219118,"[0.11640310987851725, 0.13557394390422417, 0.11521226743066058, 0.16049137625403187, 0.125737747142125]",,,,,
clip/ViT-L/14@336px,image_encoder.transformer.resblocks.16,LO2,train,sub-09,linear_predictivity,5919,80,0.1475535017906529,,"[10000.0, 10000.0, 10000.0, 10000.0, 10000.0]",0.5844185664071324,1.0038915343431476,0.4155439887702074,0.8507665017558107
clip/ViT-L/14@336px,image_encoder.transformer.resblocks.16,LO2,test,sub-09,linear_predictivity,5919,80,0.24813207254052858,"[0.24522073040223313, 0.24393279734067405, 0.2501273364738058, 0.27117432375477507, 0.23020517473115493]",,,,,
clip/ViT-L/14@336px,image_encoder.transformer.resblocks.16,LO3,train,sub-09,linear_predictivity,5919,125,0.1401452727588352,,"[10000.0, 10000.0, 10000.0, 10000.0, 10000.0]",0.5878090364647839,0.9894026049059237,0.41205205295502456,0.8560382434204786
clip/ViT-L/14@336px,image_encoder.transformer.resblocks.16,LO3,test,sub-09,linear_predictivity,5919,125,0.23916551331051167,"[0.24105378981286882, 0.2509638566951695, 0.2383667068875283, 0.2471170991930771, 0.21832611396391455]",,,,,
clip/ViT-L/14@336px,image_encoder.transformer.resblocks.16,V7,train,sub-09,linear_predictivity,5919,87,0.07014347380678142,,"[10000.0, 10000.0, 10000.0, 10000.0, 10000.0]",0.5567973994148825,1.0430186284140819,0.44308878078037334,0.9263543281272261
clip/ViT-L/14@336px,image_encoder.transformer.resblocks.16,V7,test,sub-09,linear_predictivity,5919,87,0.09637382948206595,"[0.08575609787730913, 0.12435313499604382, 0.07795925500369376, 0.12242057334905024, 0.07138008618423279]",,,,,
clip/ViT-L/14@336px,image_encoder.transformer.resblocks.16,IP0,train,sub-09,linear_predictivity,5919,198,0.07578077869489992,,"[10000.0, 10000.0, 10000.0, 10000.0, 10000.0]",0.5540214993513871,1.048968467282928,0.4458764051913505,0.9208673587252004
clip/ViT-L/14@336px,image_encoder.transformer.resblocks.16,IP0,test,sub-09,linear_predictivity,5919,198,0.2376651325333587,"[0.22626653182045572, 0.24028638948557737, 0.22927883905425442, 0.2393500555979492, 0.2531438467085569]",,,,,
clip/ViT-L/14@336px,image_encoder.transformer.resblocks.16,IP1,train,sub-09,linear_predictivity,5919,114,0.01270736383102361,,"[31622.776601683796, 31622.776601683796, 31622.776601683796, 31622.776601683796, 31622.776601683796]",0.2773894906544722,1.1028748406630053,0.7223532180876596,0.9814187511471182
clip/ViT-L/14@336px,image_encoder.transformer.resblocks.16,IP1,test,sub-09,linear_predictivity,5919,114,0.09743974314206533,"[0.09099110397482107, 0.10423622050074056, 0.10115298818867528, 0.08312304824783015, 0.1076953547982596]",,,,,
clip/ViT-L/14@336px,image_encoder.transformer.resblocks.16,MIP,train,sub-09,linear_predictivity,5919,280,0.03456734077164119,,"[31622.776601683796, 31622.776601683796, 31622.776601683796, 31622.776601683796, 31622.776601683796]",0.2879738004607069,1.0940292153287465,0.7118441020933581,0.961630480177831
clip/ViT-L/14@336px,image_encoder.transformer.resblocks.16,MIP,test,sub-09,linear_predictivity,5919,280,0.1656541451109829,"[0.16048151444039352, 0.16923541126394878, 0.1579811762303116, 0.15374156940692515, 0.18683105421333535]",,,,,
clip/ViT-L/14@336px,image_encoder.transformer.resblocks.16,VIP,train,sub-09,linear_predictivity,5919,180,0.04039987468019169,,"[31622.776601683796, 31622.776601683796, 31622.776601683796, 31622.776601683796, 31622.776601683796]",0.2876416603846833,1.0792011932697405,0.7122263878471842,0.9566392453694231
clip/ViT-L/14@336px,image_encoder.transformer.resblocks.16,VIP,test,sub-09,linear_predictivity,5919,180,0.13095423793371283,"[0.1315702027627147, 0.12868687031718357, 0.12271666322756149, 0.13128414643804184, 0.14051330692306263]",,,,,
clip/ViT-L/14@336px,image_encoder.transformer.resblocks.16,LIPd,train,sub-09,linear_predictivity,5919,69,0.001694225995586688,,"[31622.776601683796, 31622.776601683796, 31622.776601683796, 31622.776601683796, 31622.776601683796]",0.26730115014377714,1.110640466611263,0.7323506365035766,0.9903578475847304
clip/ViT-L/14@336px,image_encoder.transformer.resblocks.16,LIPd,test,sub-09,linear_predictivity,5919,69,0.023231540775075964,"[0.026389512292661996, 0.0463493724013651, 0.01749553513121474, -0.00852265738659307, 0.03444594143673105]",,,,,
clip/ViT-L/14@336px,image_encoder.transformer.resblocks.16,LIPv,train,sub-09,linear_predictivity,5919,239,0.01441010840130452,,"[31622.776601683796, 31622.776601683796, 31622.776601683796, 31622.776601683796, 31622.776601683796]",0.2753625026476221,1.1063403798298945,0.724424288497094,0.981075333171486
clip/ViT-L/14@336px,image_encoder.transformer.resblocks.16,LIPv,test,sub-09,linear_predictivity,5919,239,0.09326730520906723,"[0.09358592989549351, 0.09436159286115374, 0.09287664392659574, 0.08800016840188199, 0.09751219096021113]",,,,,
clip/ViT-L/14@336px,image_encoder.transformer.resblocks.16,AIP,train,sub-09,linear_predictivity,5919,275,0.015968229438664168,,"[31622.776601683796, 31622.776601683796, 31622.776601683796, 31622.776601683796, 31622.776601683796]",0.2749520543106968,1.1191425233193577,0.7248736474698579,0.9800878904339848
clip/ViT-L/14@336px,image_encoder.transformer.resblocks.16,AIP,test,sub-09,linear_predictivity,5919,275,0.07385084283975632,"[0.07076065337150171, 0.0705019764501851, 0.07273587126525746, 0.07135630329954847, 0.08389940981228888]",,,,,
clip/ViT-L/14@336px,image_encoder.transformer.resblocks.16,7Pm,train,sub-09,linear_predictivity,5919,17,-0.007476566980826972,,"[31622.776601683796, 100000.0, 1000000000.0, 316227.7660168379, 1000000.0]",0.08454860943208818,1.1286679113871163,0.915933601533785,1.004156532597724
clip/ViT-L/14@336px,image_encoder.transformer.resblocks.16,7Pm,test,sub-09,linear_predictivity,5919,17,-0.0069324764538183,"[-0.03462111531513993, -0.004429231947004495, -0.0015508182629896722, 0.003911953448469794, 0.0020268298075728107]",,,,,
clip/ViT-L/14@336px,image_encoder.transformer.resblocks.16,7PL,train,sub-09,linear_predictivity,5919,133,0.039286294546117186,,"[31622.776601683796, 31622.776601683796, 31622.776601683796, 31622.776601683796, 31622.776601683796]",0.28749344944130717,1.0858152392076295,0.7123744704947026,0.9576961655271827
clip/ViT-L/14@336px,image_encoder.transformer.resblocks.16,7PL,test,sub-09,linear_predictivity,5919,133,0.16028912771695833,"[0.15553807206348533, 0.1669859200604818, 0.14774075314383658, 0.15554689816090853, 0.17563399515607953]",,,,,
clip/ViT-L/14@336px,image_encoder.transformer.resblocks.16,7PC,train,sub-09,linear_predictivity,5919,315,0.03063982324713438,,"[31622.776601683796, 31622.776601683796, 31622.776601683796, 31622.776601683796, 31622.776601683796]",0.282571874049823,1.0922965123324517,0.7172309768528922,0.9653186657619436
clip/ViT-L/14@336px,image_encoder.transformer.resblocks.16,7PC,test,sub-09,linear_predictivity,5919,315,0.07764836181038579,"[0.07720381994288568, 0.08032606237077469, 0.07202603364525269, 0.06745951418814802, 0.09122637890486787]",,,,,
clip/ViT-L/14@336px,image_encoder.transformer.resblocks.16,7Am,train,sub-09,linear_predictivity,5919,228,0.03819352131611652,,"[31622.776601683796, 31622.776601683796, 31622.776601683796, 31622.776601683796, 31622.776601683796]",0.28618479789877493,1.0996888165193002,0.7136833435695439,0.9589784873779947
clip/ViT-L/14@336px,image_encoder.transformer.resblocks.16,7Am,test,sub-09,linear_predictivity,5919,228,0.10759162579291315,"[0.10901614550717294, 0.1000994770464108, 0.10469461552139418, 0.10905304860536452, 0.11509484228422326]",,,,,
clip/ViT-L/14@336px,image_encoder.transformer.resblocks.16,7AL,train,sub-09,linear_predictivity,5919,178,0.01802461627373028,,"[31622.776601683796, 31622.776601683796, 31622.776601683796, 31622.776601683796, 31622.776601683796]",0.2695689343662958,1.1159867529651195,0.7302844615609343,0.9790239984207461
clip/ViT-L/14@336px,image_encoder.transformer.resblocks.16,7AL,test,sub-09,linear_predictivity,5919,178,0.037180726941392656,"[0.0458603964701208, 0.03313566459263516, 0.03292301326362749, 0.029986813163993816, 0.043997747216585996]",,,,,
clip/ViT-L/14@336px,image_encoder.transformer.resblocks.16,VVC,train,sub-09,linear_predictivity,5919,151,0.048080265037052455,,"[31622.776601683796, 31622.776601683796, 31622.776601683796, 31622.776601683796, 31622.776601683796]",0.2923288486018288,1.0868536743720354,0.7075282399657971,0.9489020383305681
clip/ViT-L/14@336px,image_encoder.transformer.resblocks.16,VVC,test,sub-09,linear_predictivity,5919,151,0.13966114902376103,"[0.13828878727905344, 0.14299447483363523, 0.1417859325100704, 0.132450346944716, 0.14278620355133007]",,,,,
clip/ViT-L/14@336px,image_encoder.transformer.resblocks.16,VMV2,train,sub-09,linear_predictivity,5919,119,0.11640564764506524,,"[10000.0, 10000.0, 10000.0, 10000.0, 10000.0]",0.5665107071283194,1.028696143546106,0.43337858054435446,0.8806261886224135
clip/ViT-L/14@336px,image_encoder.transformer.resblocks.16,VMV2,test,sub-09,linear_predictivity,5919,119,0.22641161256923392,"[0.21750888425391401, 0.23656891871714286, 0.23405123208223721, 0.20881666990747474, 0.23511235788540086]",,,,,
clip/ViT-L/14@336px,image_encoder.transformer.resblocks.16,VMV3,train,sub-09,linear_predictivity,5919,109,0.05273408202169792,,"[31622.776601683796, 31622.776601683796, 10000.0, 31622.776601683796, 10000.0]",0.39478671684170014,1.069684470755766,0.6050715679514034,0.9432498636898285
clip/ViT-L/14@336px,image_encoder.transformer.resblocks.16,VMV3,test,sub-09,linear_predictivity,5919,109,0.10728470420109312,"[0.11540413245351515, 0.10896166992707058, 0.10309790036896958, 0.10869976618329204, 0.10026005207261833]",,,,,
clip/ViT-L/14@336px,image_encoder.transformer.resblocks.16,VMV1,train,sub-09,linear_predictivity,5919,96,0.085555439231922,,"[10000.0, 31622.776601683796, 31622.776601683796, 31622.776601683796, 31622.776601683796]",0.3675136568190229,1.054170010021249,0.6319518699451543,0.9112536627060084
clip/ViT-L/14@336px,image_encoder.transformer.resblocks.16,VMV1,test,sub-09,linear_predictivity,5919,96,0.1916450201011817,"[0.16380230956187655, 0.20329152108263834, 0.20356331063381472, 0.18941167764864353, 0.19815628157893528]",,,,,
clip/ViT-L/14@336px,image_encoder.transformer.resblocks.16,PHA2,train,sub-09,linear_predictivity,5919,17,0.02890293602560572,,"[31622.776601683796, 31622.776601683796, 31622.776601683796, 31622.776601683796, 31622.776601683796]",0.27596933875126484,1.1266596146677499,0.7239479560823949,0.9690593931069799
clip/ViT-L/14@336px,image_encoder.transformer.resblocks.16,PHA2,test,sub-09,linear_predictivity,5919,17,0.10289282787483897,"[0.08935044339437684, 0.10340215169821952, 0.1043775206005383, 0.10807794573886186, 0.1092560779421984]",,,,,
clip/ViT-L/14@336px,image_encoder.transformer.resblocks.16,PHA3,train,sub-09,linear_predictivity,5919,104,0.059169532168752495,,"[31622.776601683796, 31622.776601683796, 31622.776601683796, 31622.776601683796, 31622.776601683796]",0.30049567439542757,1.07913400914553,0.6993569345623032,0.9381291508126262
clip/ViT-L/14@336px,image_encoder.transformer.resblocks.16,PHA3,test,sub-09,linear_predictivity,5919,104,0.18767856349628181,"[0.18683389276446777, 0.19594534175265765, 0.1793709312200728, 0.18526583791690354, 0.1909768138273073]",,,,,
clip/ViT-L/14@336px,image_encoder.transformer.resblocks.16,PH,train,sub-09,linear_predictivity,5919,258,0.09369762234299117,,"[10000.0, 10000.0, 10000.0, 10000.0, 10000.0]",0.5634542651775762,1.0391409325846777,0.43642657927418227,0.9022311348445976
clip/ViT-L/14@336px,image_encoder.transformer.resblocks.16,PH,test,sub-09,linear_predictivity,5919,258,0.2168163598869358,"[0.2222194444003457, 0.21047684262203267, 0.21413038415101684, 0.22066359701531293, 0.21659153124597091]",,,,,
clip/ViT-L/14@336px,image_encoder.transformer.resblocks.18,V1,train,sub-09,linear_predictivity,5919,641,0.09687333561544878,,"[10000.0, 10000.0, 10000.0, 10000.0, 10000.0]",0.5697144934802398,1.030824952457915,0.430192373249763,0.8999665831469297
clip/ViT-L/14@336px,image_encoder.transformer.resblocks.18,V1,test,sub-09,linear_predictivity,5919,641,0.11027742443811954,"[0.0999486659339592, 0.10800119582393672, 0.11792453302329017, 0.11915039044371858, 0.10636233696569312]",,,,,
clip/ViT-L/14@336px,image_encoder.transformer.resblocks.18,V2,train,sub-09,linear_predictivity,5919,754,0.07896660195322068,,"[10000.0, 10000.0, 10000.0, 31622.776601683796, 10000.0]",0.5146420781960664,1.0453655060292968,0.4855846373556538,0.9169769828276676
clip/ViT-L/14@336px,image_encoder.transformer.resblocks.18,V2,test,sub-09,linear_predictivity,5919,754,0.0969317221878147,"[0.0850510843956087, 0.0889519358919751, 0.10475886330564946, 0.12242555904924866, 0.08347116829659157]",,,,,
clip/ViT-L/14@336px,image_encoder.transformer.resblocks.18,V3,train,sub-09,linear_predictivity,5919,575,0.08255826731020645,,"[10000.0, 10000.0, 10000.0, 10000.0, 10000.0]",0.5629252082635141,1.0431786356876425,0.43694936850407995,0.9135938268499659
clip/ViT-L/14@336px,image_encoder.transformer.resblocks.18,V3,test,sub-09,linear_predictivity,5919,575,0.11269415265992963,"[0.10414058194820737, 0.10974293035398461, 0.11990663668450217, 0.13005758600319153, 0.09962302830976243]",,,,,
clip/ViT-L/14@336px,image_encoder.transformer.resblocks.18,V4,train,sub-09,linear_predictivity,5919,616,0.09928094338673576,,"[10000.0, 10000.0, 10000.0, 10000.0, 10000.0]",0.5680240670358981,1.0255629069738934,0.43187037229301406,0.8974669108032831
clip/ViT-L/14@336px,image_encoder.transformer.resblocks.18,V4,test,sub-09,linear_predictivity,5919,616,0.15426022172687326,"[0.15604656770308223, 0.1526737565562692, 0.15098867220852444, 0.17393527239515655, 0.1376568397713339]",,,,,
clip/ViT-L/14@336px,image_encoder.transformer.resblocks.18,V3A,train,sub-09,linear_predictivity,5919,270,0.024476655832218426,,"[31622.776601683796, 31622.776601683796, 31622.776601683796, 31622.776601683796, 31622.776601683796]",0.2829775512886413,1.0932178816512612,0.7167718125863041,0.9702867518363076
clip/ViT-L/14@336px,image_encoder.transformer.resblocks.18,V3A,test,sub-09,linear_predictivity,5919,270,0.01683546864726072,"[-0.0029397062357715167, 0.022349640444276786, 0.019968821534798804, 0.02406476222710646, 0.020733825265893062]",,,,,
clip/ViT-L/14@336px,image_encoder.transformer.resblocks.18,V3B,train,sub-09,linear_predictivity,5919,148,0.09450670191807317,,"[10000.0, 10000.0, 10000.0, 10000.0, 10000.0]",0.5658518993791073,1.0232558850481384,0.4340403241528974,0.9021835950658265
clip/ViT-L/14@336px,image_encoder.transformer.resblocks.18,V3B,test,sub-09,linear_predictivity,5919,148,0.21847130300179046,"[0.20663218332288785, 0.213872061138938, 0.20306385853798964, 0.238100888952655, 0.2306875230564818]",,,,,
clip/ViT-L/14@336px,image_encoder.transformer.resblocks.18,V6,train,sub-09,linear_predictivity,5919,104,0.01635231947856905,,"[31622.776601683796, 31622.776601683796, 31622.776601683796, 31622.776601683796, 31622.776601683796]",0.2746226681045,1.1077973949306132,0.7251325921580966,0.9787767056117922
clip/ViT-L/14@336px,image_encoder.transformer.resblocks.18,V6,test,sub-09,linear_predictivity,5919,104,0.021626609520024286,"[0.012085664289317772, 0.021956149947768847, 0.007935006561978326, 0.03291322375878821, 0.03324300304226828]",,,,,
clip/ViT-L/14@336px,image_encoder.transformer.resblocks.18,V6A,train,sub-09,linear_predictivity,5919,85,0.05751205711568907,,"[10000.0, 10000.0, 10000.0, 10000.0, 10000.0]",0.5493461000705339,1.0552326462331032,0.45051495057481505,0.9382974933828343
clip/ViT-L/14@336px,image_encoder.transformer.resblocks.18,V6A,test,sub-09,linear_predictivity,5919,85,0.07308407819628224,"[0.04036208639928977, 0.08538531452818648, 0.06820973172033051, 0.08697548695091395, 0.08448777138269045]",,,,,
clip/ViT-L/14@336px,image_encoder.transformer.resblocks.18,V7,train,sub-09,linear_predictivity,5919,87,0.07140525826455409,,"[10000.0, 10000.0, 10000.0, 10000.0, 10000.0]",0.563657436614853,1.0386816365470857,0.4362204052540141,0.9250638896277282
clip/ViT-L/14@336px,image_encoder.transformer.resblocks.18,V7,test,sub-09,linear_predictivity,5919,87,0.08867078893010112,"[0.06631905745199242, 0.11501226833498743, 0.06544694613469412, 0.12133729251300171, 0.07523838021582993]",,,,,
clip/ViT-L/14@336px,image_encoder.transformer.resblocks.18,V8,train,sub-09,linear_predictivity,5919,101,0.04998592541363043,,"[10000.0, 31622.776601683796, 10000.0, 31622.776601683796, 10000.0]",0.44616794302126134,1.0576422734821593,0.554253940110158,0.9465166908594927
clip/ViT-L/14@336px,image_encoder.transformer.resblocks.18,V8,test,sub-09,linear_predictivity,5919,101,0.07364763162424526,"[0.07191497886653057, 0.08637155507105657, 0.07466258506319812, 0.08586989066789937, 0.04941914845254171]",,,,,
clip/ViT-L/14@336px,image_encoder.transformer.resblocks.18,FFC,train,sub-09,linear_predictivity,5919,263,0.1501220368483698,,"[10000.0, 10000.0, 10000.0, 10000.0, 10000.0]",0.5941291954777957,0.9856185315336357,0.4057469292299338,0.8462143053146718
clip/ViT-L/14@336px,image_encoder.transformer.resblocks.18,FFC,test,sub-09,linear_predictivity,5919,263,0.28595603451661095,"[0.2840159065723232, 0.27889897492452786, 0.2950081652139932, 0.28675057254638137, 0.2851065533258293]",,,,,
clip/ViT-L/14@336px,image_encoder.transformer.resblocks.18,PIT,train,sub-09,linear_predictivity,5919,123,0.1763924656884329,,"[10000.0, 10000.0, 10000.0, 10000.0, 10000.0]",0.6070205990366585,0.9608748623179404,0.3928599292545861,0.8202153110370306
clip/ViT-L/14@336px,image_encoder.transformer.resblocks.18,PIT,test,sub-09,linear_predictivity,5919,123,0.2894245278550348,"[0.291697220964841, 0.2786111388381939, 0.3037150244303863, 0.2981271459252945, 0.27497210911645836]",,,,,
clip/ViT-L/14@336px,image_encoder.transformer.resblocks.18,IPS1,train,sub-09,linear_predictivity,5919,243,0.0728235941142082,,"[10000.0, 10000.0, 10000.0, 10000.0, 10000.0]",0.558050865196601,1.0416139933519442,0.4418935952419634,0.9247756070456014
clip/ViT-L/14@336px,image_encoder.transformer.resblocks.18,IPS1,test,sub-09,linear_predictivity,5919,243,0.17909168804542536,"[0.16399601907474035, 0.18097420626182784, 0.160178073355159, 0.1983164785929251, 0.1919936629424744]",,,,,
clip/ViT-L/14@336px,image_encoder.transformer.resblocks.18,MST,train,sub-09,linear_predictivity,5919,149,0.13772442120393985,,"[10000.0, 10000.0, 10000.0, 10000.0, 10000.0]",0.5945070087754432,0.9857417362853986,0.4053563420718077,0.8578132879957481
clip/ViT-L/14@336px,image_encoder.transformer.resblocks.18,MST,test,sub-09,linear_predictivity,5919,149,0.2228959427612641,"[0.2099924170072683, 0.2551185521014856, 0.20595784094841066, 0.22718742361361516, 0.2162234801355407]",,,,,
clip/ViT-L/14@336px,image_encoder.transformer.resblocks.18,MT,train,sub-09,linear_predictivity,5919,100,0.1945951225596056,,"[10000.0, 10000.0, 10000.0, 10000.0, 10000.0]",0.6227734055801106,0.9448983041432518,0.37707223820567426,0.8016266211197361
clip/ViT-L/14@336px,image_encoder.transformer.resblocks.18,MT,test,sub-09,linear_predictivity,5919,100,0.32182415069447207,"[0.31846885254269003, 0.3448581984506053, 0.2954588651641259, 0.334676326499167, 0.31565851081577223]",,,,,
clip/ViT-L/14@336px,image_encoder.transformer.resblocks.18,FST,train,sub-09,linear_predictivity,5919,156,0.11943589347087176,,"[10000.0, 10000.0, 10000.0, 10000.0, 10000.0]",0.5763678337265867,1.015928661201546,0.4235778719496384,0.8781347627464935
clip/ViT-L/14@336px,image_encoder.transformer.resblocks.18,FST,test,sub-09,linear_predictivity,5919,156,0.239033817688046,"[0.22870299499664412, 0.25008679219984814, 0.24205100024791185, 0.23826247002998885, 0.23606583096583705]",,,,,
clip/ViT-L/14@336px,image_encoder.transformer.resblocks.18,LO1,train,sub-09,linear_predictivity,5919,79,0.09125654868689044,,"[10000.0, 10000.0, 10000.0, 10000.0, 10000.0]",0.5645421609726389,1.0304175533914148,0.43543350526337604,0.9073376189540179
clip/ViT-L/14@336px,image_encoder.transformer.resblocks.18,LO1,test,sub-09,linear_predictivity,5919,79,0.13122778768344118,"[0.11074927749915338, 0.147950986758995, 0.10575316436402493, 0.16916193872026883, 0.12252357107476368]",,,,,
clip/ViT-L/14@336px,image_encoder.transformer.resblocks.18,LO2,train,sub-09,linear_predictivity,5919,80,0.1460859571384167,,"[10000.0, 10000.0, 10000.0, 10000.0, 10000.0]",0.5913561018635418,0.9858914070905312,0.4086036869260664,0.8522339320694025
clip/ViT-L/14@336px,image_encoder.transformer.resblocks.18,LO2,test,sub-09,linear_predictivity,5919,80,0.25227030382405163,"[0.2462315547391249, 0.25201404925110193, 0.25020211207418747, 0.28208085315925524, 0.23082294989658889]",,,,,
clip/ViT-L/14@336px,image_encoder.transformer.resblocks.18,LO3,train,sub-09,linear_predictivity,5919,125,0.143713149847178,,"[10000.0, 10000.0, 10000.0, 10000.0, 10000.0]",0.5945288195528156,0.9887182671701342,0.40530898634513013,0.8520370640837422
clip/ViT-L/14@336px,image_encoder.transformer.resblocks.18,LO3,test,sub-09,linear_predictivity,5919,125,0.25300197900355537,"[0.25203762276258773, 0.26811310807090355, 0.23615078247340932, 0.27382019219711323, 0.2348881895137628]",,,,,
clip/ViT-L/14@336px,image_encoder.transformer.resblocks.18,V7,train,sub-09,linear_predictivity,5919,87,0.07140525826455409,,"[10000.0, 10000.0, 10000.0, 10000.0, 10000.0]",0.563657436614853,1.0386816365470857,0.4362204052540141,0.9250638896277282
clip/ViT-L/14@336px,image_encoder.transformer.resblocks.18,V7,test,sub-09,linear_predictivity,5919,87,0.08867078893010112,"[0.06631905745199242, 0.11501226833498743, 0.06544694613469412, 0.12133729251300171, 0.07523838021582993]",,,,,
clip/ViT-L/14@336px,image_encoder.transformer.resblocks.18,IP0,train,sub-09,linear_predictivity,5919,198,0.07562813596293202,,"[10000.0, 10000.0, 10000.0, 10000.0, 10000.0]",0.5612447093068991,1.0377092312626046,0.4386715587085077,0.9213435972747883
clip/ViT-L/14@336px,image_encoder.transformer.resblocks.18,IP0,test,sub-09,linear_predictivity,5919,198,0.23840180828684368,"[0.22557419366806478, 0.23901332022020064, 0.22450177472092883, 0.24761013876073837, 0.2553096140642858]",,,,,
clip/ViT-L/14@336px,image_encoder.transformer.resblocks.18,IP1,train,sub-09,linear_predictivity,5919,114,0.017402875658991568,,"[31622.776601683796, 31622.776601683796, 31622.776601683796, 31622.776601683796, 31622.776601683796]",0.28259579774994015,1.0806944805244483,0.7171566339229363,0.9768273118906183
clip/ViT-L/14@336px,image_encoder.transformer.resblocks.18,IP1,test,sub-09,linear_predictivity,5919,114,0.10445915673624348,"[0.10153067571211177, 0.10643094388395967, 0.1080320287822417, 0.0898838920639854, 0.11641824323891889]",,,,,
clip/ViT-L/14@336px,image_encoder.transformer.resblocks.18,MIP,train,sub-09,linear_predictivity,5919,280,0.03408401944673092,,"[31622.776601683796, 31622.776601683796, 31622.776601683796, 31622.776601683796, 31622.776601683796]",0.29104111324500637,1.0691755660065139,0.7087758379259658,0.962089828703277
clip/ViT-L/14@336px,image_encoder.transformer.resblocks.18,MIP,test,sub-09,linear_predictivity,5919,280,0.16390056953009796,"[0.15863375986115447, 0.16959756138466123, 0.154779823292143, 0.15486991687917712, 0.18162178623335415]",,,,,
clip/ViT-L/14@336px,image_encoder.transformer.resblocks.18,VIP,train,sub-09,linear_predictivity,5919,180,0.04549066291164878,,"[10000.0, 10000.0, 10000.0, 10000.0, 31622.776601683796]",0.49227257073981556,1.06574671483103,0.5084823615373589,0.9513595860391513
clip/ViT-L/14@336px,image_encoder.transformer.resblocks.18,VIP,test,sub-09,linear_predictivity,5919,180,0.1336437029568739,"[0.1397450205927983, 0.13296542713946044, 0.12847668042312615, 0.14647411270022706, 0.12055727392875748]",,,,,
clip/ViT-L/14@336px,image_encoder.transformer.resblocks.18,LIPd,train,sub-09,linear_predictivity,5919,69,0.003647686732854434,,"[31622.776601683796, 31622.776601683796, 31622.776601683796, 31622.776601683796, 31622.776601683796]",0.2714027618323068,1.0960087014308013,0.7282398520890678,0.9883877910181423
clip/ViT-L/14@336px,image_encoder.transformer.resblocks.18,LIPd,test,sub-09,linear_predictivity,5919,69,0.042694441733589286,"[0.05057034007916648, 0.05371907866510292, 0.03648608898287837, 0.015727969766320876, 0.056968731174477816]",,,,,
clip/ViT-L/14@336px,image_encoder.transformer.resblocks.18,LIPv,train,sub-09,linear_predictivity,5919,239,0.018272059455905047,,"[31622.776601683796, 31622.776601683796, 31622.776601683796, 31622.776601683796, 31622.776601683796]",0.27995274235947304,1.091683523087632,0.719832234842701,0.9772271413619074
clip/ViT-L/14@336px,image_encoder.transformer.resblocks.18,LIPv,test,sub-09,linear_predictivity,5919,239,0.09927510622019589,"[0.09720896024431218, 0.10133879132928442, 0.09872739265676711, 0.09522578106418002, 0.10387460580643568]",,,,,
clip/ViT-L/14@336px,image_encoder.transformer.resblocks.18,AIP,train,sub-09,linear_predictivity,5919,275,0.01663646235180884,,"[31622.776601683796, 31622.776601683796, 31622.776601683796, 31622.776601683796, 31622.776601683796]",0.27742490411070264,1.105592959049167,0.7224061221323023,0.9794906770236962
clip/ViT-L/14@336px,image_encoder.transformer.resblocks.18,AIP,test,sub-09,linear_predictivity,5919,275,0.07208009050169986,"[0.07090823573910016, 0.06788804934985855, 0.07180819592190588, 0.06970626847059713, 0.08008970302703758]",,,,,
clip/ViT-L/14@336px,image_encoder.transformer.resblocks.18,7Pm,train,sub-09,linear_predictivity,5919,17,-0.004971413049837403,,"[100000.0, 100000.0, 1000000.0, 316227.7660168379, 316227.7660168379]",0.060386208593574874,1.109627480093677,0.9397396471231598,1.0014821496644395
clip/ViT-L/14@336px,image_encoder.transformer.resblocks.18,7Pm,test,sub-09,linear_predictivity,5919,17,0.003645880820576643,"[0.005179122295760772, 0.0018997327855347912, -0.00038017075406387665, 0.0048810924113183475, 0.006649627364333179]",,,,,
clip/ViT-L/14@336px,image_encoder.transformer.resblocks.18,7PL,train,sub-09,linear_predictivity,5919,133,0.03826440358331047,,"[10000.0, 31622.776601683796, 31622.776601683796, 31622.776601683796, 31622.776601683796]",0.34049651823610433,1.0595317504437844,0.6591269993270226,0.9588125385284441
clip/ViT-L/14@336px,image_encoder.transformer.resblocks.18,7PL,test,sub-09,linear_predictivity,5919,133,0.1594640369226627,"[0.17836956053796688, 0.16308649087510554, 0.1406118862379589, 0.15042704956945765, 0.16482519739282442]",,,,,
clip/ViT-L/14@336px,image_encoder.transformer.resblocks.18,7PC,train,sub-09,linear_predictivity,5919,315,0.033868456452430154,,"[31622.776601683796, 31622.776601683796, 31622.776601683796, 31622.776601683796, 31622.776601683796]",0.28722826434376586,1.0832602994033962,0.7125824880911261,0.9621675819682917
clip/ViT-L/14@336px,image_encoder.transformer.resblocks.18,7PC,test,sub-09,linear_predictivity,5919,315,0.08168400931421746,"[0.08354248700468751, 0.08477692377737915, 0.07752657243003488, 0.07361286807763456, 0.08896119528135124]",,,,,
clip/ViT-L/14@336px,image_encoder.transformer.resblocks.18,7Am,train,sub-09,linear_predictivity,5919,228,0.03955958023113998,,"[31622.776601683796, 31622.776601683796, 31622.776601683796, 31622.776601683796, 31622.776601683796]",0.2902546330068828,1.0813573282196995,0.7096110157415136,0.957599148299666
clip/ViT-L/14@336px,image_encoder.transformer.resblocks.18,7Am,test,sub-09,linear_predictivity,5919,228,0.12087073910805406,"[0.12239112024692406, 0.11502499240685056, 0.1204343702074555, 0.12014799543636469, 0.12635521724267554]",,,,,
clip/ViT-L/14@336px,image_encoder.transformer.resblocks.18,7AL,train,sub-09,linear_predictivity,5919,178,0.02136565789721142,,"[31622.776601683796, 31622.776601683796, 31622.776601683796, 31622.776601683796, 31622.776601683796]",0.27505032278760116,1.1061786665520883,0.7248073999936163,0.9757672038804197
clip/ViT-L/14@336px,image_encoder.transformer.resblocks.18,7AL,test,sub-09,linear_predictivity,5919,178,0.05180967841707471,"[0.06562994226908048, 0.04622279703108167, 0.049453093403615096, 0.04489444675894272, 0.0528481126226536]",,,,,
clip/ViT-L/14@336px,image_encoder.transformer.resblocks.18,VVC,train,sub-09,linear_predictivity,5919,151,0.047099044973250556,,"[31622.776601683796, 31622.776601683796, 31622.776601683796, 31622.776601683796, 31622.776601683796]",0.2944226592480025,1.071266966346525,0.705439681774697,0.9499328821573563
clip/ViT-L/14@336px,image_encoder.transformer.resblocks.18,VVC,test,sub-09,linear_predictivity,5919,151,0.1339325546965306,"[0.13219567732305323, 0.13523155333039513, 0.13562851870659506, 0.13001011524625236, 0.13659690887635728]",,,,,
clip/ViT-L/14@336px,image_encoder.transformer.resblocks.18,VMV2,train,sub-09,linear_predictivity,5919,119,0.11417755905740072,,"[10000.0, 10000.0, 10000.0, 10000.0, 10000.0]",0.5740177470955297,1.014761964006064,0.4258765667031404,0.8829110602917609
clip/ViT-L/14@336px,image_encoder.transformer.resblocks.18,VMV2,test,sub-09,linear_predictivity,5919,119,0.24159896086028101,"[0.2347474891045664, 0.24646456511692674, 0.24972955734920504, 0.22719315106215113, 0.24986004166855574]",,,,,
clip/ViT-L/14@336px,image_encoder.transformer.resblocks.18,VMV3,train,sub-09,linear_predictivity,5919,109,0.05635483309322307,,"[10000.0, 10000.0, 10000.0, 31622.776601683796, 10000.0]",0.49852436277565104,1.0588955781431397,0.5002341017701926,0.9397250468464813
clip/ViT-L/14@336px,image_encoder.transformer.resblocks.18,VMV3,test,sub-09,linear_predictivity,5919,109,0.10776486456876386,"[0.11094076254876331, 0.09809026206643984, 0.114762327229807, 0.11155958290024297, 0.10347138809856624]",,,,,
clip/ViT-L/14@336px,image_encoder.transformer.resblocks.18,VMV1,train,sub-09,linear_predictivity,5919,96,0.08610986481515565,,"[10000.0, 10000.0, 10000.0, 31622.776601683796, 10000.0]",0.5140976257998927,1.0414875552964602,0.48555712754715785,0.9106541198170156
clip/ViT-L/14@336px,image_encoder.transformer.resblocks.18,VMV1,test,sub-09,linear_predictivity,5919,96,0.17140960801322488,"[0.16214234475611003, 0.17144285773010362, 0.17393058864576463, 0.18404389675092667, 0.16548835218321944]",,,,,
clip/ViT-L/14@336px,image_encoder.transformer.resblocks.18,PHA2,train,sub-09,linear_predictivity,5919,17,0.027882631901148112,,"[31622.776601683796, 31622.776601683796, 31622.776601683796, 31622.776601683796, 31622.776601683796]",0.2784647411591735,1.1047308514232845,0.7214533648241972,0.9700872146925299
clip/ViT-L/14@336px,image_encoder.transformer.resblocks.18,PHA2,test,sub-09,linear_predictivity,5919,17,0.10870404232978395,"[0.09423806298052906, 0.11354299235944325, 0.10810036608621652, 0.11363576968011092, 0.11400302054261993]",,,,,
clip/ViT-L/14@336px,image_encoder.transformer.resblocks.18,PHA3,train,sub-09,linear_predictivity,5919,104,0.057142408482117914,,"[31622.776601683796, 31622.776601683796, 31622.776601683796, 31622.776601683796, 31622.776601683796]",0.3021782892593592,1.0596753172221365,0.6976828209760656,0.9401794297105187
clip/ViT-L/14@336px,image_encoder.transformer.resblocks.18,PHA3,test,sub-09,linear_predictivity,5919,104,0.18508931249187116,"[0.18343389114177278, 0.19296266672920262, 0.17587632043538404, 0.18385444981560914, 0.18931923433738726]",,,,,
clip/ViT-L/14@336px,image_encoder.transformer.resblocks.18,PH,train,sub-09,linear_predictivity,5919,258,0.10006238493296839,,"[10000.0, 10000.0, 10000.0, 10000.0, 10000.0]",0.572183785318672,1.0238371770990995,0.42770950735122704,0.8961135016756139
clip/ViT-L/14@336px,image_encoder.transformer.resblocks.18,PH,test,sub-09,linear_predictivity,5919,258,0.22843595094574437,"[0.23044701646717441, 0.21863910268558998, 0.2307580926239631, 0.23179141599570924, 0.23054412695628507]",,,,,
clip/ViT-L/14@336px,image_encoder.transformer.resblocks.19,V1,train,sub-09,linear_predictivity,5919,641,0.09964241113670856,,"[10000.0, 10000.0, 10000.0, 10000.0, 10000.0]",0.5655205933999199,1.0331935527910552,0.43437864993491504,0.8970428458221335
clip/ViT-L/14@336px,image_encoder.transformer.resblocks.19,V1,test,sub-09,linear_predictivity,5919,641,0.1195493829289594,"[0.11102870345166453, 0.11519495116881907, 0.12474727044512772, 0.12306250588057219, 0.1237134836986135]",,,,,
clip/ViT-L/14@336px,image_encoder.transformer.resblocks.19,V2,train,sub-09,linear_predictivity,5919,754,0.08234727158639679,,"[31622.776601683796, 31622.776601683796, 31622.776601683796, 31622.776601683796, 31622.776601683796]",0.320688068360278,1.0497578597854353,0.6791119346956342,0.9137465415240694
clip/ViT-L/14@336px,image_encoder.transformer.resblocks.19,V2,test,sub-09,linear_predictivity,5919,754,0.12217665931016375,"[0.1159961959647052, 0.12255314924123487, 0.1265487527020235, 0.1261677835591025, 0.11961741508375272]",,,,,
clip/ViT-L/14@336px,image_encoder.transformer.resblocks.19,V3,train,sub-09,linear_predictivity,5919,575,0.0844070409410089,,"[10000.0, 31622.776601683796, 10000.0, 10000.0, 10000.0]",0.5104742946392481,1.0453957495826034,0.48984442579376364,0.9117868657886257
clip/ViT-L/14@336px,image_encoder.transformer.resblocks.19,V3,test,sub-09,linear_predictivity,5919,575,0.12228898516583186,"[0.11403512324331502, 0.13525845275990095, 0.12117434671575573, 0.12404442882331322, 0.11693257428687441]",,,,,
clip/ViT-L/14@336px,image_encoder.transformer.resblocks.19,V4,train,sub-09,linear_predictivity,5919,616,0.10164016910035377,,"[10000.0, 10000.0, 10000.0, 10000.0, 10000.0]",0.5630625705306487,1.02714425082168,0.4368270256732104,0.8950313502012367
clip/ViT-L/14@336px,image_encoder.transformer.resblocks.19,V4,test,sub-09,linear_predictivity,5919,616,0.1610515199957118,"[0.16015633345157776, 0.16359378993379198, 0.15830683326654882, 0.17174561811810687, 0.15145502520853352]",,,,,
clip/ViT-L/14@336px,image_encoder.transformer.resblocks.19,V3A,train,sub-09,linear_predictivity,5919,270,0.02200739521283349,,"[31622.776601683796, 31622.776601683796, 31622.776601683796, 31622.776601683796, 31622.776601683796]",0.27585886260626935,1.104573130393609,0.7238874371920672,0.9727205097090776
clip/ViT-L/14@336px,image_encoder.transformer.resblocks.19,V3A,test,sub-09,linear_predictivity,5919,270,0.017140278190895475,"[-0.0026807667388977813, 0.022630432662844188, 0.019352637543888662, 0.021275964998355077, 0.02512312248828723]",,,,,
clip/ViT-L/14@336px,image_encoder.transformer.resblocks.19,V3B,train,sub-09,linear_predictivity,5919,148,0.09206771376963453,,"[10000.0, 10000.0, 10000.0, 10000.0, 10000.0]",0.5568977310878236,1.027046506934127,0.44299465924384307,0.9047366305278448
clip/ViT-L/14@336px,image_encoder.transformer.resblocks.19,V3B,test,sub-09,linear_predictivity,5919,148,0.20021093646696891,"[0.1853446970275667, 0.20201700147956123, 0.18916116679227754, 0.21353181018084091, 0.2110000068545981]",,,,,
clip/ViT-L/14@336px,image_encoder.transformer.resblocks.19,V6,train,sub-09,linear_predictivity,5919,104,0.012005334400486931,,"[31622.776601683796, 31622.776601683796, 31622.776601683796, 31622.776601683796, 31622.776601683796]",0.26641677241689415,1.116693862350998,0.7333393894976982,0.9830815866706832
clip/ViT-L/14@336px,image_encoder.transformer.resblocks.19,V6,test,sub-09,linear_predictivity,5919,104,0.028424615765206662,"[0.016949980089604612, 0.029867680646898, 0.012299200033069193, 0.03852974714699195, 0.044476470909469566]",,,,,
clip/ViT-L/14@336px,image_encoder.transformer.resblocks.19,V6A,train,sub-09,linear_predictivity,5919,85,0.05096629788955129,,"[10000.0, 10000.0, 10000.0, 10000.0, 10000.0]",0.5397738233620331,1.0583427954377345,0.4600961198847477,0.9449409650898722
clip/ViT-L/14@336px,image_encoder.transformer.resblocks.19,V6A,test,sub-09,linear_predictivity,5919,85,0.06010065572374,"[0.03149874439758526, 0.06462382831868561, 0.05586505560470176, 0.07371427276659306, 0.07480137753113433]",,,,,
clip/ViT-L/14@336px,image_encoder.transformer.resblocks.19,V7,train,sub-09,linear_predictivity,5919,87,0.07367702752471002,,"[10000.0, 10000.0, 10000.0, 10000.0, 10000.0]",0.5573061693345215,1.032188095685859,0.442554351295279,0.9225664513684875
clip/ViT-L/14@336px,image_encoder.transformer.resblocks.19,V7,test,sub-09,linear_predictivity,5919,87,0.069196111370186,"[0.04406403058648169, 0.09416505913337021, 0.06008139543922102, 0.09473133986040932, 0.05293873183144772]",,,,,
clip/ViT-L/14@336px,image_encoder.transformer.resblocks.19,V8,train,sub-09,linear_predictivity,5919,101,0.050782600378468566,,"[10000.0, 31622.776601683796, 31622.776601683796, 31622.776601683796, 31622.776601683796]",0.3415046608435017,1.065914286549001,0.6592508344590076,0.9458076261420659
clip/ViT-L/14@336px,image_encoder.transformer.resblocks.19,V8,test,sub-09,linear_predictivity,5919,101,0.08615918231984537,"[0.07521995089282457, 0.08980927235526583, 0.09639424506434882, 0.08661389578529283, 0.0827585475014948]",,,,,
clip/ViT-L/14@336px,image_encoder.transformer.resblocks.19,FFC,train,sub-09,linear_predictivity,5919,263,0.1411073861427965,,"[10000.0, 10000.0, 10000.0, 10000.0, 10000.0]",0.5852028709831737,0.9889485043381037,0.41467226373105237,0.8551851567897145
clip/ViT-L/14@336px,image_encoder.transformer.resblocks.19,FFC,test,sub-09,linear_predictivity,5919,263,0.28547761859246024,"[0.2834048182860251, 0.2797070208970696, 0.2888325427855393, 0.2832145667365192, 0.29222914425714774]",,,,,
clip/ViT-L/14@336px,image_encoder.transformer.resblocks.19,PIT,train,sub-09,linear_predictivity,5919,123,0.16580734889944612,,"[10000.0, 10000.0, 10000.0, 10000.0, 10000.0]",0.598497001897327,0.9667319943927115,0.4013776282642179,0.8305824837197824
clip/ViT-L/14@336px,image_encoder.transformer.resblocks.19,PIT,test,sub-09,linear_predictivity,5919,123,0.29125994196885036,"[0.2915519505296069, 0.2845718594420163, 0.30056893391961687, 0.29280200549994445, 0.286804960453067]",,,,,
clip/ViT-L/14@336px,image_encoder.transformer.resblocks.19,IPS1,train,sub-09,linear_predictivity,5919,243,0.0683083077122094,,"[10000.0, 10000.0, 10000.0, 10000.0, 10000.0]",0.5496752144169592,1.0391575478506536,0.45026859775969374,0.9292998743815584
clip/ViT-L/14@336px,image_encoder.transformer.resblocks.19,IPS1,test,sub-09,linear_predictivity,5919,243,0.15826798654942947,"[0.13981699101460285, 0.1578962818352896, 0.1503014764415909, 0.17006777996292372, 0.17325740349274035]",,,,,
clip/ViT-L/14@336px,image_encoder.transformer.resblocks.19,MST,train,sub-09,linear_predictivity,5919,149,0.1309666996093047,,"[10000.0, 10000.0, 10000.0, 10000.0, 10000.0]",0.5850321459417678,0.9847959689305709,0.41481145114580426,0.8641196715422822
clip/ViT-L/14@336px,image_encoder.transformer.resblocks.19,MST,test,sub-09,linear_predictivity,5919,149,0.2140234463460219,"[0.20063913981974782, 0.24432317225651054, 0.2032583104073494, 0.2122853213513306, 0.2096112878951712]",,,,,
clip/ViT-L/14@336px,image_encoder.transformer.resblocks.19,MT,train,sub-09,linear_predictivity,5919,100,0.1818237165846153,,"[10000.0, 10000.0, 3162.277660168379, 3162.277660168379, 10000.0]",0.7002584901674589,0.9448161979581571,0.29955033397956154,0.813392863230575
clip/ViT-L/14@336px,image_encoder.transformer.resblocks.19,MT,test,sub-09,linear_predictivity,5919,100,0.30537890188239636,"[0.31277362402041875, 0.3370566875434332, 0.2653179611370331, 0.2971325083207411, 0.3146137283903557]",,,,,
clip/ViT-L/14@336px,image_encoder.transformer.resblocks.19,FST,train,sub-09,linear_predictivity,5919,156,0.11201877274146757,,"[10000.0, 10000.0, 10000.0, 10000.0, 10000.0]",0.5656433362836011,1.0194817376941412,0.4342955450038161,0.8854332685680635
clip/ViT-L/14@336px,image_encoder.transformer.resblocks.19,FST,test,sub-09,linear_predictivity,5919,156,0.23357003715268174,"[0.21330561515737786, 0.2475724368713766, 0.23994546672205083, 0.22913453872485404, 0.23789212828774936]",,,,,
clip/ViT-L/14@336px,image_encoder.transformer.resblocks.19,LO1,train,sub-09,linear_predictivity,5919,79,0.09991174575583521,,"[10000.0, 10000.0, 10000.0, 10000.0, 10000.0]",0.5611138951525889,1.0189541479490125,0.43886030857014485,0.8987743943397689
clip/ViT-L/14@336px,image_encoder.transformer.resblocks.19,LO1,test,sub-09,linear_predictivity,5919,79,0.11116207761647016,"[0.07544751601472297, 0.13679477730497053, 0.09913190554316229, 0.1346368563255539, 0.10979933289394113]",,,,,
clip/ViT-L/14@336px,image_encoder.transformer.resblocks.19,LO2,train,sub-09,linear_predictivity,5919,80,0.13919680130520856,,"[10000.0, 10000.0, 10000.0, 10000.0, 10000.0]",0.5833944231857924,0.9929713755585304,0.41656396365049864,0.8590273870920434
clip/ViT-L/14@336px,image_encoder.transformer.resblocks.19,LO2,test,sub-09,linear_predictivity,5919,80,0.2578249876571013,"[0.248768577473547, 0.2624168605121916, 0.2562430179896171, 0.2716760039370354, 0.2500204783731155]",,,,,
clip/ViT-L/14@336px,image_encoder.transformer.resblocks.19,LO3,train,sub-09,linear_predictivity,5919,125,0.14226394500725031,,"[10000.0, 10000.0, 10000.0, 10000.0, 10000.0]",0.5886031535665085,0.980756959504483,0.41121996776939423,0.853159527999869
clip/ViT-L/14@336px,image_encoder.transformer.resblocks.19,LO3,test,sub-09,linear_predictivity,5919,125,0.23144974901555032,"[0.22012300770665694, 0.2512183125768423, 0.22226319016259571, 0.24486954794902904, 0.21877468668262764]",,,,,
clip/ViT-L/14@336px,image_encoder.transformer.resblocks.19,V7,train,sub-09,linear_predictivity,5919,87,0.07367702752471002,,"[10000.0, 10000.0, 10000.0, 10000.0, 10000.0]",0.5573061693345215,1.032188095685859,0.442554351295279,0.9225664513684875
clip/ViT-L/14@336px,image_encoder.transformer.resblocks.19,V7,test,sub-09,linear_predictivity,5919,87,0.069196111370186,"[0.04406403058648169, 0.09416505913337021, 0.06008139543922102, 0.09473133986040932, 0.05293873183144772]",,,,,
clip/ViT-L/14@336px,image_encoder.transformer.resblocks.19,IP0,train,sub-09,linear_predictivity,5919,198,0.07369304809628725,,"[10000.0, 10000.0, 10000.0, 10000.0, 10000.0]",0.5531604789938867,1.034684542789433,0.4467552894888061,0.9234091354002381
clip/ViT-L/14@336px,image_encoder.transformer.resblocks.19,IP0,test,sub-09,linear_predictivity,5919,198,0.21732828790867945,"[0.20069415511130614, 0.21773874964341744, 0.20830468825445506, 0.22120855048750013, 0.23869529604671852]",,,,,
clip/ViT-L/14@336px,image_encoder.transformer.resblocks.19,IP1,train,sub-09,linear_predictivity,5919,114,0.01621209882865493,,"[31622.776601683796, 31622.776601683796, 31622.776601683796, 31622.776601683796, 31622.776601683796]",0.2758424955623719,1.0816833279264375,0.7239089616107098,0.9780314738711056
clip/ViT-L/14@336px,image_encoder.transformer.resblocks.19,IP1,test,sub-09,linear_predictivity,5919,114,0.089854690860499,"[0.08448485659989259, 0.09337706689741158, 0.09475590022445425, 0.07147781123855401, 0.10517781934218261]",,,,,
clip/ViT-L/14@336px,image_encoder.transformer.resblocks.19,MIP,train,sub-09,linear_predictivity,5919,280,0.03165962884302273,,"[31622.776601683796, 31622.776601683796, 31622.776601683796, 31622.776601683796, 31622.776601683796]",0.28434576804642114,1.0663190664435824,0.7154679170359888,0.9645492501282906
clip/ViT-L/14@336px,image_encoder.transformer.resblocks.19,MIP,test,sub-09,linear_predictivity,5919,280,0.15491055044696622,"[0.14860823314690477, 0.1628434612405507, 0.14448906595539288, 0.145652275028628, 0.1729597168633548]",,,,,
clip/ViT-L/14@336px,image_encoder.transformer.resblocks.19,VIP,train,sub-09,linear_predictivity,5919,180,0.03749905571457782,,"[10000.0, 10000.0, 10000.0, 10000.0, 31622.776601683796]",0.4830107563763845,1.0622278426254959,0.5177270712020785,0.9592167122707782
clip/ViT-L/14@336px,image_encoder.transformer.resblocks.19,VIP,test,sub-09,linear_predictivity,5919,180,0.11865803697667272,"[0.12299471642883203, 0.11884647676299838, 0.11249807952547072, 0.12978274120116046, 0.10916817096490201]",,,,,
clip/ViT-L/14@336px,image_encoder.transformer.resblocks.19,LIPd,train,sub-09,linear_predictivity,5919,69,0.0035096740636411682,,"[31622.776601683796, 31622.776601683796, 31622.776601683796, 31622.776601683796, 31622.776601683796]",0.26632953823036126,1.0977924201297184,0.7333170253074318,0.9886001249147119
clip/ViT-L/14@336px,image_encoder.transformer.resblocks.19,LIPd,test,sub-09,linear_predictivity,5919,69,0.033993559162412694,"[0.03622368799010602, 0.04477765163447027, 0.026521066049085804, 0.01010708669469293, 0.052338303443708455]",,,,,
clip/ViT-L/14@336px,image_encoder.transformer.resblocks.19,LIPv,train,sub-09,linear_predictivity,5919,239,0.014039453017945389,,"[31622.776601683796, 31622.776601683796, 31622.776601683796, 31622.776601683796, 31622.776601683796]",0.27284069310448267,1.0939948464744524,0.7269340066123735,0.9813712286196022
clip/ViT-L/14@336px,image_encoder.transformer.resblocks.19,LIPv,test,sub-09,linear_predictivity,5919,239,0.09167684449547106,"[0.08393912138019907, 0.09506491810590041, 0.09173414175909032, 0.0879833307555305, 0.09966271047663498]",,,,,
clip/ViT-L/14@336px,image_encoder.transformer.resblocks.19,AIP,train,sub-09,linear_predictivity,5919,275,0.01411798898247265,,"[31622.776601683796, 31622.776601683796, 31622.776601683796, 31622.776601683796, 31622.776601683796]",0.269859730037472,1.1048823439584399,0.7299716486551642,0.9820016865263028
clip/ViT-L/14@336px,image_encoder.transformer.resblocks.19,AIP,test,sub-09,linear_predictivity,5919,275,0.07343994867715625,"[0.0748910801859519, 0.07118659209774904, 0.06872454569746342, 0.06836715312574065, 0.08403037227887626]",,,,,
clip/ViT-L/14@336px,image_encoder.transformer.resblocks.19,7Pm,train,sub-09,linear_predictivity,5919,17,-0.005303442557690198,,"[100000.0, 100000.0, 1000000000.0, 100000.0, 1000000.0]",0.06607946876108498,1.1093215200759636,0.9335508368777345,1.0016962196710053
clip/ViT-L/14@336px,image_encoder.transformer.resblocks.19,7Pm,test,sub-09,linear_predictivity,5919,17,0.001837975699515344,"[0.0034565142176442186, -0.0018111101651003172, -0.0015509985173435205, 0.006592256736243372, 0.002503216226132966]",,,,,
clip/ViT-L/14@336px,image_encoder.transformer.resblocks.19,7PL,train,sub-09,linear_predictivity,5919,133,0.03524994903160704,,"[10000.0, 10000.0, 31622.776601683796, 31622.776601683796, 10000.0]",0.433964640812769,1.0565574316082833,0.564591811218477,0.9616771667167742
clip/ViT-L/14@336px,image_encoder.transformer.resblocks.19,7PL,test,sub-09,linear_predictivity,5919,133,0.1601320722993978,"[0.16436707289043556, 0.1768260919012542, 0.12511865575609968, 0.13995077695097044, 0.19439776399822917]",,,,,
clip/ViT-L/14@336px,image_encoder.transformer.resblocks.19,7PC,train,sub-09,linear_predictivity,5919,315,0.028723525107397695,,"[31622.776601683796, 31622.776601683796, 31622.776601683796, 31622.776601683796, 31622.776601683796]",0.27876002514354886,1.0825299168687412,0.7210478774568844,0.9672412170430361
clip/ViT-L/14@336px,image_encoder.transformer.resblocks.19,7PC,test,sub-09,linear_predictivity,5919,315,0.07329189582458012,"[0.07461619865742974, 0.07842140915788863, 0.07077219143343502, 0.061828921911153356, 0.08082075796299389]",,,,,
clip/ViT-L/14@336px,image_encoder.transformer.resblocks.19,7Am,train,sub-09,linear_predictivity,5919,228,0.037549759030737,,"[31622.776601683796, 31622.776601683796, 31622.776601683796, 31622.776601683796, 31622.776601683796]",0.2839920262056952,1.0760831756807883,0.71587070434481,0.959585733224975
clip/ViT-L/14@336px,image_encoder.transformer.resblocks.19,7Am,test,sub-09,linear_predictivity,5919,228,0.11248295199158809,"[0.11757194683031255, 0.10628638797041408, 0.10639604039164442, 0.11164979013585916, 0.1205105946297103]",,,,,
clip/ViT-L/14@336px,image_encoder.transformer.resblocks.19,7AL,train,sub-09,linear_predictivity,5919,178,0.017435833416482055,,"[31622.776601683796, 31622.776601683796, 31622.776601683796, 31622.776601683796, 31622.776601683796]",0.2679643581106073,1.102352407837966,0.7318947188768712,0.9796925231457415
clip/ViT-L/14@336px,image_encoder.transformer.resblocks.19,7AL,test,sub-09,linear_predictivity,5919,178,0.041712215228039515,"[0.05524901012032215, 0.03464103187455929, 0.039179954058881576, 0.0343112528198649, 0.045179827266569626]",,,,,
clip/ViT-L/14@336px,image_encoder.transformer.resblocks.19,VVC,train,sub-09,linear_predictivity,5919,151,0.042968275398746765,,"[31622.776601683796, 31622.776601683796, 31622.776601683796, 31622.776601683796, 31622.776601683796]",0.28684292086362356,1.0744857787308877,0.7130170760087016,0.9540446749822802
clip/ViT-L/14@336px,image_encoder.transformer.resblocks.19,VVC,test,sub-09,linear_predictivity,5919,151,0.1265017584731878,"[0.12414545867047838, 0.1287683037279195, 0.12628674482018, 0.1223268016432838, 0.1309814835040773]",,,,,
clip/ViT-L/14@336px,image_encoder.transformer.resblocks.19,VMV2,train,sub-09,linear_predictivity,5919,119,0.11079938719635739,,"[10000.0, 10000.0, 10000.0, 10000.0, 10000.0]",0.5655794709541041,1.0193116950657815,0.4343115091307972,0.8862575340260017
clip/ViT-L/14@336px,image_encoder.transformer.resblocks.19,VMV2,test,sub-09,linear_predictivity,5919,119,0.2404653482849317,"[0.2358038808649639, 0.24038816413892883, 0.24790809589215246, 0.23035839419605145, 0.24786820633256185]",,,,,
clip/ViT-L/14@336px,image_encoder.transformer.resblocks.19,VMV3,train,sub-09,linear_predictivity,5919,109,0.05500691419086162,,"[10000.0, 10000.0, 10000.0, 31622.776601683796, 10000.0]",0.4910441241825739,1.0597545319772999,0.5077332944633983,0.941250882126927
clip/ViT-L/14@336px,image_encoder.transformer.resblocks.19,VMV3,test,sub-09,linear_predictivity,5919,109,0.09926806829387877,"[0.10116565302308404, 0.08737190497157579, 0.10895394624776147, 0.1011019638738776, 0.09774687335309493]",,,,,
clip/ViT-L/14@336px,image_encoder.transformer.resblocks.19,VMV1,train,sub-09,linear_predictivity,5919,96,0.08142297119361692,,"[10000.0, 10000.0, 10000.0, 31622.776601683796, 10000.0]",0.5056379602037154,1.0460803362217175,0.49402333603350235,0.9153959851705233
clip/ViT-L/14@336px,image_encoder.transformer.resblocks.19,VMV1,test,sub-09,linear_predictivity,5919,96,0.1782696601276668,"[0.17151967804346532, 0.1788525459620369, 0.17555743006140298, 0.1883097203083404, 0.17710892626308836]",,,,,
clip/ViT-L/14@336px,image_encoder.transformer.resblocks.19,PHA2,train,sub-09,linear_predictivity,5919,17,0.025034165215074143,,"[31622.776601683796, 31622.776601683796, 31622.776601683796, 31622.776601683796, 31622.776601683796]",0.2721518271562271,1.102674060192511,0.7277718178157663,0.9730493850070552
clip/ViT-L/14@336px,image_encoder.transformer.resblocks.19,PHA2,test,sub-09,linear_predictivity,5919,17,0.10392789704820152,"[0.08979330083543292, 0.10756996989332171, 0.10075540121127989, 0.1123786829944025, 0.10914213030657047]",,,,,
clip/ViT-L/14@336px,image_encoder.transformer.resblocks.19,PHA3,train,sub-09,linear_predictivity,5919,104,0.05254444154158763,,"[31622.776601683796, 31622.776601683796, 31622.776601683796, 31622.776601683796, 31622.776601683796]",0.2941567787766253,1.0624116436449458,0.7057101153702504,0.9448786304625585
clip/ViT-L/14@336px,image_encoder.transformer.resblocks.19,PHA3,test,sub-09,linear_predictivity,5919,104,0.17571952687962694,"[0.1750481142464722, 0.18243774427115544, 0.16223272807226868, 0.1786607602970749, 0.1802182875111635]",,,,,
clip/ViT-L/14@336px,image_encoder.transformer.resblocks.19,PH,train,sub-09,linear_predictivity,5919,258,0.09556558779591906,,"[10000.0, 10000.0, 10000.0, 10000.0, 10000.0]",0.5634005107419968,1.0244439457936152,0.4364903483980555,0.9006551109857306
clip/ViT-L/14@336px,image_encoder.transformer.resblocks.19,PH,test,sub-09,linear_predictivity,5919,258,0.22753101899256906,"[0.2221492306879507, 0.22231216244936403, 0.22994001475498677, 0.22163328725818235, 0.24162039981236133]",,,,,
clip/ViT-L/14@336px,image_encoder.transformer.resblocks.21,V1,train,sub-09,linear_predictivity,5919,641,0.10194160185701179,,"[31622.776601683796, 31622.776601683796, 31622.776601683796, 31622.776601683796, 31622.776601683796]",0.31130457073615786,1.051379125703476,0.688538970445105,0.8949144325892717
clip/ViT-L/14@336px,image_encoder.transformer.resblocks.21,V1,test,sub-09,linear_predictivity,5919,641,0.15411226476248382,"[0.15105802553690065, 0.15551768893146012, 0.1561968695064924, 0.15251787301425015, 0.15527086682331587]",,,,,
clip/ViT-L/14@336px,image_encoder.transformer.resblocks.21,V2,train,sub-09,linear_predictivity,5919,754,0.08739985533462624,,"[31622.776601683796, 31622.776601683796, 31622.776601683796, 31622.776601683796, 31622.776601683796]",0.2998791775044919,1.065988301347505,0.6999280954994844,0.9087069044056431
clip/ViT-L/14@336px,image_encoder.transformer.resblocks.21,V2,test,sub-09,linear_predictivity,5919,754,0.12317325973156228,"[0.12354890278401914, 0.12597435911085936, 0.12472862845431128, 0.12280388026434885, 0.11881052804427275]",,,,,
clip/ViT-L/14@336px,image_encoder.transformer.resblocks.21,V3,train,sub-09,linear_predictivity,5919,575,0.08690081097093552,,"[31622.776601683796, 31622.776601683796, 31622.776601683796, 31622.776601683796, 31622.776601683796]",0.29808784643616804,1.0620191013474165,0.7017397287564394,0.9097012182668195
clip/ViT-L/14@336px,image_encoder.transformer.resblocks.21,V3,test,sub-09,linear_predictivity,5919,575,0.13735142391763927,"[0.13357973276817964, 0.1414141772324903, 0.1412782098157262, 0.13809985220715967, 0.1323851475646405]",,,,,
clip/ViT-L/14@336px,image_encoder.transformer.resblocks.21,V4,train,sub-09,linear_predictivity,5919,616,0.08448144770567813,,"[10000.0, 31622.776601683796, 31622.776601683796, 10000.0, 10000.0]",0.42836591353092446,1.0562697903400005,0.5718915771680708,0.9123580661794002
clip/ViT-L/14@336px,image_encoder.transformer.resblocks.21,V4,test,sub-09,linear_predictivity,5919,616,0.1534467778418716,"[0.14407812869079462, 0.16554283858395277, 0.17221087365628432, 0.14413771565326255, 0.14126433262506372]",,,,,
clip/ViT-L/14@336px,image_encoder.transformer.resblocks.21,V3A,train,sub-09,linear_predictivity,5919,270,0.013406830014037934,,"[100000.0, 31622.776601683796, 31622.776601683796, 31622.776601683796, 31622.776601683796]",0.217793167420419,1.1279872622882312,0.7820315617694135,0.9812594381852959
clip/ViT-L/14@336px,image_encoder.transformer.resblocks.21,V3A,test,sub-09,linear_predictivity,5919,270,0.006520038020801202,"[-0.02522436009562134, 0.023980442657863553, 0.011799341825978738, 0.01399355453452937, 0.008051211181255683]",,,,,
clip/ViT-L/14@336px,image_encoder.transformer.resblocks.21,V3B,train,sub-09,linear_predictivity,5919,148,0.06486360833185266,,"[10000.0, 10000.0, 10000.0, 10000.0, 10000.0]",0.505741543053323,1.0633355904491726,0.49413784433764485,0.9316584302920118
clip/ViT-L/14@336px,image_encoder.transformer.resblocks.21,V3B,test,sub-09,linear_predictivity,5919,148,0.1687332837574091,"[0.1549808076826165, 0.18184364589681742, 0.1751724016519329, 0.15945144805309983, 0.1722181155025787]",,,,,
clip/ViT-L/14@336px,image_encoder.transformer.resblocks.21,V6,train,sub-09,linear_predictivity,5919,104,0.004127800625832145,,"[100000.0, 100000.0, 100000.0, 100000.0, 100000.0]",0.1007456526599779,1.1447238362316086,0.8989744667454396,0.9910452950843547
clip/ViT-L/14@336px,image_encoder.transformer.resblocks.21,V6,test,sub-09,linear_predictivity,5919,104,0.012847057154308509,"[0.0045357429086778185, 0.017546013697388292, 0.006913666323244734, 0.013976351359165235, 0.021263511483066464]",,,,,
clip/ViT-L/14@336px,image_encoder.transformer.resblocks.21,V6A,train,sub-09,linear_predictivity,5919,85,0.029295118397643344,,"[31622.776601683796, 31622.776601683796, 31622.776601683796, 31622.776601683796, 10000.0]",0.3048395764819567,1.0903637282667966,0.6937424738002947,0.9660279164164984
clip/ViT-L/14@336px,image_encoder.transformer.resblocks.21,V6A,test,sub-09,linear_predictivity,5919,85,0.051610753341783625,"[0.039714946071870545, 0.06262742310071522, 0.05526386580587547, 0.05261092023467576, 0.047836611495781126]",,,,,
clip/ViT-L/14@336px,image_encoder.transformer.resblocks.21,V7,train,sub-09,linear_predictivity,5919,87,0.036940238669651196,,"[10000.0, 31622.776601683796, 10000.0, 10000.0, 10000.0]",0.4558489541073527,1.0717342854635235,0.5438880134860361,0.9584277374239321
clip/ViT-L/14@336px,image_encoder.transformer.resblocks.21,V7,test,sub-09,linear_predictivity,5919,87,0.024386370732414897,"[0.012694859362561619, 0.054686242571681455, 0.029241632096352325, 0.02317987370834312, 0.002129245923135964]",,,,,
clip/ViT-L/14@336px,image_encoder.transformer.resblocks.21,V8,train,sub-09,linear_predictivity,5919,101,0.03947024259094558,,"[31622.776601683796, 31622.776601683796, 31622.776601683796, 31622.776601683796, 31622.776601683796]",0.2600689443245616,1.099043476051942,0.739772791559317,0.9571077121543029
clip/ViT-L/14@336px,image_encoder.transformer.resblocks.21,V8,test,sub-09,linear_predictivity,5919,101,0.07326220849292049,"[0.06637147834344863, 0.07862304794600164, 0.08477291841216604, 0.06411961570819215, 0.07242398205479403]",,,,,
clip/ViT-L/14@336px,image_encoder.transformer.resblocks.21,FFC,train,sub-09,linear_predictivity,5919,263,0.11223788037838496,,"[10000.0, 10000.0, 10000.0, 10000.0, 10000.0]",0.5317973931252212,1.0241524070959067,0.46806774020288094,0.8840350590626491
clip/ViT-L/14@336px,image_encoder.transformer.resblocks.21,FFC,test,sub-09,linear_predictivity,5919,263,0.24248335311141328,"[0.23174440672694802, 0.23286693952804255, 0.2464429255042049, 0.23645253577761444, 0.26490995802025646]",,,,,
clip/ViT-L/14@336px,image_encoder.transformer.resblocks.21,PIT,train,sub-09,linear_predictivity,5919,123,0.1352087988263834,,"[10000.0, 10000.0, 10000.0, 10000.0, 10000.0]",0.5449422326185376,1.0048141452548065,0.4549148775866868,0.8609359505027465
clip/ViT-L/14@336px,image_encoder.transformer.resblocks.21,PIT,test,sub-09,linear_predictivity,5919,123,0.2287890145030481,"[0.2251204277350502, 0.21617571235319308, 0.23793954051167335, 0.22957722398332414, 0.23513216793199976]",,,,,
clip/ViT-L/14@336px,image_encoder.transformer.resblocks.21,IPS1,train,sub-09,linear_predictivity,5919,243,0.043995240411108215,,"[10000.0, 31622.776601683796, 10000.0, 10000.0, 10000.0]",0.4540000914092304,1.0759025668959001,0.5459343712722724,0.9531694787204842
clip/ViT-L/14@336px,image_encoder.transformer.resblocks.21,IPS1,test,sub-09,linear_predictivity,5919,243,0.11599323754637123,"[0.11130711386852706, 0.11560986332732176, 0.12264717745365757, 0.10210540831434815, 0.1282966247680016]",,,,,
clip/ViT-L/14@336px,image_encoder.transformer.resblocks.21,MST,train,sub-09,linear_predictivity,5919,149,0.0982140999003361,,"[10000.0, 10000.0, 10000.0, 10000.0, 10000.0]",0.5308877671530011,1.01243390783424,0.4689299669205115,0.8962440531542754
clip/ViT-L/14@336px,image_encoder.transformer.resblocks.21,MST,test,sub-09,linear_predictivity,5919,149,0.166029542885037,"[0.1593166650859984, 0.18414757122536174, 0.15208671887246383, 0.1642438804171022, 0.1703528788242587]",,,,,
clip/ViT-L/14@336px,image_encoder.transformer.resblocks.21,MT,train,sub-09,linear_predictivity,5919,100,0.1398119062181162,,"[10000.0, 10000.0, 10000.0, 10000.0, 10000.0]",0.5538515275806328,0.9786025873854793,0.4459359648682537,0.8552875207125528
clip/ViT-L/14@336px,image_encoder.transformer.resblocks.21,MT,test,sub-09,linear_predictivity,5919,100,0.2376918763234693,"[0.239249907938835, 0.2425337014946118, 0.2114314099178727, 0.2441846018533159, 0.2510597604127113]",,,,,
clip/ViT-L/14@336px,image_encoder.transformer.resblocks.21,FST,train,sub-09,linear_predictivity,5919,156,0.0962448152864275,,"[10000.0, 10000.0, 10000.0, 10000.0, 10000.0]",0.5190107999985767,1.0432850334518304,0.4809132069032634,0.9008008528800253
clip/ViT-L/14@336px,image_encoder.transformer.resblocks.21,FST,test,sub-09,linear_predictivity,5919,156,0.20765945696134222,"[0.18901287803404015, 0.22194300163090802, 0.2163873414522514, 0.19827658600458337, 0.21267747768492803]",,,,,
clip/ViT-L/14@336px,image_encoder.transformer.resblocks.21,LO1,train,sub-09,linear_predictivity,5919,79,0.06805606369619852,,"[10000.0, 31622.776601683796, 10000.0, 10000.0, 10000.0]",0.4643682523323661,1.0633098288310816,0.5358521797274521,0.9301621068634898
clip/ViT-L/14@336px,image_encoder.transformer.resblocks.21,LO1,test,sub-09,linear_predictivity,5919,79,0.058454537015562726,"[0.03827581478497214, 0.10658786801674304, 0.03939372095525041, 0.05438442425091193, 0.0536308570699361]",,,,,
clip/ViT-L/14@336px,image_encoder.transformer.resblocks.21,LO2,train,sub-09,linear_predictivity,5919,80,0.10885833830890702,,"[10000.0, 10000.0, 10000.0, 10000.0, 10000.0]",0.528997434682513,1.0346675658159568,0.47095598885932227,0.8891659998986736
clip/ViT-L/14@336px,image_encoder.transformer.resblocks.21,LO2,test,sub-09,linear_predictivity,5919,80,0.1985522652964946,"[0.19103719024568017, 0.19283327182392884, 0.20209226048487489, 0.20816141355204948, 0.19863719037593963]",,,,,
clip/ViT-L/14@336px,image_encoder.transformer.resblocks.21,LO3,train,sub-09,linear_predictivity,5919,125,0.09925339037681503,,"[10000.0, 10000.0, 10000.0, 10000.0, 10000.0]",0.5310855698564725,1.0194030116222226,0.46871177411423126,0.8958243714811454
clip/ViT-L/14@336px,image_encoder.transformer.resblocks.21,LO3,test,sub-09,linear_predictivity,5919,125,0.13920701598848678,"[0.1415602834787947, 0.14654418293631957, 0.13219283393522052, 0.13647321045030938, 0.13926456914178972]",,,,,
clip/ViT-L/14@336px,image_encoder.transformer.resblocks.21,V7,train,sub-09,linear_predictivity,5919,87,0.036940238669651196,,"[10000.0, 31622.776601683796, 10000.0, 10000.0, 10000.0]",0.4558489541073527,1.0717342854635235,0.5438880134860361,0.9584277374239321
clip/ViT-L/14@336px,image_encoder.transformer.resblocks.21,V7,test,sub-09,linear_predictivity,5919,87,0.024386370732414897,"[0.012694859362561619, 0.054686242571681455, 0.029241632096352325, 0.02317987370834312, 0.002129245923135964]",,,,,
clip/ViT-L/14@336px,image_encoder.transformer.resblocks.21,IP0,train,sub-09,linear_predictivity,5919,198,0.051227894059882755,,"[10000.0, 10000.0, 10000.0, 10000.0, 10000.0]",0.5027533528221216,1.0732479602730467,0.4971465323140102,0.9456185397008612
clip/ViT-L/14@336px,image_encoder.transformer.resblocks.21,IP0,test,sub-09,linear_predictivity,5919,198,0.17741790552537634,"[0.1624217186546573, 0.18672342262064442, 0.1839228147173396, 0.15264840152725878, 0.20137317010698164]",,,,,
clip/ViT-L/14@336px,image_encoder.transformer.resblocks.21,IP1,train,sub-09,linear_predictivity,5919,114,0.010277788928587463,,"[31622.776601683796, 31622.776601683796, 31622.776601683796, 31622.776601683796, 31622.776601683796]",0.24662566896026106,1.115839845264171,0.7530937162058097,0.983718829128537
clip/ViT-L/14@336px,image_encoder.transformer.resblocks.21,IP1,test,sub-09,linear_predictivity,5919,114,0.07544288511420763,"[0.06565530797913023, 0.07861509773371744, 0.08533271485855112, 0.0503050768473129, 0.09730622815232647]",,,,,
clip/ViT-L/14@336px,image_encoder.transformer.resblocks.21,MIP,train,sub-09,linear_predictivity,5919,280,0.02426651747385306,,"[31622.776601683796, 31622.776601683796, 31622.776601683796, 31622.776601683796, 31622.776601683796]",0.25428688069747524,1.0980050134179078,0.7455424652451479,0.9721827463871945
clip/ViT-L/14@336px,image_encoder.transformer.resblocks.21,MIP,test,sub-09,linear_predictivity,5919,280,0.1385777136574647,"[0.12743080640738816, 0.15184148878243886, 0.13002959435045475, 0.12627922930935814, 0.1573074494376837]",,,,,
clip/ViT-L/14@336px,image_encoder.transformer.resblocks.21,VIP,train,sub-09,linear_predictivity,5919,180,0.02174536530622441,,"[31622.776601683796, 31622.776601683796, 31622.776601683796, 31622.776601683796, 31622.776601683796]",0.2494794875947682,1.099634158237244,0.7503652448477478,0.9750356657022013
clip/ViT-L/14@336px,image_encoder.transformer.resblocks.21,VIP,test,sub-09,linear_predictivity,5919,180,0.0796355093055343,"[0.07576581974331732, 0.0920131337186653, 0.08150117284016543, 0.07142145510072137, 0.07747596512480211]",,,,,
clip/ViT-L/14@336px,image_encoder.transformer.resblocks.21,LIPd,train,sub-09,linear_predictivity,5919,69,-0.0034400541333311375,,"[100000.0, 100000.0, 100000.0, 31622.776601683796, 31622.776601683796]",0.15720101766458675,1.12265073820337,0.8418813442066642,0.995537204254879
clip/ViT-L/14@336px,image_encoder.transformer.resblocks.21,LIPd,test,sub-09,linear_predictivity,5919,69,0.01324275139873073,"[0.008978278618294071, 0.019794891727787062, 0.00624759414367528, -0.006837527183368572, 0.038030519687265806]",,,,,
clip/ViT-L/14@336px,image_encoder.transformer.resblocks.21,LIPv,train,sub-09,linear_predictivity,5919,239,0.004411891219187673,,"[31622.776601683796, 100000.0, 100000.0, 100000.0, 31622.776601683796]",0.1592900958375017,1.1327041479146365,0.8399319595029325,0.9909941301255513
clip/ViT-L/14@336px,image_encoder.transformer.resblocks.21,LIPv,test,sub-09,linear_predictivity,5919,239,0.05135772140455489,"[0.05454985615278681, 0.04545484207795397, 0.041783233036282834, 0.033033735834607614, 0.08196693992114322]",,,,,
clip/ViT-L/14@336px,image_encoder.transformer.resblocks.21,AIP,train,sub-09,linear_predictivity,5919,275,0.012050807424413253,,"[31622.776601683796, 31622.776601683796, 31622.776601683796, 31622.776601683796, 31622.776601683796]",0.2435078228119695,1.1261046361751195,0.7563185341072312,0.9840211448130061
clip/ViT-L/14@336px,image_encoder.transformer.resblocks.21,AIP,test,sub-09,linear_predictivity,5919,275,0.08298419674688756,"[0.08704459904005536, 0.08727031971427544, 0.07852826341232498, 0.07286059812443894, 0.08921720344334305]",,,,,
clip/ViT-L/14@336px,image_encoder.transformer.resblocks.21,7Pm,train,sub-09,linear_predictivity,5919,17,-0.008471954206554572,,"[1000000000.0, 100000.0, 1000000000.0, 1000000.0, 1000000000.0]",0.022066214739313382,1.1478422938383963,0.977936730458237,1.005075874047725
clip/ViT-L/14@336px,image_encoder.transformer.resblocks.21,7Pm,test,sub-09,linear_predictivity,5919,17,-0.0009079464451638983,"[-0.00332932336717921, -0.004065008878295803, -0.0015497189485959605, 0.005154148917919086, -0.0007498299496676052]",,,,,
clip/ViT-L/14@336px,image_encoder.transformer.resblocks.21,7PL,train,sub-09,linear_predictivity,5919,133,0.024343512348110274,,"[31622.776601683796, 31622.776601683796, 31622.776601683796, 31622.776601683796, 31622.776601683796]",0.25104809641840886,1.0972799808796474,0.7488150551884034,0.9727547886513911
clip/ViT-L/14@336px,image_encoder.transformer.resblocks.21,7PL,test,sub-09,linear_predictivity,5919,133,0.126415840538403,"[0.12069623430916841, 0.13954940708584135, 0.11110754812143807, 0.12178187478632393, 0.13894413838924324]",,,,,
clip/ViT-L/14@336px,image_encoder.transformer.resblocks.21,7PC,train,sub-09,linear_predictivity,5919,315,0.02211749143309968,,"[31622.776601683796, 31622.776601683796, 31622.776601683796, 31622.776601683796, 31622.776601683796]",0.2503333121327848,1.1129599701694595,0.7494679654985481,0.9737136902444874
clip/ViT-L/14@336px,image_encoder.transformer.resblocks.21,7PC,test,sub-09,linear_predictivity,5919,315,0.06487524176876142,"[0.06495669949883466, 0.07815477687499844, 0.06630310858801935, 0.045788332497865576, 0.06917329138408905]",,,,,
clip/ViT-L/14@336px,image_encoder.transformer.resblocks.21,7Am,train,sub-09,linear_predictivity,5919,228,0.02715175367072312,,"[31622.776601683796, 31622.776601683796, 31622.776601683796, 31622.776601683796, 31622.776601683796]",0.2517767395831314,1.1028247837918805,0.748076960000345,0.9698452138240727
clip/ViT-L/14@336px,image_encoder.transformer.resblocks.21,7Am,test,sub-09,linear_predictivity,5919,228,0.08794863301115265,"[0.09339042641140587, 0.08279817593744629, 0.08637186007783043, 0.08641410735534584, 0.0907685952737348]",,,,,
clip/ViT-L/14@336px,image_encoder.transformer.resblocks.21,7AL,train,sub-09,linear_predictivity,5919,178,0.008114561059507074,,"[31622.776601683796, 31622.776601683796, 31622.776601683796, 31622.776601683796, 31622.776601683796]",0.23723494422146127,1.120886556294602,0.7626189777938445,0.9888636573892311
clip/ViT-L/14@336px,image_encoder.transformer.resblocks.21,7AL,test,sub-09,linear_predictivity,5919,178,0.023588418862143936,"[0.03756949002996106, 0.019991407317332274, 0.02592727624056557, 0.012705492171352972, 0.021748428551507815]",,,,,
clip/ViT-L/14@336px,image_encoder.transformer.resblocks.21,VVC,train,sub-09,linear_predictivity,5919,151,0.03584015184381091,,"[31622.776601683796, 31622.776601683796, 31622.776601683796, 31622.776601683796, 31622.776601683796]",0.2564342457332009,1.1025554055563378,0.7434258308075277,0.9611676331836774
clip/ViT-L/14@336px,image_encoder.transformer.resblocks.21,VVC,test,sub-09,linear_predictivity,5919,151,0.10518380257536623,"[0.10093766811820135, 0.10866872994141324, 0.10635961860341725, 0.09960548507218876, 0.11034751114161064]",,,,,
clip/ViT-L/14@336px,image_encoder.transformer.resblocks.21,VMV2,train,sub-09,linear_predictivity,5919,119,0.09653052557530757,,"[10000.0, 31622.776601683796, 10000.0, 10000.0, 10000.0]",0.47642834758372227,1.0384206326245515,0.5241272697475867,0.9003428934092405
clip/ViT-L/14@336px,image_encoder.transformer.resblocks.21,VMV2,test,sub-09,linear_predictivity,5919,119,0.21602992692004325,"[0.19966061443913677, 0.21725703044505662, 0.23069508701836433, 0.20864956078030017, 0.2238873419173582]",,,,,
clip/ViT-L/14@336px,image_encoder.transformer.resblocks.21,VMV3,train,sub-09,linear_predictivity,5919,109,0.0366595690743885,,"[31622.776601683796, 31622.776601683796, 31622.776601683796, 31622.776601683796, 10000.0]",0.30571072962828033,1.0931224959021468,0.693871508219652,0.9596621791452341
clip/ViT-L/14@336px,image_encoder.transformer.resblocks.21,VMV3,test,sub-09,linear_predictivity,5919,109,0.09215245037713934,"[0.08729908197294173, 0.08484351782361756, 0.10954840634575352, 0.08553920143511125, 0.09353204430827274]",,,,,
clip/ViT-L/14@336px,image_encoder.transformer.resblocks.21,VMV1,train,sub-09,linear_predictivity,5919,96,0.07851679993783181,,"[31622.776601683796, 31622.776601683796, 31622.776601683796, 31622.776601683796, 31622.776601683796]",0.28892889596268145,1.062295777001282,0.7109111611762833,0.9183273486322718
clip/ViT-L/14@336px,image_encoder.transformer.resblocks.21,VMV1,test,sub-09,linear_predictivity,5919,96,0.181529977779886,"[0.1776252993609095, 0.18409070482470824, 0.1855455689636757, 0.1803914950532994, 0.17999682069683706]",,,,,
clip/ViT-L/14@336px,image_encoder.transformer.resblocks.21,PHA2,train,sub-09,linear_predictivity,5919,17,0.02054167937433699,,"[31622.776601683796, 31622.776601683796, 31622.776601683796, 31622.776601683796, 31622.776601683796]",0.2437181683934866,1.123583948625911,0.7561951263791269,0.9774814645099577
clip/ViT-L/14@336px,image_encoder.transformer.resblocks.21,PHA2,test,sub-09,linear_predictivity,5919,17,0.09652932450782198,"[0.08434864015949879, 0.10093078251145854, 0.09128250543347598, 0.10893787549838985, 0.09714681893628674]",,,,,
clip/ViT-L/14@336px,image_encoder.transformer.resblocks.21,PHA3,train,sub-09,linear_predictivity,5919,104,0.04700969360535449,,"[31622.776601683796, 31622.776601683796, 31622.776601683796, 31622.776601683796, 31622.776601683796]",0.2634956063154326,1.0879458986368582,0.7363733709551041,0.9504401235303044
clip/ViT-L/14@336px,image_encoder.transformer.resblocks.21,PHA3,test,sub-09,linear_predictivity,5919,104,0.15394077021982552,"[0.15216997419249706, 0.16326788697088615, 0.13514672832902067, 0.16180622599128933, 0.15731303561543442]",,,,,
clip/ViT-L/14@336px,image_encoder.transformer.resblocks.21,PH,train,sub-09,linear_predictivity,5919,258,0.07302233756453258,,"[10000.0, 10000.0, 10000.0, 10000.0, 10000.0]",0.512679555628723,1.0577887403372677,0.4872064348119645,0.9232833885015221
clip/ViT-L/14@336px,image_encoder.transformer.resblocks.21,PH,test,sub-09,linear_predictivity,5919,258,0.19304676193545975,"[0.18142062658280794, 0.18260765084967717, 0.19970640456681887, 0.1779171307337479, 0.2235819969442469]",,,,,
clip/ViT-L/14@336px,image_encoder.transformer.resblocks.23,V1,train,sub-09,linear_predictivity,5919,641,0.10461412587951258,,"[31622.776601683796, 31622.776601683796, 31622.776601683796, 31622.776601683796, 31622.776601683796]",0.3184335291522516,1.043560937513499,0.6814082254475582,0.8922431328624475
clip/ViT-L/14@336px,image_encoder.transformer.resblocks.23,V1,test,sub-09,linear_predictivity,5919,641,0.156962848484278,"[0.15335932331805352, 0.1570958775707186, 0.16201610185605317, 0.15406999833135937, 0.1582729413452053]",,,,,
clip/ViT-L/14@336px,image_encoder.transformer.resblocks.23,V2,train,sub-09,linear_predictivity,5919,754,0.09090707385320465,,"[31622.776601683796, 31622.776601683796, 31622.776601683796, 31622.776601683796, 31622.776601683796]",0.30780696734708723,1.058138019562251,0.6920020051894623,0.9052214653296066
clip/ViT-L/14@336px,image_encoder.transformer.resblocks.23,V2,test,sub-09,linear_predictivity,5919,754,0.12821452557820567,"[0.12702953620546745, 0.1324033571484719, 0.12981309313319273, 0.12835316639939667, 0.12347347500449955]",,,,,
clip/ViT-L/14@336px,image_encoder.transformer.resblocks.23,V3,train,sub-09,linear_predictivity,5919,575,0.0916038645507653,,"[31622.776601683796, 31622.776601683796, 31622.776601683796, 31622.776601683796, 31622.776601683796]",0.30686873995486125,1.055131922940061,0.6929592699577606,0.9050004330642777
clip/ViT-L/14@336px,image_encoder.transformer.resblocks.23,V3,test,sub-09,linear_predictivity,5919,575,0.14283009883789988,"[0.13719635580162626, 0.1488063142725938, 0.14605071204749462, 0.14484424097730328, 0.13725287109048137]",,,,,
clip/ViT-L/14@336px,image_encoder.transformer.resblocks.23,V4,train,sub-09,linear_predictivity,5919,616,0.09129090455166117,,"[10000.0, 31622.776601683796, 10000.0, 31622.776601683796, 10000.0]",0.4403905142085918,1.0463193924519056,0.5598991475017723,0.9054951321796658
clip/ViT-L/14@336px,image_encoder.transformer.resblocks.23,V4,test,sub-09,linear_predictivity,5919,616,0.15205145521501706,"[0.13770277050328694, 0.17135291038199454, 0.1467487969618587, 0.17178581362150425, 0.13266698460644086]",,,,,
clip/ViT-L/14@336px,image_encoder.transformer.resblocks.23,V3A,train,sub-09,linear_predictivity,5919,270,0.019157387352879647,,"[31622.776601683796, 31622.776601683796, 31622.776601683796, 31622.776601683796, 31622.776601683796]",0.2525103429383422,1.117932880683953,0.7472297642259285,0.9754793865964556
clip/ViT-L/14@336px,image_encoder.transformer.resblocks.23,V3A,test,sub-09,linear_predictivity,5919,270,0.021206425040363734,"[0.0012587349323396712, 0.03823458214785513, 0.02113169040266212, 0.02679609394153946, 0.0186110237774223]",,,,,
clip/ViT-L/14@336px,image_encoder.transformer.resblocks.23,V3B,train,sub-09,linear_predictivity,5919,148,0.06849869728727279,,"[10000.0, 10000.0, 10000.0, 10000.0, 10000.0]",0.5188581552219492,1.050165156051507,0.4810126655103358,0.9277707952678682
clip/ViT-L/14@336px,image_encoder.transformer.resblocks.23,V3B,test,sub-09,linear_predictivity,5919,148,0.17092713589360226,"[0.15353075402587565, 0.1770924471986812, 0.17227264034665876, 0.1725422148273528, 0.1791976230694429]",,,,,
clip/ViT-L/14@336px,image_encoder.transformer.resblocks.23,V6,train,sub-09,linear_predictivity,5919,104,0.011425366195482315,,"[31622.776601683796, 31622.776601683796, 31622.776601683796, 31622.776601683796, 31622.776601683796]",0.24441142839809854,1.1297044968733345,0.7553522019488893,0.9837195789122319
clip/ViT-L/14@336px,image_encoder.transformer.resblocks.23,V6,test,sub-09,linear_predictivity,5919,104,0.026214353744591617,"[0.017184330286323324, 0.03136867263391926, 0.0112126605091456, 0.034282421839164745, 0.03702368345440515]",,,,,
clip/ViT-L/14@336px,image_encoder.transformer.resblocks.23,V6A,train,sub-09,linear_predictivity,5919,85,0.03865199261594573,,"[31622.776601683796, 31622.776601683796, 31622.776601683796, 31622.776601683796, 31622.776601683796]",0.2678802386297694,1.0813813929161864,0.7319040311468421,0.9573613821801507
clip/ViT-L/14@336px,image_encoder.transformer.resblocks.23,V6A,test,sub-09,linear_predictivity,5919,85,0.06390091219707565,"[0.045378540131204195, 0.06934592469976195, 0.06249963380432027, 0.06411004078517078, 0.0781704215649211]",,,,,
clip/ViT-L/14@336px,image_encoder.transformer.resblocks.23,V7,train,sub-09,linear_predictivity,5919,87,0.04584812855002044,,"[10000.0, 31622.776601683796, 10000.0, 10000.0, 10000.0]",0.4696239600699115,1.0548671471185487,0.5300987836842934,0.9493296988628744
clip/ViT-L/14@336px,image_encoder.transformer.resblocks.23,V7,test,sub-09,linear_predictivity,5919,87,0.02602073526959637,"[0.0035670485043951578, 0.0532909842717737, 0.0246972120050496, 0.04143870735290463, 0.007109724213858755]",,,,,
clip/ViT-L/14@336px,image_encoder.transformer.resblocks.23,V8,train,sub-09,linear_predictivity,5919,101,0.04391362211236469,,"[31622.776601683796, 31622.776601683796, 31622.776601683796, 31622.776601683796, 31622.776601683796]",0.2687445206185557,1.0898164474399334,0.7310945548915326,0.9526539570661352
clip/ViT-L/14@336px,image_encoder.transformer.resblocks.23,V8,test,sub-09,linear_predictivity,5919,101,0.07606196497702894,"[0.07054652509970344, 0.08213090024282096, 0.08457505632275614, 0.07123932889094854, 0.07181801432891559]",,,,,
clip/ViT-L/14@336px,image_encoder.transformer.resblocks.23,FFC,train,sub-09,linear_predictivity,5919,263,0.12739288954051803,,"[10000.0, 10000.0, 10000.0, 10000.0, 10000.0]",0.548023174875208,1.008699066386195,0.4518408647939374,0.8688270981740001
clip/ViT-L/14@336px,image_encoder.transformer.resblocks.23,FFC,test,sub-09,linear_predictivity,5919,263,0.24606363367868625,"[0.23134369973727112, 0.24061404011649376, 0.2470920457209865, 0.24203278381174478, 0.26923559900693517]",,,,,
clip/ViT-L/14@336px,image_encoder.transformer.resblocks.23,PIT,train,sub-09,linear_predictivity,5919,123,0.14746466178413034,,"[10000.0, 10000.0, 10000.0, 10000.0, 10000.0]",0.5590790477284541,0.9980054713909542,0.44077431158547276,0.8486275663703624
clip/ViT-L/14@336px,image_encoder.transformer.resblocks.23,PIT,test,sub-09,linear_predictivity,5919,123,0.24939322271067907,"[0.24328095397117996, 0.2421908033997736, 0.25635751600158346, 0.2500589842975222, 0.255077855883336]",,,,,
clip/ViT-L/14@336px,image_encoder.transformer.resblocks.23,IPS1,train,sub-09,linear_predictivity,5919,243,0.05022104463931361,,"[10000.0, 10000.0, 10000.0, 10000.0, 10000.0]",0.5120820689236373,1.0587982351481928,0.4878299692082699,0.9467811154593344
clip/ViT-L/14@336px,image_encoder.transformer.resblocks.23,IPS1,test,sub-09,linear_predictivity,5919,243,0.1118902281278669,"[0.09949471075285096, 0.10763193376166329, 0.11342587472147543, 0.10722276374974352, 0.13167585765360132]",,,,,
clip/ViT-L/14@336px,image_encoder.transformer.resblocks.23,MST,train,sub-09,linear_predictivity,5919,149,0.1139880889916179,,"[10000.0, 10000.0, 10000.0, 10000.0, 10000.0]",0.5488852712078287,0.9924066868872774,0.45091991322692804,0.8803460556255743
clip/ViT-L/14@336px,image_encoder.transformer.resblocks.23,MST,test,sub-09,linear_predictivity,5919,149,0.16884075043670912,"[0.1563024967759582, 0.19443825664175665, 0.15038159376833152, 0.16841834902070588, 0.17466305597679346]",,,,,
clip/ViT-L/14@336px,image_encoder.transformer.resblocks.23,MT,train,sub-09,linear_predictivity,5919,100,0.1617542577385569,,"[10000.0, 10000.0, 10000.0, 10000.0, 10000.0]",0.5740680033286762,0.9648415169830177,0.42571223709708683,0.8332964031868965
clip/ViT-L/14@336px,image_encoder.transformer.resblocks.23,MT,test,sub-09,linear_predictivity,5919,100,0.23875700641199105,"[0.23181277716773516, 0.2514572184028522, 0.20806514176544336, 0.24679532131590487, 0.2556545734080198]",,,,,
clip/ViT-L/14@336px,image_encoder.transformer.resblocks.23,FST,train,sub-09,linear_predictivity,5919,156,0.10414539434001498,,"[10000.0, 10000.0, 10000.0, 10000.0, 10000.0]",0.5329046689158086,1.0286363765108766,0.4670096858890423,0.8928207323596936
clip/ViT-L/14@336px,image_encoder.transformer.resblocks.23,FST,test,sub-09,linear_predictivity,5919,156,0.21342717418761148,"[0.19450365624370727, 0.22959469571336513, 0.22011608055839815, 0.20198833023290255, 0.2209331081896843]",,,,,
clip/ViT-L/14@336px,image_encoder.transformer.resblocks.23,LO1,train,sub-09,linear_predictivity,5919,79,0.08256885448046647,,"[10000.0, 10000.0, 10000.0, 10000.0, 10000.0]",0.5218205378623046,1.047222443802369,0.47813254328762433,0.9154786134067642
clip/ViT-L/14@336px,image_encoder.transformer.resblocks.23,LO1,test,sub-09,linear_predictivity,5919,79,0.045003381858549206,"[0.03322716147821764, 0.052693989986820726, 0.028428713842346246, 0.05701701882712004, 0.05365002515824138]",,,,,
clip/ViT-L/14@336px,image_encoder.transformer.resblocks.23,LO2,train,sub-09,linear_predictivity,5919,80,0.12082336259136908,,"[10000.0, 10000.0, 10000.0, 10000.0, 10000.0]",0.543969871149858,1.0221834273837374,0.4559730063459432,0.8770315017777464
clip/ViT-L/14@336px,image_encoder.transformer.resblocks.23,LO2,test,sub-09,linear_predictivity,5919,80,0.21634190094416952,"[0.20713965575526472, 0.20812555325643847, 0.2122633167916681, 0.23456767759315184, 0.21961330132432452]",,,,,
clip/ViT-L/14@336px,image_encoder.transformer.resblocks.23,LO3,train,sub-09,linear_predictivity,5919,125,0.11746173536267698,,"[10000.0, 10000.0, 10000.0, 10000.0, 10000.0]",0.5483389619622774,1.0021332944844388,0.45144458143579547,0.8773894186118116
clip/ViT-L/14@336px,image_encoder.transformer.resblocks.23,LO3,test,sub-09,linear_predictivity,5919,125,0.13352785236230377,"[0.12954846609452594, 0.14628206984940223, 0.12133234339247535, 0.13630330872525293, 0.13417307374986245]",,,,,
clip/ViT-L/14@336px,image_encoder.transformer.resblocks.23,V7,train,sub-09,linear_predictivity,5919,87,0.04584812855002044,,"[10000.0, 31622.776601683796, 10000.0, 10000.0, 10000.0]",0.4696239600699115,1.0548671471185487,0.5300987836842934,0.9493296988628744
clip/ViT-L/14@336px,image_encoder.transformer.resblocks.23,V7,test,sub-09,linear_predictivity,5919,87,0.02602073526959637,"[0.0035670485043951578, 0.0532909842717737, 0.0246972120050496, 0.04143870735290463, 0.007109724213858755]",,,,,
clip/ViT-L/14@336px,image_encoder.transformer.resblocks.23,IP0,train,sub-09,linear_predictivity,5919,198,0.055191429205840165,,"[10000.0, 10000.0, 10000.0, 10000.0, 10000.0]",0.5157889877274701,1.0532335014579364,0.48410294682068,0.9413872968911029
clip/ViT-L/14@336px,image_encoder.transformer.resblocks.23,IP0,test,sub-09,linear_predictivity,5919,198,0.17150187227394037,"[0.1508090355258419, 0.17127574458186898, 0.1745638326498599, 0.15655256980279025, 0.20430817880934088]",,,,,
clip/ViT-L/14@336px,image_encoder.transformer.resblocks.23,IP1,train,sub-09,linear_predictivity,5919,114,0.01227958203495923,,"[31622.776601683796, 31622.776601683796, 31622.776601683796, 31622.776601683796, 31622.776601683796]",0.25314728981843765,1.1023044344581574,0.7465732207845407,0.9817341187909628
clip/ViT-L/14@336px,image_encoder.transformer.resblocks.23,IP1,test,sub-09,linear_predictivity,5919,114,0.06751970655609764,"[0.054790740415352264, 0.0722624673089616, 0.07260964269468587, 0.04669308984982428, 0.09124259251166415]",,,,,
clip/ViT-L/14@336px,image_encoder.transformer.resblocks.23,MIP,train,sub-09,linear_predictivity,5919,280,0.025233526967546525,,"[31622.776601683796, 31622.776601683796, 31622.776601683796, 31622.776601683796, 31622.776601683796]",0.2616606809233021,1.0882650815753492,0.7381592089196523,0.9711265193620828
clip/ViT-L/14@336px,image_encoder.transformer.resblocks.23,MIP,test,sub-09,linear_predictivity,5919,280,0.12997639473740435,"[0.11685554099344943, 0.14337954138652748, 0.12333349569670493, 0.11828608628540016, 0.14802730932493968]",,,,,
clip/ViT-L/14@336px,image_encoder.transformer.resblocks.23,VIP,train,sub-09,linear_predictivity,5919,180,0.023528082926151758,,"[31622.776601683796, 31622.776601683796, 31622.776601683796, 31622.776601683796, 31622.776601683796]",0.25735048568338714,1.0851086826566114,0.7424920910537972,0.9732076188954778
clip/ViT-L/14@336px,image_encoder.transformer.resblocks.23,VIP,test,sub-09,linear_predictivity,5919,180,0.08240885813618275,"[0.07792603056453383, 0.09289894021208597, 0.08122965094398675, 0.0752805019817557, 0.08470916697855146]",,,,,
clip/ViT-L/14@336px,image_encoder.transformer.resblocks.23,LIPd,train,sub-09,linear_predictivity,5919,69,-0.0011468966601987426,,"[100000.0, 100000.0, 100000.0, 31622.776601683796, 31622.776601683796]",0.1634005944886381,1.109299567127366,0.8356668549327864,0.9932740260512333
clip/ViT-L/14@336px,image_encoder.transformer.resblocks.23,LIPd,test,sub-09,linear_predictivity,5919,69,0.007435445705504825,"[0.006769485314830786, 0.016580747308063474, 0.0020576067867241125, -0.01569607517458664, 0.0274654642924924]",,,,,
clip/ViT-L/14@336px,image_encoder.transformer.resblocks.23,LIPv,train,sub-09,linear_predictivity,5919,239,0.008165014502971487,,"[31622.776601683796, 100000.0, 31622.776601683796, 31622.776601683796, 31622.776601683796]",0.22213543847109413,1.10088594350737,0.77749534014745,0.9870226305192997
clip/ViT-L/14@336px,image_encoder.transformer.resblocks.23,LIPv,test,sub-09,linear_predictivity,5919,239,0.0609855765778521,"[0.05349378133561369, 0.04421265251215029, 0.0651210230071267, 0.06066262426707215, 0.08143780176729763]",,,,,
clip/ViT-L/14@336px,image_encoder.transformer.resblocks.23,AIP,train,sub-09,linear_predictivity,5919,275,0.01581095267228597,,"[31622.776601683796, 31622.776601683796, 31622.776601683796, 31622.776601683796, 31622.776601683796]",0.25182038305528265,1.1095003818333171,0.7480032188744088,0.9802515988496416
clip/ViT-L/14@336px,image_encoder.transformer.resblocks.23,AIP,test,sub-09,linear_predictivity,5919,275,0.07852736713163284,"[0.08300096386259719, 0.08480001727376779, 0.0709334663189917, 0.06970247266141989, 0.08419991554138762]",,,,,
clip/ViT-L/14@336px,image_encoder.transformer.resblocks.23,7Pm,train,sub-09,linear_predictivity,5919,17,-0.00790407943922184,,"[1000000.0, 100000.0, 1000000000.0, 316227.7660168379, 1000000000.0]",0.02982440531614161,1.1343151420160233,0.970054315060916,1.0044868617762217
clip/ViT-L/14@336px,image_encoder.transformer.resblocks.23,7Pm,test,sub-09,linear_predictivity,5919,17,0.00279732421995658,"[0.00040537665957009764, 0.0028687906023585554, -0.0015495261466706989, 0.013011278799681395, -0.0007492988151564484]",,,,,
clip/ViT-L/14@336px,image_encoder.transformer.resblocks.23,7PL,train,sub-09,linear_predictivity,5919,133,0.02641289975656415,,"[31622.776601683796, 31622.776601683796, 31622.776601683796, 31622.776601683796, 31622.776601683796]",0.25869501801808703,1.0907432385840028,0.7411663294843086,0.9706239198691679
clip/ViT-L/14@336px,image_encoder.transformer.resblocks.23,7PL,test,sub-09,linear_predictivity,5919,133,0.12962678382529327,"[0.12142301980230683, 0.14254865503104114, 0.11675151129956302, 0.1244306459212702, 0.1429800870722852]",,,,,
clip/ViT-L/14@336px,image_encoder.transformer.resblocks.23,7PC,train,sub-09,linear_predictivity,5919,315,0.023152391984638275,,"[31622.776601683796, 31622.776601683796, 31622.776601683796, 31622.776601683796, 31622.776601683796]",0.25691217735077976,1.0999869817362102,0.7428867339977285,0.9726940997717606
clip/ViT-L/14@336px,image_encoder.transformer.resblocks.23,7PC,test,sub-09,linear_predictivity,5919,315,0.06785971240598551,"[0.06842772260528526, 0.08201222673569132, 0.06927160664062951, 0.047622672664792386, 0.07196433338352906]",,,,,
clip/ViT-L/14@336px,image_encoder.transformer.resblocks.23,7Am,train,sub-09,linear_predictivity,5919,228,0.03303379849704677,,"[31622.776601683796, 31622.776601683796, 31622.776601683796, 31622.776601683796, 31622.776601683796]",0.2615707121397805,1.0990673412754703,0.7382831195119905,0.96398722457439
clip/ViT-L/14@336px,image_encoder.transformer.resblocks.23,7Am,test,sub-09,linear_predictivity,5919,228,0.10172825540033666,"[0.10653619789373402, 0.09959544183460105, 0.09928778827750998, 0.09782859421920667, 0.10539325477663154]",,,,,
clip/ViT-L/14@336px,image_encoder.transformer.resblocks.23,7AL,train,sub-09,linear_predictivity,5919,178,0.011404922309099128,,"[31622.776601683796, 31622.776601683796, 31622.776601683796, 31622.776601683796, 31622.776601683796]",0.244224017189685,1.1155712409437695,0.7556265633713638,0.9855598575747013
clip/ViT-L/14@336px,image_encoder.transformer.resblocks.23,7AL,test,sub-09,linear_predictivity,5919,178,0.03139633263305176,"[0.0451063028148834, 0.027600847339797053, 0.03299514172443796, 0.019199682285808043, 0.03207968900033234]",,,,,
clip/ViT-L/14@336px,image_encoder.transformer.resblocks.23,VVC,train,sub-09,linear_predictivity,5919,151,0.04086507282161833,,"[31622.776601683796, 31622.776601683796, 31622.776601683796, 31622.776601683796, 31622.776601683796]",0.2655712698488178,1.0891124028313666,0.7342878104709722,0.9561436897915396
clip/ViT-L/14@336px,image_encoder.transformer.resblocks.23,VVC,test,sub-09,linear_predictivity,5919,151,0.11129466082865944,"[0.10457020629344273, 0.11509573693536543, 0.1114310804443078, 0.10586620224601015, 0.11951007822417099]",,,,,
clip/ViT-L/14@336px,image_encoder.transformer.resblocks.23,VMV2,train,sub-09,linear_predictivity,5919,119,0.10204417041425852,,"[10000.0, 31622.776601683796, 10000.0, 10000.0, 10000.0]",0.48727279378973537,1.035740491880609,0.5133027483463202,0.8949291903833991
clip/ViT-L/14@336px,image_encoder.transformer.resblocks.23,VMV2,test,sub-09,linear_predictivity,5919,119,0.2151549660120474,"[0.20129555106210634, 0.2175010300831701, 0.22820199169122973, 0.20824818721536395, 0.2205280700083669]",,,,,
clip/ViT-L/14@336px,image_encoder.transformer.resblocks.23,VMV3,train,sub-09,linear_predictivity,5919,109,0.043614243939617936,,"[31622.776601683796, 31622.776601683796, 31622.776601683796, 31622.776601683796, 10000.0]",0.3167376386173431,1.0801609514388868,0.682842631341632,0.9527134624638421
clip/ViT-L/14@336px,image_encoder.transformer.resblocks.23,VMV3,test,sub-09,linear_predictivity,5919,109,0.09383358175781227,"[0.08881287263936642, 0.08869109734510087, 0.10866310471306755, 0.0892426215651432, 0.09375821252638329]",,,,,
clip/ViT-L/14@336px,image_encoder.transformer.resblocks.23,VMV1,train,sub-09,linear_predictivity,5919,96,0.08156851734331358,,"[10000.0, 31622.776601683796, 31622.776601683796, 31622.776601683796, 10000.0]",0.3866981234997418,1.0526522154730142,0.6134696695621368,0.9150746020383169
clip/ViT-L/14@336px,image_encoder.transformer.resblocks.23,VMV1,test,sub-09,linear_predictivity,5919,96,0.1748046212377537,"[0.1502929738260309, 0.19228571420873972, 0.19417056874531147, 0.1905604747009795, 0.14671337470770687]",,,,,
clip/ViT-L/14@336px,image_encoder.transformer.resblocks.23,PHA2,train,sub-09,linear_predictivity,5919,17,0.024291517872066556,,"[31622.776601683796, 31622.776601683796, 31622.776601683796, 31622.776601683796, 31622.776601683796]",0.2519522449972472,1.1122698029678137,0.7479544017377451,0.9736832262523716
clip/ViT-L/14@336px,image_encoder.transformer.resblocks.23,PHA2,test,sub-09,linear_predictivity,5919,17,0.1045648248671281,"[0.09261021455714227, 0.10592120415880274, 0.10404054404122108, 0.11653963642099266, 0.10371252515748171]",,,,,
clip/ViT-L/14@336px,image_encoder.transformer.resblocks.23,PHA3,train,sub-09,linear_predictivity,5919,104,0.05287628061464472,,"[31622.776601683796, 31622.776601683796, 31622.776601683796, 31622.776601683796, 31622.776601683796]",0.27379884179468283,1.0762651627585629,0.7260707186268575,0.9446009347639756
clip/ViT-L/14@336px,image_encoder.transformer.resblocks.23,PHA3,test,sub-09,linear_predictivity,5919,104,0.1682910429002057,"[0.16428738184939798, 0.1773205337628331, 0.15400525864493644, 0.17633889154749885, 0.16950314869636207]",,,,,
clip/ViT-L/14@336px,image_encoder.transformer.resblocks.23,PH,train,sub-09,linear_predictivity,5919,258,0.08537181366705088,,"[10000.0, 10000.0, 10000.0, 10000.0, 10000.0]",0.5278718452838783,1.0386746905092286,0.4720037549895624,0.9106995308953725
clip/ViT-L/14@336px,image_encoder.transformer.resblocks.23,PH,test,sub-09,linear_predictivity,5919,258,0.18767437061296482,"[0.1742072656532501, 0.17714728480416006, 0.1889036445476942, 0.17872560238770185, 0.21938805567201797]",,,,,
