model,layer,roi,split,subject,n_features_1_model,n_features_2_brain,metric,score
taskonomy/depth_zbuffer,encoder.layer1.0.relu,V1,train,sub-06,5919,597,rsa,0.0776534304022789
taskonomy/depth_zbuffer,encoder.layer1.0.relu,V2,train,sub-06,5919,631,rsa,0.03339439257979393
taskonomy/depth_zbuffer,encoder.layer1.0.relu,V3,train,sub-06,5919,432,rsa,0.025907373055815697
taskonomy/depth_zbuffer,encoder.layer1.0.relu,V4,train,sub-06,5919,560,rsa,0.03340999037027359
taskonomy/depth_zbuffer,encoder.layer1.0.relu,V3A,train,sub-06,5919,161,rsa,0.016534987837076187
taskonomy/depth_zbuffer,encoder.layer1.0.relu,V3B,train,sub-06,5919,86,rsa,0.012588514015078545
taskonomy/depth_zbuffer,encoder.layer1.0.relu,V6,train,sub-06,5919,86,rsa,0.0305944737046957
taskonomy/depth_zbuffer,encoder.layer1.0.relu,V6A,train,sub-06,5919,73,rsa,0.03541853651404381
taskonomy/depth_zbuffer,encoder.layer1.0.relu,V7,train,sub-06,5919,83,rsa,0.011463692411780357
taskonomy/depth_zbuffer,encoder.layer1.0.relu,V8,train,sub-06,5919,107,rsa,0.02775273472070694
taskonomy/depth_zbuffer,encoder.layer1.0.relu,FFC,train,sub-06,5919,217,rsa,0.030653515830636024
taskonomy/depth_zbuffer,encoder.layer1.0.relu,PIT,train,sub-06,5919,105,rsa,0.0192404817789793
taskonomy/depth_zbuffer,encoder.layer1.0.relu,IPS1,train,sub-06,5919,150,rsa,0.011974304914474487
taskonomy/depth_zbuffer,encoder.layer1.0.relu,MST,train,sub-06,5919,148,rsa,0.052945107221603394
taskonomy/depth_zbuffer,encoder.layer1.0.relu,MT,train,sub-06,5919,95,rsa,0.029810821637511253
taskonomy/depth_zbuffer,encoder.layer1.0.relu,FST,train,sub-06,5919,174,rsa,0.03336889669299126
taskonomy/depth_zbuffer,encoder.layer1.0.relu,LO1,train,sub-06,5919,75,rsa,0.021020865067839622
taskonomy/depth_zbuffer,encoder.layer1.0.relu,LO2,train,sub-06,5919,78,rsa,0.014052985236048698
taskonomy/depth_zbuffer,encoder.layer1.0.relu,LO3,train,sub-06,5919,115,rsa,0.024476997554302216
taskonomy/depth_zbuffer,encoder.layer1.0.relu,V7,train,sub-06,5919,83,rsa,0.011463692411780357
taskonomy/depth_zbuffer,encoder.layer1.0.relu,IP0,train,sub-06,5919,102,rsa,0.01695709116756916
taskonomy/depth_zbuffer,encoder.layer1.0.relu,IP1,train,sub-06,5919,14,rsa,0.0010496891336515546
taskonomy/depth_zbuffer,encoder.layer1.0.relu,MIP,train,sub-06,5919,111,rsa,0.01731577329337597
taskonomy/depth_zbuffer,encoder.layer1.0.relu,VIP,train,sub-06,5919,150,rsa,0.00732616288587451
taskonomy/depth_zbuffer,encoder.layer1.0.relu,LIPd,train,sub-06,5919,52,rsa,0.0004504664393607527
taskonomy/depth_zbuffer,encoder.layer1.0.relu,LIPv,train,sub-06,5919,205,rsa,0.01177989598363638
taskonomy/depth_zbuffer,encoder.layer1.0.relu,AIP,train,sub-06,5919,244,rsa,0.0027923418674618006
taskonomy/depth_zbuffer,encoder.layer1.0.relu,7Pm,train,sub-06,5919,3,rsa,0.0006275810301303864
taskonomy/depth_zbuffer,encoder.layer1.0.relu,7PL,train,sub-06,5919,24,rsa,0.002940332517027855
taskonomy/depth_zbuffer,encoder.layer1.0.relu,7PC,train,sub-06,5919,276,rsa,0.006796145811676979
taskonomy/depth_zbuffer,encoder.layer1.0.relu,7Am,train,sub-06,5919,86,rsa,0.01241302490234375
taskonomy/depth_zbuffer,encoder.layer1.0.relu,7AL,train,sub-06,5919,236,rsa,0.007437273394316435
taskonomy/depth_zbuffer,encoder.layer1.0.relu,VVC,train,sub-06,5919,202,rsa,0.029907038435339928
taskonomy/depth_zbuffer,encoder.layer1.0.relu,VMV2,train,sub-06,5919,69,rsa,0.019573118537664413
taskonomy/depth_zbuffer,encoder.layer1.0.relu,VMV3,train,sub-06,5919,103,rsa,0.022026246413588524
taskonomy/depth_zbuffer,encoder.layer1.0.relu,VMV1,train,sub-06,5919,21,rsa,0.004502313211560249
taskonomy/depth_zbuffer,encoder.layer1.0.relu,PHA2,train,sub-06,5919,49,rsa,0.015053680166602135
taskonomy/depth_zbuffer,encoder.layer1.0.relu,PHA3,train,sub-06,5919,156,rsa,0.02879157103598118
taskonomy/depth_zbuffer,encoder.layer1.0.relu,PH,train,sub-06,5919,327,rsa,0.02629038877785206
taskonomy/depth_zbuffer,encoder.layer1.1.relu,V1,train,sub-06,5919,597,rsa,0.0622381716966629
taskonomy/depth_zbuffer,encoder.layer1.1.relu,V2,train,sub-06,5919,631,rsa,0.029294822365045547
taskonomy/depth_zbuffer,encoder.layer1.1.relu,V3,train,sub-06,5919,432,rsa,0.023932337760925293
taskonomy/depth_zbuffer,encoder.layer1.1.relu,V4,train,sub-06,5919,560,rsa,0.028582114726305008
taskonomy/depth_zbuffer,encoder.layer1.1.relu,V3A,train,sub-06,5919,161,rsa,0.01186800841242075
taskonomy/depth_zbuffer,encoder.layer1.1.relu,V3B,train,sub-06,5919,86,rsa,0.00893494300544262
taskonomy/depth_zbuffer,encoder.layer1.1.relu,V6,train,sub-06,5919,86,rsa,0.016836781054735184
taskonomy/depth_zbuffer,encoder.layer1.1.relu,V6A,train,sub-06,5919,73,rsa,0.03447115793824196
taskonomy/depth_zbuffer,encoder.layer1.1.relu,V7,train,sub-06,5919,83,rsa,0.008807314559817314
taskonomy/depth_zbuffer,encoder.layer1.1.relu,V8,train,sub-06,5919,107,rsa,0.02243356965482235
taskonomy/depth_zbuffer,encoder.layer1.1.relu,FFC,train,sub-06,5919,217,rsa,0.027119804173707962
taskonomy/depth_zbuffer,encoder.layer1.1.relu,PIT,train,sub-06,5919,105,rsa,0.016485003754496574
taskonomy/depth_zbuffer,encoder.layer1.1.relu,IPS1,train,sub-06,5919,150,rsa,0.009862187318503857
taskonomy/depth_zbuffer,encoder.layer1.1.relu,MST,train,sub-06,5919,148,rsa,0.04274524375796318
taskonomy/depth_zbuffer,encoder.layer1.1.relu,MT,train,sub-06,5919,95,rsa,0.02268081158399582
taskonomy/depth_zbuffer,encoder.layer1.1.relu,FST,train,sub-06,5919,174,rsa,0.02680933102965355
taskonomy/depth_zbuffer,encoder.layer1.1.relu,LO1,train,sub-06,5919,75,rsa,0.019043469801545143
taskonomy/depth_zbuffer,encoder.layer1.1.relu,LO2,train,sub-06,5919,78,rsa,0.011655757203698158
taskonomy/depth_zbuffer,encoder.layer1.1.relu,LO3,train,sub-06,5919,115,rsa,0.02420479618012905
taskonomy/depth_zbuffer,encoder.layer1.1.relu,V7,train,sub-06,5919,83,rsa,0.008807314559817314
taskonomy/depth_zbuffer,encoder.layer1.1.relu,IP0,train,sub-06,5919,102,rsa,0.01272284984588623
taskonomy/depth_zbuffer,encoder.layer1.1.relu,IP1,train,sub-06,5919,14,rsa,0.0005089125479571521
taskonomy/depth_zbuffer,encoder.layer1.1.relu,MIP,train,sub-06,5919,111,rsa,0.01256102416664362
taskonomy/depth_zbuffer,encoder.layer1.1.relu,VIP,train,sub-06,5919,150,rsa,0.005933315493166447
taskonomy/depth_zbuffer,encoder.layer1.1.relu,LIPd,train,sub-06,5919,52,rsa,-5.893436900805682e-05
taskonomy/depth_zbuffer,encoder.layer1.1.relu,LIPv,train,sub-06,5919,205,rsa,0.009912167675793171
taskonomy/depth_zbuffer,encoder.layer1.1.relu,AIP,train,sub-06,5919,244,rsa,0.0029149053152650595
taskonomy/depth_zbuffer,encoder.layer1.1.relu,7Pm,train,sub-06,5919,3,rsa,0.0002571337972767651
taskonomy/depth_zbuffer,encoder.layer1.1.relu,7PL,train,sub-06,5919,24,rsa,0.001893030945211649
taskonomy/depth_zbuffer,encoder.layer1.1.relu,7PC,train,sub-06,5919,276,rsa,0.006546819116920233
taskonomy/depth_zbuffer,encoder.layer1.1.relu,7Am,train,sub-06,5919,86,rsa,0.00833115167915821
taskonomy/depth_zbuffer,encoder.layer1.1.relu,7AL,train,sub-06,5919,236,rsa,0.006509834434837103
taskonomy/depth_zbuffer,encoder.layer1.1.relu,VVC,train,sub-06,5919,202,rsa,0.025882475078105927
taskonomy/depth_zbuffer,encoder.layer1.1.relu,VMV2,train,sub-06,5919,69,rsa,0.01570180431008339
taskonomy/depth_zbuffer,encoder.layer1.1.relu,VMV3,train,sub-06,5919,103,rsa,0.01773778162896633
taskonomy/depth_zbuffer,encoder.layer1.1.relu,VMV1,train,sub-06,5919,21,rsa,0.003832103218883276
taskonomy/depth_zbuffer,encoder.layer1.1.relu,PHA2,train,sub-06,5919,49,rsa,0.011655698530375957
taskonomy/depth_zbuffer,encoder.layer1.1.relu,PHA3,train,sub-06,5919,156,rsa,0.022277403622865677
taskonomy/depth_zbuffer,encoder.layer1.1.relu,PH,train,sub-06,5919,327,rsa,0.024211114272475243
taskonomy/depth_zbuffer,encoder.layer1.2.relu,V1,train,sub-06,5919,597,rsa,0.051231566816568375
taskonomy/depth_zbuffer,encoder.layer1.2.relu,V2,train,sub-06,5919,631,rsa,0.02498214691877365
taskonomy/depth_zbuffer,encoder.layer1.2.relu,V3,train,sub-06,5919,432,rsa,0.020889559760689735
taskonomy/depth_zbuffer,encoder.layer1.2.relu,V4,train,sub-06,5919,560,rsa,0.023701371625065804
taskonomy/depth_zbuffer,encoder.layer1.2.relu,V3A,train,sub-06,5919,161,rsa,0.008379081264138222
taskonomy/depth_zbuffer,encoder.layer1.2.relu,V3B,train,sub-06,5919,86,rsa,0.007763061206787825
taskonomy/depth_zbuffer,encoder.layer1.2.relu,V6,train,sub-06,5919,86,rsa,0.012711124494671822
taskonomy/depth_zbuffer,encoder.layer1.2.relu,V6A,train,sub-06,5919,73,rsa,0.033179305493831635
taskonomy/depth_zbuffer,encoder.layer1.2.relu,V7,train,sub-06,5919,83,rsa,0.007063261698931456
taskonomy/depth_zbuffer,encoder.layer1.2.relu,V8,train,sub-06,5919,107,rsa,0.01851947233080864
taskonomy/depth_zbuffer,encoder.layer1.2.relu,FFC,train,sub-06,5919,217,rsa,0.023847363889217377
taskonomy/depth_zbuffer,encoder.layer1.2.relu,PIT,train,sub-06,5919,105,rsa,0.01315688993781805
taskonomy/depth_zbuffer,encoder.layer1.2.relu,IPS1,train,sub-06,5919,150,rsa,0.008555088192224503
taskonomy/depth_zbuffer,encoder.layer1.2.relu,MST,train,sub-06,5919,148,rsa,0.03782409802079201
taskonomy/depth_zbuffer,encoder.layer1.2.relu,MT,train,sub-06,5919,95,rsa,0.019094081595540047
taskonomy/depth_zbuffer,encoder.layer1.2.relu,FST,train,sub-06,5919,174,rsa,0.023889625445008278
taskonomy/depth_zbuffer,encoder.layer1.2.relu,LO1,train,sub-06,5919,75,rsa,0.017279749736189842
taskonomy/depth_zbuffer,encoder.layer1.2.relu,LO2,train,sub-06,5919,78,rsa,0.009590097703039646
taskonomy/depth_zbuffer,encoder.layer1.2.relu,LO3,train,sub-06,5919,115,rsa,0.02208799310028553
taskonomy/depth_zbuffer,encoder.layer1.2.relu,V7,train,sub-06,5919,83,rsa,0.007063261698931456
taskonomy/depth_zbuffer,encoder.layer1.2.relu,IP0,train,sub-06,5919,102,rsa,0.010207919403910637
taskonomy/depth_zbuffer,encoder.layer1.2.relu,IP1,train,sub-06,5919,14,rsa,0.0001198013560497202
taskonomy/depth_zbuffer,encoder.layer1.2.relu,MIP,train,sub-06,5919,111,rsa,0.009921703487634659
taskonomy/depth_zbuffer,encoder.layer1.2.relu,VIP,train,sub-06,5919,150,rsa,0.00362472515553236
taskonomy/depth_zbuffer,encoder.layer1.2.relu,LIPd,train,sub-06,5919,52,rsa,-0.000488093588501215
taskonomy/depth_zbuffer,encoder.layer1.2.relu,LIPv,train,sub-06,5919,205,rsa,0.008150649257004261
taskonomy/depth_zbuffer,encoder.layer1.2.relu,AIP,train,sub-06,5919,244,rsa,0.00217678165063262
taskonomy/depth_zbuffer,encoder.layer1.2.relu,7Pm,train,sub-06,5919,3,rsa,8.450832683593035e-05
taskonomy/depth_zbuffer,encoder.layer1.2.relu,7PL,train,sub-06,5919,24,rsa,0.0005888657178729773
taskonomy/depth_zbuffer,encoder.layer1.2.relu,7PC,train,sub-06,5919,276,rsa,0.004303674213588238
taskonomy/depth_zbuffer,encoder.layer1.2.relu,7Am,train,sub-06,5919,86,rsa,0.0053452132269740105
taskonomy/depth_zbuffer,encoder.layer1.2.relu,7AL,train,sub-06,5919,236,rsa,0.004825369920581579
taskonomy/depth_zbuffer,encoder.layer1.2.relu,VVC,train,sub-06,5919,202,rsa,0.020564651116728783
taskonomy/depth_zbuffer,encoder.layer1.2.relu,VMV2,train,sub-06,5919,69,rsa,0.01368674449622631
taskonomy/depth_zbuffer,encoder.layer1.2.relu,VMV3,train,sub-06,5919,103,rsa,0.014902759343385696
taskonomy/depth_zbuffer,encoder.layer1.2.relu,VMV1,train,sub-06,5919,21,rsa,0.003417485859245062
taskonomy/depth_zbuffer,encoder.layer1.2.relu,PHA2,train,sub-06,5919,49,rsa,0.010663919150829315
taskonomy/depth_zbuffer,encoder.layer1.2.relu,PHA3,train,sub-06,5919,156,rsa,0.018816113471984863
taskonomy/depth_zbuffer,encoder.layer1.2.relu,PH,train,sub-06,5919,327,rsa,0.020820247009396553
taskonomy/depth_zbuffer,encoder.layer2.0.relu,V1,train,sub-06,5919,597,rsa,0.056869614869356155
taskonomy/depth_zbuffer,encoder.layer2.0.relu,V2,train,sub-06,5919,631,rsa,0.031034059822559357
taskonomy/depth_zbuffer,encoder.layer2.0.relu,V3,train,sub-06,5919,432,rsa,0.025571120902895927
taskonomy/depth_zbuffer,encoder.layer2.0.relu,V4,train,sub-06,5919,560,rsa,0.02718725986778736
taskonomy/depth_zbuffer,encoder.layer2.0.relu,V3A,train,sub-06,5919,161,rsa,0.010357663035392761
taskonomy/depth_zbuffer,encoder.layer2.0.relu,V3B,train,sub-06,5919,86,rsa,0.009089521132409573
taskonomy/depth_zbuffer,encoder.layer2.0.relu,V6,train,sub-06,5919,86,rsa,0.016685321927070618
taskonomy/depth_zbuffer,encoder.layer2.0.relu,V6A,train,sub-06,5919,73,rsa,0.03758244216442108
taskonomy/depth_zbuffer,encoder.layer2.0.relu,V7,train,sub-06,5919,83,rsa,0.008703579194843769
taskonomy/depth_zbuffer,encoder.layer2.0.relu,V8,train,sub-06,5919,107,rsa,0.020818954333662987
taskonomy/depth_zbuffer,encoder.layer2.0.relu,FFC,train,sub-06,5919,217,rsa,0.026774905622005463
taskonomy/depth_zbuffer,encoder.layer2.0.relu,PIT,train,sub-06,5919,105,rsa,0.015415206551551819
taskonomy/depth_zbuffer,encoder.layer2.0.relu,IPS1,train,sub-06,5919,150,rsa,0.00994777400046587
taskonomy/depth_zbuffer,encoder.layer2.0.relu,MST,train,sub-06,5919,148,rsa,0.04238242655992508
taskonomy/depth_zbuffer,encoder.layer2.0.relu,MT,train,sub-06,5919,95,rsa,0.022036070004105568
taskonomy/depth_zbuffer,encoder.layer2.0.relu,FST,train,sub-06,5919,174,rsa,0.026656070724129677
taskonomy/depth_zbuffer,encoder.layer2.0.relu,LO1,train,sub-06,5919,75,rsa,0.019994216039776802
taskonomy/depth_zbuffer,encoder.layer2.0.relu,LO2,train,sub-06,5919,78,rsa,0.01083967462182045
taskonomy/depth_zbuffer,encoder.layer2.0.relu,LO3,train,sub-06,5919,115,rsa,0.02567361667752266
taskonomy/depth_zbuffer,encoder.layer2.0.relu,V7,train,sub-06,5919,83,rsa,0.008703579194843769
taskonomy/depth_zbuffer,encoder.layer2.0.relu,IP0,train,sub-06,5919,102,rsa,0.013152962550520897
taskonomy/depth_zbuffer,encoder.layer2.0.relu,IP1,train,sub-06,5919,14,rsa,0.0003774675424210727
taskonomy/depth_zbuffer,encoder.layer2.0.relu,MIP,train,sub-06,5919,111,rsa,0.011189492419362068
taskonomy/depth_zbuffer,encoder.layer2.0.relu,VIP,train,sub-06,5919,150,rsa,0.005849390756338835
taskonomy/depth_zbuffer,encoder.layer2.0.relu,LIPd,train,sub-06,5919,52,rsa,5.8645091485232115e-06
taskonomy/depth_zbuffer,encoder.layer2.0.relu,LIPv,train,sub-06,5919,205,rsa,0.009401540271937847
taskonomy/depth_zbuffer,encoder.layer2.0.relu,AIP,train,sub-06,5919,244,rsa,0.003014039248228073
taskonomy/depth_zbuffer,encoder.layer2.0.relu,7Pm,train,sub-06,5919,3,rsa,-0.00044132780749350786
taskonomy/depth_zbuffer,encoder.layer2.0.relu,7PL,train,sub-06,5919,24,rsa,0.0009719278896227479
taskonomy/depth_zbuffer,encoder.layer2.0.relu,7PC,train,sub-06,5919,276,rsa,0.006036470644176006
taskonomy/depth_zbuffer,encoder.layer2.0.relu,7Am,train,sub-06,5919,86,rsa,0.0067585608921945095
taskonomy/depth_zbuffer,encoder.layer2.0.relu,7AL,train,sub-06,5919,236,rsa,0.005653273314237595
taskonomy/depth_zbuffer,encoder.layer2.0.relu,VVC,train,sub-06,5919,202,rsa,0.02393442392349243
taskonomy/depth_zbuffer,encoder.layer2.0.relu,VMV2,train,sub-06,5919,69,rsa,0.01638362742960453
taskonomy/depth_zbuffer,encoder.layer2.0.relu,VMV3,train,sub-06,5919,103,rsa,0.017102975398302078
taskonomy/depth_zbuffer,encoder.layer2.0.relu,VMV1,train,sub-06,5919,21,rsa,0.004448453895747662
taskonomy/depth_zbuffer,encoder.layer2.0.relu,PHA2,train,sub-06,5919,49,rsa,0.012999788857996464
taskonomy/depth_zbuffer,encoder.layer2.0.relu,PHA3,train,sub-06,5919,156,rsa,0.02273474633693695
taskonomy/depth_zbuffer,encoder.layer2.0.relu,PH,train,sub-06,5919,327,rsa,0.024843625724315643
taskonomy/depth_zbuffer,encoder.layer2.1.relu,V1,train,sub-06,5919,597,rsa,0.04471403732895851
taskonomy/depth_zbuffer,encoder.layer2.1.relu,V2,train,sub-06,5919,631,rsa,0.024164633825421333
taskonomy/depth_zbuffer,encoder.layer2.1.relu,V3,train,sub-06,5919,432,rsa,0.020649464800953865
taskonomy/depth_zbuffer,encoder.layer2.1.relu,V4,train,sub-06,5919,560,rsa,0.02245858497917652
taskonomy/depth_zbuffer,encoder.layer2.1.relu,V3A,train,sub-06,5919,161,rsa,0.007007082924246788
taskonomy/depth_zbuffer,encoder.layer2.1.relu,V3B,train,sub-06,5919,86,rsa,0.008565720170736313
taskonomy/depth_zbuffer,encoder.layer2.1.relu,V6,train,sub-06,5919,86,rsa,0.012131861411035061
taskonomy/depth_zbuffer,encoder.layer2.1.relu,V6A,train,sub-06,5919,73,rsa,0.035198457539081573
taskonomy/depth_zbuffer,encoder.layer2.1.relu,V7,train,sub-06,5919,83,rsa,0.007341611199080944
taskonomy/depth_zbuffer,encoder.layer2.1.relu,V8,train,sub-06,5919,107,rsa,0.017120428383350372
taskonomy/depth_zbuffer,encoder.layer2.1.relu,FFC,train,sub-06,5919,217,rsa,0.024434126913547516
taskonomy/depth_zbuffer,encoder.layer2.1.relu,PIT,train,sub-06,5919,105,rsa,0.01316596008837223
taskonomy/depth_zbuffer,encoder.layer2.1.relu,IPS1,train,sub-06,5919,150,rsa,0.008814796805381775
taskonomy/depth_zbuffer,encoder.layer2.1.relu,MST,train,sub-06,5919,148,rsa,0.03921842575073242
taskonomy/depth_zbuffer,encoder.layer2.1.relu,MT,train,sub-06,5919,95,rsa,0.019228022545576096
taskonomy/depth_zbuffer,encoder.layer2.1.relu,FST,train,sub-06,5919,174,rsa,0.023984940722584724
taskonomy/depth_zbuffer,encoder.layer2.1.relu,LO1,train,sub-06,5919,75,rsa,0.018039073795080185
taskonomy/depth_zbuffer,encoder.layer2.1.relu,LO2,train,sub-06,5919,78,rsa,0.009799566119909286
taskonomy/depth_zbuffer,encoder.layer2.1.relu,LO3,train,sub-06,5919,115,rsa,0.023716378957033157
taskonomy/depth_zbuffer,encoder.layer2.1.relu,V7,train,sub-06,5919,83,rsa,0.007341611199080944
taskonomy/depth_zbuffer,encoder.layer2.1.relu,IP0,train,sub-06,5919,102,rsa,0.011482590809464455
taskonomy/depth_zbuffer,encoder.layer2.1.relu,IP1,train,sub-06,5919,14,rsa,-0.0001821322803152725
taskonomy/depth_zbuffer,encoder.layer2.1.relu,MIP,train,sub-06,5919,111,rsa,0.00940767489373684
taskonomy/depth_zbuffer,encoder.layer2.1.relu,VIP,train,sub-06,5919,150,rsa,0.0046513620764017105
taskonomy/depth_zbuffer,encoder.layer2.1.relu,LIPd,train,sub-06,5919,52,rsa,-5.148046329850331e-05
taskonomy/depth_zbuffer,encoder.layer2.1.relu,LIPv,train,sub-06,5919,205,rsa,0.008242824114859104
taskonomy/depth_zbuffer,encoder.layer2.1.relu,AIP,train,sub-06,5919,244,rsa,0.002703580306842923
taskonomy/depth_zbuffer,encoder.layer2.1.relu,7Pm,train,sub-06,5919,3,rsa,-0.0003994707076344639
taskonomy/depth_zbuffer,encoder.layer2.1.relu,7PL,train,sub-06,5919,24,rsa,0.00013400486204773188
taskonomy/depth_zbuffer,encoder.layer2.1.relu,7PC,train,sub-06,5919,276,rsa,0.005115233827382326
taskonomy/depth_zbuffer,encoder.layer2.1.relu,7Am,train,sub-06,5919,86,rsa,0.004805129952728748
taskonomy/depth_zbuffer,encoder.layer2.1.relu,7AL,train,sub-06,5919,236,rsa,0.004124940373003483
taskonomy/depth_zbuffer,encoder.layer2.1.relu,VVC,train,sub-06,5919,202,rsa,0.021292652934789658
taskonomy/depth_zbuffer,encoder.layer2.1.relu,VMV2,train,sub-06,5919,69,rsa,0.013805201277136803
taskonomy/depth_zbuffer,encoder.layer2.1.relu,VMV3,train,sub-06,5919,103,rsa,0.01480673998594284
taskonomy/depth_zbuffer,encoder.layer2.1.relu,VMV1,train,sub-06,5919,21,rsa,0.0037299131508916616
taskonomy/depth_zbuffer,encoder.layer2.1.relu,PHA2,train,sub-06,5919,49,rsa,0.0114796943962574
taskonomy/depth_zbuffer,encoder.layer2.1.relu,PHA3,train,sub-06,5919,156,rsa,0.020585522055625916
taskonomy/depth_zbuffer,encoder.layer2.1.relu,PH,train,sub-06,5919,327,rsa,0.022490710020065308
taskonomy/depth_zbuffer,encoder.layer2.2.relu,V1,train,sub-06,5919,597,rsa,0.040050387382507324
taskonomy/depth_zbuffer,encoder.layer2.2.relu,V2,train,sub-06,5919,631,rsa,0.022789593786001205
taskonomy/depth_zbuffer,encoder.layer2.2.relu,V3,train,sub-06,5919,432,rsa,0.01978083699941635
taskonomy/depth_zbuffer,encoder.layer2.2.relu,V4,train,sub-06,5919,560,rsa,0.02093624882400036
taskonomy/depth_zbuffer,encoder.layer2.2.relu,V3A,train,sub-06,5919,161,rsa,0.005418454296886921
taskonomy/depth_zbuffer,encoder.layer2.2.relu,V3B,train,sub-06,5919,86,rsa,0.008081815205514431
taskonomy/depth_zbuffer,encoder.layer2.2.relu,V6,train,sub-06,5919,86,rsa,0.01027496438473463
taskonomy/depth_zbuffer,encoder.layer2.2.relu,V6A,train,sub-06,5919,73,rsa,0.0333426296710968
taskonomy/depth_zbuffer,encoder.layer2.2.relu,V7,train,sub-06,5919,83,rsa,0.007113318424671888
taskonomy/depth_zbuffer,encoder.layer2.2.relu,V8,train,sub-06,5919,107,rsa,0.015444228425621986
taskonomy/depth_zbuffer,encoder.layer2.2.relu,FFC,train,sub-06,5919,217,rsa,0.023427627980709076
taskonomy/depth_zbuffer,encoder.layer2.2.relu,PIT,train,sub-06,5919,105,rsa,0.012275856919586658
taskonomy/depth_zbuffer,encoder.layer2.2.relu,IPS1,train,sub-06,5919,150,rsa,0.008173797279596329
taskonomy/depth_zbuffer,encoder.layer2.2.relu,MST,train,sub-06,5919,148,rsa,0.03696882724761963
taskonomy/depth_zbuffer,encoder.layer2.2.relu,MT,train,sub-06,5919,95,rsa,0.018855830654501915
taskonomy/depth_zbuffer,encoder.layer2.2.relu,FST,train,sub-06,5919,174,rsa,0.02325483411550522
taskonomy/depth_zbuffer,encoder.layer2.2.relu,LO1,train,sub-06,5919,75,rsa,0.01762288808822632
taskonomy/depth_zbuffer,encoder.layer2.2.relu,LO2,train,sub-06,5919,78,rsa,0.009127583354711533
taskonomy/depth_zbuffer,encoder.layer2.2.relu,LO3,train,sub-06,5919,115,rsa,0.022604890167713165
taskonomy/depth_zbuffer,encoder.layer2.2.relu,V7,train,sub-06,5919,83,rsa,0.007113318424671888
taskonomy/depth_zbuffer,encoder.layer2.2.relu,IP0,train,sub-06,5919,102,rsa,0.010267982259392738
taskonomy/depth_zbuffer,encoder.layer2.2.relu,IP1,train,sub-06,5919,14,rsa,-0.00016993308963719755
taskonomy/depth_zbuffer,encoder.layer2.2.relu,MIP,train,sub-06,5919,111,rsa,0.008835241198539734
taskonomy/depth_zbuffer,encoder.layer2.2.relu,VIP,train,sub-06,5919,150,rsa,0.003667479380965233
taskonomy/depth_zbuffer,encoder.layer2.2.relu,LIPd,train,sub-06,5919,52,rsa,1.0794479749165475e-05
taskonomy/depth_zbuffer,encoder.layer2.2.relu,LIPv,train,sub-06,5919,205,rsa,0.007573496084660292
taskonomy/depth_zbuffer,encoder.layer2.2.relu,AIP,train,sub-06,5919,244,rsa,0.0025160268414765596
taskonomy/depth_zbuffer,encoder.layer2.2.relu,7Pm,train,sub-06,5919,3,rsa,-0.0005687925149686635
taskonomy/depth_zbuffer,encoder.layer2.2.relu,7PL,train,sub-06,5919,24,rsa,5.8916048146784306e-06
taskonomy/depth_zbuffer,encoder.layer2.2.relu,7PC,train,sub-06,5919,276,rsa,0.004464525729417801
taskonomy/depth_zbuffer,encoder.layer2.2.relu,7Am,train,sub-06,5919,86,rsa,0.0038358622696250677
taskonomy/depth_zbuffer,encoder.layer2.2.relu,7AL,train,sub-06,5919,236,rsa,0.003524305298924446
taskonomy/depth_zbuffer,encoder.layer2.2.relu,VVC,train,sub-06,5919,202,rsa,0.019142014905810356
taskonomy/depth_zbuffer,encoder.layer2.2.relu,VMV2,train,sub-06,5919,69,rsa,0.013113819062709808
taskonomy/depth_zbuffer,encoder.layer2.2.relu,VMV3,train,sub-06,5919,103,rsa,0.014555152505636215
taskonomy/depth_zbuffer,encoder.layer2.2.relu,VMV1,train,sub-06,5919,21,rsa,0.0033545871265232563
taskonomy/depth_zbuffer,encoder.layer2.2.relu,PHA2,train,sub-06,5919,49,rsa,0.010050244629383087
taskonomy/depth_zbuffer,encoder.layer2.2.relu,PHA3,train,sub-06,5919,156,rsa,0.018455341458320618
taskonomy/depth_zbuffer,encoder.layer2.2.relu,PH,train,sub-06,5919,327,rsa,0.021873755380511284
taskonomy/depth_zbuffer,encoder.layer3.0.relu,V1,train,sub-06,5919,597,rsa,0.05909501761198044
taskonomy/depth_zbuffer,encoder.layer3.0.relu,V2,train,sub-06,5919,631,rsa,0.03805825859308243
taskonomy/depth_zbuffer,encoder.layer3.0.relu,V3,train,sub-06,5919,432,rsa,0.03276350349187851
taskonomy/depth_zbuffer,encoder.layer3.0.relu,V4,train,sub-06,5919,560,rsa,0.03796861693263054
taskonomy/depth_zbuffer,encoder.layer3.0.relu,V3A,train,sub-06,5919,161,rsa,0.01448303833603859
taskonomy/depth_zbuffer,encoder.layer3.0.relu,V3B,train,sub-06,5919,86,rsa,0.012151959352195263
taskonomy/depth_zbuffer,encoder.layer3.0.relu,V6,train,sub-06,5919,86,rsa,0.022990070283412933
taskonomy/depth_zbuffer,encoder.layer3.0.relu,V6A,train,sub-06,5919,73,rsa,0.04426691681146622
taskonomy/depth_zbuffer,encoder.layer3.0.relu,V7,train,sub-06,5919,83,rsa,0.012133238837122917
taskonomy/depth_zbuffer,encoder.layer3.0.relu,V8,train,sub-06,5919,107,rsa,0.028013933449983597
taskonomy/depth_zbuffer,encoder.layer3.0.relu,FFC,train,sub-06,5919,217,rsa,0.040065549314022064
taskonomy/depth_zbuffer,encoder.layer3.0.relu,PIT,train,sub-06,5919,105,rsa,0.02217669039964676
taskonomy/depth_zbuffer,encoder.layer3.0.relu,IPS1,train,sub-06,5919,150,rsa,0.01195935346186161
taskonomy/depth_zbuffer,encoder.layer3.0.relu,MST,train,sub-06,5919,148,rsa,0.059593770653009415
taskonomy/depth_zbuffer,encoder.layer3.0.relu,MT,train,sub-06,5919,95,rsa,0.03429701551795006
taskonomy/depth_zbuffer,encoder.layer3.0.relu,FST,train,sub-06,5919,174,rsa,0.03644600883126259
taskonomy/depth_zbuffer,encoder.layer3.0.relu,LO1,train,sub-06,5919,75,rsa,0.03220263496041298
taskonomy/depth_zbuffer,encoder.layer3.0.relu,LO2,train,sub-06,5919,78,rsa,0.017543788999319077
taskonomy/depth_zbuffer,encoder.layer3.0.relu,LO3,train,sub-06,5919,115,rsa,0.036631517112255096
taskonomy/depth_zbuffer,encoder.layer3.0.relu,V7,train,sub-06,5919,83,rsa,0.012133238837122917
taskonomy/depth_zbuffer,encoder.layer3.0.relu,IP0,train,sub-06,5919,102,rsa,0.021853096783161163
taskonomy/depth_zbuffer,encoder.layer3.0.relu,IP1,train,sub-06,5919,14,rsa,-0.0002445995924063027
taskonomy/depth_zbuffer,encoder.layer3.0.relu,MIP,train,sub-06,5919,111,rsa,0.013559725135564804
taskonomy/depth_zbuffer,encoder.layer3.0.relu,VIP,train,sub-06,5919,150,rsa,0.01322863344103098
taskonomy/depth_zbuffer,encoder.layer3.0.relu,LIPd,train,sub-06,5919,52,rsa,0.000818470842204988
taskonomy/depth_zbuffer,encoder.layer3.0.relu,LIPv,train,sub-06,5919,205,rsa,0.01388904731720686
taskonomy/depth_zbuffer,encoder.layer3.0.relu,AIP,train,sub-06,5919,244,rsa,0.004332955926656723
taskonomy/depth_zbuffer,encoder.layer3.0.relu,7Pm,train,sub-06,5919,3,rsa,-0.0008691744296811521
taskonomy/depth_zbuffer,encoder.layer3.0.relu,7PL,train,sub-06,5919,24,rsa,0.0018688470590859652
taskonomy/depth_zbuffer,encoder.layer3.0.relu,7PC,train,sub-06,5919,276,rsa,0.008946479298174381
taskonomy/depth_zbuffer,encoder.layer3.0.relu,7Am,train,sub-06,5919,86,rsa,0.006796172820031643
taskonomy/depth_zbuffer,encoder.layer3.0.relu,7AL,train,sub-06,5919,236,rsa,0.006800683680921793
taskonomy/depth_zbuffer,encoder.layer3.0.relu,VVC,train,sub-06,5919,202,rsa,0.041197702288627625
taskonomy/depth_zbuffer,encoder.layer3.0.relu,VMV2,train,sub-06,5919,69,rsa,0.030709395185112953
taskonomy/depth_zbuffer,encoder.layer3.0.relu,VMV3,train,sub-06,5919,103,rsa,0.024239270016551018
taskonomy/depth_zbuffer,encoder.layer3.0.relu,VMV1,train,sub-06,5919,21,rsa,0.010618009604513645
taskonomy/depth_zbuffer,encoder.layer3.0.relu,PHA2,train,sub-06,5919,49,rsa,0.024909034371376038
taskonomy/depth_zbuffer,encoder.layer3.0.relu,PHA3,train,sub-06,5919,156,rsa,0.0412600077688694
taskonomy/depth_zbuffer,encoder.layer3.0.relu,PH,train,sub-06,5919,327,rsa,0.03383047506213188
taskonomy/depth_zbuffer,encoder.layer3.1.relu,V1,train,sub-06,5919,597,rsa,0.05067843571305275
taskonomy/depth_zbuffer,encoder.layer3.1.relu,V2,train,sub-06,5919,631,rsa,0.033780597150325775
taskonomy/depth_zbuffer,encoder.layer3.1.relu,V3,train,sub-06,5919,432,rsa,0.029922399669885635
taskonomy/depth_zbuffer,encoder.layer3.1.relu,V4,train,sub-06,5919,560,rsa,0.03635071963071823
taskonomy/depth_zbuffer,encoder.layer3.1.relu,V3A,train,sub-06,5919,161,rsa,0.013229990378022194
taskonomy/depth_zbuffer,encoder.layer3.1.relu,V3B,train,sub-06,5919,86,rsa,0.011391859501600266
taskonomy/depth_zbuffer,encoder.layer3.1.relu,V6,train,sub-06,5919,86,rsa,0.020824559032917023
taskonomy/depth_zbuffer,encoder.layer3.1.relu,V6A,train,sub-06,5919,73,rsa,0.04359263554215431
taskonomy/depth_zbuffer,encoder.layer3.1.relu,V7,train,sub-06,5919,83,rsa,0.012216651812195778
taskonomy/depth_zbuffer,encoder.layer3.1.relu,V8,train,sub-06,5919,107,rsa,0.02830008789896965
taskonomy/depth_zbuffer,encoder.layer3.1.relu,FFC,train,sub-06,5919,217,rsa,0.039415761828422546
taskonomy/depth_zbuffer,encoder.layer3.1.relu,PIT,train,sub-06,5919,105,rsa,0.020823204889893532
taskonomy/depth_zbuffer,encoder.layer3.1.relu,IPS1,train,sub-06,5919,150,rsa,0.011099682189524174
taskonomy/depth_zbuffer,encoder.layer3.1.relu,MST,train,sub-06,5919,148,rsa,0.058145709335803986
taskonomy/depth_zbuffer,encoder.layer3.1.relu,MT,train,sub-06,5919,95,rsa,0.03391497954726219
taskonomy/depth_zbuffer,encoder.layer3.1.relu,FST,train,sub-06,5919,174,rsa,0.03634849935770035
taskonomy/depth_zbuffer,encoder.layer3.1.relu,LO1,train,sub-06,5919,75,rsa,0.03136715665459633
taskonomy/depth_zbuffer,encoder.layer3.1.relu,LO2,train,sub-06,5919,78,rsa,0.016463831067085266
taskonomy/depth_zbuffer,encoder.layer3.1.relu,LO3,train,sub-06,5919,115,rsa,0.03538836911320686
taskonomy/depth_zbuffer,encoder.layer3.1.relu,V7,train,sub-06,5919,83,rsa,0.012216651812195778
taskonomy/depth_zbuffer,encoder.layer3.1.relu,IP0,train,sub-06,5919,102,rsa,0.020221490412950516
taskonomy/depth_zbuffer,encoder.layer3.1.relu,IP1,train,sub-06,5919,14,rsa,-0.0006915628910064697
taskonomy/depth_zbuffer,encoder.layer3.1.relu,MIP,train,sub-06,5919,111,rsa,0.012698289006948471
taskonomy/depth_zbuffer,encoder.layer3.1.relu,VIP,train,sub-06,5919,150,rsa,0.012297289445996284
taskonomy/depth_zbuffer,encoder.layer3.1.relu,LIPd,train,sub-06,5919,52,rsa,0.0006855398532934487
taskonomy/depth_zbuffer,encoder.layer3.1.relu,LIPv,train,sub-06,5919,205,rsa,0.01313356589525938
taskonomy/depth_zbuffer,encoder.layer3.1.relu,AIP,train,sub-06,5919,244,rsa,0.003765823319554329
taskonomy/depth_zbuffer,encoder.layer3.1.relu,7Pm,train,sub-06,5919,3,rsa,-0.0009571146219968796
taskonomy/depth_zbuffer,encoder.layer3.1.relu,7PL,train,sub-06,5919,24,rsa,0.0014873840846121311
taskonomy/depth_zbuffer,encoder.layer3.1.relu,7PC,train,sub-06,5919,276,rsa,0.007990051060914993
taskonomy/depth_zbuffer,encoder.layer3.1.relu,7Am,train,sub-06,5919,86,rsa,0.005433986894786358
taskonomy/depth_zbuffer,encoder.layer3.1.relu,7AL,train,sub-06,5919,236,rsa,0.006791670806705952
taskonomy/depth_zbuffer,encoder.layer3.1.relu,VVC,train,sub-06,5919,202,rsa,0.03926745057106018
taskonomy/depth_zbuffer,encoder.layer3.1.relu,VMV2,train,sub-06,5919,69,rsa,0.03084300085902214
taskonomy/depth_zbuffer,encoder.layer3.1.relu,VMV3,train,sub-06,5919,103,rsa,0.02379409782588482
taskonomy/depth_zbuffer,encoder.layer3.1.relu,VMV1,train,sub-06,5919,21,rsa,0.010442783124744892
taskonomy/depth_zbuffer,encoder.layer3.1.relu,PHA2,train,sub-06,5919,49,rsa,0.022969938814640045
taskonomy/depth_zbuffer,encoder.layer3.1.relu,PHA3,train,sub-06,5919,156,rsa,0.03952312096953392
taskonomy/depth_zbuffer,encoder.layer3.1.relu,PH,train,sub-06,5919,327,rsa,0.03186635300517082
taskonomy/depth_zbuffer,encoder.layer3.2.relu,V1,train,sub-06,5919,597,rsa,0.04658887907862663
taskonomy/depth_zbuffer,encoder.layer3.2.relu,V2,train,sub-06,5919,631,rsa,0.03133246302604675
taskonomy/depth_zbuffer,encoder.layer3.2.relu,V3,train,sub-06,5919,432,rsa,0.027671528980135918
taskonomy/depth_zbuffer,encoder.layer3.2.relu,V4,train,sub-06,5919,560,rsa,0.03284492343664169
taskonomy/depth_zbuffer,encoder.layer3.2.relu,V3A,train,sub-06,5919,161,rsa,0.011110935360193253
taskonomy/depth_zbuffer,encoder.layer3.2.relu,V3B,train,sub-06,5919,86,rsa,0.010055250488221645
taskonomy/depth_zbuffer,encoder.layer3.2.relu,V6,train,sub-06,5919,86,rsa,0.01827353611588478
taskonomy/depth_zbuffer,encoder.layer3.2.relu,V6A,train,sub-06,5919,73,rsa,0.042699288576841354
taskonomy/depth_zbuffer,encoder.layer3.2.relu,V7,train,sub-06,5919,83,rsa,0.01191377267241478
taskonomy/depth_zbuffer,encoder.layer3.2.relu,V8,train,sub-06,5919,107,rsa,0.02604258991777897
taskonomy/depth_zbuffer,encoder.layer3.2.relu,FFC,train,sub-06,5919,217,rsa,0.037022557109594345
taskonomy/depth_zbuffer,encoder.layer3.2.relu,PIT,train,sub-06,5919,105,rsa,0.01867057941854
taskonomy/depth_zbuffer,encoder.layer3.2.relu,IPS1,train,sub-06,5919,150,rsa,0.009830889292061329
taskonomy/depth_zbuffer,encoder.layer3.2.relu,MST,train,sub-06,5919,148,rsa,0.05412127450108528
taskonomy/depth_zbuffer,encoder.layer3.2.relu,MT,train,sub-06,5919,95,rsa,0.03157074376940727
taskonomy/depth_zbuffer,encoder.layer3.2.relu,FST,train,sub-06,5919,174,rsa,0.03437178581953049
taskonomy/depth_zbuffer,encoder.layer3.2.relu,LO1,train,sub-06,5919,75,rsa,0.02674596756696701
taskonomy/depth_zbuffer,encoder.layer3.2.relu,LO2,train,sub-06,5919,78,rsa,0.01424509659409523
taskonomy/depth_zbuffer,encoder.layer3.2.relu,LO3,train,sub-06,5919,115,rsa,0.03182091563940048
taskonomy/depth_zbuffer,encoder.layer3.2.relu,V7,train,sub-06,5919,83,rsa,0.01191377267241478
taskonomy/depth_zbuffer,encoder.layer3.2.relu,IP0,train,sub-06,5919,102,rsa,0.017800690606236458
taskonomy/depth_zbuffer,encoder.layer3.2.relu,IP1,train,sub-06,5919,14,rsa,-0.0007699761190451682
taskonomy/depth_zbuffer,encoder.layer3.2.relu,MIP,train,sub-06,5919,111,rsa,0.011272300966084003
taskonomy/depth_zbuffer,encoder.layer3.2.relu,VIP,train,sub-06,5919,150,rsa,0.010038069449365139
taskonomy/depth_zbuffer,encoder.layer3.2.relu,LIPd,train,sub-06,5919,52,rsa,0.00021333327458705753
taskonomy/depth_zbuffer,encoder.layer3.2.relu,LIPv,train,sub-06,5919,205,rsa,0.011981921270489693
taskonomy/depth_zbuffer,encoder.layer3.2.relu,AIP,train,sub-06,5919,244,rsa,0.003409396857023239
taskonomy/depth_zbuffer,encoder.layer3.2.relu,7Pm,train,sub-06,5919,3,rsa,-0.0010542563395574689
taskonomy/depth_zbuffer,encoder.layer3.2.relu,7PL,train,sub-06,5919,24,rsa,0.0009795059449970722
taskonomy/depth_zbuffer,encoder.layer3.2.relu,7PC,train,sub-06,5919,276,rsa,0.007179022300988436
taskonomy/depth_zbuffer,encoder.layer3.2.relu,7Am,train,sub-06,5919,86,rsa,0.004437892697751522
taskonomy/depth_zbuffer,encoder.layer3.2.relu,7AL,train,sub-06,5919,236,rsa,0.005887459963560104
taskonomy/depth_zbuffer,encoder.layer3.2.relu,VVC,train,sub-06,5919,202,rsa,0.03379284217953682
taskonomy/depth_zbuffer,encoder.layer3.2.relu,VMV2,train,sub-06,5919,69,rsa,0.026634367182850838
taskonomy/depth_zbuffer,encoder.layer3.2.relu,VMV3,train,sub-06,5919,103,rsa,0.022284027189016342
taskonomy/depth_zbuffer,encoder.layer3.2.relu,VMV1,train,sub-06,5919,21,rsa,0.009282361716032028
taskonomy/depth_zbuffer,encoder.layer3.2.relu,PHA2,train,sub-06,5919,49,rsa,0.019144775345921516
taskonomy/depth_zbuffer,encoder.layer3.2.relu,PHA3,train,sub-06,5919,156,rsa,0.034018658101558685
taskonomy/depth_zbuffer,encoder.layer3.2.relu,PH,train,sub-06,5919,327,rsa,0.029554245993494987
taskonomy/depth_zbuffer,encoder.layer3.3.relu,V1,train,sub-06,5919,597,rsa,0.04946718364953995
taskonomy/depth_zbuffer,encoder.layer3.3.relu,V2,train,sub-06,5919,631,rsa,0.03464174270629883
taskonomy/depth_zbuffer,encoder.layer3.3.relu,V3,train,sub-06,5919,432,rsa,0.0300406776368618
taskonomy/depth_zbuffer,encoder.layer3.3.relu,V4,train,sub-06,5919,560,rsa,0.036751605570316315
taskonomy/depth_zbuffer,encoder.layer3.3.relu,V3A,train,sub-06,5919,161,rsa,0.011517578735947609
taskonomy/depth_zbuffer,encoder.layer3.3.relu,V3B,train,sub-06,5919,86,rsa,0.010452445596456528
taskonomy/depth_zbuffer,encoder.layer3.3.relu,V6,train,sub-06,5919,86,rsa,0.020698364824056625
taskonomy/depth_zbuffer,encoder.layer3.3.relu,V6A,train,sub-06,5919,73,rsa,0.043515268713235855
taskonomy/depth_zbuffer,encoder.layer3.3.relu,V7,train,sub-06,5919,83,rsa,0.013129914179444313
taskonomy/depth_zbuffer,encoder.layer3.3.relu,V8,train,sub-06,5919,107,rsa,0.029189832508563995
taskonomy/depth_zbuffer,encoder.layer3.3.relu,FFC,train,sub-06,5919,217,rsa,0.04073192551732063
taskonomy/depth_zbuffer,encoder.layer3.3.relu,PIT,train,sub-06,5919,105,rsa,0.020116571336984634
taskonomy/depth_zbuffer,encoder.layer3.3.relu,IPS1,train,sub-06,5919,150,rsa,0.00972306914627552
taskonomy/depth_zbuffer,encoder.layer3.3.relu,MST,train,sub-06,5919,148,rsa,0.057437144219875336
taskonomy/depth_zbuffer,encoder.layer3.3.relu,MT,train,sub-06,5919,95,rsa,0.03508341684937477
taskonomy/depth_zbuffer,encoder.layer3.3.relu,FST,train,sub-06,5919,174,rsa,0.037220340222120285
taskonomy/depth_zbuffer,encoder.layer3.3.relu,LO1,train,sub-06,5919,75,rsa,0.028180591762065887
taskonomy/depth_zbuffer,encoder.layer3.3.relu,LO2,train,sub-06,5919,78,rsa,0.015455078333616257
taskonomy/depth_zbuffer,encoder.layer3.3.relu,LO3,train,sub-06,5919,115,rsa,0.03262351080775261
taskonomy/depth_zbuffer,encoder.layer3.3.relu,V7,train,sub-06,5919,83,rsa,0.013129914179444313
taskonomy/depth_zbuffer,encoder.layer3.3.relu,IP0,train,sub-06,5919,102,rsa,0.01837732456624508
taskonomy/depth_zbuffer,encoder.layer3.3.relu,IP1,train,sub-06,5919,14,rsa,-0.0008001087699085474
taskonomy/depth_zbuffer,encoder.layer3.3.relu,MIP,train,sub-06,5919,111,rsa,0.012247535400092602
taskonomy/depth_zbuffer,encoder.layer3.3.relu,VIP,train,sub-06,5919,150,rsa,0.010995598509907722
taskonomy/depth_zbuffer,encoder.layer3.3.relu,LIPd,train,sub-06,5919,52,rsa,6.333244527922943e-05
taskonomy/depth_zbuffer,encoder.layer3.3.relu,LIPv,train,sub-06,5919,205,rsa,0.012981696054339409
taskonomy/depth_zbuffer,encoder.layer3.3.relu,AIP,train,sub-06,5919,244,rsa,0.003344604279845953
taskonomy/depth_zbuffer,encoder.layer3.3.relu,7Pm,train,sub-06,5919,3,rsa,-0.001010008156299591
taskonomy/depth_zbuffer,encoder.layer3.3.relu,7PL,train,sub-06,5919,24,rsa,0.0012238214258104563
taskonomy/depth_zbuffer,encoder.layer3.3.relu,7PC,train,sub-06,5919,276,rsa,0.007186405826359987
taskonomy/depth_zbuffer,encoder.layer3.3.relu,7Am,train,sub-06,5919,86,rsa,0.004828630015254021
taskonomy/depth_zbuffer,encoder.layer3.3.relu,7AL,train,sub-06,5919,236,rsa,0.006383179686963558
taskonomy/depth_zbuffer,encoder.layer3.3.relu,VVC,train,sub-06,5919,202,rsa,0.03503004088997841
taskonomy/depth_zbuffer,encoder.layer3.3.relu,VMV2,train,sub-06,5919,69,rsa,0.02915344201028347
taskonomy/depth_zbuffer,encoder.layer3.3.relu,VMV3,train,sub-06,5919,103,rsa,0.0252178106456995
taskonomy/depth_zbuffer,encoder.layer3.3.relu,VMV1,train,sub-06,5919,21,rsa,0.009841064922511578
taskonomy/depth_zbuffer,encoder.layer3.3.relu,PHA2,train,sub-06,5919,49,rsa,0.019256284460425377
taskonomy/depth_zbuffer,encoder.layer3.3.relu,PHA3,train,sub-06,5919,156,rsa,0.03596872836351395
taskonomy/depth_zbuffer,encoder.layer3.3.relu,PH,train,sub-06,5919,327,rsa,0.032170165330171585
taskonomy/depth_zbuffer,encoder.layer3.4.relu,V1,train,sub-06,5919,597,rsa,0.04619217291474342
taskonomy/depth_zbuffer,encoder.layer3.4.relu,V2,train,sub-06,5919,631,rsa,0.03243755176663399
taskonomy/depth_zbuffer,encoder.layer3.4.relu,V3,train,sub-06,5919,432,rsa,0.028281502425670624
taskonomy/depth_zbuffer,encoder.layer3.4.relu,V4,train,sub-06,5919,560,rsa,0.035161055624485016
taskonomy/depth_zbuffer,encoder.layer3.4.relu,V3A,train,sub-06,5919,161,rsa,0.010847769677639008
taskonomy/depth_zbuffer,encoder.layer3.4.relu,V3B,train,sub-06,5919,86,rsa,0.010197767056524754
taskonomy/depth_zbuffer,encoder.layer3.4.relu,V6,train,sub-06,5919,86,rsa,0.018725750967860222
taskonomy/depth_zbuffer,encoder.layer3.4.relu,V6A,train,sub-06,5919,73,rsa,0.04227014258503914
taskonomy/depth_zbuffer,encoder.layer3.4.relu,V7,train,sub-06,5919,83,rsa,0.012258723378181458
taskonomy/depth_zbuffer,encoder.layer3.4.relu,V8,train,sub-06,5919,107,rsa,0.02697078511118889
taskonomy/depth_zbuffer,encoder.layer3.4.relu,FFC,train,sub-06,5919,217,rsa,0.03978387638926506
taskonomy/depth_zbuffer,encoder.layer3.4.relu,PIT,train,sub-06,5919,105,rsa,0.019327104091644287
taskonomy/depth_zbuffer,encoder.layer3.4.relu,IPS1,train,sub-06,5919,150,rsa,0.009597168304026127
taskonomy/depth_zbuffer,encoder.layer3.4.relu,MST,train,sub-06,5919,148,rsa,0.05643214285373688
taskonomy/depth_zbuffer,encoder.layer3.4.relu,MT,train,sub-06,5919,95,rsa,0.03386703133583069
taskonomy/depth_zbuffer,encoder.layer3.4.relu,FST,train,sub-06,5919,174,rsa,0.03565654903650284
taskonomy/depth_zbuffer,encoder.layer3.4.relu,LO1,train,sub-06,5919,75,rsa,0.028347129002213478
taskonomy/depth_zbuffer,encoder.layer3.4.relu,LO2,train,sub-06,5919,78,rsa,0.015366748906672001
taskonomy/depth_zbuffer,encoder.layer3.4.relu,LO3,train,sub-06,5919,115,rsa,0.03257996216416359
taskonomy/depth_zbuffer,encoder.layer3.4.relu,V7,train,sub-06,5919,83,rsa,0.012258723378181458
taskonomy/depth_zbuffer,encoder.layer3.4.relu,IP0,train,sub-06,5919,102,rsa,0.018933888524770737
taskonomy/depth_zbuffer,encoder.layer3.4.relu,IP1,train,sub-06,5919,14,rsa,-0.0008236693101935089
taskonomy/depth_zbuffer,encoder.layer3.4.relu,MIP,train,sub-06,5919,111,rsa,0.011486205272376537
taskonomy/depth_zbuffer,encoder.layer3.4.relu,VIP,train,sub-06,5919,150,rsa,0.010957966558635235
taskonomy/depth_zbuffer,encoder.layer3.4.relu,LIPd,train,sub-06,5919,52,rsa,-9.240877261618152e-05
taskonomy/depth_zbuffer,encoder.layer3.4.relu,LIPv,train,sub-06,5919,205,rsa,0.012468434870243073
taskonomy/depth_zbuffer,encoder.layer3.4.relu,AIP,train,sub-06,5919,244,rsa,0.0031982141081243753
taskonomy/depth_zbuffer,encoder.layer3.4.relu,7Pm,train,sub-06,5919,3,rsa,-0.0009834959637373686
taskonomy/depth_zbuffer,encoder.layer3.4.relu,7PL,train,sub-06,5919,24,rsa,0.0009223893866874278
taskonomy/depth_zbuffer,encoder.layer3.4.relu,7PC,train,sub-06,5919,276,rsa,0.006865297444164753
taskonomy/depth_zbuffer,encoder.layer3.4.relu,7Am,train,sub-06,5919,86,rsa,0.004305724054574966
taskonomy/depth_zbuffer,encoder.layer3.4.relu,7AL,train,sub-06,5919,236,rsa,0.006143689155578613
taskonomy/depth_zbuffer,encoder.layer3.4.relu,VVC,train,sub-06,5919,202,rsa,0.03604763373732567
taskonomy/depth_zbuffer,encoder.layer3.4.relu,VMV2,train,sub-06,5919,69,rsa,0.029045680537819862
taskonomy/depth_zbuffer,encoder.layer3.4.relu,VMV3,train,sub-06,5919,103,rsa,0.023540254682302475
taskonomy/depth_zbuffer,encoder.layer3.4.relu,VMV1,train,sub-06,5919,21,rsa,0.010230738669633865
taskonomy/depth_zbuffer,encoder.layer3.4.relu,PHA2,train,sub-06,5919,49,rsa,0.021441183984279633
taskonomy/depth_zbuffer,encoder.layer3.4.relu,PHA3,train,sub-06,5919,156,rsa,0.037793248891830444
taskonomy/depth_zbuffer,encoder.layer3.4.relu,PH,train,sub-06,5919,327,rsa,0.031019218266010284
taskonomy/depth_zbuffer,encoder.layer3.5.relu,V1,train,sub-06,5919,597,rsa,0.036195121705532074
taskonomy/depth_zbuffer,encoder.layer3.5.relu,V2,train,sub-06,5919,631,rsa,0.02598314918577671
taskonomy/depth_zbuffer,encoder.layer3.5.relu,V3,train,sub-06,5919,432,rsa,0.023447660729289055
taskonomy/depth_zbuffer,encoder.layer3.5.relu,V4,train,sub-06,5919,560,rsa,0.029158025979995728
taskonomy/depth_zbuffer,encoder.layer3.5.relu,V3A,train,sub-06,5919,161,rsa,0.009056001901626587
taskonomy/depth_zbuffer,encoder.layer3.5.relu,V3B,train,sub-06,5919,86,rsa,0.008354414254426956
taskonomy/depth_zbuffer,encoder.layer3.5.relu,V6,train,sub-06,5919,86,rsa,0.014865420758724213
taskonomy/depth_zbuffer,encoder.layer3.5.relu,V6A,train,sub-06,5919,73,rsa,0.03744790703058243
taskonomy/depth_zbuffer,encoder.layer3.5.relu,V7,train,sub-06,5919,83,rsa,0.010731094516813755
taskonomy/depth_zbuffer,encoder.layer3.5.relu,V8,train,sub-06,5919,107,rsa,0.022792402654886246
taskonomy/depth_zbuffer,encoder.layer3.5.relu,FFC,train,sub-06,5919,217,rsa,0.034687239676713943
taskonomy/depth_zbuffer,encoder.layer3.5.relu,PIT,train,sub-06,5919,105,rsa,0.015649059787392616
taskonomy/depth_zbuffer,encoder.layer3.5.relu,IPS1,train,sub-06,5919,150,rsa,0.007761983200907707
taskonomy/depth_zbuffer,encoder.layer3.5.relu,MST,train,sub-06,5919,148,rsa,0.04991684481501579
taskonomy/depth_zbuffer,encoder.layer3.5.relu,MT,train,sub-06,5919,95,rsa,0.02935805916786194
taskonomy/depth_zbuffer,encoder.layer3.5.relu,FST,train,sub-06,5919,174,rsa,0.03020588308572769
taskonomy/depth_zbuffer,encoder.layer3.5.relu,LO1,train,sub-06,5919,75,rsa,0.024389207363128662
taskonomy/depth_zbuffer,encoder.layer3.5.relu,LO2,train,sub-06,5919,78,rsa,0.012620481662452221
taskonomy/depth_zbuffer,encoder.layer3.5.relu,LO3,train,sub-06,5919,115,rsa,0.028073199093341827
taskonomy/depth_zbuffer,encoder.layer3.5.relu,V7,train,sub-06,5919,83,rsa,0.010731094516813755
taskonomy/depth_zbuffer,encoder.layer3.5.relu,IP0,train,sub-06,5919,102,rsa,0.017268484458327293
taskonomy/depth_zbuffer,encoder.layer3.5.relu,IP1,train,sub-06,5919,14,rsa,-0.0009071481763385236
taskonomy/depth_zbuffer,encoder.layer3.5.relu,MIP,train,sub-06,5919,111,rsa,0.009506800211966038
taskonomy/depth_zbuffer,encoder.layer3.5.relu,VIP,train,sub-06,5919,150,rsa,0.009099970571696758
taskonomy/depth_zbuffer,encoder.layer3.5.relu,LIPd,train,sub-06,5919,52,rsa,-0.00044262304436415434
taskonomy/depth_zbuffer,encoder.layer3.5.relu,LIPv,train,sub-06,5919,205,rsa,0.010773486457765102
taskonomy/depth_zbuffer,encoder.layer3.5.relu,AIP,train,sub-06,5919,244,rsa,0.002457059919834137
taskonomy/depth_zbuffer,encoder.layer3.5.relu,7Pm,train,sub-06,5919,3,rsa,-0.0009436263935640454
taskonomy/depth_zbuffer,encoder.layer3.5.relu,7PL,train,sub-06,5919,24,rsa,0.0003166634123772383
taskonomy/depth_zbuffer,encoder.layer3.5.relu,7PC,train,sub-06,5919,276,rsa,0.0056041087955236435
taskonomy/depth_zbuffer,encoder.layer3.5.relu,7Am,train,sub-06,5919,86,rsa,0.0028948672115802765
taskonomy/depth_zbuffer,encoder.layer3.5.relu,7AL,train,sub-06,5919,236,rsa,0.005049856845289469
taskonomy/depth_zbuffer,encoder.layer3.5.relu,VVC,train,sub-06,5919,202,rsa,0.03333427757024765
taskonomy/depth_zbuffer,encoder.layer3.5.relu,VMV2,train,sub-06,5919,69,rsa,0.02626653201878071
taskonomy/depth_zbuffer,encoder.layer3.5.relu,VMV3,train,sub-06,5919,103,rsa,0.019625157117843628
taskonomy/depth_zbuffer,encoder.layer3.5.relu,VMV1,train,sub-06,5919,21,rsa,0.009844321757555008
taskonomy/depth_zbuffer,encoder.layer3.5.relu,PHA2,train,sub-06,5919,49,rsa,0.021476350724697113
taskonomy/depth_zbuffer,encoder.layer3.5.relu,PHA3,train,sub-06,5919,156,rsa,0.035703547298908234
taskonomy/depth_zbuffer,encoder.layer3.5.relu,PH,train,sub-06,5919,327,rsa,0.026372084394097328
taskonomy/depth_zbuffer,encoder.layer4.0.relu,V1,train,sub-06,5919,597,rsa,0.03745751455426216
taskonomy/depth_zbuffer,encoder.layer4.0.relu,V2,train,sub-06,5919,631,rsa,0.028820203617215157
taskonomy/depth_zbuffer,encoder.layer4.0.relu,V3,train,sub-06,5919,432,rsa,0.02550140768289566
taskonomy/depth_zbuffer,encoder.layer4.0.relu,V4,train,sub-06,5919,560,rsa,0.035468220710754395
taskonomy/depth_zbuffer,encoder.layer4.0.relu,V3A,train,sub-06,5919,161,rsa,0.01467155758291483
taskonomy/depth_zbuffer,encoder.layer4.0.relu,V3B,train,sub-06,5919,86,rsa,0.009699201211333275
taskonomy/depth_zbuffer,encoder.layer4.0.relu,V6,train,sub-06,5919,86,rsa,0.02350378781557083
taskonomy/depth_zbuffer,encoder.layer4.0.relu,V6A,train,sub-06,5919,73,rsa,0.03981689363718033
taskonomy/depth_zbuffer,encoder.layer4.0.relu,V7,train,sub-06,5919,83,rsa,0.014054561965167522
taskonomy/depth_zbuffer,encoder.layer4.0.relu,V8,train,sub-06,5919,107,rsa,0.02669309452176094
taskonomy/depth_zbuffer,encoder.layer4.0.relu,FFC,train,sub-06,5919,217,rsa,0.042657848447561264
taskonomy/depth_zbuffer,encoder.layer4.0.relu,PIT,train,sub-06,5919,105,rsa,0.01815912127494812
taskonomy/depth_zbuffer,encoder.layer4.0.relu,IPS1,train,sub-06,5919,150,rsa,0.008283647708594799
taskonomy/depth_zbuffer,encoder.layer4.0.relu,MST,train,sub-06,5919,148,rsa,0.060686416923999786
taskonomy/depth_zbuffer,encoder.layer4.0.relu,MT,train,sub-06,5919,95,rsa,0.03785659372806549
taskonomy/depth_zbuffer,encoder.layer4.0.relu,FST,train,sub-06,5919,174,rsa,0.035666584968566895
taskonomy/depth_zbuffer,encoder.layer4.0.relu,LO1,train,sub-06,5919,75,rsa,0.030348846688866615
taskonomy/depth_zbuffer,encoder.layer4.0.relu,LO2,train,sub-06,5919,78,rsa,0.014979235827922821
taskonomy/depth_zbuffer,encoder.layer4.0.relu,LO3,train,sub-06,5919,115,rsa,0.03357088193297386
taskonomy/depth_zbuffer,encoder.layer4.0.relu,V7,train,sub-06,5919,83,rsa,0.014054561965167522
taskonomy/depth_zbuffer,encoder.layer4.0.relu,IP0,train,sub-06,5919,102,rsa,0.02293894626200199
taskonomy/depth_zbuffer,encoder.layer4.0.relu,IP1,train,sub-06,5919,14,rsa,-0.0008686274522915483
taskonomy/depth_zbuffer,encoder.layer4.0.relu,MIP,train,sub-06,5919,111,rsa,0.010819182731211185
taskonomy/depth_zbuffer,encoder.layer4.0.relu,VIP,train,sub-06,5919,150,rsa,0.013101723045110703
taskonomy/depth_zbuffer,encoder.layer4.0.relu,LIPd,train,sub-06,5919,52,rsa,-6.817711982876062e-05
taskonomy/depth_zbuffer,encoder.layer4.0.relu,LIPv,train,sub-06,5919,205,rsa,0.013731934130191803
taskonomy/depth_zbuffer,encoder.layer4.0.relu,AIP,train,sub-06,5919,244,rsa,0.002804575953632593
taskonomy/depth_zbuffer,encoder.layer4.0.relu,7Pm,train,sub-06,5919,3,rsa,-0.0012182287173345685
taskonomy/depth_zbuffer,encoder.layer4.0.relu,7PL,train,sub-06,5919,24,rsa,0.0013478188775479794
taskonomy/depth_zbuffer,encoder.layer4.0.relu,7PC,train,sub-06,5919,276,rsa,0.0076292818412184715
taskonomy/depth_zbuffer,encoder.layer4.0.relu,7Am,train,sub-06,5919,86,rsa,0.004593222867697477
taskonomy/depth_zbuffer,encoder.layer4.0.relu,7AL,train,sub-06,5919,236,rsa,0.006741672288626432
taskonomy/depth_zbuffer,encoder.layer4.0.relu,VVC,train,sub-06,5919,202,rsa,0.043306417763233185
taskonomy/depth_zbuffer,encoder.layer4.0.relu,VMV2,train,sub-06,5919,69,rsa,0.03377233073115349
taskonomy/depth_zbuffer,encoder.layer4.0.relu,VMV3,train,sub-06,5919,103,rsa,0.023405177518725395
taskonomy/depth_zbuffer,encoder.layer4.0.relu,VMV1,train,sub-06,5919,21,rsa,0.012796138413250446
taskonomy/depth_zbuffer,encoder.layer4.0.relu,PHA2,train,sub-06,5919,49,rsa,0.028119103983044624
taskonomy/depth_zbuffer,encoder.layer4.0.relu,PHA3,train,sub-06,5919,156,rsa,0.045773833990097046
taskonomy/depth_zbuffer,encoder.layer4.0.relu,PH,train,sub-06,5919,327,rsa,0.029780037701129913
taskonomy/depth_zbuffer,encoder.layer4.1.relu,V1,train,sub-06,5919,597,rsa,0.02036142349243164
taskonomy/depth_zbuffer,encoder.layer4.1.relu,V2,train,sub-06,5919,631,rsa,0.01616188883781433
taskonomy/depth_zbuffer,encoder.layer4.1.relu,V3,train,sub-06,5919,432,rsa,0.01601046696305275
taskonomy/depth_zbuffer,encoder.layer4.1.relu,V4,train,sub-06,5919,560,rsa,0.02382182888686657
taskonomy/depth_zbuffer,encoder.layer4.1.relu,V3A,train,sub-06,5919,161,rsa,0.011090545915067196
taskonomy/depth_zbuffer,encoder.layer4.1.relu,V3B,train,sub-06,5919,86,rsa,0.005266484804451466
taskonomy/depth_zbuffer,encoder.layer4.1.relu,V6,train,sub-06,5919,86,rsa,0.01759403385221958
taskonomy/depth_zbuffer,encoder.layer4.1.relu,V6A,train,sub-06,5919,73,rsa,0.03048759512603283
taskonomy/depth_zbuffer,encoder.layer4.1.relu,V7,train,sub-06,5919,83,rsa,0.009420628659427166
taskonomy/depth_zbuffer,encoder.layer4.1.relu,V8,train,sub-06,5919,107,rsa,0.01719060353934765
taskonomy/depth_zbuffer,encoder.layer4.1.relu,FFC,train,sub-06,5919,217,rsa,0.03193345665931702
taskonomy/depth_zbuffer,encoder.layer4.1.relu,PIT,train,sub-06,5919,105,rsa,0.011448369361460209
taskonomy/depth_zbuffer,encoder.layer4.1.relu,IPS1,train,sub-06,5919,150,rsa,0.005201922729611397
taskonomy/depth_zbuffer,encoder.layer4.1.relu,MST,train,sub-06,5919,148,rsa,0.04656730592250824
taskonomy/depth_zbuffer,encoder.layer4.1.relu,MT,train,sub-06,5919,95,rsa,0.026696979999542236
taskonomy/depth_zbuffer,encoder.layer4.1.relu,FST,train,sub-06,5919,174,rsa,0.024755531921982765
taskonomy/depth_zbuffer,encoder.layer4.1.relu,LO1,train,sub-06,5919,75,rsa,0.02315671741962433
taskonomy/depth_zbuffer,encoder.layer4.1.relu,LO2,train,sub-06,5919,78,rsa,0.009193732403218746
taskonomy/depth_zbuffer,encoder.layer4.1.relu,LO3,train,sub-06,5919,115,rsa,0.024839436635375023
taskonomy/depth_zbuffer,encoder.layer4.1.relu,V7,train,sub-06,5919,83,rsa,0.009420628659427166
taskonomy/depth_zbuffer,encoder.layer4.1.relu,IP0,train,sub-06,5919,102,rsa,0.019573939964175224
taskonomy/depth_zbuffer,encoder.layer4.1.relu,IP1,train,sub-06,5919,14,rsa,-0.0005243790219537914
taskonomy/depth_zbuffer,encoder.layer4.1.relu,MIP,train,sub-06,5919,111,rsa,0.006579936482012272
taskonomy/depth_zbuffer,encoder.layer4.1.relu,VIP,train,sub-06,5919,150,rsa,0.010040076449513435
taskonomy/depth_zbuffer,encoder.layer4.1.relu,LIPd,train,sub-06,5919,52,rsa,-0.0009481471497565508
taskonomy/depth_zbuffer,encoder.layer4.1.relu,LIPv,train,sub-06,5919,205,rsa,0.010172917507588863
taskonomy/depth_zbuffer,encoder.layer4.1.relu,AIP,train,sub-06,5919,244,rsa,0.001145854010246694
taskonomy/depth_zbuffer,encoder.layer4.1.relu,7Pm,train,sub-06,5919,3,rsa,-0.0011462410911917686
taskonomy/depth_zbuffer,encoder.layer4.1.relu,7PL,train,sub-06,5919,24,rsa,0.0004491700674407184
taskonomy/depth_zbuffer,encoder.layer4.1.relu,7PC,train,sub-06,5919,276,rsa,0.004796622786670923
taskonomy/depth_zbuffer,encoder.layer4.1.relu,7Am,train,sub-06,5919,86,rsa,0.0014972139615565538
taskonomy/depth_zbuffer,encoder.layer4.1.relu,7AL,train,sub-06,5919,236,rsa,0.005360323935747147
taskonomy/depth_zbuffer,encoder.layer4.1.relu,VVC,train,sub-06,5919,202,rsa,0.03564072400331497
taskonomy/depth_zbuffer,encoder.layer4.1.relu,VMV2,train,sub-06,5919,69,rsa,0.026408711448311806
taskonomy/depth_zbuffer,encoder.layer4.1.relu,VMV3,train,sub-06,5919,103,rsa,0.014824701473116875
taskonomy/depth_zbuffer,encoder.layer4.1.relu,VMV1,train,sub-06,5919,21,rsa,0.010557189583778381
taskonomy/depth_zbuffer,encoder.layer4.1.relu,PHA2,train,sub-06,5919,49,rsa,0.026713641360402107
taskonomy/depth_zbuffer,encoder.layer4.1.relu,PHA3,train,sub-06,5919,156,rsa,0.03883342072367668
taskonomy/depth_zbuffer,encoder.layer4.1.relu,PH,train,sub-06,5919,327,rsa,0.020053934305906296
taskonomy/depth_zbuffer,encoder.layer4.2.relu,V1,train,sub-06,5919,597,rsa,0.018685180693864822
taskonomy/depth_zbuffer,encoder.layer4.2.relu,V2,train,sub-06,5919,631,rsa,0.01471517700701952
taskonomy/depth_zbuffer,encoder.layer4.2.relu,V3,train,sub-06,5919,432,rsa,0.014440305531024933
taskonomy/depth_zbuffer,encoder.layer4.2.relu,V4,train,sub-06,5919,560,rsa,0.023036763072013855
taskonomy/depth_zbuffer,encoder.layer4.2.relu,V3A,train,sub-06,5919,161,rsa,0.00947359949350357
taskonomy/depth_zbuffer,encoder.layer4.2.relu,V3B,train,sub-06,5919,86,rsa,0.005299640353769064
taskonomy/depth_zbuffer,encoder.layer4.2.relu,V6,train,sub-06,5919,86,rsa,0.01695372723042965
taskonomy/depth_zbuffer,encoder.layer4.2.relu,V6A,train,sub-06,5919,73,rsa,0.02678910456597805
taskonomy/depth_zbuffer,encoder.layer4.2.relu,V7,train,sub-06,5919,83,rsa,0.00874906312674284
taskonomy/depth_zbuffer,encoder.layer4.2.relu,V8,train,sub-06,5919,107,rsa,0.0167880617082119
taskonomy/depth_zbuffer,encoder.layer4.2.relu,FFC,train,sub-06,5919,217,rsa,0.03077113628387451
taskonomy/depth_zbuffer,encoder.layer4.2.relu,PIT,train,sub-06,5919,105,rsa,0.010961874388158321
taskonomy/depth_zbuffer,encoder.layer4.2.relu,IPS1,train,sub-06,5919,150,rsa,0.005053929053246975
taskonomy/depth_zbuffer,encoder.layer4.2.relu,MST,train,sub-06,5919,148,rsa,0.04395398497581482
taskonomy/depth_zbuffer,encoder.layer4.2.relu,MT,train,sub-06,5919,95,rsa,0.02530583366751671
taskonomy/depth_zbuffer,encoder.layer4.2.relu,FST,train,sub-06,5919,174,rsa,0.023361068218946457
taskonomy/depth_zbuffer,encoder.layer4.2.relu,LO1,train,sub-06,5919,75,rsa,0.02317761816084385
taskonomy/depth_zbuffer,encoder.layer4.2.relu,LO2,train,sub-06,5919,78,rsa,0.009103839285671711
taskonomy/depth_zbuffer,encoder.layer4.2.relu,LO3,train,sub-06,5919,115,rsa,0.02347041666507721
taskonomy/depth_zbuffer,encoder.layer4.2.relu,V7,train,sub-06,5919,83,rsa,0.00874906312674284
taskonomy/depth_zbuffer,encoder.layer4.2.relu,IP0,train,sub-06,5919,102,rsa,0.01813489943742752
taskonomy/depth_zbuffer,encoder.layer4.2.relu,IP1,train,sub-06,5919,14,rsa,-0.0004245135060045868
taskonomy/depth_zbuffer,encoder.layer4.2.relu,MIP,train,sub-06,5919,111,rsa,0.0061503066681325436
taskonomy/depth_zbuffer,encoder.layer4.2.relu,VIP,train,sub-06,5919,150,rsa,0.009112752974033356
taskonomy/depth_zbuffer,encoder.layer4.2.relu,LIPd,train,sub-06,5919,52,rsa,-0.000988926854915917
taskonomy/depth_zbuffer,encoder.layer4.2.relu,LIPv,train,sub-06,5919,205,rsa,0.008932631462812424
taskonomy/depth_zbuffer,encoder.layer4.2.relu,AIP,train,sub-06,5919,244,rsa,0.0005370630533434451
taskonomy/depth_zbuffer,encoder.layer4.2.relu,7Pm,train,sub-06,5919,3,rsa,-0.0009396139648742974
taskonomy/depth_zbuffer,encoder.layer4.2.relu,7PL,train,sub-06,5919,24,rsa,-5.121773574501276e-05
taskonomy/depth_zbuffer,encoder.layer4.2.relu,7PC,train,sub-06,5919,276,rsa,0.003651540959253907
taskonomy/depth_zbuffer,encoder.layer4.2.relu,7Am,train,sub-06,5919,86,rsa,0.001758744241669774
taskonomy/depth_zbuffer,encoder.layer4.2.relu,7AL,train,sub-06,5919,236,rsa,0.004809998907148838
taskonomy/depth_zbuffer,encoder.layer4.2.relu,VVC,train,sub-06,5919,202,rsa,0.034897491335868835
taskonomy/depth_zbuffer,encoder.layer4.2.relu,VMV2,train,sub-06,5919,69,rsa,0.02736647240817547
taskonomy/depth_zbuffer,encoder.layer4.2.relu,VMV3,train,sub-06,5919,103,rsa,0.014716524630784988
taskonomy/depth_zbuffer,encoder.layer4.2.relu,VMV1,train,sub-06,5919,21,rsa,0.010435846634209156
taskonomy/depth_zbuffer,encoder.layer4.2.relu,PHA2,train,sub-06,5919,49,rsa,0.026056548580527306
taskonomy/depth_zbuffer,encoder.layer4.2.relu,PHA3,train,sub-06,5919,156,rsa,0.038224734365940094
taskonomy/depth_zbuffer,encoder.layer4.2.relu,PH,train,sub-06,5919,327,rsa,0.01968545839190483
taskonomy/depth_zbuffer,encoder.layer1.0.relu,V1,test,sub-06,5919,597,rsa,0.07120349258184433
taskonomy/depth_zbuffer,encoder.layer1.0.relu,V2,test,sub-06,5919,631,rsa,-0.019212190061807632
taskonomy/depth_zbuffer,encoder.layer1.0.relu,V3,test,sub-06,5919,432,rsa,0.061540115624666214
taskonomy/depth_zbuffer,encoder.layer1.0.relu,V4,test,sub-06,5919,560,rsa,0.0020186249166727066
taskonomy/depth_zbuffer,encoder.layer1.0.relu,V3A,test,sub-06,5919,161,rsa,0.03199095278978348
taskonomy/depth_zbuffer,encoder.layer1.0.relu,V3B,test,sub-06,5919,86,rsa,0.002765967044979334
taskonomy/depth_zbuffer,encoder.layer1.0.relu,V6,test,sub-06,5919,86,rsa,-0.010354088619351387
taskonomy/depth_zbuffer,encoder.layer1.0.relu,V6A,test,sub-06,5919,73,rsa,0.0923798605799675
taskonomy/depth_zbuffer,encoder.layer1.0.relu,V7,test,sub-06,5919,83,rsa,0.007757611572742462
taskonomy/depth_zbuffer,encoder.layer1.0.relu,V8,test,sub-06,5919,107,rsa,0.008589781820774078
taskonomy/depth_zbuffer,encoder.layer1.0.relu,FFC,test,sub-06,5919,217,rsa,0.06882032752037048
taskonomy/depth_zbuffer,encoder.layer1.0.relu,PIT,test,sub-06,5919,105,rsa,0.01391840074211359
taskonomy/depth_zbuffer,encoder.layer1.0.relu,IPS1,test,sub-06,5919,150,rsa,0.021828021854162216
taskonomy/depth_zbuffer,encoder.layer1.0.relu,MST,test,sub-06,5919,148,rsa,0.03712666034698486
taskonomy/depth_zbuffer,encoder.layer1.0.relu,MT,test,sub-06,5919,95,rsa,0.03846421837806702
taskonomy/depth_zbuffer,encoder.layer1.0.relu,FST,test,sub-06,5919,174,rsa,0.040639106184244156
taskonomy/depth_zbuffer,encoder.layer1.0.relu,LO1,test,sub-06,5919,75,rsa,0.02811264619231224
taskonomy/depth_zbuffer,encoder.layer1.0.relu,LO2,test,sub-06,5919,78,rsa,0.02648259699344635
taskonomy/depth_zbuffer,encoder.layer1.0.relu,LO3,test,sub-06,5919,115,rsa,0.037726856768131256
taskonomy/depth_zbuffer,encoder.layer1.0.relu,V7,test,sub-06,5919,83,rsa,0.007757611572742462
taskonomy/depth_zbuffer,encoder.layer1.0.relu,IP0,test,sub-06,5919,102,rsa,0.01754256710410118
taskonomy/depth_zbuffer,encoder.layer1.0.relu,IP1,test,sub-06,5919,14,rsa,-0.03301199898123741
taskonomy/depth_zbuffer,encoder.layer1.0.relu,MIP,test,sub-06,5919,111,rsa,0.01697542704641819
taskonomy/depth_zbuffer,encoder.layer1.0.relu,VIP,test,sub-06,5919,150,rsa,-0.005469517782330513
taskonomy/depth_zbuffer,encoder.layer1.0.relu,LIPd,test,sub-06,5919,52,rsa,-0.008643724955618382
taskonomy/depth_zbuffer,encoder.layer1.0.relu,LIPv,test,sub-06,5919,205,rsa,0.01814335025846958
taskonomy/depth_zbuffer,encoder.layer1.0.relu,AIP,test,sub-06,5919,244,rsa,0.0075137075036764145
taskonomy/depth_zbuffer,encoder.layer1.0.relu,7Pm,test,sub-06,5919,3,rsa,-0.005988186690956354
taskonomy/depth_zbuffer,encoder.layer1.0.relu,7PL,test,sub-06,5919,24,rsa,0.010753531940281391
taskonomy/depth_zbuffer,encoder.layer1.0.relu,7PC,test,sub-06,5919,276,rsa,0.019329337403178215
taskonomy/depth_zbuffer,encoder.layer1.0.relu,7Am,test,sub-06,5919,86,rsa,0.014628168195486069
taskonomy/depth_zbuffer,encoder.layer1.0.relu,7AL,test,sub-06,5919,236,rsa,0.006020456552505493
taskonomy/depth_zbuffer,encoder.layer1.0.relu,VVC,test,sub-06,5919,202,rsa,0.03174911066889763
taskonomy/depth_zbuffer,encoder.layer1.0.relu,VMV2,test,sub-06,5919,69,rsa,0.004809037782251835
taskonomy/depth_zbuffer,encoder.layer1.0.relu,VMV3,test,sub-06,5919,103,rsa,0.03323367238044739
taskonomy/depth_zbuffer,encoder.layer1.0.relu,VMV1,test,sub-06,5919,21,rsa,-0.009162060916423798
taskonomy/depth_zbuffer,encoder.layer1.0.relu,PHA2,test,sub-06,5919,49,rsa,-0.04351509362459183
taskonomy/depth_zbuffer,encoder.layer1.0.relu,PHA3,test,sub-06,5919,156,rsa,0.051984138786792755
taskonomy/depth_zbuffer,encoder.layer1.0.relu,PH,test,sub-06,5919,327,rsa,0.0346977636218071
taskonomy/depth_zbuffer,encoder.layer1.1.relu,V1,test,sub-06,5919,597,rsa,0.05933627113699913
taskonomy/depth_zbuffer,encoder.layer1.1.relu,V2,test,sub-06,5919,631,rsa,-0.027112331241369247
taskonomy/depth_zbuffer,encoder.layer1.1.relu,V3,test,sub-06,5919,432,rsa,0.059627167880535126
taskonomy/depth_zbuffer,encoder.layer1.1.relu,V4,test,sub-06,5919,560,rsa,-0.005823721177875996
taskonomy/depth_zbuffer,encoder.layer1.1.relu,V3A,test,sub-06,5919,161,rsa,0.021420858800411224
taskonomy/depth_zbuffer,encoder.layer1.1.relu,V3B,test,sub-06,5919,86,rsa,-0.0049814498052001
taskonomy/depth_zbuffer,encoder.layer1.1.relu,V6,test,sub-06,5919,86,rsa,-0.035064224153757095
taskonomy/depth_zbuffer,encoder.layer1.1.relu,V6A,test,sub-06,5919,73,rsa,0.0951426699757576
taskonomy/depth_zbuffer,encoder.layer1.1.relu,V7,test,sub-06,5919,83,rsa,0.007803685963153839
taskonomy/depth_zbuffer,encoder.layer1.1.relu,V8,test,sub-06,5919,107,rsa,0.0038280338048934937
taskonomy/depth_zbuffer,encoder.layer1.1.relu,FFC,test,sub-06,5919,217,rsa,0.07005628198385239
taskonomy/depth_zbuffer,encoder.layer1.1.relu,PIT,test,sub-06,5919,105,rsa,0.011034885421395302
taskonomy/depth_zbuffer,encoder.layer1.1.relu,IPS1,test,sub-06,5919,150,rsa,0.018400393426418304
taskonomy/depth_zbuffer,encoder.layer1.1.relu,MST,test,sub-06,5919,148,rsa,0.015273723751306534
taskonomy/depth_zbuffer,encoder.layer1.1.relu,MT,test,sub-06,5919,95,rsa,0.02928936667740345
taskonomy/depth_zbuffer,encoder.layer1.1.relu,FST,test,sub-06,5919,174,rsa,0.04182436317205429
taskonomy/depth_zbuffer,encoder.layer1.1.relu,LO1,test,sub-06,5919,75,rsa,0.02850249968469143
taskonomy/depth_zbuffer,encoder.layer1.1.relu,LO2,test,sub-06,5919,78,rsa,0.018730247393250465
taskonomy/depth_zbuffer,encoder.layer1.1.relu,LO3,test,sub-06,5919,115,rsa,0.03521426394581795
taskonomy/depth_zbuffer,encoder.layer1.1.relu,V7,test,sub-06,5919,83,rsa,0.007803685963153839
taskonomy/depth_zbuffer,encoder.layer1.1.relu,IP0,test,sub-06,5919,102,rsa,0.009463232010602951
taskonomy/depth_zbuffer,encoder.layer1.1.relu,IP1,test,sub-06,5919,14,rsa,-0.042230136692523956
taskonomy/depth_zbuffer,encoder.layer1.1.relu,MIP,test,sub-06,5919,111,rsa,0.0039727333933115005
taskonomy/depth_zbuffer,encoder.layer1.1.relu,VIP,test,sub-06,5919,150,rsa,-0.019774477928876877
taskonomy/depth_zbuffer,encoder.layer1.1.relu,LIPd,test,sub-06,5919,52,rsa,-0.013289962895214558
taskonomy/depth_zbuffer,encoder.layer1.1.relu,LIPv,test,sub-06,5919,205,rsa,0.013436296954751015
taskonomy/depth_zbuffer,encoder.layer1.1.relu,AIP,test,sub-06,5919,244,rsa,0.005139625631272793
taskonomy/depth_zbuffer,encoder.layer1.1.relu,7Pm,test,sub-06,5919,3,rsa,-0.00628853403031826
taskonomy/depth_zbuffer,encoder.layer1.1.relu,7PL,test,sub-06,5919,24,rsa,-0.0043359012342989445
taskonomy/depth_zbuffer,encoder.layer1.1.relu,7PC,test,sub-06,5919,276,rsa,0.018435390666127205
taskonomy/depth_zbuffer,encoder.layer1.1.relu,7Am,test,sub-06,5919,86,rsa,0.007755402475595474
taskonomy/depth_zbuffer,encoder.layer1.1.relu,7AL,test,sub-06,5919,236,rsa,0.007476361468434334
taskonomy/depth_zbuffer,encoder.layer1.1.relu,VVC,test,sub-06,5919,202,rsa,0.023325882852077484
taskonomy/depth_zbuffer,encoder.layer1.1.relu,VMV2,test,sub-06,5919,69,rsa,6.468244828283787e-05
taskonomy/depth_zbuffer,encoder.layer1.1.relu,VMV3,test,sub-06,5919,103,rsa,0.030773283913731575
taskonomy/depth_zbuffer,encoder.layer1.1.relu,VMV1,test,sub-06,5919,21,rsa,-0.008043970912694931
taskonomy/depth_zbuffer,encoder.layer1.1.relu,PHA2,test,sub-06,5919,49,rsa,-0.058164987713098526
taskonomy/depth_zbuffer,encoder.layer1.1.relu,PHA3,test,sub-06,5919,156,rsa,0.036735035479068756
taskonomy/depth_zbuffer,encoder.layer1.1.relu,PH,test,sub-06,5919,327,rsa,0.03888554126024246
taskonomy/depth_zbuffer,encoder.layer1.2.relu,V1,test,sub-06,5919,597,rsa,0.045739807188510895
taskonomy/depth_zbuffer,encoder.layer1.2.relu,V2,test,sub-06,5919,631,rsa,-0.03407297283411026
taskonomy/depth_zbuffer,encoder.layer1.2.relu,V3,test,sub-06,5919,432,rsa,0.05569811537861824
taskonomy/depth_zbuffer,encoder.layer1.2.relu,V4,test,sub-06,5919,560,rsa,-0.012987942434847355
taskonomy/depth_zbuffer,encoder.layer1.2.relu,V3A,test,sub-06,5919,161,rsa,0.018743500113487244
taskonomy/depth_zbuffer,encoder.layer1.2.relu,V3B,test,sub-06,5919,86,rsa,-0.0055313752964138985
taskonomy/depth_zbuffer,encoder.layer1.2.relu,V6,test,sub-06,5919,86,rsa,-0.052139151841402054
taskonomy/depth_zbuffer,encoder.layer1.2.relu,V6A,test,sub-06,5919,73,rsa,0.09485846757888794
taskonomy/depth_zbuffer,encoder.layer1.2.relu,V7,test,sub-06,5919,83,rsa,0.008449715562164783
taskonomy/depth_zbuffer,encoder.layer1.2.relu,V8,test,sub-06,5919,107,rsa,-0.0026301899924874306
taskonomy/depth_zbuffer,encoder.layer1.2.relu,FFC,test,sub-06,5919,217,rsa,0.06554432958364487
taskonomy/depth_zbuffer,encoder.layer1.2.relu,PIT,test,sub-06,5919,105,rsa,0.004999551922082901
taskonomy/depth_zbuffer,encoder.layer1.2.relu,IPS1,test,sub-06,5919,150,rsa,0.016007956117391586
taskonomy/depth_zbuffer,encoder.layer1.2.relu,MST,test,sub-06,5919,148,rsa,0.005630888976156712
taskonomy/depth_zbuffer,encoder.layer1.2.relu,MT,test,sub-06,5919,95,rsa,0.025591261684894562
taskonomy/depth_zbuffer,encoder.layer1.2.relu,FST,test,sub-06,5919,174,rsa,0.040946051478385925
taskonomy/depth_zbuffer,encoder.layer1.2.relu,LO1,test,sub-06,5919,75,rsa,0.02285015396773815
taskonomy/depth_zbuffer,encoder.layer1.2.relu,LO2,test,sub-06,5919,78,rsa,0.01718071475625038
taskonomy/depth_zbuffer,encoder.layer1.2.relu,LO3,test,sub-06,5919,115,rsa,0.033922627568244934
taskonomy/depth_zbuffer,encoder.layer1.2.relu,V7,test,sub-06,5919,83,rsa,0.008449715562164783
taskonomy/depth_zbuffer,encoder.layer1.2.relu,IP0,test,sub-06,5919,102,rsa,0.004831154365092516
taskonomy/depth_zbuffer,encoder.layer1.2.relu,IP1,test,sub-06,5919,14,rsa,-0.03955927491188049
taskonomy/depth_zbuffer,encoder.layer1.2.relu,MIP,test,sub-06,5919,111,rsa,0.002541610971093178
taskonomy/depth_zbuffer,encoder.layer1.2.relu,VIP,test,sub-06,5919,150,rsa,-0.02838772162795067
taskonomy/depth_zbuffer,encoder.layer1.2.relu,LIPd,test,sub-06,5919,52,rsa,-0.013726336881518364
taskonomy/depth_zbuffer,encoder.layer1.2.relu,LIPv,test,sub-06,5919,205,rsa,0.008549658581614494
taskonomy/depth_zbuffer,encoder.layer1.2.relu,AIP,test,sub-06,5919,244,rsa,0.009696430526673794
taskonomy/depth_zbuffer,encoder.layer1.2.relu,7Pm,test,sub-06,5919,3,rsa,-0.009020926430821419
taskonomy/depth_zbuffer,encoder.layer1.2.relu,7PL,test,sub-06,5919,24,rsa,-0.008678492158651352
taskonomy/depth_zbuffer,encoder.layer1.2.relu,7PC,test,sub-06,5919,276,rsa,0.018142279237508774
taskonomy/depth_zbuffer,encoder.layer1.2.relu,7Am,test,sub-06,5919,86,rsa,0.002326821908354759
taskonomy/depth_zbuffer,encoder.layer1.2.relu,7AL,test,sub-06,5919,236,rsa,0.00840009655803442
taskonomy/depth_zbuffer,encoder.layer1.2.relu,VVC,test,sub-06,5919,202,rsa,0.01673242077231407
taskonomy/depth_zbuffer,encoder.layer1.2.relu,VMV2,test,sub-06,5919,69,rsa,-0.004186929203569889
taskonomy/depth_zbuffer,encoder.layer1.2.relu,VMV3,test,sub-06,5919,103,rsa,0.024360019713640213
taskonomy/depth_zbuffer,encoder.layer1.2.relu,VMV1,test,sub-06,5919,21,rsa,-0.007788489107042551
taskonomy/depth_zbuffer,encoder.layer1.2.relu,PHA2,test,sub-06,5919,49,rsa,-0.06432002782821655
taskonomy/depth_zbuffer,encoder.layer1.2.relu,PHA3,test,sub-06,5919,156,rsa,0.028669914230704308
taskonomy/depth_zbuffer,encoder.layer1.2.relu,PH,test,sub-06,5919,327,rsa,0.043326497077941895
taskonomy/depth_zbuffer,encoder.layer2.0.relu,V1,test,sub-06,5919,597,rsa,0.05412006378173828
taskonomy/depth_zbuffer,encoder.layer2.0.relu,V2,test,sub-06,5919,631,rsa,-0.016742201521992683
taskonomy/depth_zbuffer,encoder.layer2.0.relu,V3,test,sub-06,5919,432,rsa,0.0747566670179367
taskonomy/depth_zbuffer,encoder.layer2.0.relu,V4,test,sub-06,5919,560,rsa,0.0038032527081668377
taskonomy/depth_zbuffer,encoder.layer2.0.relu,V3A,test,sub-06,5919,161,rsa,0.029485158622264862
taskonomy/depth_zbuffer,encoder.layer2.0.relu,V3B,test,sub-06,5919,86,rsa,-0.000993034802377224
taskonomy/depth_zbuffer,encoder.layer2.0.relu,V6,test,sub-06,5919,86,rsa,-0.039987366646528244
taskonomy/depth_zbuffer,encoder.layer2.0.relu,V6A,test,sub-06,5919,73,rsa,0.102084681391716
taskonomy/depth_zbuffer,encoder.layer2.0.relu,V7,test,sub-06,5919,83,rsa,0.017533408477902412
taskonomy/depth_zbuffer,encoder.layer2.0.relu,V8,test,sub-06,5919,107,rsa,0.008039552718400955
taskonomy/depth_zbuffer,encoder.layer2.0.relu,FFC,test,sub-06,5919,217,rsa,0.07786756008863449
taskonomy/depth_zbuffer,encoder.layer2.0.relu,PIT,test,sub-06,5919,105,rsa,0.007244450505822897
taskonomy/depth_zbuffer,encoder.layer2.0.relu,IPS1,test,sub-06,5919,150,rsa,0.025638150051236153
taskonomy/depth_zbuffer,encoder.layer2.0.relu,MST,test,sub-06,5919,148,rsa,0.012160091660916805
taskonomy/depth_zbuffer,encoder.layer2.0.relu,MT,test,sub-06,5919,95,rsa,0.03660476952791214
taskonomy/depth_zbuffer,encoder.layer2.0.relu,FST,test,sub-06,5919,174,rsa,0.04410170391201973
taskonomy/depth_zbuffer,encoder.layer2.0.relu,LO1,test,sub-06,5919,75,rsa,0.04033677279949188
taskonomy/depth_zbuffer,encoder.layer2.0.relu,LO2,test,sub-06,5919,78,rsa,0.01864497736096382
taskonomy/depth_zbuffer,encoder.layer2.0.relu,LO3,test,sub-06,5919,115,rsa,0.04584866017103195
taskonomy/depth_zbuffer,encoder.layer2.0.relu,V7,test,sub-06,5919,83,rsa,0.017533408477902412
taskonomy/depth_zbuffer,encoder.layer2.0.relu,IP0,test,sub-06,5919,102,rsa,0.012731757014989853
taskonomy/depth_zbuffer,encoder.layer2.0.relu,IP1,test,sub-06,5919,14,rsa,-0.036568623036146164
taskonomy/depth_zbuffer,encoder.layer2.0.relu,MIP,test,sub-06,5919,111,rsa,0.003110981546342373
taskonomy/depth_zbuffer,encoder.layer2.0.relu,VIP,test,sub-06,5919,150,rsa,-0.023892957717180252
taskonomy/depth_zbuffer,encoder.layer2.0.relu,LIPd,test,sub-06,5919,52,rsa,-0.012741402722895145
taskonomy/depth_zbuffer,encoder.layer2.0.relu,LIPv,test,sub-06,5919,205,rsa,0.018531182780861855
taskonomy/depth_zbuffer,encoder.layer2.0.relu,AIP,test,sub-06,5919,244,rsa,0.011793924495577812
taskonomy/depth_zbuffer,encoder.layer2.0.relu,7Pm,test,sub-06,5919,3,rsa,-0.005846412852406502
taskonomy/depth_zbuffer,encoder.layer2.0.relu,7PL,test,sub-06,5919,24,rsa,-0.007811029441654682
taskonomy/depth_zbuffer,encoder.layer2.0.relu,7PC,test,sub-06,5919,276,rsa,0.026012461632490158
taskonomy/depth_zbuffer,encoder.layer2.0.relu,7Am,test,sub-06,5919,86,rsa,0.00238196924328804
taskonomy/depth_zbuffer,encoder.layer2.0.relu,7AL,test,sub-06,5919,236,rsa,0.011562767438590527
taskonomy/depth_zbuffer,encoder.layer2.0.relu,VVC,test,sub-06,5919,202,rsa,0.024110108613967896
taskonomy/depth_zbuffer,encoder.layer2.0.relu,VMV2,test,sub-06,5919,69,rsa,0.006859940476715565
taskonomy/depth_zbuffer,encoder.layer2.0.relu,VMV3,test,sub-06,5919,103,rsa,0.034648194909095764
taskonomy/depth_zbuffer,encoder.layer2.0.relu,VMV1,test,sub-06,5919,21,rsa,-0.003684557741507888
taskonomy/depth_zbuffer,encoder.layer2.0.relu,PHA2,test,sub-06,5919,49,rsa,-0.05746382847428322
taskonomy/depth_zbuffer,encoder.layer2.0.relu,PHA3,test,sub-06,5919,156,rsa,0.038334183394908905
taskonomy/depth_zbuffer,encoder.layer2.0.relu,PH,test,sub-06,5919,327,rsa,0.052298273891210556
taskonomy/depth_zbuffer,encoder.layer2.1.relu,V1,test,sub-06,5919,597,rsa,0.04073864221572876
taskonomy/depth_zbuffer,encoder.layer2.1.relu,V2,test,sub-06,5919,631,rsa,-0.023151488974690437
taskonomy/depth_zbuffer,encoder.layer2.1.relu,V3,test,sub-06,5919,432,rsa,0.07335695624351501
taskonomy/depth_zbuffer,encoder.layer2.1.relu,V4,test,sub-06,5919,560,rsa,-0.001083469484001398
taskonomy/depth_zbuffer,encoder.layer2.1.relu,V3A,test,sub-06,5919,161,rsa,0.021935563534498215
taskonomy/depth_zbuffer,encoder.layer2.1.relu,V3B,test,sub-06,5919,86,rsa,-0.0021454303059726954
taskonomy/depth_zbuffer,encoder.layer2.1.relu,V6,test,sub-06,5919,86,rsa,-0.05503378063440323
taskonomy/depth_zbuffer,encoder.layer2.1.relu,V6A,test,sub-06,5919,73,rsa,0.09731755405664444
taskonomy/depth_zbuffer,encoder.layer2.1.relu,V7,test,sub-06,5919,83,rsa,0.016068533062934875
taskonomy/depth_zbuffer,encoder.layer2.1.relu,V8,test,sub-06,5919,107,rsa,0.006099702324718237
taskonomy/depth_zbuffer,encoder.layer2.1.relu,FFC,test,sub-06,5919,217,rsa,0.07408273220062256
taskonomy/depth_zbuffer,encoder.layer2.1.relu,PIT,test,sub-06,5919,105,rsa,0.006219007074832916
taskonomy/depth_zbuffer,encoder.layer2.1.relu,IPS1,test,sub-06,5919,150,rsa,0.022870762273669243
taskonomy/depth_zbuffer,encoder.layer2.1.relu,MST,test,sub-06,5919,148,rsa,0.0049413153901696205
taskonomy/depth_zbuffer,encoder.layer2.1.relu,MT,test,sub-06,5919,95,rsa,0.032276690006256104
taskonomy/depth_zbuffer,encoder.layer2.1.relu,FST,test,sub-06,5919,174,rsa,0.04722532629966736
taskonomy/depth_zbuffer,encoder.layer2.1.relu,LO1,test,sub-06,5919,75,rsa,0.038503047078847885
taskonomy/depth_zbuffer,encoder.layer2.1.relu,LO2,test,sub-06,5919,78,rsa,0.018709059804677963
taskonomy/depth_zbuffer,encoder.layer2.1.relu,LO3,test,sub-06,5919,115,rsa,0.04143610596656799
taskonomy/depth_zbuffer,encoder.layer2.1.relu,V7,test,sub-06,5919,83,rsa,0.016068533062934875
taskonomy/depth_zbuffer,encoder.layer2.1.relu,IP0,test,sub-06,5919,102,rsa,0.00495313573628664
taskonomy/depth_zbuffer,encoder.layer2.1.relu,IP1,test,sub-06,5919,14,rsa,-0.03449833020567894
taskonomy/depth_zbuffer,encoder.layer2.1.relu,MIP,test,sub-06,5919,111,rsa,-0.00014614127576351166
taskonomy/depth_zbuffer,encoder.layer2.1.relu,VIP,test,sub-06,5919,150,rsa,-0.03360661119222641
taskonomy/depth_zbuffer,encoder.layer2.1.relu,LIPd,test,sub-06,5919,52,rsa,-0.01354214921593666
taskonomy/depth_zbuffer,encoder.layer2.1.relu,LIPv,test,sub-06,5919,205,rsa,0.012203147634863853
taskonomy/depth_zbuffer,encoder.layer2.1.relu,AIP,test,sub-06,5919,244,rsa,0.00880342535674572
taskonomy/depth_zbuffer,encoder.layer2.1.relu,7Pm,test,sub-06,5919,3,rsa,-0.010140545666217804
taskonomy/depth_zbuffer,encoder.layer2.1.relu,7PL,test,sub-06,5919,24,rsa,-0.011611840687692165
taskonomy/depth_zbuffer,encoder.layer2.1.relu,7PC,test,sub-06,5919,276,rsa,0.023034457117319107
taskonomy/depth_zbuffer,encoder.layer2.1.relu,7Am,test,sub-06,5919,86,rsa,-0.003590027801692486
taskonomy/depth_zbuffer,encoder.layer2.1.relu,7AL,test,sub-06,5919,236,rsa,0.007242726627737284
taskonomy/depth_zbuffer,encoder.layer2.1.relu,VVC,test,sub-06,5919,202,rsa,0.021518375724554062
taskonomy/depth_zbuffer,encoder.layer2.1.relu,VMV2,test,sub-06,5919,69,rsa,-0.00015706941485404968
taskonomy/depth_zbuffer,encoder.layer2.1.relu,VMV3,test,sub-06,5919,103,rsa,0.02664690837264061
taskonomy/depth_zbuffer,encoder.layer2.1.relu,VMV1,test,sub-06,5919,21,rsa,-0.006295204162597656
taskonomy/depth_zbuffer,encoder.layer2.1.relu,PHA2,test,sub-06,5919,49,rsa,-0.05947235971689224
taskonomy/depth_zbuffer,encoder.layer2.1.relu,PHA3,test,sub-06,5919,156,rsa,0.03411002457141876
taskonomy/depth_zbuffer,encoder.layer2.1.relu,PH,test,sub-06,5919,327,rsa,0.05087733268737793
taskonomy/depth_zbuffer,encoder.layer2.2.relu,V1,test,sub-06,5919,597,rsa,0.03917185962200165
taskonomy/depth_zbuffer,encoder.layer2.2.relu,V2,test,sub-06,5919,631,rsa,-0.02031288854777813
taskonomy/depth_zbuffer,encoder.layer2.2.relu,V3,test,sub-06,5919,432,rsa,0.0785328596830368
taskonomy/depth_zbuffer,encoder.layer2.2.relu,V4,test,sub-06,5919,560,rsa,0.0019974946044385433
taskonomy/depth_zbuffer,encoder.layer2.2.relu,V3A,test,sub-06,5919,161,rsa,0.020260773599147797
taskonomy/depth_zbuffer,encoder.layer2.2.relu,V3B,test,sub-06,5919,86,rsa,-0.001577919814735651
taskonomy/depth_zbuffer,encoder.layer2.2.relu,V6,test,sub-06,5919,86,rsa,-0.0560617670416832
taskonomy/depth_zbuffer,encoder.layer2.2.relu,V6A,test,sub-06,5919,73,rsa,0.0949678122997284
taskonomy/depth_zbuffer,encoder.layer2.2.relu,V7,test,sub-06,5919,83,rsa,0.013423824682831764
taskonomy/depth_zbuffer,encoder.layer2.2.relu,V8,test,sub-06,5919,107,rsa,0.007039467338472605
taskonomy/depth_zbuffer,encoder.layer2.2.relu,FFC,test,sub-06,5919,217,rsa,0.0733909159898758
taskonomy/depth_zbuffer,encoder.layer2.2.relu,PIT,test,sub-06,5919,105,rsa,0.00355047220364213
taskonomy/depth_zbuffer,encoder.layer2.2.relu,IPS1,test,sub-06,5919,150,rsa,0.02277863584458828
taskonomy/depth_zbuffer,encoder.layer2.2.relu,MST,test,sub-06,5919,148,rsa,0.0039641354233026505
taskonomy/depth_zbuffer,encoder.layer2.2.relu,MT,test,sub-06,5919,95,rsa,0.032273393124341965
taskonomy/depth_zbuffer,encoder.layer2.2.relu,FST,test,sub-06,5919,174,rsa,0.047158293426036835
taskonomy/depth_zbuffer,encoder.layer2.2.relu,LO1,test,sub-06,5919,75,rsa,0.037788406014442444
taskonomy/depth_zbuffer,encoder.layer2.2.relu,LO2,test,sub-06,5919,78,rsa,0.02100183069705963
taskonomy/depth_zbuffer,encoder.layer2.2.relu,LO3,test,sub-06,5919,115,rsa,0.039087019860744476
taskonomy/depth_zbuffer,encoder.layer2.2.relu,V7,test,sub-06,5919,83,rsa,0.013423824682831764
taskonomy/depth_zbuffer,encoder.layer2.2.relu,IP0,test,sub-06,5919,102,rsa,0.0021994290873408318
taskonomy/depth_zbuffer,encoder.layer2.2.relu,IP1,test,sub-06,5919,14,rsa,-0.03526632860302925
taskonomy/depth_zbuffer,encoder.layer2.2.relu,MIP,test,sub-06,5919,111,rsa,0.0009194519370794296
taskonomy/depth_zbuffer,encoder.layer2.2.relu,VIP,test,sub-06,5919,150,rsa,-0.03364991769194603
taskonomy/depth_zbuffer,encoder.layer2.2.relu,LIPd,test,sub-06,5919,52,rsa,-0.016185687854886055
taskonomy/depth_zbuffer,encoder.layer2.2.relu,LIPv,test,sub-06,5919,205,rsa,0.012555668130517006
taskonomy/depth_zbuffer,encoder.layer2.2.relu,AIP,test,sub-06,5919,244,rsa,0.008428934961557388
taskonomy/depth_zbuffer,encoder.layer2.2.relu,7Pm,test,sub-06,5919,3,rsa,-0.01128468383103609
taskonomy/depth_zbuffer,encoder.layer2.2.relu,7PL,test,sub-06,5919,24,rsa,-0.013466157019138336
taskonomy/depth_zbuffer,encoder.layer2.2.relu,7PC,test,sub-06,5919,276,rsa,0.02206401899456978
taskonomy/depth_zbuffer,encoder.layer2.2.relu,7Am,test,sub-06,5919,86,rsa,-0.006557408254593611
taskonomy/depth_zbuffer,encoder.layer2.2.relu,7AL,test,sub-06,5919,236,rsa,0.0044137537479400635
taskonomy/depth_zbuffer,encoder.layer2.2.relu,VVC,test,sub-06,5919,202,rsa,0.021778332069516182
taskonomy/depth_zbuffer,encoder.layer2.2.relu,VMV2,test,sub-06,5919,69,rsa,0.0016285435995087028
taskonomy/depth_zbuffer,encoder.layer2.2.relu,VMV3,test,sub-06,5919,103,rsa,0.025246232748031616
taskonomy/depth_zbuffer,encoder.layer2.2.relu,VMV1,test,sub-06,5919,21,rsa,-0.008899646811187267
taskonomy/depth_zbuffer,encoder.layer2.2.relu,PHA2,test,sub-06,5919,49,rsa,-0.05904611945152283
taskonomy/depth_zbuffer,encoder.layer2.2.relu,PHA3,test,sub-06,5919,156,rsa,0.033489763736724854
taskonomy/depth_zbuffer,encoder.layer2.2.relu,PH,test,sub-06,5919,327,rsa,0.05140697956085205
taskonomy/depth_zbuffer,encoder.layer3.0.relu,V1,test,sub-06,5919,597,rsa,0.054998978972435
taskonomy/depth_zbuffer,encoder.layer3.0.relu,V2,test,sub-06,5919,631,rsa,0.012489104643464088
taskonomy/depth_zbuffer,encoder.layer3.0.relu,V3,test,sub-06,5919,432,rsa,0.08866916596889496
taskonomy/depth_zbuffer,encoder.layer3.0.relu,V4,test,sub-06,5919,560,rsa,0.014268984086811543
taskonomy/depth_zbuffer,encoder.layer3.0.relu,V3A,test,sub-06,5919,161,rsa,0.03900929540395737
taskonomy/depth_zbuffer,encoder.layer3.0.relu,V3B,test,sub-06,5919,86,rsa,0.0045502376742661
taskonomy/depth_zbuffer,encoder.layer3.0.relu,V6,test,sub-06,5919,86,rsa,-0.0317254364490509
taskonomy/depth_zbuffer,encoder.layer3.0.relu,V6A,test,sub-06,5919,73,rsa,0.10652227699756622
taskonomy/depth_zbuffer,encoder.layer3.0.relu,V7,test,sub-06,5919,83,rsa,0.012373508885502815
taskonomy/depth_zbuffer,encoder.layer3.0.relu,V8,test,sub-06,5919,107,rsa,0.01871439814567566
taskonomy/depth_zbuffer,encoder.layer3.0.relu,FFC,test,sub-06,5919,217,rsa,0.08815814554691315
taskonomy/depth_zbuffer,encoder.layer3.0.relu,PIT,test,sub-06,5919,105,rsa,0.013076012954115868
taskonomy/depth_zbuffer,encoder.layer3.0.relu,IPS1,test,sub-06,5919,150,rsa,0.04300955682992935
taskonomy/depth_zbuffer,encoder.layer3.0.relu,MST,test,sub-06,5919,148,rsa,0.02299555204808712
taskonomy/depth_zbuffer,encoder.layer3.0.relu,MT,test,sub-06,5919,95,rsa,0.04144599661231041
taskonomy/depth_zbuffer,encoder.layer3.0.relu,FST,test,sub-06,5919,174,rsa,0.055871620774269104
taskonomy/depth_zbuffer,encoder.layer3.0.relu,LO1,test,sub-06,5919,75,rsa,0.05901627987623215
taskonomy/depth_zbuffer,encoder.layer3.0.relu,LO2,test,sub-06,5919,78,rsa,0.017255127429962158
taskonomy/depth_zbuffer,encoder.layer3.0.relu,LO3,test,sub-06,5919,115,rsa,0.08504628390073776
taskonomy/depth_zbuffer,encoder.layer3.0.relu,V7,test,sub-06,5919,83,rsa,0.012373508885502815
taskonomy/depth_zbuffer,encoder.layer3.0.relu,IP0,test,sub-06,5919,102,rsa,0.01794513687491417
taskonomy/depth_zbuffer,encoder.layer3.0.relu,IP1,test,sub-06,5919,14,rsa,-0.04010619595646858
taskonomy/depth_zbuffer,encoder.layer3.0.relu,MIP,test,sub-06,5919,111,rsa,0.00025570206344127655
taskonomy/depth_zbuffer,encoder.layer3.0.relu,VIP,test,sub-06,5919,150,rsa,-0.015155366621911526
taskonomy/depth_zbuffer,encoder.layer3.0.relu,LIPd,test,sub-06,5919,52,rsa,-0.013777021318674088
taskonomy/depth_zbuffer,encoder.layer3.0.relu,LIPv,test,sub-06,5919,205,rsa,0.0265799593180418
taskonomy/depth_zbuffer,encoder.layer3.0.relu,AIP,test,sub-06,5919,244,rsa,0.009138165041804314
taskonomy/depth_zbuffer,encoder.layer3.0.relu,7Pm,test,sub-06,5919,3,rsa,-0.002917323261499405
taskonomy/depth_zbuffer,encoder.layer3.0.relu,7PL,test,sub-06,5919,24,rsa,-0.015218044631183147
taskonomy/depth_zbuffer,encoder.layer3.0.relu,7PC,test,sub-06,5919,276,rsa,0.03388303518295288
taskonomy/depth_zbuffer,encoder.layer3.0.relu,7Am,test,sub-06,5919,86,rsa,-0.004444902762770653
taskonomy/depth_zbuffer,encoder.layer3.0.relu,7AL,test,sub-06,5919,236,rsa,0.020838502794504166
taskonomy/depth_zbuffer,encoder.layer3.0.relu,VVC,test,sub-06,5919,202,rsa,0.04703221097588539
taskonomy/depth_zbuffer,encoder.layer3.0.relu,VMV2,test,sub-06,5919,69,rsa,0.03210612013936043
taskonomy/depth_zbuffer,encoder.layer3.0.relu,VMV3,test,sub-06,5919,103,rsa,0.0336737334728241
taskonomy/depth_zbuffer,encoder.layer3.0.relu,VMV1,test,sub-06,5919,21,rsa,0.008172323927283287
taskonomy/depth_zbuffer,encoder.layer3.0.relu,PHA2,test,sub-06,5919,49,rsa,-0.017938200384378433
taskonomy/depth_zbuffer,encoder.layer3.0.relu,PHA3,test,sub-06,5919,156,rsa,0.0865461677312851
taskonomy/depth_zbuffer,encoder.layer3.0.relu,PH,test,sub-06,5919,327,rsa,0.05277872830629349
taskonomy/depth_zbuffer,encoder.layer3.1.relu,V1,test,sub-06,5919,597,rsa,0.05015105754137039
taskonomy/depth_zbuffer,encoder.layer3.1.relu,V2,test,sub-06,5919,631,rsa,0.009067450650036335
taskonomy/depth_zbuffer,encoder.layer3.1.relu,V3,test,sub-06,5919,432,rsa,0.09577170014381409
taskonomy/depth_zbuffer,encoder.layer3.1.relu,V4,test,sub-06,5919,560,rsa,0.01600399985909462
taskonomy/depth_zbuffer,encoder.layer3.1.relu,V3A,test,sub-06,5919,161,rsa,0.03565865010023117
taskonomy/depth_zbuffer,encoder.layer3.1.relu,V3B,test,sub-06,5919,86,rsa,0.004186452832072973
taskonomy/depth_zbuffer,encoder.layer3.1.relu,V6,test,sub-06,5919,86,rsa,-0.0360550731420517
taskonomy/depth_zbuffer,encoder.layer3.1.relu,V6A,test,sub-06,5919,73,rsa,0.11064724624156952
taskonomy/depth_zbuffer,encoder.layer3.1.relu,V7,test,sub-06,5919,83,rsa,0.01481136679649353
taskonomy/depth_zbuffer,encoder.layer3.1.relu,V8,test,sub-06,5919,107,rsa,0.018985161557793617
taskonomy/depth_zbuffer,encoder.layer3.1.relu,FFC,test,sub-06,5919,217,rsa,0.09252627193927765
taskonomy/depth_zbuffer,encoder.layer3.1.relu,PIT,test,sub-06,5919,105,rsa,0.009490115568041801
taskonomy/depth_zbuffer,encoder.layer3.1.relu,IPS1,test,sub-06,5919,150,rsa,0.0456341952085495
taskonomy/depth_zbuffer,encoder.layer3.1.relu,MST,test,sub-06,5919,148,rsa,0.025103509426116943
taskonomy/depth_zbuffer,encoder.layer3.1.relu,MT,test,sub-06,5919,95,rsa,0.046057913452386856
taskonomy/depth_zbuffer,encoder.layer3.1.relu,FST,test,sub-06,5919,174,rsa,0.059498418122529984
taskonomy/depth_zbuffer,encoder.layer3.1.relu,LO1,test,sub-06,5919,75,rsa,0.061828240752220154
taskonomy/depth_zbuffer,encoder.layer3.1.relu,LO2,test,sub-06,5919,78,rsa,0.023511894047260284
taskonomy/depth_zbuffer,encoder.layer3.1.relu,LO3,test,sub-06,5919,115,rsa,0.08462415635585785
taskonomy/depth_zbuffer,encoder.layer3.1.relu,V7,test,sub-06,5919,83,rsa,0.01481136679649353
taskonomy/depth_zbuffer,encoder.layer3.1.relu,IP0,test,sub-06,5919,102,rsa,0.014023891650140285
taskonomy/depth_zbuffer,encoder.layer3.1.relu,IP1,test,sub-06,5919,14,rsa,-0.04448027163743973
taskonomy/depth_zbuffer,encoder.layer3.1.relu,MIP,test,sub-06,5919,111,rsa,0.004391230642795563
taskonomy/depth_zbuffer,encoder.layer3.1.relu,VIP,test,sub-06,5919,150,rsa,-0.017563514411449432
taskonomy/depth_zbuffer,encoder.layer3.1.relu,LIPd,test,sub-06,5919,52,rsa,-0.01866181753575802
taskonomy/depth_zbuffer,encoder.layer3.1.relu,LIPv,test,sub-06,5919,205,rsa,0.02909521386027336
taskonomy/depth_zbuffer,encoder.layer3.1.relu,AIP,test,sub-06,5919,244,rsa,0.009423017501831055
taskonomy/depth_zbuffer,encoder.layer3.1.relu,7Pm,test,sub-06,5919,3,rsa,-0.0027523431926965714
taskonomy/depth_zbuffer,encoder.layer3.1.relu,7PL,test,sub-06,5919,24,rsa,-0.014681434258818626
taskonomy/depth_zbuffer,encoder.layer3.1.relu,7PC,test,sub-06,5919,276,rsa,0.03651305288076401
taskonomy/depth_zbuffer,encoder.layer3.1.relu,7Am,test,sub-06,5919,86,rsa,-0.004646272398531437
taskonomy/depth_zbuffer,encoder.layer3.1.relu,7AL,test,sub-06,5919,236,rsa,0.018136965110898018
taskonomy/depth_zbuffer,encoder.layer3.1.relu,VVC,test,sub-06,5919,202,rsa,0.04717192053794861
taskonomy/depth_zbuffer,encoder.layer3.1.relu,VMV2,test,sub-06,5919,69,rsa,0.02755148522555828
taskonomy/depth_zbuffer,encoder.layer3.1.relu,VMV3,test,sub-06,5919,103,rsa,0.029144853353500366
taskonomy/depth_zbuffer,encoder.layer3.1.relu,VMV1,test,sub-06,5919,21,rsa,0.0021144659258425236
taskonomy/depth_zbuffer,encoder.layer3.1.relu,PHA2,test,sub-06,5919,49,rsa,-0.019919944927096367
taskonomy/depth_zbuffer,encoder.layer3.1.relu,PHA3,test,sub-06,5919,156,rsa,0.0814834013581276
taskonomy/depth_zbuffer,encoder.layer3.1.relu,PH,test,sub-06,5919,327,rsa,0.05667910724878311
taskonomy/depth_zbuffer,encoder.layer3.2.relu,V1,test,sub-06,5919,597,rsa,0.04750153422355652
taskonomy/depth_zbuffer,encoder.layer3.2.relu,V2,test,sub-06,5919,631,rsa,0.0017957324162125587
taskonomy/depth_zbuffer,encoder.layer3.2.relu,V3,test,sub-06,5919,432,rsa,0.0933433324098587
taskonomy/depth_zbuffer,encoder.layer3.2.relu,V4,test,sub-06,5919,560,rsa,0.009139363653957844
taskonomy/depth_zbuffer,encoder.layer3.2.relu,V3A,test,sub-06,5919,161,rsa,0.033850010484457016
taskonomy/depth_zbuffer,encoder.layer3.2.relu,V3B,test,sub-06,5919,86,rsa,0.0021826280280947685
taskonomy/depth_zbuffer,encoder.layer3.2.relu,V6,test,sub-06,5919,86,rsa,-0.04094536602497101
taskonomy/depth_zbuffer,encoder.layer3.2.relu,V6A,test,sub-06,5919,73,rsa,0.1138545572757721
taskonomy/depth_zbuffer,encoder.layer3.2.relu,V7,test,sub-06,5919,83,rsa,0.013026581145823002
taskonomy/depth_zbuffer,encoder.layer3.2.relu,V8,test,sub-06,5919,107,rsa,0.014602212235331535
taskonomy/depth_zbuffer,encoder.layer3.2.relu,FFC,test,sub-06,5919,217,rsa,0.08878444135189056
taskonomy/depth_zbuffer,encoder.layer3.2.relu,PIT,test,sub-06,5919,105,rsa,0.006495425943285227
taskonomy/depth_zbuffer,encoder.layer3.2.relu,IPS1,test,sub-06,5919,150,rsa,0.04453668370842934
taskonomy/depth_zbuffer,encoder.layer3.2.relu,MST,test,sub-06,5919,148,rsa,0.01856403797864914
taskonomy/depth_zbuffer,encoder.layer3.2.relu,MT,test,sub-06,5919,95,rsa,0.042387593537569046
taskonomy/depth_zbuffer,encoder.layer3.2.relu,FST,test,sub-06,5919,174,rsa,0.05729417875409126
taskonomy/depth_zbuffer,encoder.layer3.2.relu,LO1,test,sub-06,5919,75,rsa,0.05798327922821045
taskonomy/depth_zbuffer,encoder.layer3.2.relu,LO2,test,sub-06,5919,78,rsa,0.0223216749727726
taskonomy/depth_zbuffer,encoder.layer3.2.relu,LO3,test,sub-06,5919,115,rsa,0.0815824344754219
taskonomy/depth_zbuffer,encoder.layer3.2.relu,V7,test,sub-06,5919,83,rsa,0.013026581145823002
taskonomy/depth_zbuffer,encoder.layer3.2.relu,IP0,test,sub-06,5919,102,rsa,0.008897225372493267
taskonomy/depth_zbuffer,encoder.layer3.2.relu,IP1,test,sub-06,5919,14,rsa,-0.049291301518678665
taskonomy/depth_zbuffer,encoder.layer3.2.relu,MIP,test,sub-06,5919,111,rsa,0.0009182728826999664
taskonomy/depth_zbuffer,encoder.layer3.2.relu,VIP,test,sub-06,5919,150,rsa,-0.021733276546001434
taskonomy/depth_zbuffer,encoder.layer3.2.relu,LIPd,test,sub-06,5919,52,rsa,-0.020479030907154083
taskonomy/depth_zbuffer,encoder.layer3.2.relu,LIPv,test,sub-06,5919,205,rsa,0.02562427893280983
taskonomy/depth_zbuffer,encoder.layer3.2.relu,AIP,test,sub-06,5919,244,rsa,0.007357494905591011
taskonomy/depth_zbuffer,encoder.layer3.2.relu,7Pm,test,sub-06,5919,3,rsa,-0.0038491147570312023
taskonomy/depth_zbuffer,encoder.layer3.2.relu,7PL,test,sub-06,5919,24,rsa,-0.014944981783628464
taskonomy/depth_zbuffer,encoder.layer3.2.relu,7PC,test,sub-06,5919,276,rsa,0.03446916490793228
taskonomy/depth_zbuffer,encoder.layer3.2.relu,7Am,test,sub-06,5919,86,rsa,-0.00535010127350688
taskonomy/depth_zbuffer,encoder.layer3.2.relu,7AL,test,sub-06,5919,236,rsa,0.01645505055785179
taskonomy/depth_zbuffer,encoder.layer3.2.relu,VVC,test,sub-06,5919,202,rsa,0.040851376950740814
taskonomy/depth_zbuffer,encoder.layer3.2.relu,VMV2,test,sub-06,5919,69,rsa,0.02365681901574135
taskonomy/depth_zbuffer,encoder.layer3.2.relu,VMV3,test,sub-06,5919,103,rsa,0.024069247767329216
taskonomy/depth_zbuffer,encoder.layer3.2.relu,VMV1,test,sub-06,5919,21,rsa,-0.0006404322339221835
taskonomy/depth_zbuffer,encoder.layer3.2.relu,PHA2,test,sub-06,5919,49,rsa,-0.02882307954132557
taskonomy/depth_zbuffer,encoder.layer3.2.relu,PHA3,test,sub-06,5919,156,rsa,0.073100246489048
taskonomy/depth_zbuffer,encoder.layer3.2.relu,PH,test,sub-06,5919,327,rsa,0.051103271543979645
taskonomy/depth_zbuffer,encoder.layer3.3.relu,V1,test,sub-06,5919,597,rsa,0.05080628767609596
taskonomy/depth_zbuffer,encoder.layer3.3.relu,V2,test,sub-06,5919,631,rsa,0.005753884091973305
taskonomy/depth_zbuffer,encoder.layer3.3.relu,V3,test,sub-06,5919,432,rsa,0.09898998588323593
taskonomy/depth_zbuffer,encoder.layer3.3.relu,V4,test,sub-06,5919,560,rsa,0.015706218779087067
taskonomy/depth_zbuffer,encoder.layer3.3.relu,V3A,test,sub-06,5919,161,rsa,0.035577625036239624
taskonomy/depth_zbuffer,encoder.layer3.3.relu,V3B,test,sub-06,5919,86,rsa,0.0028964527882635593
taskonomy/depth_zbuffer,encoder.layer3.3.relu,V6,test,sub-06,5919,86,rsa,-0.036500778049230576
taskonomy/depth_zbuffer,encoder.layer3.3.relu,V6A,test,sub-06,5919,73,rsa,0.1168847531080246
taskonomy/depth_zbuffer,encoder.layer3.3.relu,V7,test,sub-06,5919,83,rsa,0.013758106157183647
taskonomy/depth_zbuffer,encoder.layer3.3.relu,V8,test,sub-06,5919,107,rsa,0.02072960138320923
taskonomy/depth_zbuffer,encoder.layer3.3.relu,FFC,test,sub-06,5919,217,rsa,0.09699542820453644
taskonomy/depth_zbuffer,encoder.layer3.3.relu,PIT,test,sub-06,5919,105,rsa,0.009073223918676376
taskonomy/depth_zbuffer,encoder.layer3.3.relu,IPS1,test,sub-06,5919,150,rsa,0.046376217156648636
taskonomy/depth_zbuffer,encoder.layer3.3.relu,MST,test,sub-06,5919,148,rsa,0.026001298800110817
taskonomy/depth_zbuffer,encoder.layer3.3.relu,MT,test,sub-06,5919,95,rsa,0.0487920381128788
taskonomy/depth_zbuffer,encoder.layer3.3.relu,FST,test,sub-06,5919,174,rsa,0.060528650879859924
taskonomy/depth_zbuffer,encoder.layer3.3.relu,LO1,test,sub-06,5919,75,rsa,0.06276441365480423
taskonomy/depth_zbuffer,encoder.layer3.3.relu,LO2,test,sub-06,5919,78,rsa,0.02551461011171341
taskonomy/depth_zbuffer,encoder.layer3.3.relu,LO3,test,sub-06,5919,115,rsa,0.08364439010620117
taskonomy/depth_zbuffer,encoder.layer3.3.relu,V7,test,sub-06,5919,83,rsa,0.013758106157183647
taskonomy/depth_zbuffer,encoder.layer3.3.relu,IP0,test,sub-06,5919,102,rsa,0.013065896928310394
taskonomy/depth_zbuffer,encoder.layer3.3.relu,IP1,test,sub-06,5919,14,rsa,-0.044996414333581924
taskonomy/depth_zbuffer,encoder.layer3.3.relu,MIP,test,sub-06,5919,111,rsa,0.0027944669127464294
taskonomy/depth_zbuffer,encoder.layer3.3.relu,VIP,test,sub-06,5919,150,rsa,-0.017604978755116463
taskonomy/depth_zbuffer,encoder.layer3.3.relu,LIPd,test,sub-06,5919,52,rsa,-0.019811980426311493
taskonomy/depth_zbuffer,encoder.layer3.3.relu,LIPv,test,sub-06,5919,205,rsa,0.028776654973626137
taskonomy/depth_zbuffer,encoder.layer3.3.relu,AIP,test,sub-06,5919,244,rsa,0.006090480834245682
taskonomy/depth_zbuffer,encoder.layer3.3.relu,7Pm,test,sub-06,5919,3,rsa,-0.0026268810033798218
taskonomy/depth_zbuffer,encoder.layer3.3.relu,7PL,test,sub-06,5919,24,rsa,-0.013952381908893585
taskonomy/depth_zbuffer,encoder.layer3.3.relu,7PC,test,sub-06,5919,276,rsa,0.034131232649087906
taskonomy/depth_zbuffer,encoder.layer3.3.relu,7Am,test,sub-06,5919,86,rsa,-0.002733152825385332
taskonomy/depth_zbuffer,encoder.layer3.3.relu,7AL,test,sub-06,5919,236,rsa,0.018742481246590614
taskonomy/depth_zbuffer,encoder.layer3.3.relu,VVC,test,sub-06,5919,202,rsa,0.04517136886715889
taskonomy/depth_zbuffer,encoder.layer3.3.relu,VMV2,test,sub-06,5919,69,rsa,0.027227848768234253
taskonomy/depth_zbuffer,encoder.layer3.3.relu,VMV3,test,sub-06,5919,103,rsa,0.026188312098383904
taskonomy/depth_zbuffer,encoder.layer3.3.relu,VMV1,test,sub-06,5919,21,rsa,-0.0012066367780789733
taskonomy/depth_zbuffer,encoder.layer3.3.relu,PHA2,test,sub-06,5919,49,rsa,-0.025654703378677368
taskonomy/depth_zbuffer,encoder.layer3.3.relu,PHA3,test,sub-06,5919,156,rsa,0.0801147073507309
taskonomy/depth_zbuffer,encoder.layer3.3.relu,PH,test,sub-06,5919,327,rsa,0.05544969439506531
taskonomy/depth_zbuffer,encoder.layer3.4.relu,V1,test,sub-06,5919,597,rsa,0.048434630036354065
taskonomy/depth_zbuffer,encoder.layer3.4.relu,V2,test,sub-06,5919,631,rsa,0.005471344105899334
taskonomy/depth_zbuffer,encoder.layer3.4.relu,V3,test,sub-06,5919,432,rsa,0.09750378131866455
taskonomy/depth_zbuffer,encoder.layer3.4.relu,V4,test,sub-06,5919,560,rsa,0.01481042243540287
taskonomy/depth_zbuffer,encoder.layer3.4.relu,V3A,test,sub-06,5919,161,rsa,0.03567180037498474
taskonomy/depth_zbuffer,encoder.layer3.4.relu,V3B,test,sub-06,5919,86,rsa,0.0033338582143187523
taskonomy/depth_zbuffer,encoder.layer3.4.relu,V6,test,sub-06,5919,86,rsa,-0.036885954439640045
taskonomy/depth_zbuffer,encoder.layer3.4.relu,V6A,test,sub-06,5919,73,rsa,0.12152501940727234
taskonomy/depth_zbuffer,encoder.layer3.4.relu,V7,test,sub-06,5919,83,rsa,0.014690890908241272
taskonomy/depth_zbuffer,encoder.layer3.4.relu,V8,test,sub-06,5919,107,rsa,0.02080225944519043
taskonomy/depth_zbuffer,encoder.layer3.4.relu,FFC,test,sub-06,5919,217,rsa,0.09431952238082886
taskonomy/depth_zbuffer,encoder.layer3.4.relu,PIT,test,sub-06,5919,105,rsa,0.008236540481448174
taskonomy/depth_zbuffer,encoder.layer3.4.relu,IPS1,test,sub-06,5919,150,rsa,0.05119806528091431
taskonomy/depth_zbuffer,encoder.layer3.4.relu,MST,test,sub-06,5919,148,rsa,0.025126442313194275
taskonomy/depth_zbuffer,encoder.layer3.4.relu,MT,test,sub-06,5919,95,rsa,0.050221651792526245
taskonomy/depth_zbuffer,encoder.layer3.4.relu,FST,test,sub-06,5919,174,rsa,0.06415066123008728
taskonomy/depth_zbuffer,encoder.layer3.4.relu,LO1,test,sub-06,5919,75,rsa,0.06645448505878448
taskonomy/depth_zbuffer,encoder.layer3.4.relu,LO2,test,sub-06,5919,78,rsa,0.02826637402176857
taskonomy/depth_zbuffer,encoder.layer3.4.relu,LO3,test,sub-06,5919,115,rsa,0.09029609709978104
taskonomy/depth_zbuffer,encoder.layer3.4.relu,V7,test,sub-06,5919,83,rsa,0.014690890908241272
taskonomy/depth_zbuffer,encoder.layer3.4.relu,IP0,test,sub-06,5919,102,rsa,0.0125874113291502
taskonomy/depth_zbuffer,encoder.layer3.4.relu,IP1,test,sub-06,5919,14,rsa,-0.04566366970539093
taskonomy/depth_zbuffer,encoder.layer3.4.relu,MIP,test,sub-06,5919,111,rsa,0.0023289788514375687
taskonomy/depth_zbuffer,encoder.layer3.4.relu,VIP,test,sub-06,5919,150,rsa,-0.016597237437963486
taskonomy/depth_zbuffer,encoder.layer3.4.relu,LIPd,test,sub-06,5919,52,rsa,-0.01942901872098446
taskonomy/depth_zbuffer,encoder.layer3.4.relu,LIPv,test,sub-06,5919,205,rsa,0.030607666820287704
taskonomy/depth_zbuffer,encoder.layer3.4.relu,AIP,test,sub-06,5919,244,rsa,0.007022612728178501
taskonomy/depth_zbuffer,encoder.layer3.4.relu,7Pm,test,sub-06,5919,3,rsa,-0.0002801516093313694
taskonomy/depth_zbuffer,encoder.layer3.4.relu,7PL,test,sub-06,5919,24,rsa,-0.013875424861907959
taskonomy/depth_zbuffer,encoder.layer3.4.relu,7PC,test,sub-06,5919,276,rsa,0.03683275729417801
taskonomy/depth_zbuffer,encoder.layer3.4.relu,7Am,test,sub-06,5919,86,rsa,-0.0031497948803007603
taskonomy/depth_zbuffer,encoder.layer3.4.relu,7AL,test,sub-06,5919,236,rsa,0.01998540759086609
taskonomy/depth_zbuffer,encoder.layer3.4.relu,VVC,test,sub-06,5919,202,rsa,0.049798719584941864
taskonomy/depth_zbuffer,encoder.layer3.4.relu,VMV2,test,sub-06,5919,69,rsa,0.031878408044576645
taskonomy/depth_zbuffer,encoder.layer3.4.relu,VMV3,test,sub-06,5919,103,rsa,0.028081262484192848
taskonomy/depth_zbuffer,encoder.layer3.4.relu,VMV1,test,sub-06,5919,21,rsa,-6.955454591661692e-05
taskonomy/depth_zbuffer,encoder.layer3.4.relu,PHA2,test,sub-06,5919,49,rsa,-0.02061859518289566
taskonomy/depth_zbuffer,encoder.layer3.4.relu,PHA3,test,sub-06,5919,156,rsa,0.08257663995027542
taskonomy/depth_zbuffer,encoder.layer3.4.relu,PH,test,sub-06,5919,327,rsa,0.057762689888477325
taskonomy/depth_zbuffer,encoder.layer3.5.relu,V1,test,sub-06,5919,597,rsa,0.04134923219680786
taskonomy/depth_zbuffer,encoder.layer3.5.relu,V2,test,sub-06,5919,631,rsa,0.005776397883892059
taskonomy/depth_zbuffer,encoder.layer3.5.relu,V3,test,sub-06,5919,432,rsa,0.0948115885257721
taskonomy/depth_zbuffer,encoder.layer3.5.relu,V4,test,sub-06,5919,560,rsa,0.015239670872688293
taskonomy/depth_zbuffer,encoder.layer3.5.relu,V3A,test,sub-06,5919,161,rsa,0.031817883253097534
taskonomy/depth_zbuffer,encoder.layer3.5.relu,V3B,test,sub-06,5919,86,rsa,0.0004730331711471081
taskonomy/depth_zbuffer,encoder.layer3.5.relu,V6,test,sub-06,5919,86,rsa,-0.03750268369913101
taskonomy/depth_zbuffer,encoder.layer3.5.relu,V6A,test,sub-06,5919,73,rsa,0.12222674489021301
taskonomy/depth_zbuffer,encoder.layer3.5.relu,V7,test,sub-06,5919,83,rsa,0.016911398619413376
taskonomy/depth_zbuffer,encoder.layer3.5.relu,V8,test,sub-06,5919,107,rsa,0.0216522179543972
taskonomy/depth_zbuffer,encoder.layer3.5.relu,FFC,test,sub-06,5919,217,rsa,0.08967185020446777
taskonomy/depth_zbuffer,encoder.layer3.5.relu,PIT,test,sub-06,5919,105,rsa,0.002259825821965933
taskonomy/depth_zbuffer,encoder.layer3.5.relu,IPS1,test,sub-06,5919,150,rsa,0.055370934307575226
taskonomy/depth_zbuffer,encoder.layer3.5.relu,MST,test,sub-06,5919,148,rsa,0.024762332439422607
taskonomy/depth_zbuffer,encoder.layer3.5.relu,MT,test,sub-06,5919,95,rsa,0.05169785022735596
taskonomy/depth_zbuffer,encoder.layer3.5.relu,FST,test,sub-06,5919,174,rsa,0.06512056291103363
taskonomy/depth_zbuffer,encoder.layer3.5.relu,LO1,test,sub-06,5919,75,rsa,0.07802561670541763
taskonomy/depth_zbuffer,encoder.layer3.5.relu,LO2,test,sub-06,5919,78,rsa,0.02465163543820381
taskonomy/depth_zbuffer,encoder.layer3.5.relu,LO3,test,sub-06,5919,115,rsa,0.09423942863941193
taskonomy/depth_zbuffer,encoder.layer3.5.relu,V7,test,sub-06,5919,83,rsa,0.016911398619413376
taskonomy/depth_zbuffer,encoder.layer3.5.relu,IP0,test,sub-06,5919,102,rsa,0.00901053473353386
taskonomy/depth_zbuffer,encoder.layer3.5.relu,IP1,test,sub-06,5919,14,rsa,-0.047348346561193466
taskonomy/depth_zbuffer,encoder.layer3.5.relu,MIP,test,sub-06,5919,111,rsa,0.0008207689970731735
taskonomy/depth_zbuffer,encoder.layer3.5.relu,VIP,test,sub-06,5919,150,rsa,-0.016225218772888184
taskonomy/depth_zbuffer,encoder.layer3.5.relu,LIPd,test,sub-06,5919,52,rsa,-0.019319718703627586
taskonomy/depth_zbuffer,encoder.layer3.5.relu,LIPv,test,sub-06,5919,205,rsa,0.02913612127304077
taskonomy/depth_zbuffer,encoder.layer3.5.relu,AIP,test,sub-06,5919,244,rsa,0.00349296978674829
taskonomy/depth_zbuffer,encoder.layer3.5.relu,7Pm,test,sub-06,5919,3,rsa,0.0037680910900235176
taskonomy/depth_zbuffer,encoder.layer3.5.relu,7PL,test,sub-06,5919,24,rsa,-0.013816477730870247
taskonomy/depth_zbuffer,encoder.layer3.5.relu,7PC,test,sub-06,5919,276,rsa,0.03776399791240692
taskonomy/depth_zbuffer,encoder.layer3.5.relu,7Am,test,sub-06,5919,86,rsa,-0.005391411483287811
taskonomy/depth_zbuffer,encoder.layer3.5.relu,7AL,test,sub-06,5919,236,rsa,0.02023882232606411
taskonomy/depth_zbuffer,encoder.layer3.5.relu,VVC,test,sub-06,5919,202,rsa,0.05204153060913086
taskonomy/depth_zbuffer,encoder.layer3.5.relu,VMV2,test,sub-06,5919,69,rsa,0.03953338414430618
taskonomy/depth_zbuffer,encoder.layer3.5.relu,VMV3,test,sub-06,5919,103,rsa,0.02905246615409851
taskonomy/depth_zbuffer,encoder.layer3.5.relu,VMV1,test,sub-06,5919,21,rsa,0.00024422607384622097
taskonomy/depth_zbuffer,encoder.layer3.5.relu,PHA2,test,sub-06,5919,49,rsa,-0.00638267956674099
taskonomy/depth_zbuffer,encoder.layer3.5.relu,PHA3,test,sub-06,5919,156,rsa,0.08401209115982056
taskonomy/depth_zbuffer,encoder.layer3.5.relu,PH,test,sub-06,5919,327,rsa,0.05805029347538948
taskonomy/depth_zbuffer,encoder.layer4.0.relu,V1,test,sub-06,5919,597,rsa,0.04469989240169525
taskonomy/depth_zbuffer,encoder.layer4.0.relu,V2,test,sub-06,5919,631,rsa,0.033181242644786835
taskonomy/depth_zbuffer,encoder.layer4.0.relu,V3,test,sub-06,5919,432,rsa,0.09107862412929535
taskonomy/depth_zbuffer,encoder.layer4.0.relu,V4,test,sub-06,5919,560,rsa,0.04648784548044205
taskonomy/depth_zbuffer,encoder.layer4.0.relu,V3A,test,sub-06,5919,161,rsa,0.037669677287340164
taskonomy/depth_zbuffer,encoder.layer4.0.relu,V3B,test,sub-06,5919,86,rsa,0.005235370714217424
taskonomy/depth_zbuffer,encoder.layer4.0.relu,V6,test,sub-06,5919,86,rsa,0.0005141869187355042
taskonomy/depth_zbuffer,encoder.layer4.0.relu,V6A,test,sub-06,5919,73,rsa,0.11848174780607224
taskonomy/depth_zbuffer,encoder.layer4.0.relu,V7,test,sub-06,5919,83,rsa,0.017580432817339897
taskonomy/depth_zbuffer,encoder.layer4.0.relu,V8,test,sub-06,5919,107,rsa,0.0386042445898056
taskonomy/depth_zbuffer,encoder.layer4.0.relu,FFC,test,sub-06,5919,217,rsa,0.10543997585773468
taskonomy/depth_zbuffer,encoder.layer4.0.relu,PIT,test,sub-06,5919,105,rsa,0.015199681743979454
taskonomy/depth_zbuffer,encoder.layer4.0.relu,IPS1,test,sub-06,5919,150,rsa,0.07889751344919205
taskonomy/depth_zbuffer,encoder.layer4.0.relu,MST,test,sub-06,5919,148,rsa,0.046450428664684296
taskonomy/depth_zbuffer,encoder.layer4.0.relu,MT,test,sub-06,5919,95,rsa,0.056353017687797546
taskonomy/depth_zbuffer,encoder.layer4.0.relu,FST,test,sub-06,5919,174,rsa,0.06640376150608063
taskonomy/depth_zbuffer,encoder.layer4.0.relu,LO1,test,sub-06,5919,75,rsa,0.12128214538097382
taskonomy/depth_zbuffer,encoder.layer4.0.relu,LO2,test,sub-06,5919,78,rsa,0.03723441809415817
taskonomy/depth_zbuffer,encoder.layer4.0.relu,LO3,test,sub-06,5919,115,rsa,0.1341581493616104
taskonomy/depth_zbuffer,encoder.layer4.0.relu,V7,test,sub-06,5919,83,rsa,0.017580432817339897
taskonomy/depth_zbuffer,encoder.layer4.0.relu,IP0,test,sub-06,5919,102,rsa,0.023027243092656136
taskonomy/depth_zbuffer,encoder.layer4.0.relu,IP1,test,sub-06,5919,14,rsa,-0.034211475402116776
taskonomy/depth_zbuffer,encoder.layer4.0.relu,MIP,test,sub-06,5919,111,rsa,0.008308511227369308
taskonomy/depth_zbuffer,encoder.layer4.0.relu,VIP,test,sub-06,5919,150,rsa,0.00867580808699131
taskonomy/depth_zbuffer,encoder.layer4.0.relu,LIPd,test,sub-06,5919,52,rsa,-0.011337192729115486
taskonomy/depth_zbuffer,encoder.layer4.0.relu,LIPv,test,sub-06,5919,205,rsa,0.03633318841457367
taskonomy/depth_zbuffer,encoder.layer4.0.relu,AIP,test,sub-06,5919,244,rsa,0.0010086693800985813
taskonomy/depth_zbuffer,encoder.layer4.0.relu,7Pm,test,sub-06,5919,3,rsa,0.008079182356595993
taskonomy/depth_zbuffer,encoder.layer4.0.relu,7PL,test,sub-06,5919,24,rsa,-0.007434741128236055
taskonomy/depth_zbuffer,encoder.layer4.0.relu,7PC,test,sub-06,5919,276,rsa,0.051366474479436874
taskonomy/depth_zbuffer,encoder.layer4.0.relu,7Am,test,sub-06,5919,86,rsa,-0.001355491578578949
taskonomy/depth_zbuffer,encoder.layer4.0.relu,7AL,test,sub-06,5919,236,rsa,0.03929852321743965
taskonomy/depth_zbuffer,encoder.layer4.0.relu,VVC,test,sub-06,5919,202,rsa,0.08426161855459213
taskonomy/depth_zbuffer,encoder.layer4.0.relu,VMV2,test,sub-06,5919,69,rsa,0.06890196353197098
taskonomy/depth_zbuffer,encoder.layer4.0.relu,VMV3,test,sub-06,5919,103,rsa,0.035927336663007736
taskonomy/depth_zbuffer,encoder.layer4.0.relu,VMV1,test,sub-06,5919,21,rsa,0.009238172322511673
taskonomy/depth_zbuffer,encoder.layer4.0.relu,PHA2,test,sub-06,5919,49,rsa,0.04004751890897751
taskonomy/depth_zbuffer,encoder.layer4.0.relu,PHA3,test,sub-06,5919,156,rsa,0.12011083960533142
taskonomy/depth_zbuffer,encoder.layer4.0.relu,PH,test,sub-06,5919,327,rsa,0.06642334163188934
taskonomy/depth_zbuffer,encoder.layer4.1.relu,V1,test,sub-06,5919,597,rsa,0.03631514310836792
taskonomy/depth_zbuffer,encoder.layer4.1.relu,V2,test,sub-06,5919,631,rsa,0.03137267380952835
taskonomy/depth_zbuffer,encoder.layer4.1.relu,V3,test,sub-06,5919,432,rsa,0.07750146090984344
taskonomy/depth_zbuffer,encoder.layer4.1.relu,V4,test,sub-06,5919,560,rsa,0.059371352195739746
taskonomy/depth_zbuffer,encoder.layer4.1.relu,V3A,test,sub-06,5919,161,rsa,0.030282407999038696
taskonomy/depth_zbuffer,encoder.layer4.1.relu,V3B,test,sub-06,5919,86,rsa,-0.000289098359644413
taskonomy/depth_zbuffer,encoder.layer4.1.relu,V6,test,sub-06,5919,86,rsa,-0.0013690199702978134
taskonomy/depth_zbuffer,encoder.layer4.1.relu,V6A,test,sub-06,5919,73,rsa,0.09340545535087585
taskonomy/depth_zbuffer,encoder.layer4.1.relu,V7,test,sub-06,5919,83,rsa,0.012302817776799202
taskonomy/depth_zbuffer,encoder.layer4.1.relu,V8,test,sub-06,5919,107,rsa,0.03199078142642975
taskonomy/depth_zbuffer,encoder.layer4.1.relu,FFC,test,sub-06,5919,217,rsa,0.09617562592029572
taskonomy/depth_zbuffer,encoder.layer4.1.relu,PIT,test,sub-06,5919,105,rsa,0.004361851140856743
taskonomy/depth_zbuffer,encoder.layer4.1.relu,IPS1,test,sub-06,5919,150,rsa,0.07031840085983276
taskonomy/depth_zbuffer,encoder.layer4.1.relu,MST,test,sub-06,5919,148,rsa,0.05026669427752495
taskonomy/depth_zbuffer,encoder.layer4.1.relu,MT,test,sub-06,5919,95,rsa,0.05219551920890808
taskonomy/depth_zbuffer,encoder.layer4.1.relu,FST,test,sub-06,5919,174,rsa,0.0500510111451149
taskonomy/depth_zbuffer,encoder.layer4.1.relu,LO1,test,sub-06,5919,75,rsa,0.13658559322357178
taskonomy/depth_zbuffer,encoder.layer4.1.relu,LO2,test,sub-06,5919,78,rsa,0.03213932365179062
taskonomy/depth_zbuffer,encoder.layer4.1.relu,LO3,test,sub-06,5919,115,rsa,0.11742982268333435
taskonomy/depth_zbuffer,encoder.layer4.1.relu,V7,test,sub-06,5919,83,rsa,0.012302817776799202
taskonomy/depth_zbuffer,encoder.layer4.1.relu,IP0,test,sub-06,5919,102,rsa,0.02232453227043152
taskonomy/depth_zbuffer,encoder.layer4.1.relu,IP1,test,sub-06,5919,14,rsa,-0.030998431146144867
taskonomy/depth_zbuffer,encoder.layer4.1.relu,MIP,test,sub-06,5919,111,rsa,0.0037601864896714687
taskonomy/depth_zbuffer,encoder.layer4.1.relu,VIP,test,sub-06,5919,150,rsa,0.00173213891685009
taskonomy/depth_zbuffer,encoder.layer4.1.relu,LIPd,test,sub-06,5919,52,rsa,-0.014760416932404041
taskonomy/depth_zbuffer,encoder.layer4.1.relu,LIPv,test,sub-06,5919,205,rsa,0.024205753579735756
taskonomy/depth_zbuffer,encoder.layer4.1.relu,AIP,test,sub-06,5919,244,rsa,-0.01156778447329998
taskonomy/depth_zbuffer,encoder.layer4.1.relu,7Pm,test,sub-06,5919,3,rsa,0.009536298923194408
taskonomy/depth_zbuffer,encoder.layer4.1.relu,7PL,test,sub-06,5919,24,rsa,-0.009979157708585262
taskonomy/depth_zbuffer,encoder.layer4.1.relu,7PC,test,sub-06,5919,276,rsa,0.04445239156484604
taskonomy/depth_zbuffer,encoder.layer4.1.relu,7Am,test,sub-06,5919,86,rsa,-0.007016770076006651
taskonomy/depth_zbuffer,encoder.layer4.1.relu,7AL,test,sub-06,5919,236,rsa,0.03250119090080261
taskonomy/depth_zbuffer,encoder.layer4.1.relu,VVC,test,sub-06,5919,202,rsa,0.07060407847166061
taskonomy/depth_zbuffer,encoder.layer4.1.relu,VMV2,test,sub-06,5919,69,rsa,0.07194675505161285
taskonomy/depth_zbuffer,encoder.layer4.1.relu,VMV3,test,sub-06,5919,103,rsa,0.02847996912896633
taskonomy/depth_zbuffer,encoder.layer4.1.relu,VMV1,test,sub-06,5919,21,rsa,0.001645395765081048
taskonomy/depth_zbuffer,encoder.layer4.1.relu,PHA2,test,sub-06,5919,49,rsa,0.06134810298681259
taskonomy/depth_zbuffer,encoder.layer4.1.relu,PHA3,test,sub-06,5919,156,rsa,0.10613842308521271
taskonomy/depth_zbuffer,encoder.layer4.1.relu,PH,test,sub-06,5919,327,rsa,0.05723455548286438
taskonomy/depth_zbuffer,encoder.layer4.2.relu,V1,test,sub-06,5919,597,rsa,0.03827618807554245
taskonomy/depth_zbuffer,encoder.layer4.2.relu,V2,test,sub-06,5919,631,rsa,0.03608554229140282
taskonomy/depth_zbuffer,encoder.layer4.2.relu,V3,test,sub-06,5919,432,rsa,0.08468613773584366
taskonomy/depth_zbuffer,encoder.layer4.2.relu,V4,test,sub-06,5919,560,rsa,0.06798426061868668
taskonomy/depth_zbuffer,encoder.layer4.2.relu,V3A,test,sub-06,5919,161,rsa,0.028569884598255157
taskonomy/depth_zbuffer,encoder.layer4.2.relu,V3B,test,sub-06,5919,86,rsa,-0.0018521910533308983
taskonomy/depth_zbuffer,encoder.layer4.2.relu,V6,test,sub-06,5919,86,rsa,-0.0036359522491693497
taskonomy/depth_zbuffer,encoder.layer4.2.relu,V6A,test,sub-06,5919,73,rsa,0.09645311534404755
taskonomy/depth_zbuffer,encoder.layer4.2.relu,V7,test,sub-06,5919,83,rsa,0.0172436460852623
taskonomy/depth_zbuffer,encoder.layer4.2.relu,V8,test,sub-06,5919,107,rsa,0.037341516464948654
taskonomy/depth_zbuffer,encoder.layer4.2.relu,FFC,test,sub-06,5919,217,rsa,0.10222111642360687
taskonomy/depth_zbuffer,encoder.layer4.2.relu,PIT,test,sub-06,5919,105,rsa,0.0021270206198096275
taskonomy/depth_zbuffer,encoder.layer4.2.relu,IPS1,test,sub-06,5919,150,rsa,0.06936118006706238
taskonomy/depth_zbuffer,encoder.layer4.2.relu,MST,test,sub-06,5919,148,rsa,0.05790908262133598
taskonomy/depth_zbuffer,encoder.layer4.2.relu,MT,test,sub-06,5919,95,rsa,0.06066735088825226
taskonomy/depth_zbuffer,encoder.layer4.2.relu,FST,test,sub-06,5919,174,rsa,0.054166994988918304
taskonomy/depth_zbuffer,encoder.layer4.2.relu,LO1,test,sub-06,5919,75,rsa,0.14569732546806335
taskonomy/depth_zbuffer,encoder.layer4.2.relu,LO2,test,sub-06,5919,78,rsa,0.03797106072306633
taskonomy/depth_zbuffer,encoder.layer4.2.relu,LO3,test,sub-06,5919,115,rsa,0.10957612097263336
taskonomy/depth_zbuffer,encoder.layer4.2.relu,V7,test,sub-06,5919,83,rsa,0.0172436460852623
taskonomy/depth_zbuffer,encoder.layer4.2.relu,IP0,test,sub-06,5919,102,rsa,0.01885218918323517
taskonomy/depth_zbuffer,encoder.layer4.2.relu,IP1,test,sub-06,5919,14,rsa,-0.042604248970746994
taskonomy/depth_zbuffer,encoder.layer4.2.relu,MIP,test,sub-06,5919,111,rsa,0.0025385271292179823
taskonomy/depth_zbuffer,encoder.layer4.2.relu,VIP,test,sub-06,5919,150,rsa,-0.004025972448289394
taskonomy/depth_zbuffer,encoder.layer4.2.relu,LIPd,test,sub-06,5919,52,rsa,-0.02149784192442894
taskonomy/depth_zbuffer,encoder.layer4.2.relu,LIPv,test,sub-06,5919,205,rsa,0.026350682601332664
taskonomy/depth_zbuffer,encoder.layer4.2.relu,AIP,test,sub-06,5919,244,rsa,-0.011535401456058025
taskonomy/depth_zbuffer,encoder.layer4.2.relu,7Pm,test,sub-06,5919,3,rsa,0.008892307989299297
taskonomy/depth_zbuffer,encoder.layer4.2.relu,7PL,test,sub-06,5919,24,rsa,-0.013083506375551224
taskonomy/depth_zbuffer,encoder.layer4.2.relu,7PC,test,sub-06,5919,276,rsa,0.045075673609972
taskonomy/depth_zbuffer,encoder.layer4.2.relu,7Am,test,sub-06,5919,86,rsa,-0.0072716460563242435
taskonomy/depth_zbuffer,encoder.layer4.2.relu,7AL,test,sub-06,5919,236,rsa,0.03135579824447632
taskonomy/depth_zbuffer,encoder.layer4.2.relu,VVC,test,sub-06,5919,202,rsa,0.06774215400218964
taskonomy/depth_zbuffer,encoder.layer4.2.relu,VMV2,test,sub-06,5919,69,rsa,0.07630126923322678
taskonomy/depth_zbuffer,encoder.layer4.2.relu,VMV3,test,sub-06,5919,103,rsa,0.028483698144555092
taskonomy/depth_zbuffer,encoder.layer4.2.relu,VMV1,test,sub-06,5919,21,rsa,0.0012119176099076867
taskonomy/depth_zbuffer,encoder.layer4.2.relu,PHA2,test,sub-06,5919,49,rsa,0.06711602956056595
taskonomy/depth_zbuffer,encoder.layer4.2.relu,PHA3,test,sub-06,5919,156,rsa,0.10493525862693787
taskonomy/depth_zbuffer,encoder.layer4.2.relu,PH,test,sub-06,5919,327,rsa,0.0640203207731247
