model,layer,roi,split,subject,metric,n_features_1_model,n_features_2_brain,score,test_scores_list,alphas,train_set_train_split_score_mean,ridgecv_val_mse,train_set_train_split_mse,train_set_val_split_mse
v_jepa/vjepa2_vit_giant_384,blocks.0,V1,train,sub-10,linear_predictivity,5919,553,0.05632311072796276,,"[10000.0, 31622.776601683796, 10000.0, 10000.0, 31622.776601683796]",0.4033837586496423,1.0480011312029167,0.5963852787088737,0.939812167756654
v_jepa/vjepa2_vit_giant_384,blocks.0,V1,test,sub-10,linear_predictivity,5919,553,0.03435424769650526,"[0.02872135276784586, 0.0497357371951803, 0.022118138105951927, 0.021345282866350034, 0.04985072754719818]",,,,,
v_jepa/vjepa2_vit_giant_384,blocks.0,V2,train,sub-10,linear_predictivity,5919,516,0.02847873841690441,,"[31622.776601683796, 31622.776601683796, 31622.776601683796, 31622.776601683796, 31622.776601683796]",0.2448850762040618,1.0781868169065967,0.7549195548593294,0.9676925131135976
v_jepa/vjepa2_vit_giant_384,blocks.0,V2,test,sub-10,linear_predictivity,5919,516,0.009454086632410996,"[0.00841116687257047, 0.010330505856800896, 0.016843148265645983, 0.0046252717421029505, 0.0070603404249346855]",,,,,
v_jepa/vjepa2_vit_giant_384,blocks.0,V3,train,sub-10,linear_predictivity,5919,400,0.028414253895277165,,"[31622.776601683796, 31622.776601683796, 31622.776601683796, 31622.776601683796, 31622.776601683796]",0.24301314589607853,1.075659017877677,0.7568090795229294,0.9682130674355823
v_jepa/vjepa2_vit_giant_384,blocks.0,V3,test,sub-10,linear_predictivity,5919,400,0.02042103084267698,"[0.014550035437940801, 0.025178095607932, 0.025162978403895284, 0.019731032966661552, 0.017483011796955262]",,,,,
v_jepa/vjepa2_vit_giant_384,blocks.0,V4,train,sub-10,linear_predictivity,5919,574,0.01353077121926892,,"[31622.776601683796, 31622.776601683796, 31622.776601683796, 31622.776601683796, 31622.776601683796]",0.2311932132172796,1.0911904185254657,0.768646332630679,0.9832660142434431
v_jepa/vjepa2_vit_giant_384,blocks.0,V4,test,sub-10,linear_predictivity,5919,574,-0.012411010476131402,"[-0.01084570935388101, -0.008098206657553769, -0.010845351606740323, -0.016749279587244963, -0.015516505175236945]",,,,,
v_jepa/vjepa2_vit_giant_384,blocks.0,V3A,train,sub-10,linear_predictivity,5919,85,-0.0015632076121765706,,"[316227.7660168379, 316227.7660168379, 316227.7660168379, 100000.0, 316227.7660168379]",0.045810033235495914,1.1197697611954411,0.9539980440058212,0.9985671703496148
v_jepa/vjepa2_vit_giant_384,blocks.0,V3A,test,sub-10,linear_predictivity,5919,85,-0.005659783270468901,"[-0.003943660018845692, -0.0033451004749100134, -0.00713826186588108, -0.007852040949808257, -0.006019853042899461]",,,,,
v_jepa/vjepa2_vit_giant_384,blocks.0,V3B,train,sub-10,linear_predictivity,5919,99,0.0008367575672350485,,"[100000.0, 31622.776601683796, 100000.0, 100000.0, 100000.0]",0.11937179488617174,1.1114022688779899,0.8809719523846432,0.9962882569142039
v_jepa/vjepa2_vit_giant_384,blocks.0,V3B,test,sub-10,linear_predictivity,5919,99,-0.010512215194626928,"[-0.0038809348210096612, -0.012954515321689576, -0.009108271666841602, -0.017904746108464945, -0.008712608055128856]",,,,,
v_jepa/vjepa2_vit_giant_384,blocks.0,V6,train,sub-10,linear_predictivity,5919,11,0.0060651953465692375,,"[100000.0, 100000.0, 100000.0, 100000.0, 31622.776601683796]",0.12673769862730427,1.1014467851174083,0.8726993313740004,0.9906764038133868
v_jepa/vjepa2_vit_giant_384,blocks.0,V6,test,sub-10,linear_predictivity,5919,11,0.03191390862989578,"[0.040383434946927935, 0.04002395223948425, 0.022370523987652158, 0.0411992494012698, 0.015592382574144747]",,,,,
v_jepa/vjepa2_vit_giant_384,blocks.0,V6A,train,sub-10,linear_predictivity,5919,45,-0.004260057059935096,,"[100000.0, 100000.0, 316227.7660168379, 100000.0, 316227.7660168379]",0.06744813236357217,1.1124324265426093,0.9319561024261176,1.0009662509779946
v_jepa/vjepa2_vit_giant_384,blocks.0,V6A,test,sub-10,linear_predictivity,5919,45,-0.014534401261813087,"[-0.019019232603165816, -0.012237817805073844, -0.007083225152074125, -0.027982774349451706, -0.006348956399299957]",,,,,
v_jepa/vjepa2_vit_giant_384,blocks.0,V7,train,sub-10,linear_predictivity,5919,61,-0.003138469044008487,,"[100000.0, 100000.0, 100000.0, 100000.0, 316227.7660168379]",0.0791318443909452,1.1223574534439487,0.9206902597676747,1.0003371713167177
v_jepa/vjepa2_vit_giant_384,blocks.0,V7,test,sub-10,linear_predictivity,5919,61,-0.030810844730390946,"[-0.035554496198433434, -0.02291674495289611, -0.03355755593469476, -0.045085782137548595, -0.016939644428381834]",,,,,
v_jepa/vjepa2_vit_giant_384,blocks.0,V8,train,sub-10,linear_predictivity,5919,96,0.004652963971718516,,"[31622.776601683796, 31622.776601683796, 31622.776601683796, 31622.776601683796, 100000.0]",0.20099365586460646,1.0841647595677453,0.7985721162412984,0.9915333418011747
v_jepa/vjepa2_vit_giant_384,blocks.0,V8,test,sub-10,linear_predictivity,5919,96,-0.025431816688737247,"[-0.023143899980264893, -0.01381597533270809, -0.01583399323289688, -0.035884408427756996, -0.038480806470059366]",,,,,
v_jepa/vjepa2_vit_giant_384,blocks.0,FFC,train,sub-10,linear_predictivity,5919,244,0.010772572674851485,,"[31622.776601683796, 31622.776601683796, 31622.776601683796, 31622.776601683796, 100000.0]",0.2047632577325519,1.098483668203343,0.7952023949640956,0.9864453670230569
v_jepa/vjepa2_vit_giant_384,blocks.0,FFC,test,sub-10,linear_predictivity,5919,244,0.01464177562650142,"[0.0180342260451549, 0.016048998532088896, 0.011866210953215774, 0.013074291072293725, 0.014185151529753802]",,,,,
v_jepa/vjepa2_vit_giant_384,blocks.0,PIT,train,sub-10,linear_predictivity,5919,100,0.016855845528609276,,"[31622.776601683796, 31622.776601683796, 31622.776601683796, 31622.776601683796, 31622.776601683796]",0.2317822515687003,1.0910282876263229,0.7680641641735744,0.9799653352791691
v_jepa/vjepa2_vit_giant_384,blocks.0,PIT,test,sub-10,linear_predictivity,5919,100,0.014609389282583013,"[0.01695317360664346, 0.01631061394172155, 0.00914029114345845, 0.016844296101001778, 0.013798571620089834]",,,,,
v_jepa/vjepa2_vit_giant_384,blocks.0,IPS1,train,sub-10,linear_predictivity,5919,166,-0.004294993744550601,,"[316227.7660168379, 100000.0, 100000.0, 100000.0, 316227.7660168379]",0.07023434272875205,1.1197744982492814,0.9296388128759772,1.0003314891265465
v_jepa/vjepa2_vit_giant_384,blocks.0,IPS1,test,sub-10,linear_predictivity,5919,166,0.002382673950428474,"[0.0016756759472593738, 0.003007697274076186, 0.0031332458619160834, -0.0018820778118887752, 0.0059788284807795015]",,,,,
v_jepa/vjepa2_vit_giant_384,blocks.0,MST,train,sub-10,linear_predictivity,5919,135,0.014336184047924647,,"[31622.776601683796, 31622.776601683796, 31622.776601683796, 31622.776601683796, 100000.0]",0.20956209084816502,1.100693975184388,0.7904485124864069,0.9827577640706441
v_jepa/vjepa2_vit_giant_384,blocks.0,MST,test,sub-10,linear_predictivity,5919,135,0.012959157560921853,"[0.017627626993946637, 0.016881646656258704, 0.006290907364930088, 0.002086738932471506, 0.021908867857002322]",,,,,
v_jepa/vjepa2_vit_giant_384,blocks.0,MT,train,sub-10,linear_predictivity,5919,86,0.006430569662837861,,"[100000.0, 100000.0, 100000.0, 31622.776601683796, 100000.0]",0.1262508110649998,1.1052612791874545,0.8734157818546201,0.9909549348961771
v_jepa/vjepa2_vit_giant_384,blocks.0,MT,test,sub-10,linear_predictivity,5919,86,-0.0015367711171040638,"[0.007086007520581889, -0.0022367618293082504, -0.002438378384467779, -0.0108774347300003, 0.0007827118376741206]",,,,,
v_jepa/vjepa2_vit_giant_384,blocks.0,FST,train,sub-10,linear_predictivity,5919,167,0.0048119365948654695,,"[31622.776601683796, 31622.776601683796, 31622.776601683796, 31622.776601683796, 100000.0]",0.20222379550539066,1.1110689404643925,0.7978007510817494,0.9912024261055613
v_jepa/vjepa2_vit_giant_384,blocks.0,FST,test,sub-10,linear_predictivity,5919,167,-0.015935538373490717,"[-0.020230415404948042, -0.01228864701318877, -0.022022145608109323, -0.02530798474912385, 0.00017150090791640248]",,,,,
v_jepa/vjepa2_vit_giant_384,blocks.0,LO1,train,sub-10,linear_predictivity,5919,78,0.012192883444567747,,"[31622.776601683796, 31622.776601683796, 31622.776601683796, 31622.776601683796, 31622.776601683796]",0.2282854736532987,1.1011940074309687,0.7715745133255314,0.9850360898264128
v_jepa/vjepa2_vit_giant_384,blocks.0,LO1,test,sub-10,linear_predictivity,5919,78,0.015115785232117212,"[0.016938264832380662, 0.016094238882441183, 0.014503170843827736, 0.0025226639839939723, 0.025520587617942504]",,,,,
v_jepa/vjepa2_vit_giant_384,blocks.0,LO2,train,sub-10,linear_predictivity,5919,80,0.0249298736620975,,"[31622.776601683796, 31622.776601683796, 31622.776601683796, 31622.776601683796, 31622.776601683796]",0.23495251348723395,1.1038362436577445,0.7649179131102354,0.972521456309899
v_jepa/vjepa2_vit_giant_384,blocks.0,LO2,test,sub-10,linear_predictivity,5919,80,0.02279505864027475,"[0.02991031707348889, 0.026845142843228233, 0.014926295891037287, 0.023096538957052264, 0.019196998436567084]",,,,,
v_jepa/vjepa2_vit_giant_384,blocks.0,LO3,train,sub-10,linear_predictivity,5919,113,0.0052818352586379005,,"[31622.776601683796, 100000.0, 31622.776601683796, 31622.776601683796, 100000.0]",0.17736704608552506,1.0899238145020615,0.8224464470456164,0.9910818855156365
v_jepa/vjepa2_vit_giant_384,blocks.0,LO3,test,sub-10,linear_predictivity,5919,113,-0.01892088798614818,"[-0.019549750722595807, -0.018707254458591383, -0.011515685831541, -0.04217093894355067, -0.002660809974462041]",,,,,
v_jepa/vjepa2_vit_giant_384,blocks.0,V7,train,sub-10,linear_predictivity,5919,61,-0.003138469044008487,,"[100000.0, 100000.0, 100000.0, 100000.0, 316227.7660168379]",0.0791318443909452,1.1223574534439487,0.9206902597676747,1.0003371713167177
v_jepa/vjepa2_vit_giant_384,blocks.0,V7,test,sub-10,linear_predictivity,5919,61,-0.030810844730390946,"[-0.035554496198433434, -0.02291674495289611, -0.03355755593469476, -0.045085782137548595, -0.016939644428381834]",,,,,
v_jepa/vjepa2_vit_giant_384,blocks.0,IP0,train,sub-10,linear_predictivity,5919,103,7.537021696358752e-05,,"[100000.0, 100000.0, 100000.0, 100000.0, 100000.0]",0.09336287916547728,1.1106423716743135,0.9064549827131456,0.9962495864672661
v_jepa/vjepa2_vit_giant_384,blocks.0,IP0,test,sub-10,linear_predictivity,5919,103,0.0016767274583761858,"[0.006116318361363965, 0.0020306311190944662, 0.0018686186926364023, -0.0009519876231277494, -0.000679943258086156]",,,,,
v_jepa/vjepa2_vit_giant_384,blocks.0,IP1,train,sub-10,linear_predictivity,5919,33,-0.0037216679886470094,,"[1000000.0, 316227.7660168379, 316227.7660168379, 1000000.0, 316227.7660168379]",0.024876205804796374,1.120557918747405,0.9748900367142612,1.0008579400042827
v_jepa/vjepa2_vit_giant_384,blocks.0,IP1,test,sub-10,linear_predictivity,5919,33,-0.0018411915721567342,"[-0.0036200516447016805, -0.002160238979608577, -0.002625563055845082, -0.002767230268172147, 0.0019671260875438147]",,,,,
v_jepa/vjepa2_vit_giant_384,blocks.0,MIP,train,sub-10,linear_predictivity,5919,178,-0.005354591630302137,,"[316227.7660168379, 316227.7660168379, 316227.7660168379, 316227.7660168379, 316227.7660168379]",0.03478295078982259,1.1267290121809623,0.964917764754541,0.9998549483238882
v_jepa/vjepa2_vit_giant_384,blocks.0,MIP,test,sub-10,linear_predictivity,5919,178,0.009570450471781922,"[0.008810785791643096, 0.006823875274241078, 0.012583836453025719, 0.009210401428983512, 0.0104233534110162]",,,,,
v_jepa/vjepa2_vit_giant_384,blocks.0,VIP,train,sub-10,linear_predictivity,5919,100,-0.000834110981345499,,"[316227.7660168379, 316227.7660168379, 100000.0, 100000.0, 316227.7660168379]",0.05994106380246639,1.1170804710655045,0.9400654725373926,0.9978124514893703
v_jepa/vjepa2_vit_giant_384,blocks.0,VIP,test,sub-10,linear_predictivity,5919,100,0.004017196704638109,"[0.00708382165366556, 0.005342770275106976, 0.004798154883278136, -0.006928804599281072, 0.009790041310420945]",,,,,
v_jepa/vjepa2_vit_giant_384,blocks.0,LIPd,train,sub-10,linear_predictivity,5919,31,-0.004698927413059761,,"[1000000.0, 1000000.0, 3162277.6601683795, 316227.7660168379, 1000000.0]",0.014258092138123245,1.1380578245904769,0.9855618586441777,1.0016096204374922
v_jepa/vjepa2_vit_giant_384,blocks.0,LIPd,test,sub-10,linear_predictivity,5919,31,-0.00036628038037493855,"[0.0021868590488742573, -0.0017826235480455884, -0.0014793891595947007, -0.00027955606443529025, -0.00047669217867337077]",,,,,
v_jepa/vjepa2_vit_giant_384,blocks.0,LIPv,train,sub-10,linear_predictivity,5919,75,-0.00249754877725699,,"[316227.7660168379, 316227.7660168379, 316227.7660168379, 316227.7660168379, 316227.7660168379]",0.03462276730376439,1.1285503961686967,0.9651958335988887,0.9993973823087602
v_jepa/vjepa2_vit_giant_384,blocks.0,LIPv,test,sub-10,linear_predictivity,5919,75,0.0012698748369753547,"[0.0026174450902959525, 0.003203910293794216, 0.0015211463538538897, -0.0013640769253545552, 0.0003709493722872711]",,,,,
v_jepa/vjepa2_vit_giant_384,blocks.0,AIP,train,sub-10,linear_predictivity,5919,409,-0.008400955499725598,,"[1000000.0, 1000000.0, 316227.7660168379, 1000000.0, 316227.7660168379]",0.019997621668226263,1.1310915667252142,0.9796512639880767,1.0028363875009996
v_jepa/vjepa2_vit_giant_384,blocks.0,AIP,test,sub-10,linear_predictivity,5919,409,-0.0035657799712272634,"[-0.0025967972051527477, -0.0031601486680914175, -0.002909618067831238, -0.0037461644668840984, -0.005416171448176815]",,,,,
v_jepa/vjepa2_vit_giant_384,blocks.0,7Pm,train,sub-10,linear_predictivity,5919,21,-0.0036420322810903874,,"[1000000.0, 1000000.0, 316227.7660168379, 316227.7660168379, 1000000.0]",0.021271862383010744,1.1189839543768088,0.9786370271588097,1.000571662696991
v_jepa/vjepa2_vit_giant_384,blocks.0,7Pm,test,sub-10,linear_predictivity,5919,21,-0.004055668866830036,"[-0.002444240507614038, -0.005897837907771198, -0.004530021743089828, -0.0047831459897156635, -0.0026230981859594526]",,,,,
v_jepa/vjepa2_vit_giant_384,blocks.0,7PL,train,sub-10,linear_predictivity,5919,106,1.6501217508344875e-05,,"[316227.7660168379, 316227.7660168379, 100000.0, 316227.7660168379, 316227.7660168379]",0.047886184086206575,1.1242133543631074,0.9520148366114434,0.9971726736551997
v_jepa/vjepa2_vit_giant_384,blocks.0,7PL,test,sub-10,linear_predictivity,5919,106,0.012006476222346045,"[0.009352002179674612, 0.010569158885713496, 0.014127889732346558, 0.013112689683871874, 0.012870640630123687]",,,,,
v_jepa/vjepa2_vit_giant_384,blocks.0,7PC,train,sub-10,linear_predictivity,5919,224,-0.00835172814304867,,"[10000000.0, 316227.7660168379, 316227.7660168379, 316227.7660168379, 1000000.0]",0.022197256112564647,1.1338718723554124,0.9774875207287147,1.0026925163333265
v_jepa/vjepa2_vit_giant_384,blocks.0,7PC,test,sub-10,linear_predictivity,5919,224,-0.008318645528616822,"[-0.004615673034744088, -0.006143803232667062, -0.009664166453946188, -0.015229521276617584, -0.005940063645109188]",,,,,
v_jepa/vjepa2_vit_giant_384,blocks.0,7Am,train,sub-10,linear_predictivity,5919,186,-0.0038419871330384915,,"[316227.7660168379, 316227.7660168379, 316227.7660168379, 316227.7660168379, 316227.7660168379]",0.03521831366487301,1.1224174561700688,0.9644881908890465,0.9989231539714261
v_jepa/vjepa2_vit_giant_384,blocks.0,7Am,test,sub-10,linear_predictivity,5919,186,0.00013464953811892516,"[-0.001769006914712312, 0.004698751509820638, -0.00277022800795687, -0.0016404726818448193, 0.002154203785287989]",,,,,
v_jepa/vjepa2_vit_giant_384,blocks.0,7AL,train,sub-10,linear_predictivity,5919,158,-0.00673852989168152,,"[1000000.0, 316227.7660168379, 316227.7660168379, 316227.7660168379, 316227.7660168379]",0.02951462764251418,1.1316704301070286,0.9702138470814943,1.0010786375745517
v_jepa/vjepa2_vit_giant_384,blocks.0,7AL,test,sub-10,linear_predictivity,5919,158,-0.0029466501787551516,"[-0.003437664401065205, 0.002561953416757701, -0.0059492479719705695, -0.00583397021857141, -0.0020743217189262758]",,,,,
v_jepa/vjepa2_vit_giant_384,blocks.0,VVC,train,sub-10,linear_predictivity,5919,196,0.001870050262902674,,"[100000.0, 100000.0, 100000.0, 100000.0, 100000.0]",0.09354192711382914,1.099888913184511,0.9062254217795275,0.9940744093863547
v_jepa/vjepa2_vit_giant_384,blocks.0,VVC,test,sub-10,linear_predictivity,5919,196,0.010220450570620996,"[0.01113829320081074, 0.013074422190896724, 0.009129411066786686, 0.011519764078497962, 0.006240362316112868]",,,,,
v_jepa/vjepa2_vit_giant_384,blocks.0,VMV2,train,sub-10,linear_predictivity,5919,94,0.007098306042895224,,"[31622.776601683796, 31622.776601683796, 31622.776601683796, 31622.776601683796, 31622.776601683796]",0.22629216012799996,1.0861814034646824,0.7734886380780416,0.9883944686283144
v_jepa/vjepa2_vit_giant_384,blocks.0,VMV2,test,sub-10,linear_predictivity,5919,94,0.026934772858489647,"[0.032173965750725085, 0.025974752110232768, 0.01815281846078138, 0.027933575957607776, 0.03043875201310125]",,,,,
v_jepa/vjepa2_vit_giant_384,blocks.0,VMV3,train,sub-10,linear_predictivity,5919,98,0.0006967362682953381,,"[31622.776601683796, 31622.776601683796, 100000.0, 31622.776601683796, 100000.0]",0.17210980839330384,1.0872025499903561,0.8273044588745686,0.9947776370373187
v_jepa/vjepa2_vit_giant_384,blocks.0,VMV3,test,sub-10,linear_predictivity,5919,98,-0.04197273192153311,"[-0.030681195028861186, -0.03906039275528357, -0.04006376328187589, -0.0591534245250909, -0.04090488401655402]",,,,,
v_jepa/vjepa2_vit_giant_384,blocks.0,VMV1,train,sub-10,linear_predictivity,5919,42,-0.0013041196645393017,,"[100000.0, 100000.0, 100000.0, 100000.0, 100000.0]",0.09522662838567868,1.104860570177651,0.9044442837513174,0.9953095360427036
v_jepa/vjepa2_vit_giant_384,blocks.0,VMV1,test,sub-10,linear_predictivity,5919,42,0.009592556956527476,"[0.011441834475094384, 0.014077471580534356, 0.010806425862060104, 0.003473799140350046, 0.008163253724598493]",,,,,
v_jepa/vjepa2_vit_giant_384,blocks.0,PHA2,train,sub-10,linear_predictivity,5919,21,-0.003671351280336663,,"[100000.0, 100000.0, 316227.7660168379, 100000.0, 100000.0]",0.08349709094669756,1.114717506935302,0.9160122560224282,0.9976462343265572
v_jepa/vjepa2_vit_giant_384,blocks.0,PHA2,test,sub-10,linear_predictivity,5919,21,0.019704720705651355,"[0.01786509933560409, 0.018709798627594438, 0.01098960347196376, 0.028544020978145974, 0.022415081114948516]",,,,,
v_jepa/vjepa2_vit_giant_384,blocks.0,PHA3,train,sub-10,linear_predictivity,5919,104,0.004829731719866931,,"[100000.0, 100000.0, 100000.0, 100000.0, 100000.0]",0.09678381251867813,1.0982686650748736,0.9029543854252239,0.9908230268840714
v_jepa/vjepa2_vit_giant_384,blocks.0,PHA3,test,sub-10,linear_predictivity,5919,104,0.03298552426615679,"[0.03551348332206737, 0.02788311308469345, 0.026433505616811792, 0.038766110027185025, 0.036331409280026324]",,,,,
v_jepa/vjepa2_vit_giant_384,blocks.0,PH,train,sub-10,linear_predictivity,5919,261,0.007424933677496534,,"[31622.776601683796, 100000.0, 31622.776601683796, 31622.776601683796, 100000.0]",0.17647092135047387,1.1001288787472148,0.8234908918747234,0.9893133534284401
v_jepa/vjepa2_vit_giant_384,blocks.0,PH,test,sub-10,linear_predictivity,5919,261,0.004263765287806578,"[-0.0008562201738425714, 0.016052528953977175, -0.00357111923173686, -0.0033399243125708405, 0.01303356120320599]",,,,,
v_jepa/vjepa2_vit_giant_384,blocks.2,V1,train,sub-10,linear_predictivity,5919,553,0.09363226556103746,,"[10000.0, 10000.0, 10000.0, 10000.0, 10000.0]",0.5204340547559407,1.0118423328203545,0.47941942791051007,0.9023076123367553
v_jepa/vjepa2_vit_giant_384,blocks.2,V1,test,sub-10,linear_predictivity,5919,553,0.08455761784751355,"[0.08490841850833047, 0.08805995718459869, 0.08271042150360478, 0.08256706331404638, 0.08454222872698738]",,,,,
v_jepa/vjepa2_vit_giant_384,blocks.2,V2,train,sub-10,linear_predictivity,5919,516,0.05069946087332337,,"[10000.0, 10000.0, 10000.0, 10000.0, 31622.776601683796]",0.4510411096994405,1.0444102493974001,0.5483246065848388,0.9453121154440411
v_jepa/vjepa2_vit_giant_384,blocks.2,V2,test,sub-10,linear_predictivity,5919,516,0.038889733072486485,"[0.033578758666312804, 0.03733596287077922, 0.04840266344400777, 0.02896985717822329, 0.04616142320310934]",,,,,
v_jepa/vjepa2_vit_giant_384,blocks.2,V3,train,sub-10,linear_predictivity,5919,400,0.05614562171339435,,"[10000.0, 10000.0, 10000.0, 10000.0, 10000.0]",0.49664742487527985,1.0392567260992795,0.5032260784829673,0.9401715746380763
v_jepa/vjepa2_vit_giant_384,blocks.2,V3,test,sub-10,linear_predictivity,5919,400,0.058669377216524966,"[0.04962579240862255, 0.0665879245280026, 0.06183962657424977, 0.0617041054804547, 0.05358943709129523]",,,,,
v_jepa/vjepa2_vit_giant_384,blocks.2,V4,train,sub-10,linear_predictivity,5919,574,0.026787989226988634,,"[31622.776601683796, 31622.776601683796, 31622.776601683796, 31622.776601683796, 31622.776601683796]",0.24674586629777012,1.063682272916397,0.7530935848310495,0.9700121073538943
v_jepa/vjepa2_vit_giant_384,blocks.2,V4,test,sub-10,linear_predictivity,5919,574,0.012672911199214456,"[0.012842602399542586, 0.01789850291888662, 0.013902152024793458, 0.010112644884577847, 0.008608653768271772]",,,,,
v_jepa/vjepa2_vit_giant_384,blocks.2,V3A,train,sub-10,linear_predictivity,5919,85,0.002593068321943399,,"[100000.0, 31622.776601683796, 100000.0, 31622.776601683796, 100000.0]",0.14984555027058413,1.0923377159214027,0.8499250512224876,0.9942377345833284
v_jepa/vjepa2_vit_giant_384,blocks.2,V3A,test,sub-10,linear_predictivity,5919,85,0.009453385730897696,"[0.009050657518161668, 0.027503026781417767, 0.0019777633297261336, 0.00289726192358865, 0.0058382191015942655]",,,,,
v_jepa/vjepa2_vit_giant_384,blocks.2,V3B,train,sub-10,linear_predictivity,5919,99,0.003766687648763075,,"[100000.0, 31622.776601683796, 31622.776601683796, 31622.776601683796, 100000.0]",0.1791828761745366,1.096621768193272,0.8211178043447902,0.9933877628623469
v_jepa/vjepa2_vit_giant_384,blocks.2,V3B,test,sub-10,linear_predictivity,5919,99,-0.009289202087179817,"[-0.0008776656892224962, -0.003862780224717123, -0.0072886394034250195, -0.030148136544122673, -0.004268788574411769]",,,,,
v_jepa/vjepa2_vit_giant_384,blocks.2,V6,train,sub-10,linear_predictivity,5919,11,0.01673391999605457,,"[31622.776601683796, 31622.776601683796, 31622.776601683796, 31622.776601683796, 31622.776601683796]",0.24088823946628607,1.0700838178430654,0.7589196697977794,0.979751943143871
v_jepa/vjepa2_vit_giant_384,blocks.2,V6,test,sub-10,linear_predictivity,5919,11,0.05876658918221291,"[0.06885788325314914, 0.06172835836687232, 0.05275562357837797, 0.06355022640072107, 0.046940854311944065]",,,,,
v_jepa/vjepa2_vit_giant_384,blocks.2,V6A,train,sub-10,linear_predictivity,5919,45,-0.0025260095733989534,,"[100000.0, 100000.0, 316227.7660168379, 100000.0, 316227.7660168379]",0.07017119157852234,1.1017470576700863,0.9292219183414012,0.9992903725773102
v_jepa/vjepa2_vit_giant_384,blocks.2,V6A,test,sub-10,linear_predictivity,5919,45,-0.012234885161971892,"[-0.01710362673357204, -0.009014981315944361, -0.006445997762943251, -0.024014997129934004, -0.004594822867465797]",,,,,
v_jepa/vjepa2_vit_giant_384,blocks.2,V7,train,sub-10,linear_predictivity,5919,61,-0.0013932425713750038,,"[100000.0, 100000.0, 100000.0, 100000.0, 316227.7660168379]",0.08222005491809972,1.1034324209507247,0.9176012866094811,0.9986254709881738
v_jepa/vjepa2_vit_giant_384,blocks.2,V7,test,sub-10,linear_predictivity,5919,61,-0.03230179912781562,"[-0.037625115791266844, -0.02486588386778652, -0.03556035223287278, -0.046742011116810554, -0.016715632630341367]",,,,,
v_jepa/vjepa2_vit_giant_384,blocks.2,V8,train,sub-10,linear_predictivity,5919,96,0.01212022414276913,,"[31622.776601683796, 31622.776601683796, 31622.776601683796, 10000.0, 31622.776601683796]",0.2868985238519984,1.0691300242364297,0.7126431422233759,0.9838793889284574
v_jepa/vjepa2_vit_giant_384,blocks.2,V8,test,sub-10,linear_predictivity,5919,96,-0.01145758910716377,"[-0.004675166159743598, 0.004970096886955113, 0.0014279609548358656, -0.04098965237622725, -0.018021184841638976]",,,,,
v_jepa/vjepa2_vit_giant_384,blocks.2,FFC,train,sub-10,linear_predictivity,5919,244,0.01950723700712322,,"[31622.776601683796, 31622.776601683796, 31622.776601683796, 31622.776601683796, 31622.776601683796]",0.24115541636400267,1.0794037910021117,0.7587143989740215,0.9777175052392184
v_jepa/vjepa2_vit_giant_384,blocks.2,FFC,test,sub-10,linear_predictivity,5919,244,0.02697341883121778,"[0.032137761159218896, 0.028240810527576463, 0.02506974418630722, 0.02591669299312272, 0.023502085289863618]",,,,,
v_jepa/vjepa2_vit_giant_384,blocks.2,PIT,train,sub-10,linear_predictivity,5919,100,0.023587123604483732,,"[31622.776601683796, 31622.776601683796, 31622.776601683796, 31622.776601683796, 31622.776601683796]",0.24186349803597224,1.0709753114331302,0.7579820689251394,0.97326953903908
v_jepa/vjepa2_vit_giant_384,blocks.2,PIT,test,sub-10,linear_predictivity,5919,100,0.02585306881268378,"[0.027703072612922063, 0.026330331806616116, 0.019009108799432566, 0.030178567184573363, 0.02604426365987483]",,,,,
v_jepa/vjepa2_vit_giant_384,blocks.2,IPS1,train,sub-10,linear_predictivity,5919,166,-0.0024196929684950495,,"[316227.7660168379, 100000.0, 100000.0, 100000.0, 100000.0]",0.08427833821168718,1.1091391717260088,0.9155481157174664,0.9984987969403039
v_jepa/vjepa2_vit_giant_384,blocks.2,IPS1,test,sub-10,linear_predictivity,5919,166,0.0018460637806770159,"[0.0019101384950930298, 0.0022843638817153776, 0.0036523831876505417, -0.0024183072566641814, 0.003801740595590311]",,,,,
v_jepa/vjepa2_vit_giant_384,blocks.2,MST,train,sub-10,linear_predictivity,5919,135,0.026728505257254377,,"[31622.776601683796, 31622.776601683796, 31622.776601683796, 31622.776601683796, 31622.776601683796]",0.24784552194260434,1.0619434991183059,0.752000461693293,0.9703763514867256
v_jepa/vjepa2_vit_giant_384,blocks.2,MST,test,sub-10,linear_predictivity,5919,135,0.030246004882747823,"[0.03289753111568945, 0.03604392383119362, 0.019098224222731993, 0.022010442241064833, 0.041179903003059196]",,,,,
v_jepa/vjepa2_vit_giant_384,blocks.2,MT,train,sub-10,linear_predictivity,5919,86,0.016559590668584936,,"[31622.776601683796, 31622.776601683796, 31622.776601683796, 31622.776601683796, 31622.776601683796]",0.2427322960149007,1.074056752499488,0.7571256118275864,0.9807364300727384
v_jepa/vjepa2_vit_giant_384,blocks.2,MT,test,sub-10,linear_predictivity,5919,86,0.01291077665736145,"[0.02256788398551612, 0.009739883522610342, 0.010107793982587772, 0.006646786714382513, 0.01549153508171051]",,,,,
v_jepa/vjepa2_vit_giant_384,blocks.2,FST,train,sub-10,linear_predictivity,5919,167,0.008685864165646482,,"[31622.776601683796, 31622.776601683796, 31622.776601683796, 31622.776601683796, 31622.776601683796]",0.23490710821895333,1.0952091370701784,0.7648969027453235,0.9873331108376796
v_jepa/vjepa2_vit_giant_384,blocks.2,FST,test,sub-10,linear_predictivity,5919,167,-0.017628963065435255,"[-0.020781777310998176, -0.011850358766746652, -0.0222857126824076, -0.022611770906477233, -0.010615195660546611]",,,,,
v_jepa/vjepa2_vit_giant_384,blocks.2,LO1,train,sub-10,linear_predictivity,5919,78,0.02030939256955611,,"[31622.776601683796, 31622.776601683796, 31622.776601683796, 31622.776601683796, 31622.776601683796]",0.24026926468816628,1.0776097837949923,0.7595847820002937,0.9768665091783536
v_jepa/vjepa2_vit_giant_384,blocks.2,LO1,test,sub-10,linear_predictivity,5919,78,0.037913688411593274,"[0.038012572532134054, 0.04177457824868906, 0.034236881451501874, 0.027153378880690957, 0.048391030944950425]",,,,,
v_jepa/vjepa2_vit_giant_384,blocks.2,LO2,train,sub-10,linear_predictivity,5919,80,0.029392061968069687,,"[31622.776601683796, 31622.776601683796, 31622.776601683796, 31622.776601683796, 31622.776601683796]",0.24383478749538456,1.082251777966766,0.7560349432160693,0.9680936972723042
v_jepa/vjepa2_vit_giant_384,blocks.2,LO2,test,sub-10,linear_predictivity,5919,80,0.03391778309672553,"[0.040371670564093284, 0.03647811231652604, 0.025156242831350605, 0.03452825069148803, 0.03305463908016967]",,,,,
v_jepa/vjepa2_vit_giant_384,blocks.2,LO3,train,sub-10,linear_predictivity,5919,113,0.015600328598458977,,"[31622.776601683796, 31622.776601683796, 31622.776601683796, 31622.776601683796, 31622.776601683796]",0.24183175690302988,1.069748055827842,0.7579672305338562,0.9807178905741459
v_jepa/vjepa2_vit_giant_384,blocks.2,LO3,test,sub-10,linear_predictivity,5919,113,0.0001778550436697328,"[0.000430031342650597, -0.006336176922193534, 0.0065891270047093815, -0.019995758788147328, 0.02020205258132955]",,,,,
v_jepa/vjepa2_vit_giant_384,blocks.2,V7,train,sub-10,linear_predictivity,5919,61,-0.0013932425713750038,,"[100000.0, 100000.0, 100000.0, 100000.0, 316227.7660168379]",0.08222005491809972,1.1034324209507247,0.9176012866094811,0.9986254709881738
v_jepa/vjepa2_vit_giant_384,blocks.2,V7,test,sub-10,linear_predictivity,5919,61,-0.03230179912781562,"[-0.037625115791266844, -0.02486588386778652, -0.03556035223287278, -0.046742011116810554, -0.016715632630341367]",,,,,
v_jepa/vjepa2_vit_giant_384,blocks.2,IP0,train,sub-10,linear_predictivity,5919,103,0.002755324606872307,,"[100000.0, 100000.0, 100000.0, 100000.0, 100000.0]",0.09787122482676211,1.0984810252093573,0.901946865211964,0.9935698987525645
v_jepa/vjepa2_vit_giant_384,blocks.2,IP0,test,sub-10,linear_predictivity,5919,103,0.0014423926119682242,"[0.006238564938277816, 0.0015460359204654348, 0.0015010332409885437, -0.0014234117881513195, -0.0006502592517393541]",,,,,
v_jepa/vjepa2_vit_giant_384,blocks.2,IP1,train,sub-10,linear_predictivity,5919,33,-0.003157677205318955,,"[316227.7660168379, 316227.7660168379, 316227.7660168379, 1000000.0, 316227.7660168379]",0.030009867546793238,1.1104610466139768,0.9697321889886374,1.0002811832162268
v_jepa/vjepa2_vit_giant_384,blocks.2,IP1,test,sub-10,linear_predictivity,5919,33,-0.0011961576617570528,"[-0.0027691648941947206, -0.001919056730862446, -0.0015338127714294822, -0.002107344237514554, 0.002348590325215939]",,,,,
v_jepa/vjepa2_vit_giant_384,blocks.2,MIP,train,sub-10,linear_predictivity,5919,178,-0.005946718319938234,,"[316227.7660168379, 316227.7660168379, 100000.0, 316227.7660168379, 100000.0]",0.05852365056912225,1.1131632507281437,0.9411821046570349,1.0004256776982126
v_jepa/vjepa2_vit_giant_384,blocks.2,MIP,test,sub-10,linear_predictivity,5919,178,0.010396578326005565,"[0.009238002499862114, 0.007515605287320676, 0.016275721913696563, 0.00977301579195425, 0.009180546137194228]",,,,,
v_jepa/vjepa2_vit_giant_384,blocks.2,VIP,train,sub-10,linear_predictivity,5919,100,0.0022500130014132943,,"[316227.7660168379, 100000.0, 100000.0, 100000.0, 100000.0]",0.08528626600412358,1.0999679317870268,0.9148184743013121,0.994729815198648
v_jepa/vjepa2_vit_giant_384,blocks.2,VIP,test,sub-10,linear_predictivity,5919,100,0.00028943896419810037,"[0.005867540315733801, -0.0003730697289579832, 0.0026821476095448393, -0.00954402581692462, 0.0028146024415944635]",,,,,
v_jepa/vjepa2_vit_giant_384,blocks.2,LIPd,train,sub-10,linear_predictivity,5919,31,-0.00376340173737189,,"[316227.7660168379, 316227.7660168379, 316227.7660168379, 316227.7660168379, 316227.7660168379]",0.033782089154047526,1.126610124520581,0.9660324753681824,1.000684911941939
v_jepa/vjepa2_vit_giant_384,blocks.2,LIPd,test,sub-10,linear_predictivity,5919,31,0.003516883212713954,"[0.007357020926338942, 0.0028856735483235936, 0.005129699340522177, -6.225561333636766e-05, 0.0022742778617214254]",,,,,
v_jepa/vjepa2_vit_giant_384,blocks.2,LIPv,train,sub-10,linear_predictivity,5919,75,-0.003581999650166668,,"[316227.7660168379, 100000.0, 100000.0, 100000.0, 316227.7660168379]",0.07014115532028334,1.1108332240559162,0.9297143416980193,1.0004315683706422
v_jepa/vjepa2_vit_giant_384,blocks.2,LIPv,test,sub-10,linear_predictivity,5919,75,-0.0018849557188533289,"[0.002216457912380738, 0.0003143800531048457, -0.0028045001598040686, -0.008898614974791875, -0.00025250142515628407]",,,,,
v_jepa/vjepa2_vit_giant_384,blocks.2,AIP,train,sub-10,linear_predictivity,5919,409,-0.007685051439863102,,"[1000000.0, 316227.7660168379, 316227.7660168379, 316227.7660168379, 316227.7660168379]",0.029306582291924482,1.1162304272722605,0.970360141432228,1.0021345328072193
v_jepa/vjepa2_vit_giant_384,blocks.2,AIP,test,sub-10,linear_predictivity,5919,409,-0.004268937590166404,"[-0.0025743387218843676, -0.004378868872965461, -0.0029908397053929375, -0.005630476986598781, -0.005770163663990473]",,,,,
v_jepa/vjepa2_vit_giant_384,blocks.2,7Pm,train,sub-10,linear_predictivity,5919,21,-0.0027581238531393317,,"[316227.7660168379, 1000000.0, 316227.7660168379, 316227.7660168379, 316227.7660168379]",0.030650745331127393,1.1156982129049111,0.9691915824548539,0.9997105450584407
v_jepa/vjepa2_vit_giant_384,blocks.2,7Pm,test,sub-10,linear_predictivity,5919,21,-0.0029154808434123996,"[-0.0009322143973494153, -0.005458883376541979, -0.004008376700707099, -0.0028751359907117266, -0.001302793751751775]",,,,,
v_jepa/vjepa2_vit_giant_384,blocks.2,7PL,train,sub-10,linear_predictivity,5919,106,0.004379465170979319,,"[100000.0, 100000.0, 100000.0, 100000.0, 100000.0]",0.09681725185194237,1.1170480322918448,0.9030395977639083,0.9928850910972994
v_jepa/vjepa2_vit_giant_384,blocks.2,7PL,test,sub-10,linear_predictivity,5919,106,0.016142440845783992,"[0.012504491320497184, 0.015433735905207692, 0.01595475046268332, 0.019965613244355692, 0.016853613296176077]",,,,,
v_jepa/vjepa2_vit_giant_384,blocks.2,7PC,train,sub-10,linear_predictivity,5919,224,-0.007669262335914836,,"[1000000.0, 316227.7660168379, 316227.7660168379, 316227.7660168379, 316227.7660168379]",0.02929626984846882,1.122593230995413,0.9703703930577419,1.0020141670524094
v_jepa/vjepa2_vit_giant_384,blocks.2,7PC,test,sub-10,linear_predictivity,5919,224,-0.008322097043810964,"[-0.004941432350764318, -0.005377723940602154, -0.008993284949256433, -0.01426151643136445, -0.008036527547067462]",,,,,
v_jepa/vjepa2_vit_giant_384,blocks.2,7Am,train,sub-10,linear_predictivity,5919,186,-0.0030844428554738204,,"[316227.7660168379, 100000.0, 100000.0, 100000.0, 100000.0]",0.08288707318104666,1.1120751629207706,0.9171780010398958,0.9981535397118309
v_jepa/vjepa2_vit_giant_384,blocks.2,7Am,test,sub-10,linear_predictivity,5919,186,0.000771404525950005,"[-0.0003120096253767631, 0.009556176937950727, -0.007053638997026326, -0.00278242909247554, 0.004448923406677927]",,,,,
v_jepa/vjepa2_vit_giant_384,blocks.2,7AL,train,sub-10,linear_predictivity,5919,158,-0.0068817574041453436,,"[1000000.0, 316227.7660168379, 316227.7660168379, 316227.7660168379, 316227.7660168379]",0.030057776674386933,1.126328588419225,0.9696730633161612,1.0012235638446725
v_jepa/vjepa2_vit_giant_384,blocks.2,7AL,test,sub-10,linear_predictivity,5919,158,-0.0028793189491565204,"[-0.0033865469695452213, 0.002322907218341729, -0.005917001980160639, -0.005522406863697571, -0.001893546150720899]",,,,,
v_jepa/vjepa2_vit_giant_384,blocks.2,VVC,train,sub-10,linear_predictivity,5919,196,0.0030009367904463274,,"[100000.0, 100000.0, 31622.776601683796, 31622.776601683796, 100000.0]",0.1513176017650339,1.08872881602916,0.8485845480700634,0.9928655367252628
v_jepa/vjepa2_vit_giant_384,blocks.2,VVC,test,sub-10,linear_predictivity,5919,196,0.009296132515232331,"[0.01322739129956652, 0.014663888109519982, 0.004305280460680889, 0.00549289407456077, 0.00879120863183349]",,,,,
v_jepa/vjepa2_vit_giant_384,blocks.2,VMV2,train,sub-10,linear_predictivity,5919,94,0.01808513079092945,,"[31622.776601683796, 31622.776601683796, 31622.776601683796, 31622.776601683796, 31622.776601683796]",0.2397631165612834,1.065748518139582,0.7600285501562543,0.9775464971776261
v_jepa/vjepa2_vit_giant_384,blocks.2,VMV2,test,sub-10,linear_predictivity,5919,94,0.0382295327664749,"[0.04411053918505525, 0.0362600477260338, 0.029271710937400112, 0.039809373383730334, 0.04169599260015499]",,,,,
v_jepa/vjepa2_vit_giant_384,blocks.2,VMV3,train,sub-10,linear_predictivity,5919,98,0.0062793021991609955,,"[31622.776601683796, 31622.776601683796, 31622.776601683796, 31622.776601683796, 31622.776601683796]",0.23250916506766955,1.0753692544378146,0.7672854524946814,0.9892487723453502
v_jepa/vjepa2_vit_giant_384,blocks.2,VMV3,test,sub-10,linear_predictivity,5919,98,-0.036417350089992084,"[-0.025848648591860486, -0.03298129366636492, -0.03671543797960687, -0.05394519273480781, -0.03259617747732033]",,,,,
v_jepa/vjepa2_vit_giant_384,blocks.2,VMV1,train,sub-10,linear_predictivity,5919,42,0.00638916718407218,,"[31622.776601683796, 31622.776601683796, 31622.776601683796, 31622.776601683796, 31622.776601683796]",0.23691787097528305,1.0861797775820798,0.7628019665074355,0.9876035675905909
v_jepa/vjepa2_vit_giant_384,blocks.2,VMV1,test,sub-10,linear_predictivity,5919,42,0.018641312738796705,"[0.016418257289529902, 0.029428345672896924, 0.019393915426022833, 0.009070400579698032, 0.018895644725835842]",,,,,
v_jepa/vjepa2_vit_giant_384,blocks.2,PHA2,train,sub-10,linear_predictivity,5919,21,0.00024797191580618603,,"[100000.0, 31622.776601683796, 100000.0, 100000.0, 100000.0]",0.12643436820414117,1.0966472884311034,0.8732504727296693,0.9935783523146526
v_jepa/vjepa2_vit_giant_384,blocks.2,PHA2,test,sub-10,linear_predictivity,5919,21,0.025703603193947683,"[0.02404550824355171, 0.02230783760311888, 0.019645049901298957, 0.03469399847013795, 0.027825621751630926]",,,,,
v_jepa/vjepa2_vit_giant_384,blocks.2,PHA3,train,sub-10,linear_predictivity,5919,104,0.007599606130742082,,"[100000.0, 31622.776601683796, 100000.0, 31622.776601683796, 100000.0]",0.15536456354606637,1.0843654143813635,0.8445617819162312,0.9879847508932066
v_jepa/vjepa2_vit_giant_384,blocks.2,PHA3,test,sub-10,linear_predictivity,5919,104,0.03899376475897289,"[0.04223171104834008, 0.032301756221388325, 0.031933952747041056, 0.04650841538601891, 0.04199298839207611]",,,,,
v_jepa/vjepa2_vit_giant_384,blocks.2,PH,train,sub-10,linear_predictivity,5919,261,0.011306912269098522,,"[31622.776601683796, 31622.776601683796, 31622.776601683796, 31622.776601683796, 100000.0]",0.2094489026113589,1.0874842790637995,0.7904267001579021,0.9854344168887342
v_jepa/vjepa2_vit_giant_384,blocks.2,PH,test,sub-10,linear_predictivity,5919,261,0.00495439282094731,"[0.0025307875185781037, 0.007391218217812566, -0.0004370978853117411, -0.00021266703841235518, 0.01549972329206998]",,,,,
v_jepa/vjepa2_vit_giant_384,blocks.5,V1,train,sub-10,linear_predictivity,5919,553,0.1602790009522046,,"[10000.0, 10000.0, 10000.0, 10000.0, 10000.0]",0.579719963224165,0.9643824864437004,0.420145756610823,0.835580886270705
v_jepa/vjepa2_vit_giant_384,blocks.5,V1,test,sub-10,linear_predictivity,5919,553,0.20906708257579187,"[0.2032578583847267, 0.21523858067565085, 0.21021773041910014, 0.2058144838132313, 0.21080675958625036]",,,,,
v_jepa/vjepa2_vit_giant_384,blocks.5,V2,train,sub-10,linear_predictivity,5919,516,0.11564575227392267,,"[10000.0, 10000.0, 10000.0, 10000.0, 10000.0]",0.5562929599966202,0.9972078349573659,0.4435656351982479,0.8799650450933345
v_jepa/vjepa2_vit_giant_384,blocks.5,V2,test,sub-10,linear_predictivity,5919,516,0.14775028185272915,"[0.14123980145271964, 0.14950113513718766, 0.15487095838111042, 0.13970968325604374, 0.1534298310365843]",,,,,
v_jepa/vjepa2_vit_giant_384,blocks.5,V3,train,sub-10,linear_predictivity,5919,400,0.12384366002071,,"[10000.0, 10000.0, 10000.0, 10000.0, 10000.0]",0.5597004650378039,0.9870701429433577,0.4401749298402803,0.8722606605095875
v_jepa/vjepa2_vit_giant_384,blocks.5,V3,test,sub-10,linear_predictivity,5919,400,0.17549340541194458,"[0.16498956921163224, 0.1819825349685398, 0.17143168288608343, 0.1819508139597371, 0.1771124260337303]",,,,,
v_jepa/vjepa2_vit_giant_384,blocks.5,V4,train,sub-10,linear_predictivity,5919,574,0.06829778368590303,,"[10000.0, 10000.0, 10000.0, 10000.0, 31622.776601683796]",0.48566426160351883,1.0220425809735143,0.514344599332196,0.928034243714477
v_jepa/vjepa2_vit_giant_384,blocks.5,V4,test,sub-10,linear_predictivity,5919,574,0.08311153211243558,"[0.08346655354873538, 0.08623408419881802, 0.0729689690160575, 0.0829875867835021, 0.0899004670150649]",,,,,
v_jepa/vjepa2_vit_giant_384,blocks.5,V3A,train,sub-10,linear_predictivity,5919,85,0.050291915870615274,,"[31622.776601683796, 31622.776601683796, 31622.776601683796, 31622.776601683796, 31622.776601683796]",0.27913338524709486,1.0448747306214226,0.7206977860616516,0.946424157534939
v_jepa/vjepa2_vit_giant_384,blocks.5,V3A,test,sub-10,linear_predictivity,5919,85,0.0983717201954093,"[0.09369610708853787, 0.1138664474856942, 0.09181327245182212, 0.09645092965422064, 0.09603184429677163]",,,,,
v_jepa/vjepa2_vit_giant_384,blocks.5,V3B,train,sub-10,linear_predictivity,5919,99,0.02732400581141628,,"[31622.776601683796, 31622.776601683796, 31622.776601683796, 31622.776601683796, 31622.776601683796]",0.26315307078161065,1.0644832393266968,0.7367474240368326,0.9701754636464504
v_jepa/vjepa2_vit_giant_384,blocks.5,V3B,test,sub-10,linear_predictivity,5919,99,0.022774144799590088,"[0.027755565158794952, 0.02604985180938498, 0.028023972603138245, 0.0029284650942744436, 0.029112869332357818]",,,,,
v_jepa/vjepa2_vit_giant_384,blocks.5,V6,train,sub-10,linear_predictivity,5919,11,0.09590362008742123,,"[10000.0, 10000.0, 10000.0, 10000.0, 10000.0]",0.5432808144440731,1.0141697439222586,0.45656001366682747,0.9000210869101304
v_jepa/vjepa2_vit_giant_384,blocks.5,V6,test,sub-10,linear_predictivity,5919,11,0.20953457946492623,"[0.22129315668280575, 0.20773698003209776, 0.20462672097500292, 0.21019572408043297, 0.2038203155542918]",,,,,
v_jepa/vjepa2_vit_giant_384,blocks.5,V6A,train,sub-10,linear_predictivity,5919,45,0.00527895775828842,,"[31622.776601683796, 31622.776601683796, 100000.0, 31622.776601683796, 100000.0]",0.19150198795203235,1.0754845176208445,0.8072524489122088,0.9911523634799806
v_jepa/vjepa2_vit_giant_384,blocks.5,V6A,test,sub-10,linear_predictivity,5919,45,0.004304921556360681,"[-0.0046479342687869305, 0.008841585561345832, 0.00991429704970792, -0.005658093711725264, 0.01307475315126185]",,,,,
v_jepa/vjepa2_vit_giant_384,blocks.5,V7,train,sub-10,linear_predictivity,5919,61,0.004961780479360485,,"[31622.776601683796, 31622.776601683796, 31622.776601683796, 31622.776601683796, 100000.0]",0.21902945651716496,1.0752446651665746,0.7807385789982586,0.9919294838916197
v_jepa/vjepa2_vit_giant_384,blocks.5,V7,test,sub-10,linear_predictivity,5919,61,-0.0462667343258613,"[-0.05581174802412867, -0.042789469736924934, -0.049467018910487756, -0.06897164903001018, -0.014293785927754984]",,,,,
v_jepa/vjepa2_vit_giant_384,blocks.5,V8,train,sub-10,linear_predictivity,5919,96,0.041083821602109175,,"[31622.776601683796, 10000.0, 31622.776601683796, 10000.0, 31622.776601683796]",0.3756843521820367,1.0381443033893376,0.6239715532279011,0.9548559129689517
v_jepa/vjepa2_vit_giant_384,blocks.5,V8,test,sub-10,linear_predictivity,5919,96,0.06772204181986828,"[0.0706450724414599, 0.08168955746810465, 0.08097036002264044, 0.04844354838594301, 0.0568616707811934]",,,,,
v_jepa/vjepa2_vit_giant_384,blocks.5,FFC,train,sub-10,linear_predictivity,5919,244,0.0315674945865479,,"[31622.776601683796, 31622.776601683796, 31622.776601683796, 31622.776601683796, 31622.776601683796]",0.26548435503147727,1.0565311993147715,0.7343845768757292,0.9657095878166964
v_jepa/vjepa2_vit_giant_384,blocks.5,FFC,test,sub-10,linear_predictivity,5919,244,0.04830204864619801,"[0.050245744993636016, 0.05032224575310895, 0.04670167572915691, 0.04919841959402736, 0.04504215716106077]",,,,,
v_jepa/vjepa2_vit_giant_384,blocks.5,PIT,train,sub-10,linear_predictivity,5919,100,0.03719656781836907,,"[10000.0, 31622.776601683796, 31622.776601683796, 31622.776601683796, 31622.776601683796]",0.3194320766768814,1.0444878716883397,0.6798180217551123,0.9594951392657585
v_jepa/vjepa2_vit_giant_384,blocks.5,PIT,test,sub-10,linear_predictivity,5919,100,0.051594295397363855,"[0.04210703945604922, 0.05226306630512499, 0.04525357987143799, 0.06053409534087668, 0.05781369601333038]",,,,,
v_jepa/vjepa2_vit_giant_384,blocks.5,IPS1,train,sub-10,linear_predictivity,5919,166,2.4340179689566172e-05,,"[100000.0, 100000.0, 100000.0, 100000.0, 100000.0]",0.10188662863216151,1.0987879207856808,0.8978983479838794,0.9959527364055759
v_jepa/vjepa2_vit_giant_384,blocks.5,IPS1,test,sub-10,linear_predictivity,5919,166,0.0016970507370148893,"[-0.0029468837940351523, 0.0005035707391457808, 0.005547948670216646, 0.0015965599219875505, 0.003784058147759623]",,,,,
v_jepa/vjepa2_vit_giant_384,blocks.5,MST,train,sub-10,linear_predictivity,5919,135,0.09725072609634591,,"[10000.0, 10000.0, 10000.0, 10000.0, 10000.0]",0.5462629596206658,1.0093407065081825,0.4535983242809893,0.8988042909387046
v_jepa/vjepa2_vit_giant_384,blocks.5,MST,test,sub-10,linear_predictivity,5919,135,0.1334840086408895,"[0.12291724489610861, 0.13700937955189804, 0.11953051741158789, 0.13629922879514225, 0.15166367254971064]",,,,,
v_jepa/vjepa2_vit_giant_384,blocks.5,MT,train,sub-10,linear_predictivity,5919,86,0.049828047353006805,,"[31622.776601683796, 10000.0, 31622.776601683796, 10000.0, 31622.776601683796]",0.3818626151338874,1.0365717979147266,0.6173624497158345,0.9470113174346085
v_jepa/vjepa2_vit_giant_384,blocks.5,MT,test,sub-10,linear_predictivity,5919,86,0.06667531961148845,"[0.07840398339565796, 0.05534487842223856, 0.0659277949062558, 0.060065458899767686, 0.07363448243352225]",,,,,
v_jepa/vjepa2_vit_giant_384,blocks.5,FST,train,sub-10,linear_predictivity,5919,167,0.015484013034736573,,"[31622.776601683796, 31622.776601683796, 31622.776601683796, 31622.776601683796, 31622.776601683796]",0.2557643859779053,1.0681128169043976,0.7440236056780483,0.9802886114365756
v_jepa/vjepa2_vit_giant_384,blocks.5,FST,test,sub-10,linear_predictivity,5919,167,0.010727313535609132,"[0.0069446200822441215, 0.008716678386514036, 0.0057476580567510215, 0.01318853036763966, 0.019039080784896828]",,,,,
v_jepa/vjepa2_vit_giant_384,blocks.5,LO1,train,sub-10,linear_predictivity,5919,78,0.04337987012236056,,"[10000.0, 10000.0, 31622.776601683796, 31622.776601683796, 31622.776601683796]",0.3735588588274247,1.036278154174403,0.6254632191469758,0.953108814368651
v_jepa/vjepa2_vit_giant_384,blocks.5,LO1,test,sub-10,linear_predictivity,5919,78,0.07305453480235238,"[0.0688541011815169, 0.06463187987819918, 0.06913513911216992, 0.07301679689768528, 0.08963475694219063]",,,,,
v_jepa/vjepa2_vit_giant_384,blocks.5,LO2,train,sub-10,linear_predictivity,5919,80,0.03995493546432571,,"[10000.0, 10000.0, 31622.776601683796, 31622.776601683796, 31622.776601683796]",0.3677342176032718,1.0492073620848188,0.6321230114613655,0.9573350183688488
v_jepa/vjepa2_vit_giant_384,blocks.5,LO2,test,sub-10,linear_predictivity,5919,80,0.054261373098609754,"[0.058221782152506577, 0.0441822194995638, 0.04503294639246924, 0.06137008611282324, 0.06249983133568595]",,,,,
v_jepa/vjepa2_vit_giant_384,blocks.5,LO3,train,sub-10,linear_predictivity,5919,113,0.032432975306913185,,"[31622.776601683796, 31622.776601683796, 31622.776601683796, 31622.776601683796, 31622.776601683796]",0.2695315872221125,1.0471660400791047,0.7302485252102078,0.9635784886831432
v_jepa/vjepa2_vit_giant_384,blocks.5,LO3,test,sub-10,linear_predictivity,5919,113,0.026119771417718828,"[0.02639028397013415, 0.01571802241468696, 0.027512512156867813, 0.014030780012782261, 0.04694725853412296]",,,,,
v_jepa/vjepa2_vit_giant_384,blocks.5,V7,train,sub-10,linear_predictivity,5919,61,0.004961780479360485,,"[31622.776601683796, 31622.776601683796, 31622.776601683796, 31622.776601683796, 100000.0]",0.21902945651716496,1.0752446651665746,0.7807385789982586,0.9919294838916197
v_jepa/vjepa2_vit_giant_384,blocks.5,V7,test,sub-10,linear_predictivity,5919,61,-0.0462667343258613,"[-0.05581174802412867, -0.042789469736924934, -0.049467018910487756, -0.06897164903001018, -0.014293785927754984]",,,,,
v_jepa/vjepa2_vit_giant_384,blocks.5,IP0,train,sub-10,linear_predictivity,5919,103,0.005364389798873496,,"[100000.0, 31622.776601683796, 100000.0, 31622.776601683796, 100000.0]",0.1648967155540227,1.0839377282559852,0.8354906662486871,0.9909692800137753
v_jepa/vjepa2_vit_giant_384,blocks.5,IP0,test,sub-10,linear_predictivity,5919,103,0.0030815566275911813,"[0.008185098717652295, -0.002485245494060196, 0.009518638109565337, -0.0026420242633741534, 0.0028313160681726238]",,,,,
v_jepa/vjepa2_vit_giant_384,blocks.5,IP1,train,sub-10,linear_predictivity,5919,33,-0.003684722639829576,,"[316227.7660168379, 316227.7660168379, 316227.7660168379, 1000000.0, 316227.7660168379]",0.031163556318555365,1.1054495927402326,0.9685645963690053,1.0007623531658076
v_jepa/vjepa2_vit_giant_384,blocks.5,IP1,test,sub-10,linear_predictivity,5919,33,-0.00018027579548959984,"[-0.0018139845141593894, -0.0014293342048435336, 0.0002393859745897433, -0.001575687291082541, 0.003678241058047721]",,,,,
v_jepa/vjepa2_vit_giant_384,blocks.5,MIP,train,sub-10,linear_predictivity,5919,178,-0.003070646070092123,,"[100000.0, 100000.0, 100000.0, 316227.7660168379, 100000.0]",0.08784214135555583,1.0934463118254159,0.9115354918467673,0.9975951278583979
v_jepa/vjepa2_vit_giant_384,blocks.5,MIP,test,sub-10,linear_predictivity,5919,178,0.010319043994336525,"[0.011039684833645596, 0.008522646381759015, 0.01596751168949178, 0.01079230702707844, 0.005273070039707791]",,,,,
v_jepa/vjepa2_vit_giant_384,blocks.5,VIP,train,sub-10,linear_predictivity,5919,100,0.008684840370324043,,"[100000.0, 100000.0, 100000.0, 100000.0, 100000.0]",0.10580108137207807,1.0840300938529737,0.8940356836100023,0.9883393291421813
v_jepa/vjepa2_vit_giant_384,blocks.5,VIP,test,sub-10,linear_predictivity,5919,100,0.002964785019185195,"[0.0040359516011896366, 0.003464207435215796, 0.007675005106384661, -0.003939012237926408, 0.003587773191062289]",,,,,
v_jepa/vjepa2_vit_giant_384,blocks.5,LIPd,train,sub-10,linear_predictivity,5919,31,-0.0035309768840442245,,"[316227.7660168379, 316227.7660168379, 316227.7660168379, 316227.7660168379, 316227.7660168379]",0.035087669488052566,1.121669959473555,0.9647284819946689,1.0004556894129664
v_jepa/vjepa2_vit_giant_384,blocks.5,LIPd,test,sub-10,linear_predictivity,5919,31,0.0026456805005030163,"[0.0037266586725716285, 0.0010814908911271474, 0.005119517424844339, -0.0001994855577599056, 0.0035002210717318717]",,,,,
v_jepa/vjepa2_vit_giant_384,blocks.5,LIPv,train,sub-10,linear_predictivity,5919,75,0.0022701770626281656,,"[100000.0, 100000.0, 100000.0, 100000.0, 100000.0]",0.1014805206694768,1.096880690563974,0.8983506910190184,0.9945136990016745
v_jepa/vjepa2_vit_giant_384,blocks.5,LIPv,test,sub-10,linear_predictivity,5919,75,-0.0016657523497490892,"[-3.8341274720624285e-05, 3.825173516521563e-05, 0.0026441696490739344, -0.007330337441435989, -0.0036425044168279836]",,,,,
v_jepa/vjepa2_vit_giant_384,blocks.5,AIP,train,sub-10,linear_predictivity,5919,409,-0.006190327133171676,,"[316227.7660168379, 316227.7660168379, 316227.7660168379, 316227.7660168379, 316227.7660168379]",0.03600908656177664,1.1086321466038935,0.9636793129494654,1.0006379744759095
v_jepa/vjepa2_vit_giant_384,blocks.5,AIP,test,sub-10,linear_predictivity,5919,409,-0.004096735739779668,"[-0.005124529757403873, -0.005082218857232983, -0.0025365769326820744, -0.0033871764529443283, -0.004353176698635079]",,,,,
v_jepa/vjepa2_vit_giant_384,blocks.5,7Pm,train,sub-10,linear_predictivity,5919,21,0.0009010891715147284,,"[100000.0, 100000.0, 100000.0, 100000.0, 316227.7660168379]",0.08854822448329049,1.1010433633307208,0.9111319817212367,0.9961154352153242
v_jepa/vjepa2_vit_giant_384,blocks.5,7Pm,test,sub-10,linear_predictivity,5919,21,0.013002655275110983,"[0.01502667307444965, 0.01525899571973395, 0.011860378642066254, 0.020209594202458908, 0.002657634736846157]",,,,,
v_jepa/vjepa2_vit_giant_384,blocks.5,7PL,train,sub-10,linear_predictivity,5919,106,0.007125003847834208,,"[100000.0, 31622.776601683796, 100000.0, 100000.0, 100000.0]",0.13546802118585435,1.0962085293938166,0.8640021580670293,0.9899994285043968
v_jepa/vjepa2_vit_giant_384,blocks.5,7PL,test,sub-10,linear_predictivity,5919,106,0.02315109141769165,"[0.02394275005405468, 0.01677599290775223, 0.02206527875722884, 0.031698021003599364, 0.02127341436582314]",,,,,
v_jepa/vjepa2_vit_giant_384,blocks.5,7PC,train,sub-10,linear_predictivity,5919,224,-0.006925936319797738,,"[316227.7660168379, 100000.0, 316227.7660168379, 316227.7660168379, 316227.7660168379]",0.04805370285503753,1.1037167453416483,0.9513947865027819,1.0011821156993301
v_jepa/vjepa2_vit_giant_384,blocks.5,7PC,test,sub-10,linear_predictivity,5919,224,-0.00521212578131578,"[-0.003865151504554736, -0.006373376330338505, -0.003942689975299404, -0.00910579841518042, -0.002773612681205837]",,,,,
v_jepa/vjepa2_vit_giant_384,blocks.5,7Am,train,sub-10,linear_predictivity,5919,186,0.0021322174239589184,,"[100000.0, 100000.0, 100000.0, 100000.0, 100000.0]",0.10424993033291877,1.0955014704162456,0.8954757216708329,0.9930361733779088
v_jepa/vjepa2_vit_giant_384,blocks.5,7Am,test,sub-10,linear_predictivity,5919,186,0.009266721377274658,"[0.008148461692132321, 0.018822514074523268, 0.00018315799049678803, 0.010847702475045894, 0.008331770654175025]",,,,,
v_jepa/vjepa2_vit_giant_384,blocks.5,7AL,train,sub-10,linear_predictivity,5919,158,-0.005940661876189475,,"[316227.7660168379, 316227.7660168379, 316227.7660168379, 316227.7660168379, 316227.7660168379]",0.036136896837789846,1.105911923965914,0.9635365301926997,1.0003228504916435
v_jepa/vjepa2_vit_giant_384,blocks.5,7AL,test,sub-10,linear_predictivity,5919,158,-0.0002911035222724481,"[-0.0026166985726978776, 0.004251391868928098, -0.0018755623460267993, -0.0012012059194531667, -1.3442642112494617e-05]",,,,,
v_jepa/vjepa2_vit_giant_384,blocks.5,VVC,train,sub-10,linear_predictivity,5919,196,0.007098294252427951,,"[31622.776601683796, 31622.776601683796, 31622.776601683796, 31622.776601683796, 100000.0]",0.22056049079921292,1.073275389336442,0.7790780112371076,0.9888024092107918
v_jepa/vjepa2_vit_giant_384,blocks.5,VVC,test,sub-10,linear_predictivity,5919,196,0.012859416926358091,"[0.012778838658798398, 0.012349533410294539, 0.0165404576825171, 0.012337870031976103, 0.010290384848204319]",,,,,
v_jepa/vjepa2_vit_giant_384,blocks.5,VMV2,train,sub-10,linear_predictivity,5919,94,0.04229196357832546,,"[31622.776601683796, 31622.776601683796, 31622.776601683796, 31622.776601683796, 31622.776601683796]",0.27353743789513313,1.0396153817479798,0.7262642172598672,0.9534704433729602
v_jepa/vjepa2_vit_giant_384,blocks.5,VMV2,test,sub-10,linear_predictivity,5919,94,0.07917156024967408,"[0.08604356499194132, 0.0711970370314072, 0.0750294367870141, 0.08189900544249087, 0.08168875699551685]",,,,,
v_jepa/vjepa2_vit_giant_384,blocks.5,VMV3,train,sub-10,linear_predictivity,5919,98,0.02075954258063805,,"[31622.776601683796, 31622.776601683796, 31622.776601683796, 31622.776601683796, 31622.776601683796]",0.25840441490679406,1.054759984836457,0.7414030236634742,0.9750168618121184
v_jepa/vjepa2_vit_giant_384,blocks.5,VMV3,test,sub-10,linear_predictivity,5919,98,-0.017752199666293756,"[-0.005774714411547448, -0.019952392719543608, -0.013405504026223734, -0.03719280663727089, -0.012435580536883088]",,,,,
v_jepa/vjepa2_vit_giant_384,blocks.5,VMV1,train,sub-10,linear_predictivity,5919,42,0.022857116058651258,,"[31622.776601683796, 31622.776601683796, 31622.776601683796, 31622.776601683796, 31622.776601683796]",0.2623109452897226,1.0629903738388549,0.7374011351129808,0.9710896007293968
v_jepa/vjepa2_vit_giant_384,blocks.5,VMV1,test,sub-10,linear_predictivity,5919,42,0.056096853462174655,"[0.0526452444369777, 0.06539774749791621, 0.05510731717575971, 0.04896084894480007, 0.05837310925541959]",,,,,
v_jepa/vjepa2_vit_giant_384,blocks.5,PHA2,train,sub-10,linear_predictivity,5919,21,0.010337233861339225,,"[31622.776601683796, 31622.776601683796, 31622.776601683796, 31622.776601683796, 31622.776601683796]",0.25285078130679883,1.0777545467582639,0.7468602598883283,0.9836414714333802
v_jepa/vjepa2_vit_giant_384,blocks.5,PHA2,test,sub-10,linear_predictivity,5919,21,0.04538733707484305,"[0.044224360561502314, 0.041494574556959665, 0.0362992673394977, 0.05984904071238304, 0.04506944220387253]",,,,,
v_jepa/vjepa2_vit_giant_384,blocks.5,PHA3,train,sub-10,linear_predictivity,5919,104,0.017896294315711384,,"[31622.776601683796, 31622.776601683796, 31622.776601683796, 31622.776601683796, 31622.776601683796]",0.25607894692368005,1.070363886900847,0.7437099220962121,0.9778095937968947
v_jepa/vjepa2_vit_giant_384,blocks.5,PHA3,test,sub-10,linear_predictivity,5919,104,0.05778509408215058,"[0.0671391448800646, 0.048041034966997916, 0.049355546595556646, 0.06620741074875515, 0.05818233321937861]",,,,,
v_jepa/vjepa2_vit_giant_384,blocks.5,PH,train,sub-10,linear_predictivity,5919,261,0.01935433471257744,,"[31622.776601683796, 31622.776601683796, 31622.776601683796, 31622.776601683796, 31622.776601683796]",0.2561226068494608,1.0684485310730147,0.7437137443898469,0.9773094794117139
v_jepa/vjepa2_vit_giant_384,blocks.5,PH,test,sub-10,linear_predictivity,5919,261,0.01738927686306324,"[0.013021710267231786, 0.017762010505135897, 0.017266393674262814, 0.0166146843453151, 0.022281585523370596]",,,,,
v_jepa/vjepa2_vit_giant_384,blocks.8,V1,train,sub-10,linear_predictivity,5919,553,0.1713893031701413,,"[10000.0, 10000.0, 10000.0, 10000.0, 10000.0]",0.6014837931992674,0.9497450968882595,0.39838904031396893,0.8245830257740205
v_jepa/vjepa2_vit_giant_384,blocks.8,V1,test,sub-10,linear_predictivity,5919,553,0.23586010750541586,"[0.2341009156339541, 0.2417341700444116, 0.2341742194392176, 0.23188145031653465, 0.2374097820929614]",,,,,
v_jepa/vjepa2_vit_giant_384,blocks.8,V2,train,sub-10,linear_predictivity,5919,516,0.1298784075488499,,"[10000.0, 10000.0, 10000.0, 10000.0, 10000.0]",0.5809621166238975,0.9765278501144683,0.4189050385814677,0.8658821093066706
v_jepa/vjepa2_vit_giant_384,blocks.8,V2,test,sub-10,linear_predictivity,5919,516,0.1745148648845411,"[0.1763465036151892, 0.17466136577069277, 0.17558798789579985, 0.16472588143349706, 0.18125258570752653]",,,,,
v_jepa/vjepa2_vit_giant_384,blocks.8,V3,train,sub-10,linear_predictivity,5919,400,0.1398067598421027,,"[10000.0, 10000.0, 10000.0, 10000.0, 10000.0]",0.5852155730124811,0.9669133525379872,0.4146666239647156,0.8564236278074328
v_jepa/vjepa2_vit_giant_384,blocks.8,V3,test,sub-10,linear_predictivity,5919,400,0.205840535385654,"[0.201630782885194, 0.20930284471351024, 0.19819958128033377, 0.20905496304693535, 0.21101450500229674]",,,,,
v_jepa/vjepa2_vit_giant_384,blocks.8,V4,train,sub-10,linear_predictivity,5919,574,0.08517734624156191,,"[10000.0, 10000.0, 10000.0, 10000.0, 10000.0]",0.5589407075448843,1.0040341305141396,0.4409446627364394,0.9110618491247656
v_jepa/vjepa2_vit_giant_384,blocks.8,V4,test,sub-10,linear_predictivity,5919,574,0.10541976599291025,"[0.10995369735470756, 0.1040203617430593, 0.09459790216394465, 0.10590941118419123, 0.11261745751864857]",,,,,
v_jepa/vjepa2_vit_giant_384,blocks.8,V3A,train,sub-10,linear_predictivity,5919,85,0.06255272646913908,,"[31622.776601683796, 31622.776601683796, 31622.776601683796, 31622.776601683796, 31622.776601683796]",0.29825196130932907,1.0251638185592133,0.7015763654685585,0.9341338565756792
v_jepa/vjepa2_vit_giant_384,blocks.8,V3A,test,sub-10,linear_predictivity,5919,85,0.11146842274274597,"[0.10870293684772686, 0.12057948790460399, 0.10785843265539218, 0.10927663998651264, 0.11092461631949418]",,,,,
v_jepa/vjepa2_vit_giant_384,blocks.8,V3B,train,sub-10,linear_predictivity,5919,99,0.0360069630494267,,"[31622.776601683796, 31622.776601683796, 31622.776601683796, 31622.776601683796, 31622.776601683796]",0.2800869612808724,1.0454817084928059,0.7198166369755092,0.9615511930707757
v_jepa/vjepa2_vit_giant_384,blocks.8,V3B,test,sub-10,linear_predictivity,5919,99,0.02236930470792219,"[0.028854674296504273, 0.021295113541308412, 0.029149900358715196, 0.0050054587461156675, 0.02754137659696739]",,,,,
v_jepa/vjepa2_vit_giant_384,blocks.8,V6,train,sub-10,linear_predictivity,5919,11,0.10707634535482428,,"[10000.0, 10000.0, 31622.776601683796, 31622.776601683796, 10000.0]",0.47417487101293254,0.9966035613278328,0.5251857038413241,0.8893079237630024
v_jepa/vjepa2_vit_giant_384,blocks.8,V6,test,sub-10,linear_predictivity,5919,11,0.22792824482252888,"[0.2284193230271789, 0.2236292028731608, 0.22936070390234758, 0.23651342521171628, 0.2217185690982408]",,,,,
v_jepa/vjepa2_vit_giant_384,blocks.8,V6A,train,sub-10,linear_predictivity,5919,45,0.01506682547917074,,"[31622.776601683796, 31622.776601683796, 31622.776601683796, 31622.776601683796, 31622.776601683796]",0.26276452689318,1.0607767646349913,0.7370295232129693,0.9810581339854554
v_jepa/vjepa2_vit_giant_384,blocks.8,V6A,test,sub-10,linear_predictivity,5919,45,0.012456148531914995,"[0.007605223757684369, 0.01187279970376595, 0.013958921341572972, 0.009192971551413846, 0.019650826305137835]",,,,,
v_jepa/vjepa2_vit_giant_384,blocks.8,V7,train,sub-10,linear_predictivity,5919,61,0.017630397114483474,,"[31622.776601683796, 31622.776601683796, 31622.776601683796, 31622.776601683796, 31622.776601683796]",0.265822823023199,1.0527509848281,0.7340192905298638,0.9791587788895942
v_jepa/vjepa2_vit_giant_384,blocks.8,V7,test,sub-10,linear_predictivity,5919,61,-0.03806792155984847,"[-0.04088206140118261, -0.04007711458805542, -0.035952629758204215, -0.05228376359271109, -0.021144038459089014]",,,,,
v_jepa/vjepa2_vit_giant_384,blocks.8,V8,train,sub-10,linear_predictivity,5919,96,0.0517420892533735,,"[10000.0, 10000.0, 31622.776601683796, 10000.0, 31622.776601683796]",0.4447524362314842,1.0214347691089993,0.554651096668944,0.9442005691140143
v_jepa/vjepa2_vit_giant_384,blocks.8,V8,test,sub-10,linear_predictivity,5919,96,0.09442095945326501,"[0.10091806529776233, 0.10580371767808239, 0.10440656474744268, 0.08404257664956923, 0.0769338728934684]",,,,,
v_jepa/vjepa2_vit_giant_384,blocks.8,FFC,train,sub-10,linear_predictivity,5919,244,0.036171050827080706,,"[31622.776601683796, 31622.776601683796, 31622.776601683796, 31622.776601683796, 31622.776601683796]",0.27861954943539896,1.0471540267404236,0.7212481496628343,0.9611194352382009
v_jepa/vjepa2_vit_giant_384,blocks.8,FFC,test,sub-10,linear_predictivity,5919,244,0.052768042845134186,"[0.055727702133500756, 0.05084223520439359, 0.05175355728498797, 0.055160312625811045, 0.050356406976977575]",,,,,
v_jepa/vjepa2_vit_giant_384,blocks.8,PIT,train,sub-10,linear_predictivity,5919,100,0.04222949752068851,,"[10000.0, 31622.776601683796, 31622.776601683796, 31622.776601683796, 31622.776601683796]",0.3356615424065755,1.0321265725881017,0.6635585488907116,0.9543215666895788
v_jepa/vjepa2_vit_giant_384,blocks.8,PIT,test,sub-10,linear_predictivity,5919,100,0.06102591923954761,"[0.059036709925148846, 0.05812666439844068, 0.05555551717652017, 0.06489492367532561, 0.06751578102230268]",,,,,
v_jepa/vjepa2_vit_giant_384,blocks.8,IPS1,train,sub-10,linear_predictivity,5919,166,0.002017912161632708,,"[100000.0, 100000.0, 100000.0, 100000.0, 100000.0]",0.10677092586216279,1.085722155567089,0.8930081204645033,0.9939391026901759
v_jepa/vjepa2_vit_giant_384,blocks.8,IPS1,test,sub-10,linear_predictivity,5919,166,0.004408178808588315,"[0.00048053154357053756, 0.002091184132430858, 0.008156986475663878, 0.005181328930589046, 0.006130862960687256]",,,,,
v_jepa/vjepa2_vit_giant_384,blocks.8,MST,train,sub-10,linear_predictivity,5919,135,0.10884928515056047,,"[10000.0, 10000.0, 10000.0, 10000.0, 10000.0]",0.5703835484498329,0.9939625506166833,0.42948848771746545,0.8871052619831165
v_jepa/vjepa2_vit_giant_384,blocks.8,MST,test,sub-10,linear_predictivity,5919,135,0.14465109907053347,"[0.14616768610158576, 0.13834594835774647, 0.1294308964880959, 0.140201543838401, 0.16910942056683828]",,,,,
v_jepa/vjepa2_vit_giant_384,blocks.8,MT,train,sub-10,linear_predictivity,5919,86,0.06494818685320912,,"[31622.776601683796, 31622.776601683796, 31622.776601683796, 31622.776601683796, 31622.776601683796]",0.3028223452952174,1.0215527579515224,0.6970185613776834,0.9320529904497368
v_jepa/vjepa2_vit_giant_384,blocks.8,MT,test,sub-10,linear_predictivity,5919,86,0.08838027834012005,"[0.0968919832742603, 0.08718068623252528, 0.07996023435686989, 0.08528538148470381, 0.09258310635224092]",,,,,
v_jepa/vjepa2_vit_giant_384,blocks.8,FST,train,sub-10,linear_predictivity,5919,167,0.021651739345915716,,"[31622.776601683796, 31622.776601683796, 31622.776601683796, 31622.776601683796, 31622.776601683796]",0.2716592867043072,1.0510135464168227,0.7281191430837042,0.9738817117816915
v_jepa/vjepa2_vit_giant_384,blocks.8,FST,test,sub-10,linear_predictivity,5919,167,0.02213908650537708,"[0.022913811112085968, 0.015620778252700796, 0.016711985284598725, 0.0231576731674709, 0.03229118471002901]",,,,,
v_jepa/vjepa2_vit_giant_384,blocks.8,LO1,train,sub-10,linear_predictivity,5919,78,0.05168364441763243,,"[10000.0, 10000.0, 31622.776601683796, 31622.776601683796, 31622.776601683796]",0.39298342874224607,1.0232056288652163,0.6060013282599368,0.9446851513606098
v_jepa/vjepa2_vit_giant_384,blocks.8,LO1,test,sub-10,linear_predictivity,5919,78,0.07770410227710253,"[0.08106596520903674, 0.061248850398918704, 0.07319162159276137, 0.07648613238581985, 0.09652794179897593]",,,,,
v_jepa/vjepa2_vit_giant_384,blocks.8,LO2,train,sub-10,linear_predictivity,5919,80,0.045431613341671555,,"[10000.0, 10000.0, 31622.776601683796, 31622.776601683796, 31622.776601683796]",0.38629204860714184,1.034713096081134,0.6135601794899314,0.9517318385933036
v_jepa/vjepa2_vit_giant_384,blocks.8,LO2,test,sub-10,linear_predictivity,5919,80,0.051975218414883874,"[0.05755935988067682, 0.03222310755134846, 0.046005322933298134, 0.058272170953311477, 0.0658161307557845]",,,,,
v_jepa/vjepa2_vit_giant_384,blocks.8,LO3,train,sub-10,linear_predictivity,5919,113,0.037110590422048034,,"[31622.776601683796, 31622.776601683796, 31622.776601683796, 31622.776601683796, 31622.776601683796]",0.2830893326446037,1.0406662922448044,0.716692975033685,0.9588613303773348
v_jepa/vjepa2_vit_giant_384,blocks.8,LO3,test,sub-10,linear_predictivity,5919,113,0.029171466853750848,"[0.03249815402305332, 0.013723528559795672, 0.031291535161820504, 0.01757865707481588, 0.05076545944926889]",,,,,
v_jepa/vjepa2_vit_giant_384,blocks.8,V7,train,sub-10,linear_predictivity,5919,61,0.017630397114483474,,"[31622.776601683796, 31622.776601683796, 31622.776601683796, 31622.776601683796, 31622.776601683796]",0.265822823023199,1.0527509848281,0.7340192905298638,0.9791587788895942
v_jepa/vjepa2_vit_giant_384,blocks.8,V7,test,sub-10,linear_predictivity,5919,61,-0.03806792155984847,"[-0.04088206140118261, -0.04007711458805542, -0.035952629758204215, -0.05228376359271109, -0.021144038459089014]",,,,,
v_jepa/vjepa2_vit_giant_384,blocks.8,IP0,train,sub-10,linear_predictivity,5919,103,0.007331747544254445,,"[100000.0, 31622.776601683796, 100000.0, 31622.776601683796, 100000.0]",0.17237239033146434,1.0779691986601676,0.8280437053219405,0.9890239881618552
v_jepa/vjepa2_vit_giant_384,blocks.8,IP0,test,sub-10,linear_predictivity,5919,103,0.004682607863698645,"[0.009460847480971066, -0.0030736654832441584, 0.012312850520191737, 0.0016510942417079834, 0.003061912558866599]",,,,,
v_jepa/vjepa2_vit_giant_384,blocks.8,IP1,train,sub-10,linear_predictivity,5919,33,-0.003777895876989062,,"[316227.7660168379, 316227.7660168379, 316227.7660168379, 1000000.0, 316227.7660168379]",0.03161586822212447,1.1039696114112307,0.9681106081004079,1.0008828539188859
v_jepa/vjepa2_vit_giant_384,blocks.8,IP1,test,sub-10,linear_predictivity,5919,33,0.0004976707689551025,"[-0.0016216259455483066, 0.0005707025065105965, 0.0013762570204038152, -0.0020452454331818426, 0.00420826569659125]",,,,,
v_jepa/vjepa2_vit_giant_384,blocks.8,MIP,train,sub-10,linear_predictivity,5919,178,6.671022370933963e-05,,"[100000.0, 100000.0, 100000.0, 100000.0, 100000.0]",0.10478207992252168,1.0795580856479545,0.8949256545815689,0.9943659856295977
v_jepa/vjepa2_vit_giant_384,blocks.8,MIP,test,sub-10,linear_predictivity,5919,178,0.009239071666645097,"[0.007553492334436884, 0.00535190577311998, 0.014248123729994488, 0.015937732335685264, 0.003104104159988866]",,,,,
v_jepa/vjepa2_vit_giant_384,blocks.8,VIP,train,sub-10,linear_predictivity,5919,100,0.01052589032705136,,"[100000.0, 100000.0, 31622.776601683796, 100000.0, 31622.776601683796]",0.1702782259087862,1.0707213963960283,0.8300475204061687,0.9864040086429838
v_jepa/vjepa2_vit_giant_384,blocks.8,VIP,test,sub-10,linear_predictivity,5919,100,0.00032097712245570537,"[0.008043956415177451, 0.007131348459461779, -0.0013014502776452742, 0.004330914670960039, -0.016599883655675468]",,,,,
v_jepa/vjepa2_vit_giant_384,blocks.8,LIPd,train,sub-10,linear_predictivity,5919,31,-0.0042038819893255395,,"[316227.7660168379, 316227.7660168379, 316227.7660168379, 1000000.0, 316227.7660168379]",0.030801589879274532,1.1144734135368675,0.9690158399296923,1.0011133621231894
v_jepa/vjepa2_vit_giant_384,blocks.8,LIPd,test,sub-10,linear_predictivity,5919,31,0.001208446023605535,"[0.003029936185081323, 0.00028554973183669125, 0.0033746617219986537, -0.002535405974138522, 0.0018874884532495292]",,,,,
v_jepa/vjepa2_vit_giant_384,blocks.8,LIPv,train,sub-10,linear_predictivity,5919,75,0.004716292892695153,,"[100000.0, 100000.0, 100000.0, 100000.0, 100000.0]",0.10690370554651048,1.0864998994795088,0.8929141766284825,0.9919781908243896
v_jepa/vjepa2_vit_giant_384,blocks.8,LIPv,test,sub-10,linear_predictivity,5919,75,-0.0018400045298362568,"[-0.00043303866944380596, -0.001105819321071014, 0.0017503602872199202, -0.005953541442144963, -0.0034579835037414214]",,,,,
v_jepa/vjepa2_vit_giant_384,blocks.8,AIP,train,sub-10,linear_predictivity,5919,409,-0.00655191139741977,,"[316227.7660168379, 100000.0, 100000.0, 316227.7660168379, 100000.0]",0.07545329569770438,1.089215716631991,0.9238765852728299,1.0010096940027018
v_jepa/vjepa2_vit_giant_384,blocks.8,AIP,test,sub-10,linear_predictivity,5919,409,-0.006353159365584382,"[-0.0033438720743663134, -0.013023251246428466, -0.004465500391468606, -0.0002974600599135404, -0.010635713055744983]",,,,,
v_jepa/vjepa2_vit_giant_384,blocks.8,7Pm,train,sub-10,linear_predictivity,5919,21,0.004925451258566747,,"[100000.0, 100000.0, 100000.0, 100000.0, 100000.0]",0.10593865919798029,1.0906354440382153,0.8938869203853714,0.9920134059649207
v_jepa/vjepa2_vit_giant_384,blocks.8,7Pm,test,sub-10,linear_predictivity,5919,21,0.020076483743624134,"[0.020675676239779072, 0.01887547209483606, 0.019507051047491224, 0.027327418948350436, 0.013996800387663868]",,,,,
v_jepa/vjepa2_vit_giant_384,blocks.8,7PL,train,sub-10,linear_predictivity,5919,106,0.009787055302236157,,"[100000.0, 31622.776601683796, 31622.776601683796, 100000.0, 31622.776601683796]",0.20124023096834734,1.0824885376409652,0.7989513598318013,0.9873264240218397
v_jepa/vjepa2_vit_giant_384,blocks.8,7PL,test,sub-10,linear_predictivity,5919,106,0.025155066807822913,"[0.027136128993922346, 0.022241579935454576, 0.02293505310408022, 0.03682145891830958, 0.01664111308734785]",,,,,
v_jepa/vjepa2_vit_giant_384,blocks.8,7PC,train,sub-10,linear_predictivity,5919,224,-0.0029391922792077105,,"[100000.0, 100000.0, 100000.0, 100000.0, 100000.0]",0.10278500755213389,1.0818845574101705,0.8969008703325366,0.9971739576647133
v_jepa/vjepa2_vit_giant_384,blocks.8,7PC,test,sub-10,linear_predictivity,5919,224,-0.0036602868220531894,"[-0.005293654070728668, -0.0013140650130974083, 0.00011968027596723814, -0.0114882131653604, -0.00032518213704671006]",,,,,
v_jepa/vjepa2_vit_giant_384,blocks.8,7Am,train,sub-10,linear_predictivity,5919,186,0.0033695400256021813,,"[100000.0, 100000.0, 100000.0, 100000.0, 100000.0]",0.10847471674166993,1.0844013046704881,0.8912529873428872,0.9918000702659668
v_jepa/vjepa2_vit_giant_384,blocks.8,7Am,test,sub-10,linear_predictivity,5919,186,0.009805662658483982,"[0.009592453745262287, 0.018400795628377802, 0.0021476843541333836, 0.012543856386197653, 0.0063435231784487855]",,,,,
v_jepa/vjepa2_vit_giant_384,blocks.8,7AL,train,sub-10,linear_predictivity,5919,158,-0.005364931055740476,,"[316227.7660168379, 100000.0, 100000.0, 100000.0, 100000.0]",0.08868649848849976,1.086586503818941,0.9111835532167325,0.9997176967166826
v_jepa/vjepa2_vit_giant_384,blocks.8,7AL,test,sub-10,linear_predictivity,5919,158,-0.00469248538306117,"[-0.0034834172646046194, 0.0009331363937640225, -0.00764155656117001, -0.006335048469893921, -0.0069355410134013225]",,,,,
v_jepa/vjepa2_vit_giant_384,blocks.8,VVC,train,sub-10,linear_predictivity,5919,196,0.011418742570286546,,"[31622.776601683796, 31622.776601683796, 31622.776601683796, 31622.776601683796, 31622.776601683796]",0.26037194642959804,1.0633845389066134,0.7394330632732684,0.984437758495092
v_jepa/vjepa2_vit_giant_384,blocks.8,VVC,test,sub-10,linear_predictivity,5919,196,0.01858757385920957,"[0.021812464231078056, 0.015458523129806688, 0.023881579934845746, 0.019249565937449954, 0.012535736062867418]",,,,,
v_jepa/vjepa2_vit_giant_384,blocks.8,VMV2,train,sub-10,linear_predictivity,5919,94,0.04705886330057703,,"[31622.776601683796, 31622.776601683796, 31622.776601683796, 31622.776601683796, 31622.776601683796]",0.28674472336803225,1.0363758277112902,0.7130637853478664,0.9487852061279394
v_jepa/vjepa2_vit_giant_384,blocks.8,VMV2,test,sub-10,linear_predictivity,5919,94,0.0922906082773988,"[0.09871837721595197, 0.08316461019527557, 0.0900709928144908, 0.09729748044008386, 0.09220158072119171]",,,,,
v_jepa/vjepa2_vit_giant_384,blocks.8,VMV3,train,sub-10,linear_predictivity,5919,98,0.02407322304589989,,"[31622.776601683796, 31622.776601683796, 31622.776601683796, 31622.776601683796, 31622.776601683796]",0.2704848447182932,1.047023381181256,0.72932401345339,0.9717364964980305
v_jepa/vjepa2_vit_giant_384,blocks.8,VMV3,test,sub-10,linear_predictivity,5919,98,-0.004979527605271173,"[0.006237701826695866, -0.009512488367704939, 6.653831823882905e-05, -0.02045940301492576, -0.0012299867886598635]",,,,,
v_jepa/vjepa2_vit_giant_384,blocks.8,VMV1,train,sub-10,linear_predictivity,5919,42,0.027857111377260164,,"[31622.776601683796, 31622.776601683796, 31622.776601683796, 31622.776601683796, 31622.776601683796]",0.27557877360289823,1.054461038230685,0.7241295825462153,0.9660522003527264
v_jepa/vjepa2_vit_giant_384,blocks.8,VMV1,test,sub-10,linear_predictivity,5919,42,0.06241937742150805,"[0.06060098276488235, 0.06935548321518827, 0.060772357954301276, 0.05676481527018909, 0.06460324790297929]",,,,,
v_jepa/vjepa2_vit_giant_384,blocks.8,PHA2,train,sub-10,linear_predictivity,5919,21,0.013143120644760805,,"[31622.776601683796, 31622.776601683796, 31622.776601683796, 31622.776601683796, 31622.776601683796]",0.26413400907546497,1.072804422012774,0.7355911555086061,0.9809157779693767
v_jepa/vjepa2_vit_giant_384,blocks.8,PHA2,test,sub-10,linear_predictivity,5919,21,0.0475767441834211,"[0.044141265656554345, 0.04379530370396852, 0.03841450755233268, 0.06315313793134807, 0.04837950607290194]",,,,,
v_jepa/vjepa2_vit_giant_384,blocks.8,PHA3,train,sub-10,linear_predictivity,5919,104,0.021430575143254305,,"[31622.776601683796, 31622.776601683796, 31622.776601683796, 31622.776601683796, 31622.776601683796]",0.267709895405828,1.0626852543177197,0.7320804403109177,0.9743449297948527
v_jepa/vjepa2_vit_giant_384,blocks.8,PHA3,test,sub-10,linear_predictivity,5919,104,0.06468384071502084,"[0.07267690748753931, 0.053854096247440295, 0.056732870235440824, 0.07492241634588923, 0.06523291325879449]",,,,,
v_jepa/vjepa2_vit_giant_384,blocks.8,PH,train,sub-10,linear_predictivity,5919,261,0.022069520128719673,,"[31622.776601683796, 31622.776601683796, 31622.776601683796, 31622.776601683796, 31622.776601683796]",0.26911983064508915,1.0573347067834848,0.7307131216382368,0.9744975543921868
v_jepa/vjepa2_vit_giant_384,blocks.8,PH,test,sub-10,linear_predictivity,5919,261,0.02042189876302139,"[0.02095891210073254, 0.014526184997005889, 0.021740457032946876, 0.018801746563095027, 0.026082193121326612]",,,,,
v_jepa/vjepa2_vit_giant_384,blocks.11,V1,train,sub-10,linear_predictivity,5919,553,0.17620440639781196,,"[10000.0, 10000.0, 10000.0, 10000.0, 10000.0]",0.6200406331083628,0.942545784003855,0.3798403989519466,0.8198573734942192
v_jepa/vjepa2_vit_giant_384,blocks.11,V1,test,sub-10,linear_predictivity,5919,553,0.24644838260513025,"[0.24728572949673744, 0.2503141937223651, 0.24690314632132365, 0.24292170677064356, 0.2448171367145815]",,,,,
v_jepa/vjepa2_vit_giant_384,blocks.11,V2,train,sub-10,linear_predictivity,5919,516,0.1398583974478728,,"[10000.0, 10000.0, 10000.0, 10000.0, 10000.0]",0.6030454733500774,0.9643320553395563,0.3968327637141324,0.8560968818542346
v_jepa/vjepa2_vit_giant_384,blocks.11,V2,test,sub-10,linear_predictivity,5919,516,0.19319553929611746,"[0.19514758256553325, 0.19306821932369145, 0.19508880628339204, 0.18864760788196777, 0.19402548042600276]",,,,,
v_jepa/vjepa2_vit_giant_384,blocks.11,V3,train,sub-10,linear_predictivity,5919,400,0.1526168882959913,,"[10000.0, 10000.0, 10000.0, 10000.0, 10000.0]",0.6085045371005222,0.9538456198215025,0.39138688350644957,0.8437398234958999
v_jepa/vjepa2_vit_giant_384,blocks.11,V3,test,sub-10,linear_predictivity,5919,400,0.22494643654686283,"[0.2193120419668103, 0.22861044310341228, 0.22011428352466492, 0.22828187331474634, 0.22841354082468032]",,,,,
v_jepa/vjepa2_vit_giant_384,blocks.11,V4,train,sub-10,linear_predictivity,5919,574,0.09880612898351147,,"[10000.0, 10000.0, 10000.0, 10000.0, 10000.0]",0.5834538677786392,0.9911476615345096,0.4164347704058007,0.8973959202438284
v_jepa/vjepa2_vit_giant_384,blocks.11,V4,test,sub-10,linear_predictivity,5919,574,0.1373126010689895,"[0.13887188080339344, 0.13841833802360543, 0.13165652984782786, 0.1353389951857229, 0.1422772614843978]",,,,,
v_jepa/vjepa2_vit_giant_384,blocks.11,V3A,train,sub-10,linear_predictivity,5919,85,0.07764217073466885,,"[10000.0, 31622.776601683796, 31622.776601683796, 31622.776601683796, 31622.776601683796]",0.37069075888222036,1.0071604567681363,0.6286662722852105,0.9189236872939087
v_jepa/vjepa2_vit_giant_384,blocks.11,V3A,test,sub-10,linear_predictivity,5919,85,0.13929931385817967,"[0.13260079348917125, 0.14851195751717192, 0.13811494709695318, 0.13818930144112002, 0.13907956974648217]",,,,,
v_jepa/vjepa2_vit_giant_384,blocks.11,V3B,train,sub-10,linear_predictivity,5919,99,0.04499607721699159,,"[31622.776601683796, 31622.776601683796, 31622.776601683796, 31622.776601683796, 31622.776601683796]",0.29607152522838687,1.0378030643401353,0.7038305490824535,0.9525879881756427
v_jepa/vjepa2_vit_giant_384,blocks.11,V3B,test,sub-10,linear_predictivity,5919,99,0.04555317689496877,"[0.04852119436447668, 0.04740847209798092, 0.05182498452896805, 0.02999218901980298, 0.050019044463615187]",,,,,
v_jepa/vjepa2_vit_giant_384,blocks.11,V6,train,sub-10,linear_predictivity,5919,11,0.12486608678485864,,"[31622.776601683796, 10000.0, 31622.776601683796, 31622.776601683796, 10000.0]",0.45244828176067964,0.9737753025851887,0.5468102167834297,0.8714672408858876
v_jepa/vjepa2_vit_giant_384,blocks.11,V6,test,sub-10,linear_predictivity,5919,11,0.2589998282365552,"[0.2708532056250554, 0.25366659377823847, 0.2592797360188351, 0.26832004412339727, 0.24287956163724972]",,,,,
v_jepa/vjepa2_vit_giant_384,blocks.11,V6A,train,sub-10,linear_predictivity,5919,45,0.021932720387371027,,"[31622.776601683796, 31622.776601683796, 31622.776601683796, 31622.776601683796, 31622.776601683796]",0.2784083326306263,1.0464096480530576,0.7213878454469541,0.974163100699613
v_jepa/vjepa2_vit_giant_384,blocks.11,V6A,test,sub-10,linear_predictivity,5919,45,0.04363162600624801,"[0.04109746426936239, 0.043480123843214674, 0.04521954893520246, 0.0387441864077393, 0.049616806575721206]",,,,,
v_jepa/vjepa2_vit_giant_384,blocks.11,V7,train,sub-10,linear_predictivity,5919,61,0.026442660455377992,,"[31622.776601683796, 10000.0, 31622.776601683796, 31622.776601683796, 10000.0]",0.3911490978043403,1.0332926884488665,0.6081131618887118,0.9700159632369123
v_jepa/vjepa2_vit_giant_384,blocks.11,V7,test,sub-10,linear_predictivity,5919,61,-0.0075194592637462965,"[4.653344771412876e-05, -0.02433935529135933, 0.006052865613509364, -0.010078554647460077, -0.00927878544113557]",,,,,
v_jepa/vjepa2_vit_giant_384,blocks.11,V8,train,sub-10,linear_predictivity,5919,96,0.06979451283673514,,"[10000.0, 10000.0, 10000.0, 10000.0, 10000.0]",0.5705644807062068,1.0068777418994121,0.4293102349924066,0.9260437347032594
v_jepa/vjepa2_vit_giant_384,blocks.11,V8,test,sub-10,linear_predictivity,5919,96,0.12713837544812823,"[0.1304350883131791, 0.1363079271213716, 0.1378075609860147, 0.11520759364724566, 0.11593370717283004]",,,,,
v_jepa/vjepa2_vit_giant_384,blocks.11,FFC,train,sub-10,linear_predictivity,5919,244,0.04360890406988264,,"[31622.776601683796, 31622.776601683796, 31622.776601683796, 31622.776601683796, 31622.776601683796]",0.2941406073774378,1.038107870117026,0.705723919528495,0.9536630009199566
v_jepa/vjepa2_vit_giant_384,blocks.11,FFC,test,sub-10,linear_predictivity,5919,244,0.06804580283412945,"[0.0700960604444715, 0.06439944313931986, 0.06530756504982901, 0.07232061057897744, 0.06810533495804945]",,,,,
v_jepa/vjepa2_vit_giant_384,blocks.11,PIT,train,sub-10,linear_predictivity,5919,100,0.052283725149526526,,"[10000.0, 10000.0, 10000.0, 31622.776601683796, 31622.776601683796]",0.45785798447280185,1.0194568332468699,0.5426009810200929,0.9438872306235362
v_jepa/vjepa2_vit_giant_384,blocks.11,PIT,test,sub-10,linear_predictivity,5919,100,0.06903627043095553,"[0.07441875926273109, 0.056840699492875714, 0.06102344137215741, 0.07366130483400042, 0.07923714719301302]",,,,,
v_jepa/vjepa2_vit_giant_384,blocks.11,IPS1,train,sub-10,linear_predictivity,5919,166,0.002301280503154895,,"[100000.0, 31622.776601683796, 31622.776601683796, 100000.0, 31622.776601683796]",0.2059228642783298,1.0684655668761114,0.7934732443292551,0.9935593827074649
v_jepa/vjepa2_vit_giant_384,blocks.11,IPS1,test,sub-10,linear_predictivity,5919,166,0.017135511009046984,"[0.011104254075299422, 0.01564683130592686, 0.02664177084661917, 0.01579414841745141, 0.01649055039993804]",,,,,
v_jepa/vjepa2_vit_giant_384,blocks.11,MST,train,sub-10,linear_predictivity,5919,135,0.12859334257972443,,"[10000.0, 10000.0, 10000.0, 10000.0, 10000.0]",0.5987522747659358,0.9714060122328277,0.40113683624708346,0.8675598523748445
v_jepa/vjepa2_vit_giant_384,blocks.11,MST,test,sub-10,linear_predictivity,5919,135,0.20784975027795755,"[0.21194186698995676, 0.20293909776377037, 0.19638770022437663, 0.20084182156395156, 0.22713826484773228]",,,,,
v_jepa/vjepa2_vit_giant_384,blocks.11,MT,train,sub-10,linear_predictivity,5919,86,0.08376154800918162,,"[10000.0, 31622.776601683796, 10000.0, 31622.776601683796, 10000.0]",0.47868930557895323,1.0042489522891658,0.5218351150527529,0.9130781064046125
v_jepa/vjepa2_vit_giant_384,blocks.11,MT,test,sub-10,linear_predictivity,5919,86,0.14175066365501995,"[0.15376552162481225, 0.13552541412182706, 0.1312735429024065, 0.1332031499059096, 0.15498568972014434]",,,,,
v_jepa/vjepa2_vit_giant_384,blocks.11,FST,train,sub-10,linear_predictivity,5919,167,0.028558924361171197,,"[31622.776601683796, 31622.776601683796, 31622.776601683796, 31622.776601683796, 10000.0]",0.3425924872052068,1.0350138621371854,0.6567234548770648,0.9668721723633293
v_jepa/vjepa2_vit_giant_384,blocks.11,FST,test,sub-10,linear_predictivity,5919,167,0.0551128605708629,"[0.055118194266455464, 0.05170798694886809, 0.048298174311801466, 0.05303513507871108, 0.0674048122484784]",,,,,
v_jepa/vjepa2_vit_giant_384,blocks.11,LO1,train,sub-10,linear_predictivity,5919,78,0.0676865979610192,,"[10000.0, 10000.0, 10000.0, 31622.776601683796, 10000.0]",0.5174366955276185,1.0107428495228317,0.48235931467524906,0.9282805470185386
v_jepa/vjepa2_vit_giant_384,blocks.11,LO1,test,sub-10,linear_predictivity,5919,78,0.10287902245179628,"[0.10754965940086034, 0.100040478394352, 0.09230806978237255, 0.09586111770264338, 0.11863578697875304]",,,,,
v_jepa/vjepa2_vit_giant_384,blocks.11,LO2,train,sub-10,linear_predictivity,5919,80,0.053680466509224964,,"[10000.0, 10000.0, 31622.776601683796, 31622.776601683796, 31622.776601683796]",0.4046395075174899,1.0277843325452103,0.5952139299299974,0.9434737461796507
v_jepa/vjepa2_vit_giant_384,blocks.11,LO2,test,sub-10,linear_predictivity,5919,80,0.07454929322055073,"[0.08542488335338264, 0.060818753366762, 0.06592809410351035, 0.07635231590189692, 0.08422241937720179]",,,,,
v_jepa/vjepa2_vit_giant_384,blocks.11,LO3,train,sub-10,linear_predictivity,5919,113,0.04502421220177828,,"[10000.0, 31622.776601683796, 31622.776601683796, 31622.776601683796, 31622.776601683796]",0.3538256428736602,1.0270985088536648,0.6451604662299413,0.9506265720916136
v_jepa/vjepa2_vit_giant_384,blocks.11,LO3,test,sub-10,linear_predictivity,5919,113,0.04722001756661128,"[0.03623689650293537, 0.03708132922168741, 0.05178579110958178, 0.043227628117866033, 0.06776844288098584]",,,,,
v_jepa/vjepa2_vit_giant_384,blocks.11,V7,train,sub-10,linear_predictivity,5919,61,0.026442660455377992,,"[31622.776601683796, 10000.0, 31622.776601683796, 31622.776601683796, 10000.0]",0.3911490978043403,1.0332926884488665,0.6081131618887118,0.9700159632369123
v_jepa/vjepa2_vit_giant_384,blocks.11,V7,test,sub-10,linear_predictivity,5919,61,-0.0075194592637462965,"[4.653344771412876e-05, -0.02433935529135933, 0.006052865613509364, -0.010078554647460077, -0.00927878544113557]",,,,,
v_jepa/vjepa2_vit_giant_384,blocks.11,IP0,train,sub-10,linear_predictivity,5919,103,0.014467485316269416,,"[31622.776601683796, 31622.776601683796, 31622.776601683796, 31622.776601683796, 31622.776601683796]",0.27451486745177955,1.0680555739180764,0.7253296746848923,0.9818341298118203
v_jepa/vjepa2_vit_giant_384,blocks.11,IP0,test,sub-10,linear_predictivity,5919,103,0.02055460053142123,"[0.01968542009323018, 0.01773130921197706, 0.034009821978675754, 0.01877921183002828, 0.012567239543194856]",,,,,
v_jepa/vjepa2_vit_giant_384,blocks.11,IP1,train,sub-10,linear_predictivity,5919,33,-0.003683611793818131,,"[100000.0, 100000.0, 100000.0, 316227.7660168379, 100000.0]",0.09043959990458494,1.0879578172839204,0.9091131822861094,1.0006373178520545
v_jepa/vjepa2_vit_giant_384,blocks.11,IP1,test,sub-10,linear_predictivity,5919,33,0.005959505966306655,"[0.001032705458820383, 0.007471290570635686, 0.009494564529680864, 0.0021548203815840356, 0.009644148890812304]",,,,,
v_jepa/vjepa2_vit_giant_384,blocks.11,MIP,train,sub-10,linear_predictivity,5919,178,-0.0007035434114603437,,"[100000.0, 100000.0, 100000.0, 100000.0, 31622.776601683796]",0.14082548378971488,1.070366538874491,0.8588107434111171,0.9951534217122303
v_jepa/vjepa2_vit_giant_384,blocks.11,MIP,test,sub-10,linear_predictivity,5919,178,0.006727374488575633,"[0.008752584239626778, 0.009416742744078596, 0.016923984225248944, 0.01840597174062954, -0.019862410506705692]",,,,,
v_jepa/vjepa2_vit_giant_384,blocks.11,VIP,train,sub-10,linear_predictivity,5919,100,0.01766683779582198,,"[31622.776601683796, 31622.776601683796, 31622.776601683796, 31622.776601683796, 31622.776601683796]",0.2742628314121179,1.055992229506158,0.7255992581908419,0.9792578309427883
v_jepa/vjepa2_vit_giant_384,blocks.11,VIP,test,sub-10,linear_predictivity,5919,100,0.008902480751804049,"[0.0037322553759574105, 0.010842285543801402, 0.01775227914910465, 0.008920474673435048, 0.003265109016721732]",,,,,
v_jepa/vjepa2_vit_giant_384,blocks.11,LIPd,train,sub-10,linear_predictivity,5919,31,-0.003691311580484551,,"[316227.7660168379, 316227.7660168379, 316227.7660168379, 316227.7660168379, 316227.7660168379]",0.036412814385064836,1.1054848305757254,0.9634018782468855,1.0006033708740618
v_jepa/vjepa2_vit_giant_384,blocks.11,LIPd,test,sub-10,linear_predictivity,5919,31,0.004183718773443812,"[0.006081161324014308, 0.002997178154314658, 0.005839034946374374, 0.0020645896470565055, 0.003936629795459218]",,,,,
v_jepa/vjepa2_vit_giant_384,blocks.11,LIPv,train,sub-10,linear_predictivity,5919,75,0.005707023383800911,,"[100000.0, 31622.776601683796, 100000.0, 100000.0, 100000.0]",0.14472708710598323,1.0723693183519163,0.8545751661724577,0.990645611276222
v_jepa/vjepa2_vit_giant_384,blocks.11,LIPv,test,sub-10,linear_predictivity,5919,75,0.006184289746963114,"[0.008149858848472734, -0.006693014058161718, 0.013885776372455479, 0.007259188878970197, 0.00831963869307888]",,,,,
v_jepa/vjepa2_vit_giant_384,blocks.11,AIP,train,sub-10,linear_predictivity,5919,409,-0.004175984296925316,,"[100000.0, 100000.0, 100000.0, 100000.0, 100000.0]",0.10497795216076708,1.0822869714008134,0.8947263845125051,0.9985917966054252
v_jepa/vjepa2_vit_giant_384,blocks.11,AIP,test,sub-10,linear_predictivity,5919,409,-0.003559308295518144,"[-0.008194483667067641, -0.0062680755605439235, 0.0007822383499989688, 0.001040791059190859, -0.005157011659168982]",,,,,
v_jepa/vjepa2_vit_giant_384,blocks.11,7Pm,train,sub-10,linear_predictivity,5919,21,0.00806412103019612,,"[100000.0, 100000.0, 100000.0, 31622.776601683796, 100000.0]",0.14312895374149087,1.0719085269302648,0.8568483065361979,0.9888368931982525
v_jepa/vjepa2_vit_giant_384,blocks.11,7Pm,test,sub-10,linear_predictivity,5919,21,0.02530334293133708,"[0.023954063163744457, 0.021813256926922972, 0.023516771554614384, 0.039883889910838737, 0.017348733100564832]",,,,,
v_jepa/vjepa2_vit_giant_384,blocks.11,7PL,train,sub-10,linear_predictivity,5919,106,0.015123764879632358,,"[100000.0, 31622.776601683796, 31622.776601683796, 100000.0, 31622.776601683796]",0.212660974675491,1.0678794954385453,0.7875451853084285,0.9819284013398404
v_jepa/vjepa2_vit_giant_384,blocks.11,7PL,test,sub-10,linear_predictivity,5919,106,0.03260018661690251,"[0.032181186764194854, 0.032188882363326767, 0.03312286331837638, 0.041027935926290025, 0.024480064712324525]",,,,,
v_jepa/vjepa2_vit_giant_384,blocks.11,7PC,train,sub-10,linear_predictivity,5919,224,-0.001985445526937567,,"[100000.0, 31622.776601683796, 31622.776601683796, 100000.0, 31622.776601683796]",0.2031658923417853,1.0725714256955494,0.7959514679969273,0.9960190201822057
v_jepa/vjepa2_vit_giant_384,blocks.11,7PC,test,sub-10,linear_predictivity,5919,224,0.006070324545565615,"[0.004022269486415519, 0.009357575095179349, 0.009466446680879445, 0.0006957337961152099, 0.006809597669238553]",,,,,
v_jepa/vjepa2_vit_giant_384,blocks.11,7Am,train,sub-10,linear_predictivity,5919,186,0.005912926686563029,,"[100000.0, 100000.0, 100000.0, 100000.0, 31622.776601683796]",0.14558640676454498,1.0716569355623178,0.8546113133053312,0.9892913555051217
v_jepa/vjepa2_vit_giant_384,blocks.11,7Am,test,sub-10,linear_predictivity,5919,186,0.012240122294892668,"[0.01454682972191294, 0.023496206877307312, 0.008820489409396958, 0.017465206647487286, -0.0031281211816411476]",,,,,
v_jepa/vjepa2_vit_giant_384,blocks.11,7AL,train,sub-10,linear_predictivity,5919,158,-0.004156772584551311,,"[100000.0, 100000.0, 100000.0, 100000.0, 31622.776601683796]",0.13716888462064922,1.0814522115891372,0.862789992021687,0.9986515617439158
v_jepa/vjepa2_vit_giant_384,blocks.11,7AL,test,sub-10,linear_predictivity,5919,158,-0.005105872847582947,"[-0.005825476334886478, 0.0047569405821014064, -0.0036719523897848004, -0.00020649203358932166, -0.020582384061755544]",,,,,
v_jepa/vjepa2_vit_giant_384,blocks.11,VVC,train,sub-10,linear_predictivity,5919,196,0.01656745149099183,,"[31622.776601683796, 31622.776601683796, 31622.776601683796, 31622.776601683796, 31622.776601683796]",0.2739596990323384,1.0553193151595117,0.7258490252196704,0.9793418174207869
v_jepa/vjepa2_vit_giant_384,blocks.11,VVC,test,sub-10,linear_predictivity,5919,196,0.029046469404563912,"[0.030487724992028703, 0.02775871854251018, 0.03361638660281916, 0.03019227831979617, 0.02317723856566534]",,,,,
v_jepa/vjepa2_vit_giant_384,blocks.11,VMV2,train,sub-10,linear_predictivity,5919,94,0.057894563535421974,,"[31622.776601683796, 31622.776601683796, 31622.776601683796, 31622.776601683796, 31622.776601683796]",0.304410690605377,1.0216360392009833,0.6954012973942404,0.9380149030092136
v_jepa/vjepa2_vit_giant_384,blocks.11,VMV2,test,sub-10,linear_predictivity,5919,94,0.11151920719117417,"[0.11303222569857066, 0.10368799555215033, 0.11016722356268999, 0.12027335972997139, 0.11043523141248848]",,,,,
v_jepa/vjepa2_vit_giant_384,blocks.11,VMV3,train,sub-10,linear_predictivity,5919,98,0.031035964939942574,,"[31622.776601683796, 31622.776601683796, 31622.776601683796, 31622.776601683796, 31622.776601683796]",0.2853871614456528,1.0379970335155602,0.7144324143455159,0.9648487137910298
v_jepa/vjepa2_vit_giant_384,blocks.11,VMV3,test,sub-10,linear_predictivity,5919,98,0.015097465625261722,"[0.022104457689271367, 0.009857817228799557, 0.020315803221931016, 0.004093023674178277, 0.019116226312128393]",,,,,
v_jepa/vjepa2_vit_giant_384,blocks.11,VMV1,train,sub-10,linear_predictivity,5919,42,0.03585383997182879,,"[31622.776601683796, 31622.776601683796, 31622.776601683796, 31622.776601683796, 31622.776601683796]",0.2918980168384165,1.0429869650760266,0.7078098751036909,0.9580687291883475
v_jepa/vjepa2_vit_giant_384,blocks.11,VMV1,test,sub-10,linear_predictivity,5919,42,0.0818734112889528,"[0.07964892489323895, 0.08866514808963817, 0.07828360796878105, 0.08148464415218334, 0.08128473134092248]",,,,,
v_jepa/vjepa2_vit_giant_384,blocks.11,PHA2,train,sub-10,linear_predictivity,5919,21,0.01946257279028721,,"[31622.776601683796, 31622.776601683796, 31622.776601683796, 31622.776601683796, 31622.776601683796]",0.2775896610542724,1.0657403397117193,0.7221522343031366,0.9748119246527466
v_jepa/vjepa2_vit_giant_384,blocks.11,PHA2,test,sub-10,linear_predictivity,5919,21,0.053914877603861336,"[0.05042342013586868, 0.05084846220872498, 0.04464666162378822, 0.07158013186993847, 0.05207571218098633]",,,,,
v_jepa/vjepa2_vit_giant_384,blocks.11,PHA3,train,sub-10,linear_predictivity,5919,104,0.028645467894228407,,"[31622.776601683796, 31622.776601683796, 31622.776601683796, 31622.776601683796, 31622.776601683796]",0.28281312571100103,1.0534212793814344,0.716985107247903,0.9672295894874046
v_jepa/vjepa2_vit_giant_384,blocks.11,PHA3,test,sub-10,linear_predictivity,5919,104,0.07432173301664316,"[0.07892459545019619, 0.06615065590004834, 0.06720863433528133, 0.08741412927152196, 0.0719106501261679]",,,,,
v_jepa/vjepa2_vit_giant_384,blocks.11,PH,train,sub-10,linear_predictivity,5919,261,0.028518209594506436,,"[31622.776601683796, 31622.776601683796, 31622.776601683796, 31622.776601683796, 31622.776601683796]",0.28397538938709277,1.04800811352246,0.7158589998008489,0.968067999107929
v_jepa/vjepa2_vit_giant_384,blocks.11,PH,test,sub-10,linear_predictivity,5919,261,0.038082580040564175,"[0.04007227192320729, 0.0343238467413653, 0.039312282368990294, 0.03497312088851611, 0.04173137828074186]",,,,,
v_jepa/vjepa2_vit_giant_384,blocks.14,V1,train,sub-10,linear_predictivity,5919,553,0.1792019773769894,,"[10000.0, 10000.0, 10000.0, 10000.0, 10000.0]",0.6295646499908437,0.9359759837894241,0.370322454525635,0.8169723008845512
v_jepa/vjepa2_vit_giant_384,blocks.14,V1,test,sub-10,linear_predictivity,5919,553,0.2566306518725077,"[0.25491527027424665, 0.26030886991054575, 0.25801641359698707, 0.2541905747913743, 0.25572213078938455]",,,,,
v_jepa/vjepa2_vit_giant_384,blocks.14,V2,train,sub-10,linear_predictivity,5919,516,0.14574387759522936,,"[10000.0, 10000.0, 10000.0, 10000.0, 10000.0]",0.6140323561495888,0.9577120208970685,0.38584909161760333,0.8502496607305454
v_jepa/vjepa2_vit_giant_384,blocks.14,V2,test,sub-10,linear_predictivity,5919,516,0.20798662269212165,"[0.20590767353748962, 0.20900020574421516, 0.21168296998557512, 0.20562620025234962, 0.2077160639409787]",,,,,
v_jepa/vjepa2_vit_giant_384,blocks.14,V3,train,sub-10,linear_predictivity,5919,400,0.1596398430097077,,"[10000.0, 10000.0, 10000.0, 10000.0, 10000.0]",0.6200197709539482,0.9459702912055304,0.37987282735976124,0.836760943580348
v_jepa/vjepa2_vit_giant_384,blocks.14,V3,test,sub-10,linear_predictivity,5919,400,0.23607380002994666,"[0.23060455866653598, 0.24089491469393476, 0.2331507863910302, 0.23884747024732023, 0.23687127015091203]",,,,,
v_jepa/vjepa2_vit_giant_384,blocks.14,V4,train,sub-10,linear_predictivity,5919,574,0.10795860173812906,,"[10000.0, 10000.0, 10000.0, 10000.0, 10000.0]",0.5966059096628611,0.9807030553819907,0.4032830041243848,0.8882650926029345
v_jepa/vjepa2_vit_giant_384,blocks.14,V4,test,sub-10,linear_predictivity,5919,574,0.1524749622051888,"[0.154606359808824, 0.15343311674859372, 0.14540802281225013, 0.1519139899716144, 0.1570133216846619]",,,,,
v_jepa/vjepa2_vit_giant_384,blocks.14,V3A,train,sub-10,linear_predictivity,5919,85,0.08545456680748498,,"[10000.0, 31622.776601683796, 31622.776601683796, 31622.776601683796, 10000.0]",0.43272452368132386,0.9999075289392165,0.5668201454764772,0.9111524461747417
v_jepa/vjepa2_vit_giant_384,blocks.14,V3A,test,sub-10,linear_predictivity,5919,85,0.14905700145691242,"[0.14426974710936277, 0.15855874228467814, 0.14979353040682936, 0.15129093745268057, 0.14137205003101116]",,,,,
v_jepa/vjepa2_vit_giant_384,blocks.14,V3B,train,sub-10,linear_predictivity,5919,99,0.05150264290355615,,"[31622.776601683796, 31622.776601683796, 31622.776601683796, 31622.776601683796, 31622.776601683796]",0.3051315522435808,1.0264716657188628,0.6947682807819369,0.9460836127161677
v_jepa/vjepa2_vit_giant_384,blocks.14,V3B,test,sub-10,linear_predictivity,5919,99,0.05463982989665719,"[0.05639366751459807, 0.05276460046533171, 0.06086518834136366, 0.04543696491857262, 0.05773872824341988]",,,,,
v_jepa/vjepa2_vit_giant_384,blocks.14,V6,train,sub-10,linear_predictivity,5919,11,0.13087698048423585,,"[10000.0, 10000.0, 31622.776601683796, 31622.776601683796, 10000.0]",0.5117150928437508,0.9685712758564508,0.4876488947240315,0.8653858641577863
v_jepa/vjepa2_vit_giant_384,blocks.14,V6,test,sub-10,linear_predictivity,5919,11,0.2654571106325269,"[0.26525747656312754, 0.2611091721348649, 0.2681832574577593, 0.27399840957096766, 0.2587372374359155]",,,,,
v_jepa/vjepa2_vit_giant_384,blocks.14,V6A,train,sub-10,linear_predictivity,5919,45,0.026229476011789005,,"[31622.776601683796, 31622.776601683796, 31622.776601683796, 31622.776601683796, 31622.776601683796]",0.28658538723457283,1.043071166777942,0.7132126338107467,0.969858962143291
v_jepa/vjepa2_vit_giant_384,blocks.14,V6A,test,sub-10,linear_predictivity,5919,45,0.05880619762216409,"[0.05814388597968316, 0.05856238248966651, 0.059296667675129755, 0.05918897065495661, 0.058839081311384454]",,,,,
v_jepa/vjepa2_vit_giant_384,blocks.14,V7,train,sub-10,linear_predictivity,5919,61,0.03382075639276465,,"[10000.0, 10000.0, 31622.776601683796, 31622.776601683796, 10000.0]",0.4562371255610357,1.0262464290040147,0.5419546931544462,0.9625861540449021
v_jepa/vjepa2_vit_giant_384,blocks.14,V7,test,sub-10,linear_predictivity,5919,61,0.01710424309561077,"[0.007678745666698428, 0.013473053021932134, 0.02792328425213973, 0.01877808009250522, 0.017668052444778343]",,,,,
v_jepa/vjepa2_vit_giant_384,blocks.14,V8,train,sub-10,linear_predictivity,5919,96,0.07570786421776247,,"[10000.0, 10000.0, 10000.0, 10000.0, 10000.0]",0.5824805031874962,0.9979008343648378,0.4173968667907377,0.9201661036646431
v_jepa/vjepa2_vit_giant_384,blocks.14,V8,test,sub-10,linear_predictivity,5919,96,0.13608521824973033,"[0.14071432914059667, 0.1355425955467137, 0.14519371359779845, 0.13447451211724235, 0.12450094084630048]",,,,,
v_jepa/vjepa2_vit_giant_384,blocks.14,FFC,train,sub-10,linear_predictivity,5919,244,0.04475373518682401,,"[10000.0, 31622.776601683796, 31622.776601683796, 31622.776601683796, 31622.776601683796]",0.3550981949174094,1.0276852798717941,0.6444215497764064,0.9524515688268753
v_jepa/vjepa2_vit_giant_384,blocks.14,FFC,test,sub-10,linear_predictivity,5919,244,0.07587795426809808,"[0.06812584633471563, 0.07300434184065102, 0.07562861533247897, 0.08465251317560131, 0.07797845465704346]",,,,,
v_jepa/vjepa2_vit_giant_384,blocks.14,PIT,train,sub-10,linear_predictivity,5919,100,0.061930618424849766,,"[10000.0, 10000.0, 10000.0, 10000.0, 10000.0]",0.5757352029120251,1.010320459067098,0.4241401443312027,0.9342304659660965
v_jepa/vjepa2_vit_giant_384,blocks.14,PIT,test,sub-10,linear_predictivity,5919,100,0.08033068940712702,"[0.0843291185023149, 0.07073422254216327, 0.07302297794054433, 0.08230995870172546, 0.09125716934888717]",,,,,
v_jepa/vjepa2_vit_giant_384,blocks.14,IPS1,train,sub-10,linear_predictivity,5919,166,0.005671941870300143,,"[31622.776601683796, 31622.776601683796, 31622.776601683796, 31622.776601683796, 31622.776601683796]",0.27439655522171275,1.0626175842508396,0.7254145304587261,0.9901674177740327
v_jepa/vjepa2_vit_giant_384,blocks.14,IPS1,test,sub-10,linear_predictivity,5919,166,0.02995260461281979,"[0.0211194124717088, 0.028831986205693726, 0.0382998625454295, 0.03257851417787485, 0.02893324766339207]",,,,,
v_jepa/vjepa2_vit_giant_384,blocks.14,MST,train,sub-10,linear_predictivity,5919,135,0.14399194088734069,,"[10000.0, 10000.0, 10000.0, 10000.0, 10000.0]",0.6143151526663991,0.9580943523163945,0.38557241833265377,0.8520996195563381
v_jepa/vjepa2_vit_giant_384,blocks.14,MST,test,sub-10,linear_predictivity,5919,135,0.2252071857979238,"[0.22719688756112985, 0.221487021667057, 0.21380737416466639, 0.22632685186356485, 0.23721779373320093]",,,,,
v_jepa/vjepa2_vit_giant_384,blocks.14,MT,train,sub-10,linear_predictivity,5919,86,0.10113866509285119,,"[10000.0, 10000.0, 10000.0, 10000.0, 10000.0]",0.5960548303633332,0.9860456256613015,0.40384519221527987,0.8955466123886712
v_jepa/vjepa2_vit_giant_384,blocks.14,MT,test,sub-10,linear_predictivity,5919,86,0.16360279317688448,"[0.1733187149988013, 0.15681644586439586, 0.15210668928119986, 0.16638578157331688, 0.16938633416670845]",,,,,
v_jepa/vjepa2_vit_giant_384,blocks.14,FST,train,sub-10,linear_predictivity,5919,167,0.03719062222397634,,"[10000.0, 10000.0, 10000.0, 31622.776601683796, 10000.0]",0.5159110458065894,1.0179319748020939,0.4831944726998866,0.9580942255720485
v_jepa/vjepa2_vit_giant_384,blocks.14,FST,test,sub-10,linear_predictivity,5919,167,0.07080479956932138,"[0.0727658384958188, 0.07171720859355299, 0.0674578052606827, 0.06698226172145551, 0.07510088377509695]",,,,,
v_jepa/vjepa2_vit_giant_384,blocks.14,LO1,train,sub-10,linear_predictivity,5919,78,0.0826203746994774,,"[10000.0, 10000.0, 10000.0, 10000.0, 10000.0]",0.5841254265829046,0.9962768299925739,0.41573670669010443,0.9131740116599179
v_jepa/vjepa2_vit_giant_384,blocks.14,LO1,test,sub-10,linear_predictivity,5919,78,0.10646160963957688,"[0.1136993044408785, 0.10640429171663622, 0.08817948538836833, 0.10909227843852384, 0.11493268821347741]",,,,,
v_jepa/vjepa2_vit_giant_384,blocks.14,LO2,train,sub-10,linear_predictivity,5919,80,0.06733856271420914,,"[10000.0, 10000.0, 10000.0, 10000.0, 10000.0]",0.5758563797720245,1.0132765101362673,0.42404182880458424,0.9295399217367777
v_jepa/vjepa2_vit_giant_384,blocks.14,LO2,test,sub-10,linear_predictivity,5919,80,0.09177503550108354,"[0.10961091551474367, 0.08453905335527623, 0.07743310558505004, 0.08830327823034653, 0.09898882482000125]",,,,,
v_jepa/vjepa2_vit_giant_384,blocks.14,LO3,train,sub-10,linear_predictivity,5919,113,0.05341057489319875,,"[10000.0, 10000.0, 31622.776601683796, 31622.776601683796, 10000.0]",0.47016096510077504,1.0142411049454698,0.5288092585251982,0.9421273360296123
v_jepa/vjepa2_vit_giant_384,blocks.14,LO3,test,sub-10,linear_predictivity,5919,113,0.050138290527946786,"[0.04882760053778233, 0.02583392308252771, 0.056248509036528775, 0.05627221573290095, 0.06350920424999415]",,,,,
v_jepa/vjepa2_vit_giant_384,blocks.14,V7,train,sub-10,linear_predictivity,5919,61,0.03382075639276465,,"[10000.0, 10000.0, 31622.776601683796, 31622.776601683796, 10000.0]",0.4562371255610357,1.0262464290040147,0.5419546931544462,0.9625861540449021
v_jepa/vjepa2_vit_giant_384,blocks.14,V7,test,sub-10,linear_predictivity,5919,61,0.01710424309561077,"[0.007678745666698428, 0.013473053021932134, 0.02792328425213973, 0.01877808009250522, 0.017668052444778343]",,,,,
v_jepa/vjepa2_vit_giant_384,blocks.14,IP0,train,sub-10,linear_predictivity,5919,103,0.01978850841737855,,"[31622.776601683796, 31622.776601683796, 31622.776601683796, 31622.776601683796, 31622.776601683796]",0.2823487104997006,1.0539061365959794,0.7174923075893689,0.9765453897655579
v_jepa/vjepa2_vit_giant_384,blocks.14,IP0,test,sub-10,linear_predictivity,5919,103,0.025699137010348694,"[0.024624387010255863, 0.021218093752791354, 0.03718950999028979, 0.02887557536635717, 0.016588118932049305]",,,,,
v_jepa/vjepa2_vit_giant_384,blocks.14,IP1,train,sub-10,linear_predictivity,5919,33,-0.0037690200685796794,,"[100000.0, 100000.0, 100000.0, 316227.7660168379, 100000.0]",0.09136322813992429,1.086153702812604,0.9081839204632617,1.0007430466972305
v_jepa/vjepa2_vit_giant_384,blocks.14,IP1,test,sub-10,linear_predictivity,5919,33,0.008600006816942344,"[0.004841244546565581, 0.009954591031687603, 0.012006122712430092, 0.003677812970641578, 0.012520262823386868]",,,,,
v_jepa/vjepa2_vit_giant_384,blocks.14,MIP,train,sub-10,linear_predictivity,5919,178,-0.00010319156640804341,,"[100000.0, 100000.0, 100000.0, 100000.0, 31622.776601683796]",0.1436748160836852,1.0652372081456574,0.8559550261699688,0.9945181299262673
v_jepa/vjepa2_vit_giant_384,blocks.14,MIP,test,sub-10,linear_predictivity,5919,178,0.012081125413057118,"[0.013300378013595286, 0.012154633858873222, 0.01986211651317427, 0.020660511946483908, -0.005572013266841106]",,,,,
v_jepa/vjepa2_vit_giant_384,blocks.14,VIP,train,sub-10,linear_predictivity,5919,100,0.0204097519060283,,"[31622.776601683796, 31622.776601683796, 31622.776601683796, 31622.776601683796, 31622.776601683796]",0.28164681922063084,1.0483108781999801,0.7182088807195617,0.9764395175315738
v_jepa/vjepa2_vit_giant_384,blocks.14,VIP,test,sub-10,linear_predictivity,5919,100,0.020591205915018135,"[0.015709285295303008, 0.021616612878655204, 0.026366857563990344, 0.021486698505156276, 0.01777657533198584]",,,,,
v_jepa/vjepa2_vit_giant_384,blocks.14,LIPd,train,sub-10,linear_predictivity,5919,31,-0.003696449951956338,,"[316227.7660168379, 316227.7660168379, 100000.0, 316227.7660168379, 316227.7660168379]",0.05019340642662891,1.09856550815453,0.9495250227880403,1.0005958880762846
v_jepa/vjepa2_vit_giant_384,blocks.14,LIPd,test,sub-10,linear_predictivity,5919,31,0.006192749099044934,"[0.0066859401315062265, 0.0028682377815418647, 0.013499266826162022, 0.0034564491503140207, 0.004453851605700532]",,,,,
v_jepa/vjepa2_vit_giant_384,blocks.14,LIPv,train,sub-10,linear_predictivity,5919,75,0.011951352783149174,,"[31622.776601683796, 31622.776601683796, 31622.776601683796, 31622.776601683796, 31622.776601683796]",0.27643227468810555,1.0634386351557839,0.7234085417016719,0.98430850089849
v_jepa/vjepa2_vit_giant_384,blocks.14,LIPv,test,sub-10,linear_predictivity,5919,75,0.007807761421723777,"[0.001954339353809694, 0.005998800060709054, 0.01592423366146851, 0.00851762151906105, 0.0066438125135705765]",,,,,
v_jepa/vjepa2_vit_giant_384,blocks.14,AIP,train,sub-10,linear_predictivity,5919,409,-0.0034598410941827943,,"[100000.0, 100000.0, 100000.0, 100000.0, 100000.0]",0.10688054334631603,1.0797632013015397,0.8928201293423677,0.9978638676756905
v_jepa/vjepa2_vit_giant_384,blocks.14,AIP,test,sub-10,linear_predictivity,5919,409,-0.0019224669265632418,"[-0.006950066835328298, -0.004231904989307859, 0.0016883280292552003, 0.0025978530824423323, -0.0027165439198775856]",,,,,
v_jepa/vjepa2_vit_giant_384,blocks.14,7Pm,train,sub-10,linear_predictivity,5919,21,0.007193504272580143,,"[100000.0, 31622.776601683796, 100000.0, 100000.0, 100000.0]",0.14531254019842668,1.0801417451283961,0.8543457896871356,0.9897216204483336
v_jepa/vjepa2_vit_giant_384,blocks.14,7Pm,test,sub-10,linear_predictivity,5919,21,0.026963533397156327,"[0.027849434846327032, 0.02728128361772763, 0.027136317515101833, 0.03390577464231331, 0.01864485636431181]",,,,,
v_jepa/vjepa2_vit_giant_384,blocks.14,7PL,train,sub-10,linear_predictivity,5919,106,0.020368644099598585,,"[31622.776601683796, 31622.776601683796, 31622.776601683796, 31622.776601683796, 31622.776601683796]",0.281452042679257,1.0603100822155682,0.7184187152313826,0.9766126324898876
v_jepa/vjepa2_vit_giant_384,blocks.14,7PL,test,sub-10,linear_predictivity,5919,106,0.04203105699841063,"[0.03886142850213943, 0.03814420931664744, 0.041400515769282185, 0.05533383747394442, 0.03641529393003964]",,,,,
v_jepa/vjepa2_vit_giant_384,blocks.14,7PC,train,sub-10,linear_predictivity,5919,224,0.005070556892124116,,"[31622.776601683796, 31622.776601683796, 31622.776601683796, 31622.776601683796, 31622.776601683796]",0.27323294678379567,1.0669531012247466,0.7264868276369689,0.9888877208843416
v_jepa/vjepa2_vit_giant_384,blocks.14,7PC,test,sub-10,linear_predictivity,5919,224,0.013086835256026812,"[0.006149977154718005, 0.019079862285254653, 0.015393856455923395, 0.007920369783722559, 0.016890110600515453]",,,,,
v_jepa/vjepa2_vit_giant_384,blocks.14,7Am,train,sub-10,linear_predictivity,5919,186,0.009098911497485304,,"[31622.776601683796, 31622.776601683796, 31622.776601683796, 31622.776601683796, 31622.776601683796]",0.2755372760093799,1.0699992994425824,0.7242454038624355,0.9861198722639439
v_jepa/vjepa2_vit_giant_384,blocks.14,7Am,test,sub-10,linear_predictivity,5919,186,0.010017948403167476,"[0.006630880837112435, 0.02385279287171749, 0.0002535394000295791, 0.016097489523090595, 0.003255039383887274]",,,,,
v_jepa/vjepa2_vit_giant_384,blocks.14,7AL,train,sub-10,linear_predictivity,5919,158,-0.0031313332730155386,,"[100000.0, 100000.0, 31622.776601683796, 100000.0, 31622.776601683796]",0.1728829773518837,1.0739365885402172,0.8272467114810542,0.9976002096033284
v_jepa/vjepa2_vit_giant_384,blocks.14,7AL,test,sub-10,linear_predictivity,5919,158,-0.005644289012748392,"[-0.0034646560793763887, 0.007416393869803541, -0.016636904843816695, 0.0010163601999822807, -0.0165526382103347]",,,,,
v_jepa/vjepa2_vit_giant_384,blocks.14,VVC,train,sub-10,linear_predictivity,5919,196,0.01900945684011444,,"[31622.776601683796, 31622.776601683796, 31622.776601683796, 31622.776601683796, 31622.776601683796]",0.28068712935340134,1.0494341343330176,0.719124676770425,0.9769359032267347
v_jepa/vjepa2_vit_giant_384,blocks.14,VVC,test,sub-10,linear_predictivity,5919,196,0.03395661005510808,"[0.03449195991140197, 0.031543914795403596, 0.03749874195960344, 0.03799596203575572, 0.02825247157337569]",,,,,
v_jepa/vjepa2_vit_giant_384,blocks.14,VMV2,train,sub-10,linear_predictivity,5919,94,0.06458209787476353,,"[10000.0, 10000.0, 10000.0, 10000.0, 10000.0]",0.577634125192781,1.0076148453625016,0.4222479849331986,0.9311873860212835
v_jepa/vjepa2_vit_giant_384,blocks.14,VMV2,test,sub-10,linear_predictivity,5919,94,0.10707190185074349,"[0.09783628668749658, 0.09402662823994544, 0.11341691246117253, 0.12406959448625605, 0.10601008737884687]",,,,,
v_jepa/vjepa2_vit_giant_384,blocks.14,VMV3,train,sub-10,linear_predictivity,5919,98,0.03366489475375708,,"[31622.776601683796, 31622.776601683796, 10000.0, 31622.776601683796, 10000.0]",0.4017910069232215,1.0268605970376457,0.5988200371072893,0.9621437745988098
v_jepa/vjepa2_vit_giant_384,blocks.14,VMV3,test,sub-10,linear_predictivity,5919,98,0.026689037161781125,"[0.03128668073290578, 0.01682096472278234, 0.0391166953305404, 0.01528202480124726, 0.030938820221429852]",,,,,
v_jepa/vjepa2_vit_giant_384,blocks.14,VMV1,train,sub-10,linear_predictivity,5919,42,0.04074455114048772,,"[31622.776601683796, 31622.776601683796, 31622.776601683796, 31622.776601683796, 31622.776601683796]",0.30033890760946186,1.0291162964158331,0.699376812524523,0.9532871001047625
v_jepa/vjepa2_vit_giant_384,blocks.14,VMV1,test,sub-10,linear_predictivity,5919,42,0.0866589069552127,"[0.0837213686058994, 0.08623710977326333, 0.08565095507673182, 0.09089874343653374, 0.08678635788363517]",,,,,
v_jepa/vjepa2_vit_giant_384,blocks.14,PHA2,train,sub-10,linear_predictivity,5919,21,0.022772383436864527,,"[31622.776601683796, 31622.776601683796, 31622.776601683796, 31622.776601683796, 31622.776601683796]",0.2853898811185385,1.0487454185880487,0.7143610982681755,0.9716576034475931
v_jepa/vjepa2_vit_giant_384,blocks.14,PHA2,test,sub-10,linear_predictivity,5919,21,0.054184156737185865,"[0.04930233000872987, 0.04811965731550651, 0.04788632066052942, 0.06983718818311845, 0.05577528751804504]",,,,,
v_jepa/vjepa2_vit_giant_384,blocks.14,PHA3,train,sub-10,linear_predictivity,5919,104,0.03107491910935504,,"[31622.776601683796, 31622.776601683796, 31622.776601683796, 31622.776601683796, 31622.776601683796]",0.2905954350564135,1.0404458196702293,0.7092021758414073,0.9648169452616167
v_jepa/vjepa2_vit_giant_384,blocks.14,PHA3,test,sub-10,linear_predictivity,5919,104,0.08129885266262031,"[0.08358760824256045, 0.07149112619525051, 0.07765763483121893, 0.09090106705252336, 0.08285682699154834]",,,,,
v_jepa/vjepa2_vit_giant_384,blocks.14,PH,train,sub-10,linear_predictivity,5919,261,0.033701698528250376,,"[31622.776601683796, 31622.776601683796, 31622.776601683796, 31622.776601683796, 31622.776601683796]",0.29229740593814235,1.0352339083524114,0.7075380707966059,0.9628980971526273
v_jepa/vjepa2_vit_giant_384,blocks.14,PH,test,sub-10,linear_predictivity,5919,261,0.047743364037919296,"[0.049137563112695806, 0.04341214160256829, 0.0490499805121691, 0.04873909703196935, 0.048378037930193935]",,,,,
v_jepa/vjepa2_vit_giant_384,blocks.17,V1,train,sub-10,linear_predictivity,5919,553,0.17611957074880438,,"[10000.0, 10000.0, 10000.0, 10000.0, 10000.0]",0.6341738776103956,0.9380357807057962,0.36571475270636516,0.8201642676457611
v_jepa/vjepa2_vit_giant_384,blocks.17,V1,test,sub-10,linear_predictivity,5919,553,0.24812045592400495,"[0.2443709223412197, 0.2508256945930741, 0.2512036707110772, 0.2453992165209269, 0.24880277545372684]",,,,,
v_jepa/vjepa2_vit_giant_384,blocks.17,V2,train,sub-10,linear_predictivity,5919,516,0.14771018957922874,,"[10000.0, 10000.0, 10000.0, 10000.0, 10000.0]",0.6213831840963369,0.954238835962512,0.37849948031402547,0.8483571852412857
v_jepa/vjepa2_vit_giant_384,blocks.17,V2,test,sub-10,linear_predictivity,5919,516,0.2034982140526668,"[0.19884272457735291, 0.20487852623668074, 0.21089280725779655, 0.2002347465170027, 0.20264226567450094]",,,,,
v_jepa/vjepa2_vit_giant_384,blocks.17,V3,train,sub-10,linear_predictivity,5919,400,0.1612890588827378,,"[10000.0, 10000.0, 10000.0, 10000.0, 10000.0]",0.6272668250696427,0.9443686384052317,0.37262674889082675,0.8352162622083144
v_jepa/vjepa2_vit_giant_384,blocks.17,V3,test,sub-10,linear_predictivity,5919,400,0.22937500403267821,"[0.22033778655506747, 0.23445447541970998, 0.23243483180880076, 0.22983769974648838, 0.22981022663332445]",,,,,
v_jepa/vjepa2_vit_giant_384,blocks.17,V4,train,sub-10,linear_predictivity,5919,574,0.11921697092745728,,"[10000.0, 10000.0, 10000.0, 10000.0, 10000.0]",0.6083181899132037,0.9729129398701636,0.39156758705408656,0.8770687227662382
v_jepa/vjepa2_vit_giant_384,blocks.17,V4,test,sub-10,linear_predictivity,5919,574,0.16065715532340644,"[0.15634766220701535, 0.1614687837373553, 0.162030796592174, 0.16023510331874125, 0.1632034307617463]",,,,,
v_jepa/vjepa2_vit_giant_384,blocks.17,V3A,train,sub-10,linear_predictivity,5919,85,0.09383353684835374,,"[10000.0, 10000.0, 10000.0, 10000.0, 10000.0]",0.5965984530340555,0.9945070778776082,0.40328825073399255,0.9023816323199414
v_jepa/vjepa2_vit_giant_384,blocks.17,V3A,test,sub-10,linear_predictivity,5919,85,0.1522519263213269,"[0.15353048572116404, 0.16185137113264686, 0.14853430460986183, 0.14984850939989197, 0.14749496074306984]",,,,,
v_jepa/vjepa2_vit_giant_384,blocks.17,V3B,train,sub-10,linear_predictivity,5919,99,0.05630386149590551,,"[31622.776601683796, 10000.0, 31622.776601683796, 31622.776601683796, 10000.0]",0.42023510526935814,1.0192157172727931,0.5805377447881794,0.9413019619919736
v_jepa/vjepa2_vit_giant_384,blocks.17,V3B,test,sub-10,linear_predictivity,5919,99,0.05668670633949158,"[0.06144937931885264, 0.043597336401596395, 0.07175195854865517, 0.056145982791291384, 0.050488874637062316]",,,,,
v_jepa/vjepa2_vit_giant_384,blocks.17,V6,train,sub-10,linear_predictivity,5919,11,0.14522783112583929,,"[10000.0, 10000.0, 31622.776601683796, 31622.776601683796, 10000.0]",0.5231527947877092,0.9598999345885553,0.47621693582417135,0.851070779599253
v_jepa/vjepa2_vit_giant_384,blocks.17,V6,test,sub-10,linear_predictivity,5919,11,0.28170799979448224,"[0.28269717602597827, 0.27657226502704735, 0.282078833592238, 0.28475132170344425, 0.2824404026237033]",,,,,
v_jepa/vjepa2_vit_giant_384,blocks.17,V6A,train,sub-10,linear_predictivity,5919,45,0.031163844430709086,,"[31622.776601683796, 31622.776601683796, 31622.776601683796, 31622.776601683796, 31622.776601683796]",0.2936607370746997,1.0399965609085384,0.7061480590035092,0.9650602278667779
v_jepa/vjepa2_vit_giant_384,blocks.17,V6A,test,sub-10,linear_predictivity,5919,45,0.06927293049768697,"[0.06805457721231513, 0.07377534002180658, 0.07002410165719654, 0.0679696293449024, 0.06654100425221421]",,,,,
v_jepa/vjepa2_vit_giant_384,blocks.17,V7,train,sub-10,linear_predictivity,5919,61,0.05723710136440188,,"[10000.0, 10000.0, 10000.0, 10000.0, 10000.0]",0.5794842013753766,1.0144519023755376,0.4204059358668458,0.9391362514250119
v_jepa/vjepa2_vit_giant_384,blocks.17,V7,test,sub-10,linear_predictivity,5919,61,0.044479066475496355,"[0.032687250363063296, 0.05533505239418925, 0.05237040097239967, 0.043773383974261164, 0.03822924467356837]",,,,,
v_jepa/vjepa2_vit_giant_384,blocks.17,V8,train,sub-10,linear_predictivity,5919,96,0.08959239417455335,,"[10000.0, 10000.0, 10000.0, 10000.0, 10000.0]",0.5957938834066688,0.9872703359591771,0.4040898418965382,0.9064202563302196
v_jepa/vjepa2_vit_giant_384,blocks.17,V8,test,sub-10,linear_predictivity,5919,96,0.15343755357641667,"[0.15932071041154441, 0.150124464539836, 0.16558006925552884, 0.14699806609355226, 0.14516445758162175]",,,,,
v_jepa/vjepa2_vit_giant_384,blocks.17,FFC,train,sub-10,linear_predictivity,5919,244,0.0565637311741916,,"[10000.0, 10000.0, 10000.0, 10000.0, 10000.0]",0.5814496565063078,1.0165131479304321,0.4184601282251778,0.9403715510436162
v_jepa/vjepa2_vit_giant_384,blocks.17,FFC,test,sub-10,linear_predictivity,5919,244,0.08608339221330374,"[0.0847907770193768, 0.07757111629189953, 0.08738468198364127, 0.09397025352987842, 0.08670013224172267]",,,,,
v_jepa/vjepa2_vit_giant_384,blocks.17,PIT,train,sub-10,linear_predictivity,5919,100,0.07636140978215927,,"[10000.0, 10000.0, 10000.0, 10000.0, 10000.0]",0.5902149228656807,0.9983911036427429,0.4096559981037335,0.9197941676873264
v_jepa/vjepa2_vit_giant_384,blocks.17,PIT,test,sub-10,linear_predictivity,5919,100,0.10186882797875126,"[0.09589994720968024, 0.0999870805617479, 0.09659306054315266, 0.10356507105257914, 0.11329898052659637]",,,,,
v_jepa/vjepa2_vit_giant_384,blocks.17,IPS1,train,sub-10,linear_predictivity,5919,166,0.01475123163136959,,"[31622.776601683796, 31622.776601683796, 31622.776601683796, 31622.776601683796, 31622.776601683796]",0.283383901589509,1.052833943117573,0.7164273008746107,0.9811508157397204
v_jepa/vjepa2_vit_giant_384,blocks.17,IPS1,test,sub-10,linear_predictivity,5919,166,0.04322055806726785,"[0.034015862588401564, 0.03949729229634975, 0.055256144349287675, 0.04544611214377307, 0.0418873789585272]",,,,,
v_jepa/vjepa2_vit_giant_384,blocks.17,MST,train,sub-10,linear_predictivity,5919,135,0.16034923530970055,,"[10000.0, 10000.0, 10000.0, 10000.0, 10000.0]",0.6284474656925856,0.9471788022569072,0.37143177329923766,0.8358023620937158
v_jepa/vjepa2_vit_giant_384,blocks.17,MST,test,sub-10,linear_predictivity,5919,135,0.2375949791930117,"[0.23244904314477674, 0.23821898446610681, 0.2314573126454139, 0.24202818400642842, 0.24382137170233253]",,,,,
v_jepa/vjepa2_vit_giant_384,blocks.17,MT,train,sub-10,linear_predictivity,5919,86,0.11695236944665659,,"[10000.0, 10000.0, 10000.0, 10000.0, 10000.0]",0.6101259905881558,0.9761791984849912,0.3897696296780905,0.8797220213424932
v_jepa/vjepa2_vit_giant_384,blocks.17,MT,test,sub-10,linear_predictivity,5919,86,0.18064972199118076,"[0.1883116072069955, 0.176235244270326, 0.17984246462544484, 0.17857286924743598, 0.18028642460570155]",,,,,
v_jepa/vjepa2_vit_giant_384,blocks.17,FST,train,sub-10,linear_predictivity,5919,167,0.05584712890991469,,"[10000.0, 10000.0, 10000.0, 10000.0, 10000.0]",0.5836166575896027,1.0097692056736332,0.4162304588621192,0.9392122634888651
v_jepa/vjepa2_vit_giant_384,blocks.17,FST,test,sub-10,linear_predictivity,5919,167,0.09740635661284834,"[0.08951459233874394, 0.10333312264252491, 0.09335129220044748, 0.10639545022263631, 0.0944373256598891]",,,,,
v_jepa/vjepa2_vit_giant_384,blocks.17,LO1,train,sub-10,linear_predictivity,5919,78,0.09779504445177854,,"[10000.0, 10000.0, 10000.0, 10000.0, 10000.0]",0.5980118536362765,0.9902656348187984,0.40184453694977496,0.8979792558741277
v_jepa/vjepa2_vit_giant_384,blocks.17,LO1,test,sub-10,linear_predictivity,5919,78,0.11665047685994478,"[0.11532936735690655, 0.12041607281418625, 0.10726601143563219, 0.12092379973641361, 0.11931713295658539]",,,,,
v_jepa/vjepa2_vit_giant_384,blocks.17,LO2,train,sub-10,linear_predictivity,5919,80,0.08758195059596724,,"[10000.0, 10000.0, 10000.0, 10000.0, 10000.0]",0.5925359580619657,0.9972537289665887,0.4073581273790497,0.909315610214566
v_jepa/vjepa2_vit_giant_384,blocks.17,LO2,test,sub-10,linear_predictivity,5919,80,0.1286661331312814,"[0.13494436575040045, 0.1268191813979056, 0.11922989733418825, 0.13289105945166166, 0.12944616172225096]",,,,,
v_jepa/vjepa2_vit_giant_384,blocks.17,LO3,train,sub-10,linear_predictivity,5919,113,0.0740125849903689,,"[10000.0, 10000.0, 10000.0, 10000.0, 10000.0]",0.5905419987478016,1.0023528607115881,0.4093123130550976,0.9214539662045587
v_jepa/vjepa2_vit_giant_384,blocks.17,LO3,test,sub-10,linear_predictivity,5919,113,0.06939407079749968,"[0.07098234586697093, 0.04974077923063476, 0.07378981594009618, 0.06906579818639173, 0.08339161476340481]",,,,,
v_jepa/vjepa2_vit_giant_384,blocks.17,V7,train,sub-10,linear_predictivity,5919,61,0.05723710136440188,,"[10000.0, 10000.0, 10000.0, 10000.0, 10000.0]",0.5794842013753766,1.0144519023755376,0.4204059358668458,0.9391362514250119
v_jepa/vjepa2_vit_giant_384,blocks.17,V7,test,sub-10,linear_predictivity,5919,61,0.044479066475496355,"[0.032687250363063296, 0.05533505239418925, 0.05237040097239967, 0.043773383974261164, 0.03822924467356837]",,,,,
v_jepa/vjepa2_vit_giant_384,blocks.17,IP0,train,sub-10,linear_predictivity,5919,103,0.028217577806380807,,"[31622.776601683796, 31622.776601683796, 31622.776601683796, 31622.776601683796, 31622.776601683796]",0.2910630711562789,1.0428684646907995,0.7087735251741852,0.9680947592749449
v_jepa/vjepa2_vit_giant_384,blocks.17,IP0,test,sub-10,linear_predictivity,5919,103,0.034974897453386215,"[0.03067070589962244, 0.028941896031294524, 0.048337500351017235, 0.03956604213831075, 0.027358342846686142]",,,,,
v_jepa/vjepa2_vit_giant_384,blocks.17,IP1,train,sub-10,linear_predictivity,5919,33,-0.002813715933053432,,"[100000.0, 100000.0, 100000.0, 316227.7660168379, 100000.0]",0.09327824956822948,1.0773514688021506,0.9062616173780725,0.9998262402809889
v_jepa/vjepa2_vit_giant_384,blocks.17,IP1,test,sub-10,linear_predictivity,5919,33,0.007738310825373096,"[0.0035878574095170794, 0.006904995001747978, 0.012705107510504215, 0.003442468594965893, 0.012051125610130317]",,,,,
v_jepa/vjepa2_vit_giant_384,blocks.17,MIP,train,sub-10,linear_predictivity,5919,178,0.002648729490411006,,"[100000.0, 31622.776601683796, 31622.776601683796, 100000.0, 31622.776601683796]",0.21234437619620516,1.0578078414664713,0.7865686500358118,0.991776224874714
v_jepa/vjepa2_vit_giant_384,blocks.17,MIP,test,sub-10,linear_predictivity,5919,178,0.014055109883353295,"[0.016340757309771917, 0.008552345058600674, 0.023024052360961403, 0.021044613626344324, 0.0013137810610881664]",,,,,
v_jepa/vjepa2_vit_giant_384,blocks.17,VIP,train,sub-10,linear_predictivity,5919,100,0.02615175948879232,,"[31622.776601683796, 31622.776601683796, 31622.776601683796, 31622.776601683796, 31622.776601683796]",0.2897097026415799,1.0444036200070979,0.7101414156666794,0.9706725657075468
v_jepa/vjepa2_vit_giant_384,blocks.17,VIP,test,sub-10,linear_predictivity,5919,100,0.03358368177692814,"[0.03212307414400472, 0.033565021783804286, 0.04200883223269839, 0.03025401943013291, 0.02996746129400039]",,,,,
v_jepa/vjepa2_vit_giant_384,blocks.17,LIPd,train,sub-10,linear_predictivity,5919,31,-0.0012683190481544476,,"[100000.0, 100000.0, 100000.0, 100000.0, 100000.0]",0.10626501738230243,1.081065299190365,0.8935671086755536,0.9982277585701368
v_jepa/vjepa2_vit_giant_384,blocks.17,LIPd,test,sub-10,linear_predictivity,5919,31,0.008741851868959084,"[0.01138850648056021, 0.006855471377801697, 0.011944387488566471, 0.007148148477016488, 0.006372745520850557]",,,,,
v_jepa/vjepa2_vit_giant_384,blocks.17,LIPv,train,sub-10,linear_predictivity,5919,75,0.015710046160951275,,"[31622.776601683796, 31622.776601683796, 31622.776601683796, 31622.776601683796, 31622.776601683796]",0.28341538626258533,1.0579466808138398,0.7164287895730245,0.9805972400471961
v_jepa/vjepa2_vit_giant_384,blocks.17,LIPv,test,sub-10,linear_predictivity,5919,75,0.01624874899284678,"[0.012540887684228263, 0.01350960223615345, 0.024829476809878178, 0.01538442016519551, 0.014979358068778505]",,,,,
v_jepa/vjepa2_vit_giant_384,blocks.17,AIP,train,sub-10,linear_predictivity,5919,409,-0.004323398062623666,,"[100000.0, 31622.776601683796, 31622.776601683796, 100000.0, 31622.776601683796]",0.20718295256329325,1.074698792878724,0.7915872576735217,0.998587613648548
v_jepa/vjepa2_vit_giant_384,blocks.17,AIP,test,sub-10,linear_predictivity,5919,409,-0.00683675596902929,"[-0.002876892352245304, -0.014473467438536142, -0.007000285880596563, 0.004653717939813239, -0.01448685211358168]",,,,,
v_jepa/vjepa2_vit_giant_384,blocks.17,7Pm,train,sub-10,linear_predictivity,5919,21,0.0076492266278486406,,"[100000.0, 31622.776601683796, 31622.776601683796, 100000.0, 100000.0]",0.17990637444122975,1.0726074697736956,0.8203232799975126,0.9891371411690294
v_jepa/vjepa2_vit_giant_384,blocks.17,7Pm,test,sub-10,linear_predictivity,5919,21,0.029645344903009713,"[0.028644504145653255, 0.03162409784037037, 0.0340388096547663, 0.03333782132236076, 0.02058149155189786]",,,,,
v_jepa/vjepa2_vit_giant_384,blocks.17,7PL,train,sub-10,linear_predictivity,5919,106,0.025586824739895334,,"[31622.776601683796, 31622.776601683796, 31622.776601683796, 31622.776601683796, 31622.776601683796]",0.2887648157499204,1.0484331696641078,0.711097607388106,0.9713227608443626
v_jepa/vjepa2_vit_giant_384,blocks.17,7PL,test,sub-10,linear_predictivity,5919,106,0.05322110196730754,"[0.05000757509787593, 0.04860526823556083, 0.05929900825091105, 0.059277014774259514, 0.04891664347793035]",,,,,
v_jepa/vjepa2_vit_giant_384,blocks.17,7PC,train,sub-10,linear_predictivity,5919,224,0.010311675966531458,,"[31622.776601683796, 31622.776601683796, 31622.776601683796, 31622.776601683796, 31622.776601683796]",0.2805817375059114,1.0587791532489577,0.7191444868756844,0.983742899371798
v_jepa/vjepa2_vit_giant_384,blocks.17,7PC,test,sub-10,linear_predictivity,5919,224,0.02951441172140168,"[0.021982494713832307, 0.036801876035153655, 0.028405615478752783, 0.026538267424975764, 0.03384380495429387]",,,,,
v_jepa/vjepa2_vit_giant_384,blocks.17,7Am,train,sub-10,linear_predictivity,5919,186,0.012558796623119406,,"[31622.776601683796, 31622.776601683796, 31622.776601683796, 31622.776601683796, 31622.776601683796]",0.2814730060639532,1.0643899761175297,0.7183093990900105,0.982613464686278
v_jepa/vjepa2_vit_giant_384,blocks.17,7Am,test,sub-10,linear_predictivity,5919,186,0.020230705558548306,"[0.0165211430943249, 0.030401527834982643, 0.014420107616220795, 0.02535818770971553, 0.014452561537497667]",,,,,
v_jepa/vjepa2_vit_giant_384,blocks.17,7AL,train,sub-10,linear_predictivity,5919,158,-0.0016014471725029076,,"[100000.0, 100000.0, 31622.776601683796, 31622.776601683796, 31622.776601683796]",0.2088342096167879,1.0724937810848085,0.7914029692257746,0.9959516652495811
v_jepa/vjepa2_vit_giant_384,blocks.17,7AL,test,sub-10,linear_predictivity,5919,158,0.003021456459771837,"[0.0024716240577974235, 0.012299914850636764, -0.0034089389206753066, 0.0023836808876862626, 0.0013610014234140425]",,,,,
v_jepa/vjepa2_vit_giant_384,blocks.17,VVC,train,sub-10,linear_predictivity,5919,196,0.02473208876742362,,"[31622.776601683796, 31622.776601683796, 31622.776601683796, 31622.776601683796, 31622.776601683796]",0.28885406173302314,1.0403667396076322,0.7109567942466903,0.9712418723452536
v_jepa/vjepa2_vit_giant_384,blocks.17,VVC,test,sub-10,linear_predictivity,5919,196,0.046169913638247365,"[0.0453060135658222, 0.04436271068654287, 0.04752140647827121, 0.051554553480078834, 0.0421048839805217]",,,,,
v_jepa/vjepa2_vit_giant_384,blocks.17,VMV2,train,sub-10,linear_predictivity,5919,94,0.08333602945405538,,"[10000.0, 10000.0, 10000.0, 10000.0, 10000.0]",0.5926220847236655,0.9972427658101204,0.40726183848882014,0.9123487343056305
v_jepa/vjepa2_vit_giant_384,blocks.17,VMV2,test,sub-10,linear_predictivity,5919,94,0.12735885564681063,"[0.12591326242297524, 0.1130543818206895, 0.13220925884921328, 0.14047810337364414, 0.12513927176753095]",,,,,
v_jepa/vjepa2_vit_giant_384,blocks.17,VMV3,train,sub-10,linear_predictivity,5919,98,0.05784559011274872,,"[10000.0, 10000.0, 10000.0, 10000.0, 10000.0]",0.580886752565495,1.005705685319651,0.4189979259247063,0.9378650070799281
v_jepa/vjepa2_vit_giant_384,blocks.17,VMV3,test,sub-10,linear_predictivity,5919,98,0.060401064083513666,"[0.06970118467520876, 0.05086200064407329, 0.07235938273778444, 0.04499259077920544, 0.0640901615812964]",,,,,
v_jepa/vjepa2_vit_giant_384,blocks.17,VMV1,train,sub-10,linear_predictivity,5919,42,0.04551608106114265,,"[10000.0, 10000.0, 31622.776601683796, 31622.776601683796, 31622.776601683796]",0.4164381220374282,1.022110017389069,0.5832324906025741,0.9485644801827066
v_jepa/vjepa2_vit_giant_384,blocks.17,VMV1,test,sub-10,linear_predictivity,5919,42,0.08578413912042089,"[0.07636057957143308, 0.07080205350930838, 0.09391357882236694, 0.09691051991248531, 0.09093396378651074]",,,,,
v_jepa/vjepa2_vit_giant_384,blocks.17,PHA2,train,sub-10,linear_predictivity,5919,21,0.03363127618213575,,"[31622.776601683796, 31622.776601683796, 31622.776601683796, 31622.776601683796, 31622.776601683796]",0.2974842508636134,1.0294505521305908,0.7022717022030959,0.9609524244004313
v_jepa/vjepa2_vit_giant_384,blocks.17,PHA2,test,sub-10,linear_predictivity,5919,21,0.07337287886752573,"[0.07000224049758193, 0.06781196435240172, 0.06637484077434941, 0.08908151134461047, 0.07359383736868519]",,,,,
v_jepa/vjepa2_vit_giant_384,blocks.17,PHA3,train,sub-10,linear_predictivity,5919,104,0.03894640855840808,,"[31622.776601683796, 31622.776601683796, 31622.776601683796, 31622.776601683796, 31622.776601683796]",0.3000099558223011,1.0318959442943152,0.699782861106573,0.9568880378350375
v_jepa/vjepa2_vit_giant_384,blocks.17,PHA3,test,sub-10,linear_predictivity,5919,104,0.09549541289051713,"[0.09986617663551157, 0.08432420034323061, 0.09126335049108872, 0.10552972251836824, 0.09649361446438652]",,,,,
v_jepa/vjepa2_vit_giant_384,blocks.17,PH,train,sub-10,linear_predictivity,5919,261,0.0404378180780503,,"[10000.0, 10000.0, 10000.0, 31622.776601683796, 10000.0]",0.5195683931900376,1.0253994397550579,0.48042042445043726,0.9558849948537439
v_jepa/vjepa2_vit_giant_384,blocks.17,PH,test,sub-10,linear_predictivity,5919,261,0.05021235888259444,"[0.04141454918798452, 0.049869550743590806, 0.05615223956220839, 0.05991666574147654, 0.043708789177711975]",,,,,
v_jepa/vjepa2_vit_giant_384,blocks.19,V1,train,sub-10,linear_predictivity,5919,553,0.17810601211405183,,"[10000.0, 10000.0, 10000.0, 10000.0, 10000.0]",0.6393895579303186,0.9310327998910525,0.3604972401611299,0.8182325114434006
v_jepa/vjepa2_vit_giant_384,blocks.19,V1,test,sub-10,linear_predictivity,5919,553,0.23715424287958697,"[0.2335649796989684, 0.2422535530905449, 0.2369691250827929, 0.23594330497483343, 0.23704025155079528]",,,,,
v_jepa/vjepa2_vit_giant_384,blocks.19,V2,train,sub-10,linear_predictivity,5919,516,0.15207658708503222,,"[10000.0, 10000.0, 10000.0, 10000.0, 10000.0]",0.627738132255754,0.9465797397622946,0.372143387808913,0.8440304730291268
v_jepa/vjepa2_vit_giant_384,blocks.19,V2,test,sub-10,linear_predictivity,5919,516,0.2009366637792863,"[0.19373683928955462, 0.20644158983124009, 0.20595860912625158, 0.2010213133006342, 0.19752496734875083]",,,,,
v_jepa/vjepa2_vit_giant_384,blocks.19,V3,train,sub-10,linear_predictivity,5919,400,0.16668515593787175,,"[10000.0, 10000.0, 10000.0, 10000.0, 10000.0]",0.6340276898840734,0.9374389624658438,0.3658671089491826,0.8299304228266268
v_jepa/vjepa2_vit_giant_384,blocks.19,V3,test,sub-10,linear_predictivity,5919,400,0.2328956393165516,"[0.22203615787597053, 0.24176531696452763, 0.22903109528789778, 0.2362810887221501, 0.23536453773221197]",,,,,
v_jepa/vjepa2_vit_giant_384,blocks.19,V4,train,sub-10,linear_predictivity,5919,574,0.1333657462732472,,"[10000.0, 10000.0, 10000.0, 10000.0, 10000.0]",0.6198333810876815,0.9565555991600234,0.380055065057526,0.863074850125576
v_jepa/vjepa2_vit_giant_384,blocks.19,V4,test,sub-10,linear_predictivity,5919,574,0.18807889484152535,"[0.18369233993730927, 0.18966495087191262, 0.183340888651414, 0.19192712086083585, 0.1917691738861551]",,,,,
v_jepa/vjepa2_vit_giant_384,blocks.19,V3A,train,sub-10,linear_predictivity,5919,85,0.10159736142843162,,"[10000.0, 10000.0, 10000.0, 10000.0, 10000.0]",0.6047562641495322,0.9879495019214588,0.3951309403800055,0.894628106392046
v_jepa/vjepa2_vit_giant_384,blocks.19,V3A,test,sub-10,linear_predictivity,5919,85,0.18999814381420643,"[0.19271150560340464, 0.20916788079427315, 0.17381146261788302, 0.19520791992196163, 0.1790919501335098]",,,,,
v_jepa/vjepa2_vit_giant_384,blocks.19,V3B,train,sub-10,linear_predictivity,5919,99,0.0769783036319945,,"[10000.0, 10000.0, 10000.0, 10000.0, 10000.0]",0.5948989019683413,0.9997205540254688,0.4050498622763783,0.9208393882572865
v_jepa/vjepa2_vit_giant_384,blocks.19,V3B,test,sub-10,linear_predictivity,5919,99,0.09354210657180295,"[0.09190879416764104, 0.09210438342833899, 0.10626848210888654, 0.0832312276232728, 0.09419764553087542]",,,,,
v_jepa/vjepa2_vit_giant_384,blocks.19,V6,train,sub-10,linear_predictivity,5919,11,0.15535104182227266,,"[10000.0, 10000.0, 10000.0, 10000.0, 10000.0]",0.6285321435408633,0.9558960127630935,0.37134668144621286,0.8406171699313365
v_jepa/vjepa2_vit_giant_384,blocks.19,V6,test,sub-10,linear_predictivity,5919,11,0.3073042909367441,"[0.3106462277120164, 0.3132198686331421, 0.3007049908920493, 0.3051741428653061, 0.3067762245812068]",,,,,
v_jepa/vjepa2_vit_giant_384,blocks.19,V6A,train,sub-10,linear_predictivity,5919,45,0.039410465579732025,,"[10000.0, 31622.776601683796, 31622.776601683796, 31622.776601683796, 10000.0]",0.413360184185512,1.025461956782309,0.5857482120498395,0.956702832818897
v_jepa/vjepa2_vit_giant_384,blocks.19,V6A,test,sub-10,linear_predictivity,5919,45,0.10425712016253466,"[0.11109114657214583, 0.11277798700688803, 0.09766945856977315, 0.10341742964878596, 0.09632957901508026]",,,,,
v_jepa/vjepa2_vit_giant_384,blocks.19,V7,train,sub-10,linear_predictivity,5919,61,0.0690715851943702,,"[10000.0, 10000.0, 10000.0, 10000.0, 10000.0]",0.5903147597081434,1.0023733546578166,0.40958747493509773,0.9276502085431811
v_jepa/vjepa2_vit_giant_384,blocks.19,V7,test,sub-10,linear_predictivity,5919,61,0.10735520222804174,"[0.09436691168449739, 0.13523065485306615, 0.10266536992826038, 0.11169264941600728, 0.09282042525837758]",,,,,
v_jepa/vjepa2_vit_giant_384,blocks.19,V8,train,sub-10,linear_predictivity,5919,96,0.10702764688723648,,"[10000.0, 10000.0, 10000.0, 10000.0, 10000.0]",0.6095032392727122,0.9709954765710351,0.3903801517150739,0.8890866613300167
v_jepa/vjepa2_vit_giant_384,blocks.19,V8,test,sub-10,linear_predictivity,5919,96,0.20751131771174097,"[0.21288412529274547, 0.20675119498597772, 0.21240551315687717, 0.2054968395091085, 0.20001891561399598]",,,,,
v_jepa/vjepa2_vit_giant_384,blocks.19,FFC,train,sub-10,linear_predictivity,5919,244,0.06852919079323641,,"[10000.0, 10000.0, 10000.0, 10000.0, 10000.0]",0.5916553634464898,1.0034981680571669,0.4082503373213964,0.9284089559066258
v_jepa/vjepa2_vit_giant_384,blocks.19,FFC,test,sub-10,linear_predictivity,5919,244,0.11601387785347769,"[0.11808566021378473, 0.11013148919129084, 0.1099816838393561, 0.12489582667265514, 0.11697472935030166]",,,,,
v_jepa/vjepa2_vit_giant_384,blocks.19,PIT,train,sub-10,linear_predictivity,5919,100,0.09214041686983085,,"[10000.0, 10000.0, 10000.0, 10000.0, 10000.0]",0.6014946381869375,0.9852602258852716,0.39837542807576765,0.9040217114532851
v_jepa/vjepa2_vit_giant_384,blocks.19,PIT,test,sub-10,linear_predictivity,5919,100,0.12570483351729905,"[0.12108126353343523, 0.12660061313443677, 0.10809927282248308, 0.13267060232168662, 0.14007241577445345]",,,,,
v_jepa/vjepa2_vit_giant_384,blocks.19,IPS1,train,sub-10,linear_predictivity,5919,166,0.025361083104918088,,"[10000.0, 31622.776601683796, 31622.776601683796, 31622.776601683796, 10000.0]",0.40637501364000767,1.032308047786623,0.5930728359008055,0.9707157549074559
v_jepa/vjepa2_vit_giant_384,blocks.19,IPS1,test,sub-10,linear_predictivity,5919,166,0.07418334036968648,"[0.06672487356188464, 0.07211207893111586, 0.08240778222809392, 0.07674934520363583, 0.07292262192370215]",,,,,
v_jepa/vjepa2_vit_giant_384,blocks.19,MST,train,sub-10,linear_predictivity,5919,135,0.17498851408363597,,"[10000.0, 10000.0, 10000.0, 10000.0, 10000.0]",0.6388118668757198,0.9295041593043589,0.36106627478856185,0.8211692355394667
v_jepa/vjepa2_vit_giant_384,blocks.19,MST,test,sub-10,linear_predictivity,5919,135,0.2835699987177895,"[0.2789479527866191, 0.2877394597978783, 0.27775522885630993, 0.28464544446504086, 0.2887619076830993]",,,,,
v_jepa/vjepa2_vit_giant_384,blocks.19,MT,train,sub-10,linear_predictivity,5919,86,0.13397636566075777,,"[10000.0, 10000.0, 10000.0, 10000.0, 10000.0]",0.6215872051537545,0.9586194291157797,0.37831497951080867,0.8628493395377553
v_jepa/vjepa2_vit_giant_384,blocks.19,MT,test,sub-10,linear_predictivity,5919,86,0.22591778767035747,"[0.23648172889541877, 0.22208911717754434, 0.22275035228101228, 0.218557164173057, 0.229710575824755]",,,,,
v_jepa/vjepa2_vit_giant_384,blocks.19,FST,train,sub-10,linear_predictivity,5919,167,0.07301482845792605,,"[10000.0, 10000.0, 10000.0, 10000.0, 10000.0]",0.5962877225999959,0.9894539388830008,0.40356290982748844,0.9222093354160756
v_jepa/vjepa2_vit_giant_384,blocks.19,FST,test,sub-10,linear_predictivity,5919,167,0.14642270182154724,"[0.13638726641354373, 0.15535534660981765, 0.14170495294340818, 0.16004048368729187, 0.1386254594536748]",,,,,
v_jepa/vjepa2_vit_giant_384,blocks.19,LO1,train,sub-10,linear_predictivity,5919,78,0.11501226196252108,,"[10000.0, 10000.0, 10000.0, 10000.0, 10000.0]",0.6113311097543279,0.9681608001204772,0.38853047231149107,0.8809321009004705
v_jepa/vjepa2_vit_giant_384,blocks.19,LO1,test,sub-10,linear_predictivity,5919,78,0.16990041549122353,"[0.17430021078654626, 0.16788595800808603, 0.1503791677175838, 0.18079236951602468, 0.17614437142787684]",,,,,
v_jepa/vjepa2_vit_giant_384,blocks.19,LO2,train,sub-10,linear_predictivity,5919,80,0.10923043370584908,,"[10000.0, 10000.0, 10000.0, 10000.0, 10000.0]",0.6067074970622496,0.9773774276785628,0.3931850614177852,0.8877824279198855
v_jepa/vjepa2_vit_giant_384,blocks.19,LO2,test,sub-10,linear_predictivity,5919,80,0.16596261671457926,"[0.16844551102672667, 0.16597548191545788, 0.14891000107253258, 0.1766057380490586, 0.16987635150912062]",,,,,
v_jepa/vjepa2_vit_giant_384,blocks.19,LO3,train,sub-10,linear_predictivity,5919,113,0.0964137826140708,,"[10000.0, 10000.0, 10000.0, 10000.0, 10000.0]",0.6052318968806694,0.979247242269954,0.394621698900107,0.8991105284042865
v_jepa/vjepa2_vit_giant_384,blocks.19,LO3,test,sub-10,linear_predictivity,5919,113,0.1267608467409816,"[0.13741005167017456, 0.10866483645558207, 0.1189829252357987, 0.1302785216619763, 0.13846789868137638]",,,,,
v_jepa/vjepa2_vit_giant_384,blocks.19,V7,train,sub-10,linear_predictivity,5919,61,0.0690715851943702,,"[10000.0, 10000.0, 10000.0, 10000.0, 10000.0]",0.5903147597081434,1.0023733546578166,0.40958747493509773,0.9276502085431811
v_jepa/vjepa2_vit_giant_384,blocks.19,V7,test,sub-10,linear_predictivity,5919,61,0.10735520222804174,"[0.09436691168449739, 0.13523065485306615, 0.10266536992826038, 0.11169264941600728, 0.09282042525837758]",,,,,
v_jepa/vjepa2_vit_giant_384,blocks.19,IP0,train,sub-10,linear_predictivity,5919,103,0.040342220532669774,,"[10000.0, 10000.0, 10000.0, 31622.776601683796, 10000.0]",0.5233279831769634,1.0227600723378298,0.4760918316908477,0.9559024434725334
v_jepa/vjepa2_vit_giant_384,blocks.19,IP0,test,sub-10,linear_predictivity,5919,103,0.06424478019604127,"[0.05783064213406937, 0.05799051276692098, 0.08557432653808157, 0.06980651102020416, 0.05002190852093021]",,,,,
v_jepa/vjepa2_vit_giant_384,blocks.19,IP1,train,sub-10,linear_predictivity,5919,33,-0.000826366338899192,,"[31622.776601683796, 100000.0, 31622.776601683796, 100000.0, 31622.776601683796]",0.20929789640368104,1.067183419997931,0.7902026033353828,0.9975974684884971
v_jepa/vjepa2_vit_giant_384,blocks.19,IP1,test,sub-10,linear_predictivity,5919,33,0.010506188830756671,"[-0.0001270855391178613, 0.008967602958266815, 0.01976595179535739, 0.012246831228218014, 0.011677643711059]",,,,,
v_jepa/vjepa2_vit_giant_384,blocks.19,MIP,train,sub-10,linear_predictivity,5919,178,0.012559892846517711,,"[31622.776601683796, 31622.776601683796, 31622.776601683796, 31622.776601683796, 31622.776601683796]",0.285595605061569,1.0442856358865789,0.7141502840180107,0.9816430047000926
v_jepa/vjepa2_vit_giant_384,blocks.19,MIP,test,sub-10,linear_predictivity,5919,178,0.0320798109590047,"[0.02593634418542286, 0.028607903097724104, 0.04161069766757746, 0.03778941516347389, 0.026454694680825175]",,,,,
v_jepa/vjepa2_vit_giant_384,blocks.19,VIP,train,sub-10,linear_predictivity,5919,100,0.03134400019828887,,"[31622.776601683796, 31622.776601683796, 10000.0, 31622.776601683796, 31622.776601683796]",0.3536486676478606,1.0331005142761538,0.6462579601128335,0.9654653573469174
v_jepa/vjepa2_vit_giant_384,blocks.19,VIP,test,sub-10,linear_predictivity,5919,100,0.06411725975945762,"[0.06168616417686002, 0.06634961904759626, 0.07043056940464351, 0.061782798928065395, 0.06033714724012295]",,,,,
v_jepa/vjepa2_vit_giant_384,blocks.19,LIPd,train,sub-10,linear_predictivity,5919,31,-0.0008431428255466669,,"[100000.0, 100000.0, 31622.776601683796, 100000.0, 100000.0]",0.1413192164703952,1.0734307661954754,0.8582822689255089,0.9978079971912658
v_jepa/vjepa2_vit_giant_384,blocks.19,LIPd,test,sub-10,linear_predictivity,5919,31,0.009186571922400496,"[0.008950562660167293, 0.007690711426981139, 0.013314677086001805, 0.007637206885026921, 0.008339701553825319]",,,,,
v_jepa/vjepa2_vit_giant_384,blocks.19,LIPv,train,sub-10,linear_predictivity,5919,75,0.021919921195121612,,"[31622.776601683796, 31622.776601683796, 31622.776601683796, 31622.776601683796, 31622.776601683796]",0.29085441959376007,1.047607656403787,0.7089941936836741,0.9744142491895877
v_jepa/vjepa2_vit_giant_384,blocks.19,LIPv,test,sub-10,linear_predictivity,5919,75,0.036098325421105644,"[0.03232799814894096, 0.0325888867205179, 0.04411381288815537, 0.03664276368095718, 0.0348181656669568]",,,,,
v_jepa/vjepa2_vit_giant_384,blocks.19,AIP,train,sub-10,linear_predictivity,5919,409,0.0036324498751198553,,"[31622.776601683796, 31622.776601683796, 31622.776601683796, 31622.776601683796, 31622.776601683796]",0.2785241784090123,1.0602009295463506,0.7212219768909593,0.9905647186371411
v_jepa/vjepa2_vit_giant_384,blocks.19,AIP,test,sub-10,linear_predictivity,5919,409,-0.0002092769854395012,"[-0.01351319224386255, -0.0025442408293210187, 0.006321605575684137, 0.007154445481675253, 0.0015349970886266737]",,,,,
v_jepa/vjepa2_vit_giant_384,blocks.19,7Pm,train,sub-10,linear_predictivity,5919,21,0.01588491419740115,,"[31622.776601683796, 31622.776601683796, 31622.776601683796, 31622.776601683796, 31622.776601683796]",0.284987511417148,1.0558565113877405,0.7148796104489539,0.9810704958594372
v_jepa/vjepa2_vit_giant_384,blocks.19,7Pm,test,sub-10,linear_predictivity,5919,21,0.055398808749789266,"[0.0586003084059309, 0.0489706703650115, 0.04958556894267733, 0.07106542413872016, 0.04877207189660642]",,,,,
v_jepa/vjepa2_vit_giant_384,blocks.19,7PL,train,sub-10,linear_predictivity,5919,106,0.03590487780936387,,"[31622.776601683796, 31622.776601683796, 10000.0, 31622.776601683796, 31622.776601683796]",0.35578894210908935,1.0307223041905356,0.6444119227755685,0.9610722523855768
v_jepa/vjepa2_vit_giant_384,blocks.19,7PL,test,sub-10,linear_predictivity,5919,106,0.08745482972985738,"[0.08877363084507787, 0.0808817577360424, 0.09019326385885792, 0.0938140685669159, 0.0836114276423928]",,,,,
v_jepa/vjepa2_vit_giant_384,blocks.19,7PC,train,sub-10,linear_predictivity,5919,224,0.014524080806269879,,"[31622.776601683796, 31622.776601683796, 31622.776601683796, 31622.776601683796, 31622.776601683796]",0.28724303256177497,1.0448961641474828,0.7124876166213461,0.979588122102186
v_jepa/vjepa2_vit_giant_384,blocks.19,7PC,test,sub-10,linear_predictivity,5919,224,0.054349759571933706,"[0.04322234169590763, 0.06734694728844934, 0.05205986067085987, 0.053515630366000315, 0.05560401783845138]",,,,,
v_jepa/vjepa2_vit_giant_384,blocks.19,7Am,train,sub-10,linear_predictivity,5919,186,0.01959975292470223,,"[31622.776601683796, 31622.776601683796, 31622.776601683796, 31622.776601683796, 31622.776601683796]",0.2897807286599307,1.0448862788249282,0.7100032687212153,0.9756159340275514
v_jepa/vjepa2_vit_giant_384,blocks.19,7Am,test,sub-10,linear_predictivity,5919,186,0.04334098253230377,"[0.041286406759578884, 0.04869927829908257, 0.04044285948024456, 0.04870683909302685, 0.037569529029585956]",,,,,
v_jepa/vjepa2_vit_giant_384,blocks.19,7AL,train,sub-10,linear_predictivity,5919,158,0.004443243057728718,,"[31622.776601683796, 31622.776601683796, 31622.776601683796, 31622.776601683796, 31622.776601683796]",0.2808195235336976,1.055703383419211,0.7189404650906572,0.9900536109179512
v_jepa/vjepa2_vit_giant_384,blocks.19,7AL,test,sub-10,linear_predictivity,5919,158,0.026796681021894402,"[0.02177894146549348, 0.03715762658647976, 0.02023677816246451, 0.02959832435348019, 0.02521173454155408]",,,,,
v_jepa/vjepa2_vit_giant_384,blocks.19,VVC,train,sub-10,linear_predictivity,5919,196,0.040416567331228524,,"[10000.0, 10000.0, 10000.0, 10000.0, 10000.0]",0.577883560466851,1.023880689615764,0.42199522198993356,0.9553218217652952
v_jepa/vjepa2_vit_giant_384,blocks.19,VVC,test,sub-10,linear_predictivity,5919,196,0.08021037029439503,"[0.07823500242983855, 0.07847822797106208, 0.07937736721201598, 0.09608486039278083, 0.06887639346627765]",,,,,
v_jepa/vjepa2_vit_giant_384,blocks.19,VMV2,train,sub-10,linear_predictivity,5919,94,0.10442324510923807,,"[10000.0, 10000.0, 10000.0, 10000.0, 10000.0]",0.6080780066905723,0.9766223777257981,0.3918138200296975,0.8915040583162062
v_jepa/vjepa2_vit_giant_384,blocks.19,VMV2,test,sub-10,linear_predictivity,5919,94,0.1874560158623296,"[0.19352818993388524, 0.17662434084350992, 0.17966955535758514, 0.19857037754626222, 0.18888761563040554]",,,,,
v_jepa/vjepa2_vit_giant_384,blocks.19,VMV3,train,sub-10,linear_predictivity,5919,98,0.08146521113069106,,"[10000.0, 10000.0, 10000.0, 10000.0, 10000.0]",0.5978118546181259,0.9848291548438681,0.4020719403485479,0.9143949320285497
v_jepa/vjepa2_vit_giant_384,blocks.19,VMV3,test,sub-10,linear_predictivity,5919,98,0.13807984248402955,"[0.1511619399075655, 0.13349280292353174, 0.13781918623658398, 0.12585748543099542, 0.14206779792147103]",,,,,
v_jepa/vjepa2_vit_giant_384,blocks.19,VMV1,train,sub-10,linear_predictivity,5919,42,0.059554467355373966,,"[10000.0, 10000.0, 10000.0, 10000.0, 10000.0]",0.5885678179219609,1.0129755380096257,0.4112688470232911,0.9346041681466847
v_jepa/vjepa2_vit_giant_384,blocks.19,VMV1,test,sub-10,linear_predictivity,5919,42,0.11872578832171635,"[0.12167709565395288, 0.11843209603685967, 0.11197343762129176, 0.12717264189976707, 0.11437367039671029]",,,,,
v_jepa/vjepa2_vit_giant_384,blocks.19,PHA2,train,sub-10,linear_predictivity,5919,21,0.0397077051394718,,"[10000.0, 10000.0, 31622.776601683796, 31622.776601683796, 31622.776601683796]",0.41645828179873945,1.0190113709333228,0.5833800733212138,0.9546898480260444
v_jepa/vjepa2_vit_giant_384,blocks.19,PHA2,test,sub-10,linear_predictivity,5919,21,0.10478053403797616,"[0.08966990335518521, 0.09124729924521197, 0.1049279805503783, 0.12667410768623613, 0.11138337935286921]",,,,,
v_jepa/vjepa2_vit_giant_384,blocks.19,PHA3,train,sub-10,linear_predictivity,5919,104,0.05457682911280215,,"[10000.0, 10000.0, 10000.0, 10000.0, 10000.0]",0.5854082765902474,1.0124291750992096,0.41445341183688306,0.9408042927342274
v_jepa/vjepa2_vit_giant_384,blocks.19,PHA3,test,sub-10,linear_predictivity,5919,104,0.14161727933006926,"[0.15166374697314652, 0.12703648859187727, 0.12844910728416578, 0.1621572044549306, 0.1387798493462262]",,,,,
v_jepa/vjepa2_vit_giant_384,blocks.19,PH,train,sub-10,linear_predictivity,5919,261,0.05703729127941197,,"[10000.0, 10000.0, 10000.0, 10000.0, 10000.0]",0.5859695061685907,1.0083267320672005,0.4139229514633933,0.9392845729757202
v_jepa/vjepa2_vit_giant_384,blocks.19,PH,test,sub-10,linear_predictivity,5919,261,0.09402862312350027,"[0.09091266848590923, 0.09881506033354184, 0.09238941889513995, 0.10231823394074063, 0.08570773396216966]",,,,,
v_jepa/vjepa2_vit_giant_384,blocks.22,V1,train,sub-10,linear_predictivity,5919,553,0.17481315873910944,,"[10000.0, 10000.0, 10000.0, 10000.0, 10000.0]",0.6416790429544325,0.9316995118715576,0.3582044840193988,0.8214799655013545
v_jepa/vjepa2_vit_giant_384,blocks.22,V1,test,sub-10,linear_predictivity,5919,553,0.23239457447500586,"[0.22995589926258753, 0.2363547687035107, 0.23363060500290392, 0.2322721240489706, 0.2297594753570566]",,,,,
v_jepa/vjepa2_vit_giant_384,blocks.22,V2,train,sub-10,linear_predictivity,5919,516,0.1532167721888433,,"[10000.0, 10000.0, 10000.0, 10000.0, 10000.0]",0.6321705830185733,0.9441549364337606,0.36770992285804205,0.8428474132130722
v_jepa/vjepa2_vit_giant_384,blocks.22,V2,test,sub-10,linear_predictivity,5919,516,0.19934620273125098,"[0.19385722495389146, 0.20171304951301547, 0.20251144737936752, 0.20276718397201318, 0.19588210783796714]",,,,,
v_jepa/vjepa2_vit_giant_384,blocks.22,V3,train,sub-10,linear_predictivity,5919,400,0.16969948536350785,,"[10000.0, 10000.0, 10000.0, 10000.0, 10000.0]",0.6385539255831427,0.9376744119525837,0.3613384063819956,0.8268926807542627
v_jepa/vjepa2_vit_giant_384,blocks.22,V3,test,sub-10,linear_predictivity,5919,400,0.23997360699646864,"[0.2303706073499166, 0.24807026471080987, 0.23891053527645803, 0.2411555521102261, 0.2413610755349327]",,,,,
v_jepa/vjepa2_vit_giant_384,blocks.22,V4,train,sub-10,linear_predictivity,5919,574,0.14221555159611787,,"[10000.0, 10000.0, 10000.0, 10000.0, 10000.0]",0.6268597896821566,0.9543276339340311,0.3730282312924276,0.8542068940410568
v_jepa/vjepa2_vit_giant_384,blocks.22,V4,test,sub-10,linear_predictivity,5919,574,0.21540591052501473,"[0.2077048769091997, 0.2182382088090448, 0.2173730864909474, 0.2141784064812961, 0.21953497393458588]",,,,,
v_jepa/vjepa2_vit_giant_384,blocks.22,V3A,train,sub-10,linear_predictivity,5919,85,0.11475331531609867,,"[10000.0, 10000.0, 10000.0, 10000.0, 10000.0]",0.6130111326545103,0.9795592291518467,0.3868726290045578,0.8814295734774749
v_jepa/vjepa2_vit_giant_384,blocks.22,V3A,test,sub-10,linear_predictivity,5919,85,0.20445335693556205,"[0.19887013421638589, 0.22002930095572887, 0.20018785494838545, 0.20715037636569533, 0.1960291181916147]",,,,,
v_jepa/vjepa2_vit_giant_384,blocks.22,V3B,train,sub-10,linear_predictivity,5919,99,0.08330146848758745,,"[10000.0, 10000.0, 10000.0, 10000.0, 10000.0]",0.6019181373715694,0.9943862508152657,0.39802905913844133,0.9143938893136954
v_jepa/vjepa2_vit_giant_384,blocks.22,V3B,test,sub-10,linear_predictivity,5919,99,0.12891175690118972,"[0.12014963170731602, 0.13214744216736987, 0.14363443772356152, 0.11691648309643127, 0.1317107898112699]",,,,,
v_jepa/vjepa2_vit_giant_384,blocks.22,V6,train,sub-10,linear_predictivity,5919,11,0.16998085307185018,,"[10000.0, 10000.0, 10000.0, 10000.0, 10000.0]",0.6357055342114839,0.9511586248570797,0.36417527000546496,0.8260016748154317
v_jepa/vjepa2_vit_giant_384,blocks.22,V6,test,sub-10,linear_predictivity,5919,11,0.29946887385924403,"[0.3034948851860417, 0.3043840453542234, 0.29855510830450405, 0.3005563691146958, 0.29035396133675545]",,,,,
v_jepa/vjepa2_vit_giant_384,blocks.22,V6A,train,sub-10,linear_predictivity,5919,45,0.05147864121172055,,"[10000.0, 31622.776601683796, 31622.776601683796, 10000.0, 10000.0]",0.47675055359806723,1.023435406479606,0.5223740642068491,0.9446136326546839
v_jepa/vjepa2_vit_giant_384,blocks.22,V6A,test,sub-10,linear_predictivity,5919,45,0.12567963528464374,"[0.12816080034226462, 0.1285672351321081, 0.11902190140919575, 0.12916178378292215, 0.1234864557567281]",,,,,
v_jepa/vjepa2_vit_giant_384,blocks.22,V7,train,sub-10,linear_predictivity,5919,61,0.0839700546143357,,"[10000.0, 10000.0, 10000.0, 10000.0, 10000.0]",0.5989144875818047,1.0019165943326604,0.40097461500123854,0.9125390725073139
v_jepa/vjepa2_vit_giant_384,blocks.22,V7,test,sub-10,linear_predictivity,5919,61,0.12406290898340537,"[0.11041387492938336, 0.1385579074913348, 0.13555627758434632, 0.12198817521717202, 0.1137983096947904]",,,,,
v_jepa/vjepa2_vit_giant_384,blocks.22,V8,train,sub-10,linear_predictivity,5919,96,0.11843777823751377,,"[10000.0, 10000.0, 10000.0, 10000.0, 10000.0]",0.6174649372343783,0.9666907569714033,0.38241495422210603,0.8776006808331498
v_jepa/vjepa2_vit_giant_384,blocks.22,V8,test,sub-10,linear_predictivity,5919,96,0.2409933162437344,"[0.2368056059402582, 0.246412122092405, 0.2484158852415563, 0.23340121046175447, 0.2399317574826982]",,,,,
v_jepa/vjepa2_vit_giant_384,blocks.22,FFC,train,sub-10,linear_predictivity,5919,244,0.07947042866777841,,"[10000.0, 10000.0, 10000.0, 10000.0, 10000.0]",0.5995636505385888,0.9965492568548177,0.40034564654173266,0.9175327591378926
v_jepa/vjepa2_vit_giant_384,blocks.22,FFC,test,sub-10,linear_predictivity,5919,244,0.1355063817745946,"[0.13221372330442044, 0.13581021813705385, 0.12812652510341788, 0.14362238198566932, 0.13775906034241142]",,,,,
v_jepa/vjepa2_vit_giant_384,blocks.22,PIT,train,sub-10,linear_predictivity,5919,100,0.10271202466739758,,"[10000.0, 10000.0, 10000.0, 10000.0, 10000.0]",0.6083270049509961,0.9810838001639492,0.39155040199633034,0.8936128192874678
v_jepa/vjepa2_vit_giant_384,blocks.22,PIT,test,sub-10,linear_predictivity,5919,100,0.13358612049183596,"[0.12878840027315888, 0.12982445951199806, 0.11780464395003194, 0.13827383103572094, 0.15323926768827006]",,,,,
v_jepa/vjepa2_vit_giant_384,blocks.22,IPS1,train,sub-10,linear_predictivity,5919,166,0.026869215485270256,,"[10000.0, 31622.776601683796, 10000.0, 31622.776601683796, 10000.0]",0.46726537415599767,1.0311006851635771,0.5318496927749856,0.9689214776903874
v_jepa/vjepa2_vit_giant_384,blocks.22,IPS1,test,sub-10,linear_predictivity,5919,166,0.08558922855888536,"[0.0827157175938754, 0.07838865013268533, 0.1080836077063327, 0.08292178293874843, 0.07583638442278498]",,,,,
v_jepa/vjepa2_vit_giant_384,blocks.22,MST,train,sub-10,linear_predictivity,5919,135,0.1847336098975174,,"[10000.0, 10000.0, 10000.0, 10000.0, 10000.0]",0.6456765450827973,0.9248579104973522,0.35421523042377706,0.8116704155378349
v_jepa/vjepa2_vit_giant_384,blocks.22,MST,test,sub-10,linear_predictivity,5919,135,0.3041272582087157,"[0.2974952259723845, 0.30170374005409156, 0.3070430663437324, 0.3042040218365353, 0.310190236836835]",,,,,
v_jepa/vjepa2_vit_giant_384,blocks.22,MT,train,sub-10,linear_predictivity,5919,86,0.1482565925359755,,"[10000.0, 10000.0, 10000.0, 10000.0, 10000.0]",0.6306477450485221,0.9486633749933999,0.3692567202717741,0.8486054667446394
v_jepa/vjepa2_vit_giant_384,blocks.22,MT,test,sub-10,linear_predictivity,5919,86,0.2573549124599971,"[0.2582016198403986, 0.2541688599832929, 0.26139154105057494, 0.2527133237976484, 0.26029921762807046]",,,,,
v_jepa/vjepa2_vit_giant_384,blocks.22,FST,train,sub-10,linear_predictivity,5919,167,0.08951154128878247,,"[10000.0, 10000.0, 10000.0, 10000.0, 10000.0]",0.6054297169425885,0.9896407453056362,0.3944215178914083,0.9058426523897953
v_jepa/vjepa2_vit_giant_384,blocks.22,FST,test,sub-10,linear_predictivity,5919,167,0.1522400468368995,"[0.13371901223937657, 0.14846039106498837, 0.15642565192909808, 0.16683249961865312, 0.15576267933238142]",,,,,
v_jepa/vjepa2_vit_giant_384,blocks.22,LO1,train,sub-10,linear_predictivity,5919,78,0.1308350293838134,,"[10000.0, 10000.0, 10000.0, 10000.0, 10000.0]",0.620474013451352,0.9595388521722539,0.3793912948855128,0.86527771363579
v_jepa/vjepa2_vit_giant_384,blocks.22,LO1,test,sub-10,linear_predictivity,5919,78,0.2016742925398923,"[0.20567234090237024, 0.20131439855230812, 0.19531008061418545, 0.20409368731294905, 0.20198095531764865]",,,,,
v_jepa/vjepa2_vit_giant_384,blocks.22,LO2,train,sub-10,linear_predictivity,5919,80,0.12547567243851762,,"[10000.0, 10000.0, 10000.0, 10000.0, 10000.0]",0.6165376359112505,0.9673454420273959,0.3833561326592844,0.8715156528620239
v_jepa/vjepa2_vit_giant_384,blocks.22,LO2,test,sub-10,linear_predictivity,5919,80,0.18130300334201813,"[0.18135922856554698, 0.1734488101999018, 0.16783530186611573, 0.18817375224885766, 0.19569792382966847]",,,,,
v_jepa/vjepa2_vit_giant_384,blocks.22,LO3,train,sub-10,linear_predictivity,5919,113,0.11188527724762924,,"[10000.0, 10000.0, 10000.0, 10000.0, 10000.0]",0.614620986580366,0.9717870195070015,0.3852474106100384,0.8839988429963487
v_jepa/vjepa2_vit_giant_384,blocks.22,LO3,test,sub-10,linear_predictivity,5919,113,0.16433851004698913,"[0.1623923160588049, 0.1506032272325313, 0.16789412902240358, 0.16894134187160165, 0.17186153604960427]",,,,,
v_jepa/vjepa2_vit_giant_384,blocks.22,V7,train,sub-10,linear_predictivity,5919,61,0.0839700546143357,,"[10000.0, 10000.0, 10000.0, 10000.0, 10000.0]",0.5989144875818047,1.0019165943326604,0.40097461500123854,0.9125390725073139
v_jepa/vjepa2_vit_giant_384,blocks.22,V7,test,sub-10,linear_predictivity,5919,61,0.12406290898340537,"[0.11041387492938336, 0.1385579074913348, 0.13555627758434632, 0.12198817521717202, 0.1137983096947904]",,,,,
v_jepa/vjepa2_vit_giant_384,blocks.22,IP0,train,sub-10,linear_predictivity,5919,103,0.0484091358075576,,"[10000.0, 10000.0, 10000.0, 10000.0, 10000.0]",0.5857701188952746,1.015997162536284,0.41412590269373517,0.9477544209860798
v_jepa/vjepa2_vit_giant_384,blocks.22,IP0,test,sub-10,linear_predictivity,5919,103,0.08255733317349351,"[0.07021524829649393, 0.08918797834811307, 0.10390239040554816, 0.0862248502562895, 0.06325619856102287]",,,,,
v_jepa/vjepa2_vit_giant_384,blocks.22,IP1,train,sub-10,linear_predictivity,5919,33,-0.0003522721617914881,,"[31622.776601683796, 31622.776601683796, 31622.776601683796, 100000.0, 31622.776601683796]",0.2447350564282587,1.0664967838617474,0.7543889664798737,0.996984363493395
v_jepa/vjepa2_vit_giant_384,blocks.22,IP1,test,sub-10,linear_predictivity,5919,33,0.00815373862870765,"[-0.0070940151994568655, 0.009197434555525396, 0.02391579193312349, 0.011315928543399783, 0.0034335533109464502]",,,,,
v_jepa/vjepa2_vit_giant_384,blocks.22,MIP,train,sub-10,linear_predictivity,5919,178,0.012461281019151614,,"[31622.776601683796, 31622.776601683796, 31622.776601683796, 31622.776601683796, 31622.776601683796]",0.28816031963601135,1.0482917351391925,0.7115942781673066,0.9817772246048346
v_jepa/vjepa2_vit_giant_384,blocks.22,MIP,test,sub-10,linear_predictivity,5919,178,0.020890373439524452,"[0.01817324463174998, 0.017492070226269765, 0.025766587945365935, 0.03164029498095733, 0.011379669413279257]",,,,,
v_jepa/vjepa2_vit_giant_384,blocks.22,VIP,train,sub-10,linear_predictivity,5919,100,0.04017311427684677,,"[10000.0, 31622.776601683796, 10000.0, 10000.0, 10000.0]",0.5281921627607553,1.0227499328022744,0.47217925326010024,0.9564735241784993
v_jepa/vjepa2_vit_giant_384,blocks.22,VIP,test,sub-10,linear_predictivity,5919,100,0.04681854034903369,"[0.0350739993116343, 0.0655484252064369, 0.06057790188656807, 0.05050270730011046, 0.022389668040418684]",,,,,
v_jepa/vjepa2_vit_giant_384,blocks.22,LIPd,train,sub-10,linear_predictivity,5919,31,0.000313063445209406,,"[100000.0, 100000.0, 31622.776601683796, 31622.776601683796, 100000.0]",0.1761282194077483,1.0610749420880334,0.8234833238652646,0.996787701374515
v_jepa/vjepa2_vit_giant_384,blocks.22,LIPd,test,sub-10,linear_predictivity,5919,31,0.008777251677603055,"[0.008419402396026407, 0.009566601825285237, 0.013011580810045269, 0.004139975525391575, 0.008748697831266793]",,,,,
v_jepa/vjepa2_vit_giant_384,blocks.22,LIPv,train,sub-10,linear_predictivity,5919,75,0.024773256208138042,,"[31622.776601683796, 31622.776601683796, 31622.776601683796, 31622.776601683796, 31622.776601683796]",0.2959460488160571,1.041205993930443,0.7038909949146079,0.9714244952960864
v_jepa/vjepa2_vit_giant_384,blocks.22,LIPv,test,sub-10,linear_predictivity,5919,75,0.03860806438718771,"[0.03494385007442724, 0.036263405120674434, 0.046316437343205785, 0.039669355035998936, 0.03584727436163213]",,,,,
v_jepa/vjepa2_vit_giant_384,blocks.22,AIP,train,sub-10,linear_predictivity,5919,409,0.005985664468473866,,"[31622.776601683796, 31622.776601683796, 31622.776601683796, 31622.776601683796, 31622.776601683796]",0.2828616905381199,1.0579561994365045,0.7168759203525632,0.9881588277786653
v_jepa/vjepa2_vit_giant_384,blocks.22,AIP,test,sub-10,linear_predictivity,5919,409,-0.00440479105720114,"[-0.011722062894563269, -0.009747768750574853, 0.001645915935771363, 0.0009567985814992547, -0.0031568381581381965]",,,,,
v_jepa/vjepa2_vit_giant_384,blocks.22,7Pm,train,sub-10,linear_predictivity,5919,21,0.019995512220397325,,"[31622.776601683796, 31622.776601683796, 31622.776601683796, 31622.776601683796, 31622.776601683796]",0.2896579645581097,1.0520215715063275,0.7102019420220407,0.976884297455754
v_jepa/vjepa2_vit_giant_384,blocks.22,7Pm,test,sub-10,linear_predictivity,5919,21,0.061991927725227956,"[0.06500663482174722, 0.06251105504382076, 0.05962200581248235, 0.07877563048686964, 0.044044312461219814]",,,,,
v_jepa/vjepa2_vit_giant_384,blocks.22,7PL,train,sub-10,linear_predictivity,5919,106,0.04511389666817575,,"[10000.0, 10000.0, 10000.0, 10000.0, 10000.0]",0.5847522251450952,1.0148622122502398,0.41516790832223727,0.951585868278498
v_jepa/vjepa2_vit_giant_384,blocks.22,7PL,test,sub-10,linear_predictivity,5919,106,0.08057592495196267,"[0.07932392018421253, 0.07268440758589127, 0.07834518647611782, 0.10224578954817706, 0.07028032096541466]",,,,,
v_jepa/vjepa2_vit_giant_384,blocks.22,7PC,train,sub-10,linear_predictivity,5919,224,0.01983919124696741,,"[31622.776601683796, 31622.776601683796, 31622.776601683796, 31622.776601683796, 31622.776601683796]",0.29374764539271825,1.0430704954337169,0.7059814184683425,0.9743114873505536
v_jepa/vjepa2_vit_giant_384,blocks.22,7PC,test,sub-10,linear_predictivity,5919,224,0.05608350725885099,"[0.04679794092235585, 0.06136871744036137, 0.058053056242728676, 0.05535737145073068, 0.05884045023807839]",,,,,
v_jepa/vjepa2_vit_giant_384,blocks.22,7Am,train,sub-10,linear_predictivity,5919,186,0.02186656509645887,,"[31622.776601683796, 31622.776601683796, 31622.776601683796, 31622.776601683796, 31622.776601683796]",0.2933882033591424,1.0363339315022786,0.7063939570251236,0.9733625514485787
v_jepa/vjepa2_vit_giant_384,blocks.22,7Am,test,sub-10,linear_predictivity,5919,186,0.050815508323865145,"[0.048105971744458666, 0.05576821234189965, 0.04892190559920986, 0.05923806815271167, 0.04204338378104586]",,,,,
v_jepa/vjepa2_vit_giant_384,blocks.22,7AL,train,sub-10,linear_predictivity,5919,158,0.009499989707350505,,"[31622.776601683796, 31622.776601683796, 31622.776601683796, 31622.776601683796, 31622.776601683796]",0.28643506628093307,1.04469814761203,0.7133259737588942,0.9850273135983759
v_jepa/vjepa2_vit_giant_384,blocks.22,7AL,test,sub-10,linear_predictivity,5919,158,0.030062502129440727,"[0.02742722415874565, 0.03271135589504924, 0.027472689256916163, 0.03649100275237803, 0.02621023858411455]",,,,,
v_jepa/vjepa2_vit_giant_384,blocks.22,VVC,train,sub-10,linear_predictivity,5919,196,0.04811464336575158,,"[10000.0, 10000.0, 10000.0, 10000.0, 10000.0]",0.5845751920129684,1.0195318260141488,0.41530668823547395,0.9476647659259356
v_jepa/vjepa2_vit_giant_384,blocks.22,VVC,test,sub-10,linear_predictivity,5919,196,0.09221876779113389,"[0.08414897545206709, 0.09769074258651789, 0.09663094350291082, 0.09936209590452655, 0.08326108150964706]",,,,,
v_jepa/vjepa2_vit_giant_384,blocks.22,VMV2,train,sub-10,linear_predictivity,5919,94,0.11750848382497765,,"[10000.0, 10000.0, 10000.0, 10000.0, 10000.0]",0.6159897585532431,0.9696813895548475,0.3839050599966556,0.8785653548082875
v_jepa/vjepa2_vit_giant_384,blocks.22,VMV2,test,sub-10,linear_predictivity,5919,94,0.2045746946915421,"[0.2132259239607763, 0.20030460931284436, 0.20281363745984954, 0.20484967616188812, 0.20167962656235208]",,,,,
v_jepa/vjepa2_vit_giant_384,blocks.22,VMV3,train,sub-10,linear_predictivity,5919,98,0.09586640715190714,,"[10000.0, 10000.0, 10000.0, 10000.0, 10000.0]",0.6065504350535524,0.9811811269645961,0.39332423651515647,0.8999686444000223
v_jepa/vjepa2_vit_giant_384,blocks.22,VMV3,test,sub-10,linear_predictivity,5919,98,0.16283002175155525,"[0.16656238058799214, 0.15981499081967554, 0.17213088198773113, 0.14832713692838426, 0.16731471843399323]",,,,,
v_jepa/vjepa2_vit_giant_384,blocks.22,VMV1,train,sub-10,linear_predictivity,5919,42,0.07480818297338547,,"[10000.0, 10000.0, 10000.0, 10000.0, 10000.0]",0.5981063905799945,1.0005202301087273,0.401741899501454,0.9196869879027598
v_jepa/vjepa2_vit_giant_384,blocks.22,VMV1,test,sub-10,linear_predictivity,5919,42,0.12778907605406797,"[0.13529959960776014, 0.12434474515749219, 0.12484932798427477, 0.1326257644578255, 0.12182594306298723]",,,,,
v_jepa/vjepa2_vit_giant_384,blocks.22,PHA2,train,sub-10,linear_predictivity,5919,21,0.045247616837673144,,"[10000.0, 31622.776601683796, 31622.776601683796, 10000.0, 31622.776601683796]",0.42253395295012475,1.0168392526407661,0.5766485902837896,0.9498677904123143
v_jepa/vjepa2_vit_giant_384,blocks.22,PHA2,test,sub-10,linear_predictivity,5919,21,0.12292165589769684,"[0.1182610263650157, 0.12216415952227881, 0.11878671588376119, 0.12439793191183497, 0.1309984458055935]",,,,,
v_jepa/vjepa2_vit_giant_384,blocks.22,PHA3,train,sub-10,linear_predictivity,5919,104,0.06454688049786735,,"[10000.0, 10000.0, 10000.0, 10000.0, 10000.0]",0.5936275844239387,1.0028907572112575,0.40624586571062915,0.931069584178507
v_jepa/vjepa2_vit_giant_384,blocks.22,PHA3,test,sub-10,linear_predictivity,5919,104,0.1445481073459028,"[0.1515927875657105, 0.1342122233286912, 0.13674432027876307, 0.15532401076960575, 0.14486719478674345]",,,,,
v_jepa/vjepa2_vit_giant_384,blocks.22,PH,train,sub-10,linear_predictivity,5919,261,0.06515846021489148,,"[10000.0, 10000.0, 10000.0, 10000.0, 10000.0]",0.5927261995603985,1.0072696017543035,0.40716942736139217,0.9312614040960041
v_jepa/vjepa2_vit_giant_384,blocks.22,PH,test,sub-10,linear_predictivity,5919,261,0.1070017582485917,"[0.09516793651905694, 0.10782162581624413, 0.1101554399302197, 0.11282052174208405, 0.10904326723535365]",,,,,
v_jepa/vjepa2_vit_giant_384,blocks.25,V1,train,sub-10,linear_predictivity,5919,553,0.17050563191836068,,"[10000.0, 10000.0, 10000.0, 10000.0, 10000.0]",0.6406220895036151,0.9359775342438832,0.35926217422676837,0.8257520441810987
v_jepa/vjepa2_vit_giant_384,blocks.25,V1,test,sub-10,linear_predictivity,5919,553,0.2296896359827656,"[0.22755059653421467, 0.2294855793158192, 0.23633795701322566, 0.2298438076589559, 0.2252302393916125]",,,,,
v_jepa/vjepa2_vit_giant_384,blocks.25,V2,train,sub-10,linear_predictivity,5919,516,0.1528000173010765,,"[10000.0, 10000.0, 10000.0, 10000.0, 10000.0]",0.6334455906422242,0.9454436721320137,0.36643426604228785,0.8432298978019352
v_jepa/vjepa2_vit_giant_384,blocks.25,V2,test,sub-10,linear_predictivity,5919,516,0.20598433730741744,"[0.20112916074950837, 0.20517207004744395, 0.21070447879971893, 0.20500023066743706, 0.20791574627297912]",,,,,
v_jepa/vjepa2_vit_giant_384,blocks.25,V3,train,sub-10,linear_predictivity,5919,400,0.1771864155039523,,"[10000.0, 10000.0, 10000.0, 10000.0, 10000.0]",0.6434380666288966,0.9271753284375374,0.3564532339837873,0.8194194027511408
v_jepa/vjepa2_vit_giant_384,blocks.25,V3,test,sub-10,linear_predictivity,5919,400,0.25562793069787926,"[0.2433235510327841, 0.2636277289084642, 0.2607905702414397, 0.25941783431880705, 0.2509799689879012]",,,,,
v_jepa/vjepa2_vit_giant_384,blocks.25,V4,train,sub-10,linear_predictivity,5919,574,0.15056614987382583,,"[10000.0, 10000.0, 10000.0, 10000.0, 10000.0]",0.6319117966902024,0.9462213923091868,0.3679759823202459,0.8458517949598413
v_jepa/vjepa2_vit_giant_384,blocks.25,V4,test,sub-10,linear_predictivity,5919,574,0.23567645472498647,"[0.22520982467277925, 0.23754674399151227, 0.24275883826253442, 0.23937501420368115, 0.23349185249442522]",,,,,
v_jepa/vjepa2_vit_giant_384,blocks.25,V3A,train,sub-10,linear_predictivity,5919,85,0.12268630151895576,,"[10000.0, 10000.0, 10000.0, 10000.0, 10000.0]",0.6185883338612272,0.9713440120909883,0.3812850668523898,0.8734067617575599
v_jepa/vjepa2_vit_giant_384,blocks.25,V3A,test,sub-10,linear_predictivity,5919,85,0.2025009868707523,"[0.1858097654459576, 0.22209131556564915, 0.20572601979541, 0.21372025842744147, 0.18515757511930342]",,,,,
v_jepa/vjepa2_vit_giant_384,blocks.25,V3B,train,sub-10,linear_predictivity,5919,99,0.09849188727444788,,"[10000.0, 10000.0, 10000.0, 10000.0, 10000.0]",0.6098764289711524,0.9778218470451085,0.3900678327875512,0.8993140529629947
v_jepa/vjepa2_vit_giant_384,blocks.25,V3B,test,sub-10,linear_predictivity,5919,99,0.14813166502795158,"[0.136447217094676, 0.15916032598865718, 0.15358940376544558, 0.146988823209143, 0.14447255508183618]",,,,,
v_jepa/vjepa2_vit_giant_384,blocks.25,V6,train,sub-10,linear_predictivity,5919,11,0.17675193751487553,,"[10000.0, 10000.0, 10000.0, 10000.0, 10000.0]",0.6426992340906625,0.936587233406104,0.3571819350929889,0.8193952174385688
v_jepa/vjepa2_vit_giant_384,blocks.25,V6,test,sub-10,linear_predictivity,5919,11,0.30081653329677116,"[0.30072347169460445, 0.3085430832564332, 0.3041758568447198, 0.3055613835079314, 0.28507887118016684]",,,,,
v_jepa/vjepa2_vit_giant_384,blocks.25,V6A,train,sub-10,linear_predictivity,5919,45,0.07578853353928054,,"[10000.0, 10000.0, 10000.0, 10000.0, 10000.0]",0.5982113154284168,0.9940478143734917,0.401664535380891,0.9200583879194923
v_jepa/vjepa2_vit_giant_384,blocks.25,V6A,test,sub-10,linear_predictivity,5919,45,0.13960837681484345,"[0.12199398217920794, 0.15532374408608898, 0.14949873828465204, 0.14103039908219497, 0.13019502044207326]",,,,,
v_jepa/vjepa2_vit_giant_384,blocks.25,V7,train,sub-10,linear_predictivity,5919,61,0.10579074868976071,,"[10000.0, 10000.0, 10000.0, 10000.0, 10000.0]",0.6113564508040329,0.9704639826402606,0.3885297301072388,0.8906860858638248
v_jepa/vjepa2_vit_giant_384,blocks.25,V7,test,sub-10,linear_predictivity,5919,61,0.12685030182973267,"[0.10666305787370095, 0.1370573624781838, 0.14593215868251258, 0.12944913509479675, 0.11514979501946933]",,,,,
v_jepa/vjepa2_vit_giant_384,blocks.25,V8,train,sub-10,linear_predictivity,5919,96,0.1227173458251375,,"[10000.0, 10000.0, 10000.0, 10000.0, 10000.0]",0.6196829730380529,0.9687424026661986,0.3802002539806605,0.8733561639989917
v_jepa/vjepa2_vit_giant_384,blocks.25,V8,test,sub-10,linear_predictivity,5919,96,0.24576654134277484,"[0.2444146876244219, 0.24677176621255725, 0.25620033557862093, 0.24698488519310394, 0.2344610321051701]",,,,,
v_jepa/vjepa2_vit_giant_384,blocks.25,FFC,train,sub-10,linear_predictivity,5919,244,0.09146747680414495,,"[10000.0, 10000.0, 10000.0, 10000.0, 10000.0]",0.6061161125906441,0.990587216561806,0.39379913672844913,0.9056945541197047
v_jepa/vjepa2_vit_giant_384,blocks.25,FFC,test,sub-10,linear_predictivity,5919,244,0.15721192319406932,"[0.1570580006328994, 0.16087287919785306, 0.14755819215985488, 0.1638084677744073, 0.15676207620533186]",,,,,
v_jepa/vjepa2_vit_giant_384,blocks.25,PIT,train,sub-10,linear_predictivity,5919,100,0.1124759640008168,,"[10000.0, 10000.0, 10000.0, 10000.0, 10000.0]",0.6143231028356599,0.9736091921993324,0.38556822508800687,0.8841980506426387
v_jepa/vjepa2_vit_giant_384,blocks.25,PIT,test,sub-10,linear_predictivity,5919,100,0.17552334743055226,"[0.16557374419074994, 0.18007484617597547, 0.1653030462647564, 0.1845408497810336, 0.18212425074024596]",,,,,
v_jepa/vjepa2_vit_giant_384,blocks.25,IPS1,train,sub-10,linear_predictivity,5919,166,0.04325435405762807,,"[10000.0, 10000.0, 10000.0, 10000.0, 10000.0]",0.5858380589021956,1.0158816564641797,0.4140428570454949,0.9524530286316294
v_jepa/vjepa2_vit_giant_384,blocks.25,IPS1,test,sub-10,linear_predictivity,5919,166,0.09873272145022982,"[0.09373630227928428, 0.09153302638304125, 0.11879015198367956, 0.09598170959998369, 0.0936224170051603]",,,,,
v_jepa/vjepa2_vit_giant_384,blocks.25,MST,train,sub-10,linear_predictivity,5919,135,0.20342938387218215,,"[10000.0, 10000.0, 10000.0, 10000.0, 10000.0]",0.6568843935994039,0.9059449692122765,0.3430029111978907,0.7928577665445458
v_jepa/vjepa2_vit_giant_384,blocks.25,MST,test,sub-10,linear_predictivity,5919,135,0.32619841186325316,"[0.3160407103033186, 0.3270204992133096, 0.33295072827986666, 0.32543293974101284, 0.329547181778758]",,,,,
v_jepa/vjepa2_vit_giant_384,blocks.25,MT,train,sub-10,linear_predictivity,5919,86,0.17412023302398705,,"[10000.0, 10000.0, 10000.0, 10000.0, 10000.0]",0.644005372222447,0.928768448063573,0.3559101043920051,0.8230004675213045
v_jepa/vjepa2_vit_giant_384,blocks.25,MT,test,sub-10,linear_predictivity,5919,86,0.29389356884824797,"[0.2906821835340669, 0.2991996795203026, 0.2955272776710231, 0.28582053120557976, 0.2982381723102677]",,,,,
v_jepa/vjepa2_vit_giant_384,blocks.25,FST,train,sub-10,linear_predictivity,5919,167,0.11542442685958978,,"[10000.0, 10000.0, 10000.0, 10000.0, 10000.0]",0.6178514588072315,0.9667535996503493,0.38200364096092854,0.8800304348728083
v_jepa/vjepa2_vit_giant_384,blocks.25,FST,test,sub-10,linear_predictivity,5919,167,0.17085659898548644,"[0.15532173626700513, 0.1743381678136624, 0.17853489632867878, 0.17861055563849976, 0.16747763887958625]",,,,,
v_jepa/vjepa2_vit_giant_384,blocks.25,LO1,train,sub-10,linear_predictivity,5919,78,0.14473426183144697,,"[3162.277660168379, 10000.0, 10000.0, 10000.0, 10000.0]",0.6769306455916333,0.9427058176658653,0.3229387616115814,0.8512683271062912
v_jepa/vjepa2_vit_giant_384,blocks.25,LO1,test,sub-10,linear_predictivity,5919,78,0.20460737378297797,"[0.17221465721506427, 0.21255155051737915, 0.21511416026305333, 0.21956532512640428, 0.20359117579298894]",,,,,
v_jepa/vjepa2_vit_giant_384,blocks.25,LO2,train,sub-10,linear_predictivity,5919,80,0.14024938074280224,,"[10000.0, 10000.0, 10000.0, 10000.0, 10000.0]",0.6247621585028447,0.9582532088676364,0.37514571655879236,0.8570678641302466
v_jepa/vjepa2_vit_giant_384,blocks.25,LO2,test,sub-10,linear_predictivity,5919,80,0.21732282346778717,"[0.20650065300910486, 0.21764941132405746, 0.2159414491986055, 0.22334874236846086, 0.22317386143870702]",,,,,
v_jepa/vjepa2_vit_giant_384,blocks.25,LO3,train,sub-10,linear_predictivity,5919,113,0.13975848927438259,,"[10000.0, 10000.0, 10000.0, 10000.0, 10000.0]",0.6285150936094153,0.9488199652859993,0.37135720718948856,0.8562560126286133
v_jepa/vjepa2_vit_giant_384,blocks.25,LO3,test,sub-10,linear_predictivity,5919,113,0.17243414821073477,"[0.16525672237570815, 0.17239380352776912, 0.17325199273019026, 0.17643486235770098, 0.17483336006230538]",,,,,
v_jepa/vjepa2_vit_giant_384,blocks.25,V7,train,sub-10,linear_predictivity,5919,61,0.10579074868976071,,"[10000.0, 10000.0, 10000.0, 10000.0, 10000.0]",0.6113564508040329,0.9704639826402606,0.3885297301072388,0.8906860858638248
v_jepa/vjepa2_vit_giant_384,blocks.25,V7,test,sub-10,linear_predictivity,5919,61,0.12685030182973267,"[0.10666305787370095, 0.1370573624781838, 0.14593215868251258, 0.12944913509479675, 0.11514979501946933]",,,,,
v_jepa/vjepa2_vit_giant_384,blocks.25,IP0,train,sub-10,linear_predictivity,5919,103,0.05790451030429254,,"[10000.0, 10000.0, 10000.0, 10000.0, 10000.0]",0.5913846642956414,1.0107639208968169,0.4085276724409919,0.9386958249560695
v_jepa/vjepa2_vit_giant_384,blocks.25,IP0,test,sub-10,linear_predictivity,5919,103,0.07904896530361424,"[0.07028651471537276, 0.0755391638999919, 0.09979350959985789, 0.08786709540984644, 0.0617585428930022]",,,,,
v_jepa/vjepa2_vit_giant_384,blocks.25,IP1,train,sub-10,linear_predictivity,5919,33,0.001403995826195021,,"[31622.776601683796, 31622.776601683796, 31622.776601683796, 100000.0, 31622.776601683796]",0.24726964797420595,1.0639902751706072,0.7518505131826059,0.9952633189495816
v_jepa/vjepa2_vit_giant_384,blocks.25,IP1,test,sub-10,linear_predictivity,5919,33,0.011290079054461163,"[0.004117429199036419, 0.010034102027769536, 0.026238700342384087, 0.010395601025143105, 0.005664562677972666]",,,,,
v_jepa/vjepa2_vit_giant_384,blocks.25,MIP,train,sub-10,linear_predictivity,5919,178,0.012827933358752833,,"[31622.776601683796, 31622.776601683796, 31622.776601683796, 31622.776601683796, 31622.776601683796]",0.28958538069503625,1.0503753821298942,0.7101659047592275,0.9814467438766815
v_jepa/vjepa2_vit_giant_384,blocks.25,MIP,test,sub-10,linear_predictivity,5919,178,0.02402504009880259,"[0.02425885950254995, 0.01913204196007471, 0.031836646623292636, 0.024563131606950624, 0.020334520801145024]",,,,,
v_jepa/vjepa2_vit_giant_384,blocks.25,VIP,train,sub-10,linear_predictivity,5919,100,0.04869791947496138,,"[10000.0, 10000.0, 10000.0, 10000.0, 10000.0]",0.5877259482820578,1.0136782864773424,0.41217650237714815,0.9478626359229162
v_jepa/vjepa2_vit_giant_384,blocks.25,VIP,test,sub-10,linear_predictivity,5919,100,0.07530907681613289,"[0.08049871096264884, 0.06950410038893522, 0.09071389541320668, 0.07334433731026264, 0.062484340005611025]",,,,,
v_jepa/vjepa2_vit_giant_384,blocks.25,LIPd,train,sub-10,linear_predictivity,5919,31,0.0020022434913774026,,"[100000.0, 31622.776601683796, 31622.776601683796, 31622.776601683796, 100000.0]",0.2109692564938777,1.0675168065423404,0.7886424418533592,0.9950132249065533
v_jepa/vjepa2_vit_giant_384,blocks.25,LIPd,test,sub-10,linear_predictivity,5919,31,0.006148303397101632,"[0.0078348000847057, 0.0033091537845191827, 0.008203053615542253, 0.002564867003887658, 0.008829642496853366]",,,,,
v_jepa/vjepa2_vit_giant_384,blocks.25,LIPv,train,sub-10,linear_predictivity,5919,75,0.028094214307733036,,"[31622.776601683796, 31622.776601683796, 31622.776601683796, 31622.776601683796, 31622.776601683796]",0.29959954656241977,1.0363279578437807,0.700213542478617,0.9679790648181379
v_jepa/vjepa2_vit_giant_384,blocks.25,LIPv,test,sub-10,linear_predictivity,5919,75,0.03915230915918887,"[0.03713797650090355, 0.03689049700006329, 0.0478983730302794, 0.03979244257783045, 0.03404225668686768]",,,,,
v_jepa/vjepa2_vit_giant_384,blocks.25,AIP,train,sub-10,linear_predictivity,5919,409,0.011083617958291521,,"[31622.776601683796, 31622.776601683796, 31622.776601683796, 31622.776601683796, 31622.776601683796]",0.28728129449655815,1.0521121336990062,0.7124525493259931,0.9830742330240836
v_jepa/vjepa2_vit_giant_384,blocks.25,AIP,test,sub-10,linear_predictivity,5919,409,-0.0068037643532407365,"[-0.008255402798724937, -0.013360697448038422, 0.0009779760657401388, -0.004481747667860587, -0.008898949917319874]",,,,,
v_jepa/vjepa2_vit_giant_384,blocks.25,7Pm,train,sub-10,linear_predictivity,5919,21,0.021135493758475614,,"[31622.776601683796, 31622.776601683796, 31622.776601683796, 31622.776601683796, 31622.776601683796]",0.29093459968041807,1.0473669790859585,0.7089211396145895,0.975680858325458
v_jepa/vjepa2_vit_giant_384,blocks.25,7Pm,test,sub-10,linear_predictivity,5919,21,0.06112221338640038,"[0.06410621720324323, 0.06650134965324267, 0.06470848451514438, 0.06947117911232424, 0.04082383644804739]",,,,,
v_jepa/vjepa2_vit_giant_384,blocks.25,7PL,train,sub-10,linear_predictivity,5919,106,0.03986402894141407,,"[31622.776601683796, 10000.0, 31622.776601683796, 31622.776601683796, 10000.0]",0.41925663928290213,1.0176017764851124,0.580912320153319,0.9567056747252176
v_jepa/vjepa2_vit_giant_384,blocks.25,7PL,test,sub-10,linear_predictivity,5919,106,0.09695575518191027,"[0.09656241982140214, 0.09224252392871655, 0.1043622590365294, 0.09611841947819234, 0.09549315364471088]",,,,,
v_jepa/vjepa2_vit_giant_384,blocks.25,7PC,train,sub-10,linear_predictivity,5919,224,0.027451187555295138,,"[10000.0, 10000.0, 10000.0, 31622.776601683796, 10000.0]",0.5248867084984795,1.0262840408762435,0.4739621414019572,0.9663815877465435
v_jepa/vjepa2_vit_giant_384,blocks.25,7PC,test,sub-10,linear_predictivity,5919,224,0.05252117116238718,"[0.04562673644867946, 0.05897919966583446, 0.05343197927667303, 0.05629520972590767, 0.04827273069484127]",,,,,
v_jepa/vjepa2_vit_giant_384,blocks.25,7Am,train,sub-10,linear_predictivity,5919,186,0.024439595252275233,,"[31622.776601683796, 31622.776601683796, 31622.776601683796, 31622.776601683796, 31622.776601683796]",0.29643075466173935,1.0317848789845692,0.7033445027310804,0.9706852728380666
v_jepa/vjepa2_vit_giant_384,blocks.25,7Am,test,sub-10,linear_predictivity,5919,186,0.05148791028709809,"[0.05345523795482523, 0.05602093212524349, 0.05275725952499121, 0.0501718023592328, 0.04503431947119773]",,,,,
v_jepa/vjepa2_vit_giant_384,blocks.25,7AL,train,sub-10,linear_predictivity,5919,158,0.014575667172926146,,"[31622.776601683796, 31622.776601683796, 31622.776601683796, 31622.776601683796, 31622.776601683796]",0.29110002239470173,1.037591683166464,0.7086526020159594,0.9798571273374026
v_jepa/vjepa2_vit_giant_384,blocks.25,7AL,test,sub-10,linear_predictivity,5919,158,0.028736758109720796,"[0.027402812923555554, 0.03051812131748097, 0.026827308694710863, 0.03031840572208469, 0.02861714189077189]",,,,,
v_jepa/vjepa2_vit_giant_384,blocks.25,VVC,train,sub-10,linear_predictivity,5919,196,0.05465955492059463,,"[10000.0, 10000.0, 10000.0, 10000.0, 10000.0]",0.5879451136145935,1.020004223077684,0.411939130228087,0.9412550665945961
v_jepa/vjepa2_vit_giant_384,blocks.25,VVC,test,sub-10,linear_predictivity,5919,196,0.0964146701203809,"[0.09607764102098068, 0.09873586421908016, 0.09441386609549218, 0.10956656216501034, 0.08327941710134112]",,,,,
v_jepa/vjepa2_vit_giant_384,blocks.25,VMV2,train,sub-10,linear_predictivity,5919,94,0.11825638769449698,,"[10000.0, 10000.0, 10000.0, 10000.0, 10000.0]",0.6172776926557313,0.9731466119052758,0.3826239662604228,0.8779578545310567
v_jepa/vjepa2_vit_giant_384,blocks.25,VMV2,test,sub-10,linear_predictivity,5919,94,0.21274609551213622,"[0.22328343846081142, 0.20343874883287444, 0.21393685611234214, 0.21708817205184727, 0.20598326210280588]",,,,,
v_jepa/vjepa2_vit_giant_384,blocks.25,VMV3,train,sub-10,linear_predictivity,5919,98,0.10299704054634976,,"[10000.0, 10000.0, 10000.0, 10000.0, 10000.0]",0.6104069008397011,0.9766012166219941,0.389472719882066,0.8929038636774441
v_jepa/vjepa2_vit_giant_384,blocks.25,VMV3,test,sub-10,linear_predictivity,5919,98,0.170922685417955,"[0.17584870910936143, 0.17272708312341456, 0.17835204688675751, 0.1636232225703574, 0.16406236539988392]",,,,,
v_jepa/vjepa2_vit_giant_384,blocks.25,VMV1,train,sub-10,linear_predictivity,5919,42,0.0836299799009643,,"[10000.0, 10000.0, 10000.0, 10000.0, 10000.0]",0.6040471102775441,0.992022915738759,0.3958045653591566,0.910935436744861
v_jepa/vjepa2_vit_giant_384,blocks.25,VMV1,test,sub-10,linear_predictivity,5919,42,0.14918016209784493,"[0.1565049505793983, 0.15152002033379466, 0.14209234043579103, 0.14929281355000168, 0.14649068559023895]",,,,,
v_jepa/vjepa2_vit_giant_384,blocks.25,PHA2,train,sub-10,linear_predictivity,5919,21,0.04052781681183768,,"[10000.0, 31622.776601683796, 31622.776601683796, 31622.776601683796, 31622.776601683796]",0.36713388398506586,1.0254577644699971,0.632715520124081,0.9544479458150084
v_jepa/vjepa2_vit_giant_384,blocks.25,PHA2,test,sub-10,linear_predictivity,5919,21,0.13362165137379142,"[0.1192663241235571, 0.1298757544136843, 0.12870661107908887, 0.1495908269219966, 0.1406687403306303]",,,,,
v_jepa/vjepa2_vit_giant_384,blocks.25,PHA3,train,sub-10,linear_predictivity,5919,104,0.06072961108754856,,"[10000.0, 10000.0, 10000.0, 10000.0, 10000.0]",0.5951434511657562,1.006484738540839,0.4047495171653791,0.9351460289101612
v_jepa/vjepa2_vit_giant_384,blocks.25,PHA3,test,sub-10,linear_predictivity,5919,104,0.15826848564000134,"[0.1626559259165597, 0.1456915131656729, 0.14965440000351066, 0.1749110095104136, 0.15842957960384987]",,,,,
v_jepa/vjepa2_vit_giant_384,blocks.25,PH,train,sub-10,linear_predictivity,5919,261,0.08227337313718858,,"[10000.0, 10000.0, 10000.0, 10000.0, 10000.0]",0.6014961901645086,0.994139065474297,0.3984022449577569,0.9142931331412036
v_jepa/vjepa2_vit_giant_384,blocks.25,PH,test,sub-10,linear_predictivity,5919,261,0.11246469999546486,"[0.10296948864971658, 0.11624046706234818, 0.11923993315287473, 0.11929448381492758, 0.10457912729745722]",,,,,
v_jepa/vjepa2_vit_giant_384,blocks.28,V1,train,sub-10,linear_predictivity,5919,553,0.15772953804742892,,"[10000.0, 10000.0, 10000.0, 10000.0, 10000.0]",0.6352139901169126,0.9449301372418477,0.3646754548462085,0.8386395609400925
v_jepa/vjepa2_vit_giant_384,blocks.28,V1,test,sub-10,linear_predictivity,5919,553,0.2169173707132092,"[0.21892079455336094, 0.21384329380336337, 0.2212507661975694, 0.21269295015181627, 0.21787904885993614]",,,,,
v_jepa/vjepa2_vit_giant_384,blocks.28,V2,train,sub-10,linear_predictivity,5919,516,0.14630085360311015,,"[10000.0, 10000.0, 10000.0, 10000.0, 10000.0]",0.6302931176792251,0.9508801927964108,0.36958328042216876,0.849648445728158
v_jepa/vjepa2_vit_giant_384,blocks.28,V2,test,sub-10,linear_predictivity,5919,516,0.2019468338375962,"[0.20033414479733608, 0.19954052318580445, 0.20418706877750092, 0.19946229437920143, 0.20621013804813823]",,,,,
v_jepa/vjepa2_vit_giant_384,blocks.28,V3,train,sub-10,linear_predictivity,5919,400,0.17354997717486365,,"[10000.0, 10000.0, 10000.0, 10000.0, 10000.0]",0.6414730509874917,0.9329634752147513,0.35842321128769344,0.8230949859028419
v_jepa/vjepa2_vit_giant_384,blocks.28,V3,test,sub-10,linear_predictivity,5919,400,0.2526536494345085,"[0.24556804251808628, 0.25281487897072846, 0.25556418242276147, 0.2534031181176089, 0.25591802514335754]",,,,,
v_jepa/vjepa2_vit_giant_384,blocks.28,V4,train,sub-10,linear_predictivity,5919,574,0.1470742110749361,,"[10000.0, 10000.0, 10000.0, 10000.0, 10000.0]",0.6302497868383753,0.9486315758097035,0.36964642139521225,0.8494694892479812
v_jepa/vjepa2_vit_giant_384,blocks.28,V4,test,sub-10,linear_predictivity,5919,574,0.22420966123300445,"[0.22108861609091998, 0.21958651078982255, 0.2294011245330757, 0.22609182831127714, 0.22488022643992686]",,,,,
v_jepa/vjepa2_vit_giant_384,blocks.28,V3A,train,sub-10,linear_predictivity,5919,85,0.11909761878936852,,"[10000.0, 10000.0, 10000.0, 10000.0, 10000.0]",0.6181725152339466,0.9722881184153203,0.38170938597542897,0.8770245679443132
v_jepa/vjepa2_vit_giant_384,blocks.28,V3A,test,sub-10,linear_predictivity,5919,85,0.18836544498275637,"[0.17669821031507538, 0.19354618514103888, 0.19490018600212447, 0.19912544325954698, 0.17755720019599605]",,,,,
v_jepa/vjepa2_vit_giant_384,blocks.28,V3B,train,sub-10,linear_predictivity,5919,99,0.10389181998257745,,"[10000.0, 10000.0, 10000.0, 10000.0, 10000.0]",0.6103312354283628,0.9769837000285289,0.3896122812854458,0.8939103797045022
v_jepa/vjepa2_vit_giant_384,blocks.28,V3B,test,sub-10,linear_predictivity,5919,99,0.12187460027044669,"[0.11701007983511465, 0.12614864913078622, 0.13012566724734836, 0.11686380369580518, 0.11922480144317907]",,,,,
v_jepa/vjepa2_vit_giant_384,blocks.28,V6,train,sub-10,linear_predictivity,5919,11,0.1711527203848828,,"[10000.0, 10000.0, 10000.0, 10000.0, 10000.0]",0.6398034844877809,0.9422898156674597,0.3600801428020659,0.8248982633821464
v_jepa/vjepa2_vit_giant_384,blocks.28,V6,test,sub-10,linear_predictivity,5919,11,0.2864549982305576,"[0.2804449125236739, 0.27543181267639133, 0.29282257651681554, 0.29827330431331517, 0.2853023851225919]",,,,,
v_jepa/vjepa2_vit_giant_384,blocks.28,V6A,train,sub-10,linear_predictivity,5919,45,0.07379786701244086,,"[10000.0, 10000.0, 10000.0, 10000.0, 10000.0]",0.5958669575785134,1.0028393199803953,0.40400907631221666,0.9219594798259039
v_jepa/vjepa2_vit_giant_384,blocks.28,V6A,test,sub-10,linear_predictivity,5919,45,0.1080381057982168,"[0.08891235169594809, 0.11692360003138147, 0.11853046865826432, 0.11565204583187397, 0.10017206277361611]",,,,,
v_jepa/vjepa2_vit_giant_384,blocks.28,V7,train,sub-10,linear_predictivity,5919,61,0.10395811423289286,,"[10000.0, 10000.0, 10000.0, 10000.0, 10000.0]",0.6107025549630694,0.9743025844444169,0.38919729687166776,0.8925427042036823
v_jepa/vjepa2_vit_giant_384,blocks.28,V7,test,sub-10,linear_predictivity,5919,61,0.11096197622341472,"[0.09293535087170318, 0.1164717570556955, 0.12947400207099322, 0.11148136098733215, 0.1044474101313495]",,,,,
v_jepa/vjepa2_vit_giant_384,blocks.28,V8,train,sub-10,linear_predictivity,5919,96,0.11790171931846798,,"[10000.0, 10000.0, 10000.0, 10000.0, 10000.0]",0.6176362142272422,0.9730082502718526,0.3822407806778244,0.8780992833369586
v_jepa/vjepa2_vit_giant_384,blocks.28,V8,test,sub-10,linear_predictivity,5919,96,0.2175950550785512,"[0.2264994866673015, 0.21260946505655443, 0.23441123065919253, 0.21345267125875503, 0.2010024217509526]",,,,,
v_jepa/vjepa2_vit_giant_384,blocks.28,FFC,train,sub-10,linear_predictivity,5919,244,0.09459350477056991,,"[10000.0, 10000.0, 10000.0, 10000.0, 10000.0]",0.6060576309742656,0.9908483004544205,0.39386111252716965,0.9025994877902013
v_jepa/vjepa2_vit_giant_384,blocks.28,FFC,test,sub-10,linear_predictivity,5919,244,0.1538867883528175,"[0.15242074434284011, 0.15951311943778412, 0.14782999743721267, 0.1568596920197814, 0.15281038852646908]",,,,,
v_jepa/vjepa2_vit_giant_384,blocks.28,PIT,train,sub-10,linear_predictivity,5919,100,0.11472879649446811,,"[10000.0, 10000.0, 10000.0, 10000.0, 10000.0]",0.614992836328853,0.9736146351949181,0.3849087114618552,0.8821622642070148
v_jepa/vjepa2_vit_giant_384,blocks.28,PIT,test,sub-10,linear_predictivity,5919,100,0.1707702435535268,"[0.16231637286519887, 0.17853133635870366, 0.16315525549623888, 0.1704332882698364, 0.17941496477765614]",,,,,
v_jepa/vjepa2_vit_giant_384,blocks.28,IPS1,train,sub-10,linear_predictivity,5919,166,0.031063572096099643,,"[10000.0, 10000.0, 10000.0, 31622.776601683796, 31622.776601683796]",0.47066240596306674,1.0267554730392527,0.5285758629979581,0.9646776653529402
v_jepa/vjepa2_vit_giant_384,blocks.28,IPS1,test,sub-10,linear_predictivity,5919,166,0.09074728949006472,"[0.0814865325196591, 0.07946660791213257, 0.11805138670399692, 0.08926103366015167, 0.08547088665438327]",,,,,
v_jepa/vjepa2_vit_giant_384,blocks.28,MST,train,sub-10,linear_predictivity,5919,135,0.2037287692530226,,"[10000.0, 10000.0, 10000.0, 10000.0, 10000.0]",0.6557747226283319,0.9064174850532366,0.34412806522885864,0.7928994352567542
v_jepa/vjepa2_vit_giant_384,blocks.28,MST,test,sub-10,linear_predictivity,5919,135,0.29778941512743246,"[0.29654692062578075, 0.2964632746167549, 0.304782960011623, 0.288099131789005, 0.30305478859399876]",,,,,
v_jepa/vjepa2_vit_giant_384,blocks.28,MT,train,sub-10,linear_predictivity,5919,86,0.18151874265004667,,"[10000.0, 10000.0, 10000.0, 10000.0, 10000.0]",0.6457979047055049,0.9261908880597254,0.3541268424954705,0.8157626209835653
v_jepa/vjepa2_vit_giant_384,blocks.28,MT,test,sub-10,linear_predictivity,5919,86,0.2720110222457886,"[0.27286922577370293, 0.27413539267243475, 0.27682746848321976, 0.2615109204993991, 0.27471210380018646]",,,,,
v_jepa/vjepa2_vit_giant_384,blocks.28,FST,train,sub-10,linear_predictivity,5919,167,0.11418659122108749,,"[10000.0, 10000.0, 10000.0, 10000.0, 10000.0]",0.6155758665031711,0.9706162424231604,0.38430964131742085,0.8816930285038616
v_jepa/vjepa2_vit_giant_384,blocks.28,FST,test,sub-10,linear_predictivity,5919,167,0.15885987621006042,"[0.14297519870677255, 0.15675363974718504, 0.16431101589010566, 0.16735362746272825, 0.16290589924351062]",,,,,
v_jepa/vjepa2_vit_giant_384,blocks.28,LO1,train,sub-10,linear_predictivity,5919,78,0.14766828037679586,,"[10000.0, 10000.0, 10000.0, 10000.0, 10000.0]",0.6290618107274079,0.9473644888913991,0.3708262988166482,0.848542735051485
v_jepa/vjepa2_vit_giant_384,blocks.28,LO1,test,sub-10,linear_predictivity,5919,78,0.20847334248538468,"[0.2003906559556313, 0.2056083300968679, 0.2143587629137611, 0.21174581570408973, 0.21026314775657326]",,,,,
v_jepa/vjepa2_vit_giant_384,blocks.28,LO2,train,sub-10,linear_predictivity,5919,80,0.14049687582368492,,"[10000.0, 10000.0, 10000.0, 10000.0, 10000.0]",0.6246684856262549,0.9562077790920647,0.375249392295427,0.8568994235845556
v_jepa/vjepa2_vit_giant_384,blocks.28,LO2,test,sub-10,linear_predictivity,5919,80,0.20182890774722134,"[0.18997102126157936, 0.1978207706449189, 0.20883127542728266, 0.2062731824684286, 0.20624828893389707]",,,,,
v_jepa/vjepa2_vit_giant_384,blocks.28,LO3,train,sub-10,linear_predictivity,5919,113,0.1441630967929253,,"[10000.0, 10000.0, 10000.0, 10000.0, 10000.0]",0.6293680424160746,0.9506349679853342,0.3705090835916159,0.851727963345947
v_jepa/vjepa2_vit_giant_384,blocks.28,LO3,test,sub-10,linear_predictivity,5919,113,0.1550505872920885,"[0.148830468252222, 0.15232705238481323, 0.15615048049188848, 0.15533153335907363, 0.1626134019724452]",,,,,
v_jepa/vjepa2_vit_giant_384,blocks.28,V7,train,sub-10,linear_predictivity,5919,61,0.10395811423289286,,"[10000.0, 10000.0, 10000.0, 10000.0, 10000.0]",0.6107025549630694,0.9743025844444169,0.38919729687166776,0.8925427042036823
v_jepa/vjepa2_vit_giant_384,blocks.28,V7,test,sub-10,linear_predictivity,5919,61,0.11096197622341472,"[0.09293535087170318, 0.1164717570556955, 0.12947400207099322, 0.11148136098733215, 0.1044474101313495]",,,,,
v_jepa/vjepa2_vit_giant_384,blocks.28,IP0,train,sub-10,linear_predictivity,5919,103,0.055390622682015125,,"[10000.0, 10000.0, 10000.0, 10000.0, 10000.0]",0.5898255243104333,1.014475464262943,0.41008603335725125,0.9410423242916366
v_jepa/vjepa2_vit_giant_384,blocks.28,IP0,test,sub-10,linear_predictivity,5919,103,0.07763927741474216,"[0.06883841269522309, 0.06462267906681922, 0.10367671515277428, 0.08421595689216115, 0.06684262326673308]",,,,,
v_jepa/vjepa2_vit_giant_384,blocks.28,IP1,train,sub-10,linear_predictivity,5919,33,-0.00048066759051793,,"[31622.776601683796, 31622.776601683796, 31622.776601683796, 100000.0, 31622.776601683796]",0.24668520866172824,1.0625685749196823,0.7524392341887003,0.9970642937999145
v_jepa/vjepa2_vit_giant_384,blocks.28,IP1,test,sub-10,linear_predictivity,5919,33,0.010708633557614833,"[0.001055424715286093, 0.0030271906195548327, 0.02259812146932973, 0.012633894919104036, 0.014228536064799475]",,,,,
v_jepa/vjepa2_vit_giant_384,blocks.28,MIP,train,sub-10,linear_predictivity,5919,178,0.011498762974164571,,"[31622.776601683796, 31622.776601683796, 31622.776601683796, 31622.776601683796, 31622.776601683796]",0.28943002830293696,1.0490347199752175,0.7103036545063184,0.982579880919106
v_jepa/vjepa2_vit_giant_384,blocks.28,MIP,test,sub-10,linear_predictivity,5919,178,0.020511451858969628,"[0.01471760924152816, 0.016494078512928455, 0.03160261540847094, 0.025092341683514544, 0.014650614448406053]",,,,,
v_jepa/vjepa2_vit_giant_384,blocks.28,VIP,train,sub-10,linear_predictivity,5919,100,0.038403764983992096,,"[31622.776601683796, 31622.776601683796, 10000.0, 31622.776601683796, 31622.776601683796]",0.3626324275543034,1.0291889965296082,0.6372484079018719,0.9581390126933119
v_jepa/vjepa2_vit_giant_384,blocks.28,VIP,test,sub-10,linear_predictivity,5919,100,0.07212424964417971,"[0.06853954008987025, 0.07139965726514917, 0.08801252945269963, 0.06696549679320281, 0.06570402461997665]",,,,,
v_jepa/vjepa2_vit_giant_384,blocks.28,LIPd,train,sub-10,linear_predictivity,5919,31,0.00042648811830942415,,"[100000.0, 31622.776601683796, 31622.776601683796, 100000.0, 100000.0]",0.17772771403921397,1.067914757628067,0.8218786897431775,0.9964901409555121
v_jepa/vjepa2_vit_giant_384,blocks.28,LIPd,test,sub-10,linear_predictivity,5919,31,0.014751298019661255,"[0.014619064935355636, 0.01406874869821421, 0.016232092443390033, 0.014177719102029692, 0.014658864919316705]",,,,,
v_jepa/vjepa2_vit_giant_384,blocks.28,LIPv,train,sub-10,linear_predictivity,5919,75,0.02436569296101868,,"[31622.776601683796, 31622.776601683796, 31622.776601683796, 31622.776601683796, 31622.776601683796]",0.2972886532040268,1.0462196628843972,0.7025333773799971,0.9717686491681301
v_jepa/vjepa2_vit_giant_384,blocks.28,LIPv,test,sub-10,linear_predictivity,5919,75,0.04305019105099833,"[0.04004261919347471, 0.04123914341472398, 0.05222227238871285, 0.04451773807112165, 0.03722918218695847]",,,,,
v_jepa/vjepa2_vit_giant_384,blocks.28,AIP,train,sub-10,linear_predictivity,5919,409,0.008395317621216456,,"[31622.776601683796, 31622.776601683796, 31622.776601683796, 31622.776601683796, 31622.776601683796]",0.28511377161180046,1.0516338885061634,0.7146156190670572,0.9856797647945388
v_jepa/vjepa2_vit_giant_384,blocks.28,AIP,test,sub-10,linear_predictivity,5919,409,-0.00535529993645098,"[-0.0076472315238886365, -0.013194164728253492, -0.004498866570535999, 0.005959498215899221, -0.007395735075475995]",,,,,
v_jepa/vjepa2_vit_giant_384,blocks.28,7Pm,train,sub-10,linear_predictivity,5919,21,0.020327607831297254,,"[31622.776601683796, 31622.776601683796, 31622.776601683796, 31622.776601683796, 31622.776601683796]",0.29130230733325274,1.0417009252524763,0.7085567506063264,0.9766123346075668
v_jepa/vjepa2_vit_giant_384,blocks.28,7Pm,test,sub-10,linear_predictivity,5919,21,0.04479721057792655,"[0.04473735603898145, 0.04575599618359199, 0.04878855740917466, 0.05337992309918168, 0.03132422015870297]",,,,,
v_jepa/vjepa2_vit_giant_384,blocks.28,7PL,train,sub-10,linear_predictivity,5919,106,0.038458880469797875,,"[31622.776601683796, 10000.0, 10000.0, 31622.776601683796, 10000.0]",0.47576999790344654,1.0185747620948145,0.5247244136514855,0.9577895220707789
v_jepa/vjepa2_vit_giant_384,blocks.28,7PL,test,sub-10,linear_predictivity,5919,106,0.08754167590654693,"[0.08981917884751721, 0.07113981509208295, 0.09811712268144392, 0.0926707856150696, 0.08596147729662099]",,,,,
v_jepa/vjepa2_vit_giant_384,blocks.28,7PC,train,sub-10,linear_predictivity,5919,224,0.02444216893210064,,"[31622.776601683796, 31622.776601683796, 10000.0, 31622.776601683796, 31622.776601683796]",0.35448684435085187,1.0308684699040298,0.6455979835075931,0.969657076964341
v_jepa/vjepa2_vit_giant_384,blocks.28,7PC,test,sub-10,linear_predictivity,5919,224,0.06010702242494148,"[0.0600102621963508, 0.07022107758161124, 0.04608619252115921, 0.0603237224466579, 0.06389385737892825]",,,,,
v_jepa/vjepa2_vit_giant_384,blocks.28,7Am,train,sub-10,linear_predictivity,5919,186,0.024881786248783677,,"[31622.776601683796, 31622.776601683796, 31622.776601683796, 31622.776601683796, 31622.776601683796]",0.29693203996060874,1.035363991199346,0.702845975842693,0.9702880988839114
v_jepa/vjepa2_vit_giant_384,blocks.28,7Am,test,sub-10,linear_predictivity,5919,186,0.04429339933348313,"[0.04450169653907601, 0.04670860563754534, 0.0491934477355222, 0.044530973359474146, 0.03653227339579796]",,,,,
v_jepa/vjepa2_vit_giant_384,blocks.28,7AL,train,sub-10,linear_predictivity,5919,158,0.014117605597565572,,"[31622.776601683796, 31622.776601683796, 31622.776601683796, 31622.776601683796, 31622.776601683796]",0.2905463971311231,1.0413525853448324,0.70920290351209,0.9802830821735233
v_jepa/vjepa2_vit_giant_384,blocks.28,7AL,test,sub-10,linear_predictivity,5919,158,0.030959419313372916,"[0.0295906238860099, 0.030213389715502886, 0.03179207928984771, 0.030393998895281316, 0.03280700478022277]",,,,,
v_jepa/vjepa2_vit_giant_384,blocks.28,VVC,train,sub-10,linear_predictivity,5919,196,0.05078174176632837,,"[10000.0, 10000.0, 10000.0, 10000.0, 10000.0]",0.5866743892937142,1.0201598852724256,0.4132098904657517,0.9450448871295487
v_jepa/vjepa2_vit_giant_384,blocks.28,VVC,test,sub-10,linear_predictivity,5919,196,0.08587802210110343,"[0.09005305769155784, 0.0830925139476669, 0.09499108453993779, 0.09046548875062264, 0.07078796557573203]",,,,,
v_jepa/vjepa2_vit_giant_384,blocks.28,VMV2,train,sub-10,linear_predictivity,5919,94,0.11460961080427204,,"[10000.0, 10000.0, 10000.0, 10000.0, 10000.0]",0.6141583318556154,0.9780311158283406,0.38574741577192184,0.8816264883763498
v_jepa/vjepa2_vit_giant_384,blocks.28,VMV2,test,sub-10,linear_predictivity,5919,94,0.18597029012095997,"[0.19767303851563278, 0.1665876438064455, 0.19696945945661448, 0.18145899593172427, 0.1871623128943829]",,,,,
v_jepa/vjepa2_vit_giant_384,blocks.28,VMV3,train,sub-10,linear_predictivity,5919,98,0.09274208022378153,,"[10000.0, 10000.0, 10000.0, 10000.0, 10000.0]",0.6052913040002288,0.9829733764099353,0.39457476489131815,0.9026930648754469
v_jepa/vjepa2_vit_giant_384,blocks.28,VMV3,test,sub-10,linear_predictivity,5919,98,0.11794209694355669,"[0.13175493336455044, 0.10540190811696679, 0.13375871504162412, 0.10662549357231066, 0.11216943462233142]",,,,,
v_jepa/vjepa2_vit_giant_384,blocks.28,VMV1,train,sub-10,linear_predictivity,5919,42,0.08691167344526782,,"[10000.0, 10000.0, 10000.0, 10000.0, 10000.0]",0.6045126871303641,0.9911433633822169,0.3953459804844516,0.9077868249672566
v_jepa/vjepa2_vit_giant_384,blocks.28,VMV1,test,sub-10,linear_predictivity,5919,42,0.11866888483354202,"[0.12449227682633547, 0.11194841791959778, 0.1167370025939204, 0.11754384262995361, 0.12262288419790275]",,,,,
v_jepa/vjepa2_vit_giant_384,blocks.28,PHA2,train,sub-10,linear_predictivity,5919,21,0.04596032983531483,,"[31622.776601683796, 31622.776601683796, 31622.776601683796, 31622.776601683796, 31622.776601683796]",0.3136923210264807,1.025974418756291,0.6860803423527189,0.9490600125535733
v_jepa/vjepa2_vit_giant_384,blocks.28,PHA2,test,sub-10,linear_predictivity,5919,21,0.13189735810253872,"[0.12625298650828548, 0.12729895473592107, 0.12993040275295215, 0.13836002094646838, 0.1376444255690666]",,,,,
v_jepa/vjepa2_vit_giant_384,blocks.28,PHA3,train,sub-10,linear_predictivity,5919,104,0.06451856497298342,,"[10000.0, 10000.0, 10000.0, 10000.0, 10000.0]",0.5957044910804392,1.0064076302865343,0.40418336854601933,0.9312804421212547
v_jepa/vjepa2_vit_giant_384,blocks.28,PHA3,test,sub-10,linear_predictivity,5919,104,0.16196418744958,"[0.16536469273018592, 0.14598214340660862, 0.15673785064094256, 0.1703775956479434, 0.17135865482221943]",,,,,
v_jepa/vjepa2_vit_giant_384,blocks.28,PH,train,sub-10,linear_predictivity,5919,261,0.0793713434068779,,"[10000.0, 10000.0, 10000.0, 10000.0, 10000.0]",0.5990356507258732,1.0020993485023773,0.400870560158016,0.9172075141965296
v_jepa/vjepa2_vit_giant_384,blocks.28,PH,test,sub-10,linear_predictivity,5919,261,0.09573446757679088,"[0.08343545834173448, 0.09117704532435583, 0.10568720048632224, 0.10016921356190403, 0.09820342016963783]",,,,,
v_jepa/vjepa2_vit_giant_384,blocks.31,V1,train,sub-10,linear_predictivity,5919,553,0.1553076565541811,,"[10000.0, 10000.0, 10000.0, 10000.0, 10000.0]",0.6326728362055686,0.9470777191203128,0.36721624891257487,0.841060647808024
v_jepa/vjepa2_vit_giant_384,blocks.31,V1,test,sub-10,linear_predictivity,5919,553,0.21531941683076522,"[0.21753157567801984, 0.2112599831315096, 0.21730729756198522, 0.21744520325358957, 0.21305302452872185]",,,,,
v_jepa/vjepa2_vit_giant_384,blocks.31,V2,train,sub-10,linear_predictivity,5919,516,0.14469409424135796,,"[10000.0, 10000.0, 10000.0, 10000.0, 10000.0]",0.6287225106956978,0.9516434686853501,0.37115880758967723,0.8513043892310819
v_jepa/vjepa2_vit_giant_384,blocks.31,V2,test,sub-10,linear_predictivity,5919,516,0.2050806146083411,"[0.20323629157703443, 0.2023937470875401, 0.20353412098877252, 0.20738316338523913, 0.20885575000311918]",,,,,
v_jepa/vjepa2_vit_giant_384,blocks.31,V3,train,sub-10,linear_predictivity,5919,400,0.1745604816881785,,"[10000.0, 10000.0, 10000.0, 10000.0, 10000.0]",0.6406071494838924,0.9327959975290705,0.35928657363739097,0.8221005257758719
v_jepa/vjepa2_vit_giant_384,blocks.31,V3,test,sub-10,linear_predictivity,5919,400,0.2571370246321779,"[0.25071719280206667, 0.2575784614476766, 0.2600851619954229, 0.26167172196520494, 0.2556325849505183]",,,,,
v_jepa/vjepa2_vit_giant_384,blocks.31,V4,train,sub-10,linear_predictivity,5919,574,0.15079260610855927,,"[10000.0, 10000.0, 10000.0, 10000.0, 10000.0]",0.630619678199319,0.9460281412766435,0.3692733300217693,0.8457682016109997
v_jepa/vjepa2_vit_giant_384,blocks.31,V4,test,sub-10,linear_predictivity,5919,574,0.23848997349965786,"[0.23585463736211082, 0.2336492873613659, 0.24620019245125793, 0.2371165648809498, 0.2396291854426049]",,,,,
v_jepa/vjepa2_vit_giant_384,blocks.31,V3A,train,sub-10,linear_predictivity,5919,85,0.1197568015979381,,"[10000.0, 10000.0, 10000.0, 10000.0, 10000.0]",0.6183405646491389,0.9722693757386607,0.381543199741532,0.8763547592430598
v_jepa/vjepa2_vit_giant_384,blocks.31,V3A,test,sub-10,linear_predictivity,5919,85,0.2076782018613806,"[0.19652552066723897, 0.214003835291576, 0.21382210799124884, 0.214487326628682, 0.19955221872815723]",,,,,
v_jepa/vjepa2_vit_giant_384,blocks.31,V3B,train,sub-10,linear_predictivity,5919,99,0.1084550915731928,,"[10000.0, 10000.0, 10000.0, 10000.0, 10000.0]",0.6128860558804994,0.9717061013603738,0.3870747542502974,0.8897073914943014
v_jepa/vjepa2_vit_giant_384,blocks.31,V3B,test,sub-10,linear_predictivity,5919,99,0.15721638387858722,"[0.15615224605648398, 0.1579310305700609, 0.16230093442222868, 0.14927124682146392, 0.1604264615226986]",,,,,
v_jepa/vjepa2_vit_giant_384,blocks.31,V6,train,sub-10,linear_predictivity,5919,11,0.1783611311938813,,"[10000.0, 10000.0, 10000.0, 10000.0, 10000.0]",0.6423992806863621,0.9375625198550039,0.35748682705135615,0.8178097349024508
v_jepa/vjepa2_vit_giant_384,blocks.31,V6,test,sub-10,linear_predictivity,5919,11,0.31759947954526757,"[0.3055529272005164, 0.3091895080824056, 0.3169977576373713, 0.3404271534712639, 0.3158300513347805]",,,,,
v_jepa/vjepa2_vit_giant_384,blocks.31,V6A,train,sub-10,linear_predictivity,5919,45,0.07371559707225621,,"[10000.0, 10000.0, 10000.0, 10000.0, 10000.0]",0.5958898492023342,1.0045763940092574,0.40398330342342004,0.922064898547319
v_jepa/vjepa2_vit_giant_384,blocks.31,V6A,test,sub-10,linear_predictivity,5919,45,0.14629164902130623,"[0.12939706031445344, 0.14951713719112547, 0.1604855643540571, 0.1421990708115613, 0.14985941243533382]",,,,,
v_jepa/vjepa2_vit_giant_384,blocks.31,V7,train,sub-10,linear_predictivity,5919,61,0.10807578829265628,,"[10000.0, 10000.0, 10000.0, 10000.0, 10000.0]",0.6125482118376887,0.971189921995758,0.38735680396061056,0.8885879137687219
v_jepa/vjepa2_vit_giant_384,blocks.31,V7,test,sub-10,linear_predictivity,5919,61,0.12882310403502725,"[0.11635254530697892, 0.133503255557335, 0.15210015300550903, 0.10488455124836006, 0.13727501505695333]",,,,,
v_jepa/vjepa2_vit_giant_384,blocks.31,V8,train,sub-10,linear_predictivity,5919,96,0.12077157097893199,,"[10000.0, 10000.0, 10000.0, 10000.0, 10000.0]",0.6190120648345069,0.9689595993479365,0.3808655644189419,0.8752524864298398
v_jepa/vjepa2_vit_giant_384,blocks.31,V8,test,sub-10,linear_predictivity,5919,96,0.24255599937534242,"[0.2533025264498195, 0.23795867294089157, 0.2559093743586671, 0.23408619427724955, 0.23152322885008444]",,,,,
v_jepa/vjepa2_vit_giant_384,blocks.31,FFC,train,sub-10,linear_predictivity,5919,244,0.09315918505947468,,"[10000.0, 10000.0, 10000.0, 10000.0, 10000.0]",0.6063317381265054,0.9880620970774896,0.39357873881624167,0.9038888046486196
v_jepa/vjepa2_vit_giant_384,blocks.31,FFC,test,sub-10,linear_predictivity,5919,244,0.17366756322254567,"[0.1727926336733281, 0.1733215705105979, 0.17728330841493697, 0.17297217293778597, 0.1719681305760793]",,,,,
v_jepa/vjepa2_vit_giant_384,blocks.31,PIT,train,sub-10,linear_predictivity,5919,100,0.1144962527452561,,"[10000.0, 10000.0, 10000.0, 10000.0, 10000.0]",0.6151307155461773,0.9705839236964577,0.3847824634282757,0.8825304119206846
v_jepa/vjepa2_vit_giant_384,blocks.31,PIT,test,sub-10,linear_predictivity,5919,100,0.1864708157009574,"[0.17643375961435492, 0.18776022579719914, 0.1912053814748683, 0.1864375508770424, 0.19051716074132216]",,,,,
v_jepa/vjepa2_vit_giant_384,blocks.31,IPS1,train,sub-10,linear_predictivity,5919,166,0.03629180669440163,,"[10000.0, 10000.0, 10000.0, 31622.776601683796, 10000.0]",0.5271105972115326,1.028004217267753,0.47188867602932094,0.9594838451037611
v_jepa/vjepa2_vit_giant_384,blocks.31,IPS1,test,sub-10,linear_predictivity,5919,166,0.126950428742088,"[0.1214128244686145, 0.12201084536733617, 0.15929811909325356, 0.10128631424659511, 0.13074404053464087]",,,,,
v_jepa/vjepa2_vit_giant_384,blocks.31,MST,train,sub-10,linear_predictivity,5919,135,0.20671313336292818,,"[10000.0, 10000.0, 10000.0, 10000.0, 10000.0]",0.6576758444705773,0.9020537500248089,0.34222100893685903,0.7898842810047884
v_jepa/vjepa2_vit_giant_384,blocks.31,MST,test,sub-10,linear_predictivity,5919,135,0.3239734729499921,"[0.3273576053633601, 0.31772325174280985, 0.33464784542753745, 0.30972840711334115, 0.33041025510291216]",,,,,
v_jepa/vjepa2_vit_giant_384,blocks.31,MT,train,sub-10,linear_predictivity,5919,86,0.18468298289949497,,"[10000.0, 10000.0, 10000.0, 10000.0, 10000.0]",0.6469106702322331,0.926196351083744,0.3530100490007511,0.8125015646896404
v_jepa/vjepa2_vit_giant_384,blocks.31,MT,test,sub-10,linear_predictivity,5919,86,0.28712415543048114,"[0.2875943362463778, 0.2814323561601292, 0.29477645425944293, 0.28003830752236497, 0.29177932296409076]",,,,,
v_jepa/vjepa2_vit_giant_384,blocks.31,FST,train,sub-10,linear_predictivity,5919,167,0.12151469851248704,,"[10000.0, 10000.0, 10000.0, 10000.0, 10000.0]",0.6182127068183595,0.9657637535660536,0.381665608449397,0.8742494953756459
v_jepa/vjepa2_vit_giant_384,blocks.31,FST,test,sub-10,linear_predictivity,5919,167,0.18095962348709352,"[0.1676009575334619, 0.17401460873076616, 0.19748959310325662, 0.17792420172371168, 0.1877687563442712]",,,,,
v_jepa/vjepa2_vit_giant_384,blocks.31,LO1,train,sub-10,linear_predictivity,5919,78,0.15114968819595723,,"[10000.0, 10000.0, 10000.0, 10000.0, 10000.0]",0.6302524092229944,0.9432308696129444,0.36962314887220005,0.8448153349181242
v_jepa/vjepa2_vit_giant_384,blocks.31,LO1,test,sub-10,linear_predictivity,5919,78,0.24197646698786618,"[0.24653921385255342, 0.2280569890826755, 0.2520730444897069, 0.24127152101505667, 0.2419415664993383]",,,,,
v_jepa/vjepa2_vit_giant_384,blocks.31,LO2,train,sub-10,linear_predictivity,5919,80,0.14194587974793496,,"[10000.0, 10000.0, 10000.0, 10000.0, 10000.0]",0.6253765431104589,0.954416249134362,0.37453602682044057,0.8553323906002861
v_jepa/vjepa2_vit_giant_384,blocks.31,LO2,test,sub-10,linear_predictivity,5919,80,0.232025945124234,"[0.2222239469996054, 0.2291619162378526, 0.2494907162614716, 0.22681040161443086, 0.23244274450780952]",,,,,
v_jepa/vjepa2_vit_giant_384,blocks.31,LO3,train,sub-10,linear_predictivity,5919,113,0.1491004622587226,,"[10000.0, 10000.0, 10000.0, 10000.0, 10000.0]",0.6310846519877963,0.9458143900733086,0.36879390786899313,0.8469184929196869
v_jepa/vjepa2_vit_giant_384,blocks.31,LO3,test,sub-10,linear_predictivity,5919,113,0.1837938777933317,"[0.19043422460721685, 0.16643602992522216, 0.19371176363925816, 0.18246277156544383, 0.18592459922951746]",,,,,
v_jepa/vjepa2_vit_giant_384,blocks.31,V7,train,sub-10,linear_predictivity,5919,61,0.10807578829265628,,"[10000.0, 10000.0, 10000.0, 10000.0, 10000.0]",0.6125482118376887,0.971189921995758,0.38735680396061056,0.8885879137687219
v_jepa/vjepa2_vit_giant_384,blocks.31,V7,test,sub-10,linear_predictivity,5919,61,0.12882310403502725,"[0.11635254530697892, 0.133503255557335, 0.15210015300550903, 0.10488455124836006, 0.13727501505695333]",,,,,
v_jepa/vjepa2_vit_giant_384,blocks.31,IP0,train,sub-10,linear_predictivity,5919,103,0.0584381732230697,,"[10000.0, 10000.0, 10000.0, 10000.0, 10000.0]",0.5904909537649675,1.0123113914623307,0.40942314266748614,0.9380717673284419
v_jepa/vjepa2_vit_giant_384,blocks.31,IP0,test,sub-10,linear_predictivity,5919,103,0.13093314108521475,"[0.1260391802608177, 0.12334782686199247, 0.15954349806668527, 0.12480584981527118, 0.12092935042130717]",,,,,
v_jepa/vjepa2_vit_giant_384,blocks.31,IP1,train,sub-10,linear_predictivity,5919,33,0.002652556993620834,,"[31622.776601683796, 31622.776601683796, 31622.776601683796, 100000.0, 31622.776601683796]",0.24756775642885112,1.0629970115643501,0.7515539975022619,0.9941117838569861
v_jepa/vjepa2_vit_giant_384,blocks.31,IP1,test,sub-10,linear_predictivity,5919,33,0.028849625136293022,"[0.023868943436614595, 0.028552282873857547, 0.04340242626124838, 0.016009408808050744, 0.03241506430169386]",,,,,
v_jepa/vjepa2_vit_giant_384,blocks.31,MIP,train,sub-10,linear_predictivity,5919,178,0.008017231846438114,,"[31622.776601683796, 31622.776601683796, 31622.776601683796, 31622.776601683796, 31622.776601683796]",0.28655653454841984,1.064513992612254,0.7131863054441571,0.986050827191377
v_jepa/vjepa2_vit_giant_384,blocks.31,MIP,test,sub-10,linear_predictivity,5919,178,0.033974827802440155,"[0.02997433109476367, 0.031648932924045685, 0.0430592699163103, 0.033048493434330105, 0.032143111642751035]",,,,,
v_jepa/vjepa2_vit_giant_384,blocks.31,VIP,train,sub-10,linear_predictivity,5919,100,0.03890133782079319,,"[31622.776601683796, 31622.776601683796, 31622.776601683796, 31622.776601683796, 31622.776601683796]",0.3063350252604865,1.0357410798296045,0.6935174190459612,0.957942539314398
v_jepa/vjepa2_vit_giant_384,blocks.31,VIP,test,sub-10,linear_predictivity,5919,100,0.09561928272270177,"[0.09558892135405866, 0.08992506599046061, 0.11371189078774677, 0.08739590549897133, 0.09147462998227143]",,,,,
v_jepa/vjepa2_vit_giant_384,blocks.31,LIPd,train,sub-10,linear_predictivity,5919,31,0.0007643809911622066,,"[31622.776601683796, 31622.776601683796, 31622.776601683796, 100000.0, 100000.0]",0.2110067751642934,1.06901981384765,0.7886299482927294,0.9961553922140098
v_jepa/vjepa2_vit_giant_384,blocks.31,LIPd,test,sub-10,linear_predictivity,5919,31,0.020571876868325532,"[0.01809389098143619, 0.021871207143581234, 0.029346691183383556, 0.01620799743342554, 0.017339597599801124]",,,,,
v_jepa/vjepa2_vit_giant_384,blocks.31,LIPv,train,sub-10,linear_predictivity,5919,75,0.02630539380986361,,"[31622.776601683796, 31622.776601683796, 31622.776601683796, 31622.776601683796, 31622.776601683796]",0.2977347649892588,1.0468081193942413,0.702108197391846,0.9699921020147775
v_jepa/vjepa2_vit_giant_384,blocks.31,LIPv,test,sub-10,linear_predictivity,5919,75,0.05811815657630455,"[0.05113821883257203, 0.05849077186839392, 0.0693513976825243, 0.0543098170676321, 0.05730057743040035]",,,,,
v_jepa/vjepa2_vit_giant_384,blocks.31,AIP,train,sub-10,linear_predictivity,5919,409,0.008334966514490482,,"[31622.776601683796, 31622.776601683796, 31622.776601683796, 31622.776601683796, 31622.776601683796]",0.2844293689803016,1.0581241038212692,0.7153009703362037,0.9857560924605517
v_jepa/vjepa2_vit_giant_384,blocks.31,AIP,test,sub-10,linear_predictivity,5919,409,0.004919043774044172,"[0.001063164766404232, 0.0021180614000531005, 0.006150225038315712, 0.007478708578696458, 0.007785059086751356]",,,,,
v_jepa/vjepa2_vit_giant_384,blocks.31,7Pm,train,sub-10,linear_predictivity,5919,21,0.022519335421981777,,"[31622.776601683796, 31622.776601683796, 31622.776601683796, 31622.776601683796, 31622.776601683796]",0.2914398878222679,1.0471315815888897,0.7084238424861187,0.9744955006524074
v_jepa/vjepa2_vit_giant_384,blocks.31,7Pm,test,sub-10,linear_predictivity,5919,21,0.06574879776705561,"[0.06804750238262423, 0.06357610917015732, 0.06949391846750623, 0.07661711006851107, 0.051009348746479145]",,,,,
v_jepa/vjepa2_vit_giant_384,blocks.31,7PL,train,sub-10,linear_predictivity,5919,106,0.036280247786058796,,"[31622.776601683796, 10000.0, 31622.776601683796, 31622.776601683796, 31622.776601683796]",0.3633748066010189,1.0293637149401904,0.6357230311798107,0.9601045167850527
v_jepa/vjepa2_vit_giant_384,blocks.31,7PL,test,sub-10,linear_predictivity,5919,106,0.10093603137818923,"[0.10253651248257864, 0.0862617587934829, 0.10842820243126595, 0.10505485185512732, 0.1023988313284914]",,,,,
v_jepa/vjepa2_vit_giant_384,blocks.31,7PC,train,sub-10,linear_predictivity,5919,224,0.026405602619968417,,"[31622.776601683796, 31622.776601683796, 10000.0, 31622.776601683796, 31622.776601683796]",0.35581707103904653,1.0338727230349076,0.6442616948353768,0.9676779123478472
v_jepa/vjepa2_vit_giant_384,blocks.31,7PC,test,sub-10,linear_predictivity,5919,224,0.07435693433858079,"[0.07238560617062507, 0.0814781823273817, 0.07106695931897379, 0.06351987725651267, 0.08333404661941071]",,,,,
v_jepa/vjepa2_vit_giant_384,blocks.31,7Am,train,sub-10,linear_predictivity,5919,186,0.025354286607430124,,"[31622.776601683796, 31622.776601683796, 31622.776601683796, 31622.776601683796, 31622.776601683796]",0.29633394122799317,1.0398124439442673,0.7034524767997966,0.9699187959826148
v_jepa/vjepa2_vit_giant_384,blocks.31,7Am,test,sub-10,linear_predictivity,5919,186,0.05400390512990868,"[0.05569415222918681, 0.05581698240079264, 0.052469817413914925, 0.05547298932784201, 0.050565584277807024]",,,,,
v_jepa/vjepa2_vit_giant_384,blocks.31,7AL,train,sub-10,linear_predictivity,5919,158,0.014933873923972581,,"[31622.776601683796, 31622.776601683796, 31622.776601683796, 31622.776601683796, 31622.776601683796]",0.29060708730043433,1.0447743481294371,0.7091483254805748,0.9795438047199221
v_jepa/vjepa2_vit_giant_384,blocks.31,7AL,test,sub-10,linear_predictivity,5919,158,0.04533412917591627,"[0.04528297281351147, 0.04270342050683472, 0.0424417788908033, 0.04319404598280691, 0.05304842768562492]",,,,,
v_jepa/vjepa2_vit_giant_384,blocks.31,VVC,train,sub-10,linear_predictivity,5919,196,0.05411459410219612,,"[10000.0, 10000.0, 10000.0, 10000.0, 10000.0]",0.5884480249614591,1.0187661053464552,0.4114266285305705,0.9415670624120829
v_jepa/vjepa2_vit_giant_384,blocks.31,VVC,test,sub-10,linear_predictivity,5919,196,0.11889239434661167,"[0.12163216287067163, 0.11326454266566187, 0.13018619768177542, 0.12341732697567089, 0.10596174153927862]",,,,,
v_jepa/vjepa2_vit_giant_384,blocks.31,VMV2,train,sub-10,linear_predictivity,5919,94,0.12213282144003973,,"[10000.0, 10000.0, 10000.0, 10000.0, 10000.0]",0.6175845666483415,0.9727140692434016,0.3823160435447182,0.8740099185801377
v_jepa/vjepa2_vit_giant_384,blocks.31,VMV2,test,sub-10,linear_predictivity,5919,94,0.2407167573473088,"[0.25052777753211986, 0.2238803794403957, 0.24663561435374423, 0.23882493429707277, 0.2437150811132113]",,,,,
v_jepa/vjepa2_vit_giant_384,blocks.31,VMV3,train,sub-10,linear_predictivity,5919,98,0.09851822793301399,,"[10000.0, 10000.0, 10000.0, 10000.0, 10000.0]",0.6086746782403943,0.9770724911667799,0.3911933175087725,0.8969844469361936
v_jepa/vjepa2_vit_giant_384,blocks.31,VMV3,test,sub-10,linear_predictivity,5919,98,0.164632858470711,"[0.1751185555748589, 0.15569966031461155, 0.1787656758968032, 0.15163940251658864, 0.16194099805069267]",,,,,
v_jepa/vjepa2_vit_giant_384,blocks.31,VMV1,train,sub-10,linear_predictivity,5919,42,0.08637112191745651,,"[10000.0, 10000.0, 10000.0, 10000.0, 10000.0]",0.6041144057359151,0.992716443104616,0.3957518144344676,0.9084449949339405
v_jepa/vjepa2_vit_giant_384,blocks.31,VMV1,test,sub-10,linear_predictivity,5919,42,0.14992959776314796,"[0.15677830923106506, 0.13718061935349354, 0.15056665360741223, 0.15124574413665762, 0.1538766624871113]",,,,,
v_jepa/vjepa2_vit_giant_384,blocks.31,PHA2,train,sub-10,linear_predictivity,5919,21,0.049851259136236704,,"[31622.776601683796, 31622.776601683796, 31622.776601683796, 31622.776601683796, 31622.776601683796]",0.31555846715656893,1.0233400537247817,0.6842267084438594,0.9453228918802603
v_jepa/vjepa2_vit_giant_384,blocks.31,PHA2,test,sub-10,linear_predictivity,5919,21,0.15761394499976095,"[0.15320559010343904, 0.15489907511601542, 0.15530642393294206, 0.1641957750484538, 0.16046286079795444]",,,,,
v_jepa/vjepa2_vit_giant_384,blocks.31,PHA3,train,sub-10,linear_predictivity,5919,104,0.06485643873325307,,"[10000.0, 10000.0, 10000.0, 10000.0, 31622.776601683796]",0.5413343158365456,1.0101635420820145,0.45889107541388274,0.9308327804496006
v_jepa/vjepa2_vit_giant_384,blocks.31,PHA3,test,sub-10,linear_predictivity,5919,104,0.2001503066131745,"[0.21341668505500835, 0.19112305128986995, 0.20186954741839372, 0.2094635494850416, 0.18487869981755883]",,,,,
v_jepa/vjepa2_vit_giant_384,blocks.31,PH,train,sub-10,linear_predictivity,5919,261,0.08212691404082495,,"[10000.0, 10000.0, 10000.0, 10000.0, 10000.0]",0.599660074411744,0.9987662653210558,0.4002441389747765,0.9144753504907811
v_jepa/vjepa2_vit_giant_384,blocks.31,PH,test,sub-10,linear_predictivity,5919,261,0.12080283827698239,"[0.1089831680702637, 0.11618699419087389, 0.14074028704718944, 0.11783762831788375, 0.12026611375870122]",,,,,
v_jepa/vjepa2_vit_giant_384,blocks.34,V1,train,sub-10,linear_predictivity,5919,553,0.1502421531765514,,"[10000.0, 10000.0, 10000.0, 10000.0, 10000.0]",0.6329377660265488,0.9493621210142406,0.36695457655846053,0.8461967839184421
v_jepa/vjepa2_vit_giant_384,blocks.34,V1,test,sub-10,linear_predictivity,5919,553,0.201622405521855,"[0.20125035797805402, 0.2040471161027651, 0.20322417270087997, 0.20252130745964458, 0.19706907336793136]",,,,,
v_jepa/vjepa2_vit_giant_384,blocks.34,V2,train,sub-10,linear_predictivity,5919,516,0.13692193327990096,,"[10000.0, 10000.0, 10000.0, 10000.0, 10000.0]",0.6282014191463307,0.955608571196376,0.3716760930454793,0.8589956605781219
v_jepa/vjepa2_vit_giant_384,blocks.34,V2,test,sub-10,linear_predictivity,5919,516,0.19005402916445527,"[0.1852373610159045, 0.19185297601203155, 0.1908902430240858, 0.19142895531884085, 0.19086061045141353]",,,,,
v_jepa/vjepa2_vit_giant_384,blocks.34,V3,train,sub-10,linear_predictivity,5919,400,0.1668746819959999,,"[10000.0, 10000.0, 10000.0, 10000.0, 10000.0]",0.640152854028316,0.9356982083380363,0.35974323779918393,0.8298152962770224
v_jepa/vjepa2_vit_giant_384,blocks.34,V3,test,sub-10,linear_predictivity,5919,400,0.23383901476083696,"[0.2212146314730915, 0.2407307112678928, 0.2352197044685931, 0.23834261550208263, 0.23368741109252475]",,,,,
v_jepa/vjepa2_vit_giant_384,blocks.34,V4,train,sub-10,linear_predictivity,5919,574,0.14743099568446427,,"[10000.0, 10000.0, 10000.0, 10000.0, 10000.0]",0.631748172296709,0.9470323920260093,0.3681481099209636,0.8492022473818844
v_jepa/vjepa2_vit_giant_384,blocks.34,V4,test,sub-10,linear_predictivity,5919,574,0.2371853596515411,"[0.2272535398163513, 0.23549089399076598, 0.2450840547834039, 0.2393122285528905, 0.23878608111429386]",,,,,
v_jepa/vjepa2_vit_giant_384,blocks.34,V3A,train,sub-10,linear_predictivity,5919,85,0.1170341388698133,,"[10000.0, 10000.0, 10000.0, 10000.0, 10000.0]",0.6193812103292947,0.9694021703235919,0.3805082990820827,0.8792335596113166
v_jepa/vjepa2_vit_giant_384,blocks.34,V3A,test,sub-10,linear_predictivity,5919,85,0.19638679247625523,"[0.18385382944044407, 0.2053703395732144, 0.19258374864234473, 0.2056947327421893, 0.19443131198308378]",,,,,
v_jepa/vjepa2_vit_giant_384,blocks.34,V3B,train,sub-10,linear_predictivity,5919,99,0.10118052482950644,,"[10000.0, 10000.0, 10000.0, 10000.0, 10000.0]",0.6110128574370213,0.9822682926665973,0.38894613831408625,0.8968205745766534
v_jepa/vjepa2_vit_giant_384,blocks.34,V3B,test,sub-10,linear_predictivity,5919,99,0.17351978198417303,"[0.16391694267187526, 0.16507127315181236, 0.17804715130124946, 0.1733775055196567, 0.18718603727627142]",,,,,
v_jepa/vjepa2_vit_giant_384,blocks.34,V6,train,sub-10,linear_predictivity,5919,11,0.17491467995240748,,"[10000.0, 10000.0, 10000.0, 10000.0, 10000.0]",0.6447521065855482,0.9387063151409103,0.355136479533066,0.8212642615578363
v_jepa/vjepa2_vit_giant_384,blocks.34,V6,test,sub-10,linear_predictivity,5919,11,0.3241220887078348,"[0.3179488199669326, 0.32099121251452484, 0.32430775894808545, 0.337991647561948, 0.31937100454768336]",,,,,
v_jepa/vjepa2_vit_giant_384,blocks.34,V6A,train,sub-10,linear_predictivity,5919,45,0.07404466668647447,,"[10000.0, 10000.0, 10000.0, 10000.0, 10000.0]",0.5980920663440816,1.0036789564921833,0.4018137696803089,0.9222060621130144
v_jepa/vjepa2_vit_giant_384,blocks.34,V6A,test,sub-10,linear_predictivity,5919,45,0.14876840495853835,"[0.1325731633389577, 0.14913879615686684, 0.15119309372609624, 0.15028038866931845, 0.16065658290145263]",,,,,
v_jepa/vjepa2_vit_giant_384,blocks.34,V7,train,sub-10,linear_predictivity,5919,61,0.10258256820481526,,"[10000.0, 10000.0, 10000.0, 10000.0, 10000.0]",0.61204512792706,0.9802716169913074,0.3878604798614381,0.8941054960494824
v_jepa/vjepa2_vit_giant_384,blocks.34,V7,test,sub-10,linear_predictivity,5919,61,0.15544680909301295,"[0.13746469761932442, 0.16087590876287092, 0.1658653983563705, 0.14379562547805397, 0.16923241524844504]",,,,,
v_jepa/vjepa2_vit_giant_384,blocks.34,V8,train,sub-10,linear_predictivity,5919,96,0.1115132551713233,,"[10000.0, 10000.0, 10000.0, 10000.0, 10000.0]",0.6184177531501807,0.9754520214857341,0.38146109903857406,0.884466254052365
v_jepa/vjepa2_vit_giant_384,blocks.34,V8,test,sub-10,linear_predictivity,5919,96,0.23042574171400987,"[0.22809648917925548, 0.22517136032736526, 0.2492038072532912, 0.22842224440560335, 0.22123480740453413]",,,,,
v_jepa/vjepa2_vit_giant_384,blocks.34,FFC,train,sub-10,linear_predictivity,5919,244,0.09714382781478129,,"[10000.0, 10000.0, 10000.0, 10000.0, 10000.0]",0.6110802347611163,0.9836409776835582,0.38883394059098436,0.9000141449422312
v_jepa/vjepa2_vit_giant_384,blocks.34,FFC,test,sub-10,linear_predictivity,5919,244,0.1780235609226993,"[0.17566647297760446, 0.1749244527131533, 0.18180142901766522, 0.18506343874233125, 0.17266201116274232]",,,,,
v_jepa/vjepa2_vit_giant_384,blocks.34,PIT,train,sub-10,linear_predictivity,5919,100,0.11608326524588346,,"[10000.0, 10000.0, 10000.0, 10000.0, 10000.0]",0.6186504740175357,0.9667281514976555,0.3812625636469061,0.8809668041520734
v_jepa/vjepa2_vit_giant_384,blocks.34,PIT,test,sub-10,linear_predictivity,5919,100,0.20297838590526357,"[0.19443061761442146, 0.20292614649385063, 0.19882541510679705, 0.20625987504941853, 0.21244987526183023]",,,,,
v_jepa/vjepa2_vit_giant_384,blocks.34,IPS1,train,sub-10,linear_predictivity,5919,166,0.043615640350209275,,"[10000.0, 31622.776601683796, 10000.0, 10000.0, 10000.0]",0.5320307095701011,1.0265180261581848,0.46796714562987757,0.9520611484372182
v_jepa/vjepa2_vit_giant_384,blocks.34,IPS1,test,sub-10,linear_predictivity,5919,166,0.1288808986644169,"[0.11940920194014776, 0.10273067030645108, 0.15196785376328267, 0.13188768094455877, 0.1384090863676441]",,,,,
v_jepa/vjepa2_vit_giant_384,blocks.34,MST,train,sub-10,linear_predictivity,5919,135,0.20511754128674609,,"[10000.0, 10000.0, 10000.0, 10000.0, 10000.0]",0.6580280302331011,0.9104163950968026,0.3418674929422288,0.7914155453087675
v_jepa/vjepa2_vit_giant_384,blocks.34,MST,test,sub-10,linear_predictivity,5919,135,0.3345113321547676,"[0.32562788484377325, 0.3314260696399423, 0.3378181345979896, 0.328219880212608, 0.349464691479525]",,,,,
v_jepa/vjepa2_vit_giant_384,blocks.34,MT,train,sub-10,linear_predictivity,5919,86,0.1924374120248041,,"[10000.0, 10000.0, 10000.0, 10000.0, 10000.0]",0.6519028908154594,0.9226736661981351,0.34800892505192704,0.8046295715335663
v_jepa/vjepa2_vit_giant_384,blocks.34,MT,test,sub-10,linear_predictivity,5919,86,0.29041102518876805,"[0.28812178521089976, 0.2855848245444849, 0.2966153835556313, 0.28471382894201713, 0.29701930369080703]",,,,,
v_jepa/vjepa2_vit_giant_384,blocks.34,FST,train,sub-10,linear_predictivity,5919,167,0.12669782017855014,,"[10000.0, 10000.0, 10000.0, 10000.0, 10000.0]",0.6224810265754537,0.9606254407396049,0.37740068797804666,0.8692377969429458
v_jepa/vjepa2_vit_giant_384,blocks.34,FST,test,sub-10,linear_predictivity,5919,167,0.1950093236570308,"[0.17446933793256186, 0.1928482208035336, 0.20695263803205383, 0.19438004637861278, 0.2063963751383919]",,,,,
v_jepa/vjepa2_vit_giant_384,blocks.34,LO1,train,sub-10,linear_predictivity,5919,78,0.15280366687920033,,"[10000.0, 10000.0, 10000.0, 10000.0, 10000.0]",0.6331467720763696,0.9400206986029145,0.3667405122172325,0.8434423937124265
v_jepa/vjepa2_vit_giant_384,blocks.34,LO1,test,sub-10,linear_predictivity,5919,78,0.24834891604764206,"[0.24752458840111694, 0.2420977315402954, 0.25384638900170725, 0.251995354729631, 0.24628051656545985]",,,,,
v_jepa/vjepa2_vit_giant_384,blocks.34,LO2,train,sub-10,linear_predictivity,5919,80,0.1380034538579864,,"[10000.0, 10000.0, 10000.0, 10000.0, 10000.0]",0.6271575519516489,0.9562606668582833,0.3727604445215556,0.8593911873465998
v_jepa/vjepa2_vit_giant_384,blocks.34,LO2,test,sub-10,linear_predictivity,5919,80,0.24076378113754182,"[0.23490595370418504, 0.23777712693246406, 0.2479568632037293, 0.23804066901038184, 0.24513829283694882]",,,,,
v_jepa/vjepa2_vit_giant_384,blocks.34,LO3,train,sub-10,linear_predictivity,5919,113,0.15383993979114657,,"[10000.0, 10000.0, 10000.0, 10000.0, 10000.0]",0.6352577524811833,0.9408567754251116,0.3646103957895542,0.8420603806990264
v_jepa/vjepa2_vit_giant_384,blocks.34,LO3,test,sub-10,linear_predictivity,5919,113,0.1893480631992735,"[0.19217989050515163, 0.1741117473030148, 0.19487779508803185, 0.19661176426901836, 0.1889591188311509]",,,,,
v_jepa/vjepa2_vit_giant_384,blocks.34,V7,train,sub-10,linear_predictivity,5919,61,0.10258256820481526,,"[10000.0, 10000.0, 10000.0, 10000.0, 10000.0]",0.61204512792706,0.9802716169913074,0.3878604798614381,0.8941054960494824
v_jepa/vjepa2_vit_giant_384,blocks.34,V7,test,sub-10,linear_predictivity,5919,61,0.15544680909301295,"[0.13746469761932442, 0.16087590876287092, 0.1658653983563705, 0.14379562547805397, 0.16923241524844504]",,,,,
v_jepa/vjepa2_vit_giant_384,blocks.34,IP0,train,sub-10,linear_predictivity,5919,103,0.05736932460111446,,"[10000.0, 10000.0, 10000.0, 10000.0, 10000.0]",0.592187494258618,1.0179356514440379,0.40772379723865093,0.9390422091546515
v_jepa/vjepa2_vit_giant_384,blocks.34,IP0,test,sub-10,linear_predictivity,5919,103,0.13015708663088124,"[0.11640536803873716, 0.11673629077769275, 0.15368758818920578, 0.13492796820271122, 0.1290282179460592]",,,,,
v_jepa/vjepa2_vit_giant_384,blocks.34,IP1,train,sub-10,linear_predictivity,5919,33,0.007653271042563689,,"[31622.776601683796, 31622.776601683796, 31622.776601683796, 31622.776601683796, 31622.776601683796]",0.2834439702022872,1.054269348598473,0.7163775969848807,0.9887946182646841
v_jepa/vjepa2_vit_giant_384,blocks.34,IP1,test,sub-10,linear_predictivity,5919,33,0.02458411935890431,"[0.020118568059535196, 0.01777004824768319, 0.03275589778751347, 0.022519816157349073, 0.029756266542440624]",,,,,
v_jepa/vjepa2_vit_giant_384,blocks.34,MIP,train,sub-10,linear_predictivity,5919,178,0.013447399210148925,,"[31622.776601683796, 31622.776601683796, 31622.776601683796, 31622.776601683796, 31622.776601683796]",0.2912639411947667,1.0510234222982011,0.7084868346662149,0.9808203880604491
v_jepa/vjepa2_vit_giant_384,blocks.34,MIP,test,sub-10,linear_predictivity,5919,178,0.03512890897003823,"[0.03133998904499834, 0.038149380243510694, 0.04064926556735664, 0.036844812986903355, 0.028661097007422132]",,,,,
v_jepa/vjepa2_vit_giant_384,blocks.34,VIP,train,sub-10,linear_predictivity,5919,100,0.03991484363337881,,"[31622.776601683796, 31622.776601683796, 10000.0, 31622.776601683796, 10000.0]",0.42125351885865586,1.0264603336525684,0.5795152783340255,0.9568004795160009
v_jepa/vjepa2_vit_giant_384,blocks.34,VIP,test,sub-10,linear_predictivity,5919,100,0.09853664942461468,"[0.09769537720299563, 0.09598533731281803, 0.11965355671936793, 0.08986809625177075, 0.08948087963612102]",,,,,
v_jepa/vjepa2_vit_giant_384,blocks.34,LIPd,train,sub-10,linear_predictivity,5919,31,-0.0004394685771690404,,"[100000.0, 100000.0, 31622.776601683796, 100000.0, 100000.0]",0.14304830362517001,1.0768217261151263,0.8565498800937934,0.9973460252461329
v_jepa/vjepa2_vit_giant_384,blocks.34,LIPd,test,sub-10,linear_predictivity,5919,31,0.012456465954057559,"[0.009947646816246462, 0.011995557584375, 0.01474542421904196, 0.011387954665750417, 0.014205746484873955]",,,,,
v_jepa/vjepa2_vit_giant_384,blocks.34,LIPv,train,sub-10,linear_predictivity,5919,75,0.027192566141296212,,"[31622.776601683796, 31622.776601683796, 31622.776601683796, 31622.776601683796, 31622.776601683796]",0.29839672764677944,1.0467085804725695,0.7014504864650052,0.9691776814506612
v_jepa/vjepa2_vit_giant_384,blocks.34,LIPv,test,sub-10,linear_predictivity,5919,75,0.06494659756296174,"[0.05693879384503792, 0.06935998629738545, 0.07196309202080357, 0.061546727504920656, 0.06492438814666109]",,,,,
v_jepa/vjepa2_vit_giant_384,blocks.34,AIP,train,sub-10,linear_predictivity,5919,409,0.010492066068544886,,"[31622.776601683796, 31622.776601683796, 31622.776601683796, 31622.776601683796, 31622.776601683796]",0.28735802965116086,1.0530753589901802,0.7123782442911171,0.9836939229708719
v_jepa/vjepa2_vit_giant_384,blocks.34,AIP,test,sub-10,linear_predictivity,5919,409,0.007105163426986158,"[0.002182966858170882, 0.004766526651656347, 0.008577793971544463, 0.00839427764409177, 0.011604252009467325]",,,,,
v_jepa/vjepa2_vit_giant_384,blocks.34,7Pm,train,sub-10,linear_predictivity,5919,21,0.024494912885198044,,"[31622.776601683796, 31622.776601683796, 31622.776601683796, 31622.776601683796, 31622.776601683796]",0.29433169123614256,1.0339151658507721,0.7055248519236951,0.9724558162164383
v_jepa/vjepa2_vit_giant_384,blocks.34,7Pm,test,sub-10,linear_predictivity,5919,21,0.06495974831613892,"[0.06556272551036389, 0.06496511225710459, 0.06777585809244262, 0.0784710095842774, 0.04802403613650615]",,,,,
v_jepa/vjepa2_vit_giant_384,blocks.34,7PL,train,sub-10,linear_predictivity,5919,106,0.04258545690695538,,"[10000.0, 10000.0, 10000.0, 31622.776601683796, 10000.0]",0.5348629489223266,1.0155911247501865,0.4646326734214262,0.9540476393383303
v_jepa/vjepa2_vit_giant_384,blocks.34,7PL,test,sub-10,linear_predictivity,5919,106,0.08738583974714362,"[0.08983263446354979, 0.0817430117607717, 0.0907808350786002, 0.1008268382815663, 0.07374587915123015]",,,,,
v_jepa/vjepa2_vit_giant_384,blocks.34,7PC,train,sub-10,linear_predictivity,5919,224,0.02745055470751965,,"[10000.0, 31622.776601683796, 10000.0, 31622.776601683796, 10000.0]",0.4699692276061594,1.0272670146258438,0.5299288729817595,0.9667545850194899
v_jepa/vjepa2_vit_giant_384,blocks.34,7PC,test,sub-10,linear_predictivity,5919,224,0.08914044131269536,"[0.08893257944128521, 0.09320714939585703, 0.07949173548257019, 0.07255322347700509, 0.11151751876675932]",,,,,
v_jepa/vjepa2_vit_giant_384,blocks.34,7Am,train,sub-10,linear_predictivity,5919,186,0.024835805142657683,,"[31622.776601683796, 31622.776601683796, 31622.776601683796, 31622.776601683796, 31622.776601683796]",0.297211717891348,1.0374482234839086,0.7025718756658131,0.9703731697014302
v_jepa/vjepa2_vit_giant_384,blocks.34,7Am,test,sub-10,linear_predictivity,5919,186,0.05804985313842816,"[0.05969639068588731, 0.061421113008326075, 0.05872579447219707, 0.058569255537210686, 0.05183671198851969]",,,,,
v_jepa/vjepa2_vit_giant_384,blocks.34,7AL,train,sub-10,linear_predictivity,5919,158,0.014645481632244248,,"[31622.776601683796, 31622.776601683796, 31622.776601683796, 31622.776601683796, 31622.776601683796]",0.2917217386411393,1.0420837976459976,0.7080265792118083,0.9797417080436709
v_jepa/vjepa2_vit_giant_384,blocks.34,7AL,test,sub-10,linear_predictivity,5919,158,0.051916022430615806,"[0.0519658340761474, 0.054051269727715394, 0.04743475435578656, 0.04969038441414889, 0.05643786957928079]",,,,,
v_jepa/vjepa2_vit_giant_384,blocks.34,VVC,train,sub-10,linear_predictivity,5919,196,0.055397467706558345,,"[10000.0, 10000.0, 10000.0, 10000.0, 10000.0]",0.5913380744340879,1.0167858794864342,0.408539064677929,0.9402894815981252
v_jepa/vjepa2_vit_giant_384,blocks.34,VVC,test,sub-10,linear_predictivity,5919,196,0.1116472230663276,"[0.11239189904747385, 0.10383378960094863, 0.12683604595403303, 0.12164833017122238, 0.09352605055796015]",,,,,
v_jepa/vjepa2_vit_giant_384,blocks.34,VMV2,train,sub-10,linear_predictivity,5919,94,0.11891383013455444,,"[10000.0, 10000.0, 10000.0, 10000.0, 10000.0]",0.6208525918516509,0.9704044165888591,0.37904130601832414,0.8771095134278827
v_jepa/vjepa2_vit_giant_384,blocks.34,VMV2,test,sub-10,linear_predictivity,5919,94,0.2424521964399347,"[0.25186663793356134, 0.22859236622012552, 0.2514899705884466, 0.2421776571669566, 0.23813435029058339]",,,,,
v_jepa/vjepa2_vit_giant_384,blocks.34,VMV3,train,sub-10,linear_predictivity,5919,98,0.09382009276956406,,"[10000.0, 10000.0, 10000.0, 10000.0, 10000.0]",0.6102913117055858,0.9823517288539145,0.38956977641465973,0.9015078935526752
v_jepa/vjepa2_vit_giant_384,blocks.34,VMV3,test,sub-10,linear_predictivity,5919,98,0.17375664382664047,"[0.1814801462438814, 0.16447533828578084, 0.19020532295127882, 0.16242075462163327, 0.170201657030628]",,,,,
v_jepa/vjepa2_vit_giant_384,blocks.34,VMV1,train,sub-10,linear_predictivity,5919,42,0.08768894450314874,,"[10000.0, 10000.0, 10000.0, 10000.0, 10000.0]",0.6064781725516595,0.9920579510760451,0.3933966543797937,0.9073440739381585
v_jepa/vjepa2_vit_giant_384,blocks.34,VMV1,test,sub-10,linear_predictivity,5919,42,0.1632624987784519,"[0.17176150117625238, 0.15448932988132033, 0.16390191595641596, 0.16453957054950594, 0.16162017632876488]",,,,,
v_jepa/vjepa2_vit_giant_384,blocks.34,PHA2,train,sub-10,linear_predictivity,5919,21,0.053319263612619655,,"[31622.776601683796, 31622.776601683796, 31622.776601683796, 31622.776601683796, 31622.776601683796]",0.31865930039801443,1.0192513064580804,0.6811178145027779,0.9418180313913546
v_jepa/vjepa2_vit_giant_384,blocks.34,PHA2,test,sub-10,linear_predictivity,5919,21,0.1682455025129821,"[0.16869277500091415, 0.1658160891961312, 0.16327772005851274, 0.17037077220672314, 0.1730701561026292]",,,,,
v_jepa/vjepa2_vit_giant_384,blocks.34,PHA3,train,sub-10,linear_predictivity,5919,104,0.0696730577433759,,"[10000.0, 10000.0, 10000.0, 10000.0, 31622.776601683796]",0.5456003369457363,1.0068239527555085,0.4546288424925772,0.9260396197254291
v_jepa/vjepa2_vit_giant_384,blocks.34,PHA3,test,sub-10,linear_predictivity,5919,104,0.19021591671958835,"[0.2017956848597639, 0.18111119423363012, 0.18834170434166148, 0.19823932058470667, 0.18159167957817962]",,,,,
v_jepa/vjepa2_vit_giant_384,blocks.34,PH,train,sub-10,linear_predictivity,5919,261,0.08294840083497798,,"[10000.0, 10000.0, 10000.0, 10000.0, 10000.0]",0.6030698432033323,0.9973968048147835,0.39683720416526974,0.913734054998058
v_jepa/vjepa2_vit_giant_384,blocks.34,PH,test,sub-10,linear_predictivity,5919,261,0.12369468361155526,"[0.11510775279914522, 0.11577482817729816, 0.14114424979283946, 0.12134919413906028, 0.12509739314943327]",,,,,
v_jepa/vjepa2_vit_giant_384,blocks.37,V1,train,sub-10,linear_predictivity,5919,553,0.14567938999813865,,"[10000.0, 10000.0, 10000.0, 10000.0, 10000.0]",0.6348103985484876,0.9443151143832378,0.3650823147304121,0.8508134845767454
v_jepa/vjepa2_vit_giant_384,blocks.37,V1,test,sub-10,linear_predictivity,5919,553,0.19532505578426132,"[0.19604498931038253, 0.19529950513531524, 0.19592471243470028, 0.1953865288260765, 0.1939695432148321]",,,,,
v_jepa/vjepa2_vit_giant_384,blocks.37,V2,train,sub-10,linear_predictivity,5919,516,0.13163874666870076,,"[10000.0, 10000.0, 10000.0, 10000.0, 10000.0]",0.6292650799982105,0.954121119937086,0.370610835616651,0.8642771683005325
v_jepa/vjepa2_vit_giant_384,blocks.37,V2,test,sub-10,linear_predictivity,5919,516,0.19014447028253145,"[0.1840754420019178, 0.19523050338164216, 0.1890992524735814, 0.19126724191881173, 0.1910499116367041]",,,,,
v_jepa/vjepa2_vit_giant_384,blocks.37,V3,train,sub-10,linear_predictivity,5919,400,0.1594530950238694,,"[10000.0, 10000.0, 10000.0, 10000.0, 10000.0]",0.6399987279261834,0.9366552829773018,0.35989981691870165,0.8373517944307343
v_jepa/vjepa2_vit_giant_384,blocks.37,V3,test,sub-10,linear_predictivity,5919,400,0.23452278352684114,"[0.22057548446285014, 0.2426031030555159, 0.23252258675842025, 0.23889543809929584, 0.2380173052581236]",,,,,
v_jepa/vjepa2_vit_giant_384,blocks.37,V4,train,sub-10,linear_predictivity,5919,574,0.1397732611818755,,"[10000.0, 10000.0, 10000.0, 10000.0, 10000.0]",0.6318529216461155,0.9507264616172744,0.36804699407380326,0.8570001773065297
v_jepa/vjepa2_vit_giant_384,blocks.37,V4,test,sub-10,linear_predictivity,5919,574,0.2405936510555015,"[0.23019418727804256, 0.2370955188244333, 0.24164781162404336, 0.24719078613083678, 0.2468399514201516]",,,,,
v_jepa/vjepa2_vit_giant_384,blocks.37,V3A,train,sub-10,linear_predictivity,5919,85,0.1107647399113051,,"[10000.0, 10000.0, 10000.0, 10000.0, 10000.0]",0.6192087569379181,0.9735411109002641,0.38067985147437666,0.8856502147029183
v_jepa/vjepa2_vit_giant_384,blocks.37,V3A,test,sub-10,linear_predictivity,5919,85,0.1830123855777191,"[0.17389172049120227, 0.1938728182402444, 0.1832831931664538, 0.1897466005515279, 0.17426759543916712]",,,,,
v_jepa/vjepa2_vit_giant_384,blocks.37,V3B,train,sub-10,linear_predictivity,5919,99,0.09573933230494985,,"[10000.0, 10000.0, 10000.0, 10000.0, 10000.0]",0.611803274681707,0.9836692842404737,0.38813676676113024,0.9018447845662919
v_jepa/vjepa2_vit_giant_384,blocks.37,V3B,test,sub-10,linear_predictivity,5919,99,0.18388198250626508,"[0.17948948656938585, 0.1744756687962107, 0.1900952394306453, 0.18523578777625446, 0.190113729958829]",,,,,
v_jepa/vjepa2_vit_giant_384,blocks.37,V6,train,sub-10,linear_predictivity,5919,11,0.17434756996778716,,"[10000.0, 10000.0, 10000.0, 10000.0, 10000.0]",0.6481980143255079,0.9399869299922747,0.351703488961923,0.8220814010678998
v_jepa/vjepa2_vit_giant_384,blocks.37,V6,test,sub-10,linear_predictivity,5919,11,0.3375006747120072,"[0.3322399904881166, 0.33960895640674404, 0.33879445903332, 0.3460819878298895, 0.3307779798019657]",,,,,
v_jepa/vjepa2_vit_giant_384,blocks.37,V6A,train,sub-10,linear_predictivity,5919,45,0.07109095161602492,,"[10000.0, 10000.0, 10000.0, 10000.0, 10000.0]",0.600010448562996,1.0025731914723535,0.3999046646368706,0.9255835990855973
v_jepa/vjepa2_vit_giant_384,blocks.37,V6A,test,sub-10,linear_predictivity,5919,45,0.13718143347574147,"[0.1376668310010878, 0.1406425217056877, 0.14312559791450266, 0.12983369569952302, 0.1346385210579061]",,,,,
v_jepa/vjepa2_vit_giant_384,blocks.37,V7,train,sub-10,linear_predictivity,5919,61,0.10266148860837805,,"[10000.0, 10000.0, 10000.0, 10000.0, 10000.0]",0.6143896765520153,0.9754247689902558,0.3855036064359568,0.8941661018969613
v_jepa/vjepa2_vit_giant_384,blocks.37,V7,test,sub-10,linear_predictivity,5919,61,0.14246818280826629,"[0.13615282635859688, 0.14230109076737432, 0.15379861638507208, 0.12986921259059192, 0.15021916793969614]",,,,,
v_jepa/vjepa2_vit_giant_384,blocks.37,V8,train,sub-10,linear_predictivity,5919,96,0.10488673195584494,,"[10000.0, 10000.0, 10000.0, 10000.0, 10000.0]",0.6180946442770707,0.9761608867247153,0.3817859354116896,0.8911732945092041
v_jepa/vjepa2_vit_giant_384,blocks.37,V8,test,sub-10,linear_predictivity,5919,96,0.23674693122147836,"[0.2402768576693596, 0.22644855797593552, 0.2488215412535825, 0.23738901014393055, 0.2307986890645836]",,,,,
v_jepa/vjepa2_vit_giant_384,blocks.37,FFC,train,sub-10,linear_predictivity,5919,244,0.10368572677470315,,"[10000.0, 10000.0, 10000.0, 10000.0, 10000.0]",0.6166791489199241,0.9777667922569118,0.38323206019269046,0.8934461064905781
v_jepa/vjepa2_vit_giant_384,blocks.37,FFC,test,sub-10,linear_predictivity,5919,244,0.18491309743001963,"[0.18824918434053464, 0.1790070107545559, 0.1825898267647698, 0.19141844562570542, 0.1833010196645323]",,,,,
v_jepa/vjepa2_vit_giant_384,blocks.37,PIT,train,sub-10,linear_predictivity,5919,100,0.1163121256556623,,"[10000.0, 10000.0, 10000.0, 10000.0, 10000.0]",0.6220862667189513,0.9673972421786898,0.3778145186774457,0.8806027856859142
v_jepa/vjepa2_vit_giant_384,blocks.37,PIT,test,sub-10,linear_predictivity,5919,100,0.202892432088953,"[0.19886909841459807, 0.19540255852796684, 0.1924395384176555, 0.210967780793748, 0.21678318429079646]",,,,,
v_jepa/vjepa2_vit_giant_384,blocks.37,IPS1,train,sub-10,linear_predictivity,5919,166,0.04060824359894608,,"[10000.0, 31622.776601683796, 10000.0, 10000.0, 10000.0]",0.5342805504231392,1.0222957063807578,0.4657120776846379,0.9549820367363818
v_jepa/vjepa2_vit_giant_384,blocks.37,IPS1,test,sub-10,linear_predictivity,5919,166,0.1185458283102518,"[0.12357314970977822, 0.09279198561224081, 0.13196309676170837, 0.12197277438239082, 0.12242813508514087]",,,,,
v_jepa/vjepa2_vit_giant_384,blocks.37,MST,train,sub-10,linear_predictivity,5919,135,0.20793687782114842,,"[10000.0, 10000.0, 10000.0, 10000.0, 10000.0]",0.6615447061956413,0.9056234430290623,0.3383598254514345,0.7890243735531037
v_jepa/vjepa2_vit_giant_384,blocks.37,MST,test,sub-10,linear_predictivity,5919,135,0.33594366253580393,"[0.33360605453078235, 0.3331644112098174, 0.3326690261930516, 0.3332374159564258, 0.3470414047889426]",,,,,
v_jepa/vjepa2_vit_giant_384,blocks.37,MT,train,sub-10,linear_predictivity,5919,86,0.20310600580567353,,"[10000.0, 10000.0, 10000.0, 10000.0, 10000.0]",0.6587420491299801,0.9108667260755199,0.3411709537048712,0.7941115152100917
v_jepa/vjepa2_vit_giant_384,blocks.37,MT,test,sub-10,linear_predictivity,5919,86,0.305576311983137,"[0.30866416693182347, 0.3057704121238188, 0.3058502072972423, 0.3007424005008801, 0.30685437306192015]",,,,,
v_jepa/vjepa2_vit_giant_384,blocks.37,FST,train,sub-10,linear_predictivity,5919,167,0.12425778383620431,,"[10000.0, 10000.0, 10000.0, 10000.0, 10000.0]",0.6248899218017326,0.9597696725602466,0.3749891678149765,0.8718361613289206
v_jepa/vjepa2_vit_giant_384,blocks.37,FST,test,sub-10,linear_predictivity,5919,167,0.19811519942456773,"[0.1832006077163626, 0.19385242143858816, 0.2045255926333759, 0.1991764094427492, 0.20982096589176288]",,,,,
v_jepa/vjepa2_vit_giant_384,blocks.37,LO1,train,sub-10,linear_predictivity,5919,78,0.14761760186895445,,"[10000.0, 10000.0, 10000.0, 10000.0, 10000.0]",0.6337480807212253,0.945349015752765,0.3661394170320892,0.8487969375169342
v_jepa/vjepa2_vit_giant_384,blocks.37,LO1,test,sub-10,linear_predictivity,5919,78,0.24837425525026938,"[0.24757032272366522, 0.24025923020465834, 0.254772594183122, 0.24955881085983855, 0.24971031828006288]",,,,,
v_jepa/vjepa2_vit_giant_384,blocks.37,LO2,train,sub-10,linear_predictivity,5919,80,0.14208978813445688,,"[10000.0, 10000.0, 10000.0, 10000.0, 10000.0]",0.6315169100065784,0.9537513183034709,0.3684039023565461,0.8554085597290157
v_jepa/vjepa2_vit_giant_384,blocks.37,LO2,test,sub-10,linear_predictivity,5919,80,0.2356188850241132,"[0.22790388925199645, 0.2310149551267764, 0.23613985829430173, 0.24055608855466581, 0.2424796338928256]",,,,,
v_jepa/vjepa2_vit_giant_384,blocks.37,LO3,train,sub-10,linear_predictivity,5919,113,0.15520998614126127,,"[10000.0, 10000.0, 10000.0, 10000.0, 10000.0]",0.6388181300103641,0.9390281557856547,0.36104945546912187,0.8407576191238506
v_jepa/vjepa2_vit_giant_384,blocks.37,LO3,test,sub-10,linear_predictivity,5919,113,0.21185576135666148,"[0.2172338388472262, 0.20022151567094357, 0.21990168361401188, 0.20897716561366844, 0.21294460303745746]",,,,,
v_jepa/vjepa2_vit_giant_384,blocks.37,V7,train,sub-10,linear_predictivity,5919,61,0.10266148860837805,,"[10000.0, 10000.0, 10000.0, 10000.0, 10000.0]",0.6143896765520153,0.9754247689902558,0.3855036064359568,0.8941661018969613
v_jepa/vjepa2_vit_giant_384,blocks.37,V7,test,sub-10,linear_predictivity,5919,61,0.14246818280826629,"[0.13615282635859688, 0.14230109076737432, 0.15379861638507208, 0.12986921259059192, 0.15021916793969614]",,,,,
v_jepa/vjepa2_vit_giant_384,blocks.37,IP0,train,sub-10,linear_predictivity,5919,103,0.05352017139735042,,"[10000.0, 10000.0, 10000.0, 10000.0, 10000.0]",0.5951928703084247,1.0134239944721586,0.4047040665091915,0.9426139714016409
v_jepa/vjepa2_vit_giant_384,blocks.37,IP0,test,sub-10,linear_predictivity,5919,103,0.12799135675994996,"[0.12281466580542369, 0.10390918292095087, 0.15340431128594512, 0.13282225519855248, 0.12700636858887773]",,,,,
v_jepa/vjepa2_vit_giant_384,blocks.37,IP1,train,sub-10,linear_predictivity,5919,33,0.00652155747354866,,"[31622.776601683796, 31622.776601683796, 31622.776601683796, 31622.776601683796, 31622.776601683796]",0.2853205019221722,1.0496919100461253,0.7144981441492296,0.9899679630761661
v_jepa/vjepa2_vit_giant_384,blocks.37,IP1,test,sub-10,linear_predictivity,5919,33,0.026363648103992738,"[0.02062897886052679, 0.016002040726646474, 0.03588480625552841, 0.031153423395287205, 0.028148991281974806]",,,,,
v_jepa/vjepa2_vit_giant_384,blocks.37,MIP,train,sub-10,linear_predictivity,5919,178,0.013620838036530728,,"[31622.776601683796, 31622.776601683796, 31622.776601683796, 31622.776601683796, 31622.776601683796]",0.29411203249994305,1.0477988327868135,0.7056401956007624,0.9806663789087624
v_jepa/vjepa2_vit_giant_384,blocks.37,MIP,test,sub-10,linear_predictivity,5919,178,0.04502139734667425,"[0.04448281045449945, 0.04441221002942305, 0.0498266604276059, 0.04734319774687557, 0.039042108074967274]",,,,,
v_jepa/vjepa2_vit_giant_384,blocks.37,VIP,train,sub-10,linear_predictivity,5919,100,0.04750949432896166,,"[10000.0, 31622.776601683796, 10000.0, 10000.0, 10000.0]",0.5373186941724211,1.0199196570074016,0.46305377765045214,0.9491682501585021
v_jepa/vjepa2_vit_giant_384,blocks.37,VIP,test,sub-10,linear_predictivity,5919,100,0.09255104282967229,"[0.09416543808024704, 0.08750952107913915, 0.11334809775307983, 0.08941660889895658, 0.07831554833693889]",,,,,
v_jepa/vjepa2_vit_giant_384,blocks.37,LIPd,train,sub-10,linear_predictivity,5919,31,-0.0008063479112895095,,"[100000.0, 100000.0, 31622.776601683796, 100000.0, 100000.0]",0.1437004381250633,1.0692636360115717,0.8558958565240461,0.9977365521218836
v_jepa/vjepa2_vit_giant_384,blocks.37,LIPd,test,sub-10,linear_predictivity,5919,31,0.01070242120123758,"[0.007178123791439744, 0.008832417343020538, 0.015380015403786132, 0.01091029353315781, 0.01121125593478368]",,,,,
v_jepa/vjepa2_vit_giant_384,blocks.37,LIPv,train,sub-10,linear_predictivity,5919,75,0.026477018309491524,,"[31622.776601683796, 31622.776601683796, 31622.776601683796, 31622.776601683796, 31622.776601683796]",0.2997398027509839,1.0408248953594075,0.7001109987834211,0.9700456086112365
v_jepa/vjepa2_vit_giant_384,blocks.37,LIPv,test,sub-10,linear_predictivity,5919,75,0.05424219079516525,"[0.048953133070811304, 0.054322788921263306, 0.061174216766279155, 0.05526188777929471, 0.051498927438177744]",,,,,
v_jepa/vjepa2_vit_giant_384,blocks.37,AIP,train,sub-10,linear_predictivity,5919,409,0.011147792360502045,,"[31622.776601683796, 31622.776601683796, 31622.776601683796, 31622.776601683796, 31622.776601683796]",0.2897180542800542,1.0444053164324194,0.7100211717195579,0.9830642573255929
v_jepa/vjepa2_vit_giant_384,blocks.37,AIP,test,sub-10,linear_predictivity,5919,409,0.008482058919519492,"[0.007326714475928379, 0.0066590470546262935, 0.007891520957571738, 0.010498921474786276, 0.010034090634684772]",,,,,
v_jepa/vjepa2_vit_giant_384,blocks.37,7Pm,train,sub-10,linear_predictivity,5919,21,0.020817974019716256,,"[31622.776601683796, 31622.776601683796, 31622.776601683796, 31622.776601683796, 31622.776601683796]",0.2942297973707943,1.0340605318501823,0.7056167778098469,0.976028226803113
v_jepa/vjepa2_vit_giant_384,blocks.37,7Pm,test,sub-10,linear_predictivity,5919,21,0.0617195100409121,"[0.0656085429871901, 0.05938533435141338, 0.07213517500439867, 0.06697552129042435, 0.044492976571134005]",,,,,
v_jepa/vjepa2_vit_giant_384,blocks.37,7PL,train,sub-10,linear_predictivity,5919,106,0.04930921877337468,,"[10000.0, 10000.0, 10000.0, 10000.0, 10000.0]",0.597520957857122,1.0079771068809993,0.40239398589348474,0.9472788465700912
v_jepa/vjepa2_vit_giant_384,blocks.37,7PL,test,sub-10,linear_predictivity,5919,106,0.09199390589322143,"[0.10396572144707418, 0.07784100078781006, 0.1004711666170471, 0.09948021367524099, 0.07821142693893476]",,,,,
v_jepa/vjepa2_vit_giant_384,blocks.37,7PC,train,sub-10,linear_predictivity,5919,224,0.028019261726491183,,"[10000.0, 10000.0, 10000.0, 31622.776601683796, 10000.0]",0.529559838052041,1.0238874814668126,0.4692829744852022,0.9658990793180771
v_jepa/vjepa2_vit_giant_384,blocks.37,7PC,test,sub-10,linear_predictivity,5919,224,0.08539569063887405,"[0.08683007314525813, 0.10331635874288539, 0.08073971196904961, 0.06914917029822373, 0.08694313903895332]",,,,,
v_jepa/vjepa2_vit_giant_384,blocks.37,7Am,train,sub-10,linear_predictivity,5919,186,0.026036437505571886,,"[31622.776601683796, 31622.776601683796, 31622.776601683796, 31622.776601683796, 31622.776601683796]",0.3001556082098221,1.0345665332697949,0.6996308607093306,0.9692475997766437
v_jepa/vjepa2_vit_giant_384,blocks.37,7Am,test,sub-10,linear_predictivity,5919,186,0.06925581522737514,"[0.07156670624442783, 0.07161138614214843, 0.07511019361262616, 0.06780035940452472, 0.06019043073314854]",,,,,
v_jepa/vjepa2_vit_giant_384,blocks.37,7AL,train,sub-10,linear_predictivity,5919,158,0.015438658735263218,,"[31622.776601683796, 10000.0, 31622.776601683796, 31622.776601683796, 31622.776601683796]",0.3520208776445098,1.039364278956668,0.6476713907174855,0.9789299194798999
v_jepa/vjepa2_vit_giant_384,blocks.37,7AL,test,sub-10,linear_predictivity,5919,158,0.055709167217352654,"[0.05777033509902293, 0.054917754638529034, 0.05775870963924453, 0.056291140128255174, 0.051807896581711595]",,,,,
v_jepa/vjepa2_vit_giant_384,blocks.37,VVC,train,sub-10,linear_predictivity,5919,196,0.0556048638895568,,"[10000.0, 10000.0, 10000.0, 10000.0, 10000.0]",0.5953481662676875,1.0128927797420633,0.4045291335671088,0.9400985241146322
v_jepa/vjepa2_vit_giant_384,blocks.37,VVC,test,sub-10,linear_predictivity,5919,196,0.12741331673248002,"[0.1373482715411067, 0.11474561334034505, 0.13651583891381405, 0.13125535551834666, 0.11720150434878757]",,,,,
v_jepa/vjepa2_vit_giant_384,blocks.37,VMV2,train,sub-10,linear_predictivity,5919,94,0.11925480464077796,,"[10000.0, 10000.0, 10000.0, 10000.0, 10000.0]",0.6245936952884377,0.9693951828281637,0.37529386780868557,0.8766898137277627
v_jepa/vjepa2_vit_giant_384,blocks.37,VMV2,test,sub-10,linear_predictivity,5919,94,0.23708947653077522,"[0.2559991234466343, 0.22397183168323698, 0.2444052903608104, 0.2256534680792531, 0.2354176690839413]",,,,,
v_jepa/vjepa2_vit_giant_384,blocks.37,VMV3,train,sub-10,linear_predictivity,5919,98,0.09257205968660438,,"[10000.0, 10000.0, 10000.0, 10000.0, 10000.0]",0.6132495757133407,0.9784799578953836,0.38660797908051253,0.9027365420704992
v_jepa/vjepa2_vit_giant_384,blocks.37,VMV3,test,sub-10,linear_predictivity,5919,98,0.18358085777404715,"[0.19860880781902207, 0.17183193893747098, 0.19763641024888773, 0.1652503714686539, 0.18457676039620083]",,,,,
v_jepa/vjepa2_vit_giant_384,blocks.37,VMV1,train,sub-10,linear_predictivity,5919,42,0.089142009592357,,"[10000.0, 10000.0, 10000.0, 10000.0, 10000.0]",0.6099422192581003,0.9926077536020059,0.38993897724048915,0.9060438172509396
v_jepa/vjepa2_vit_giant_384,blocks.37,VMV1,test,sub-10,linear_predictivity,5919,42,0.16643442629878505,"[0.18150479776113443, 0.16061186543259068, 0.16939688241490755, 0.15949389034041303, 0.1611646955448794]",,,,,
v_jepa/vjepa2_vit_giant_384,blocks.37,PHA2,train,sub-10,linear_predictivity,5919,21,0.056475152759554746,,"[10000.0, 31622.776601683796, 31622.776601683796, 31622.776601683796, 31622.776601683796]",0.3779978332931905,1.009249175320236,0.6218462904158231,0.9385067124261154
v_jepa/vjepa2_vit_giant_384,blocks.37,PHA2,test,sub-10,linear_predictivity,5919,21,0.1724116342300263,"[0.18884778062261023, 0.16659688219193494, 0.16401850747266428, 0.16896054703280758, 0.17363445383011444]",,,,,
v_jepa/vjepa2_vit_giant_384,blocks.37,PHA3,train,sub-10,linear_predictivity,5919,104,0.0722346695794947,,"[10000.0, 10000.0, 10000.0, 10000.0, 10000.0]",0.6050753960228168,1.0011642907678253,0.39480651312295467,0.923484355902826
v_jepa/vjepa2_vit_giant_384,blocks.37,PHA3,test,sub-10,linear_predictivity,5919,104,0.20253156886148385,"[0.219936423634951, 0.18434602448574022, 0.20256476941213594, 0.19970363814280348, 0.20610698863178858]",,,,,
v_jepa/vjepa2_vit_giant_384,blocks.37,PH,train,sub-10,linear_predictivity,5919,261,0.08314351313483587,,"[10000.0, 10000.0, 10000.0, 10000.0, 10000.0]",0.6068250644247845,0.9933770684156938,0.3930819088224203,0.9135806125426645
v_jepa/vjepa2_vit_giant_384,blocks.37,PH,test,sub-10,linear_predictivity,5919,261,0.12746887696443102,"[0.12469633812314736, 0.11367823314791084, 0.13440611850743628, 0.13180542948705914, 0.1327582655566014]",,,,,
v_jepa/vjepa2_vit_giant_384,blocks.39,V1,train,sub-10,linear_predictivity,5919,553,0.13581751322600613,,"[10000.0, 10000.0, 10000.0, 10000.0, 10000.0]",0.6338566996233693,0.9494870151017466,0.36603610419335697,0.8606591598471514
v_jepa/vjepa2_vit_giant_384,blocks.39,V1,test,sub-10,linear_predictivity,5919,553,0.1856708874760588,"[0.1852033870900534, 0.18660116798511026, 0.1880571006828544, 0.18653956755885553, 0.1819532140634205]",,,,,
v_jepa/vjepa2_vit_giant_384,blocks.39,V2,train,sub-10,linear_predictivity,5919,516,0.12506752282522535,,"[10000.0, 10000.0, 10000.0, 10000.0, 10000.0]",0.6294943215658025,0.9566853780934534,0.3703839456287682,0.8708974556973615
v_jepa/vjepa2_vit_giant_384,blocks.39,V2,test,sub-10,linear_predictivity,5919,516,0.18165551574105737,"[0.17532039535846614, 0.18860202556151484, 0.18254127751104343, 0.1798079673991517, 0.18200591287511075]",,,,,
v_jepa/vjepa2_vit_giant_384,blocks.39,V3,train,sub-10,linear_predictivity,5919,400,0.14959422857535096,,"[10000.0, 10000.0, 10000.0, 10000.0, 10000.0]",0.6388818618887355,0.9415759667795186,0.361016737927882,0.8471970089851257
v_jepa/vjepa2_vit_giant_384,blocks.39,V3,test,sub-10,linear_predictivity,5919,400,0.2251179855857405,"[0.21117261704070173, 0.22908382564046534, 0.2296282999690402, 0.22751769672730615, 0.2281874885511892]",,,,,
v_jepa/vjepa2_vit_giant_384,blocks.39,V4,train,sub-10,linear_predictivity,5919,574,0.13277414703739313,,"[10000.0, 10000.0, 10000.0, 10000.0, 10000.0]",0.631655197065127,0.9532721180662381,0.36824514949962145,0.8639978495810349
v_jepa/vjepa2_vit_giant_384,blocks.39,V4,test,sub-10,linear_predictivity,5919,574,0.2225741921156108,"[0.21300926284587912, 0.21411080257454065, 0.23093491323940976, 0.22851442391818308, 0.22630155800004137]",,,,,
v_jepa/vjepa2_vit_giant_384,blocks.39,V3A,train,sub-10,linear_predictivity,5919,85,0.10510637238598451,,"[10000.0, 10000.0, 10000.0, 10000.0, 10000.0]",0.6204099815696255,0.9737366340972227,0.3794843934551396,0.891306500021682
v_jepa/vjepa2_vit_giant_384,blocks.39,V3A,test,sub-10,linear_predictivity,5919,85,0.17823324343980063,"[0.1704163128888791, 0.18291662762826144, 0.18431540988336365, 0.18177984487382587, 0.17173802192467308]",,,,,
v_jepa/vjepa2_vit_giant_384,blocks.39,V3B,train,sub-10,linear_predictivity,5919,99,0.09101986015018507,,"[10000.0, 10000.0, 10000.0, 10000.0, 10000.0]",0.6132381648392161,0.9839279938382717,0.386691128748772,0.9064753477047363
v_jepa/vjepa2_vit_giant_384,blocks.39,V3B,test,sub-10,linear_predictivity,5919,99,0.17073836328110303,"[0.16871216121896598, 0.15759744617481827, 0.1814400486818485, 0.17172284620007963, 0.17421931412980282]",,,,,
v_jepa/vjepa2_vit_giant_384,blocks.39,V6,train,sub-10,linear_predictivity,5919,11,0.1769803241867653,,"[10000.0, 10000.0, 10000.0, 10000.0, 10000.0]",0.6507745236510953,0.9388972770922734,0.3491255164751334,0.8194448500320972
v_jepa/vjepa2_vit_giant_384,blocks.39,V6,test,sub-10,linear_predictivity,5919,11,0.3399962256313887,"[0.3382845368163463, 0.3402147894156449, 0.34342272431568727, 0.3471661398354156, 0.3308929377738493]",,,,,
v_jepa/vjepa2_vit_giant_384,blocks.39,V6A,train,sub-10,linear_predictivity,5919,45,0.05979163209345521,,"[10000.0, 10000.0, 10000.0, 10000.0, 10000.0]",0.6001579263367948,1.005490507064323,0.3997447797876208,0.9364920653729563
v_jepa/vjepa2_vit_giant_384,blocks.39,V6A,test,sub-10,linear_predictivity,5919,45,0.13133722438824308,"[0.13706553641152755, 0.1363476892861043, 0.1339223635461913, 0.13144321572139345, 0.1179073169759988]",,,,,
v_jepa/vjepa2_vit_giant_384,blocks.39,V7,train,sub-10,linear_predictivity,5919,61,0.0948380496536875,,"[10000.0, 10000.0, 10000.0, 10000.0, 10000.0]",0.6143142216487494,0.9775936503997371,0.3855907605155082,0.9020621976675572
v_jepa/vjepa2_vit_giant_384,blocks.39,V7,test,sub-10,linear_predictivity,5919,61,0.13101645726604572,"[0.12928301178831256, 0.1355729979558779, 0.14155606086884376, 0.11761566340149594, 0.13105455231569837]",,,,,
v_jepa/vjepa2_vit_giant_384,blocks.39,V8,train,sub-10,linear_predictivity,5919,96,0.10282067609390351,,"[10000.0, 10000.0, 10000.0, 10000.0, 10000.0]",0.6193114220215126,0.9743552974000433,0.3805733949116738,0.8933148269190436
v_jepa/vjepa2_vit_giant_384,blocks.39,V8,test,sub-10,linear_predictivity,5919,96,0.20304760785902878,"[0.2054613437474405, 0.1950717857448722, 0.21857145145278342, 0.20394874353370573, 0.1921847148163421]",,,,,
v_jepa/vjepa2_vit_giant_384,blocks.39,FFC,train,sub-10,linear_predictivity,5919,244,0.09937375464170133,,"[10000.0, 10000.0, 10000.0, 10000.0, 10000.0]",0.617229305527697,0.9794667859417897,0.38268726057301605,0.89793735899776
v_jepa/vjepa2_vit_giant_384,blocks.39,FFC,test,sub-10,linear_predictivity,5919,244,0.16808277382388584,"[0.1733228241301358, 0.16293212103600407, 0.16454069138041175, 0.1713479325764946, 0.168270299996383]",,,,,
v_jepa/vjepa2_vit_giant_384,blocks.39,PIT,train,sub-10,linear_predictivity,5919,100,0.10742984094969749,,"[10000.0, 10000.0, 10000.0, 10000.0, 10000.0]",0.6223223422613812,0.9694435871523026,0.37759214188038703,0.889726645966943
v_jepa/vjepa2_vit_giant_384,blocks.39,PIT,test,sub-10,linear_predictivity,5919,100,0.19614848470420274,"[0.1872445444751617, 0.19104128525149672, 0.1922541576435253, 0.20086490883880884, 0.20933752731202118]",,,,,
v_jepa/vjepa2_vit_giant_384,blocks.39,IPS1,train,sub-10,linear_predictivity,5919,166,0.029507212385755547,,"[31622.776601683796, 31622.776601683796, 10000.0, 31622.776601683796, 31622.776601683796]",0.36221052361012207,1.0288881555310656,0.6372561831834911,0.966110007766348
v_jepa/vjepa2_vit_giant_384,blocks.39,IPS1,test,sub-10,linear_predictivity,5919,166,0.10163816585712777,"[0.10438576938476411, 0.09156357944549239, 0.11745167820242203, 0.09881618758914607, 0.09597361466381428]",,,,,
v_jepa/vjepa2_vit_giant_384,blocks.39,MST,train,sub-10,linear_predictivity,5919,135,0.20477899201749195,,"[10000.0, 10000.0, 3162.277660168379, 10000.0, 10000.0]",0.7066317429599704,0.9068541420236741,0.29405811969244106,0.7922799023438806
v_jepa/vjepa2_vit_giant_384,blocks.39,MST,test,sub-10,linear_predictivity,5919,135,0.3194313944533442,"[0.3190237317545006, 0.31127886136244326, 0.31139246029721357, 0.3269827116648903, 0.3284792071876733]",,,,,
v_jepa/vjepa2_vit_giant_384,blocks.39,MT,train,sub-10,linear_predictivity,5919,86,0.19879083066747608,,"[10000.0, 10000.0, 3162.277660168379, 10000.0, 10000.0]",0.7039583305906715,0.9122615950910224,0.2966522385531759,0.7984369983380157
v_jepa/vjepa2_vit_giant_384,blocks.39,MT,test,sub-10,linear_predictivity,5919,86,0.2915642400234666,"[0.2996944927117354, 0.29182013627823533, 0.2825671358582179, 0.29034888890887184, 0.2933905463602725]",,,,,
v_jepa/vjepa2_vit_giant_384,blocks.39,FST,train,sub-10,linear_predictivity,5919,167,0.11856371538499624,,"[10000.0, 10000.0, 10000.0, 10000.0, 10000.0]",0.6248001059294077,0.9633277161352398,0.37508401684969755,0.8775926396499851
v_jepa/vjepa2_vit_giant_384,blocks.39,FST,test,sub-10,linear_predictivity,5919,167,0.17624351117030743,"[0.16092524950422385, 0.17174119719219175, 0.18064114857327138, 0.18016281603912707, 0.18774714454272315]",,,,,
v_jepa/vjepa2_vit_giant_384,blocks.39,LO1,train,sub-10,linear_predictivity,5919,78,0.13682935612946712,,"[10000.0, 10000.0, 10000.0, 10000.0, 10000.0]",0.6328059564026178,0.9506769960700826,0.3670864467257373,0.8597114992399512
v_jepa/vjepa2_vit_giant_384,blocks.39,LO1,test,sub-10,linear_predictivity,5919,78,0.22281750232522848,"[0.2224506143983013, 0.21123143805117378, 0.23085156259098752, 0.22853101814608598, 0.22102287843959376]",,,,,
v_jepa/vjepa2_vit_giant_384,blocks.39,LO2,train,sub-10,linear_predictivity,5919,80,0.13672493812058154,,"[10000.0, 10000.0, 10000.0, 10000.0, 10000.0]",0.6327420921615039,0.9531188315176458,0.36718125597096957,0.8609239491548492
v_jepa/vjepa2_vit_giant_384,blocks.39,LO2,test,sub-10,linear_predictivity,5919,80,0.22027317573580726,"[0.21390536252786907, 0.2153384499917613, 0.22169331830001493, 0.2223081683632538, 0.22812057949613718]",,,,,
v_jepa/vjepa2_vit_giant_384,blocks.39,LO3,train,sub-10,linear_predictivity,5919,113,0.1462902958732067,,"[10000.0, 10000.0, 10000.0, 10000.0, 10000.0]",0.63799689893234,0.942508489083146,0.36187482152688144,0.8498959037187355
v_jepa/vjepa2_vit_giant_384,blocks.39,LO3,test,sub-10,linear_predictivity,5919,113,0.18989349689641116,"[0.1955503408890529, 0.18283787112880015, 0.19623514167198142, 0.1865181149865961, 0.18832601580562533]",,,,,
v_jepa/vjepa2_vit_giant_384,blocks.39,V7,train,sub-10,linear_predictivity,5919,61,0.0948380496536875,,"[10000.0, 10000.0, 10000.0, 10000.0, 10000.0]",0.6143142216487494,0.9775936503997371,0.3855907605155082,0.9020621976675572
v_jepa/vjepa2_vit_giant_384,blocks.39,V7,test,sub-10,linear_predictivity,5919,61,0.13101645726604572,"[0.12928301178831256, 0.1355729979558779, 0.14155606086884376, 0.11761566340149594, 0.13105455231569837]",,,,,
v_jepa/vjepa2_vit_giant_384,blocks.39,IP0,train,sub-10,linear_predictivity,5919,103,0.04848748447093096,,"[10000.0, 10000.0, 10000.0, 10000.0, 10000.0]",0.5967351673081895,1.014861102243706,0.40314584255558145,0.9474138966076975
v_jepa/vjepa2_vit_giant_384,blocks.39,IP0,test,sub-10,linear_predictivity,5919,103,0.11229295757650878,"[0.11382684428072265, 0.09262947873890363, 0.12784019451319556, 0.11953545145314742, 0.10763281889657471]",,,,,
v_jepa/vjepa2_vit_giant_384,blocks.39,IP1,train,sub-10,linear_predictivity,5919,33,0.007143902536379517,,"[31622.776601683796, 31622.776601683796, 31622.776601683796, 31622.776601683796, 31622.776601683796]",0.28706668094321136,1.043515900494779,0.7127478971442962,0.98933855802943
v_jepa/vjepa2_vit_giant_384,blocks.39,IP1,test,sub-10,linear_predictivity,5919,33,0.0223872541883771,"[0.01859392998854429, 0.019066514394553997, 0.02528616740738421, 0.02336451979749707, 0.02562513935390594]",,,,,
v_jepa/vjepa2_vit_giant_384,blocks.39,MIP,train,sub-10,linear_predictivity,5919,178,0.008578142171998315,,"[31622.776601683796, 31622.776601683796, 31622.776601683796, 31622.776601683796, 31622.776601683796]",0.29230294195628936,1.057095943109135,0.7074407985945884,0.9855185800954406
v_jepa/vjepa2_vit_giant_384,blocks.39,MIP,test,sub-10,linear_predictivity,5919,178,0.03916178467788593,"[0.03893574764997733, 0.0431912922807117, 0.04514071814417344, 0.038209113711839764, 0.030332051602727395]",,,,,
v_jepa/vjepa2_vit_giant_384,blocks.39,VIP,train,sub-10,linear_predictivity,5919,100,0.03652983344509338,,"[31622.776601683796, 31622.776601683796, 31622.776601683796, 31622.776601683796, 31622.776601683796]",0.30946500699088336,1.0324758714450093,0.6903572389546675,0.9599810564462766
v_jepa/vjepa2_vit_giant_384,blocks.39,VIP,test,sub-10,linear_predictivity,5919,100,0.09015070523017968,"[0.09428777266315003, 0.08810408343774148, 0.10225125036475109, 0.08723680681998157, 0.07887361286527421]",,,,,
v_jepa/vjepa2_vit_giant_384,blocks.39,LIPd,train,sub-10,linear_predictivity,5919,31,-0.001548219579048741,,"[100000.0, 100000.0, 31622.776601683796, 100000.0, 100000.0]",0.14349733092508835,1.0673702180498537,0.8561014814774868,0.9984995388573044
v_jepa/vjepa2_vit_giant_384,blocks.39,LIPd,test,sub-10,linear_predictivity,5919,31,0.011156926220938949,"[0.00940522356639897, 0.009989268483353235, 0.0136447578875146, 0.01046331178943098, 0.012282069377996961]",,,,,
v_jepa/vjepa2_vit_giant_384,blocks.39,LIPv,train,sub-10,linear_predictivity,5919,75,0.02382859866913167,,"[31622.776601683796, 31622.776601683796, 31622.776601683796, 31622.776601683796, 31622.776601683796]",0.29986821841261957,1.0397939682830093,0.6999654237142171,0.9725112268857004
v_jepa/vjepa2_vit_giant_384,blocks.39,LIPv,test,sub-10,linear_predictivity,5919,75,0.053385661543512,"[0.04892625378623193, 0.053525181128777806, 0.0554998687231948, 0.05712179755608109, 0.051855206523274376]",,,,,
v_jepa/vjepa2_vit_giant_384,blocks.39,AIP,train,sub-10,linear_predictivity,5919,409,0.007882772029253556,,"[31622.776601683796, 31622.776601683796, 31622.776601683796, 31622.776601683796, 31622.776601683796]",0.2894985243589473,1.04460210064407,0.7102348982371176,0.9862701346844395
v_jepa/vjepa2_vit_giant_384,blocks.39,AIP,test,sub-10,linear_predictivity,5919,409,-0.0010849476360848486,"[-0.001125866884714325, -0.004414060258707946, -0.0008639203321596001, 0.0007112246014296042, 0.00026788469372802324]",,,,,
v_jepa/vjepa2_vit_giant_384,blocks.39,7Pm,train,sub-10,linear_predictivity,5919,21,0.017391635694214928,,"[31622.776601683796, 31622.776601683796, 31622.776601683796, 31622.776601683796, 31622.776601683796]",0.2939935154109753,1.0437606784691176,0.7058513704430954,0.979437171248849
v_jepa/vjepa2_vit_giant_384,blocks.39,7Pm,test,sub-10,linear_predictivity,5919,21,0.05436794261997234,"[0.056909899460816184, 0.05215020722085777, 0.0631299474472299, 0.06197108287261267, 0.037678576098345205]",,,,,
v_jepa/vjepa2_vit_giant_384,blocks.39,7PL,train,sub-10,linear_predictivity,5919,106,0.034527931866702166,,"[10000.0, 10000.0, 10000.0, 31622.776601683796, 10000.0]",0.5393342657456252,1.0220390940572972,0.4601328662448109,0.9617327863446237
v_jepa/vjepa2_vit_giant_384,blocks.39,7PL,test,sub-10,linear_predictivity,5919,106,0.09371008062206003,"[0.10966878973270876, 0.0808680513478741, 0.10110062721981235, 0.10075777205580497, 0.07615516275409995]",,,,,
v_jepa/vjepa2_vit_giant_384,blocks.39,7PC,train,sub-10,linear_predictivity,5919,224,0.020209130836312855,,"[31622.776601683796, 10000.0, 10000.0, 31622.776601683796, 31622.776601683796]",0.4150355340366006,1.0273969976196942,0.5839958174295032,0.9738735696528886
v_jepa/vjepa2_vit_giant_384,blocks.39,7PC,test,sub-10,linear_predictivity,5919,224,0.06133569853177119,"[0.06329805772330928, 0.06654839045957436, 0.057437644195725494, 0.05556689283715543, 0.06382750744309132]",,,,,
v_jepa/vjepa2_vit_giant_384,blocks.39,7Am,train,sub-10,linear_predictivity,5919,186,0.021998594454149333,,"[31622.776601683796, 31622.776601683796, 31622.776601683796, 31622.776601683796, 31622.776601683796]",0.30011315996014415,1.0368550719436058,0.6996714686069113,0.9732171511994103
v_jepa/vjepa2_vit_giant_384,blocks.39,7Am,test,sub-10,linear_predictivity,5919,186,0.06714648613764986,"[0.07028863070386646, 0.07124365653824326, 0.07345309029456736, 0.06544055285974738, 0.055306500291824816]",,,,,
v_jepa/vjepa2_vit_giant_384,blocks.39,7AL,train,sub-10,linear_predictivity,5919,158,0.012936454443925594,,"[31622.776601683796, 31622.776601683796, 31622.776601683796, 31622.776601683796, 31622.776601683796]",0.29382476628930604,1.0389499608928017,0.7059250518355401,0.9814656280507504
v_jepa/vjepa2_vit_giant_384,blocks.39,7AL,test,sub-10,linear_predictivity,5919,158,0.04627785973603817,"[0.04824212077296196, 0.04766810004203414, 0.050289196886773045, 0.046892167660536485, 0.038297713317885215]",,,,,
v_jepa/vjepa2_vit_giant_384,blocks.39,VVC,train,sub-10,linear_predictivity,5919,196,0.053454949974694035,,"[10000.0, 10000.0, 10000.0, 10000.0, 10000.0]",0.5972562886650574,1.0123271777491134,0.40262589710423946,0.9423170021524889
v_jepa/vjepa2_vit_giant_384,blocks.39,VVC,test,sub-10,linear_predictivity,5919,196,0.11623555844840343,"[0.12784354750541005, 0.1077020185168956, 0.12161040107405978, 0.12347643626046281, 0.10054538888518891]",,,,,
v_jepa/vjepa2_vit_giant_384,blocks.39,VMV2,train,sub-10,linear_predictivity,5919,94,0.11211235326913954,,"[10000.0, 10000.0, 10000.0, 10000.0, 10000.0]",0.624901484602832,0.9706535430258828,0.3749905528913259,0.8839557681147973
v_jepa/vjepa2_vit_giant_384,blocks.39,VMV2,test,sub-10,linear_predictivity,5919,94,0.2280684014810713,"[0.24533060921595937, 0.2132174013185994, 0.23489534186672084, 0.2215762115548751, 0.22532244344920188]",,,,,
v_jepa/vjepa2_vit_giant_384,blocks.39,VMV3,train,sub-10,linear_predictivity,5919,98,0.08584312325635537,,"[10000.0, 10000.0, 10000.0, 10000.0, 10000.0]",0.6132996226527989,0.9831133337137095,0.3865595023280128,0.9094875757491827
v_jepa/vjepa2_vit_giant_384,blocks.39,VMV3,test,sub-10,linear_predictivity,5919,98,0.15617424873889008,"[0.17098658771557393, 0.1416059582064033, 0.17221673893471715, 0.14125714242763943, 0.1548048164101166]",,,,,
v_jepa/vjepa2_vit_giant_384,blocks.39,VMV1,train,sub-10,linear_predictivity,5919,42,0.08180116199321916,,"[10000.0, 10000.0, 10000.0, 10000.0, 10000.0]",0.6104628577496795,0.9957253739936089,0.3894184701103886,0.9133279772504446
v_jepa/vjepa2_vit_giant_384,blocks.39,VMV1,test,sub-10,linear_predictivity,5919,42,0.15580627431524036,"[0.17357257684827265, 0.14672871836354523, 0.16125432503344606, 0.14481704549227045, 0.15265870583866734]",,,,,
v_jepa/vjepa2_vit_giant_384,blocks.39,PHA2,train,sub-10,linear_predictivity,5919,21,0.05322959529548489,,"[10000.0, 10000.0, 10000.0, 10000.0, 10000.0]",0.6000889367018776,1.0110230029560188,0.39976093894412806,0.9414895159079485
v_jepa/vjepa2_vit_giant_384,blocks.39,PHA2,test,sub-10,linear_predictivity,5919,21,0.1611664851068629,"[0.16061144679794898, 0.15044962883607507, 0.16068086127772277, 0.1616905262647534, 0.17239996235781435]",,,,,
v_jepa/vjepa2_vit_giant_384,blocks.39,PHA3,train,sub-10,linear_predictivity,5919,104,0.0637800523377469,,"[10000.0, 10000.0, 10000.0, 10000.0, 10000.0]",0.6057874353428996,1.0032410122801765,0.3940948579204948,0.9320829967992038
v_jepa/vjepa2_vit_giant_384,blocks.39,PHA3,test,sub-10,linear_predictivity,5919,104,0.1902079725602323,"[0.20939753191647298, 0.1670203657722016, 0.19074820485919833, 0.19097002096957238, 0.19290373928371618]",,,,,
v_jepa/vjepa2_vit_giant_384,blocks.39,PH,train,sub-10,linear_predictivity,5919,261,0.0772727434263495,,"[10000.0, 10000.0, 10000.0, 10000.0, 10000.0]",0.6076602730976711,0.99488000480345,0.3922488450018763,0.9194985774771662
v_jepa/vjepa2_vit_giant_384,blocks.39,PH,test,sub-10,linear_predictivity,5919,261,0.11263225699506219,"[0.11499536852222975, 0.1051572713400953, 0.11279957768123824, 0.11641928710517613, 0.11378978032657147]",,,,,
