model,layer,roi,split,subject,metric,n_features_1_model,n_features_2_brain,score,test_scores_list,alphas,train_set_train_split_score_mean,ridgecv_val_mse,train_set_train_split_mse,train_set_val_split_mse
taskonomy/edge_texture,encoder.layer1.0.relu,V1,train,sub-08,linear_predictivity,5919,560,0.06839469722345824,,"[31622.776601683796, 31622.776601683796, 31622.776601683796, 31622.776601683796, 31622.776601683796]",0.26994501807295695,1.1704097115622996,0.7298908811542882,0.9282485197871895
taskonomy/edge_texture,encoder.layer1.0.relu,V1,test,sub-08,linear_predictivity,5919,560,0.06627631077291977,"[0.06072284780946084, 0.07844508371830705, 0.06898873462311172, 0.059851528660608465, 0.0633733590531108]",,,,,
taskonomy/edge_texture,encoder.layer1.0.relu,V2,train,sub-08,linear_predictivity,5919,482,0.03175141783225575,,"[31622.776601683796, 31622.776601683796, 31622.776601683796, 31622.776601683796, 31622.776601683796]",0.23749972929371146,1.2116698235969878,0.7623264452560742,0.964873225417328
taskonomy/edge_texture,encoder.layer1.0.relu,V2,test,sub-08,linear_predictivity,5919,482,0.030043176336084887,"[0.029900860653130336, 0.0332975656549188, 0.0329233452818513, 0.02940840993710073, 0.024685700153423255]",,,,,
taskonomy/edge_texture,encoder.layer1.0.relu,V3,train,sub-08,linear_predictivity,5919,458,0.010819473606419668,,"[31622.776601683796, 31622.776601683796, 31622.776601683796, 31622.776601683796, 31622.776601683796]",0.22248945445808657,1.232031936770463,0.7773534746169718,0.9859805466186664
taskonomy/edge_texture,encoder.layer1.0.relu,V3,test,sub-08,linear_predictivity,5919,458,-8.630159116021098e-05,"[-0.00027975640407032525, -0.0004593669442785684, 0.005484285483868677, 0.0013943635684083384, -0.006571033659729177]",,,,,
taskonomy/edge_texture,encoder.layer1.0.relu,V4,train,sub-08,linear_predictivity,5919,604,0.006495448573857468,,"[100000.0, 31622.776601683796, 31622.776601683796, 100000.0, 100000.0]",0.14566602877979934,1.2482794175799492,0.8542769843243573,0.9906415794461072
taskonomy/edge_texture,encoder.layer1.0.relu,V4,test,sub-08,linear_predictivity,5919,604,-0.018622475886832985,"[-0.012794819259421443, -0.02660937383325885, -0.02281587725593183, -0.013283005981616143, -0.01760930310393665]",,,,,
taskonomy/edge_texture,encoder.layer1.0.relu,V3A,train,sub-08,linear_predictivity,5919,226,-0.003235100686925797,,"[316227.7660168379, 316227.7660168379, 100000.0, 100000.0, 100000.0]",0.06728002589392768,1.2822704586758138,0.9324555596301313,0.9996210716880144
taskonomy/edge_texture,encoder.layer1.0.relu,V3A,test,sub-08,linear_predictivity,5919,226,0.009361825667023507,"[0.00836011299158672, 0.006388741280830197, 0.01104479697408043, 0.014256866921669196, 0.006758610166950995]",,,,,
taskonomy/edge_texture,encoder.layer1.0.relu,V3B,train,sub-08,linear_predictivity,5919,147,0.004976156464294972,,"[100000.0, 100000.0, 100000.0, 100000.0, 100000.0]",0.0946943902710257,1.2676189589796842,0.9051562545161829,0.99248267571465
taskonomy/edge_texture,encoder.layer1.0.relu,V3B,test,sub-08,linear_predictivity,5919,147,-0.01180609736918248,"[-0.013132135242078248, -0.006727195966578768, -0.011904760520525765, -0.008477942282292096, -0.018788452834437523]",,,,,
taskonomy/edge_texture,encoder.layer1.0.relu,V6,train,sub-08,linear_predictivity,5919,105,-0.0014650882577408667,,"[316227.7660168379, 100000.0, 100000.0, 100000.0, 100000.0]",0.08262457643220425,1.275257821587323,0.917261805997444,0.9979512562703601
taskonomy/edge_texture,encoder.layer1.0.relu,V6,test,sub-08,linear_predictivity,5919,105,0.022235502409547518,"[0.022384466780146172, 0.0187395623645103, 0.017957403902539207, 0.02449406988287806, 0.02760200911766386]",,,,,
taskonomy/edge_texture,encoder.layer1.0.relu,V6A,train,sub-08,linear_predictivity,5919,84,0.0032994602562958714,,"[100000.0, 100000.0, 100000.0, 100000.0, 100000.0]",0.09762754509711175,1.261057864072178,0.9021092279775145,0.9920915624956017
taskonomy/edge_texture,encoder.layer1.0.relu,V6A,test,sub-08,linear_predictivity,5919,84,0.020657183400893144,"[0.02876798930451255, 0.01839039639188144, 0.01980163024365846, 0.023682820251151974, 0.012643080813261307]",,,,,
taskonomy/edge_texture,encoder.layer1.0.relu,V7,train,sub-08,linear_predictivity,5919,78,0.006692346841292631,,"[100000.0, 100000.0, 100000.0, 100000.0, 100000.0]",0.09872240318794322,1.2545316795459733,0.9010704168222434,0.9893431873456484
taskonomy/edge_texture,encoder.layer1.0.relu,V7,test,sub-08,linear_predictivity,5919,78,-0.004174319219682015,"[0.00490555588457267, -0.005235392788579509, -0.006643059737240345, -0.0023012573317305485, -0.011597442125432341]",,,,,
taskonomy/edge_texture,encoder.layer1.0.relu,V8,train,sub-08,linear_predictivity,5919,112,0.015792086909964687,,"[100000.0, 100000.0, 31622.776601683796, 31622.776601683796, 100000.0]",0.1524441089678215,1.2509867367143874,0.847364364065888,0.9822696328518081
taskonomy/edge_texture,encoder.layer1.0.relu,V8,test,sub-08,linear_predictivity,5919,112,-0.005414462078672561,"[0.0035742644519372144, -0.00030684029462477565, -0.020072398165369813, -0.015388748901717606, 0.005121412516412175]",,,,,
taskonomy/edge_texture,encoder.layer1.0.relu,FFC,train,sub-08,linear_predictivity,5919,275,0.02191206605677856,,"[31622.776601683796, 31622.776601683796, 31622.776601683796, 31622.776601683796, 31622.776601683796]",0.23045890565219906,1.2201048177171743,0.7693211321135685,0.9739424443834933
taskonomy/edge_texture,encoder.layer1.0.relu,FFC,test,sub-08,linear_predictivity,5919,275,0.007424767931121389,"[0.004882435552466403, 0.009596183474131242, 0.007833062400007314, 0.0025358461402774013, 0.012276312088724583]",,,,,
taskonomy/edge_texture,encoder.layer1.0.relu,PIT,train,sub-08,linear_predictivity,5919,117,0.013150998016630142,,"[31622.776601683796, 31622.776601683796, 31622.776601683796, 31622.776601683796, 31622.776601683796]",0.2181716060847064,1.252057808528131,0.7816478893780447,0.9836250872950796
taskonomy/edge_texture,encoder.layer1.0.relu,PIT,test,sub-08,linear_predictivity,5919,117,-0.0009454041611301044,"[-0.006985071231137431, -0.004695598796068895, 0.0025102353445944667, 0.0029034835398305606, 0.0015399303371307768]",,,,,
taskonomy/edge_texture,encoder.layer1.0.relu,IPS1,train,sub-08,linear_predictivity,5919,219,0.002621070092251101,,"[100000.0, 100000.0, 100000.0, 100000.0, 100000.0]",0.09205328139286943,1.2727645539008186,0.9077596334131208,0.9938346139110721
taskonomy/edge_texture,encoder.layer1.0.relu,IPS1,test,sub-08,linear_predictivity,5919,219,-0.01333184950770382,"[-0.011771699860982629, -0.014997315866047025, -0.009831980465896405, -0.010903642226004512, -0.019154609119588523]",,,,,
taskonomy/edge_texture,encoder.layer1.0.relu,MST,train,sub-08,linear_predictivity,5919,140,0.016110413493677374,,"[31622.776601683796, 100000.0, 31622.776601683796, 100000.0, 31622.776601683796]",0.17883235601812486,1.2462252979583277,0.8213546344719779,0.9817084152918334
taskonomy/edge_texture,encoder.layer1.0.relu,MST,test,sub-08,linear_predictivity,5919,140,-0.005729496546200176,"[-0.0032701274358868317, 0.013062051895011141, -0.028925949547963084, 0.009691714323171872, -0.019205171965333976]",,,,,
taskonomy/edge_texture,encoder.layer1.0.relu,MT,train,sub-08,linear_predictivity,5919,99,0.014076444769495527,,"[100000.0, 100000.0, 100000.0, 100000.0, 100000.0]",0.10610234703229526,1.2399590287779902,0.8936903326417799,0.9821876107531191
taskonomy/edge_texture,encoder.layer1.0.relu,MT,test,sub-08,linear_predictivity,5919,99,0.003885282605032588,"[0.00968758840949372, 0.0021405563961119103, 0.00610736857612584, 0.004332481319335385, -0.0028415816759039163]",,,,,
taskonomy/edge_texture,encoder.layer1.0.relu,FST,train,sub-08,linear_predictivity,5919,149,0.02129235809345911,,"[31622.776601683796, 31622.776601683796, 31622.776601683796, 31622.776601683796, 31622.776601683796]",0.23304506629066926,1.2212429596295913,0.7667983006717882,0.9755192956655675
taskonomy/edge_texture,encoder.layer1.0.relu,FST,test,sub-08,linear_predictivity,5919,149,-0.0118653196450559,"[-0.003015018550755804, -0.0031385687926859447, -0.028498074547164475, -0.014977131046532895, -0.00969780528814038]",,,,,
taskonomy/edge_texture,encoder.layer1.0.relu,LO1,train,sub-08,linear_predictivity,5919,79,0.0007590447022464385,,"[100000.0, 100000.0, 100000.0, 316227.7660168379, 100000.0]",0.08363317285118421,1.2653355215217021,0.9159936736046548,0.9961456296654692
taskonomy/edge_texture,encoder.layer1.0.relu,LO1,test,sub-08,linear_predictivity,5919,79,-0.03960598026394267,"[-0.04191735007965286, -0.046156940020564294, -0.03789524035852617, -0.020879997707515863, -0.051180373153454195]",,,,,
taskonomy/edge_texture,encoder.layer1.0.relu,LO2,train,sub-08,linear_predictivity,5919,83,0.03926635103379306,,"[31622.776601683796, 31622.776601683796, 31622.776601683796, 31622.776601683796, 31622.776601683796]",0.24479792410809878,1.1843915871792714,0.7550083695159863,0.9570205626224947
taskonomy/edge_texture,encoder.layer1.0.relu,LO2,test,sub-08,linear_predictivity,5919,83,0.07305133237982181,"[0.06854972583204146, 0.08104070380119131, 0.07261003647155284, 0.06648445142488629, 0.07657174436943716]",,,,,
taskonomy/edge_texture,encoder.layer1.0.relu,LO3,train,sub-08,linear_predictivity,5919,125,0.00870819816843251,,"[100000.0, 100000.0, 100000.0, 100000.0, 100000.0]",0.09725876850953039,1.2623995619555295,0.9026156834098475,0.9887362145237587
taskonomy/edge_texture,encoder.layer1.0.relu,LO3,test,sub-08,linear_predictivity,5919,125,-0.010524629622627877,"[-0.00996367220076277, -0.010303339899022036, -0.009387511348408857, -0.005633544605994524, -0.017335080058951194]",,,,,
taskonomy/edge_texture,encoder.layer1.0.relu,V7,train,sub-08,linear_predictivity,5919,78,0.006692346841292631,,"[100000.0, 100000.0, 100000.0, 100000.0, 100000.0]",0.09872240318794322,1.2545316795459733,0.9010704168222434,0.9893431873456484
taskonomy/edge_texture,encoder.layer1.0.relu,V7,test,sub-08,linear_predictivity,5919,78,-0.004174319219682015,"[0.00490555588457267, -0.005235392788579509, -0.006643059737240345, -0.0023012573317305485, -0.011597442125432341]",,,,,
taskonomy/edge_texture,encoder.layer1.0.relu,IP0,train,sub-08,linear_predictivity,5919,151,-0.0008888824004424755,,"[316227.7660168379, 316227.7660168379, 316227.7660168379, 316227.7660168379, 100000.0]",0.0470489205161138,1.2617852639642066,0.9529518627969571,0.9984248653037767
taskonomy/edge_texture,encoder.layer1.0.relu,IP0,test,sub-08,linear_predictivity,5919,151,-0.004625753198962114,"[-0.002956590709612852, 0.00034910993326131936, -0.000680380416312434, -0.0021645434637356815, -0.017676361338410922]",,,,,
taskonomy/edge_texture,encoder.layer1.0.relu,IP1,train,sub-08,linear_predictivity,5919,91,-0.0029831111389035246,,"[316227.7660168379, 316227.7660168379, 316227.7660168379, 316227.7660168379, 316227.7660168379]",0.034842059802340536,1.2800401882014822,0.9649528992057579,0.9995605053027793
taskonomy/edge_texture,encoder.layer1.0.relu,IP1,test,sub-08,linear_predictivity,5919,91,-0.007254530290272597,"[-0.009104146648223042, -0.004950072904597263, -0.0068750160719790974, -0.005227982803617878, -0.010115433022945701]",,,,,
taskonomy/edge_texture,encoder.layer1.0.relu,MIP,train,sub-08,linear_predictivity,5919,291,-0.0018339014597414814,,"[100000.0, 316227.7660168379, 100000.0, 316227.7660168379, 100000.0]",0.06656084583480801,1.2873801655950032,0.9333814881927956,0.9995062335576259
taskonomy/edge_texture,encoder.layer1.0.relu,MIP,test,sub-08,linear_predictivity,5919,291,-0.005150987626707821,"[-0.009676272766232572, -0.0015962355444844023, -0.002121589829057879, -0.0004795533660384696, -0.011881286627725784]",,,,,
taskonomy/edge_texture,encoder.layer1.0.relu,VIP,train,sub-08,linear_predictivity,5919,184,-0.00314453004739875,,"[100000.0, 316227.7660168379, 100000.0, 316227.7660168379, 100000.0]",0.0663254029867428,1.2845838531990341,0.9335079385750698,0.9993973377130075
taskonomy/edge_texture,encoder.layer1.0.relu,VIP,test,sub-08,linear_predictivity,5919,184,-0.006481533733830089,"[-0.005809188352868292, -0.003971650280673455, -0.006874765210358572, -0.0030916566891611616, -0.012660408136088963]",,,,,
taskonomy/edge_texture,encoder.layer1.0.relu,LIPd,train,sub-08,linear_predictivity,5919,77,0.0006096055691373013,,"[100000.0, 100000.0, 100000.0, 100000.0, 100000.0]",0.09170507024048606,1.256118104234621,0.9081148633273315,0.9958082616561361
taskonomy/edge_texture,encoder.layer1.0.relu,LIPd,test,sub-08,linear_predictivity,5919,77,-0.018667928604436935,"[-0.028107819409161936, -0.01609188761163503, -0.013844157865476398, -0.012972837439223565, -0.022322940696687752]",,,,,
taskonomy/edge_texture,encoder.layer1.0.relu,LIPv,train,sub-08,linear_predictivity,5919,251,-0.0030537025802385696,,"[316227.7660168379, 100000.0, 100000.0, 316227.7660168379, 100000.0]",0.06842712285389183,1.262177072762397,0.9311402451379592,0.9993452204552662
taskonomy/edge_texture,encoder.layer1.0.relu,LIPv,test,sub-08,linear_predictivity,5919,251,-0.011493705773679858,"[-0.004263148002551973, -0.02031644307900728, -0.006531192446498783, -0.0017163696333285993, -0.02464137570701265]",,,,,
taskonomy/edge_texture,encoder.layer1.0.relu,AIP,train,sub-08,linear_predictivity,5919,387,-0.003623674351685192,,"[316227.7660168379, 316227.7660168379, 316227.7660168379, 316227.7660168379, 316227.7660168379]",0.034504199669636734,1.2693085220787215,0.965318067716827,1.0005923537128993
taskonomy/edge_texture,encoder.layer1.0.relu,AIP,test,sub-08,linear_predictivity,5919,387,-0.0037972393782334268,"[-0.007397406462244531, -0.00375678798232248, -0.0003103394161992998, -0.0010200637095003876, -0.006501599320900435]",,,,,
taskonomy/edge_texture,encoder.layer1.0.relu,7Pm,train,sub-08,linear_predictivity,5919,25,-0.006061951165417038,,"[316227.7660168379, 316227.7660168379, 316227.7660168379, 1000000.0, 316227.7660168379]",0.030380497411958318,1.289253518066721,0.9693520038422342,1.0017879129702023
taskonomy/edge_texture,encoder.layer1.0.relu,7Pm,test,sub-08,linear_predictivity,5919,25,-0.001042775287371315,"[0.0005228524519063837, -2.3408248509277918e-05, -0.007252745840599366, 0.002101800855464493, -0.0005623756551188075]",,,,,
taskonomy/edge_texture,encoder.layer1.0.relu,7PL,train,sub-08,linear_predictivity,5919,91,0.009624936758454052,,"[100000.0, 100000.0, 100000.0, 100000.0, 100000.0]",0.09621694391595743,1.2668606076775337,0.9035253971320312,0.985819919273272
taskonomy/edge_texture,encoder.layer1.0.relu,7PL,test,sub-08,linear_predictivity,5919,91,0.014859233822153244,"[0.023344012263264734, 0.008968081701938267, 0.015236988018779709, 0.013342202169528094, 0.013404884957255418]",,,,,
taskonomy/edge_texture,encoder.layer1.0.relu,7PC,train,sub-08,linear_predictivity,5919,231,-0.004042906596641767,,"[316227.7660168379, 100000.0, 100000.0, 316227.7660168379, 316227.7660168379]",0.057050168961996085,1.265967510846453,0.942585985215105,1.0003248966407146
taskonomy/edge_texture,encoder.layer1.0.relu,7PC,test,sub-08,linear_predictivity,5919,231,-0.006024523946832886,"[-0.0008324036059536454, -0.018486115524422052, -0.005305613349031859, -0.001221829919840534, -0.00427665733491634]",,,,,
taskonomy/edge_texture,encoder.layer1.0.relu,7Am,train,sub-08,linear_predictivity,5919,136,0.00010031228331981731,,"[100000.0, 100000.0, 100000.0, 100000.0, 100000.0]",0.09256811221708393,1.2833427951902778,0.9071945709070601,0.9954862753644189
taskonomy/edge_texture,encoder.layer1.0.relu,7Am,test,sub-08,linear_predictivity,5919,136,0.0074686005371907855,"[0.01532471776209462, 0.0032991790627932773, 0.005950131126520855, 0.010799006139259906, 0.0019699685952852632]",,,,,
taskonomy/edge_texture,encoder.layer1.0.relu,7AL,train,sub-08,linear_predictivity,5919,234,-0.0006734333046276471,,"[100000.0, 100000.0, 100000.0, 100000.0, 100000.0]",0.09008889350943602,1.2819157344017362,0.9096751842835031,0.9963087372996957
taskonomy/edge_texture,encoder.layer1.0.relu,7AL,test,sub-08,linear_predictivity,5919,234,-0.003179744231263878,"[-0.0012988987056140604, -0.0038828379966604834, -0.0012204385098244196, -0.0008197873804666773, -0.00867675856375375]",,,,,
taskonomy/edge_texture,encoder.layer1.0.relu,VVC,train,sub-08,linear_predictivity,5919,199,0.006204960225330501,,"[100000.0, 100000.0, 100000.0, 100000.0, 100000.0]",0.09615742768885363,1.2577071405976255,0.9036707886323587,0.9906077687924558
taskonomy/edge_texture,encoder.layer1.0.relu,VVC,test,sub-08,linear_predictivity,5919,199,0.0042446965446300364,"[0.0011933085102211265, 0.005466364997606092, 0.0030267908947716584, 0.010233272223782714, 0.0013037460967685913]",,,,,
taskonomy/edge_texture,encoder.layer1.0.relu,VMV2,train,sub-08,linear_predictivity,5919,94,-0.002687415934902192,,"[100000.0, 316227.7660168379, 100000.0, 100000.0, 100000.0]",0.07814359152928299,1.254151850843505,0.9215822165678731,0.9986903165744481
taskonomy/edge_texture,encoder.layer1.0.relu,VMV2,test,sub-08,linear_predictivity,5919,94,-0.001038745893207305,"[0.0011305160698284597, -0.005780514647798807, -0.004200455528735692, -0.003169147098296634, 0.006825871738966149]",,,,,
taskonomy/edge_texture,encoder.layer1.0.relu,VMV3,train,sub-08,linear_predictivity,5919,107,5.390947425072081e-05,,"[100000.0, 316227.7660168379, 100000.0, 100000.0, 100000.0]",0.07911256842386727,1.2664881201989702,0.920979397351146,0.997976356450646
taskonomy/edge_texture,encoder.layer1.0.relu,VMV3,test,sub-08,linear_predictivity,5919,107,-0.01954603605672908,"[-0.013001566356151703, -0.02261081564556784, -0.028947688678942377, -0.016702882174301707, -0.01646722742868177]",,,,,
taskonomy/edge_texture,encoder.layer1.0.relu,VMV1,train,sub-08,linear_predictivity,5919,44,0.0010007391608161083,,"[316227.7660168379, 316227.7660168379, 100000.0, 100000.0, 316227.7660168379]",0.05983345375178321,1.2753015285080642,0.9401599072977532,0.9963408584158795
taskonomy/edge_texture,encoder.layer1.0.relu,VMV1,test,sub-08,linear_predictivity,5919,44,0.013666085077482482,"[0.01129880392772229, 0.013004160858729526, 0.012655834530781297, 0.01748949106465717, 0.013882135005522121]",,,,,
taskonomy/edge_texture,encoder.layer1.0.relu,PHA2,train,sub-08,linear_predictivity,5919,13,-0.0001760684691507329,,"[100000.0, 100000.0, 100000.0, 100000.0, 316227.7660168379]",0.07992917248452003,1.268132892515149,0.9201952499905106,0.9970073292297631
taskonomy/edge_texture,encoder.layer1.0.relu,PHA2,test,sub-08,linear_predictivity,5919,13,0.018846058650947073,"[0.021610048571989483, 0.012049999902009398, 0.03149803664048693, 0.026524406078060298, 0.0025478020621892547]",,,,,
taskonomy/edge_texture,encoder.layer1.0.relu,PHA3,train,sub-08,linear_predictivity,5919,55,0.017727835730246066,,"[31622.776601683796, 31622.776601683796, 31622.776601683796, 31622.776601683796, 31622.776601683796]",0.21441491864361226,1.239898567779731,0.7853857682984229,0.9782815836293455
taskonomy/edge_texture,encoder.layer1.0.relu,PHA3,test,sub-08,linear_predictivity,5919,55,-0.01793754053356669,"[-0.005457099736849584, -0.028661420017689072, -0.02314376047058307, -0.01494564077096981, -0.01747978167174191]",,,,,
taskonomy/edge_texture,encoder.layer1.0.relu,PH,train,sub-08,linear_predictivity,5919,350,0.023437244109916166,,"[31622.776601683796, 31622.776601683796, 31622.776601683796, 31622.776601683796, 31622.776601683796]",0.22925239947261322,1.2252623835357028,0.7705319098925987,0.9722099914080026
taskonomy/edge_texture,encoder.layer1.0.relu,PH,test,sub-08,linear_predictivity,5919,350,-0.0019647238334018196,"[-5.386549099909845e-05, 0.0015971944749213155, -0.005697314821191433, -0.005603678741810652, -6.595458792923051e-05]",,,,,
taskonomy/edge_texture,encoder.layer1.1.relu,V1,train,sub-08,linear_predictivity,5919,560,0.0748640493062029,,"[31622.776601683796, 31622.776601683796, 31622.776601683796, 31622.776601683796, 31622.776601683796]",0.2815023716185268,1.146324378201547,0.7183307393180219,0.9217886079488699
taskonomy/edge_texture,encoder.layer1.1.relu,V1,test,sub-08,linear_predictivity,5919,560,0.0864639288735081,"[0.08350037564397311, 0.09393821446869949, 0.08875020661664819, 0.08055754434981394, 0.08557330328840572]",,,,,
taskonomy/edge_texture,encoder.layer1.1.relu,V2,train,sub-08,linear_predictivity,5919,482,0.04073454105910961,,"[31622.776601683796, 31622.776601683796, 31622.776601683796, 31622.776601683796, 31622.776601683796]",0.25174360821648334,1.1764590275365456,0.7480840986305586,0.955942212842043
taskonomy/edge_texture,encoder.layer1.1.relu,V2,test,sub-08,linear_predictivity,5919,482,0.04803607791631542,"[0.04867329235826782, 0.05116025117356386, 0.0502006372541535, 0.04585755650723714, 0.04428865228835481]",,,,,
taskonomy/edge_texture,encoder.layer1.1.relu,V3,train,sub-08,linear_predictivity,5919,458,0.017670912216553557,,"[31622.776601683796, 31622.776601683796, 31622.776601683796, 31622.776601683796, 31622.776601683796]",0.235415806795988,1.1915504077218557,0.764429799477955,0.9792034252552492
taskonomy/edge_texture,encoder.layer1.1.relu,V3,test,sub-08,linear_predictivity,5919,458,0.01819099785471753,"[0.02071393883517786, 0.017061604349966543, 0.024460792253153948, 0.01806463783890912, 0.010654015996380184]",,,,,
taskonomy/edge_texture,encoder.layer1.1.relu,V4,train,sub-08,linear_predictivity,5919,604,0.00938682597379804,,"[31622.776601683796, 31622.776601683796, 31622.776601683796, 100000.0, 31622.776601683796]",0.20186334959362648,1.2126438489740616,0.7980225595977993,0.9878666695727428
taskonomy/edge_texture,encoder.layer1.1.relu,V4,test,sub-08,linear_predictivity,5919,604,-0.01137705844653245,"[-0.005018217470858755, -0.019168871216379762, -0.010304787995859377, -0.00662098317137935, -0.01577243237818501]",,,,,
taskonomy/edge_texture,encoder.layer1.1.relu,V3A,train,sub-08,linear_predictivity,5919,226,-0.0012181186255299317,,"[100000.0, 100000.0, 100000.0, 100000.0, 100000.0]",0.0919312910520008,1.2304265177553773,0.9078621777770917,0.9975879918798558
taskonomy/edge_texture,encoder.layer1.1.relu,V3A,test,sub-08,linear_predictivity,5919,226,0.014125132731814916,"[0.014946932881655054, 0.01419427536797269, 0.014095049993054347, 0.017889109372307307, 0.009500296044085178]",,,,,
taskonomy/edge_texture,encoder.layer1.1.relu,V3B,train,sub-08,linear_predictivity,5919,147,0.006857060657559685,,"[100000.0, 100000.0, 100000.0, 100000.0, 100000.0]",0.09886809828314425,1.2299648434633614,0.9009791522026227,0.9905881678639036
taskonomy/edge_texture,encoder.layer1.1.relu,V3B,test,sub-08,linear_predictivity,5919,147,-0.00592794959320367,"[-0.008515052383080297, -0.0036136181763768236, -0.005539521531700931, -0.0006844430104976789, -0.011287112864362622]",,,,,
taskonomy/edge_texture,encoder.layer1.1.relu,V6,train,sub-08,linear_predictivity,5919,105,-0.0017042377649648833,,"[316227.7660168379, 316227.7660168379, 100000.0, 100000.0, 100000.0]",0.07315647235673318,1.2423977859637534,0.9267683079513859,0.9981930537723992
taskonomy/edge_texture,encoder.layer1.1.relu,V6,test,sub-08,linear_predictivity,5919,105,0.029032567892996426,"[0.025851267652951048, 0.019645729012013627, 0.02837021815695918, 0.034968659690076294, 0.03632696495298196]",,,,,
taskonomy/edge_texture,encoder.layer1.1.relu,V6A,train,sub-08,linear_predictivity,5919,84,0.003964988242700963,,"[100000.0, 100000.0, 100000.0, 100000.0, 100000.0]",0.10080195769563967,1.2356292360645673,0.8989271412950643,0.9913682693475969
taskonomy/edge_texture,encoder.layer1.1.relu,V6A,test,sub-08,linear_predictivity,5919,84,0.025756815444026526,"[0.033094024573200334, 0.023328938931423675, 0.024477431511940876, 0.029290170513585984, 0.018593511689981763]",,,,,
taskonomy/edge_texture,encoder.layer1.1.relu,V7,train,sub-08,linear_predictivity,5919,78,0.004296805792310455,,"[100000.0, 31622.776601683796, 100000.0, 100000.0, 31622.776601683796]",0.15008309552844723,1.2220619271914468,0.8490418641658349,0.9915823603868079
taskonomy/edge_texture,encoder.layer1.1.relu,V7,test,sub-08,linear_predictivity,5919,78,-0.0025886780434799406,"[0.008128312824485309, -0.006768253252794556, 0.0010778858237632078, 0.006818899743331202, -0.022200235356184865]",,,,,
taskonomy/edge_texture,encoder.layer1.1.relu,V8,train,sub-08,linear_predictivity,5919,112,0.020006176222340775,,"[31622.776601683796, 31622.776601683796, 31622.776601683796, 31622.776601683796, 31622.776601683796]",0.2312959449737512,1.216315461946105,0.768611201309736,0.9779701512541822
taskonomy/edge_texture,encoder.layer1.1.relu,V8,test,sub-08,linear_predictivity,5919,112,-0.005334985581151393,"[-0.0016286012647967305, -0.012955887188223523, -0.007810932630817632, -0.003475129006686967, -0.0008043778152321089]",,,,,
taskonomy/edge_texture,encoder.layer1.1.relu,FFC,train,sub-08,linear_predictivity,5919,275,0.027102616115436684,,"[31622.776601683796, 31622.776601683796, 31622.776601683796, 31622.776601683796, 31622.776601683796]",0.24188754462414314,1.184756985989928,0.7579039708265922,0.9689624962781987
taskonomy/edge_texture,encoder.layer1.1.relu,FFC,test,sub-08,linear_predictivity,5919,275,0.026507355349749677,"[0.0253556327546492, 0.024580592571725922, 0.02941986185844048, 0.022996426294364946, 0.030184263269567836]",,,,,
taskonomy/edge_texture,encoder.layer1.1.relu,PIT,train,sub-08,linear_predictivity,5919,117,0.018858881661940063,,"[31622.776601683796, 31622.776601683796, 31622.776601683796, 31622.776601683796, 31622.776601683796]",0.23044601729404218,1.2052406724153844,0.7693812941269402,0.9780927346957158
taskonomy/edge_texture,encoder.layer1.1.relu,PIT,test,sub-08,linear_predictivity,5919,117,0.022776128943807362,"[0.021359458647952374, 0.01700033985590466, 0.031621285453697225, 0.023143890265901582, 0.020755670495580966]",,,,,
taskonomy/edge_texture,encoder.layer1.1.relu,IPS1,train,sub-08,linear_predictivity,5919,219,0.002821861418059384,,"[100000.0, 100000.0, 100000.0, 100000.0, 100000.0]",0.09440936645001279,1.2292393457417838,0.9054054772313005,0.9936851986739784
taskonomy/edge_texture,encoder.layer1.1.relu,IPS1,test,sub-08,linear_predictivity,5919,219,-0.013236430110728458,"[-0.013108712615998743, -0.016997322892474152, -0.00812716450707, -0.00964073813605016, -0.018308212402049235]",,,,,
taskonomy/edge_texture,encoder.layer1.1.relu,MST,train,sub-08,linear_predictivity,5919,140,0.015171527389073668,,"[31622.776601683796, 100000.0, 31622.776601683796, 100000.0, 100000.0]",0.15956642375620206,1.2298275931604052,0.8407993986721728,0.9826161016022041
taskonomy/edge_texture,encoder.layer1.1.relu,MST,test,sub-08,linear_predictivity,5919,140,0.007594442582390426,"[0.0027235661431704735, 0.01703890141963225, -0.010695847277787584, 0.014250741056321518, 0.014654851570615473]",,,,,
taskonomy/edge_texture,encoder.layer1.1.relu,MT,train,sub-08,linear_predictivity,5919,99,0.013144149933518394,,"[100000.0, 100000.0, 100000.0, 100000.0, 100000.0]",0.10799726236506609,1.2212698403286981,0.8917934404672859,0.9830898383803014
taskonomy/edge_texture,encoder.layer1.1.relu,MT,test,sub-08,linear_predictivity,5919,99,0.010788098082042237,"[0.016245716896130427, 0.006975688000467083, 0.014399713362149166, 0.010873479221973487, 0.005445892929491028]",,,,,
taskonomy/edge_texture,encoder.layer1.1.relu,FST,train,sub-08,linear_predictivity,5919,149,0.02052534510909585,,"[31622.776601683796, 31622.776601683796, 31622.776601683796, 31622.776601683796, 31622.776601683796]",0.24041884942380123,1.2011871904502764,0.7594302593305043,0.9762619444767306
taskonomy/edge_texture,encoder.layer1.1.relu,FST,test,sub-08,linear_predictivity,5919,149,0.0013035180088393518,"[0.003183293836791428, 0.009563423507962415, -0.008761553958504923, -0.003079051127260673, 0.005611477785208512]",,,,,
taskonomy/edge_texture,encoder.layer1.1.relu,LO1,train,sub-08,linear_predictivity,5919,79,0.00014591542628288243,,"[100000.0, 100000.0, 100000.0, 316227.7660168379, 100000.0]",0.08571367462282589,1.2183685348047564,0.913901109804419,0.9967132449165558
taskonomy/edge_texture,encoder.layer1.1.relu,LO1,test,sub-08,linear_predictivity,5919,79,-0.03668315954324358,"[-0.04049472588162205, -0.047288545665456615, -0.03304664255823822, -0.018905420540238152, -0.04368046307066287]",,,,,
taskonomy/edge_texture,encoder.layer1.1.relu,LO2,train,sub-08,linear_predictivity,5919,83,0.043175906636064215,,"[31622.776601683796, 10000.0, 10000.0, 31622.776601683796, 31622.776601683796]",0.3363187089257766,1.1483654432010462,0.6641915691545878,0.953150786248167
taskonomy/edge_texture,encoder.layer1.1.relu,LO2,test,sub-08,linear_predictivity,5919,83,0.09653412228806235,"[0.0969291353441054, 0.09234156452190474, 0.1000430355469106, 0.09316625073756522, 0.1001906252898258]",,,,,
taskonomy/edge_texture,encoder.layer1.1.relu,LO3,train,sub-08,linear_predictivity,5919,125,0.007437659262059233,,"[100000.0, 100000.0, 100000.0, 100000.0, 100000.0]",0.09904733775612448,1.2175785999027458,0.9008233045686213,0.9900052354123705
taskonomy/edge_texture,encoder.layer1.1.relu,LO3,test,sub-08,linear_predictivity,5919,125,-0.005897859268298401,"[-0.005379123422151739, -0.009397618295742658, -0.0025244206448431583, -0.0011963209124870237, -0.010991813066267425]",,,,,
taskonomy/edge_texture,encoder.layer1.1.relu,V7,train,sub-08,linear_predictivity,5919,78,0.004296805792310455,,"[100000.0, 31622.776601683796, 100000.0, 100000.0, 31622.776601683796]",0.15008309552844723,1.2220619271914468,0.8490418641658349,0.9915823603868079
taskonomy/edge_texture,encoder.layer1.1.relu,V7,test,sub-08,linear_predictivity,5919,78,-0.0025886780434799406,"[0.008128312824485309, -0.006768253252794556, 0.0010778858237632078, 0.006818899743331202, -0.022200235356184865]",,,,,
taskonomy/edge_texture,encoder.layer1.1.relu,IP0,train,sub-08,linear_predictivity,5919,151,0.0002131194014451857,,"[100000.0, 100000.0, 100000.0, 100000.0, 100000.0]",0.09403549423622093,1.231521055545067,0.9058231273810172,0.9973428191588269
taskonomy/edge_texture,encoder.layer1.1.relu,IP0,test,sub-08,linear_predictivity,5919,151,-0.008267677980467592,"[-0.009506893034773561, -0.006893119157945401, -0.0045505484731492496, -0.006547418864836166, -0.013840410371633574]",,,,,
taskonomy/edge_texture,encoder.layer1.1.relu,IP1,train,sub-08,linear_predictivity,5919,91,-0.0036320004752818796,,"[316227.7660168379, 316227.7660168379, 316227.7660168379, 316227.7660168379, 316227.7660168379]",0.035027654098615954,1.2475902149501363,0.964766400039793,1.000189693993645
taskonomy/edge_texture,encoder.layer1.1.relu,IP1,test,sub-08,linear_predictivity,5919,91,-0.008113269518100949,"[-0.010922913085733628, -0.006556247847355883, -0.007499539983149979, -0.00581611906475614, -0.009771527609509115]",,,,,
taskonomy/edge_texture,encoder.layer1.1.relu,MIP,train,sub-08,linear_predictivity,5919,291,-0.00066640936039354,,"[100000.0, 100000.0, 100000.0, 316227.7660168379, 100000.0]",0.07904789131925291,1.243615461807725,0.920762329565429,0.998427381532035
taskonomy/edge_texture,encoder.layer1.1.relu,MIP,test,sub-08,linear_predictivity,5919,291,-0.0048601073860763,"[-0.009069938532177732, -0.005334500705126703, 0.001098418098968152, -0.0005419708662260173, -0.010452544925819198]",,,,,
taskonomy/edge_texture,encoder.layer1.1.relu,VIP,train,sub-08,linear_predictivity,5919,184,-0.0028842109846182284,,"[100000.0, 316227.7660168379, 100000.0, 316227.7660168379, 100000.0]",0.06753276658919771,1.2505533438411012,0.9323078050315097,0.999216140383442
taskonomy/edge_texture,encoder.layer1.1.relu,VIP,test,sub-08,linear_predictivity,5919,184,-0.006971015179957539,"[-0.006525180688451266, -0.004182493158341229, -0.006976377582301568, -0.0036731725451928008, -0.013497851925500834]",,,,,
taskonomy/edge_texture,encoder.layer1.1.relu,LIPd,train,sub-08,linear_predictivity,5919,77,0.0009841669481788112,,"[100000.0, 100000.0, 100000.0, 100000.0, 100000.0]",0.09445343269858046,1.219113218310295,0.905366442496236,0.9954211588784002
taskonomy/edge_texture,encoder.layer1.1.relu,LIPd,test,sub-08,linear_predictivity,5919,77,-0.015671020276582997,"[-0.024912328557793878, -0.01694942927335196, -0.009160243777529144, -0.009642540859579576, -0.017690558914660422]",,,,,
taskonomy/edge_texture,encoder.layer1.1.relu,LIPv,train,sub-08,linear_predictivity,5919,251,-0.0033063852935740303,,"[316227.7660168379, 100000.0, 100000.0, 316227.7660168379, 100000.0]",0.07000601575095142,1.223975524688964,0.9295496900185147,0.999572344118983
taskonomy/edge_texture,encoder.layer1.1.relu,LIPv,test,sub-08,linear_predictivity,5919,251,-0.008293678386138993,"[-0.0033498367925658443, -0.016261247659256045, -0.0019005151692716568, -0.00101064803378643, -0.018946144275814987]",,,,,
taskonomy/edge_texture,encoder.layer1.1.relu,AIP,train,sub-08,linear_predictivity,5919,387,-0.004061709482657265,,"[316227.7660168379, 100000.0, 316227.7660168379, 316227.7660168379, 316227.7660168379]",0.04682600872404141,1.2336140114904146,0.9528990203353157,1.0009890117126612
taskonomy/edge_texture,encoder.layer1.1.relu,AIP,test,sub-08,linear_predictivity,5919,387,-0.0031683141677173094,"[-0.004143333386441083, -0.009124401731424061, 0.0019120379197275462, 0.0007783834260435659, -0.005264257066492516]",,,,,
taskonomy/edge_texture,encoder.layer1.1.relu,7Pm,train,sub-08,linear_predictivity,5919,25,-0.005902587712505732,,"[316227.7660168379, 316227.7660168379, 316227.7660168379, 1000000.0, 316227.7660168379]",0.030299930342440613,1.2587450225211003,0.9694317868957232,1.0016286931287661
taskonomy/edge_texture,encoder.layer1.1.relu,7Pm,test,sub-08,linear_predictivity,5919,25,-0.0011997635820920989,"[0.0007551658474443723, 0.00027602930783855674, -0.008171965954817187, 0.0020533810979205614, -0.0009114282088467984]",,,,,
taskonomy/edge_texture,encoder.layer1.1.relu,7PL,train,sub-08,linear_predictivity,5919,91,0.008666568749517845,,"[100000.0, 100000.0, 100000.0, 100000.0, 100000.0]",0.0972246381941627,1.2374921622189243,0.9025146199429817,0.9867413466988293
taskonomy/edge_texture,encoder.layer1.1.relu,7PL,test,sub-08,linear_predictivity,5919,91,0.015882296840187753,"[0.022148992548266567, 0.01036265476975354, 0.01699667255005384, 0.014764820922951711, 0.015138343409913118]",,,,,
taskonomy/edge_texture,encoder.layer1.1.relu,7PC,train,sub-08,linear_predictivity,5919,231,-0.00433659591740284,,"[316227.7660168379, 100000.0, 100000.0, 316227.7660168379, 316227.7660168379]",0.0579034233753436,1.238020260353534,0.9417276698765743,1.0006166221183856
taskonomy/edge_texture,encoder.layer1.1.relu,7PC,test,sub-08,linear_predictivity,5919,231,-0.0022576911293147686,"[0.001649912566552071, -0.012022039708440641, 0.00010236629957445827, 0.0008747153058705967, -0.0018934101101303264]",,,,,
taskonomy/edge_texture,encoder.layer1.1.relu,7Am,train,sub-08,linear_predictivity,5919,136,0.0004319396736769387,,"[100000.0, 100000.0, 100000.0, 100000.0, 100000.0]",0.09443976264226633,1.2450291409777965,0.9053260836607521,0.9951893465521786
taskonomy/edge_texture,encoder.layer1.1.relu,7Am,test,sub-08,linear_predictivity,5919,136,0.011758095513075127,"[0.019359360578031556, 0.0075498210952315604, 0.010445294279662, 0.015780635060520333, 0.005655366551930191]",,,,,
taskonomy/edge_texture,encoder.layer1.1.relu,7AL,train,sub-08,linear_predictivity,5919,234,-0.0008167379974003294,,"[100000.0, 100000.0, 100000.0, 100000.0, 100000.0]",0.091570969289877,1.252956002895161,0.9081971679511366,0.9965143143270081
taskonomy/edge_texture,encoder.layer1.1.relu,7AL,test,sub-08,linear_predictivity,5919,234,-0.002246457538313131,"[0.0012114629515879967, -0.002899230892680589, -0.0024460981371323743, 0.00037460154431148294, -0.0074730231576521705]",,,,,
taskonomy/edge_texture,encoder.layer1.1.relu,VVC,train,sub-08,linear_predictivity,5919,199,0.0065387338793737775,,"[100000.0, 100000.0, 100000.0, 100000.0, 100000.0]",0.09920208137762758,1.2201892267628862,0.900624614039728,0.9902601632662812
taskonomy/edge_texture,encoder.layer1.1.relu,VVC,test,sub-08,linear_predictivity,5919,199,0.008357735310219433,"[0.0034157791536986093, 0.006647267508576731, 0.008568293718870508, 0.0153470954924518, 0.007810240677499519]",,,,,
taskonomy/edge_texture,encoder.layer1.1.relu,VMV2,train,sub-08,linear_predictivity,5919,94,-0.0022604340551174665,,"[100000.0, 316227.7660168379, 100000.0, 100000.0, 100000.0]",0.08031494938206084,1.2263771816864986,0.9194066919196093,0.9982298127089851
taskonomy/edge_texture,encoder.layer1.1.relu,VMV2,test,sub-08,linear_predictivity,5919,94,0.0002356640679517321,"[0.0015919952159779067, -0.006052225540258095, -0.0014679493508159393, -0.0021753588943052593, 0.009281858909160048]",,,,,
taskonomy/edge_texture,encoder.layer1.1.relu,VMV3,train,sub-08,linear_predictivity,5919,107,0.002677995860874085,,"[100000.0, 100000.0, 100000.0, 100000.0, 100000.0]",0.09317390410204682,1.2307807870456924,0.906741022826778,0.9954578502781593
taskonomy/edge_texture,encoder.layer1.1.relu,VMV3,test,sub-08,linear_predictivity,5919,107,-0.011739388013965386,"[-0.008576775921693975, -0.011021033956346822, -0.02086590151143267, -0.00923997750944469, -0.008993251170908774]",,,,,
taskonomy/edge_texture,encoder.layer1.1.relu,VMV1,train,sub-08,linear_predictivity,5919,44,0.002199607919993163,,"[316227.7660168379, 100000.0, 100000.0, 100000.0, 100000.0]",0.08398496238319697,1.24075944831805,0.9158392800536511,0.9950751461261239
taskonomy/edge_texture,encoder.layer1.1.relu,VMV1,test,sub-08,linear_predictivity,5919,44,0.01706020576248776,"[0.012329719691352613, 0.017757711402533224, 0.01388368129591034, 0.019775031659430595, 0.02155488476321203]",,,,,
taskonomy/edge_texture,encoder.layer1.1.relu,PHA2,train,sub-08,linear_predictivity,5919,13,-0.0009330705620377133,,"[100000.0, 100000.0, 100000.0, 100000.0, 316227.7660168379]",0.08117218340452029,1.2208813802986989,0.9189573995415863,0.9976853791721911
taskonomy/edge_texture,encoder.layer1.1.relu,PHA2,test,sub-08,linear_predictivity,5919,13,0.02245296172767373,"[0.0267624026196965, 0.01593039307514936, 0.03570088634337108, 0.029138804940049022, 0.004732321660102674]",,,,,
taskonomy/edge_texture,encoder.layer1.1.relu,PHA3,train,sub-08,linear_predictivity,5919,55,0.016101842216164463,,"[31622.776601683796, 31622.776601683796, 31622.776601683796, 31622.776601683796, 31622.776601683796]",0.22008655459853457,1.2166786259253182,0.7797212775356231,0.9799169819727453
taskonomy/edge_texture,encoder.layer1.1.relu,PHA3,test,sub-08,linear_predictivity,5919,55,-0.01323923677297249,"[0.00013222797462586678, -0.028617060558544138, -0.01724133495561144, -0.009164886120978702, -0.011305130204354039]",,,,,
taskonomy/edge_texture,encoder.layer1.1.relu,PH,train,sub-08,linear_predictivity,5919,350,0.026286484316441643,,"[31622.776601683796, 31622.776601683796, 31622.776601683796, 31622.776601683796, 31622.776601683796]",0.2392290954182778,1.1878406255302625,0.7605662127301727,0.9695073925513296
taskonomy/edge_texture,encoder.layer1.1.relu,PH,test,sub-08,linear_predictivity,5919,350,0.010252233964104638,"[0.00936918941361115, 0.011231928027902393, 0.012082052708860005, 0.0060791713129880725, 0.012498828357161564]",,,,,
taskonomy/edge_texture,encoder.layer1.2.relu,V1,train,sub-08,linear_predictivity,5919,560,0.07514666081872476,,"[31622.776601683796, 31622.776601683796, 31622.776601683796, 31622.776601683796, 31622.776601683796]",0.28166673239522033,1.13816870239182,0.7181610752468368,0.9214918017284244
taskonomy/edge_texture,encoder.layer1.2.relu,V1,test,sub-08,linear_predictivity,5919,560,0.09182382230083623,"[0.08436109023894618, 0.10230584592568895, 0.09461564614811008, 0.08835618528854619, 0.08948034390288974]",,,,,
taskonomy/edge_texture,encoder.layer1.2.relu,V2,train,sub-08,linear_predictivity,5919,482,0.04323014535750763,,"[31622.776601683796, 31622.776601683796, 31622.776601683796, 31622.776601683796, 31622.776601683796]",0.25312461799069835,1.16517103702745,0.7466958195974103,0.9533873409837768
taskonomy/edge_texture,encoder.layer1.2.relu,V2,test,sub-08,linear_predictivity,5919,482,0.04408603548894487,"[0.04127609073338131, 0.04805332150067409, 0.048522834870824656, 0.04184748808688749, 0.040730442252956835]",,,,,
taskonomy/edge_texture,encoder.layer1.2.relu,V3,train,sub-08,linear_predictivity,5919,458,0.017400424562576868,,"[31622.776601683796, 31622.776601683796, 31622.776601683796, 31622.776601683796, 31622.776601683796]",0.23438129733953988,1.1867630374835205,0.765461097487029,0.979423838708216
taskonomy/edge_texture,encoder.layer1.2.relu,V3,test,sub-08,linear_predictivity,5919,458,0.011869518458137033,"[0.012096073202537824, 0.014523766012639681, 0.018931290060226626, 0.007971903705172263, 0.005824559310108766]",,,,,
taskonomy/edge_texture,encoder.layer1.2.relu,V4,train,sub-08,linear_predictivity,5919,604,0.010700146253736395,,"[31622.776601683796, 31622.776601683796, 31622.776601683796, 31622.776601683796, 31622.776601683796]",0.2248778389577331,1.2062101372035994,0.7749847183164578,0.9865223393432574
taskonomy/edge_texture,encoder.layer1.2.relu,V4,test,sub-08,linear_predictivity,5919,604,-0.01452589115895162,"[-0.014130982817358344, -0.015192071142988315, -0.010786961231114481, -0.016226875248647854, -0.016292565354649118]",,,,,
taskonomy/edge_texture,encoder.layer1.2.relu,V3A,train,sub-08,linear_predictivity,5919,226,-0.0004255679092979093,,"[100000.0, 100000.0, 100000.0, 100000.0, 100000.0]",0.09220577966083202,1.221439326201367,0.9075877862404285,0.9968070758025851
taskonomy/edge_texture,encoder.layer1.2.relu,V3A,test,sub-08,linear_predictivity,5919,226,0.01414157345461648,"[0.013516295538863533, 0.015644570032551423, 0.016193449754326673, 0.01652916788250587, 0.008824384064834889]",,,,,
taskonomy/edge_texture,encoder.layer1.2.relu,V3B,train,sub-08,linear_predictivity,5919,147,0.007662912634852662,,"[100000.0, 100000.0, 100000.0, 100000.0, 100000.0]",0.09878328632691435,1.2221667219146146,0.9010590965748884,0.9897329228903379
taskonomy/edge_texture,encoder.layer1.2.relu,V3B,test,sub-08,linear_predictivity,5919,147,-0.005408699569025396,"[-0.01071670079351861, -0.0011765951196908908, -0.0038372191553184827, -0.0013935998841106332, -0.009919382892488362]",,,,,
taskonomy/edge_texture,encoder.layer1.2.relu,V6,train,sub-08,linear_predictivity,5919,105,-0.0018762418220842185,,"[316227.7660168379, 316227.7660168379, 100000.0, 100000.0, 316227.7660168379]",0.061385976466046197,1.2212401351203126,0.9385397601553823,0.9983597696126173
taskonomy/edge_texture,encoder.layer1.2.relu,V6,test,sub-08,linear_predictivity,5919,105,0.025486132276092345,"[0.023330236686480637, 0.019417025121350903, 0.029512948928007692, 0.0321449314282328, 0.023025519216389703]",,,,,
taskonomy/edge_texture,encoder.layer1.2.relu,V6A,train,sub-08,linear_predictivity,5919,84,0.0045332963152953255,,"[100000.0, 100000.0, 100000.0, 100000.0, 100000.0]",0.10067125040972891,1.2149985024219279,0.8990590818855159,0.9908278727603056
taskonomy/edge_texture,encoder.layer1.2.relu,V6A,test,sub-08,linear_predictivity,5919,84,0.022871161552268045,"[0.03052722241232409, 0.021256519260088296, 0.023597541807287802, 0.02516403730171877, 0.01381048697992126]",,,,,
taskonomy/edge_texture,encoder.layer1.2.relu,V7,train,sub-08,linear_predictivity,5919,78,0.008735541929418944,,"[31622.776601683796, 31622.776601683796, 31622.776601683796, 31622.776601683796, 31622.776601683796]",0.22437026620330588,1.2081321027777379,0.775466551495244,0.9870105016734619
taskonomy/edge_texture,encoder.layer1.2.relu,V7,test,sub-08,linear_predictivity,5919,78,-0.03108084776680472,"[-0.028667131815253342, -0.02916110240955533, -0.03341409038508957, -0.022114754799283858, -0.042047159424841496]",,,,,
taskonomy/edge_texture,encoder.layer1.2.relu,V8,train,sub-08,linear_predictivity,5919,112,0.01999085757855004,,"[31622.776601683796, 31622.776601683796, 31622.776601683796, 31622.776601683796, 100000.0]",0.20722213732913528,1.201040475518513,0.7924261474118944,0.9778867923585304
taskonomy/edge_texture,encoder.layer1.2.relu,V8,test,sub-08,linear_predictivity,5919,112,0.005950349521910836,"[-0.0030543911577394006, 0.011989132797168456, 0.007043415661384311, -0.0009222507258199641, 0.014695841034560776]",,,,,
taskonomy/edge_texture,encoder.layer1.2.relu,FFC,train,sub-08,linear_predictivity,5919,275,0.02457228731829823,,"[31622.776601683796, 31622.776601683796, 31622.776601683796, 31622.776601683796, 31622.776601683796]",0.23867908088479214,1.174615155487793,0.7611055193761233,0.9713472277342845
taskonomy/edge_texture,encoder.layer1.2.relu,FFC,test,sub-08,linear_predictivity,5919,275,0.01625009700561251,"[0.01605754218471172, 0.01711609736300368, 0.01590540222620824, 0.010371688734806477, 0.02179975451933244]",,,,,
taskonomy/edge_texture,encoder.layer1.2.relu,PIT,train,sub-08,linear_predictivity,5919,117,0.012910629757086536,,"[31622.776601683796, 31622.776601683796, 31622.776601683796, 31622.776601683796, 31622.776601683796]",0.22567398509861278,1.1940676925228069,0.7741574525722881,0.9841060425188154
taskonomy/edge_texture,encoder.layer1.2.relu,PIT,test,sub-08,linear_predictivity,5919,117,0.009028713792001711,"[0.01013730248620819, 0.0027379676029441143, 0.016091525145247237, 0.006323741466348814, 0.009853032259260198]",,,,,
taskonomy/edge_texture,encoder.layer1.2.relu,IPS1,train,sub-08,linear_predictivity,5919,219,0.0034300262408023356,,"[100000.0, 100000.0, 100000.0, 100000.0, 100000.0]",0.09409935917831944,1.2300307645818802,0.9057144001667246,0.9930614656456669
taskonomy/edge_texture,encoder.layer1.2.relu,IPS1,test,sub-08,linear_predictivity,5919,219,-0.012149994219929277,"[-0.013292989123183005, -0.012228697030229803, -0.009076818690646202, -0.00978176998579696, -0.01636969626979041]",,,,,
taskonomy/edge_texture,encoder.layer1.2.relu,MST,train,sub-08,linear_predictivity,5919,140,0.01406425089930742,,"[100000.0, 31622.776601683796, 31622.776601683796, 100000.0, 100000.0]",0.15793468862015878,1.209489655758823,0.8421829929070703,0.9836981206189218
taskonomy/edge_texture,encoder.layer1.2.relu,MST,test,sub-08,linear_predictivity,5919,140,0.003094465584583187,"[0.011547545548415826, -0.0001609523932969933, -0.01984289442470442, 0.012153636034459054, 0.011774993158042469]",,,,,
taskonomy/edge_texture,encoder.layer1.2.relu,MT,train,sub-08,linear_predictivity,5919,99,0.011531624334894689,,"[100000.0, 31622.776601683796, 100000.0, 100000.0, 100000.0]",0.13068249738013443,1.2030732347631943,0.8689372688837288,0.9846493062797584
taskonomy/edge_texture,encoder.layer1.2.relu,MT,test,sub-08,linear_predictivity,5919,99,0.005529143633376224,"[0.010512152498890166, -0.006115696364087876, 0.00978943815897557, 0.008145169684043918, 0.0053146541890593405]",,,,,
taskonomy/edge_texture,encoder.layer1.2.relu,FST,train,sub-08,linear_predictivity,5919,149,0.01814733099579297,,"[31622.776601683796, 31622.776601683796, 31622.776601683796, 31622.776601683796, 31622.776601683796]",0.23701650521895398,1.1878831298549772,0.7628308990799477,0.9786151573841562
taskonomy/edge_texture,encoder.layer1.2.relu,FST,test,sub-08,linear_predictivity,5919,149,-0.007268265759379266,"[-0.010624739654654198, 0.001902765346780809, -0.02142571206843545, -0.007071075425029206, 0.0008774330044417104]",,,,,
taskonomy/edge_texture,encoder.layer1.2.relu,LO1,train,sub-08,linear_predictivity,5919,79,0.0009638728163366301,,"[100000.0, 100000.0, 100000.0, 316227.7660168379, 100000.0]",0.08481965739124624,1.2330000539138577,0.9147958994606483,0.9958234572980185
taskonomy/edge_texture,encoder.layer1.2.relu,LO1,test,sub-08,linear_predictivity,5919,79,-0.02877145076272649,"[-0.03397258219734791, -0.035475388396965284, -0.02555217803249733, -0.01648492276150255, -0.032372182425319376]",,,,,
taskonomy/edge_texture,encoder.layer1.2.relu,LO2,train,sub-08,linear_predictivity,5919,83,0.03545369234716525,,"[31622.776601683796, 10000.0, 10000.0, 31622.776601683796, 31622.776601683796]",0.331196255181294,1.1392400845334627,0.6693010965108727,0.9606267710617574
taskonomy/edge_texture,encoder.layer1.2.relu,LO2,test,sub-08,linear_predictivity,5919,83,0.08995621867692742,"[0.09268812192565937, 0.08802043814163535, 0.0773378538966286, 0.08900233192793999, 0.10273234749277382]",,,,,
taskonomy/edge_texture,encoder.layer1.2.relu,LO3,train,sub-08,linear_predictivity,5919,125,0.008124753409007613,,"[100000.0, 100000.0, 100000.0, 100000.0, 100000.0]",0.09747531549717944,1.2327528280192492,0.9023870866444266,0.9892015629632953
taskonomy/edge_texture,encoder.layer1.2.relu,LO3,test,sub-08,linear_predictivity,5919,125,-0.0007019098639005674,"[-0.001450502582569423, -0.0013811052468149692, 0.0005106570931799359, 0.0024668198013977367, -0.0036554183846961175]",,,,,
taskonomy/edge_texture,encoder.layer1.2.relu,V7,train,sub-08,linear_predictivity,5919,78,0.008735541929418944,,"[31622.776601683796, 31622.776601683796, 31622.776601683796, 31622.776601683796, 31622.776601683796]",0.22437026620330588,1.2081321027777379,0.775466551495244,0.9870105016734619
taskonomy/edge_texture,encoder.layer1.2.relu,V7,test,sub-08,linear_predictivity,5919,78,-0.03108084776680472,"[-0.028667131815253342, -0.02916110240955533, -0.03341409038508957, -0.022114754799283858, -0.042047159424841496]",,,,,
taskonomy/edge_texture,encoder.layer1.2.relu,IP0,train,sub-08,linear_predictivity,5919,151,-0.0010593720939234444,,"[100000.0, 100000.0, 100000.0, 316227.7660168379, 100000.0]",0.08137870046537715,1.2310124218305856,0.9186355095246572,0.998587542090544
taskonomy/edge_texture,encoder.layer1.2.relu,IP0,test,sub-08,linear_predictivity,5919,151,-0.0015893259812839327,"[-0.0065228107262050375, -0.0002574582301819507, 0.0017610056331353856, 0.0006123193703720405, -0.003539685953540101]",,,,,
taskonomy/edge_texture,encoder.layer1.2.relu,IP1,train,sub-08,linear_predictivity,5919,91,-0.0037880631235329408,,"[316227.7660168379, 316227.7660168379, 316227.7660168379, 316227.7660168379, 316227.7660168379]",0.03461545454717456,1.222668448138071,0.9651788775098111,1.000338929128784
taskonomy/edge_texture,encoder.layer1.2.relu,IP1,test,sub-08,linear_predictivity,5919,91,-0.007897186910976246,"[-0.012131791485581519, -0.003964097452719567, -0.008234624888612844, -0.006626398686333275, -0.008529022041634027]",,,,,
taskonomy/edge_texture,encoder.layer1.2.relu,MIP,train,sub-08,linear_predictivity,5919,291,0.0006234634794267307,,"[100000.0, 100000.0, 100000.0, 100000.0, 100000.0]",0.08956377772037223,1.233781061109991,0.9103042302371545,0.9970366824505538
taskonomy/edge_texture,encoder.layer1.2.relu,MIP,test,sub-08,linear_predictivity,5919,291,-0.006872457241958623,"[-0.012070361747440176, -0.004356271948938222, 0.0006631613485716379, -0.007277413169764986, -0.011321400692221366]",,,,,
taskonomy/edge_texture,encoder.layer1.2.relu,VIP,train,sub-08,linear_predictivity,5919,184,-0.0036696908162077396,,"[100000.0, 316227.7660168379, 100000.0, 316227.7660168379, 100000.0]",0.06686741242359354,1.251517128197898,0.9329703909678511,0.9999636054709663
taskonomy/edge_texture,encoder.layer1.2.relu,VIP,test,sub-08,linear_predictivity,5919,184,-0.007438116801379467,"[-0.007543524606990863, -0.0027214167393776975, -0.009106344354574646, -0.005194029433145719, -0.012625268872808406]",,,,,
taskonomy/edge_texture,encoder.layer1.2.relu,LIPd,train,sub-08,linear_predictivity,5919,77,0.0003215595701406943,,"[100000.0, 100000.0, 100000.0, 100000.0, 100000.0]",0.0939417017031147,1.2102194332569631,0.905870477069082,0.9959770796934763
taskonomy/edge_texture,encoder.layer1.2.relu,LIPd,test,sub-08,linear_predictivity,5919,77,-0.007753165960285172,"[-0.01737053044006802, -0.005693007692558908, -0.0040358440025992, -0.004007117138262472, -0.007659330527937264]",,,,,
taskonomy/edge_texture,encoder.layer1.2.relu,LIPv,train,sub-08,linear_predictivity,5919,251,-0.0031026406380391235,,"[316227.7660168379, 100000.0, 316227.7660168379, 316227.7660168379, 316227.7660168379]",0.04692714727020381,1.2269327335433793,0.952681565084181,0.9993314022843238
taskonomy/edge_texture,encoder.layer1.2.relu,LIPv,test,sub-08,linear_predictivity,5919,251,-0.004580698081751174,"[-0.003182347968693993, -0.012928718699688337, -0.0007920466498940635, -0.001848997270664384, -0.004151379819815089]",,,,,
taskonomy/edge_texture,encoder.layer1.2.relu,AIP,train,sub-08,linear_predictivity,5919,387,-0.004310670006449003,,"[316227.7660168379, 100000.0, 316227.7660168379, 316227.7660168379, 316227.7660168379]",0.046387197210063486,1.2210998569714884,0.9533352848744207,1.0011934297604637
taskonomy/edge_texture,encoder.layer1.2.relu,AIP,test,sub-08,linear_predictivity,5919,387,-0.002488967690459815,"[-0.0023780929036340114, -0.007040338872388513, 0.0011441810593566372, -0.0007683144122835793, -0.0034022733233496074]",,,,,
taskonomy/edge_texture,encoder.layer1.2.relu,7Pm,train,sub-08,linear_predictivity,5919,25,-0.00485690892375761,,"[316227.7660168379, 316227.7660168379, 316227.7660168379, 1000000.0, 316227.7660168379]",0.030995613312110055,1.2070532547304038,0.9687366992670869,1.0005879826006248
taskonomy/edge_texture,encoder.layer1.2.relu,7Pm,test,sub-08,linear_predictivity,5919,25,-0.0013949223054965144,"[-0.0017536121858744336, 0.0012385644578439114, -0.008763425942944587, 0.0013479488080977563, 0.0009559133353947802]",,,,,
taskonomy/edge_texture,encoder.layer1.2.relu,7PL,train,sub-08,linear_predictivity,5919,91,0.008342777477007257,,"[100000.0, 100000.0, 100000.0, 100000.0, 100000.0]",0.09664296731754028,1.2278710114765667,0.9030957429252711,0.9870785819573236
taskonomy/edge_texture,encoder.layer1.2.relu,7PL,test,sub-08,linear_predictivity,5919,91,0.014311322677355612,"[0.020587253168957362, 0.01133313096029401, 0.015267679875882546, 0.010949296161264752, 0.013419253220379387]",,,,,
taskonomy/edge_texture,encoder.layer1.2.relu,7PC,train,sub-08,linear_predictivity,5919,231,-0.0043753331130225335,,"[316227.7660168379, 100000.0, 100000.0, 316227.7660168379, 316227.7660168379]",0.05730859091293561,1.2242494185208141,0.9423208764713813,1.0006510182282269
taskonomy/edge_texture,encoder.layer1.2.relu,7PC,test,sub-08,linear_predictivity,5919,231,-0.004092879305012691,"[0.0003728755499627471, -0.011348799572595235, -0.007514749894842515, -0.00014789670762877755, -0.001825825899959676]",,,,,
taskonomy/edge_texture,encoder.layer1.2.relu,7Am,train,sub-08,linear_predictivity,5919,136,0.00018301465477939702,,"[100000.0, 100000.0, 100000.0, 100000.0, 100000.0]",0.09370509688639268,1.235009265877092,0.9060577936076666,0.9954028675512918
taskonomy/edge_texture,encoder.layer1.2.relu,7Am,test,sub-08,linear_predictivity,5919,136,0.015604842549322267,"[0.018984618921740946, 0.013846486443813115, 0.014729563698458778, 0.016519724904032456, 0.013943818778566035]",,,,,
taskonomy/edge_texture,encoder.layer1.2.relu,7AL,train,sub-08,linear_predictivity,5919,234,-0.0031288734825471146,,"[100000.0, 316227.7660168379, 100000.0, 316227.7660168379, 100000.0]",0.06810312725898339,1.2452686587488166,0.9315881114510729,0.9988858649712598
taskonomy/edge_texture,encoder.layer1.2.relu,7AL,test,sub-08,linear_predictivity,5919,234,0.0010897351833086067,"[0.0010888684069511282, 0.005197218546809249, -0.0015888505556028863, 0.003024895783986732, -0.0022734562656011887]",,,,,
taskonomy/edge_texture,encoder.layer1.2.relu,VVC,train,sub-08,linear_predictivity,5919,199,0.006210030099497113,,"[100000.0, 100000.0, 100000.0, 100000.0, 100000.0]",0.09891735086510174,1.2143371372682594,0.9009045776480225,0.9905333339129602
taskonomy/edge_texture,encoder.layer1.2.relu,VVC,test,sub-08,linear_predictivity,5919,199,0.012262699936895109,"[0.005334969008374394, 0.01467952497083493, 0.011796290709586946, 0.016689106819529755, 0.01281360817614952]",,,,,
taskonomy/edge_texture,encoder.layer1.2.relu,VMV2,train,sub-08,linear_predictivity,5919,94,-0.000173089363611281,,"[100000.0, 100000.0, 100000.0, 100000.0, 100000.0]",0.09154616155631094,1.2037533835761063,0.9082326292787151,0.9961103849208104
taskonomy/edge_texture,encoder.layer1.2.relu,VMV2,test,sub-08,linear_predictivity,5919,94,-0.0034302989380134694,"[-0.002167072001474443, -0.003996155142833423, -0.00260140704633538, -0.008657258905871393, 0.0002703984064472922]",,,,,
taskonomy/edge_texture,encoder.layer1.2.relu,VMV3,train,sub-08,linear_predictivity,5919,107,0.0015406968732359781,,"[100000.0, 100000.0, 31622.776601683796, 100000.0, 100000.0]",0.11731091171720857,1.2130278202874318,0.8825430900486229,0.9965236810900044
taskonomy/edge_texture,encoder.layer1.2.relu,VMV3,test,sub-08,linear_predictivity,5919,107,-0.016468924477511155,"[-0.014276685136707469, -0.008617728706821483, -0.03462416481877016, -0.012240102538933697, -0.012585941186322959]",,,,,
taskonomy/edge_texture,encoder.layer1.2.relu,VMV1,train,sub-08,linear_predictivity,5919,44,0.0028717996786853215,,"[316227.7660168379, 100000.0, 100000.0, 100000.0, 100000.0]",0.08382909137906105,1.2207851298720072,0.9159964107966319,0.994447819276932
taskonomy/edge_texture,encoder.layer1.2.relu,VMV1,test,sub-08,linear_predictivity,5919,44,0.01236386141863877,"[0.010982550802920004, 0.010593860446392255, 0.009465359358666502, 0.013077231982592806, 0.01770030450262228]",,,,,
taskonomy/edge_texture,encoder.layer1.2.relu,PHA2,train,sub-08,linear_predictivity,5919,13,-0.0016949563599729278,,"[100000.0, 100000.0, 100000.0, 100000.0, 316227.7660168379]",0.08043135099774128,1.233060043911284,0.9196888430412024,0.9984113912169217
taskonomy/edge_texture,encoder.layer1.2.relu,PHA2,test,sub-08,linear_predictivity,5919,13,0.021017810935260478,"[0.026254375498674685, 0.018138937325495628, 0.03640537517337591, 0.020594311551037133, 0.0036960551277190378]",,,,,
taskonomy/edge_texture,encoder.layer1.2.relu,PHA3,train,sub-08,linear_predictivity,5919,55,0.012838130632604423,,"[31622.776601683796, 31622.776601683796, 31622.776601683796, 31622.776601683796, 31622.776601683796]",0.2188812064162627,1.2117886846314212,0.7809274157191796,0.983098852070658
taskonomy/edge_texture,encoder.layer1.2.relu,PHA3,test,sub-08,linear_predictivity,5919,55,-0.017201870706519237,"[-0.002513616046649765, -0.026579050731279842, -0.019799319073828092, -0.01915768570419467, -0.017959681976643816]",,,,,
taskonomy/edge_texture,encoder.layer1.2.relu,PH,train,sub-08,linear_predictivity,5919,350,0.023060693310470063,,"[31622.776601683796, 31622.776601683796, 31622.776601683796, 31622.776601683796, 31622.776601683796]",0.23575679654773482,1.1837110295728073,0.7640342321055662,0.9726388673725346
taskonomy/edge_texture,encoder.layer1.2.relu,PH,test,sub-08,linear_predictivity,5919,350,0.005019899313129799,"[0.0035843278401672413, 0.006706410800666503, 0.0046760721936157075, 0.000289776590279406, 0.009842909140920142]",,,,,
taskonomy/edge_texture,encoder.layer2.0.relu,V1,train,sub-08,linear_predictivity,5919,560,0.07423386820584868,,"[31622.776601683796, 31622.776601683796, 31622.776601683796, 31622.776601683796, 31622.776601683796]",0.264448654633325,1.1482343270847433,0.7353647536982613,0.9222043489346505
taskonomy/edge_texture,encoder.layer2.0.relu,V1,test,sub-08,linear_predictivity,5919,560,0.10289891836740031,"[0.10230333418303572, 0.10840387218452047, 0.1028133608016269, 0.10261434184910315, 0.09835968281871532]",,,,,
taskonomy/edge_texture,encoder.layer2.0.relu,V2,train,sub-08,linear_predictivity,5919,482,0.047370396049831384,,"[31622.776601683796, 31622.776601683796, 31622.776601683796, 31622.776601683796, 31622.776601683796]",0.23955482614339263,1.1714924759716374,0.7602644549483003,0.9491793710408848
taskonomy/edge_texture,encoder.layer2.0.relu,V2,test,sub-08,linear_predictivity,5919,482,0.05492830637786705,"[0.052886939004479015, 0.06005686205479637, 0.055679958929324085, 0.054976234691991026, 0.05104153720874475]",,,,,
taskonomy/edge_texture,encoder.layer2.0.relu,V3,train,sub-08,linear_predictivity,5919,458,0.01637397593764989,,"[31622.776601683796, 31622.776601683796, 31622.776601683796, 31622.776601683796, 31622.776601683796]",0.21709090229150108,1.2052692611839175,0.7827441197166876,0.9804386959089232
taskonomy/edge_texture,encoder.layer2.0.relu,V3,test,sub-08,linear_predictivity,5919,458,0.02095733324470473,"[0.020987370691106122, 0.0233007920850483, 0.020373960150411673, 0.024713444460353663, 0.0154110988366039]",,,,,
taskonomy/edge_texture,encoder.layer2.0.relu,V4,train,sub-08,linear_predictivity,5919,604,0.010157823430759525,,"[100000.0, 100000.0, 31622.776601683796, 100000.0, 31622.776601683796]",0.14169656706580003,1.2104359934890936,0.8581726213828343,0.9871675613020716
taskonomy/edge_texture,encoder.layer2.0.relu,V4,test,sub-08,linear_predictivity,5919,604,-0.012861407217287462,"[-0.011756959441812818, -0.012972915536633971, -0.019928111720271667, -0.005408785885560203, -0.014240263502158651]",,,,,
taskonomy/edge_texture,encoder.layer2.0.relu,V3A,train,sub-08,linear_predictivity,5919,226,-0.003242630720730271,,"[316227.7660168379, 100000.0, 100000.0, 100000.0, 100000.0]",0.07538985404044697,1.238192850749451,0.9243713689092339,0.9996620221523063
taskonomy/edge_texture,encoder.layer2.0.relu,V3A,test,sub-08,linear_predictivity,5919,226,0.009950439178237932,"[0.006565834892812535, 0.012325538334429505, 0.010977604105605155, 0.01457226325398095, 0.005310955304361505]",,,,,
taskonomy/edge_texture,encoder.layer2.0.relu,V3B,train,sub-08,linear_predictivity,5919,147,0.00584453786025814,,"[100000.0, 100000.0, 100000.0, 100000.0, 100000.0]",0.0917878323624669,1.2126552422048147,0.9080523605064943,0.9915285492921413
taskonomy/edge_texture,encoder.layer2.0.relu,V3B,test,sub-08,linear_predictivity,5919,147,-0.009109278217001525,"[-0.022873692522618946, -0.0048866992012736475, -0.008925472500894985, 0.0008896337050766992, -0.00975016056529675]",,,,,
taskonomy/edge_texture,encoder.layer2.0.relu,V6,train,sub-08,linear_predictivity,5919,105,-0.0018578914224382135,,"[316227.7660168379, 316227.7660168379, 100000.0, 316227.7660168379, 316227.7660168379]",0.04726282163213405,1.2404540741396548,0.952644390639823,0.9983392407989695
taskonomy/edge_texture,encoder.layer2.0.relu,V6,test,sub-08,linear_predictivity,5919,105,0.02757926832173301,"[0.026069714999329897, 0.023392592121771798, 0.03231112891535843, 0.028100190701262368, 0.028022714870942572]",,,,,
taskonomy/edge_texture,encoder.layer2.0.relu,V6A,train,sub-08,linear_predictivity,5919,84,0.003304501799496524,,"[100000.0, 100000.0, 100000.0, 100000.0, 100000.0]",0.09438000287280388,1.228979681896491,0.9053437180353129,0.9920457851218052
taskonomy/edge_texture,encoder.layer2.0.relu,V6A,test,sub-08,linear_predictivity,5919,84,0.01986316841838429,"[0.02547322928630725, 0.017210295826974413, 0.01719460542808398, 0.025979473133906483, 0.013458238416649324]",,,,,
taskonomy/edge_texture,encoder.layer2.0.relu,V7,train,sub-08,linear_predictivity,5919,78,0.004314572238791137,,"[100000.0, 100000.0, 100000.0, 100000.0, 100000.0]",0.09262902939896855,1.2196447522991662,0.9071487430426473,0.9916656139251774
taskonomy/edge_texture,encoder.layer2.0.relu,V7,test,sub-08,linear_predictivity,5919,78,-0.014370631429943798,"[-0.01787633207605243, -0.01669615976537625, -0.02059663490374362, -0.0011872265441070172, -0.01549680386043967]",,,,,
taskonomy/edge_texture,encoder.layer2.0.relu,V8,train,sub-08,linear_predictivity,5919,112,0.017792588482344687,,"[100000.0, 100000.0, 100000.0, 31622.776601683796, 100000.0]",0.12492231482294584,1.203776970484919,0.8751289819833363,0.980385270816609
taskonomy/edge_texture,encoder.layer2.0.relu,V8,test,sub-08,linear_predictivity,5919,112,0.0002860553320155982,"[-0.006685678599696177, 0.0048954476373129245, 0.002808883939004289, -0.005346257665728822, 0.005757881349185776]",,,,,
taskonomy/edge_texture,encoder.layer2.0.relu,FFC,train,sub-08,linear_predictivity,5919,275,0.01866354971667792,,"[31622.776601683796, 31622.776601683796, 31622.776601683796, 31622.776601683796, 31622.776601683796]",0.2186263696817959,1.1928699655443833,0.7811663851482394,0.9773676709791663
taskonomy/edge_texture,encoder.layer2.0.relu,FFC,test,sub-08,linear_predictivity,5919,275,0.012958447963835842,"[0.010303425619731105, 0.010618959694612786, 0.008961820187762945, 0.010342810965660398, 0.024565223351411977]",,,,,
taskonomy/edge_texture,encoder.layer2.0.relu,PIT,train,sub-08,linear_predictivity,5919,117,0.007516193425447084,,"[31622.776601683796, 100000.0, 100000.0, 100000.0, 100000.0]",0.11788602246344596,1.2245606114663228,0.8817835340721032,0.9897093856683028
taskonomy/edge_texture,encoder.layer2.0.relu,PIT,test,sub-08,linear_predictivity,5919,117,0.0024461441218307117,"[-0.005301049706959428, -0.0005897994568189076, 0.005157780573292567, 0.004681158136459467, 0.00828263106317986]",,,,,
taskonomy/edge_texture,encoder.layer2.0.relu,IPS1,train,sub-08,linear_predictivity,5919,219,0.0010809589974671188,,"[100000.0, 100000.0, 100000.0, 100000.0, 100000.0]",0.08690279005255382,1.2415763136076439,0.9129072571511486,0.9953860305804035
taskonomy/edge_texture,encoder.layer2.0.relu,IPS1,test,sub-08,linear_predictivity,5919,219,-0.013964989011200917,"[-0.020511195432278116, -0.012742880009855854, -0.013484705957940123, -0.008159444790937241, -0.01492671886499326]",,,,,
taskonomy/edge_texture,encoder.layer2.0.relu,MST,train,sub-08,linear_predictivity,5919,140,0.013037086153041624,,"[100000.0, 100000.0, 100000.0, 100000.0, 100000.0]",0.10068067638415715,1.2117655802783776,0.8991901409146502,0.9846713782131035
taskonomy/edge_texture,encoder.layer2.0.relu,MST,test,sub-08,linear_predictivity,5919,140,0.010842513240749667,"[0.008317491061286523, 0.013523195948366826, 0.003855769574276854, 0.013286899025816996, 0.01522921059400114]",,,,,
taskonomy/edge_texture,encoder.layer2.0.relu,MT,train,sub-08,linear_predictivity,5919,99,0.0117706718450748,,"[100000.0, 100000.0, 100000.0, 100000.0, 100000.0]",0.09931613703242721,1.203044488176102,0.9004828034847865,0.9845077377446408
taskonomy/edge_texture,encoder.layer2.0.relu,MT,test,sub-08,linear_predictivity,5919,99,0.012043639515222426,"[0.010806131238898158, 0.010554745290497512, 0.013187975076526035, 0.014869883435709958, 0.010799462534480473]",,,,,
taskonomy/edge_texture,encoder.layer2.0.relu,FST,train,sub-08,linear_predictivity,5919,149,0.012316547647822852,,"[31622.776601683796, 100000.0, 100000.0, 100000.0, 100000.0]",0.12498558391128807,1.2063939514561322,0.8747029392619213,0.9843071336079928
taskonomy/edge_texture,encoder.layer2.0.relu,FST,test,sub-08,linear_predictivity,5919,149,0.003705682728854672,"[-0.0194020995943445, 0.01086253602857859, -0.0019542321531142662, 0.01384830903386166, 0.015173900329291877]",,,,,
taskonomy/edge_texture,encoder.layer2.0.relu,LO1,train,sub-08,linear_predictivity,5919,79,-0.0009539946097354225,,"[316227.7660168379, 100000.0, 100000.0, 100000.0, 100000.0]",0.07919852827443023,1.2226588810741075,0.9207962571172772,0.9976812747992574
taskonomy/edge_texture,encoder.layer2.0.relu,LO1,test,sub-08,linear_predictivity,5919,79,-0.028901821711856807,"[-0.02964087964106469, -0.040288377189324584, -0.03128996459423141, -0.015591802449452914, -0.027698084685210435]",,,,,
taskonomy/edge_texture,encoder.layer2.0.relu,LO2,train,sub-08,linear_predictivity,5919,83,0.03354964333397216,,"[31622.776601683796, 31622.776601683796, 31622.776601683796, 31622.776601683796, 31622.776601683796]",0.23141707248875645,1.168578109989599,0.7683862004305284,0.962848156283313
taskonomy/edge_texture,encoder.layer2.0.relu,LO2,test,sub-08,linear_predictivity,5919,83,0.08712389356130187,"[0.0846573317183311, 0.08518731103727788, 0.08026880775695114, 0.08760551773339176, 0.09790049956055749]",,,,,
taskonomy/edge_texture,encoder.layer2.0.relu,LO3,train,sub-08,linear_predictivity,5919,125,0.005238681714689126,,"[100000.0, 100000.0, 100000.0, 100000.0, 100000.0]",0.09078483565550383,1.2268329897316919,0.9090850362491271,0.992325081603193
taskonomy/edge_texture,encoder.layer2.0.relu,LO3,test,sub-08,linear_predictivity,5919,125,0.0019335873430214388,"[-0.003362458338107821, 0.002062042803489316, 0.0019920051935696233, 0.009327474443978034, -0.0003511273878219576]",,,,,
taskonomy/edge_texture,encoder.layer2.0.relu,V7,train,sub-08,linear_predictivity,5919,78,0.004314572238791137,,"[100000.0, 100000.0, 100000.0, 100000.0, 100000.0]",0.09262902939896855,1.2196447522991662,0.9071487430426473,0.9916656139251774
taskonomy/edge_texture,encoder.layer2.0.relu,V7,test,sub-08,linear_predictivity,5919,78,-0.014370631429943798,"[-0.01787633207605243, -0.01669615976537625, -0.02059663490374362, -0.0011872265441070172, -0.01549680386043967]",,,,,
taskonomy/edge_texture,encoder.layer2.0.relu,IP0,train,sub-08,linear_predictivity,5919,151,-0.0018816335425777557,,"[316227.7660168379, 100000.0, 316227.7660168379, 316227.7660168379, 316227.7660168379]",0.045310479070236456,1.2272420677862863,0.9545528027112995,0.9992905996528616
taskonomy/edge_texture,encoder.layer2.0.relu,IP0,test,sub-08,linear_predictivity,5919,151,-0.0026105962056294815,"[-0.0050674324628094125, -0.007489603576804871, -0.0013950516259196516, 0.0008621091875875284, 3.699744979899825e-05]",,,,,
taskonomy/edge_texture,encoder.layer2.0.relu,IP1,train,sub-08,linear_predictivity,5919,91,-0.005447692611284423,,"[316227.7660168379, 316227.7660168379, 316227.7660168379, 1000000.0, 316227.7660168379]",0.02850795300941994,1.2484662288034225,0.9712900426062877,1.001980629541658
taskonomy/edge_texture,encoder.layer2.0.relu,IP1,test,sub-08,linear_predictivity,5919,91,-0.009497334444060437,"[-0.016415657251617737, -0.0060926299693130495, -0.01250881221641699, -0.0039273502100576185, -0.008542222572896791]",,,,,
taskonomy/edge_texture,encoder.layer2.0.relu,MIP,train,sub-08,linear_predictivity,5919,291,-0.0016666789975325561,,"[316227.7660168379, 100000.0, 316227.7660168379, 316227.7660168379, 100000.0]",0.05315658978353695,1.2456619150864832,0.9467459859515384,0.9993120752366759
taskonomy/edge_texture,encoder.layer2.0.relu,MIP,test,sub-08,linear_predictivity,5919,291,-0.006228248498426953,"[-0.007409660731369714, -0.006851488006283372, -0.0013855069364591525, -0.003016695195442238, -0.012477891622580286]",,,,,
taskonomy/edge_texture,encoder.layer2.0.relu,VIP,train,sub-08,linear_predictivity,5919,184,-0.003471688248787349,,"[316227.7660168379, 316227.7660168379, 316227.7660168379, 316227.7660168379, 100000.0]",0.042583787287008255,1.254389490241212,0.9574047474877281,0.9998293414382615
taskonomy/edge_texture,encoder.layer2.0.relu,VIP,test,sub-08,linear_predictivity,5919,184,-0.007105797796780257,"[-0.003990334782726383, -0.0037673050371788523, -0.0039531817709343685, -0.006117272733634533, -0.017700894659427147]",,,,,
taskonomy/edge_texture,encoder.layer2.0.relu,LIPd,train,sub-08,linear_predictivity,5919,77,-0.0029191659379647,,"[316227.7660168379, 100000.0, 316227.7660168379, 100000.0, 100000.0]",0.06518260581055188,1.2318849328648482,0.9347614595019851,0.9992286141134921
taskonomy/edge_texture,encoder.layer2.0.relu,LIPd,test,sub-08,linear_predictivity,5919,77,-0.006942096600060334,"[-0.008906619609018031, -0.011711823372223177, -0.0030112734071399212, -0.0032525011029790186, -0.007828265508941524]",,,,,
taskonomy/edge_texture,encoder.layer2.0.relu,LIPv,train,sub-08,linear_predictivity,5919,251,-0.0037869244012811434,,"[316227.7660168379, 100000.0, 316227.7660168379, 316227.7660168379, 316227.7660168379]",0.043589159362420596,1.2435282096623292,0.95603177666462,1.0000125750894784
taskonomy/edge_texture,encoder.layer2.0.relu,LIPv,test,sub-08,linear_predictivity,5919,251,-0.0050480173965986985,"[-0.004846430748598209, -0.013086128329792706, -0.002574390604680477, -0.0018743613284576495, -0.0028587759714644467]",,,,,
taskonomy/edge_texture,encoder.layer2.0.relu,AIP,train,sub-08,linear_predictivity,5919,387,-0.00407322247354437,,"[316227.7660168379, 100000.0, 316227.7660168379, 316227.7660168379, 316227.7660168379]",0.04360507702305237,1.2492050339277476,0.956125295888639,1.0009525831826118
taskonomy/edge_texture,encoder.layer2.0.relu,AIP,test,sub-08,linear_predictivity,5919,387,-0.003138806807890334,"[-0.002409286363193097, -0.007763561812040474, -0.0012875973061217093, -0.00012852309063106034, -0.004105065467465328]",,,,,
taskonomy/edge_texture,encoder.layer2.0.relu,7Pm,train,sub-08,linear_predictivity,5919,25,-0.004407880209937965,,"[316227.7660168379, 316227.7660168379, 316227.7660168379, 1000000.0, 316227.7660168379]",0.029359105159171544,1.245477839614777,0.9703803623399525,1.0001247458031046
taskonomy/edge_texture,encoder.layer2.0.relu,7Pm,test,sub-08,linear_predictivity,5919,25,-0.005494102210551545,"[-0.006745817643970309, -0.003419284551994721, -0.014490021555184, 0.0007640265201436547, -0.0035794138217523485]",,,,,
taskonomy/edge_texture,encoder.layer2.0.relu,7PL,train,sub-08,linear_predictivity,5919,91,0.007373223286578927,,"[100000.0, 100000.0, 100000.0, 100000.0, 100000.0]",0.09082951820411696,1.2428219775466602,0.90890544918394,0.9880145556145044
taskonomy/edge_texture,encoder.layer2.0.relu,7PL,test,sub-08,linear_predictivity,5919,91,0.007744347701867556,"[0.009297578745903421, 0.004278138465844423, 0.008369159561772636, 0.007388062564328455, 0.009388799171488845]",,,,,
taskonomy/edge_texture,encoder.layer2.0.relu,7PC,train,sub-08,linear_predictivity,5919,231,-0.0036925665112568125,,"[316227.7660168379, 316227.7660168379, 316227.7660168379, 1000000.0, 316227.7660168379]",0.028723366936578325,1.2547214044841435,0.9709627765083617,1.0000797563098185
taskonomy/edge_texture,encoder.layer2.0.relu,7PC,test,sub-08,linear_predictivity,5919,231,0.0007243569877756642,"[0.001295556364637604, 0.0006611678296829977, 0.0009201433536117952, 0.0005898600041940537, 0.00015505738675187085]",,,,,
taskonomy/edge_texture,encoder.layer2.0.relu,7Am,train,sub-08,linear_predictivity,5919,136,0.0012338585565429062,,"[100000.0, 100000.0, 100000.0, 100000.0, 100000.0]",0.08789226149616977,1.2473542755691667,0.9118685361075263,0.9943542411502737
taskonomy/edge_texture,encoder.layer2.0.relu,7Am,test,sub-08,linear_predictivity,5919,136,0.004725468219649249,"[0.009405223964717421, 0.002559621272580865, 0.0019170000147622523, 0.005804980864643687, 0.003940514981542021]",,,,,
taskonomy/edge_texture,encoder.layer2.0.relu,7AL,train,sub-08,linear_predictivity,5919,234,-0.0028647407033531237,,"[100000.0, 316227.7660168379, 100000.0, 316227.7660168379, 100000.0]",0.06319370898043011,1.260029202168648,0.9365065488742461,0.9986443299722868
taskonomy/edge_texture,encoder.layer2.0.relu,7AL,test,sub-08,linear_predictivity,5919,234,-0.0029514399709808245,"[-0.006932897178172811, 0.0032176936548372888, -0.004919287037096181, 0.004117958682596313, -0.010240667977068733]",,,,,
taskonomy/edge_texture,encoder.layer2.0.relu,VVC,train,sub-08,linear_predictivity,5919,199,0.0040647667781487954,,"[100000.0, 100000.0, 100000.0, 100000.0, 100000.0]",0.09121018660525444,1.2172439376863458,0.9086140007916951,0.9927176839850288
taskonomy/edge_texture,encoder.layer2.0.relu,VVC,test,sub-08,linear_predictivity,5919,199,0.008964168300115764,"[-0.0033401162142297682, 0.012200898650703479, 0.006253711564264518, 0.01748579391793478, 0.012220553581905814]",,,,,
taskonomy/edge_texture,encoder.layer2.0.relu,VMV2,train,sub-08,linear_predictivity,5919,94,-0.000544786586491478,,"[100000.0, 100000.0, 100000.0, 100000.0, 100000.0]",0.08609872431084135,1.2303307809015402,0.9136806526365809,0.9964917372707977
taskonomy/edge_texture,encoder.layer2.0.relu,VMV2,test,sub-08,linear_predictivity,5919,94,-0.0037318962083496277,"[-0.007972668588177927, -0.0014486048848849442, -0.002969969703558279, -0.007302022420599375, 0.0010337845554723865]",,,,,
taskonomy/edge_texture,encoder.layer2.0.relu,VMV3,train,sub-08,linear_predictivity,5919,107,0.0026419108577696135,,"[100000.0, 100000.0, 100000.0, 100000.0, 100000.0]",0.08710377947385511,1.218114634781002,0.9128071392066209,0.995475751716231
taskonomy/edge_texture,encoder.layer2.0.relu,VMV3,test,sub-08,linear_predictivity,5919,107,-0.0105950177876187,"[-0.01700975461253988, -0.005512544664837922, -0.016399469073149684, -0.005186190435152544, -0.008867130152413463]",,,,,
taskonomy/edge_texture,encoder.layer2.0.relu,VMV1,train,sub-08,linear_predictivity,5919,44,0.0031487129958097403,,"[100000.0, 100000.0, 100000.0, 100000.0, 100000.0]",0.08879194605726845,1.2317122931103976,0.9110471275034259,0.9940747872148025
taskonomy/edge_texture,encoder.layer2.0.relu,VMV1,test,sub-08,linear_predictivity,5919,44,0.012586830683998917,"[0.011356010883323399, 0.009646355045217105, 0.009452137265669201, 0.013228875746191552, 0.01925077447959333]",,,,,
taskonomy/edge_texture,encoder.layer2.0.relu,PHA2,train,sub-08,linear_predictivity,5919,13,-0.0010399256783336533,,"[100000.0, 100000.0, 100000.0, 100000.0, 316227.7660168379]",0.07602168065383637,1.242746291020612,0.9240758543643866,0.9977118814603687
taskonomy/edge_texture,encoder.layer2.0.relu,PHA2,test,sub-08,linear_predictivity,5919,13,0.017671772818338347,"[0.017211493204500924, 0.01664420645689734, 0.030025591908288737, 0.01810301930734239, 0.006374553214662344]",,,,,
taskonomy/edge_texture,encoder.layer2.0.relu,PHA3,train,sub-08,linear_predictivity,5919,55,0.007921078878592398,,"[100000.0, 100000.0, 31622.776601683796, 31622.776601683796, 100000.0]",0.13710209889299457,1.231734975366455,0.8626919616383019,0.9880163978489787
taskonomy/edge_texture,encoder.layer2.0.relu,PHA3,test,sub-08,linear_predictivity,5919,55,-0.0015636059106427657,"[0.013375829440836061, 0.01000330125696371, -0.02631243488711345, -0.01945804085400817, 0.014573315490108022]",,,,,
taskonomy/edge_texture,encoder.layer2.0.relu,PH,train,sub-08,linear_predictivity,5919,350,0.013407268505399703,,"[31622.776601683796, 31622.776601683796, 31622.776601683796, 31622.776601683796, 31622.776601683796]",0.21312476745041967,1.1983066344779822,0.7866511922972826,0.9820494565346355
taskonomy/edge_texture,encoder.layer2.0.relu,PH,test,sub-08,linear_predictivity,5919,350,-0.005374052475613826,"[-0.017212529473448483, -0.008541110458705037, -0.0057086508827563455, -0.003885552049955327, 0.00847758048679606]",,,,,
taskonomy/edge_texture,encoder.layer2.1.relu,V1,train,sub-08,linear_predictivity,5919,560,0.07480858310453418,,"[31622.776601683796, 31622.776601683796, 31622.776601683796, 31622.776601683796, 31622.776601683796]",0.2695152151752311,1.1397704392690498,0.7302963470964411,0.9216594625599607
taskonomy/edge_texture,encoder.layer2.1.relu,V1,test,sub-08,linear_predictivity,5919,560,0.10207693095610801,"[0.0973985148101797, 0.10976923546612485, 0.10380008164273158, 0.10164730957015838, 0.09776951329134552]",,,,,
taskonomy/edge_texture,encoder.layer2.1.relu,V2,train,sub-08,linear_predictivity,5919,482,0.04962705300018222,,"[31622.776601683796, 31622.776601683796, 31622.776601683796, 31622.776601683796, 31622.776601683796]",0.2458660742564837,1.1641203455503475,0.7539501692845978,0.9469229661734471
taskonomy/edge_texture,encoder.layer2.1.relu,V2,test,sub-08,linear_predictivity,5919,482,0.05615535593684008,"[0.05098584145660714, 0.06394702502319319, 0.057820964164340745, 0.05918335915484324, 0.0488395898852161]",,,,,
taskonomy/edge_texture,encoder.layer2.1.relu,V3,train,sub-08,linear_predictivity,5919,458,0.01974598471710373,,"[31622.776601683796, 31622.776601683796, 31622.776601683796, 31622.776601683796, 31622.776601683796]",0.22467959300329882,1.1910097949876888,0.7751543121946808,0.9770623792229646
taskonomy/edge_texture,encoder.layer2.1.relu,V3,test,sub-08,linear_predictivity,5919,458,0.023211661116573173,"[0.019803519949917577, 0.026418799519253182, 0.023400272254851074, 0.030104265357460126, 0.016331448501383922]",,,,,
taskonomy/edge_texture,encoder.layer2.1.relu,V4,train,sub-08,linear_predictivity,5919,604,0.012178997131500367,,"[31622.776601683796, 31622.776601683796, 31622.776601683796, 31622.776601683796, 31622.776601683796]",0.21513273702053493,1.1994033643891169,0.7847317818957171,0.9850926852739341
taskonomy/edge_texture,encoder.layer2.1.relu,V4,test,sub-08,linear_predictivity,5919,604,-0.012083743072486195,"[-0.018854757483224988, -0.012037179677720618, -0.015860888641033095, -0.0036490782776718036, -0.010016811282780473]",,,,,
taskonomy/edge_texture,encoder.layer2.1.relu,V3A,train,sub-08,linear_predictivity,5919,226,-0.0014345326525030111,,"[100000.0, 100000.0, 100000.0, 100000.0, 100000.0]",0.08789788873931699,1.2255041238700772,0.9118970722807322,0.9978344341875826
taskonomy/edge_texture,encoder.layer2.1.relu,V3A,test,sub-08,linear_predictivity,5919,226,0.012118256086177384,"[0.009682909140415117, 0.015519732173194125, 0.012505280352445386, 0.015804049102380754, 0.007079309662451545]",,,,,
taskonomy/edge_texture,encoder.layer2.1.relu,V3B,train,sub-08,linear_predictivity,5919,147,0.006625918045835045,,"[100000.0, 100000.0, 100000.0, 100000.0, 100000.0]",0.09467274333635155,1.2077581200952827,0.9051673825243292,0.9907398019837397
taskonomy/edge_texture,encoder.layer2.1.relu,V3B,test,sub-08,linear_predictivity,5919,147,-0.00723811489380354,"[-0.0237182256850181, -0.0016195326483616646, -0.007460782210341129, 0.004571054244734344, -0.00796308817003116]",,,,,
taskonomy/edge_texture,encoder.layer2.1.relu,V6,train,sub-08,linear_predictivity,5919,105,-0.0028568129456706015,,"[316227.7660168379, 316227.7660168379, 100000.0, 100000.0, 316227.7660168379]",0.05844808444512913,1.2288719532118222,0.9414649931443083,0.9992940972064084
taskonomy/edge_texture,encoder.layer2.1.relu,V6,test,sub-08,linear_predictivity,5919,105,0.028048551960347716,"[0.025082877395162434, 0.022605519561596732, 0.03135276333514308, 0.034005856833957716, 0.027195742675878626]",,,,,
taskonomy/edge_texture,encoder.layer2.1.relu,V6A,train,sub-08,linear_predictivity,5919,84,0.00408998505242875,,"[100000.0, 100000.0, 100000.0, 100000.0, 100000.0]",0.0968844300510118,1.2064729181381708,0.9028352053339581,0.9912462561872175
taskonomy/edge_texture,encoder.layer2.1.relu,V6A,test,sub-08,linear_predictivity,5919,84,0.019209636163799122,"[0.023582301415844102, 0.018682419755165554, 0.016215886224231577, 0.025413971785178246, 0.01215360163857613]",,,,,
taskonomy/edge_texture,encoder.layer2.1.relu,V7,train,sub-08,linear_predictivity,5919,78,0.0044087603594601165,,"[100000.0, 100000.0, 100000.0, 100000.0, 31622.776601683796]",0.1183243381083996,1.2107339241354926,0.8810045181514201,0.9915318407530227
taskonomy/edge_texture,encoder.layer2.1.relu,V7,test,sub-08,linear_predictivity,5919,78,-0.020528092919428587,"[-0.019833471296904565, -0.015046581154622877, -0.022198812387973808, -0.003671444406858653, -0.04189015535078302]",,,,,
taskonomy/edge_texture,encoder.layer2.1.relu,V8,train,sub-08,linear_predictivity,5919,112,0.02016706259269176,,"[100000.0, 100000.0, 100000.0, 31622.776601683796, 31622.776601683796]",0.1515490160180454,1.1969022044867494,0.8487445121367116,0.9779796820154122
taskonomy/edge_texture,encoder.layer2.1.relu,V8,test,sub-08,linear_predictivity,5919,112,0.0003751541776100903,"[-0.006731987528407097, 0.008673145237678911, 0.0021110321264763213, -0.00018314050373188784, -0.0019932784439657967]",,,,,
taskonomy/edge_texture,encoder.layer2.1.relu,FFC,train,sub-08,linear_predictivity,5919,275,0.0240435412431715,,"[31622.776601683796, 31622.776601683796, 31622.776601683796, 31622.776601683796, 31622.776601683796]",0.22732990217873375,1.1761699634163132,0.7724693636851712,0.9721285632191676
taskonomy/edge_texture,encoder.layer2.1.relu,FFC,test,sub-08,linear_predictivity,5919,275,0.018877415156213606,"[0.013397225987250452, 0.017609392394381567, 0.014721519545469984, 0.017594778107957485, 0.031064159746008544]",,,,,
taskonomy/edge_texture,encoder.layer2.1.relu,PIT,train,sub-08,linear_predictivity,5919,117,0.00996819591513205,,"[31622.776601683796, 31622.776601683796, 31622.776601683796, 100000.0, 31622.776601683796]",0.19183414179695563,1.1971194679787436,0.8081709711227731,0.9874426854760413
taskonomy/edge_texture,encoder.layer2.1.relu,PIT,test,sub-08,linear_predictivity,5919,117,0.0009140260522162186,"[-0.0037816873130975585, -0.009479785846239357, 0.003439353440605183, 0.007948468296803173, 0.006443781683009653]",,,,,
taskonomy/edge_texture,encoder.layer2.1.relu,IPS1,train,sub-08,linear_predictivity,5919,219,0.0005605619560401077,,"[100000.0, 100000.0, 100000.0, 100000.0, 100000.0]",0.08885611375068653,1.232199100136546,0.9109504934452912,0.9958698639184123
taskonomy/edge_texture,encoder.layer2.1.relu,IPS1,test,sub-08,linear_predictivity,5919,219,-0.010831553176008663,"[-0.018221895687312653, -0.008945329211589848, -0.010310118769865123, -0.005279692636654453, -0.011400729574621238]",,,,,
taskonomy/edge_texture,encoder.layer2.1.relu,MST,train,sub-08,linear_predictivity,5919,140,0.01150173136136415,,"[100000.0, 100000.0, 31622.776601683796, 100000.0, 100000.0]",0.12635474730961244,1.2038619531132917,0.8738193491880825,0.9863072035001561
taskonomy/edge_texture,encoder.layer2.1.relu,MST,test,sub-08,linear_predictivity,5919,140,0.008182548678672116,"[0.008482017044208215, 0.014745139907405589, -0.012313709279175135, 0.013235062969298649, 0.016764232751623264]",,,,,
taskonomy/edge_texture,encoder.layer2.1.relu,MT,train,sub-08,linear_predictivity,5919,99,0.011787978511602987,,"[100000.0, 100000.0, 100000.0, 100000.0, 100000.0]",0.10138671315906445,1.1927415463687172,0.8984190990961718,0.9845171648486254
taskonomy/edge_texture,encoder.layer2.1.relu,MT,test,sub-08,linear_predictivity,5919,99,0.014265734808212225,"[0.011522075081708138, 0.01268079882798775, 0.016367300122517886, 0.01731691723686902, 0.013441582771978327]",,,,,
taskonomy/edge_texture,encoder.layer2.1.relu,FST,train,sub-08,linear_predictivity,5919,149,0.012860576207830229,,"[31622.776601683796, 100000.0, 31622.776601683796, 31622.776601683796, 100000.0]",0.1760789563704398,1.1960802122469147,0.8239105616813391,0.9837733726855804
taskonomy/edge_texture,encoder.layer2.1.relu,FST,test,sub-08,linear_predictivity,5919,149,0.0015816080070323781,"[-0.015792696016279084, 0.014482159356984919, -0.011438416567986184, 0.0010055180897791496, 0.01965147517266309]",,,,,
taskonomy/edge_texture,encoder.layer2.1.relu,LO1,train,sub-08,linear_predictivity,5919,79,-0.001956748042816718,,"[316227.7660168379, 100000.0, 100000.0, 100000.0, 100000.0]",0.08077843266470741,1.2134117470275068,0.9192210688180651,0.9986796563374435
taskonomy/edge_texture,encoder.layer2.1.relu,LO1,test,sub-08,linear_predictivity,5919,79,-0.022657829648121235,"[-0.027708246387241304, -0.03270454142376572, -0.023699091569184098, -0.008500844171087877, -0.02067642468932719]",,,,,
taskonomy/edge_texture,encoder.layer2.1.relu,LO2,train,sub-08,linear_predictivity,5919,83,0.04149392289908343,,"[31622.776601683796, 31622.776601683796, 31622.776601683796, 31622.776601683796, 31622.776601683796]",0.24244904619100677,1.1355162012216475,0.7573542758846239,0.9549042472638944
taskonomy/edge_texture,encoder.layer2.1.relu,LO2,test,sub-08,linear_predictivity,5919,83,0.0975134110430467,"[0.09320423110821575, 0.09491995035909508, 0.0955221172643945, 0.09820271609540165, 0.10571804038812654]",,,,,
taskonomy/edge_texture,encoder.layer2.1.relu,LO3,train,sub-08,linear_predictivity,5919,125,0.004838721915709107,,"[100000.0, 100000.0, 100000.0, 100000.0, 100000.0]",0.09294808687385106,1.2176572300712263,0.9069195420440671,0.9927152096095805
taskonomy/edge_texture,encoder.layer2.1.relu,LO3,test,sub-08,linear_predictivity,5919,125,0.005325315135712929,"[-0.00102497624910995, 0.005970108239974725, 0.006317098130176327, 0.013346531538231612, 0.0020178140192919345]",,,,,
taskonomy/edge_texture,encoder.layer2.1.relu,V7,train,sub-08,linear_predictivity,5919,78,0.0044087603594601165,,"[100000.0, 100000.0, 100000.0, 100000.0, 31622.776601683796]",0.1183243381083996,1.2107339241354926,0.8810045181514201,0.9915318407530227
taskonomy/edge_texture,encoder.layer2.1.relu,V7,test,sub-08,linear_predictivity,5919,78,-0.020528092919428587,"[-0.019833471296904565, -0.015046581154622877, -0.022198812387973808, -0.003671444406858653, -0.04189015535078302]",,,,,
taskonomy/edge_texture,encoder.layer2.1.relu,IP0,train,sub-08,linear_predictivity,5919,151,-0.001991985720008462,,"[316227.7660168379, 100000.0, 316227.7660168379, 316227.7660168379, 316227.7660168379]",0.04584142869512454,1.2175498074681017,0.9540249949879105,0.9994159958486024
taskonomy/edge_texture,encoder.layer2.1.relu,IP0,test,sub-08,linear_predictivity,5919,151,-0.002924042843915695,"[-0.006691024981938578, -0.006726517555119436, -0.001379352188543479, 0.0008209869252072493, -0.00064430641918423]",,,,,
taskonomy/edge_texture,encoder.layer2.1.relu,IP1,train,sub-08,linear_predictivity,5919,91,-0.005741511201166493,,"[316227.7660168379, 316227.7660168379, 316227.7660168379, 1000000.0, 316227.7660168379]",0.028700188054033758,1.2406630613868663,0.9710971544494911,1.0022736926762836
taskonomy/edge_texture,encoder.layer2.1.relu,IP1,test,sub-08,linear_predictivity,5919,91,-0.009012332260680126,"[-0.01567601476135119, -0.005670576660509087, -0.011160355712039924, -0.004147365648165325, -0.00840734852133511]",,,,,
taskonomy/edge_texture,encoder.layer2.1.relu,MIP,train,sub-08,linear_predictivity,5919,291,-0.0012795793841608603,,"[316227.7660168379, 100000.0, 316227.7660168379, 316227.7660168379, 100000.0]",0.05453118488043608,1.2268454443925179,0.9453719566229257,0.998919557310628
taskonomy/edge_texture,encoder.layer2.1.relu,MIP,test,sub-08,linear_predictivity,5919,291,-0.005382233165920657,"[-0.007253214032262064, -0.004996004617941439, -0.0012788670381641638, -0.0023559809582488324, -0.011027099182986786]",,,,,
taskonomy/edge_texture,encoder.layer2.1.relu,VIP,train,sub-08,linear_predictivity,5919,184,-0.0036344012667457602,,"[316227.7660168379, 316227.7660168379, 316227.7660168379, 316227.7660168379, 100000.0]",0.04337854434812616,1.2321708173384485,0.9566139227972501,0.9999805447364164
taskonomy/edge_texture,encoder.layer2.1.relu,VIP,test,sub-08,linear_predictivity,5919,184,-0.004690021353297153,"[-0.0022023902373147137, -0.0014338153862213617, -0.002386363985377591, -0.004299377478294733, -0.013128159679277362]",,,,,
taskonomy/edge_texture,encoder.layer2.1.relu,LIPd,train,sub-08,linear_predictivity,5919,77,-0.003568377794085853,,"[316227.7660168379, 100000.0, 316227.7660168379, 100000.0, 100000.0]",0.06609075182478195,1.2233958849451867,0.9338594527484123,0.9999191258743905
taskonomy/edge_texture,encoder.layer2.1.relu,LIPd,test,sub-08,linear_predictivity,5919,77,-0.004219455376043162,"[-0.007262653403214822, -0.008721346986252548, -0.0009632069571935885, -0.0004590981296275754, -0.0036909714039272796]",,,,,
taskonomy/edge_texture,encoder.layer2.1.relu,LIPv,train,sub-08,linear_predictivity,5919,251,-0.003940159573430063,,"[316227.7660168379, 100000.0, 316227.7660168379, 316227.7660168379, 316227.7660168379]",0.04446886238245549,1.224916124816111,0.9551480337325875,1.0001804673477297
taskonomy/edge_texture,encoder.layer2.1.relu,LIPv,test,sub-08,linear_predictivity,5919,251,-0.002235008302934217,"[-0.002785314343244009, -0.006443819948048418, -0.0008577532438880685, -0.0004722890334747544, -0.0006158649460158325]",,,,,
taskonomy/edge_texture,encoder.layer2.1.relu,AIP,train,sub-08,linear_predictivity,5919,387,-0.004014103190372006,,"[316227.7660168379, 100000.0, 316227.7660168379, 316227.7660168379, 316227.7660168379]",0.04431576928020271,1.2301290888411398,0.9554135151755003,1.0009015601225935
taskonomy/edge_texture,encoder.layer2.1.relu,AIP,test,sub-08,linear_predictivity,5919,387,-0.00162548932577826,"[-0.002344601214235796, -0.004266504124290873, -8.440857824436604e-05, 0.0013059160914506195, -0.0027378488035708845]",,,,,
taskonomy/edge_texture,encoder.layer2.1.relu,7Pm,train,sub-08,linear_predictivity,5919,25,-0.004158152493685426,,"[316227.7660168379, 316227.7660168379, 316227.7660168379, 1000000.0, 316227.7660168379]",0.029691934064015733,1.2436584181788706,0.9700473820352101,0.9998887302901036
taskonomy/edge_texture,encoder.layer2.1.relu,7Pm,test,sub-08,linear_predictivity,5919,25,-0.0029206082844863137,"[-0.0034464501932460713, 6.747739455603252e-05, -0.011871709997350965, 0.0011489589305767112, -0.0005013175569672779]",,,,,
taskonomy/edge_texture,encoder.layer2.1.relu,7PL,train,sub-08,linear_predictivity,5919,91,0.009246409414712825,,"[100000.0, 100000.0, 100000.0, 100000.0, 100000.0]",0.0944587671290312,1.2154223994949702,0.9052724005748992,0.9861279739994583
taskonomy/edge_texture,encoder.layer2.1.relu,7PL,test,sub-08,linear_predictivity,5919,91,0.015112810770543661,"[0.015730715032640553, 0.012782900252783226, 0.01730249361617359, 0.014353545893808444, 0.01539439905731249]",,,,,
taskonomy/edge_texture,encoder.layer2.1.relu,7PC,train,sub-08,linear_predictivity,5919,231,-0.0038456272024479784,,"[316227.7660168379, 316227.7660168379, 316227.7660168379, 1000000.0, 316227.7660168379]",0.02906267046318086,1.2355772853477123,0.9706220334214939,1.0002286973184387
taskonomy/edge_texture,encoder.layer2.1.relu,7PC,test,sub-08,linear_predictivity,5919,231,0.002272068000120498,"[0.00247886881402236, 0.00330786562984461, 0.0026894688174884554, 0.0009175769651426993, 0.0019665597741043645]",,,,,
taskonomy/edge_texture,encoder.layer2.1.relu,7Am,train,sub-08,linear_predictivity,5919,136,0.00019592222544820498,,"[100000.0, 100000.0, 100000.0, 100000.0, 100000.0]",0.08885230688272269,1.2222286798705633,0.9109063759143643,0.9953668136760696
taskonomy/edge_texture,encoder.layer2.1.relu,7Am,test,sub-08,linear_predictivity,5919,136,0.005719218740151499,"[0.00854926126336581, 0.004599175626680649, 0.004388592368683334, 0.007837073837783638, 0.0032219906042440637]",,,,,
taskonomy/edge_texture,encoder.layer2.1.relu,7AL,train,sub-08,linear_predictivity,5919,234,-0.0037820254349204352,,"[100000.0, 316227.7660168379, 100000.0, 316227.7660168379, 316227.7660168379]",0.05373677892326033,1.244940581172096,0.9458422024392725,0.9995381202594441
taskonomy/edge_texture,encoder.layer2.1.relu,7AL,test,sub-08,linear_predictivity,5919,234,-0.0008015046381015401,"[-0.007745132814270956, 0.003218355472018425, -0.0018672140993074575, 0.003982661746107828, -0.00159619349505554]",,,,,
taskonomy/edge_texture,encoder.layer2.1.relu,VVC,train,sub-08,linear_predictivity,5919,199,0.004670401606787277,,"[100000.0, 100000.0, 100000.0, 100000.0, 100000.0]",0.09381289126355878,1.2122801962025611,0.9060125889772166,0.9921173100325662
taskonomy/edge_texture,encoder.layer2.1.relu,VVC,test,sub-08,linear_predictivity,5919,199,0.012990061240801435,"[-0.00036577423340803565, 0.017261683133265072, 0.009511510468234001, 0.021721427501137407, 0.016821459334778733]",,,,,
taskonomy/edge_texture,encoder.layer2.1.relu,VMV2,train,sub-08,linear_predictivity,5919,94,7.028302233804766e-05,,"[100000.0, 100000.0, 100000.0, 100000.0, 100000.0]",0.08827170143072247,1.2196856958420603,0.9115057292139879,0.9958530516842355
taskonomy/edge_texture,encoder.layer2.1.relu,VMV2,test,sub-08,linear_predictivity,5919,94,-0.005512973017935114,"[-0.009966358676305466, -0.0032962289013473115, -0.0041403740283009775, -0.00905798907425432, -0.0011039144094675002]",,,,,
taskonomy/edge_texture,encoder.layer2.1.relu,VMV3,train,sub-08,linear_predictivity,5919,107,0.0029048304138917912,,"[100000.0, 100000.0, 100000.0, 100000.0, 100000.0]",0.08914183979393667,1.21538457701087,0.9107710747936151,0.995235597675282
taskonomy/edge_texture,encoder.layer2.1.relu,VMV3,test,sub-08,linear_predictivity,5919,107,-0.012295281685172778,"[-0.018890507178096212, -0.007188746505324276, -0.01817757080287214, -0.0065390827529070725, -0.010680501186664186]",,,,,
taskonomy/edge_texture,encoder.layer2.1.relu,VMV1,train,sub-08,linear_predictivity,5919,44,0.0041269918819250295,,"[100000.0, 100000.0, 100000.0, 100000.0, 100000.0]",0.09130938118235336,1.2174268230274732,0.9085291048649655,0.9931017735008986
taskonomy/edge_texture,encoder.layer2.1.relu,VMV1,test,sub-08,linear_predictivity,5919,44,0.012900810146482653,"[0.01238163511012717, 0.010187754885746749, 0.009608205298754408, 0.013038336650478847, 0.019288118787306085]",,,,,
taskonomy/edge_texture,encoder.layer2.1.relu,PHA2,train,sub-08,linear_predictivity,5919,13,-0.0004117868766262365,,"[100000.0, 100000.0, 100000.0, 100000.0, 316227.7660168379]",0.07777993164652025,1.2293394673717644,0.9223281087937834,0.9970597587747891
taskonomy/edge_texture,encoder.layer2.1.relu,PHA2,test,sub-08,linear_predictivity,5919,13,0.01642054744341779,"[0.013336607590027647, 0.0163051792741789, 0.028227697042213704, 0.018159962965860685, 0.006073290344807995]",,,,,
taskonomy/edge_texture,encoder.layer2.1.relu,PHA3,train,sub-08,linear_predictivity,5919,55,0.011242758120057967,,"[31622.776601683796, 100000.0, 31622.776601683796, 31622.776601683796, 100000.0]",0.16433133885523107,1.2103075265266772,0.8355489138151002,0.9846333766716044
taskonomy/edge_texture,encoder.layer2.1.relu,PHA3,test,sub-08,linear_predictivity,5919,55,-0.00394521279267733,"[-0.014681997824024762, 0.013220011533888298, -0.018738652358761647, -0.015267724226620467, 0.015742298912131927]",,,,,
taskonomy/edge_texture,encoder.layer2.1.relu,PH,train,sub-08,linear_predictivity,5919,350,0.017243107357119758,,"[31622.776601683796, 31622.776601683796, 31622.776601683796, 31622.776601683796, 31622.776601683796]",0.22169564301889863,1.1828982082241242,0.7780849264232316,0.9783118452799181
taskonomy/edge_texture,encoder.layer2.1.relu,PH,test,sub-08,linear_predictivity,5919,350,-0.0013988773276359307,"[-0.01479662995669371, -0.0033998948214420286, -0.0009364566755929778, -0.002150235020151806, 0.014288829835700866]",,,,,
taskonomy/edge_texture,encoder.layer2.2.relu,V1,train,sub-08,linear_predictivity,5919,560,0.07248059831399024,,"[31622.776601683796, 31622.776601683796, 31622.776601683796, 31622.776601683796, 31622.776601683796]",0.27175624270805854,1.141286709947494,0.7280544830807008,0.9239670112375379
taskonomy/edge_texture,encoder.layer2.2.relu,V1,test,sub-08,linear_predictivity,5919,560,0.10037970285411553,"[0.09682621622473046, 0.10678487296887701, 0.10294217704952506, 0.0972146394727846, 0.09813060855466052]",,,,,
taskonomy/edge_texture,encoder.layer2.2.relu,V2,train,sub-08,linear_predictivity,5919,482,0.048047775526911425,,"[31622.776601683796, 31622.776601683796, 31622.776601683796, 31622.776601683796, 31622.776601683796]",0.2486613496786271,1.162582693921459,0.7511554860737715,0.9485077216662123
taskonomy/edge_texture,encoder.layer2.2.relu,V2,test,sub-08,linear_predictivity,5919,482,0.055170649145614245,"[0.05137020732632301, 0.05895652168692448, 0.056859809745098584, 0.058484441401193826, 0.050182265568531365]",,,,,
taskonomy/edge_texture,encoder.layer2.2.relu,V3,train,sub-08,linear_predictivity,5919,458,0.01838548838233286,,"[31622.776601683796, 31622.776601683796, 31622.776601683796, 31622.776601683796, 31622.776601683796]",0.22810711550192408,1.1915282542117525,0.7717278613915781,0.9784203173251571
taskonomy/edge_texture,encoder.layer2.2.relu,V3,test,sub-08,linear_predictivity,5919,458,0.022436651962281663,"[0.02095766967744386, 0.023311333595378358, 0.022045996686789544, 0.029100648014202837, 0.01676761183759371]",,,,,
taskonomy/edge_texture,encoder.layer2.2.relu,V4,train,sub-08,linear_predictivity,5919,604,0.010160633828107618,,"[100000.0, 100000.0, 31622.776601683796, 100000.0, 31622.776601683796]",0.14838475242129018,1.2039625096145519,0.8514887075094221,0.9871811838475931
taskonomy/edge_texture,encoder.layer2.2.relu,V4,test,sub-08,linear_predictivity,5919,604,-0.012451390412619329,"[-0.011600399750852612, -0.012456255594766895, -0.018833288021316334, -0.003077858692954804, -0.016289150003205997]",,,,,
taskonomy/edge_texture,encoder.layer2.2.relu,V3A,train,sub-08,linear_predictivity,5919,226,-0.0019242235679023004,,"[100000.0, 100000.0, 100000.0, 100000.0, 100000.0]",0.08886288758969282,1.2245482465241384,0.9109322568769812,0.9983212675236797
taskonomy/edge_texture,encoder.layer2.2.relu,V3A,test,sub-08,linear_predictivity,5919,226,0.01177436293553832,"[0.009740977480123083, 0.014850425700210822, 0.012757238232658888, 0.015356674630362027, 0.006166498634336779]",,,,,
taskonomy/edge_texture,encoder.layer2.2.relu,V3B,train,sub-08,linear_predictivity,5919,147,0.005455572101888047,,"[100000.0, 100000.0, 100000.0, 100000.0, 100000.0]",0.09524585120335799,1.2113832977631267,0.9045927902400022,0.9918888965317276
taskonomy/edge_texture,encoder.layer2.2.relu,V3B,test,sub-08,linear_predictivity,5919,147,-0.008798760218503135,"[-0.024632648704887555, -0.0039044241843321868, -0.008186258922024632, 0.00412365932881607, -0.011394128610087373]",,,,,
taskonomy/edge_texture,encoder.layer2.2.relu,V6,train,sub-08,linear_predictivity,5919,105,-0.002701966127933126,,"[316227.7660168379, 316227.7660168379, 100000.0, 100000.0, 316227.7660168379]",0.059228237082971535,1.2307012504324153,0.9406870127843101,0.9991292873679791
taskonomy/edge_texture,encoder.layer2.2.relu,V6,test,sub-08,linear_predictivity,5919,105,0.02794217154966639,"[0.02476035190679209, 0.021913929866320694, 0.03222356886343134, 0.03364877320592648, 0.027164233905861365]",,,,,
taskonomy/edge_texture,encoder.layer2.2.relu,V6A,train,sub-08,linear_predictivity,5919,84,0.004133581975021183,,"[100000.0, 100000.0, 100000.0, 100000.0, 100000.0]",0.09832834611475937,1.2055755044129168,0.9013912237887945,0.9911970336602092
taskonomy/edge_texture,encoder.layer2.2.relu,V6A,test,sub-08,linear_predictivity,5919,84,0.019776181113618244,"[0.023155105123109518, 0.020213578452804404, 0.016987864113042806, 0.026526205059491034, 0.011998152819643462]",,,,,
taskonomy/edge_texture,encoder.layer2.2.relu,V7,train,sub-08,linear_predictivity,5919,78,0.003696639610164107,,"[100000.0, 100000.0, 100000.0, 100000.0, 31622.776601683796]",0.12043726908447125,1.2139736233999912,0.8788729159945561,0.9921671831497761
taskonomy/edge_texture,encoder.layer2.2.relu,V7,test,sub-08,linear_predictivity,5919,78,-0.023744492644708463,"[-0.021606174027333336, -0.016855792183526643, -0.02464993987705952, -0.004723102711653197, -0.05088745442396961]",,,,,
taskonomy/edge_texture,encoder.layer2.2.relu,V8,train,sub-08,linear_predictivity,5919,112,0.017445597011034795,,"[100000.0, 100000.0, 100000.0, 31622.776601683796, 31622.776601683796]",0.15267940848983033,1.204489709566198,0.8476204930880862,0.9806922208157893
taskonomy/edge_texture,encoder.layer2.2.relu,V8,test,sub-08,linear_predictivity,5919,112,0.002684396213343335,"[-0.0033293278615786994, 0.010369376359946633, 0.0014054800936595866, 0.0061796016582328205, -0.001203149183543665]",,,,,
taskonomy/edge_texture,encoder.layer2.2.relu,FFC,train,sub-08,linear_predictivity,5919,275,0.024079102312230677,,"[31622.776601683796, 31622.776601683796, 31622.776601683796, 31622.776601683796, 31622.776601683796]",0.23223209110677825,1.1711215668319155,0.7675667441151921,0.9721056595760931
taskonomy/edge_texture,encoder.layer2.2.relu,FFC,test,sub-08,linear_predictivity,5919,275,0.02299710165734405,"[0.019163248267418394, 0.02027557278249776, 0.020472140519591283, 0.021164647985587953, 0.03390989873162486]",,,,,
taskonomy/edge_texture,encoder.layer2.2.relu,PIT,train,sub-08,linear_predictivity,5919,117,0.009137680822600679,,"[31622.776601683796, 100000.0, 31622.776601683796, 100000.0, 31622.776601683796]",0.1731241711397393,1.2007423192015794,0.8265178807724538,0.9882974483709248
taskonomy/edge_texture,encoder.layer2.2.relu,PIT,test,sub-08,linear_predictivity,5919,117,0.010108288142396253,"[0.003267836515194418, 0.007268570534495657, 0.012063205188012792, 0.012493421295838646, 0.015448407178439752]",,,,,
taskonomy/edge_texture,encoder.layer2.2.relu,IPS1,train,sub-08,linear_predictivity,5919,219,0.0005787651015822755,,"[100000.0, 100000.0, 100000.0, 100000.0, 100000.0]",0.09047228818116825,1.2226909351623747,0.9093327582338337,0.9958337972847003
taskonomy/edge_texture,encoder.layer2.2.relu,IPS1,test,sub-08,linear_predictivity,5919,219,-0.009522260450703774,"[-0.016070029662424455, -0.007587469802086032, -0.00903920332527918, -0.003688472706169409, -0.011226126757559803]",,,,,
taskonomy/edge_texture,encoder.layer2.2.relu,MST,train,sub-08,linear_predictivity,5919,140,0.012974494179251131,,"[100000.0, 100000.0, 100000.0, 100000.0, 100000.0]",0.10486563193308265,1.215162942810697,0.8950094150042297,0.9847534750891022
taskonomy/edge_texture,encoder.layer2.2.relu,MST,test,sub-08,linear_predictivity,5919,140,0.01216389966259335,"[0.006032897974537229, 0.016050012814006406, 0.00761749137111964, 0.015752918385701316, 0.015366177767602162]",,,,,
taskonomy/edge_texture,encoder.layer2.2.relu,MT,train,sub-08,linear_predictivity,5919,99,0.011262816011716826,,"[100000.0, 100000.0, 100000.0, 100000.0, 100000.0]",0.10263582945331713,1.1976092426814353,0.8971710878736072,0.9850679919365376
taskonomy/edge_texture,encoder.layer2.2.relu,MT,test,sub-08,linear_predictivity,5919,99,0.01203209789255254,"[0.008967862390069577, 0.011938942012532958, 0.01495269967106281, 0.0161697000610271, 0.008131285328070252]",,,,,
taskonomy/edge_texture,encoder.layer2.2.relu,FST,train,sub-08,linear_predictivity,5919,149,0.012666477715743474,,"[31622.776601683796, 100000.0, 31622.776601683796, 100000.0, 100000.0]",0.15551934279181048,1.202674329231322,0.8447125867895027,0.9840753906963796
taskonomy/edge_texture,encoder.layer2.2.relu,FST,test,sub-08,linear_predictivity,5919,149,0.002730477911286195,"[-0.023270358829809958, 0.01519844080398038, -0.013223096963656039, 0.017361354077314466, 0.017586050468602128]",,,,,
taskonomy/edge_texture,encoder.layer2.2.relu,LO1,train,sub-08,linear_predictivity,5919,79,-0.0021299120324753448,,"[316227.7660168379, 100000.0, 100000.0, 316227.7660168379, 100000.0]",0.07127335725493031,1.2042766579730384,0.928526855061836,0.9988252803373419
taskonomy/edge_texture,encoder.layer2.2.relu,LO1,test,sub-08,linear_predictivity,5919,79,-0.028874781685135187,"[-0.02947821674798321, -0.040283124332691336, -0.03156866657920993, -0.013410620704684186, -0.02963328006110727]",,,,,
taskonomy/edge_texture,encoder.layer2.2.relu,LO2,train,sub-08,linear_predictivity,5919,83,0.040606878103160195,,"[31622.776601683796, 31622.776601683796, 31622.776601683796, 31622.776601683796, 31622.776601683796]",0.24667450133868232,1.1350602689270979,0.7531218629755335,0.955674376416243
taskonomy/edge_texture,encoder.layer2.2.relu,LO2,test,sub-08,linear_predictivity,5919,83,0.09801860532072298,"[0.09479303678505487, 0.09553463632505281, 0.09962405171003606, 0.09790920933278129, 0.10223209245068988]",,,,,
taskonomy/edge_texture,encoder.layer2.2.relu,LO3,train,sub-08,linear_predictivity,5919,125,0.004936988714905567,,"[100000.0, 100000.0, 100000.0, 100000.0, 100000.0]",0.09472341400145157,1.2088521946620696,0.9051404951367544,0.9925847682914588
taskonomy/edge_texture,encoder.layer2.2.relu,LO3,test,sub-08,linear_predictivity,5919,125,0.004338425870187677,"[-0.001415180965114783, 0.005737526026385215, 0.005425773574253937, 0.013403296869271731, -0.0014592861538577182]",,,,,
taskonomy/edge_texture,encoder.layer2.2.relu,V7,train,sub-08,linear_predictivity,5919,78,0.003696639610164107,,"[100000.0, 100000.0, 100000.0, 100000.0, 31622.776601683796]",0.12043726908447125,1.2139736233999912,0.8788729159945561,0.9921671831497761
taskonomy/edge_texture,encoder.layer2.2.relu,V7,test,sub-08,linear_predictivity,5919,78,-0.023744492644708463,"[-0.021606174027333336, -0.016855792183526643, -0.02464993987705952, -0.004723102711653197, -0.05088745442396961]",,,,,
taskonomy/edge_texture,encoder.layer2.2.relu,IP0,train,sub-08,linear_predictivity,5919,151,-0.0025323678533057874,,"[316227.7660168379, 100000.0, 316227.7660168379, 316227.7660168379, 100000.0]",0.056719147185990935,1.2190235496747959,0.9432944771532018,1.0000187811311183
taskonomy/edge_texture,encoder.layer2.2.relu,IP0,test,sub-08,linear_predictivity,5919,151,-0.005437814901336582,"[-0.00738022753910385, -0.010062165291824163, -0.0022383560154919696, -0.00044569623888734684, -0.007062629421375578]",,,,,
taskonomy/edge_texture,encoder.layer2.2.relu,IP1,train,sub-08,linear_predictivity,5919,91,-0.005758391711063655,,"[1000000.0, 1000000.0, 316227.7660168379, 3162277.6601683795, 316227.7660168379]",0.01877917410340832,1.2374181800825663,0.9810891804795308,1.0023334710361371
taskonomy/edge_texture,encoder.layer2.2.relu,IP1,test,sub-08,linear_predictivity,5919,91,-0.006504142807465555,"[-0.0072652264604984255, -0.0029967886896553925, -0.010508143799357997, -0.0032898317564086722, -0.008460723331407283]",,,,,
taskonomy/edge_texture,encoder.layer2.2.relu,MIP,train,sub-08,linear_predictivity,5919,291,-0.001561403968549415,,"[316227.7660168379, 316227.7660168379, 316227.7660168379, 316227.7660168379, 100000.0]",0.04459966181199111,1.230207420902806,0.9554403687464579,0.9991899537728374
taskonomy/edge_texture,encoder.layer2.2.relu,MIP,test,sub-08,linear_predictivity,5919,291,-0.0038847728635048144,"[-0.0062390764267920285, -0.00036455059269357, -0.0009232934340092973, -0.0017559328095595877, -0.010141011054469587]",,,,,
taskonomy/edge_texture,encoder.layer2.2.relu,VIP,train,sub-08,linear_predictivity,5919,184,-0.0035028579578035685,,"[316227.7660168379, 316227.7660168379, 316227.7660168379, 316227.7660168379, 100000.0]",0.044156525685279904,1.233662490032723,0.9558412998675865,0.9998376339727276
taskonomy/edge_texture,encoder.layer2.2.relu,VIP,test,sub-08,linear_predictivity,5919,184,-0.0034106272298297944,"[-0.0006310080555631856, -8.103419241420811e-05, -0.0008329871609106315, -0.00327680456711136, -0.012231302173149586]",,,,,
taskonomy/edge_texture,encoder.layer2.2.relu,LIPd,train,sub-08,linear_predictivity,5919,77,-0.0035614159735238055,,"[316227.7660168379, 100000.0, 100000.0, 100000.0, 100000.0]",0.07762414184726352,1.2213271097534606,0.9223898004307358,0.9999337809953781
taskonomy/edge_texture,encoder.layer2.2.relu,LIPd,test,sub-08,linear_predictivity,5919,77,-0.004746096941710691,"[-0.006499524981935673, -0.007542672803149699, -0.007093061236241999, 0.0011281953347588361, -0.0037234210219849236]",,,,,
taskonomy/edge_texture,encoder.layer2.2.relu,LIPv,train,sub-08,linear_predictivity,5919,251,-0.004108754149046453,,"[316227.7660168379, 100000.0, 316227.7660168379, 316227.7660168379, 316227.7660168379]",0.045158881145106994,1.221144219633559,0.9544505433310546,1.0003234241897216
taskonomy/edge_texture,encoder.layer2.2.relu,LIPv,test,sub-08,linear_predictivity,5919,251,-0.0024750222229085778,"[-0.002826869649851936, -0.006791209163419196, -0.0011436630281384948, -0.0002876491890714058, -0.0013257200840618565]",,,,,
taskonomy/edge_texture,encoder.layer2.2.relu,AIP,train,sub-08,linear_predictivity,5919,387,-0.004021462382584564,,"[316227.7660168379, 100000.0, 316227.7660168379, 316227.7660168379, 316227.7660168379]",0.044961231860291925,1.2268051352831553,0.9547663332325584,1.0009119224721905
taskonomy/edge_texture,encoder.layer2.2.relu,AIP,test,sub-08,linear_predictivity,5919,387,-0.0004726609869533051,"[-0.0013730334143233014, -0.0010166700106547485, 0.0009424037632695721, 0.0018876934501084453, -0.0028036987231664927]",,,,,
taskonomy/edge_texture,encoder.layer2.2.relu,7Pm,train,sub-08,linear_predictivity,5919,25,-0.004069427334230425,,"[316227.7660168379, 316227.7660168379, 316227.7660168379, 1000000.0, 316227.7660168379]",0.030139188461166522,1.2462485748651735,0.9695995987622303,0.9998076876446721
taskonomy/edge_texture,encoder.layer2.2.relu,7Pm,test,sub-08,linear_predictivity,5919,25,-0.0025038280028565046,"[-0.002045848505191743, -2.6537500972279028e-05, -0.011954031879127447, 0.0014103541944645848, 9.69236765443604e-05]",,,,,
taskonomy/edge_texture,encoder.layer2.2.relu,7PL,train,sub-08,linear_predictivity,5919,91,0.010494414648167819,,"[100000.0, 100000.0, 100000.0, 100000.0, 100000.0]",0.09713879980381472,1.2029374467203067,0.9025940113298333,0.9849050775184202
taskonomy/edge_texture,encoder.layer2.2.relu,7PL,test,sub-08,linear_predictivity,5919,91,0.020371071657542966,"[0.02107067142742883, 0.017869122189972247, 0.024466472779252752, 0.018995964543656367, 0.019453127347404644]",,,,,
taskonomy/edge_texture,encoder.layer2.2.relu,7PC,train,sub-08,linear_predictivity,5919,231,-0.0041083672258631345,,"[316227.7660168379, 100000.0, 316227.7660168379, 316227.7660168379, 316227.7660168379]",0.044504597926426484,1.2312508307094938,0.9550931165637694,1.0003533964539502
taskonomy/edge_texture,encoder.layer2.2.relu,7PC,test,sub-08,linear_predictivity,5919,231,0.0010003846153772578,"[0.0027708416447631157, -0.0031202751205603087, 0.0023658046568080663, 0.002121669611666991, 0.0008638822842084248]",,,,,
taskonomy/edge_texture,encoder.layer2.2.relu,7Am,train,sub-08,linear_predictivity,5919,136,4.100351376558634e-05,,"[100000.0, 100000.0, 100000.0, 100000.0, 100000.0]",0.09037683631151144,1.209386862038609,0.9093818926254607,0.9955250776735214
taskonomy/edge_texture,encoder.layer2.2.relu,7Am,test,sub-08,linear_predictivity,5919,136,0.009107912107398206,"[0.011574568556019172, 0.008454362856006573, 0.007861153634268023, 0.011882075069997127, 0.005767400420700131]",,,,,
taskonomy/edge_texture,encoder.layer2.2.relu,7AL,train,sub-08,linear_predictivity,5919,234,-0.0037166569968635453,,"[100000.0, 316227.7660168379, 100000.0, 316227.7660168379, 316227.7660168379]",0.0545198651095111,1.2317256920298472,0.9450543840301918,0.9994473359919821
taskonomy/edge_texture,encoder.layer2.2.relu,7AL,test,sub-08,linear_predictivity,5919,234,-0.00026101373301305335,"[-0.005531563607175043, 0.0033369575659859428, -0.00046824075658117437, 0.003913216922296327, -0.002555438789591319]",,,,,
taskonomy/edge_texture,encoder.layer2.2.relu,VVC,train,sub-08,linear_predictivity,5919,199,0.004486661871789042,,"[100000.0, 100000.0, 100000.0, 100000.0, 100000.0]",0.09515728559346522,1.2119467057045477,0.9046674635949594,0.9922956142992845
taskonomy/edge_texture,encoder.layer2.2.relu,VVC,test,sub-08,linear_predictivity,5919,199,0.011704177010163257,"[0.0007239758035805138, 0.016472982230158497, 0.007280059805080109, 0.019385698670354088, 0.014658168541643079]",,,,,
taskonomy/edge_texture,encoder.layer2.2.relu,VMV2,train,sub-08,linear_predictivity,5919,94,-0.0006290879812743422,,"[100000.0, 316227.7660168379, 100000.0, 100000.0, 100000.0]",0.07919989646590361,1.2293416998523914,0.9205215460378493,0.9965690507890038
taskonomy/edge_texture,encoder.layer2.2.relu,VMV2,test,sub-08,linear_predictivity,5919,94,-0.005440301127111403,"[-0.010497392605448061, -0.005197512985830765, -0.0023396625974928223, -0.008141706456025674, -0.0010252309907596918]",,,,,
taskonomy/edge_texture,encoder.layer2.2.relu,VMV3,train,sub-08,linear_predictivity,5919,107,0.001087630955415369,,"[100000.0, 316227.7660168379, 316227.7660168379, 100000.0, 100000.0]",0.0685994354143232,1.224545557709881,0.9315191120716213,0.9969938051418776
taskonomy/edge_texture,encoder.layer2.2.relu,VMV3,test,sub-08,linear_predictivity,5919,107,-0.01612945527867972,"[-0.02010670860914391, -0.01760338434473606, -0.022513973804754894, -0.007625015864983892, -0.012798193769779836]",,,,,
taskonomy/edge_texture,encoder.layer2.2.relu,VMV1,train,sub-08,linear_predictivity,5919,44,0.004733407395290765,,"[100000.0, 100000.0, 100000.0, 100000.0, 100000.0]",0.09329099808959844,1.2078163129788066,0.9065464573470907,0.9924883454144897
taskonomy/edge_texture,encoder.layer2.2.relu,VMV1,test,sub-08,linear_predictivity,5919,44,0.010995149636970037,"[0.010494300756667142, 0.00745345947784542, 0.008016793331157778, 0.011735705529930224, 0.017275489089249623]",,,,,
taskonomy/edge_texture,encoder.layer2.2.relu,PHA2,train,sub-08,linear_predictivity,5919,13,0.0010346157612500476,,"[100000.0, 100000.0, 100000.0, 100000.0, 100000.0]",0.09016870165246164,1.2262930445794358,0.9096574672799903,0.9956338787947983
taskonomy/edge_texture,encoder.layer2.2.relu,PHA2,test,sub-08,linear_predictivity,5919,13,0.01647242711545866,"[0.012309233998511172, 0.01412715377799585, 0.027625824827418505, 0.018869756100344352, 0.009430166873023423]",,,,,
taskonomy/edge_texture,encoder.layer2.2.relu,PHA3,train,sub-08,linear_predictivity,5919,55,0.013422862021295558,,"[31622.776601683796, 100000.0, 31622.776601683796, 31622.776601683796, 100000.0]",0.16846771403350463,1.2134240549343993,0.8314160501798596,0.9824521238704438
taskonomy/edge_texture,encoder.layer2.2.relu,PHA3,test,sub-08,linear_predictivity,5919,55,-0.0025243749743920135,"[-0.013453761951175968, 0.013251259755845629, -0.014178679695058951, -0.015468124807560622, 0.017227431825989844]",,,,,
taskonomy/edge_texture,encoder.layer2.2.relu,PH,train,sub-08,linear_predictivity,5919,350,0.016519617079259537,,"[31622.776601683796, 31622.776601683796, 31622.776601683796, 31622.776601683796, 31622.776601683796]",0.22611075830108765,1.1828452318095808,0.7736663650346401,0.9789922255017387
taskonomy/edge_texture,encoder.layer2.2.relu,PH,test,sub-08,linear_predictivity,5919,350,-0.0007335554744266135,"[-0.014301422100568081, -0.004980375211806934, 0.0022437978731621624, 0.0006972316827767762, 0.012672990384303008]",,,,,
taskonomy/edge_texture,encoder.layer3.0.relu,V1,train,sub-08,linear_predictivity,5919,560,0.07098555827835268,,"[31622.776601683796, 31622.776601683796, 31622.776601683796, 31622.776601683796, 31622.776601683796]",0.2847074668049124,1.1299357892448343,0.7151070926593845,0.9255439170044131
taskonomy/edge_texture,encoder.layer3.0.relu,V1,test,sub-08,linear_predictivity,5919,560,0.10757874602482982,"[0.1009384782602611, 0.11335179046350664, 0.11227507269237272, 0.1096847617306164, 0.10164362697739215]",,,,,
taskonomy/edge_texture,encoder.layer3.0.relu,V2,train,sub-08,linear_predictivity,5919,482,0.04708348654589691,,"[31622.776601683796, 31622.776601683796, 31622.776601683796, 31622.776601683796, 31622.776601683796]",0.26281745497903924,1.151709755774022,0.7370017846734953,0.9495567064208084
taskonomy/edge_texture,encoder.layer3.0.relu,V2,test,sub-08,linear_predictivity,5919,482,0.05772150737891298,"[0.0506391769384931, 0.062339940063481036, 0.0631553750460249, 0.0595950114360617, 0.0528780334105042]",,,,,
taskonomy/edge_texture,encoder.layer3.0.relu,V3,train,sub-08,linear_predictivity,5919,458,0.021186295457808535,,"[31622.776601683796, 31622.776601683796, 31622.776601683796, 31622.776601683796, 31622.776601683796]",0.24425342688422985,1.1751486079999278,0.7555865064938209,0.9756762637588785
taskonomy/edge_texture,encoder.layer3.0.relu,V3,test,sub-08,linear_predictivity,5919,458,0.03245486346905533,"[0.02611641066498533, 0.032589452783764516, 0.037051834263225766, 0.0369912706869066, 0.0295253489463944]",,,,,
taskonomy/edge_texture,encoder.layer3.0.relu,V4,train,sub-08,linear_predictivity,5919,604,0.012447321161051052,,"[31622.776601683796, 31622.776601683796, 31622.776601683796, 31622.776601683796, 31622.776601683796]",0.23566524322376142,1.1889779624536445,0.7641952589143727,0.9847653493736415
taskonomy/edge_texture,encoder.layer3.0.relu,V4,test,sub-08,linear_predictivity,5919,604,-0.0016268517689426165,"[-0.011382860595556824, -0.005461723296592863, 0.0027300473748850074, 0.0064889840805817415, -0.0005087064080301454]",,,,,
taskonomy/edge_texture,encoder.layer3.0.relu,V3A,train,sub-08,linear_predictivity,5919,226,0.0008701641162535203,,"[100000.0, 100000.0, 100000.0, 100000.0, 100000.0]",0.09595129076692506,1.2101553085224193,0.9038442789111233,0.9955298114785208
taskonomy/edge_texture,encoder.layer3.0.relu,V3A,test,sub-08,linear_predictivity,5919,226,0.007897334763518352,"[0.005535987488497231, 0.011009166986455833, 0.008791323748715815, 0.011689739934290698, 0.0024604556596321808]",,,,,
taskonomy/edge_texture,encoder.layer3.0.relu,V3B,train,sub-08,linear_predictivity,5919,147,0.006991731334815367,,"[100000.0, 100000.0, 100000.0, 100000.0, 100000.0]",0.10190902156947737,1.1917256053606489,0.8979255576911761,0.9903543834341253
taskonomy/edge_texture,encoder.layer3.0.relu,V3B,test,sub-08,linear_predictivity,5919,147,-0.0017163478743960077,"[-0.014894838441671662, 0.0009876681434439006, 0.0013462612455384067, 0.008814644761903028, -0.004835475081193713]",,,,,
taskonomy/edge_texture,encoder.layer3.0.relu,V6,train,sub-08,linear_predictivity,5919,105,0.00034048069743714937,,"[100000.0, 100000.0, 100000.0, 100000.0, 100000.0]",0.09805760519862819,1.1940077283753392,0.901737444924786,0.9960409223344427
taskonomy/edge_texture,encoder.layer3.0.relu,V6,test,sub-08,linear_predictivity,5919,105,0.032362366926539245,"[0.032858784569592826, 0.02759890098377181, 0.03120411068805036, 0.03195051673028478, 0.03819952166099644]",,,,,
taskonomy/edge_texture,encoder.layer3.0.relu,V6A,train,sub-08,linear_predictivity,5919,84,0.005429665555370487,,"[100000.0, 31622.776601683796, 100000.0, 100000.0, 100000.0]",0.1307380933278792,1.1884410347832541,0.8685770213165194,0.9897717942660197
taskonomy/edge_texture,encoder.layer3.0.relu,V6A,test,sub-08,linear_predictivity,5919,84,0.017555835160489593,"[0.023341807524402635, 0.006193932623310174, 0.020488778217319942, 0.022496425445580212, 0.015258231991834995]",,,,,
taskonomy/edge_texture,encoder.layer3.0.relu,V7,train,sub-08,linear_predictivity,5919,78,0.007744984072728352,,"[31622.776601683796, 31622.776601683796, 31622.776601683796, 100000.0, 31622.776601683796]",0.20836417297196608,1.1838651715096908,0.7907713182904208,0.9879270480079562
taskonomy/edge_texture,encoder.layer3.0.relu,V7,test,sub-08,linear_predictivity,5919,78,-0.025473314701925577,"[-0.03845630250374979, -0.028367016997570032, -0.02671452732550387, 0.00195419226155808, -0.03578291894436225]",,,,,
taskonomy/edge_texture,encoder.layer3.0.relu,V8,train,sub-08,linear_predictivity,5919,112,0.020418124780205247,,"[31622.776601683796, 31622.776601683796, 31622.776601683796, 31622.776601683796, 31622.776601683796]",0.23972576622307223,1.1873211243472277,0.7601850799536094,0.9775057944535052
taskonomy/edge_texture,encoder.layer3.0.relu,V8,test,sub-08,linear_predictivity,5919,112,0.018769636025611873,"[-0.0029164918623424694, 0.03078455071245002, 0.016052523913163204, 0.027385898562728266, 0.022541698802060355]",,,,,
taskonomy/edge_texture,encoder.layer3.0.relu,FFC,train,sub-08,linear_predictivity,5919,275,0.0280867600320241,,"[31622.776601683796, 31622.776601683796, 31622.776601683796, 31622.776601683796, 31622.776601683796]",0.2505104385489456,1.1579051394202038,0.7492824332854833,0.9679431621890903
taskonomy/edge_texture,encoder.layer3.0.relu,FFC,test,sub-08,linear_predictivity,5919,275,0.04970663872389591,"[0.04326674749387101, 0.0478938158234934, 0.04747065435547134, 0.05095906596085235, 0.058942909985791464]",,,,,
taskonomy/edge_texture,encoder.layer3.0.relu,PIT,train,sub-08,linear_predictivity,5919,117,0.016399197887279462,,"[31622.776601683796, 31622.776601683796, 31622.776601683796, 31622.776601683796, 31622.776601683796]",0.2395110445104442,1.1763851454964156,0.7603320289729285,0.9807841315629291
taskonomy/edge_texture,encoder.layer3.0.relu,PIT,test,sub-08,linear_predictivity,5919,117,0.03296955061738308,"[0.02520554003289165, 0.02482913556421185, 0.0407248907334023, 0.030524137666093725, 0.04356404909031588]",,,,,
taskonomy/edge_texture,encoder.layer3.0.relu,IPS1,train,sub-08,linear_predictivity,5919,219,0.003255691491811855,,"[100000.0, 100000.0, 100000.0, 100000.0, 100000.0]",0.09770073338007408,1.2011422614560057,0.9020971741496682,0.9930935830016028
taskonomy/edge_texture,encoder.layer3.0.relu,IPS1,test,sub-08,linear_predictivity,5919,219,0.00016149540790301922,"[-0.004960930726921577, -0.0009027075388318409, 0.005157828332164981, 0.0053604498921406485, -0.003847162919037115]",,,,,
taskonomy/edge_texture,encoder.layer3.0.relu,MST,train,sub-08,linear_predictivity,5919,140,0.014091501015681296,,"[31622.776601683796, 100000.0, 31622.776601683796, 100000.0, 100000.0]",0.163575680154265,1.182316693042453,0.8368256148929765,0.9837213661008406
taskonomy/edge_texture,encoder.layer3.0.relu,MST,test,sub-08,linear_predictivity,5919,140,0.013343695463725474,"[-0.0008335418207739468, 0.017582513041703184, 0.009206079998574548, 0.019544030339753986, 0.021219395759369604]",,,,,
taskonomy/edge_texture,encoder.layer3.0.relu,MT,train,sub-08,linear_predictivity,5919,99,0.013261513931561842,,"[100000.0, 100000.0, 100000.0, 100000.0, 31622.776601683796]",0.13547694578502475,1.1820389757448089,0.8641180954988681,0.9829159807684545
taskonomy/edge_texture,encoder.layer3.0.relu,MT,test,sub-08,linear_predictivity,5919,99,0.017088427375352648,"[0.016538924193198978, 0.014023734419700989, 0.022410510599620227, 0.01871450825136141, 0.013754459412881623]",,,,,
taskonomy/edge_texture,encoder.layer3.0.relu,FST,train,sub-08,linear_predictivity,5919,149,0.01798501733388886,,"[31622.776601683796, 31622.776601683796, 31622.776601683796, 100000.0, 31622.776601683796]",0.2190437026757573,1.1708644901055338,0.7810637014297764,0.978628456816458
taskonomy/edge_texture,encoder.layer3.0.relu,FST,test,sub-08,linear_predictivity,5919,149,0.022455495191444907,"[0.006062041402991082, 0.029636755788421426, 0.018788225925678005, 0.02857864934929665, 0.029211803490837376]",,,,,
taskonomy/edge_texture,encoder.layer3.0.relu,LO1,train,sub-08,linear_predictivity,5919,79,-7.977714378276696e-05,,"[100000.0, 100000.0, 100000.0, 100000.0, 100000.0]",0.09934496258167701,1.196609331665203,0.9004627818056677,0.9966835775742094
taskonomy/edge_texture,encoder.layer3.0.relu,LO1,test,sub-08,linear_predictivity,5919,79,-0.02039902921987218,"[-0.03290212537094409, -0.028901210381254747, -0.012913201751502032, -0.0030282476529160727, -0.024250360942743947]",,,,,
taskonomy/edge_texture,encoder.layer3.0.relu,LO2,train,sub-08,linear_predictivity,5919,83,0.04642713364774079,,"[10000.0, 31622.776601683796, 31622.776601683796, 31622.776601683796, 31622.776601683796]",0.3097351470892483,1.1152789642565075,0.6896834801277811,0.9496251498568526
taskonomy/edge_texture,encoder.layer3.0.relu,LO2,test,sub-08,linear_predictivity,5919,83,0.11996849740380507,"[0.11799130613604644, 0.112539809937831, 0.12019936040312623, 0.11916875765055315, 0.12994325289146846]",,,,,
taskonomy/edge_texture,encoder.layer3.0.relu,LO3,train,sub-08,linear_predictivity,5919,125,0.008553145096544996,,"[100000.0, 100000.0, 100000.0, 100000.0, 100000.0]",0.10218715156459542,1.1984770655353452,0.8976694035216806,0.9888414539936331
taskonomy/edge_texture,encoder.layer3.0.relu,LO3,test,sub-08,linear_predictivity,5919,125,0.009970317260361466,"[0.005394851967488415, 0.006888513136965899, 0.015855092617844523, 0.016843703129466005, 0.004869425450042484]",,,,,
taskonomy/edge_texture,encoder.layer3.0.relu,V7,train,sub-08,linear_predictivity,5919,78,0.007744984072728352,,"[31622.776601683796, 31622.776601683796, 31622.776601683796, 100000.0, 31622.776601683796]",0.20836417297196608,1.1838651715096908,0.7907713182904208,0.9879270480079562
taskonomy/edge_texture,encoder.layer3.0.relu,V7,test,sub-08,linear_predictivity,5919,78,-0.025473314701925577,"[-0.03845630250374979, -0.028367016997570032, -0.02671452732550387, 0.00195419226155808, -0.03578291894436225]",,,,,
taskonomy/edge_texture,encoder.layer3.0.relu,IP0,train,sub-08,linear_predictivity,5919,151,0.0003981813467566236,,"[100000.0, 100000.0, 100000.0, 100000.0, 100000.0]",0.09625835604010284,1.1999336461362144,0.9035833228323265,0.9970466536425843
taskonomy/edge_texture,encoder.layer3.0.relu,IP0,test,sub-08,linear_predictivity,5919,151,-0.005592252961514886,"[-0.011792553946281766, -0.007760825777260156, -0.0019425562142042982, -0.0022135653351713033, -0.004251763534656903]",,,,,
taskonomy/edge_texture,encoder.layer3.0.relu,IP1,train,sub-08,linear_predictivity,5919,91,-0.005486629890097895,,"[316227.7660168379, 100000.0, 316227.7660168379, 1000000.0, 316227.7660168379]",0.04235946376829297,1.2100008852129707,0.9573518905786514,1.0019777790229845
taskonomy/edge_texture,encoder.layer3.0.relu,IP1,test,sub-08,linear_predictivity,5919,91,-0.008544117518934264,"[-0.010076677825580287, -0.013616337234684927, -0.007701085895772807, -0.0038012566425264546, -0.007525229996106852]",,,,,
taskonomy/edge_texture,encoder.layer3.0.relu,MIP,train,sub-08,linear_predictivity,5919,291,0.002679478990845559,,"[100000.0, 100000.0, 100000.0, 100000.0, 100000.0]",0.0947012419676003,1.1985508616018685,0.9051539565227136,0.9949305111172461
taskonomy/edge_texture,encoder.layer3.0.relu,MIP,test,sub-08,linear_predictivity,5919,291,-0.0043124341199443535,"[-0.011821470076010863, -0.0009869278430517914, 0.0017243337118470448, -0.0030596217930634836, -0.007418484599442673]",,,,,
taskonomy/edge_texture,encoder.layer3.0.relu,VIP,train,sub-08,linear_predictivity,5919,184,0.0007176268112311141,,"[100000.0, 100000.0, 100000.0, 100000.0, 100000.0]",0.09432904834281625,1.2079925237218727,0.9054590185613745,0.9955739880909942
taskonomy/edge_texture,encoder.layer3.0.relu,VIP,test,sub-08,linear_predictivity,5919,184,-0.0018885577949099331,"[-0.0014166387139361225, 0.00044992898779076747, 0.0019217256777705285, -0.00426067608398673, -0.0061371288421881096]",,,,,
taskonomy/edge_texture,encoder.layer3.0.relu,LIPd,train,sub-08,linear_predictivity,5919,77,-0.0012474310525621326,,"[100000.0, 100000.0, 100000.0, 100000.0, 100000.0]",0.09538922983023874,1.2005911101351465,0.904426471029535,0.9975709902625034
taskonomy/edge_texture,encoder.layer3.0.relu,LIPd,test,sub-08,linear_predictivity,5919,77,-0.0004989868649654489,"[-0.005963411123725738, -0.001622303039915341, 4.2286874047817855e-06, 0.005726603395350535, -0.0006400522439414816]",,,,,
taskonomy/edge_texture,encoder.layer3.0.relu,LIPv,train,sub-08,linear_predictivity,5919,251,-0.0029447212525830773,,"[100000.0, 100000.0, 100000.0, 316227.7660168379, 316227.7660168379]",0.07168975270264959,1.2068603501573023,0.9277903164754061,0.9991607519966573
taskonomy/edge_texture,encoder.layer3.0.relu,LIPv,test,sub-08,linear_predictivity,5919,251,0.002133166260293255,"[-0.0003505008503139051, 0.0023360365444417934, 0.00421059393595168, 0.0030311123813862523, 0.0014385892900004532]",,,,,
taskonomy/edge_texture,encoder.layer3.0.relu,AIP,train,sub-08,linear_predictivity,5919,387,-0.0033392813250213964,,"[100000.0, 100000.0, 100000.0, 316227.7660168379, 316227.7660168379]",0.07168051098927594,1.2049696364801938,0.9278992863453596,1.000194755464848
taskonomy/edge_texture,encoder.layer3.0.relu,AIP,test,sub-08,linear_predictivity,5919,387,-0.0006690437901458203,"[-0.00461167855565594, 0.0025464386958260906, -0.0017267163660026135, 0.0019166820449901235, -0.0014699447698867621]",,,,,
taskonomy/edge_texture,encoder.layer3.0.relu,7Pm,train,sub-08,linear_predictivity,5919,25,-0.006116714433165869,,"[316227.7660168379, 316227.7660168379, 100000.0, 1000000.0, 316227.7660168379]",0.04392244138954233,1.1981608744584618,0.9559324793124547,1.0019175769017765
taskonomy/edge_texture,encoder.layer3.0.relu,7Pm,test,sub-08,linear_predictivity,5919,25,-0.007070041202457235,"[-0.004247240735054336, -0.0022027996773375234, -0.026924325174804618, 0.00012069630261536179, -0.0020965367277050585]",,,,,
taskonomy/edge_texture,encoder.layer3.0.relu,7PL,train,sub-08,linear_predictivity,5919,91,0.011877139536616703,,"[100000.0, 100000.0, 31622.776601683796, 100000.0, 100000.0]",0.1297990412489625,1.1946223606342015,0.8699785952964441,0.9833896681489289
taskonomy/edge_texture,encoder.layer3.0.relu,7PL,test,sub-08,linear_predictivity,5919,91,0.020151938441802113,"[0.02680105614441609, 0.021558551325244594, 0.010028307064434602, 0.020870766129679825, 0.021501011545235454]",,,,,
taskonomy/edge_texture,encoder.layer3.0.relu,7PC,train,sub-08,linear_predictivity,5919,231,-0.003584222412023439,,"[100000.0, 100000.0, 100000.0, 316227.7660168379, 316227.7660168379]",0.07115593542086897,1.2074841335508733,0.9283564417490877,0.9998129505984743
taskonomy/edge_texture,encoder.layer3.0.relu,7PC,test,sub-08,linear_predictivity,5919,231,0.0033133994827947454,"[0.0012220969561519085, 0.003147823961097228, 0.005424316381838916, 0.004148302477345003, 0.002624457637540672]",,,,,
taskonomy/edge_texture,encoder.layer3.0.relu,7Am,train,sub-08,linear_predictivity,5919,136,0.000799499037985187,,"[100000.0, 100000.0, 100000.0, 100000.0, 100000.0]",0.09717785162796114,1.1962835427186564,0.9025831677848133,0.9948066538149029
taskonomy/edge_texture,encoder.layer3.0.relu,7Am,test,sub-08,linear_predictivity,5919,136,0.012747250983877068,"[0.01635311283162133, 0.014187989253055415, 0.011576346344663577, 0.013701756090895221, 0.007917050399149786]",,,,,
taskonomy/edge_texture,encoder.layer3.0.relu,7AL,train,sub-08,linear_predictivity,5919,234,-0.003194699741273089,,"[100000.0, 316227.7660168379, 100000.0, 316227.7660168379, 100000.0]",0.06848198090461463,1.2197968116895506,0.9312040609654707,0.9988623287001559
taskonomy/edge_texture,encoder.layer3.0.relu,7AL,test,sub-08,linear_predictivity,5919,234,0.0024139424103391373,"[0.0014913368304134875, 0.004346390172536808, 0.005965303008081455, 0.003885810720546555, -0.0036191286798826225]",,,,,
taskonomy/edge_texture,encoder.layer3.0.relu,VVC,train,sub-08,linear_predictivity,5919,199,0.00532280610436694,,"[100000.0, 100000.0, 100000.0, 100000.0, 100000.0]",0.10118811784134385,1.1974845103215384,0.8986377130828311,0.99145820291318
taskonomy/edge_texture,encoder.layer3.0.relu,VVC,test,sub-08,linear_predictivity,5919,199,0.019086378017621468,"[0.010337598242638326, 0.01921540144266557, 0.01820022465589725, 0.02737683631053067, 0.020301829436375513]",,,,,
taskonomy/edge_texture,encoder.layer3.0.relu,VMV2,train,sub-08,linear_predictivity,5919,94,0.0026736276452103704,,"[100000.0, 100000.0, 100000.0, 100000.0, 100000.0]",0.09684619611315219,1.1915967708012736,0.9029395225770276,0.9933406726910633
taskonomy/edge_texture,encoder.layer3.0.relu,VMV2,test,sub-08,linear_predictivity,5919,94,-0.0022319226507794285,"[-0.0029838582244658242, -0.0030308471880239308, 0.0005347977213442072, -0.006572486510743612, 0.0008927809479920178]",,,,,
taskonomy/edge_texture,encoder.layer3.0.relu,VMV3,train,sub-08,linear_predictivity,5919,107,0.0036262684738150325,,"[100000.0, 100000.0, 100000.0, 100000.0, 100000.0]",0.09691089251974225,1.2037318444808116,0.9029951520623394,0.994446058964947
taskonomy/edge_texture,encoder.layer3.0.relu,VMV3,test,sub-08,linear_predictivity,5919,107,-0.006670895736694366,"[-0.010149289886019203, -0.006401791645007933, -0.009688600446676555, -0.0009109164584469418, -0.0062038802473211975]",,,,,
taskonomy/edge_texture,encoder.layer3.0.relu,VMV1,train,sub-08,linear_predictivity,5919,44,0.006145940987546955,,"[100000.0, 100000.0, 100000.0, 100000.0, 100000.0]",0.09944739606288132,1.1964345434477006,0.9003911062964935,0.9910795618073347
taskonomy/edge_texture,encoder.layer3.0.relu,VMV1,test,sub-08,linear_predictivity,5919,44,0.013665338727641706,"[0.01425579456521559, 0.01362028800528872, 0.00999337760113524, 0.01212911048420438, 0.018328122982364612]",,,,,
taskonomy/edge_texture,encoder.layer3.0.relu,PHA2,train,sub-08,linear_predictivity,5919,13,0.003786105492728092,,"[100000.0, 100000.0, 100000.0, 100000.0, 100000.0]",0.09767279479168609,1.1931313877856735,0.9021438066313638,0.992869002636172
taskonomy/edge_texture,encoder.layer3.0.relu,PHA2,test,sub-08,linear_predictivity,5919,13,0.020795734884703036,"[0.018743132341589787, 0.017615463987664424, 0.031203258486223524, 0.020633232799133136, 0.015783586808904314]",,,,,
taskonomy/edge_texture,encoder.layer3.0.relu,PHA3,train,sub-08,linear_predictivity,5919,55,0.018756954546387164,,"[31622.776601683796, 31622.776601683796, 31622.776601683796, 31622.776601683796, 31622.776601683796]",0.23182719942858107,1.1868968263700892,0.767973340454187,0.9770489539658914
taskonomy/edge_texture,encoder.layer3.0.relu,PHA3,test,sub-08,linear_predictivity,5919,55,-0.000630291367096204,"[0.013682373053736886, -0.01230614147369917, 0.0007058631223014937, -0.0005185386108609181, -0.004715012926959312]",,,,,
taskonomy/edge_texture,encoder.layer3.0.relu,PH,train,sub-08,linear_predictivity,5919,350,0.020926290070289687,,"[31622.776601683796, 31622.776601683796, 31622.776601683796, 31622.776601683796, 31622.776601683796]",0.24492310788596358,1.1625841180479246,0.754850258728588,0.9744652160848268
taskonomy/edge_texture,encoder.layer3.0.relu,PH,test,sub-08,linear_predictivity,5919,350,0.025309203333773594,"[0.012724663119297465, 0.02234343274168922, 0.029714336560660064, 0.028287805566587824, 0.0334757786806334]",,,,,
taskonomy/edge_texture,encoder.layer3.1.relu,V1,train,sub-08,linear_predictivity,5919,560,0.07136678326445896,,"[31622.776601683796, 31622.776601683796, 31622.776601683796, 31622.776601683796, 31622.776601683796]",0.2875291496041404,1.124695825104463,0.7122859372417488,0.925165547576993
taskonomy/edge_texture,encoder.layer3.1.relu,V1,test,sub-08,linear_predictivity,5919,560,0.11034352804685639,"[0.10397862050975847, 0.11632939885896781, 0.11481096371623976, 0.1131388349712529, 0.10345982217806292]",,,,,
taskonomy/edge_texture,encoder.layer3.1.relu,V2,train,sub-08,linear_predictivity,5919,482,0.04792893874668445,,"[31622.776601683796, 31622.776601683796, 31622.776601683796, 31622.776601683796, 31622.776601683796]",0.26607436134650264,1.1464269028157872,0.7337451605721987,0.9487282033967137
taskonomy/edge_texture,encoder.layer3.1.relu,V2,test,sub-08,linear_predictivity,5919,482,0.058825856094494255,"[0.05173668737912136, 0.06411798153093959, 0.06314028067532866, 0.06089079538183118, 0.05424353550525051]",,,,,
taskonomy/edge_texture,encoder.layer3.1.relu,V3,train,sub-08,linear_predictivity,5919,458,0.022291543011286132,,"[31622.776601683796, 31622.776601683796, 31622.776601683796, 31622.776601683796, 31622.776601683796]",0.2477435158195056,1.1695160175781578,0.7520976797794223,0.9745868300094109
taskonomy/edge_texture,encoder.layer3.1.relu,V3,test,sub-08,linear_predictivity,5919,458,0.03481602861140627,"[0.02897360479603411, 0.03509218233951105, 0.03821600899758525, 0.03922475194427766, 0.032573594979623276]",,,,,
taskonomy/edge_texture,encoder.layer3.1.relu,V4,train,sub-08,linear_predictivity,5919,604,0.014218779633055687,,"[31622.776601683796, 31622.776601683796, 31622.776601683796, 31622.776601683796, 31622.776601683796]",0.23962854847603557,1.1833174055099218,0.760232712771265,0.9830003112927919
taskonomy/edge_texture,encoder.layer3.1.relu,V4,test,sub-08,linear_predictivity,5919,604,0.002124297684824457,"[-0.006974153999903026, -0.001550421132943061, 0.005118140546361212, 0.00950915355513697, 0.00451876945547019]",,,,,
taskonomy/edge_texture,encoder.layer3.1.relu,V3A,train,sub-08,linear_predictivity,5919,226,0.00160481919226046,,"[100000.0, 100000.0, 100000.0, 100000.0, 100000.0]",0.0975449084072062,1.205182231360236,0.9022504197502208,0.994797065265946
taskonomy/edge_texture,encoder.layer3.1.relu,V3A,test,sub-08,linear_predictivity,5919,226,0.00768344570760057,"[0.005147123469493617, 0.011178814951789873, 0.00809596067752583, 0.011744360318460743, 0.002250969120732787]",,,,,
taskonomy/edge_texture,encoder.layer3.1.relu,V3B,train,sub-08,linear_predictivity,5919,147,0.0076210069527152605,,"[100000.0, 31622.776601683796, 100000.0, 100000.0, 100000.0]",0.12989261297541563,1.1865076944844026,0.8699579603425054,0.9897100250937836
taskonomy/edge_texture,encoder.layer3.1.relu,V3B,test,sub-08,linear_predictivity,5919,147,-0.0010385155332486848,"[-0.012901095836797608, -0.0019849317036036494, 0.001949036276195963, 0.010295233985317365, -0.0025508203873554946]",,,,,
taskonomy/edge_texture,encoder.layer3.1.relu,V6,train,sub-08,linear_predictivity,5919,105,0.0008643696808447749,,"[100000.0, 100000.0, 100000.0, 100000.0, 100000.0]",0.09954364991102065,1.1865686710251597,0.900251601971228,0.9955221978547927
taskonomy/edge_texture,encoder.layer3.1.relu,V6,test,sub-08,linear_predictivity,5919,105,0.031719612466489765,"[0.03171599373730223, 0.027281646414562093, 0.030822365513145315, 0.03125625136307265, 0.03752180530436654]",,,,,
taskonomy/edge_texture,encoder.layer3.1.relu,V6A,train,sub-08,linear_predictivity,5919,84,0.006504793501102013,,"[100000.0, 31622.776601683796, 31622.776601683796, 100000.0, 100000.0]",0.15801161983692344,1.1841525876921295,0.8415653240456022,0.9886952220196111
taskonomy/edge_texture,encoder.layer3.1.relu,V6A,test,sub-08,linear_predictivity,5919,84,0.015260596598250678,"[0.022742758968688798, 0.007421190466749776, 0.007593992197274996, 0.022965001239947245, 0.015580040118592582]",,,,,
taskonomy/edge_texture,encoder.layer3.1.relu,V7,train,sub-08,linear_predictivity,5919,78,0.01228593348919021,,"[31622.776601683796, 31622.776601683796, 31622.776601683796, 31622.776601683796, 31622.776601683796]",0.2397696965939821,1.177486602664892,0.7600463875775019,0.9831972800167457
taskonomy/edge_texture,encoder.layer3.1.relu,V7,test,sub-08,linear_predictivity,5919,78,-0.025690215937076755,"[-0.0365249480602207, -0.024210677477674195, -0.02582095665887543, -0.008254585813773415, -0.03363991167484004]",,,,,
taskonomy/edge_texture,encoder.layer3.1.relu,V8,train,sub-08,linear_predictivity,5919,112,0.022657321527438948,,"[31622.776601683796, 31622.776601683796, 31622.776601683796, 31622.776601683796, 31622.776601683796]",0.24430877361859352,1.1821892713050655,0.7556008541374726,0.9752491872589788
taskonomy/edge_texture,encoder.layer3.1.relu,V8,test,sub-08,linear_predictivity,5919,112,0.024031875609744957,"[0.003041037756856887, 0.037094908994323154, 0.019240357322817085, 0.031048644618980988, 0.029734429355746682]",,,,,
taskonomy/edge_texture,encoder.layer3.1.relu,FFC,train,sub-08,linear_predictivity,5919,275,0.030356792571483913,,"[31622.776601683796, 31622.776601683796, 31622.776601683796, 31622.776601683796, 31622.776601683796]",0.25502667383521194,1.1518528613090662,0.7447657240601971,0.9656652089890351
taskonomy/edge_texture,encoder.layer3.1.relu,FFC,test,sub-08,linear_predictivity,5919,275,0.05684115653595447,"[0.05112446847741399, 0.05426397620325866, 0.05498618497122912, 0.05776669040416908, 0.06606446262370153]",,,,,
taskonomy/edge_texture,encoder.layer3.1.relu,PIT,train,sub-08,linear_predictivity,5919,117,0.01816256405280543,,"[31622.776601683796, 31622.776601683796, 31622.776601683796, 31622.776601683796, 31622.776601683796]",0.24363529211480522,1.1703365058889166,0.7562059563211294,0.9789879765096465
taskonomy/edge_texture,encoder.layer3.1.relu,PIT,test,sub-08,linear_predictivity,5919,117,0.039813234581172904,"[0.03308093309044549, 0.030054024591012245, 0.0481570208849902, 0.0369244334183558, 0.05084976092106078]",,,,,
taskonomy/edge_texture,encoder.layer3.1.relu,IPS1,train,sub-08,linear_predictivity,5919,219,0.0032724411158142064,,"[100000.0, 31622.776601683796, 100000.0, 100000.0, 100000.0]",0.1254763555126444,1.1955888880264214,0.873993165120447,0.9930234973099271
taskonomy/edge_texture,encoder.layer3.1.relu,IPS1,test,sub-08,linear_predictivity,5919,219,-0.00034264221789495104,"[-0.002601860649177469, -0.012044035685943684, 0.006831854225989805, 0.007497362465734792, -0.001396531446078201]",,,,,
taskonomy/edge_texture,encoder.layer3.1.relu,MST,train,sub-08,linear_predictivity,5919,140,0.014983241946617275,,"[31622.776601683796, 100000.0, 31622.776601683796, 31622.776601683796, 31622.776601683796]",0.21904931469729236,1.175694578486441,0.7809189365251155,0.9827621151514407
taskonomy/edge_texture,encoder.layer3.1.relu,MST,test,sub-08,linear_predictivity,5919,140,0.011230942062738867,"[0.00038132585789643706, 0.01850137920480152, 0.009422048618355418, 0.011578015202320479, 0.016271941430320482]",,,,,
taskonomy/edge_texture,encoder.layer3.1.relu,MT,train,sub-08,linear_predictivity,5919,99,0.01669436638974711,,"[31622.776601683796, 31622.776601683796, 31622.776601683796, 31622.776601683796, 31622.776601683796]",0.24317140632529616,1.1732484834199177,0.7566520415494475,0.9794932701149106
taskonomy/edge_texture,encoder.layer3.1.relu,MT,test,sub-08,linear_predictivity,5919,99,0.02161425529445523,"[0.01814977448735837, 0.01790250386609409, 0.02982451759696721, 0.021498658512695036, 0.02069582200916145]",,,,,
taskonomy/edge_texture,encoder.layer3.1.relu,FST,train,sub-08,linear_predictivity,5919,149,0.020731380534823336,,"[31622.776601683796, 31622.776601683796, 31622.776601683796, 31622.776601683796, 31622.776601683796]",0.2497793449693865,1.1614721699992376,0.7500692581925582,0.9758933391627334
taskonomy/edge_texture,encoder.layer3.1.relu,FST,test,sub-08,linear_predictivity,5919,149,0.024593399224903105,"[0.007404675217652535, 0.03296022081149543, 0.020068802208165527, 0.030938995064237182, 0.03159430282296486]",,,,,
taskonomy/edge_texture,encoder.layer3.1.relu,LO1,train,sub-08,linear_predictivity,5919,79,0.0007101359763636255,,"[100000.0, 31622.776601683796, 100000.0, 100000.0, 100000.0]",0.12865211294676795,1.1869841406708332,0.8708967992757437,0.9958588159827568
taskonomy/edge_texture,encoder.layer3.1.relu,LO1,test,sub-08,linear_predictivity,5919,79,-0.01808988718527212,"[-0.02922838831939262, -0.03065225676030103, -0.010100489198251876, -0.0009519184657383631, -0.019516383182676705]",,,,,
taskonomy/edge_texture,encoder.layer3.1.relu,LO2,train,sub-08,linear_predictivity,5919,83,0.051533703159868056,,"[10000.0, 31622.776601683796, 31622.776601683796, 31622.776601683796, 31622.776601683796]",0.31573262564839555,1.1029700019564441,0.6836839218607247,0.944536732837354
taskonomy/edge_texture,encoder.layer3.1.relu,LO2,test,sub-08,linear_predictivity,5919,83,0.1287398867286338,"[0.13253677353839685, 0.119253703438218, 0.12813833102727223, 0.12648650659245148, 0.13728411904683038]",,,,,
taskonomy/edge_texture,encoder.layer3.1.relu,LO3,train,sub-08,linear_predictivity,5919,125,0.00949539827140323,,"[100000.0, 31622.776601683796, 31622.776601683796, 100000.0, 100000.0]",0.15581519741641287,1.1896124869105504,0.8437649054276235,0.9878304480445049
taskonomy/edge_texture,encoder.layer3.1.relu,LO3,test,sub-08,linear_predictivity,5919,125,0.013112111417003275,"[0.008707400908916958, 0.00711957341145764, 0.021980329806725873, 0.01940009938307451, 0.008353153574841404]",,,,,
taskonomy/edge_texture,encoder.layer3.1.relu,V7,train,sub-08,linear_predictivity,5919,78,0.01228593348919021,,"[31622.776601683796, 31622.776601683796, 31622.776601683796, 31622.776601683796, 31622.776601683796]",0.2397696965939821,1.177486602664892,0.7600463875775019,0.9831972800167457
taskonomy/edge_texture,encoder.layer3.1.relu,V7,test,sub-08,linear_predictivity,5919,78,-0.025690215937076755,"[-0.0365249480602207, -0.024210677477674195, -0.02582095665887543, -0.008254585813773415, -0.03363991167484004]",,,,,
taskonomy/edge_texture,encoder.layer3.1.relu,IP0,train,sub-08,linear_predictivity,5919,151,0.001058519614698581,,"[100000.0, 100000.0, 100000.0, 100000.0, 100000.0]",0.09801073806389025,1.1940216053543853,0.901830265299758,0.9963898774894311
taskonomy/edge_texture,encoder.layer3.1.relu,IP0,test,sub-08,linear_predictivity,5919,151,-0.0036349140072056653,"[-0.008961838734146401, -0.006143893358255229, -0.00016758482133865223, -0.0007672126711778695, -0.0021340404511101733]",,,,,
taskonomy/edge_texture,encoder.layer3.1.relu,IP1,train,sub-08,linear_predictivity,5919,91,-0.004994221897571469,,"[316227.7660168379, 100000.0, 100000.0, 316227.7660168379, 316227.7660168379]",0.05921763442013363,1.2040931034178939,0.9404887709987992,1.001471680220504
taskonomy/edge_texture,encoder.layer3.1.relu,IP1,test,sub-08,linear_predictivity,5919,91,-0.00983310686066625,"[-0.00872656814940452, -0.011170625779817334, -0.017307431657448927, -0.005540484491335569, -0.006420424225324901]",,,,,
taskonomy/edge_texture,encoder.layer3.1.relu,MIP,train,sub-08,linear_predictivity,5919,291,0.0036016530331578465,,"[100000.0, 100000.0, 100000.0, 100000.0, 100000.0]",0.09656696016542562,1.1962022386611453,0.9032866382715014,0.9940029385869729
taskonomy/edge_texture,encoder.layer3.1.relu,MIP,test,sub-08,linear_predictivity,5919,291,-0.002363101861656655,"[-0.009697234051446835, 0.000809328143763032, 0.0031225004441895188, -0.0007494360591111813, -0.00530066778567781]",,,,,
taskonomy/edge_texture,encoder.layer3.1.relu,VIP,train,sub-08,linear_predictivity,5919,184,0.0014058238044603493,,"[100000.0, 100000.0, 100000.0, 100000.0, 100000.0]",0.09606008277486824,1.2083196377067567,0.9037287822760114,0.9948987397513728
taskonomy/edge_texture,encoder.layer3.1.relu,VIP,test,sub-08,linear_predictivity,5919,184,-0.0009523172165478251,"[-0.0003522380632895142, 0.0010920124256892094, 0.002688490167258915, -0.0032948516918314213, -0.004894998920566314]",,,,,
taskonomy/edge_texture,encoder.layer3.1.relu,LIPd,train,sub-08,linear_predictivity,5919,77,-0.0006217661177131258,,"[100000.0, 100000.0, 100000.0, 100000.0, 100000.0]",0.0971449065499,1.1909563951845628,0.90267248936863,0.9969651163738504
taskonomy/edge_texture,encoder.layer3.1.relu,LIPd,test,sub-08,linear_predictivity,5919,77,0.002963014656865094,"[-0.0023628148835659565, 0.00186490569807911, 0.00316675069523552, 0.008993429041446696, 0.0031528027331300993]",,,,,
taskonomy/edge_texture,encoder.layer3.1.relu,LIPv,train,sub-08,linear_predictivity,5919,251,-0.0005067570671012865,,"[100000.0, 100000.0, 100000.0, 100000.0, 100000.0]",0.09665353048419215,1.1980064335586902,0.9031388662044861,0.9966501081646582
taskonomy/edge_texture,encoder.layer3.1.relu,LIPv,test,sub-08,linear_predictivity,5919,251,0.004643524339369624,"[0.001744602277584193, 0.0056291328016643315, 0.006799542309115144, 0.004885184355302508, 0.004159159953181942]",,,,,
taskonomy/edge_texture,encoder.layer3.1.relu,AIP,train,sub-08,linear_predictivity,5919,387,-0.002744573134907699,,"[100000.0, 100000.0, 100000.0, 316227.7660168379, 100000.0]",0.08438392805561236,1.2018013677288057,0.9153188158351329,0.9995886489513227
taskonomy/edge_texture,encoder.layer3.1.relu,AIP,test,sub-08,linear_predictivity,5919,387,-0.00029546344232359945,"[-0.002780213824895087, 0.004327462352678068, 0.00040235464495089456, 0.00213740347399927, -0.005564323858351142]",,,,,
taskonomy/edge_texture,encoder.layer3.1.relu,7Pm,train,sub-08,linear_predictivity,5919,25,-0.005065352083505225,,"[316227.7660168379, 100000.0, 100000.0, 316227.7660168379, 316227.7660168379]",0.061195975470937594,1.1906529756193578,0.9386098496662518,1.0008850790144221
taskonomy/edge_texture,encoder.layer3.1.relu,7Pm,test,sub-08,linear_predictivity,5919,25,-0.008134657928960305,"[-0.0037665518151652755, -0.011906445453569878, -0.025367373459220438, 0.002150718443719288, -0.0017836373605652155]",,,,,
taskonomy/edge_texture,encoder.layer3.1.relu,7PL,train,sub-08,linear_predictivity,5919,91,0.014392530673405663,,"[31622.776601683796, 31622.776601683796, 31622.776601683796, 100000.0, 100000.0]",0.18183727994659943,1.1913903406411093,0.8175366298040782,0.9809047678827568
taskonomy/edge_texture,encoder.layer3.1.relu,7PL,test,sub-08,linear_predictivity,5919,91,0.012788074746599593,"[0.013078722712639866, -0.0017374119828907958, 0.008767114786972249, 0.022107866853116897, 0.021724081363159748]",,,,,
taskonomy/edge_texture,encoder.layer3.1.relu,7PC,train,sub-08,linear_predictivity,5919,231,-0.002858672908024432,,"[100000.0, 100000.0, 100000.0, 316227.7660168379, 100000.0]",0.08381319967369262,1.204847354379477,0.9156897763794749,0.9991004427821922
taskonomy/edge_texture,encoder.layer3.1.relu,7PC,test,sub-08,linear_predictivity,5919,231,0.003746180233775363,"[0.002450841433358601, 0.00473719678934727, 0.006279204610984345, 0.004216384019667668, 0.0010472743155189343]",,,,,
taskonomy/edge_texture,encoder.layer3.1.relu,7Am,train,sub-08,linear_predictivity,5919,136,0.001426381195503756,,"[100000.0, 100000.0, 100000.0, 100000.0, 100000.0]",0.09876535927311973,1.1914121879789223,0.9009964705439805,0.9941863447357816
taskonomy/edge_texture,encoder.layer3.1.relu,7Am,test,sub-08,linear_predictivity,5919,136,0.012504038026459214,"[0.015882652424350507, 0.013586395299984733, 0.011416815653750105, 0.013730885298296979, 0.007903441455913752]",,,,,
taskonomy/edge_texture,encoder.layer3.1.relu,7AL,train,sub-08,linear_predictivity,5919,234,-0.0027834242416694245,,"[100000.0, 316227.7660168379, 100000.0, 316227.7660168379, 100000.0]",0.06963889214506398,1.2176848850106483,0.9300483086424892,0.9984692092428155
taskonomy/edge_texture,encoder.layer3.1.relu,7AL,test,sub-08,linear_predictivity,5919,234,0.0025023893506546774,"[0.0017585506556293787, 0.004318545981406218, 0.006305634295143915, 0.00398869098193292, -0.0038594751608390437]",,,,,
taskonomy/edge_texture,encoder.layer3.1.relu,VVC,train,sub-08,linear_predictivity,5919,199,0.00660678831512383,,"[100000.0, 100000.0, 100000.0, 100000.0, 100000.0]",0.10347840689289971,1.191382658570917,0.8963479664814802,0.9901837305469282
taskonomy/edge_texture,encoder.layer3.1.relu,VVC,test,sub-08,linear_predictivity,5919,199,0.02157143205354786,"[0.013282586718094517, 0.021785442120271246, 0.020261553465863873, 0.02946495559205666, 0.023062622371452998]",,,,,
taskonomy/edge_texture,encoder.layer3.1.relu,VMV2,train,sub-08,linear_predictivity,5919,94,0.003706881220054453,,"[100000.0, 100000.0, 100000.0, 100000.0, 100000.0]",0.09875487730888761,1.1889922224741034,0.901031323253495,0.9923084090131102
taskonomy/edge_texture,encoder.layer3.1.relu,VMV2,test,sub-08,linear_predictivity,5919,94,-0.0024493531186139126,"[-0.002521266708470967, -0.003579696034332526, -0.00020039282158222383, -0.006499185649539179, 0.0005537756208553339]",,,,,
taskonomy/edge_texture,encoder.layer3.1.relu,VMV3,train,sub-08,linear_predictivity,5919,107,0.004291142321405335,,"[100000.0, 100000.0, 100000.0, 100000.0, 100000.0]",0.0986248525572114,1.2009556812509508,0.9012833003652444,0.9938062052654196
taskonomy/edge_texture,encoder.layer3.1.relu,VMV3,test,sub-08,linear_predictivity,5919,107,-0.006570835324171588,"[-0.009088853138866898, -0.0067434781539001225, -0.01068822869118307, -0.0011429239118095715, -0.0051906927250982785]",,,,,
taskonomy/edge_texture,encoder.layer3.1.relu,VMV1,train,sub-08,linear_predictivity,5919,44,0.006552534184611002,,"[100000.0, 100000.0, 100000.0, 100000.0, 100000.0]",0.10087116750442611,1.1927011558097298,0.8989679286090908,0.99067867555396
taskonomy/edge_texture,encoder.layer3.1.relu,VMV1,test,sub-08,linear_predictivity,5919,44,0.013686342882049484,"[0.014188450215516844, 0.013553518421839293, 0.009920300040312913, 0.012272073676830392, 0.018497372055747977]",,,,,
taskonomy/edge_texture,encoder.layer3.1.relu,PHA2,train,sub-08,linear_predictivity,5919,13,0.003963762645172904,,"[31622.776601683796, 100000.0, 100000.0, 100000.0, 100000.0]",0.1251399847310108,1.1928024826901418,0.8746984219725469,0.9927403324220464
taskonomy/edge_texture,encoder.layer3.1.relu,PHA2,test,sub-08,linear_predictivity,5919,13,0.01836338831000106,"[0.009170560741332233, 0.016348971130418905, 0.031068330216770586, 0.019762184451419237, 0.01546689501006434]",,,,,
taskonomy/edge_texture,encoder.layer3.1.relu,PHA3,train,sub-08,linear_predictivity,5919,55,0.02157923300598412,,"[31622.776601683796, 31622.776601683796, 31622.776601683796, 31622.776601683796, 31622.776601683796]",0.23675851301674083,1.1831657298732379,0.7630428375593712,0.9742358407136301
taskonomy/edge_texture,encoder.layer3.1.relu,PHA3,test,sub-08,linear_predictivity,5919,55,-0.0025956992525304396,"[0.012555140622565521, -0.015093729604174357, -0.0018453252365707535, -0.0019346247037154395, -0.00665995734075717]",,,,,
taskonomy/edge_texture,encoder.layer3.1.relu,PH,train,sub-08,linear_predictivity,5919,350,0.024183574887237602,,"[31622.776601683796, 31622.776601683796, 31622.776601683796, 31622.776601683796, 31622.776601683796]",0.25025957154649675,1.1528475283513904,0.7495138295675619,0.9712091870496595
taskonomy/edge_texture,encoder.layer3.1.relu,PH,test,sub-08,linear_predictivity,5919,350,0.03214771666097251,"[0.019141594200576137, 0.02899270957022531, 0.03697139282197033, 0.03559970400725078, 0.04003318270483999]",,,,,
taskonomy/edge_texture,encoder.layer3.2.relu,V1,train,sub-08,linear_predictivity,5919,560,0.07149737579354751,,"[31622.776601683796, 31622.776601683796, 31622.776601683796, 31622.776601683796, 31622.776601683796]",0.2876752303104991,1.1244680345397715,0.7121389742536832,0.9250218123012026
taskonomy/edge_texture,encoder.layer3.2.relu,V1,test,sub-08,linear_predictivity,5919,560,0.11028201468669321,"[0.10387812092752323, 0.1163018766403432, 0.11481409512239212, 0.11307521099165782, 0.10334076975154975]",,,,,
taskonomy/edge_texture,encoder.layer3.2.relu,V2,train,sub-08,linear_predictivity,5919,482,0.04789633060891993,,"[31622.776601683796, 31622.776601683796, 31622.776601683796, 31622.776601683796, 31622.776601683796]",0.26609154250081335,1.1467028375742578,0.7337273333318345,0.9487518950168914
taskonomy/edge_texture,encoder.layer3.2.relu,V2,test,sub-08,linear_predictivity,5919,482,0.05879800612211135,"[0.051740341788464726, 0.06429004064093091, 0.06314151071730542, 0.06078501884138156, 0.05403311862247409]",,,,,
taskonomy/edge_texture,encoder.layer3.2.relu,V3,train,sub-08,linear_predictivity,5919,458,0.022238420363359896,,"[31622.776601683796, 31622.776601683796, 31622.776601683796, 31622.776601683796, 31622.776601683796]",0.24772724986049596,1.1700052551274098,0.7521139635553338,0.974638836244311
taskonomy/edge_texture,encoder.layer3.2.relu,V3,test,sub-08,linear_predictivity,5919,458,0.03438716571041606,"[0.028810310868334323, 0.034613191992874874, 0.03774101310629063, 0.038769548200815546, 0.03200176438376489]",,,,,
taskonomy/edge_texture,encoder.layer3.2.relu,V4,train,sub-08,linear_predictivity,5919,604,0.01410038624363566,,"[31622.776601683796, 31622.776601683796, 31622.776601683796, 31622.776601683796, 31622.776601683796]",0.23955693947090642,1.1836394048522874,0.7603047515201695,0.9831208463452503
taskonomy/edge_texture,encoder.layer3.2.relu,V4,test,sub-08,linear_predictivity,5919,604,0.001805546128070554,"[-0.0071291919473604045, -0.001704668466283723, 0.00464547369731415, 0.009206418223896269, 0.00400969913278648]",,,,,
taskonomy/edge_texture,encoder.layer3.2.relu,V3A,train,sub-08,linear_predictivity,5919,226,0.001562330737529002,,"[100000.0, 100000.0, 100000.0, 100000.0, 100000.0]",0.0975323597432288,1.205888302076354,0.9022629366649596,0.994839313186801
taskonomy/edge_texture,encoder.layer3.2.relu,V3A,test,sub-08,linear_predictivity,5919,226,0.007769793937135626,"[0.005295555124814267, 0.011242727957207658, 0.008164036046454782, 0.011872422904210098, 0.0022742276529913266]",,,,,
taskonomy/edge_texture,encoder.layer3.2.relu,V3B,train,sub-08,linear_predictivity,5919,147,0.007563037743169833,,"[100000.0, 31622.776601683796, 100000.0, 100000.0, 100000.0]",0.1297934093636915,1.1870222147620624,0.870057271309071,0.989768919819668
taskonomy/edge_texture,encoder.layer3.2.relu,V3B,test,sub-08,linear_predictivity,5919,147,-0.0010089055264625641,"[-0.012759435391652238, -0.0017453176174192222, 0.001840854793888656, 0.010328167176100982, -0.002708796593230997]",,,,,
taskonomy/edge_texture,encoder.layer3.2.relu,V6,train,sub-08,linear_predictivity,5919,105,0.0008871440207362027,,"[100000.0, 100000.0, 100000.0, 100000.0, 100000.0]",0.09957918676780553,1.185794133315413,0.9002164282548369,0.9955015015520778
taskonomy/edge_texture,encoder.layer3.2.relu,V6,test,sub-08,linear_predictivity,5919,105,0.031723150652088396,"[0.031950355290590725, 0.027235993875413023, 0.03079005331565902, 0.031233503796862, 0.03740584698191721]",,,,,
taskonomy/edge_texture,encoder.layer3.2.relu,V6A,train,sub-08,linear_predictivity,5919,84,0.0065357806499784146,,"[100000.0, 31622.776601683796, 100000.0, 100000.0, 100000.0]",0.13277595962516897,1.1839550082185988,0.8665320506710094,0.9886919869663731
taskonomy/edge_texture,encoder.layer3.2.relu,V6A,test,sub-08,linear_predictivity,5919,84,0.01787265462576002,"[0.022905236715134076, 0.007647486015905657, 0.020150601904452812, 0.023080474856364105, 0.015579473636943444]",,,,,
taskonomy/edge_texture,encoder.layer3.2.relu,V7,train,sub-08,linear_predictivity,5919,78,0.012021866382777587,,"[31622.776601683796, 31622.776601683796, 31622.776601683796, 31622.776601683796, 31622.776601683796]",0.23959055160924309,1.178404275032848,0.7602262028978034,0.9834640684007059
taskonomy/edge_texture,encoder.layer3.2.relu,V7,test,sub-08,linear_predictivity,5919,78,-0.02560491628463334,"[-0.03589295935139091, -0.024301811595087146, -0.026065131841637737, -0.007985577102686773, -0.03377910153236414]",,,,,
taskonomy/edge_texture,encoder.layer3.2.relu,V8,train,sub-08,linear_predictivity,5919,112,0.022563267116894836,,"[31622.776601683796, 31622.776601683796, 31622.776601683796, 31622.776601683796, 31622.776601683796]",0.24427653866296253,1.1825670064813167,0.7556335405604477,0.9753429991396978
taskonomy/edge_texture,encoder.layer3.2.relu,V8,test,sub-08,linear_predictivity,5919,112,0.02356309587285499,"[0.0027258033316377725, 0.036834865713118684, 0.018686552171498914, 0.03051706463947193, 0.029051193508547644]",,,,,
taskonomy/edge_texture,encoder.layer3.2.relu,FFC,train,sub-08,linear_predictivity,5919,275,0.03017178794756351,,"[31622.776601683796, 31622.776601683796, 31622.776601683796, 31622.776601683796, 31622.776601683796]",0.2548632795381995,1.1526014606106623,0.7449290520914795,0.9658466350969264
taskonomy/edge_texture,encoder.layer3.2.relu,FFC,test,sub-08,linear_predictivity,5919,275,0.05626719093732736,"[0.05084240835591296, 0.05356534869904514, 0.054317150174113045, 0.057264039826538285, 0.06534700763102735]",,,,,
taskonomy/edge_texture,encoder.layer3.2.relu,PIT,train,sub-08,linear_predictivity,5919,117,0.017879746210017627,,"[31622.776601683796, 31622.776601683796, 31622.776601683796, 31622.776601683796, 31622.776601683796]",0.2433737465018538,1.1715421651607953,0.7564677298265714,0.9792723124791873
taskonomy/edge_texture,encoder.layer3.2.relu,PIT,test,sub-08,linear_predictivity,5919,117,0.03853255607527528,"[0.03232352364631145, 0.02854873137398567, 0.04682075157484413, 0.03574926204267969, 0.049220511738555475]",,,,,
taskonomy/edge_texture,encoder.layer3.2.relu,IPS1,train,sub-08,linear_predictivity,5919,219,0.003254282265990372,,"[100000.0, 31622.776601683796, 100000.0, 100000.0, 100000.0]",0.12547366445493263,1.1952459681579657,0.8739962134824873,0.9930439672770653
taskonomy/edge_texture,encoder.layer3.2.relu,IPS1,test,sub-08,linear_predictivity,5919,219,-0.0002578156198430245,"[-0.0024084550716684493, -0.011651235588636578, 0.006778802220585852, 0.0075311542332569745, -0.0015393438927529218]",,,,,
taskonomy/edge_texture,encoder.layer3.2.relu,MST,train,sub-08,linear_predictivity,5919,140,0.014742971964006736,,"[31622.776601683796, 100000.0, 31622.776601683796, 31622.776601683796, 31622.776601683796]",0.21891297070793542,1.1767158449467836,0.7810555038700155,0.9830102959485142
taskonomy/edge_texture,encoder.layer3.2.relu,MST,test,sub-08,linear_predictivity,5919,140,0.011045979940698692,"[0.0006399612708206468, 0.01838248893377041, 0.008668370595229858, 0.01148702623591019, 0.016052052667762353]",,,,,
taskonomy/edge_texture,encoder.layer3.2.relu,MT,train,sub-08,linear_predictivity,5919,99,0.016285081479974203,,"[31622.776601683796, 31622.776601683796, 31622.776601683796, 31622.776601683796, 31622.776601683796]",0.2429571450208626,1.1748248636476575,0.7568664693895426,0.9799018222643646
taskonomy/edge_texture,encoder.layer3.2.relu,MT,test,sub-08,linear_predictivity,5919,99,0.021946598322755313,"[0.0187059824655352, 0.018353755421301462, 0.030017533383188424, 0.021884150127772173, 0.0207715702159793]",,,,,
taskonomy/edge_texture,encoder.layer3.2.relu,FST,train,sub-08,linear_predictivity,5919,149,0.020443371514380176,,"[31622.776601683796, 31622.776601683796, 31622.776601683796, 31622.776601683796, 31622.776601683796]",0.24965478182436143,1.1622042516784439,0.7501945916376256,0.9761890998426817
taskonomy/edge_texture,encoder.layer3.2.relu,FST,test,sub-08,linear_predictivity,5919,149,0.024315190489546425,"[0.007873327098660666, 0.032485345690786954, 0.019295463671429553, 0.030640874489286884, 0.03128094149756807]",,,,,
taskonomy/edge_texture,encoder.layer3.2.relu,LO1,train,sub-08,linear_predictivity,5919,79,0.0006864508117555164,,"[100000.0, 31622.776601683796, 100000.0, 100000.0, 100000.0]",0.1285836512957524,1.186672210944658,0.8709654297683009,0.9958815180579677
taskonomy/edge_texture,encoder.layer3.2.relu,LO1,test,sub-08,linear_predictivity,5919,79,-0.01791474866620709,"[-0.028849179094528266, -0.030093084465875598, -0.010217079091746056, -0.0008292411465269027, -0.019585159532358645]",,,,,
taskonomy/edge_texture,encoder.layer3.2.relu,LO2,train,sub-08,linear_predictivity,5919,83,0.05135241300216775,,"[10000.0, 31622.776601683796, 31622.776601683796, 31622.776601683796, 31622.776601683796]",0.31555825523231656,1.1034956283419324,0.68385851004466,0.9447184737393146
taskonomy/edge_texture,encoder.layer3.2.relu,LO2,test,sub-08,linear_predictivity,5919,83,0.12775986640336207,"[0.13113424304398794, 0.11831355532858008, 0.1272145237211094, 0.12572231741008025, 0.1364146925130527]",,,,,
taskonomy/edge_texture,encoder.layer3.2.relu,LO3,train,sub-08,linear_predictivity,5919,125,0.00940734024138917,,"[100000.0, 31622.776601683796, 31622.776601683796, 100000.0, 100000.0]",0.15575529521333387,1.1895813484988438,0.8438255207428943,0.9879207911004115
taskonomy/edge_texture,encoder.layer3.2.relu,LO3,test,sub-08,linear_predictivity,5919,125,0.0134073802681474,"[0.009028128662386416, 0.0077808922051633535, 0.02220831805128023, 0.01957282008540671, 0.008446742336500286]",,,,,
taskonomy/edge_texture,encoder.layer3.2.relu,V7,train,sub-08,linear_predictivity,5919,78,0.012021866382777587,,"[31622.776601683796, 31622.776601683796, 31622.776601683796, 31622.776601683796, 31622.776601683796]",0.23959055160924309,1.178404275032848,0.7602262028978034,0.9834640684007059
taskonomy/edge_texture,encoder.layer3.2.relu,V7,test,sub-08,linear_predictivity,5919,78,-0.02560491628463334,"[-0.03589295935139091, -0.024301811595087146, -0.026065131841637737, -0.007985577102686773, -0.03377910153236414]",,,,,
taskonomy/edge_texture,encoder.layer3.2.relu,IP0,train,sub-08,linear_predictivity,5919,151,0.000960777052887936,,"[100000.0, 100000.0, 100000.0, 100000.0, 100000.0]",0.09797326541725875,1.1946881497013428,0.9018678411232093,0.9964883995629389
taskonomy/edge_texture,encoder.layer3.2.relu,IP0,test,sub-08,linear_predictivity,5919,151,-0.0036267941399535327,"[-0.008832025576416998, -0.006047642296549527, -0.00016381597837142895, -0.0008795419249470246, -0.002210944923482687]",,,,,
taskonomy/edge_texture,encoder.layer3.2.relu,IP1,train,sub-08,linear_predictivity,5919,91,-0.0050203743812861,,"[316227.7660168379, 100000.0, 100000.0, 316227.7660168379, 316227.7660168379]",0.0592144677886147,1.2043276190098842,0.9404920880606239,1.0014970277989115
taskonomy/edge_texture,encoder.layer3.2.relu,IP1,test,sub-08,linear_predictivity,5919,91,-0.009706258893155144,"[-0.008567923727049766, -0.010836965619784696, -0.017200094020798334, -0.005503313592023876, -0.006422997506119051]",,,,,
taskonomy/edge_texture,encoder.layer3.2.relu,MIP,train,sub-08,linear_predictivity,5919,291,0.0035591335315618795,,"[100000.0, 100000.0, 100000.0, 100000.0, 100000.0]",0.09650768748264979,1.1958648907002545,0.9033463485981006,0.9940470302024782
taskonomy/edge_texture,encoder.layer3.2.relu,MIP,test,sub-08,linear_predictivity,5919,291,-0.002349901390006142,"[-0.009652203645188802, 0.0009394325191378383, 0.003095996494068507, -0.0007401080660325397, -0.005392624252015716]",,,,,
taskonomy/edge_texture,encoder.layer3.2.relu,VIP,train,sub-08,linear_predictivity,5919,184,0.0013382333521400965,,"[100000.0, 100000.0, 100000.0, 100000.0, 100000.0]",0.09603872742452868,1.2087543977999615,0.9037507244914625,0.9949674599759456
taskonomy/edge_texture,encoder.layer3.2.relu,VIP,test,sub-08,linear_predictivity,5919,184,-0.0006999590946945817,"[8.004720819084235e-05, 0.0013727466584159053, 0.002826683621511533, -0.003031257703958023, -0.004748015257633166]",,,,,
taskonomy/edge_texture,encoder.layer3.2.relu,LIPd,train,sub-08,linear_predictivity,5919,77,-0.000651839315760207,,"[100000.0, 100000.0, 100000.0, 100000.0, 100000.0]",0.09713152893473913,1.1905628431374529,0.902686024840183,0.9969946303489401
taskonomy/edge_texture,encoder.layer3.2.relu,LIPd,test,sub-08,linear_predictivity,5919,77,0.0030509642116935713,"[-0.002138961014169562, 0.0020811910733029844, 0.003217262168144473, 0.008983746043923508, 0.0031115827872664533]",,,,,
taskonomy/edge_texture,encoder.layer3.2.relu,LIPv,train,sub-08,linear_predictivity,5919,251,-0.0005367381385137638,,"[100000.0, 100000.0, 100000.0, 100000.0, 100000.0]",0.09662848774837812,1.1986640267239705,0.9031639207593314,0.9966793048555187
taskonomy/edge_texture,encoder.layer3.2.relu,LIPv,test,sub-08,linear_predictivity,5919,251,0.0047370813831233505,"[0.002029887731162038, 0.005699523978928518, 0.0068243279657669385, 0.004993691825373378, 0.0041379754143858775]",,,,,
taskonomy/edge_texture,encoder.layer3.2.relu,AIP,train,sub-08,linear_predictivity,5919,387,-0.002765778183807157,,"[100000.0, 100000.0, 100000.0, 316227.7660168379, 100000.0]",0.084354406094916,1.2018338093785785,0.9153483940405985,0.9996096466811444
taskonomy/edge_texture,encoder.layer3.2.relu,AIP,test,sub-08,linear_predictivity,5919,387,-0.0004173072098816377,"[-0.0028106752074419875, 0.004061387732107117, 0.0003457590134744454, 0.00202012986029285, -0.005703137447840613]",,,,,
taskonomy/edge_texture,encoder.layer3.2.relu,7Pm,train,sub-08,linear_predictivity,5919,25,-0.005042993786391343,,"[100000.0, 100000.0, 100000.0, 316227.7660168379, 316227.7660168379]",0.0732413397234036,1.190711209108017,0.9266274095408079,1.0007844263215315
taskonomy/edge_texture,encoder.layer3.2.relu,7Pm,test,sub-08,linear_predictivity,5919,25,-0.009924236438693421,"[-0.01184015009556779, -0.012146742750214691, -0.025682644614123718, 0.001977879796272788, -0.0019295245298336994]",,,,,
taskonomy/edge_texture,encoder.layer3.2.relu,7PL,train,sub-08,linear_predictivity,5919,91,0.014299028350668335,,"[31622.776601683796, 31622.776601683796, 31622.776601683796, 100000.0, 100000.0]",0.18172629858844488,1.1908503286691912,0.8176475743853233,0.9809973513032684
taskonomy/edge_texture,encoder.layer3.2.relu,7PL,test,sub-08,linear_predictivity,5919,91,0.01267038767898275,"[0.013257914465539053, -0.0016479242472302908, 0.00835399875856361, 0.021944418201538973, 0.021443531216502405]",,,,,
taskonomy/edge_texture,encoder.layer3.2.relu,7PC,train,sub-08,linear_predictivity,5919,231,-0.0028901482296361603,,"[100000.0, 100000.0, 100000.0, 316227.7660168379, 100000.0]",0.08376807682265486,1.2056014606430856,0.9157351739243073,0.9991327673178478
taskonomy/edge_texture,encoder.layer3.2.relu,7PC,test,sub-08,linear_predictivity,5919,231,0.003928978506893716,"[0.0028379757528857867, 0.0048552158938917605, 0.006511930506619406, 0.0042938509447734705, 0.0011459194362981547]",,,,,
taskonomy/edge_texture,encoder.layer3.2.relu,7Am,train,sub-08,linear_predictivity,5919,136,0.001360320657598531,,"[100000.0, 100000.0, 100000.0, 100000.0, 100000.0]",0.09872380567329408,1.191180767524768,0.9010382986290392,0.9942526842647437
taskonomy/edge_texture,encoder.layer3.2.relu,7Am,test,sub-08,linear_predictivity,5919,136,0.012388986890795258,"[0.015869242518477565, 0.013447271098036647, 0.01117378927234369, 0.013647570536287618, 0.007807061028830773]",,,,,
taskonomy/edge_texture,encoder.layer3.2.relu,7AL,train,sub-08,linear_predictivity,5919,234,-0.002797054842351471,,"[100000.0, 316227.7660168379, 100000.0, 316227.7660168379, 100000.0]",0.06961736076544797,1.2181425342242167,0.9300700735763912,0.9984845279288553
taskonomy/edge_texture,encoder.layer3.2.relu,7AL,test,sub-08,linear_predictivity,5919,234,0.0026061108180270983,"[0.0021400813970136163, 0.0043331586283376425, 0.006401448921989402, 0.0040419171212374115, -0.003886051978442583]",,,,,
taskonomy/edge_texture,encoder.layer3.2.relu,VVC,train,sub-08,linear_predictivity,5919,199,0.006575906649731868,,"[100000.0, 100000.0, 100000.0, 100000.0, 100000.0]",0.10342973426481203,1.191413175203834,0.8963967040302698,0.9902144661598038
taskonomy/edge_texture,encoder.layer3.2.relu,VVC,test,sub-08,linear_predictivity,5919,199,0.021475138617369622,"[0.013378418472601272, 0.02175582178289241, 0.020116191063121604, 0.029291589380816777, 0.022833672387416043]",,,,,
taskonomy/edge_texture,encoder.layer3.2.relu,VMV2,train,sub-08,linear_predictivity,5919,94,0.003671479921942262,,"[100000.0, 100000.0, 100000.0, 100000.0, 100000.0]",0.09873566859620453,1.1889331718649587,0.9010504425715634,0.9923417373835312
taskonomy/edge_texture,encoder.layer3.2.relu,VMV2,test,sub-08,linear_predictivity,5919,94,-0.0027989181144429166,"[-0.00286917536353946, -0.0038885871534486073, -0.0004938828014404103, -0.006911277112961448, 0.00016833185917534228]",,,,,
taskonomy/edge_texture,encoder.layer3.2.relu,VMV3,train,sub-08,linear_predictivity,5919,107,0.004308448680072419,,"[100000.0, 100000.0, 100000.0, 100000.0, 100000.0]",0.09864424929778094,1.2006785710063759,0.9012638858229156,0.9937872744984851
taskonomy/edge_texture,encoder.layer3.2.relu,VMV3,test,sub-08,linear_predictivity,5919,107,-0.0065238497707377895,"[-0.0090027940345828, -0.006635214383449416, -0.010641175841073968, -0.0011543600330829842, -0.005185704561499779]",,,,,
taskonomy/edge_texture,encoder.layer3.2.relu,VMV1,train,sub-08,linear_predictivity,5919,44,0.0065036676688067395,,"[100000.0, 100000.0, 100000.0, 100000.0, 100000.0]",0.10082244124649345,1.1928317628001515,0.8990164204607074,0.9907255440348262
taskonomy/edge_texture,encoder.layer3.2.relu,VMV1,test,sub-08,linear_predictivity,5919,44,0.013641075423328519,"[0.014171256399332444, 0.01345546677978676, 0.009994102615390427, 0.012135538432729166, 0.01844901288940379]",,,,,
taskonomy/edge_texture,encoder.layer3.2.relu,PHA2,train,sub-08,linear_predictivity,5919,13,0.003922030878669083,,"[31622.776601683796, 100000.0, 100000.0, 100000.0, 100000.0]",0.12511570573241843,1.1925991220889267,0.8747226745194251,0.9927870340610727
taskonomy/edge_texture,encoder.layer3.2.relu,PHA2,test,sub-08,linear_predictivity,5919,13,0.01790975920686174,"[0.008433324580969228, 0.015835420587873683, 0.030846205683118647, 0.019439895413205087, 0.014993949769142069]",,,,,
taskonomy/edge_texture,encoder.layer3.2.relu,PHA3,train,sub-08,linear_predictivity,5919,55,0.021551632798354835,,"[31622.776601683796, 31622.776601683796, 31622.776601683796, 31622.776601683796, 31622.776601683796]",0.23674525509471214,1.1821886427555564,0.763056000929096,0.9742636224176504
taskonomy/edge_texture,encoder.layer3.2.relu,PHA3,test,sub-08,linear_predictivity,5919,55,-0.0031664557367652732,"[0.011850842756615871, -0.015381004213225007, -0.0022226164803362167, -0.002745490400168665, -0.007334010346712346]",,,,,
taskonomy/edge_texture,encoder.layer3.2.relu,PH,train,sub-08,linear_predictivity,5919,350,0.023915929680650275,,"[31622.776601683796, 31622.776601683796, 31622.776601683796, 31622.776601683796, 31622.776601683796]",0.25003464919464796,1.1539132855584984,0.7497390664275775,0.971475935473252
taskonomy/edge_texture,encoder.layer3.2.relu,PH,test,sub-08,linear_predictivity,5919,350,0.03143381046024652,"[0.018909961575541753, 0.02798272482845176, 0.03601394350539796, 0.034929479810615026, 0.0393329425812261]",,,,,
taskonomy/edge_texture,encoder.layer3.3.relu,V1,train,sub-08,linear_predictivity,5919,560,0.07166701577428804,,"[31622.776601683796, 31622.776601683796, 31622.776601683796, 31622.776601683796, 31622.776601683796]",0.28793769783815015,1.1240029713913926,0.7118762615770914,0.9248499422017031
taskonomy/edge_texture,encoder.layer3.3.relu,V1,test,sub-08,linear_predictivity,5919,560,0.11011030220028621,"[0.10385736686678304, 0.11604742309247454, 0.11463790260655395, 0.11284959305398067, 0.10315922538163884]",,,,,
taskonomy/edge_texture,encoder.layer3.3.relu,V2,train,sub-08,linear_predictivity,5919,482,0.04784160332248192,,"[31622.776601683796, 31622.776601683796, 31622.776601683796, 31622.776601683796, 31622.776601683796]",0.2661874719166647,1.1466918240312527,0.733630964557811,0.9488018693381346
taskonomy/edge_texture,encoder.layer3.3.relu,V2,test,sub-08,linear_predictivity,5919,482,0.058548591573942696,"[0.05174353702851341, 0.06402947724844375, 0.0628573934278553, 0.06047871253776203, 0.05363383762713895]",,,,,
taskonomy/edge_texture,encoder.layer3.3.relu,V3,train,sub-08,linear_predictivity,5919,458,0.022247577217570428,,"[31622.776601683796, 31622.776601683796, 31622.776601683796, 31622.776601683796, 31622.776601683796]",0.2478193372521882,1.1697161684538409,0.7520217448029181,0.9746282140963032
taskonomy/edge_texture,encoder.layer3.3.relu,V3,test,sub-08,linear_predictivity,5919,458,0.03382625724190445,"[0.028488268036246784, 0.033914273470836115, 0.037051987025902344, 0.03824213919461423, 0.03143461848192281]",,,,,
taskonomy/edge_texture,encoder.layer3.3.relu,V4,train,sub-08,linear_predictivity,5919,604,0.01407895101021992,,"[31622.776601683796, 31622.776601683796, 31622.776601683796, 31622.776601683796, 31622.776601683796]",0.23961338998459242,1.1833593172583456,0.760248289097957,0.9831428951568923
taskonomy/edge_texture,encoder.layer3.3.relu,V4,test,sub-08,linear_predictivity,5919,604,0.0012578129449616515,"[-0.007256249609501915, -0.0023207726355683614, 0.0038336713458813603, 0.008679704103018967, 0.0033527115209782076]",,,,,
taskonomy/edge_texture,encoder.layer3.3.relu,V3A,train,sub-08,linear_predictivity,5919,226,0.0015268585229904648,,"[100000.0, 100000.0, 100000.0, 100000.0, 100000.0]",0.09754990264998413,1.206033655764959,0.9022453747543734,0.9948744857097708
taskonomy/edge_texture,encoder.layer3.3.relu,V3A,test,sub-08,linear_predictivity,5919,226,0.007705664151687159,"[0.005343065162363687, 0.0110654213861069, 0.00810706511176025, 0.011879299487442986, 0.0021334696107619703]",,,,,
taskonomy/edge_texture,encoder.layer3.3.relu,V3B,train,sub-08,linear_predictivity,5919,147,0.0076264750279453255,,"[100000.0, 31622.776601683796, 100000.0, 100000.0, 100000.0]",0.12983977598915222,1.1862235650878432,0.8700107780753605,0.9897061410593956
taskonomy/edge_texture,encoder.layer3.3.relu,V3B,test,sub-08,linear_predictivity,5919,147,-0.001027020145064389,"[-0.012547451009375425, -0.0018438759427177275, 0.0016938704617889349, 0.010328421855916986, -0.0027660660909347144]",,,,,
taskonomy/edge_texture,encoder.layer3.3.relu,V6,train,sub-08,linear_predictivity,5919,105,0.0008916423883637561,,"[100000.0, 100000.0, 100000.0, 100000.0, 100000.0]",0.09962983891445591,1.185468774422075,0.9001659619054884,0.9954985101994147
taskonomy/edge_texture,encoder.layer3.3.relu,V6,test,sub-08,linear_predictivity,5919,105,0.03175839196222151,"[0.032089236455535436, 0.02719138750681733, 0.030843158900786455, 0.03129568048420458, 0.03737249646376377]",,,,,
taskonomy/edge_texture,encoder.layer3.3.relu,V6A,train,sub-08,linear_predictivity,5919,84,0.006419452274138121,,"[100000.0, 31622.776601683796, 31622.776601683796, 100000.0, 100000.0]",0.15805091598922644,1.1827850924221537,0.8415267930491096,0.988787495281068
taskonomy/edge_texture,encoder.layer3.3.relu,V6A,test,sub-08,linear_predictivity,5919,84,0.015512826211675263,"[0.022991406785700937, 0.007950711747975913, 0.007720360407565447, 0.02323194332913174, 0.015669708788002272]",,,,,
taskonomy/edge_texture,encoder.layer3.3.relu,V7,train,sub-08,linear_predictivity,5919,78,0.011981887894503948,,"[31622.776601683796, 31622.776601683796, 31622.776601683796, 31622.776601683796, 31622.776601683796]",0.23967671075610256,1.1777476766171975,0.7601405548006583,0.983510420137713
taskonomy/edge_texture,encoder.layer3.3.relu,V7,test,sub-08,linear_predictivity,5919,78,-0.025984588179887507,"[-0.035714708511861475, -0.02503203628751476, -0.026917549639757527, -0.008343395387561394, -0.03391525107274238]",,,,,
taskonomy/edge_texture,encoder.layer3.3.relu,V8,train,sub-08,linear_predictivity,5919,112,0.02251222650042634,,"[31622.776601683796, 31622.776601683796, 31622.776601683796, 31622.776601683796, 31622.776601683796]",0.244320745291729,1.1819545588159208,0.7555891619273813,0.9753885737198225
taskonomy/edge_texture,encoder.layer3.3.relu,V8,test,sub-08,linear_predictivity,5919,112,0.022962403573524734,"[0.0027454949813410573, 0.03614065271177093, 0.017820561172163595, 0.029791304651609972, 0.028314004350738126]",,,,,
taskonomy/edge_texture,encoder.layer3.3.relu,FFC,train,sub-08,linear_predictivity,5919,275,0.030208412083019234,,"[31622.776601683796, 31622.776601683796, 31622.776601683796, 31622.776601683796, 31622.776601683796]",0.254943469769774,1.1522765740902337,0.7448483054631216,0.9658055046990377
taskonomy/edge_texture,encoder.layer3.3.relu,FFC,test,sub-08,linear_predictivity,5919,275,0.05574820849291311,"[0.05045157254633429, 0.05308626473153765, 0.05378721878849202, 0.05666570652484791, 0.06475027987335367]",,,,,
taskonomy/edge_texture,encoder.layer3.3.relu,PIT,train,sub-08,linear_predictivity,5919,117,0.017786419502864872,,"[31622.776601683796, 31622.776601683796, 31622.776601683796, 31622.776601683796, 31622.776601683796]",0.24335827134260538,1.1715958375582172,0.756482701948243,0.9793615089953527
taskonomy/edge_texture,encoder.layer3.3.relu,PIT,test,sub-08,linear_predictivity,5919,117,0.03712122671270495,"[0.03116131314352282, 0.027008837416533746, 0.045400071907706084, 0.03444636584227861, 0.04758954525348349]",,,,,
taskonomy/edge_texture,encoder.layer3.3.relu,IPS1,train,sub-08,linear_predictivity,5919,219,0.003328281866910819,,"[100000.0, 31622.776601683796, 100000.0, 100000.0, 100000.0]",0.12560043404929916,1.1940037541181134,0.8738692363892753,0.9929722126346748
taskonomy/edge_texture,encoder.layer3.3.relu,IPS1,test,sub-08,linear_predictivity,5919,219,0.00010490531369642107,"[-0.002060235303669997, -0.010950611083884046, 0.007011540359753849, 0.007815833410308918, -0.0012920008140266182]",,,,,
taskonomy/edge_texture,encoder.layer3.3.relu,MST,train,sub-08,linear_predictivity,5919,140,0.014688464704495521,,"[31622.776601683796, 100000.0, 31622.776601683796, 31622.776601683796, 31622.776601683796]",0.21896770139003968,1.1766065347244592,0.7810009186205831,0.9830690370147337
taskonomy/edge_texture,encoder.layer3.3.relu,MST,test,sub-08,linear_predictivity,5919,140,0.01061045050476421,"[0.0004342961165112997, 0.01806688726668117, 0.007721448901464363, 0.011116721170509585, 0.015712899068654623]",,,,,
taskonomy/edge_texture,encoder.layer3.3.relu,MT,train,sub-08,linear_predictivity,5919,99,0.01524444526905751,,"[100000.0, 31622.776601683796, 31622.776601683796, 31622.776601683796, 31622.776601683796]",0.21737857699374916,1.175133155530045,0.7824934734505918,0.981057946305817
taskonomy/edge_texture,encoder.layer3.3.relu,MT,test,sub-08,linear_predictivity,5919,99,0.02254101521489759,"[0.01954077961640876, 0.018819683435397836, 0.03042580532785068, 0.022440732992100858, 0.02147807470272984]",,,,,
taskonomy/edge_texture,encoder.layer3.3.relu,FST,train,sub-08,linear_predictivity,5919,149,0.02034779794636678,,"[31622.776601683796, 31622.776601683796, 31622.776601683796, 31622.776601683796, 31622.776601683796]",0.24974701680891714,1.1615942944320212,0.7501027540943793,0.9762915129634784
taskonomy/edge_texture,encoder.layer3.3.relu,FST,test,sub-08,linear_predictivity,5919,149,0.023706305480646634,"[0.007683960221207635, 0.03166575288191641, 0.018352962061967053, 0.029941259715057397, 0.030887592523084657]",,,,,
taskonomy/edge_texture,encoder.layer3.3.relu,LO1,train,sub-08,linear_predictivity,5919,79,0.0008093824872841253,,"[100000.0, 31622.776601683796, 100000.0, 100000.0, 100000.0]",0.12870887456086583,1.1854797385224025,0.8708399432064029,0.9957595699332481
taskonomy/edge_texture,encoder.layer3.3.relu,LO1,test,sub-08,linear_predictivity,5919,79,-0.01766143128675054,"[-0.028467571985930033, -0.029628291390466743, -0.010187500898363337, -0.0006509010288126905, -0.019372891130179915]",,,,,
taskonomy/edge_texture,encoder.layer3.3.relu,LO2,train,sub-08,linear_predictivity,5919,83,0.05139402619839601,,"[10000.0, 31622.776601683796, 31622.776601683796, 31622.776601683796, 31622.776601683796]",0.31568554469376536,1.1029812494852702,0.6837305167812213,0.9446724306742595
taskonomy/edge_texture,encoder.layer3.3.relu,LO2,test,sub-08,linear_predictivity,5919,83,0.1269673240432372,"[0.12994980045513413, 0.11763559850541712, 0.12654462941317177, 0.12507347035194874, 0.1356331214905143]",,,,,
taskonomy/edge_texture,encoder.layer3.3.relu,LO3,train,sub-08,linear_predictivity,5919,125,0.009375401398774722,,"[100000.0, 31622.776601683796, 31622.776601683796, 100000.0, 100000.0]",0.15584196130312708,1.1892051795550018,0.8437385957691284,0.9879493033957086
taskonomy/edge_texture,encoder.layer3.3.relu,LO3,test,sub-08,linear_predictivity,5919,125,0.014050115210888087,"[0.009562631287076505, 0.008722302567054214, 0.023073055852795583, 0.01997662280227902, 0.008915963545235108]",,,,,
taskonomy/edge_texture,encoder.layer3.3.relu,V7,train,sub-08,linear_predictivity,5919,78,0.011981887894503948,,"[31622.776601683796, 31622.776601683796, 31622.776601683796, 31622.776601683796, 31622.776601683796]",0.23967671075610256,1.1777476766171975,0.7601405548006583,0.983510420137713
taskonomy/edge_texture,encoder.layer3.3.relu,V7,test,sub-08,linear_predictivity,5919,78,-0.025984588179887507,"[-0.035714708511861475, -0.02503203628751476, -0.026917549639757527, -0.008343395387561394, -0.03391525107274238]",,,,,
taskonomy/edge_texture,encoder.layer3.3.relu,IP0,train,sub-08,linear_predictivity,5919,151,0.0009370735366585179,,"[100000.0, 100000.0, 100000.0, 100000.0, 100000.0]",0.09799775812241392,1.193777366009364,0.9018435945150098,0.9965140704567356
taskonomy/edge_texture,encoder.layer3.3.relu,IP0,test,sub-08,linear_predictivity,5919,151,-0.0036466890987062748,"[-0.008719951353538475, -0.006093370221675864, -0.00019072337107176206, -0.0009518953881670091, -0.002277505159078264]",,,,,
taskonomy/edge_texture,encoder.layer3.3.relu,IP1,train,sub-08,linear_predictivity,5919,91,-0.004987997675191357,,"[316227.7660168379, 100000.0, 100000.0, 316227.7660168379, 316227.7660168379]",0.059278545299468355,1.203764950737239,0.9404280157306883,1.0014657526757036
taskonomy/edge_texture,encoder.layer3.3.relu,IP1,test,sub-08,linear_predictivity,5919,91,-0.009506450426928777,"[-0.008421574767170127, -0.010479322225360674, -0.016899672233605154, -0.005384582732582898, -0.006347100175925034]",,,,,
taskonomy/edge_texture,encoder.layer3.3.relu,MIP,train,sub-08,linear_predictivity,5919,291,0.0036055000757610088,,"[100000.0, 100000.0, 100000.0, 100000.0, 100000.0]",0.09655242262560619,1.1948253460503675,0.9033017602407896,0.9940006796092689
taskonomy/edge_texture,encoder.layer3.3.relu,MIP,test,sub-08,linear_predictivity,5919,291,-0.002241286125063513,"[-0.009500447466078886, 0.0010299487163122887, 0.003192339175767785, -0.0005693970915877476, -0.005358873959731003]",,,,,
taskonomy/edge_texture,encoder.layer3.3.relu,VIP,train,sub-08,linear_predictivity,5919,184,0.0012993232902177019,,"[100000.0, 100000.0, 100000.0, 100000.0, 100000.0]",0.09605904350312269,1.2080571288552353,0.9037306162956298,0.9950058514085418
taskonomy/edge_texture,encoder.layer3.3.relu,VIP,test,sub-08,linear_predictivity,5919,184,-0.0003115671598061004,"[0.0005747362905025099, 0.0017710864521557413, 0.003143707984162593, -0.0026419325274189866, -0.00440543399843236]",,,,,
taskonomy/edge_texture,encoder.layer3.3.relu,LIPd,train,sub-08,linear_predictivity,5919,77,-0.0006005621361586008,,"[100000.0, 100000.0, 100000.0, 100000.0, 100000.0]",0.09721514145478857,1.1898158186850958,0.9026024724575163,0.9969424993608442
taskonomy/edge_texture,encoder.layer3.3.relu,LIPd,test,sub-08,linear_predictivity,5919,77,0.0031354870575203593,"[-0.0019268744818038217, 0.0022144291840422163, 0.0032953507244971145, 0.008952839749223028, 0.003141690111643261]",,,,,
taskonomy/edge_texture,encoder.layer3.3.relu,LIPv,train,sub-08,linear_predictivity,5919,251,-0.00047456284277325736,,"[100000.0, 100000.0, 100000.0, 100000.0, 100000.0]",0.09670220866056206,1.1976044615030303,0.903089995526883,0.9966160750331007
taskonomy/edge_texture,encoder.layer3.3.relu,LIPv,test,sub-08,linear_predictivity,5919,251,0.004891528290721416,"[0.002336293393210931, 0.00575594136845907, 0.006921391803671867, 0.005129840445077888, 0.00431417444318732]",,,,,
taskonomy/edge_texture,encoder.layer3.3.relu,AIP,train,sub-08,linear_predictivity,5919,387,-0.0027404136468700416,,"[100000.0, 100000.0, 100000.0, 316227.7660168379, 100000.0]",0.08438080022662878,1.2020492484503627,0.9153220137421998,0.9995849733764303
taskonomy/edge_texture,encoder.layer3.3.relu,AIP,test,sub-08,linear_predictivity,5919,387,-0.0005085739035119578,"[-0.002806641454239367, 0.003882898310957351, 0.00028110824092469455, 0.0019324866487668377, -0.0058327212639693055]",,,,,
taskonomy/edge_texture,encoder.layer3.3.relu,7Pm,train,sub-08,linear_predictivity,5919,25,-0.005028367829312188,,"[100000.0, 100000.0, 100000.0, 316227.7660168379, 316227.7660168379]",0.07331736715757298,1.1894666177261224,0.9265515343146825,1.000770800353045
taskonomy/edge_texture,encoder.layer3.3.relu,7Pm,test,sub-08,linear_predictivity,5919,25,-0.00990061898449773,"[-0.011924874160344507, -0.011993399916059029, -0.02559361745097207, 0.0019963887170266403, -0.0019875921121396845]",,,,,
taskonomy/edge_texture,encoder.layer3.3.relu,7PL,train,sub-08,linear_predictivity,5919,91,0.01431506449571694,,"[31622.776601683796, 31622.776601683796, 31622.776601683796, 100000.0, 100000.0]",0.18179932371457436,1.189517081907865,0.8175743344088329,0.9809852810307381
taskonomy/edge_texture,encoder.layer3.3.relu,7PL,test,sub-08,linear_predictivity,5919,91,0.012904645814869702,"[0.013996782727531078, -0.0012682085373840282, 0.008518300042282798, 0.02187904042235756, 0.021397314419561105]",,,,,
taskonomy/edge_texture,encoder.layer3.3.relu,7PC,train,sub-08,linear_predictivity,5919,231,-0.002860905063342172,,"[100000.0, 100000.0, 100000.0, 316227.7660168379, 100000.0]",0.08382091186541575,1.2048798817813409,0.9156822014741446,0.9991056882816942
taskonomy/edge_texture,encoder.layer3.3.relu,7PC,test,sub-08,linear_predictivity,5919,231,0.00407894323093111,"[0.0030672977199666905, 0.005020183648093667, 0.00665534144907758, 0.004332725248212421, 0.0013191680893051899]",,,,,
taskonomy/edge_texture,encoder.layer3.3.relu,7Am,train,sub-08,linear_predictivity,5919,136,0.001351679131070492,,"[100000.0, 100000.0, 100000.0, 100000.0, 100000.0]",0.09877423164797425,1.1900920926883056,0.9009880200542005,0.9942608289302349
taskonomy/edge_texture,encoder.layer3.3.relu,7Am,test,sub-08,linear_predictivity,5919,136,0.012327561962352244,"[0.01588363664235967, 0.013421082995128411, 0.011062066364583603, 0.013532609907947213, 0.007738413901742329]",,,,,
taskonomy/edge_texture,encoder.layer3.3.relu,7AL,train,sub-08,linear_predictivity,5919,234,-0.002826803069357106,,"[100000.0, 316227.7660168379, 100000.0, 316227.7660168379, 100000.0]",0.06963055263355719,1.217170578496614,0.9300569562105462,0.998514015008029
taskonomy/edge_texture,encoder.layer3.3.relu,7AL,test,sub-08,linear_predictivity,5919,234,0.002828735780002713,"[0.002517972368204857, 0.004418900022092061, 0.00674240731476254, 0.004122393704965836, -0.0036579945100117285]",,,,,
taskonomy/edge_texture,encoder.layer3.3.relu,VVC,train,sub-08,linear_predictivity,5919,199,0.006591452037072913,,"[100000.0, 100000.0, 100000.0, 100000.0, 100000.0]",0.10348343168548516,1.1903735929022403,0.8963429391082952,0.9901979501034768
taskonomy/edge_texture,encoder.layer3.3.relu,VVC,test,sub-08,linear_predictivity,5919,199,0.021499284197353495,"[0.013532514554256131, 0.021780747560189887, 0.020123085924001465, 0.02923314065584871, 0.02282693229247128]",,,,,
taskonomy/edge_texture,encoder.layer3.3.relu,VMV2,train,sub-08,linear_predictivity,5919,94,0.003642607548773407,,"[100000.0, 100000.0, 100000.0, 100000.0, 100000.0]",0.09875176141833798,1.1892119083226993,0.9010342029778293,0.9923690910907867
taskonomy/edge_texture,encoder.layer3.3.relu,VMV2,test,sub-08,linear_predictivity,5919,94,-0.0029973753636420974,"[-0.0030207201185260654, -0.00412567605519089, -0.0006346466115771848, -0.007159599225121654, -4.623480779469363e-05]",,,,,
taskonomy/edge_texture,encoder.layer3.3.relu,VMV3,train,sub-08,linear_predictivity,5919,107,0.004330731928867266,,"[100000.0, 100000.0, 100000.0, 100000.0, 100000.0]",0.0986907973704055,1.199613558101778,0.9012172439578935,0.9937639761723185
taskonomy/edge_texture,encoder.layer3.3.relu,VMV3,test,sub-08,linear_predictivity,5919,107,-0.0064517888638102126,"[-0.00868826069415864, -0.0066365417918216926, -0.0106044530704976, -0.0011279465487584956, -0.0052017422138146375]",,,,,
taskonomy/edge_texture,encoder.layer3.3.relu,VMV1,train,sub-08,linear_predictivity,5919,44,0.006478458413733939,,"[100000.0, 100000.0, 100000.0, 100000.0, 100000.0]",0.10082713288686784,1.1929723840857318,0.8990116948938963,0.9907515375113102
taskonomy/edge_texture,encoder.layer3.3.relu,VMV1,test,sub-08,linear_predictivity,5919,44,0.013543187078540433,"[0.014139029197632897, 0.013324114876211296, 0.009948839789584003, 0.011991338572948169, 0.018312612956325802]",,,,,
taskonomy/edge_texture,encoder.layer3.3.relu,PHA2,train,sub-08,linear_predictivity,5919,13,0.00399630110645536,,"[31622.776601683796, 100000.0, 100000.0, 100000.0, 100000.0]",0.12516247565423216,1.1927041308134894,0.8746755415882592,0.9927093116920757
taskonomy/edge_texture,encoder.layer3.3.relu,PHA2,test,sub-08,linear_predictivity,5919,13,0.017959426459093007,"[0.008685720414114093, 0.015848784318786797, 0.03094515671382321, 0.019443614919334065, 0.01487385592940688]",,,,,
taskonomy/edge_texture,encoder.layer3.3.relu,PHA3,train,sub-08,linear_predictivity,5919,55,0.021520747101774932,,"[31622.776601683796, 31622.776601683796, 31622.776601683796, 31622.776601683796, 31622.776601683796]",0.23682004719018387,1.181794446330453,0.7629809416815576,0.9742933185777067
taskonomy/edge_texture,encoder.layer3.3.relu,PHA3,test,sub-08,linear_predictivity,5919,55,-0.0026631606970033365,"[0.01238979550317041, -0.014741864482545997, -0.001576197114855688, -0.002422895536032323, -0.006964641854753085]",,,,,
taskonomy/edge_texture,encoder.layer3.3.relu,PH,train,sub-08,linear_predictivity,5919,350,0.02390499744161654,,"[31622.776601683796, 31622.776601683796, 31622.776601683796, 31622.776601683796, 31622.776601683796]",0.2501105720078438,1.1538856176567764,0.7496628848603993,0.9714846047370148
taskonomy/edge_texture,encoder.layer3.3.relu,PH,test,sub-08,linear_predictivity,5919,350,0.030539658550049115,"[0.018187786478835476, 0.027025434038655555, 0.03490715963325818, 0.033959452894457315, 0.038618459705039056]",,,,,
taskonomy/edge_texture,encoder.layer3.4.relu,V1,train,sub-08,linear_predictivity,5919,560,0.07280246948490493,,"[31622.776601683796, 31622.776601683796, 31622.776601683796, 31622.776601683796, 31622.776601683796]",0.2910045813792447,1.119292028528662,0.7088117432661079,0.9237421485051485
taskonomy/edge_texture,encoder.layer3.4.relu,V1,test,sub-08,linear_predictivity,5919,560,0.11220090420871531,"[0.10622288532027777, 0.11889411221086184, 0.11659824924700407, 0.11439414684452007, 0.10489512742091282]",,,,,
taskonomy/edge_texture,encoder.layer3.4.relu,V2,train,sub-08,linear_predictivity,5919,482,0.04881666583329101,,"[31622.776601683796, 31622.776601683796, 31622.776601683796, 31622.776601683796, 31622.776601683796]",0.26931054909786,1.1422912277697326,0.7305096888606617,0.9478527323197738
taskonomy/edge_texture,encoder.layer3.4.relu,V2,test,sub-08,linear_predictivity,5919,482,0.06122849576739666,"[0.054450336664933235, 0.06713790156466945, 0.06583365050067179, 0.0625325786087199, 0.0561880114979889]",,,,,
taskonomy/edge_texture,encoder.layer3.4.relu,V3,train,sub-08,linear_predictivity,5919,458,0.023463016210471435,,"[31622.776601683796, 31622.776601683796, 31622.776601683796, 31622.776601683796, 31622.776601683796]",0.2510957685120343,1.1661137336169478,0.7487463584559506,0.9734247156751794
taskonomy/edge_texture,encoder.layer3.4.relu,V3,test,sub-08,linear_predictivity,5919,458,0.03773433638427818,"[0.03275281197177182, 0.03796519729963317, 0.040548359893460936, 0.04174751289295368, 0.03565779986357129]",,,,,
taskonomy/edge_texture,encoder.layer3.4.relu,V4,train,sub-08,linear_predictivity,5919,604,0.015976564314590914,,"[31622.776601683796, 31622.776601683796, 31622.776601683796, 31622.776601683796, 31622.776601683796]",0.24331054312331019,1.1792354481551064,0.7565520757943064,0.9812604129812771
taskonomy/edge_texture,encoder.layer3.4.relu,V4,test,sub-08,linear_predictivity,5919,604,0.005941884759616068,"[-0.0014971209295233541, 0.002233178600651061, 0.00734547353683214, 0.012680465893754383, 0.008947426696366109]",,,,,
taskonomy/edge_texture,encoder.layer3.4.relu,V3A,train,sub-08,linear_predictivity,5919,226,0.0019000501979497804,,"[100000.0, 100000.0, 100000.0, 100000.0, 100000.0]",0.09867826869877463,1.203960637585784,0.9011174195553024,0.9945052125393341
taskonomy/edge_texture,encoder.layer3.4.relu,V3A,test,sub-08,linear_predictivity,5919,226,0.008254402505506162,"[0.00556545572105769, 0.011472882694014573, 0.008842484395951337, 0.012518289442301456, 0.002872900274205762]",,,,,
taskonomy/edge_texture,encoder.layer3.4.relu,V3B,train,sub-08,linear_predictivity,5919,147,0.007677133262239461,,"[100000.0, 31622.776601683796, 100000.0, 31622.776601683796, 31622.776601683796]",0.18399872010329657,1.1810358150670022,0.815983353383705,0.9896283386788826
taskonomy/edge_texture,encoder.layer3.4.relu,V3B,test,sub-08,linear_predictivity,5919,147,0.000609140767225574,"[-0.010018349020931003, 0.002242954592498937, 0.003319576107827546, 0.010551663293449394, -0.0030501411367170046]",,,,,
taskonomy/edge_texture,encoder.layer3.4.relu,V6,train,sub-08,linear_predictivity,5919,105,0.0013306031024680096,,"[100000.0, 100000.0, 100000.0, 100000.0, 100000.0]",0.10075934169443221,1.1834748027421504,0.8990362241419702,0.9950632573160998
taskonomy/edge_texture,encoder.layer3.4.relu,V6,test,sub-08,linear_predictivity,5919,105,0.03251354019435317,"[0.03243000471317552, 0.028349767812155004, 0.03191186031893327, 0.03189678060871462, 0.037979287518787465]",,,,,
taskonomy/edge_texture,encoder.layer3.4.relu,V6A,train,sub-08,linear_predictivity,5919,84,0.005925565786731648,,"[100000.0, 31622.776601683796, 31622.776601683796, 31622.776601683796, 31622.776601683796]",0.21139680962940469,1.1791948760682782,0.7883189923497911,0.9891683760347224
taskonomy/edge_texture,encoder.layer3.4.relu,V6A,test,sub-08,linear_predictivity,5919,84,0.011477300962068284,"[0.024016783495082426, 0.01167981339177102, 0.010024370684863873, 0.00841129231827795, 0.0032542449203461447]",,,,,
taskonomy/edge_texture,encoder.layer3.4.relu,V7,train,sub-08,linear_predictivity,5919,78,0.014878611888694541,,"[31622.776601683796, 31622.776601683796, 31622.776601683796, 31622.776601683796, 31622.776601683796]",0.24406353548136503,1.1742386654487242,0.7557563022359741,0.9806546841897005
taskonomy/edge_texture,encoder.layer3.4.relu,V7,test,sub-08,linear_predictivity,5919,78,-0.022011057082945276,"[-0.031441051333870824, -0.02157901471403236, -0.02311992537603252, -0.004535666106478902, -0.02937962788431177]",,,,,
taskonomy/edge_texture,encoder.layer3.4.relu,V8,train,sub-08,linear_predictivity,5919,112,0.02437315655378597,,"[31622.776601683796, 31622.776601683796, 31622.776601683796, 31622.776601683796, 31622.776601683796]",0.24826245300110966,1.1753287448302732,0.751648848420696,0.9735472024019545
taskonomy/edge_texture,encoder.layer3.4.relu,V8,test,sub-08,linear_predictivity,5919,112,0.02638328703085832,"[0.007240778611915987, 0.039333006787386555, 0.020238223276116206, 0.032232548661205916, 0.032871877817666935]",,,,,
taskonomy/edge_texture,encoder.layer3.4.relu,FFC,train,sub-08,linear_predictivity,5919,275,0.03176339541503774,,"[31622.776601683796, 31622.776601683796, 31622.776601683796, 31622.776601683796, 31622.776601683796]",0.25845959527794965,1.14901911577402,0.7413297490121952,0.9642318365956676
taskonomy/edge_texture,encoder.layer3.4.relu,FFC,test,sub-08,linear_predictivity,5919,275,0.06040309872432585,"[0.055473449871790134, 0.05823392010008865, 0.058573242896494175, 0.0598590369404283, 0.06987584381282803]",,,,,
taskonomy/edge_texture,encoder.layer3.4.relu,PIT,train,sub-08,linear_predictivity,5919,117,0.01906925530740049,,"[31622.776601683796, 31622.776601683796, 31622.776601683796, 31622.776601683796, 31622.776601683796]",0.24653343946268902,1.1685203775742203,0.7533046153425305,0.9780541478560103
taskonomy/edge_texture,encoder.layer3.4.relu,PIT,test,sub-08,linear_predictivity,5919,117,0.04121833256941225,"[0.03603782344095902, 0.030858563397250224, 0.04978185364740456, 0.0370734642229841, 0.052339958138463344]",,,,,
taskonomy/edge_texture,encoder.layer3.4.relu,IPS1,train,sub-08,linear_predictivity,5919,219,0.004678913923324009,,"[100000.0, 31622.776601683796, 100000.0, 100000.0, 100000.0]",0.1277048453645622,1.1929133762652415,0.8717585780208669,0.9916635916919102
taskonomy/edge_texture,encoder.layer3.4.relu,IPS1,test,sub-08,linear_predictivity,5919,219,0.0021787183882079216,"[-0.0002465151123108495, -0.007280167962425807, 0.008381364703423393, 0.00944895903349334, 0.0005899512788595326]",,,,,
taskonomy/edge_texture,encoder.layer3.4.relu,MST,train,sub-08,linear_predictivity,5919,140,0.016628238337840977,,"[31622.776601683796, 100000.0, 31622.776601683796, 31622.776601683796, 31622.776601683796]",0.22219751529407641,1.175071574851622,0.7777718698958747,0.9811287515104329
taskonomy/edge_texture,encoder.layer3.4.relu,MST,test,sub-08,linear_predictivity,5919,140,0.011467600135294985,"[0.0018693268032669288, 0.018006215822308592, 0.00799644516911906, 0.012414611854718793, 0.017051401027061548]",,,,,
taskonomy/edge_texture,encoder.layer3.4.relu,MT,train,sub-08,linear_predictivity,5919,99,0.019209838364045558,,"[31622.776601683796, 31622.776601683796, 31622.776601683796, 31622.776601683796, 31622.776601683796]",0.2474148796732452,1.1707363636965291,0.7524069143005961,0.9769673242456056
taskonomy/edge_texture,encoder.layer3.4.relu,MT,test,sub-08,linear_predictivity,5919,99,0.02694518551922855,"[0.02448165055579603, 0.02350120806101901, 0.033150110768590535, 0.027956944511711723, 0.02563601369902545]",,,,,
taskonomy/edge_texture,encoder.layer3.4.relu,FST,train,sub-08,linear_predictivity,5919,149,0.02316619723391274,,"[31622.776601683796, 31622.776601683796, 31622.776601683796, 31622.776601683796, 31622.776601683796]",0.25361801811534107,1.1587882229000153,0.7462315646861045,0.973488121789982
taskonomy/edge_texture,encoder.layer3.4.relu,FST,test,sub-08,linear_predictivity,5919,149,0.024932412766885587,"[0.009576788155470379, 0.03237767336322047, 0.018815954654847693, 0.031178257831713557, 0.03271338982917583]",,,,,
taskonomy/edge_texture,encoder.layer3.4.relu,LO1,train,sub-08,linear_predictivity,5919,79,0.0022361759753239136,,"[100000.0, 31622.776601683796, 100000.0, 100000.0, 31622.776601683796]",0.15776708668681683,1.181222970433624,0.8419437819933316,0.9944277279363314
taskonomy/edge_texture,encoder.layer3.4.relu,LO1,test,sub-08,linear_predictivity,5919,79,-0.012545995193939511,"[-0.02340199563325007, -0.022224296101796513, -0.006980698240529064, 0.002697434688436561, -0.01282042068255847]",,,,,
taskonomy/edge_texture,encoder.layer3.4.relu,LO2,train,sub-08,linear_predictivity,5919,83,0.05577332809569426,,"[10000.0, 10000.0, 31622.776601683796, 31622.776601683796, 31622.776601683796]",0.36334392641632024,1.0994173753823273,0.6368381909007635,0.9401425995867987
taskonomy/edge_texture,encoder.layer3.4.relu,LO2,test,sub-08,linear_predictivity,5919,83,0.1357989700312693,"[0.13942037380190458, 0.132519673484526, 0.1338339154114665, 0.13093451491092686, 0.1422863725475225]",,,,,
taskonomy/edge_texture,encoder.layer3.4.relu,LO3,train,sub-08,linear_predictivity,5919,125,0.012892816178627305,,"[31622.776601683796, 31622.776601683796, 31622.776601683796, 31622.776601683796, 31622.776601683796]",0.23630474283162428,1.1868163969483667,0.7635600921988434,0.984456409939692
taskonomy/edge_texture,encoder.layer3.4.relu,LO3,test,sub-08,linear_predictivity,5919,125,0.018577350132257645,"[0.010386318137388998, 0.014514217896177559, 0.02747122493832817, 0.027552198037790347, 0.012962791651603146]",,,,,
taskonomy/edge_texture,encoder.layer3.4.relu,V7,train,sub-08,linear_predictivity,5919,78,0.014878611888694541,,"[31622.776601683796, 31622.776601683796, 31622.776601683796, 31622.776601683796, 31622.776601683796]",0.24406353548136503,1.1742386654487242,0.7557563022359741,0.9806546841897005
taskonomy/edge_texture,encoder.layer3.4.relu,V7,test,sub-08,linear_predictivity,5919,78,-0.022011057082945276,"[-0.031441051333870824, -0.02157901471403236, -0.02311992537603252, -0.004535666106478902, -0.02937962788431177]",,,,,
taskonomy/edge_texture,encoder.layer3.4.relu,IP0,train,sub-08,linear_predictivity,5919,151,0.0012219074808699298,,"[100000.0, 100000.0, 100000.0, 100000.0, 100000.0]",0.09929299392445876,1.1883428117581167,0.9005489589897815,0.9962340432832532
taskonomy/edge_texture,encoder.layer3.4.relu,IP0,test,sub-08,linear_predictivity,5919,151,-0.0018092756941884345,"[-0.006298979832076122, -0.004512138900715764, 0.0015872881193794179, 0.0002158126467581411, -3.836050428784582e-05]",,,,,
taskonomy/edge_texture,encoder.layer3.4.relu,IP1,train,sub-08,linear_predictivity,5919,91,-0.004601002957054208,,"[100000.0, 100000.0, 100000.0, 316227.7660168379, 100000.0]",0.08362783874553242,1.1987292944378791,0.9161702674318896,1.0010359989584219
taskonomy/edge_texture,encoder.layer3.4.relu,IP1,test,sub-08,linear_predictivity,5919,91,-0.012413336922152223,"[-0.01803779037764488, -0.008594191591463551, -0.01492011902118946, -0.004503789130101511, -0.016010794490361708]",,,,,
taskonomy/edge_texture,encoder.layer3.4.relu,MIP,train,sub-08,linear_predictivity,5919,291,0.003145889005568902,,"[100000.0, 31622.776601683796, 100000.0, 100000.0, 100000.0]",0.12375117552364046,1.1910955998986317,0.8757706263161781,0.9944147718029763
taskonomy/edge_texture,encoder.layer3.4.relu,MIP,test,sub-08,linear_predictivity,5919,291,-0.0039694996690530174,"[-0.007917267176585129, -0.013150696904741301, 0.004161405419737878, 0.0009509619003682634, -0.0038919015840448014]",,,,,
taskonomy/edge_texture,encoder.layer3.4.relu,VIP,train,sub-08,linear_predictivity,5919,184,0.0018234552863671198,,"[100000.0, 100000.0, 100000.0, 100000.0, 100000.0]",0.09731227155765564,1.203778087996057,0.9024771065058663,0.9944838530863839
taskonomy/edge_texture,encoder.layer3.4.relu,VIP,test,sub-08,linear_predictivity,5919,184,0.0005366494821320418,"[0.0011317158702584147, 0.0027047010975540923, 0.0036847317946037575, -0.0016209983884995559, -0.003216902963256499]",,,,,
taskonomy/edge_texture,encoder.layer3.4.relu,LIPd,train,sub-08,linear_predictivity,5919,77,4.720178845343909e-05,,"[100000.0, 100000.0, 100000.0, 100000.0, 100000.0]",0.09879319704209696,1.1870800079729176,0.9010251662082751,0.9963045581055757
taskonomy/edge_texture,encoder.layer3.4.relu,LIPd,test,sub-08,linear_predictivity,5919,77,0.004753647508213221,"[0.00011855512675760584, 0.0036398334079630248, 0.004683295369383259, 0.010115326742713952, 0.005211226894248264]",,,,,
taskonomy/edge_texture,encoder.layer3.4.relu,LIPv,train,sub-08,linear_predictivity,5919,251,0.0005275241832284175,,"[100000.0, 100000.0, 100000.0, 100000.0, 100000.0]",0.09836617685086763,1.1939515312259341,0.9014280565752724,0.9956457489181411
taskonomy/edge_texture,encoder.layer3.4.relu,LIPv,test,sub-08,linear_predictivity,5919,251,0.006510319164130568,"[0.003937565383026792, 0.007125037398177146, 0.008539875396213233, 0.006631840995258135, 0.006317276647977531]",,,,,
taskonomy/edge_texture,encoder.layer3.4.relu,AIP,train,sub-08,linear_predictivity,5919,387,-0.0025450991203512427,,"[100000.0, 100000.0, 100000.0, 316227.7660168379, 100000.0]",0.08519680070235185,1.1979326206154102,0.9145059253197649,0.9994044419721144
taskonomy/edge_texture,encoder.layer3.4.relu,AIP,test,sub-08,linear_predictivity,5919,387,-0.0003027320621193588,"[-0.0027355347462753835, 0.0038912119137309684, 0.0005944482190518362, 0.0017240092859328337, -0.004987794983037049]",,,,,
taskonomy/edge_texture,encoder.layer3.4.relu,7Pm,train,sub-08,linear_predictivity,5919,25,-0.004739797021022706,,"[100000.0, 100000.0, 100000.0, 316227.7660168379, 316227.7660168379]",0.07434471942039794,1.1854948508096803,0.9255255689185262,1.0004753962398483
taskonomy/edge_texture,encoder.layer3.4.relu,7Pm,test,sub-08,linear_predictivity,5919,25,-0.008923499823047465,"[-0.010782044234791904, -0.01047710030051598, -0.023998642862937708, 0.0023700702733207503, -0.0017297819903124845]",,,,,
taskonomy/edge_texture,encoder.layer3.4.relu,7PL,train,sub-08,linear_predictivity,5919,91,0.015624910628318325,,"[31622.776601683796, 31622.776601683796, 31622.776601683796, 31622.776601683796, 100000.0]",0.20941064990299255,1.185571318512091,0.7900399071797638,0.9797171428137432
taskonomy/edge_texture,encoder.layer3.4.relu,7PL,test,sub-08,linear_predictivity,5919,91,0.01099575066983903,"[0.016942117988895285, 0.002963594397533511, 0.012072235585524848, 0.0002061850268776659, 0.022794620350363847]",,,,,
taskonomy/edge_texture,encoder.layer3.4.relu,7PC,train,sub-08,linear_predictivity,5919,231,-0.00245346224497182,,"[100000.0, 100000.0, 100000.0, 316227.7660168379, 100000.0]",0.08487151633038667,1.2006786507832907,0.9146280727821295,0.9987250234117641
taskonomy/edge_texture,encoder.layer3.4.relu,7PC,test,sub-08,linear_predictivity,5919,231,0.004707187560895753,"[0.0031602802990984605, 0.00576500060167414, 0.007437227126375022, 0.004456564130278959, 0.0027168656470521885]",,,,,
taskonomy/edge_texture,encoder.layer3.4.relu,7Am,train,sub-08,linear_predictivity,5919,136,0.002266507637660483,,"[100000.0, 100000.0, 100000.0, 100000.0, 100000.0]",0.10027124323599386,1.1842895083097322,0.8994919614524729,0.9933561694549139
taskonomy/edge_texture,encoder.layer3.4.relu,7Am,test,sub-08,linear_predictivity,5919,136,0.013905340478101954,"[0.017681612942200556, 0.014942233992386344, 0.0125645889067496, 0.015630352342092445, 0.008707914207080825]",,,,,
taskonomy/edge_texture,encoder.layer3.4.relu,7AL,train,sub-08,linear_predictivity,5919,234,-0.0015421149815792318,,"[100000.0, 100000.0, 100000.0, 316227.7660168379, 100000.0]",0.08176619519863819,1.2125474130554266,0.9176539345337205,0.9973565904731622
taskonomy/edge_texture,encoder.layer3.4.relu,7AL,test,sub-08,linear_predictivity,5919,234,0.003717642149460891,"[0.004193116590810915, 0.003903692994476696, 0.008129066255599449, 0.004483153179821387, -0.002120818273403992]",,,,,
taskonomy/edge_texture,encoder.layer3.4.relu,VVC,train,sub-08,linear_predictivity,5919,199,0.005483132861189465,,"[100000.0, 100000.0, 31622.776601683796, 31622.776601683796, 100000.0]",0.15796347652902507,1.1859503703301029,0.8419964068207081,0.9912722527781401
taskonomy/edge_texture,encoder.layer3.4.relu,VVC,test,sub-08,linear_predictivity,5919,199,0.02612965448078312,"[0.016005287924872245, 0.023486678356515744, 0.025520527608816727, 0.04073540245830727, 0.024900376055403607]",,,,,
taskonomy/edge_texture,encoder.layer3.4.relu,VMV2,train,sub-08,linear_predictivity,5919,94,0.004576584041935049,,"[100000.0, 100000.0, 100000.0, 100000.0, 100000.0]",0.10039112457348069,1.1839654359635992,0.8993949626699909,0.9914365321206464
taskonomy/edge_texture,encoder.layer3.4.relu,VMV2,test,sub-08,linear_predictivity,5919,94,-0.0019453520203468345,"[-0.002058362415629465, -0.003168049504112341, 0.0005274713093105445, -0.005548013340282111, 0.0005201938489791999]",,,,,
taskonomy/edge_texture,encoder.layer3.4.relu,VMV3,train,sub-08,linear_predictivity,5919,107,0.005054524511317454,,"[100000.0, 100000.0, 100000.0, 100000.0, 100000.0]",0.10016844065663033,1.1923516649395234,0.8997399233667569,0.9930535046065471
taskonomy/edge_texture,encoder.layer3.4.relu,VMV3,test,sub-08,linear_predictivity,5919,107,-0.0055350280528254575,"[-0.007325693289987695, -0.005938086519685406, -0.010096182932904435, -0.00036252054399785985, -0.003952656977551892]",,,,,
taskonomy/edge_texture,encoder.layer3.4.relu,VMV1,train,sub-08,linear_predictivity,5919,44,0.007072133003082225,,"[100000.0, 100000.0, 100000.0, 100000.0, 100000.0]",0.10222693351254128,1.1876348868842797,0.8976122818796753,0.9901675636317512
taskonomy/edge_texture,encoder.layer3.4.relu,VMV1,test,sub-08,linear_predictivity,5919,44,0.014119226218503986,"[0.014791483695344831, 0.013947177725226533, 0.010627038324491724, 0.012518979036253182, 0.01871145231120366]",,,,,
taskonomy/edge_texture,encoder.layer3.4.relu,PHA2,train,sub-08,linear_predictivity,5919,13,0.005290070987254954,,"[31622.776601683796, 100000.0, 100000.0, 100000.0, 100000.0]",0.12757595976207758,1.1851696631571205,0.8722607222499235,0.991411767874645
taskonomy/edge_texture,encoder.layer3.4.relu,PHA2,test,sub-08,linear_predictivity,5919,13,0.01979847022433965,"[0.011221009325818572, 0.01765239486855402, 0.03306996920836587, 0.021127517962219258, 0.015921459756740513]",,,,,
taskonomy/edge_texture,encoder.layer3.4.relu,PHA3,train,sub-08,linear_predictivity,5919,55,0.02378494504888546,,"[31622.776601683796, 31622.776601683796, 31622.776601683796, 31622.776601683796, 31622.776601683796]",0.24087603201522417,1.1765151882099631,0.7589255260734996,0.9720365764641468
taskonomy/edge_texture,encoder.layer3.4.relu,PHA3,test,sub-08,linear_predictivity,5919,55,0.003410096103025758,"[0.018321162288467183, -0.0077307171163349345, 0.004413175886618664, 0.004204133004867832, -0.0021572735484899513]",,,,,
taskonomy/edge_texture,encoder.layer3.4.relu,PH,train,sub-08,linear_predictivity,5919,350,0.026439888029442492,,"[31622.776601683796, 31622.776601683796, 31622.776601683796, 31622.776601683796, 31622.776601683796]",0.2540574310121747,1.151035321048519,0.7457140863525955,0.9689443380675499
taskonomy/edge_texture,encoder.layer3.4.relu,PH,test,sub-08,linear_predictivity,5919,350,0.034973586311192975,"[0.022999032496687995, 0.031702339997963305, 0.03880054098349838, 0.03753977793217039, 0.04382624014564482]",,,,,
taskonomy/edge_texture,encoder.layer3.5.relu,V1,train,sub-08,linear_predictivity,5919,560,0.07305425270486296,,"[31622.776601683796, 31622.776601683796, 31622.776601683796, 31622.776601683796, 31622.776601683796]",0.29329862287614494,1.1126640224162807,0.7065174717543948,0.9234874278666462
taskonomy/edge_texture,encoder.layer3.5.relu,V1,test,sub-08,linear_predictivity,5919,560,0.11282314456242937,"[0.10803052121274924, 0.11977893125638218, 0.11667771247563115, 0.11438080863305962, 0.1052477492343247]",,,,,
taskonomy/edge_texture,encoder.layer3.5.relu,V2,train,sub-08,linear_predictivity,5919,482,0.04882504941857649,,"[31622.776601683796, 31622.776601683796, 31622.776601683796, 31622.776601683796, 31622.776601683796]",0.2716576739304975,1.1341311120151116,0.728162152458242,0.9478418300523194
taskonomy/edge_texture,encoder.layer3.5.relu,V2,test,sub-08,linear_predictivity,5919,482,0.06266836428786693,"[0.05624183762327648, 0.06811370906058382, 0.06726130017734665, 0.06400402931599809, 0.057720945262129626]",,,,,
taskonomy/edge_texture,encoder.layer3.5.relu,V3,train,sub-08,linear_predictivity,5919,458,0.02400373024182305,,"[31622.776601683796, 31622.776601683796, 31622.776601683796, 31622.776601683796, 31622.776601683796]",0.25394925351174547,1.1552759646844808,0.7458925642757883,0.9728812602856426
taskonomy/edge_texture,encoder.layer3.5.relu,V3,test,sub-08,linear_predictivity,5919,458,0.03980499331467123,"[0.036548393366385455, 0.03986694715428085, 0.04119356958692374, 0.04349259545636619, 0.03792346100939988]",,,,,
taskonomy/edge_texture,encoder.layer3.5.relu,V4,train,sub-08,linear_predictivity,5919,604,0.01755374963981487,,"[31622.776601683796, 31622.776601683796, 31622.776601683796, 31622.776601683796, 31622.776601683796]",0.24682264137754917,1.1661361378348123,0.7530403946060641,0.9796884200429259
taskonomy/edge_texture,encoder.layer3.5.relu,V4,test,sub-08,linear_predictivity,5919,604,0.01012221708081254,"[0.00480597105514398, 0.00591477468755073, 0.009809080567961447, 0.01658336067378606, 0.013497898419620484]",,,,,
taskonomy/edge_texture,encoder.layer3.5.relu,V3A,train,sub-08,linear_predictivity,5919,226,0.0017693886461014685,,"[100000.0, 100000.0, 100000.0, 100000.0, 100000.0]",0.0994250174311968,1.196324208735957,0.9003709424326963,0.9946372527382966
taskonomy/edge_texture,encoder.layer3.5.relu,V3A,test,sub-08,linear_predictivity,5919,226,0.009261477400037608,"[0.006626866704635481, 0.012219745989281069, 0.009901709276396517, 0.013757893342616526, 0.00380117168725845]",,,,,
taskonomy/edge_texture,encoder.layer3.5.relu,V3B,train,sub-08,linear_predictivity,5919,147,0.009431003393088132,,"[100000.0, 31622.776601683796, 31622.776601683796, 31622.776601683796, 31622.776601683796]",0.2132875464126768,1.167826920498026,0.7866086976202834,0.9878589112298887
taskonomy/edge_texture,encoder.layer3.5.relu,V3B,test,sub-08,linear_predictivity,5919,147,0.004715701015372079,"[-0.006787531475978387, 0.008246170138735172, 0.00479553955905936, 0.014517790495535981, 0.00280653635950827]",,,,,
taskonomy/edge_texture,encoder.layer3.5.relu,V6,train,sub-08,linear_predictivity,5919,105,0.0012848108429838912,,"[100000.0, 100000.0, 100000.0, 100000.0, 100000.0]",0.10176034443730494,1.1777593303941134,0.8980349621313668,0.9951100452304965
taskonomy/edge_texture,encoder.layer3.5.relu,V6,test,sub-08,linear_predictivity,5919,105,0.03257324075379788,"[0.03229712724725555, 0.028362067749784232, 0.031886961545959776, 0.03243757068113508, 0.0378824765448548]",,,,,
taskonomy/edge_texture,encoder.layer3.5.relu,V6A,train,sub-08,linear_predictivity,5919,84,0.007166311329982711,,"[100000.0, 31622.776601683796, 31622.776601683796, 31622.776601683796, 31622.776601683796]",0.21422381116090894,1.1686449592169783,0.7854936027367241,0.9879594812024722
taskonomy/edge_texture,encoder.layer3.5.relu,V6A,test,sub-08,linear_predictivity,5919,84,0.016129298812758673,"[0.025498565899098987, 0.01582591094129559, 0.014154592738278814, 0.015494286784285861, 0.00967313770083412]",,,,,
taskonomy/edge_texture,encoder.layer3.5.relu,V7,train,sub-08,linear_predictivity,5919,78,0.01717003420394846,,"[31622.776601683796, 31622.776601683796, 31622.776601683796, 31622.776601683796, 31622.776601683796]",0.24847045565361975,1.165811845903333,0.7513534492505398,0.9784308612425733
taskonomy/edge_texture,encoder.layer3.5.relu,V7,test,sub-08,linear_predictivity,5919,78,-0.015033940464573478,"[-0.024532378104425153, -0.01572913864950096, -0.017798534926233893, 0.0034650312103981593, -0.02057468185310554]",,,,,
taskonomy/edge_texture,encoder.layer3.5.relu,V8,train,sub-08,linear_predictivity,5919,112,0.025702454662050754,,"[31622.776601683796, 31622.776601683796, 31622.776601683796, 31622.776601683796, 31622.776601683796]",0.25197255274260916,1.1598907708995354,0.7479391034332907,0.9722192815105977
taskonomy/edge_texture,encoder.layer3.5.relu,V8,test,sub-08,linear_predictivity,5919,112,0.031296730121051296,"[0.014351286863526689, 0.04390241735831306, 0.02454539571641647, 0.037112778491487544, 0.036571772175512725]",,,,,
taskonomy/edge_texture,encoder.layer3.5.relu,FFC,train,sub-08,linear_predictivity,5919,275,0.03348325317274038,,"[31622.776601683796, 31622.776601683796, 31622.776601683796, 31622.776601683796, 31622.776601683796]",0.2619887116578485,1.1378886358270754,0.7377999581692055,0.9624954525964344
taskonomy/edge_texture,encoder.layer3.5.relu,FFC,test,sub-08,linear_predictivity,5919,275,0.06232656646583562,"[0.05766666379005493, 0.061933624357944216, 0.059303383939466825, 0.060759375788046875, 0.07196978445366524]",,,,,
taskonomy/edge_texture,encoder.layer3.5.relu,PIT,train,sub-08,linear_predictivity,5919,117,0.02055156219880093,,"[31622.776601683796, 31622.776601683796, 31622.776601683796, 31622.776601683796, 31622.776601683796]",0.24990651421421545,1.153976505762341,0.7499288232196658,0.9765501706616364
taskonomy/edge_texture,encoder.layer3.5.relu,PIT,test,sub-08,linear_predictivity,5919,117,0.041187158978380975,"[0.037037921582712026, 0.03217958173947291, 0.04720555994422045, 0.03649364989087275, 0.05301908173462672]",,,,,
taskonomy/edge_texture,encoder.layer3.5.relu,IPS1,train,sub-08,linear_predictivity,5919,219,0.005223683619255358,,"[31622.776601683796, 31622.776601683796, 31622.776601683796, 100000.0, 100000.0]",0.18195154739660843,1.1854781776050856,0.8171397356055852,0.9911317469600652
taskonomy/edge_texture,encoder.layer3.5.relu,IPS1,test,sub-08,linear_predictivity,5919,219,3.724095183800609e-05,"[-0.013132488780824531, -0.004820093934290436, 0.005044141939108443, 0.010310777172350571, 0.0027838683628459856]",,,,,
taskonomy/edge_texture,encoder.layer3.5.relu,MST,train,sub-08,linear_predictivity,5919,140,0.017144834493817186,,"[31622.776601683796, 100000.0, 31622.776601683796, 31622.776601683796, 31622.776601683796]",0.22532701448525033,1.16575639496618,0.7746440683464666,0.9805998947830865
taskonomy/edge_texture,encoder.layer3.5.relu,MST,test,sub-08,linear_predictivity,5919,140,0.013750717588277988,"[0.004683005357624279, 0.018028220036104214, 0.00879248959995688, 0.016795664995577254, 0.02045420795212732]",,,,,
taskonomy/edge_texture,encoder.layer3.5.relu,MT,train,sub-08,linear_predictivity,5919,99,0.022078700889306607,,"[31622.776601683796, 31622.776601683796, 31622.776601683796, 31622.776601683796, 31622.776601683796]",0.25215421803764193,1.161778645058226,0.7476712622705031,0.9741443963027618
taskonomy/edge_texture,encoder.layer3.5.relu,MT,test,sub-08,linear_predictivity,5919,99,0.033665423304750405,"[0.030889782005750304, 0.02850926060109484, 0.039155402360708205, 0.03738460048243779, 0.03238807107376091]",,,,,
taskonomy/edge_texture,encoder.layer3.5.relu,FST,train,sub-08,linear_predictivity,5919,149,0.024462417354165027,,"[31622.776601683796, 31622.776601683796, 31622.776601683796, 31622.776601683796, 31622.776601683796]",0.25727766495468773,1.1508596060786251,0.7425725048136462,0.9722081357890053
taskonomy/edge_texture,encoder.layer3.5.relu,FST,test,sub-08,linear_predictivity,5919,149,0.024972927306740052,"[0.00933070711995101, 0.03215990241022756, 0.01651065779263128, 0.032612979005951045, 0.03425039020493938]",,,,,
taskonomy/edge_texture,encoder.layer3.5.relu,LO1,train,sub-08,linear_predictivity,5919,79,0.005779722729500217,,"[31622.776601683796, 31622.776601683796, 31622.776601683796, 31622.776601683796, 31622.776601683796]",0.242545233752767,1.1700846546001062,0.7573042625507074,0.9909607923927737
taskonomy/edge_texture,encoder.layer3.5.relu,LO1,test,sub-08,linear_predictivity,5919,79,-0.001616876700631073,"[-0.023585427126662308, -0.014381584548141868, 0.01067289493761514, 0.020626276644465643, -0.0014165434104319683]",,,,,
taskonomy/edge_texture,encoder.layer3.5.relu,LO2,train,sub-08,linear_predictivity,5919,83,0.06150456662207857,,"[10000.0, 10000.0, 10000.0, 31622.776601683796, 10000.0]",0.45319111461620326,1.0856550090758976,0.5466381821777486,0.9344341606525429
taskonomy/edge_texture,encoder.layer3.5.relu,LO2,test,sub-08,linear_predictivity,5919,83,0.14550977509129834,"[0.14037125846361923, 0.13788941243572622, 0.1456058953649824, 0.132042552591884, 0.17163975660027983]",,,,,
taskonomy/edge_texture,encoder.layer3.5.relu,LO3,train,sub-08,linear_predictivity,5919,125,0.01562832785231774,,"[31622.776601683796, 31622.776601683796, 31622.776601683796, 31622.776601683796, 31622.776601683796]",0.24083201997733683,1.1780226624618098,0.75903820795645,0.9817991215179596
taskonomy/edge_texture,encoder.layer3.5.relu,LO3,test,sub-08,linear_predictivity,5919,125,0.026435823703566435,"[0.018887298093843704, 0.020903474711372695, 0.03606600259821676, 0.03458570316725641, 0.0217366399471426]",,,,,
taskonomy/edge_texture,encoder.layer3.5.relu,V7,train,sub-08,linear_predictivity,5919,78,0.01717003420394846,,"[31622.776601683796, 31622.776601683796, 31622.776601683796, 31622.776601683796, 31622.776601683796]",0.24847045565361975,1.165811845903333,0.7513534492505398,0.9784308612425733
taskonomy/edge_texture,encoder.layer3.5.relu,V7,test,sub-08,linear_predictivity,5919,78,-0.015033940464573478,"[-0.024532378104425153, -0.01572913864950096, -0.017798534926233893, 0.0034650312103981593, -0.02057468185310554]",,,,,
taskonomy/edge_texture,encoder.layer3.5.relu,IP0,train,sub-08,linear_predictivity,5919,151,0.001212439188205344,,"[100000.0, 100000.0, 100000.0, 100000.0, 100000.0]",0.10019687747105825,1.177601135501159,0.8996452970970038,0.9962395735073828
taskonomy/edge_texture,encoder.layer3.5.relu,IP0,test,sub-08,linear_predictivity,5919,151,-0.00063407665556427,"[-0.004559863235975696, -0.003072942129280893, 0.002785138587136185, 0.000834384187820398, 0.0008428993124786558]",,,,,
taskonomy/edge_texture,encoder.layer3.5.relu,IP1,train,sub-08,linear_predictivity,5919,91,-0.0035004110716716145,,"[100000.0, 100000.0, 100000.0, 100000.0, 100000.0]",0.09685534536600367,1.1911388886158012,0.902934449513723,0.9999139477956461
taskonomy/edge_texture,encoder.layer3.5.relu,IP1,test,sub-08,linear_predictivity,5919,91,-0.013103906495580917,"[-0.017109337123849842, -0.007955663041142336, -0.013168231827692918, -0.012635714990546037, -0.01465058549467345]",,,,,
taskonomy/edge_texture,encoder.layer3.5.relu,MIP,train,sub-08,linear_predictivity,5919,291,0.003743693553619944,,"[100000.0, 31622.776601683796, 100000.0, 100000.0, 100000.0]",0.1251025180671333,1.1835051921801611,0.8744160080445509,0.9938640308173345
taskonomy/edge_texture,encoder.layer3.5.relu,MIP,test,sub-08,linear_predictivity,5919,291,-0.003233648801406753,"[-0.007355496901579855, -0.012215960675527307, 0.004571690973111087, 0.001585744864210371, -0.0027542222672480637]",,,,,
taskonomy/edge_texture,encoder.layer3.5.relu,VIP,train,sub-08,linear_predictivity,5919,184,0.002126016435967844,,"[100000.0, 100000.0, 100000.0, 100000.0, 100000.0]",0.09830165552950196,1.1948051731519276,0.9014902106374052,0.9942113686437901
taskonomy/edge_texture,encoder.layer3.5.relu,VIP,test,sub-08,linear_predictivity,5919,184,0.0004774308952321713,"[0.0005396817802231676, 0.002141698013221765, 0.0035387463978309663, -0.0012232882513442123, -0.00260968346377083]",,,,,
taskonomy/edge_texture,encoder.layer3.5.relu,LIPd,train,sub-08,linear_predictivity,5919,77,-0.001130029905840844,,"[100000.0, 31622.776601683796, 100000.0, 100000.0, 100000.0]",0.1272532639872356,1.183066455870293,0.8724751823819682,0.9974401024213908
taskonomy/edge_texture,encoder.layer3.5.relu,LIPd,test,sub-08,linear_predictivity,5919,77,0.00524341233919295,"[0.0018330644335057772, -0.0004451378900507238, 0.006552416579849215, 0.011510745670845871, 0.006765972901814609]",,,,,
taskonomy/edge_texture,encoder.layer3.5.relu,LIPv,train,sub-08,linear_predictivity,5919,251,0.001382640527136756,,"[100000.0, 100000.0, 100000.0, 100000.0, 100000.0]",0.10010163920339502,1.1884203965868916,0.8996944769106818,0.9948327389030058
taskonomy/edge_texture,encoder.layer3.5.relu,LIPv,test,sub-08,linear_predictivity,5919,251,0.008991306759422647,"[0.00606222535736301, 0.00902324098891151, 0.0108657103315936, 0.009261990105645957, 0.00974336701359916]",,,,,
taskonomy/edge_texture,encoder.layer3.5.relu,AIP,train,sub-08,linear_predictivity,5919,387,-0.0023962321386357473,,"[100000.0, 100000.0, 100000.0, 316227.7660168379, 100000.0]",0.08601103415841442,1.1915549960172351,0.9136911267917134,0.9992712103119754
taskonomy/edge_texture,encoder.layer3.5.relu,AIP,test,sub-08,linear_predictivity,5919,387,-0.00025847842526406813,"[-0.0026501665669788304, 0.00392086091619269, 0.0004958411235198946, 0.001601337019272547, -0.004660264618326642]",,,,,
taskonomy/edge_texture,encoder.layer3.5.relu,7Pm,train,sub-08,linear_predictivity,5919,25,-0.004467693921003435,,"[100000.0, 100000.0, 100000.0, 316227.7660168379, 316227.7660168379]",0.07512710763069771,1.1846965005504324,0.9247431879814,1.0001929185467884
taskonomy/edge_texture,encoder.layer3.5.relu,7Pm,test,sub-08,linear_predictivity,5919,25,-0.009125466642343776,"[-0.012157795808166099, -0.01016535694260038, -0.023498295698013517, 0.002173989973411965, -0.001979874736350844]",,,,,
taskonomy/edge_texture,encoder.layer3.5.relu,7PL,train,sub-08,linear_predictivity,5919,91,0.01620104649739998,,"[31622.776601683796, 31622.776601683796, 31622.776601683796, 31622.776601683796, 100000.0]",0.21148179887841162,1.1774926096131515,0.7879654453746238,0.9791764187584364
taskonomy/edge_texture,encoder.layer3.5.relu,7PL,test,sub-08,linear_predictivity,5919,91,0.009936152141399878,"[0.014416812134275704, 0.003366047374641145, 0.010507878909690417, 2.928655582440559e-05, 0.02136073573256771]",,,,,
taskonomy/edge_texture,encoder.layer3.5.relu,7PC,train,sub-08,linear_predictivity,5919,231,-0.002005312993144461,,"[100000.0, 100000.0, 100000.0, 316227.7660168379, 100000.0]",0.08588693642366593,1.1944389677137133,0.9136104152663582,0.9983198967631426
taskonomy/edge_texture,encoder.layer3.5.relu,7PC,test,sub-08,linear_predictivity,5919,231,0.005075010027411033,"[0.0030847643869742693, 0.005616394090782509, 0.0076668491776943435, 0.0046521489294936, 0.004354893552110444]",,,,,
taskonomy/edge_texture,encoder.layer3.5.relu,7Am,train,sub-08,linear_predictivity,5919,136,0.0027815142756838556,,"[100000.0, 100000.0, 100000.0, 100000.0, 100000.0]",0.1013762151700152,1.1759956157854186,0.8983887174133791,0.9928520132323178
taskonomy/edge_texture,encoder.layer3.5.relu,7Am,test,sub-08,linear_predictivity,5919,136,0.014037843532230402,"[0.017703125423997074, 0.015089397993225714, 0.012946754591134002, 0.015859783993816712, 0.008590155658978511]",,,,,
taskonomy/edge_texture,encoder.layer3.5.relu,7AL,train,sub-08,linear_predictivity,5919,234,-0.0007393004252147104,,"[100000.0, 100000.0, 100000.0, 100000.0, 100000.0]",0.09442296415328397,1.2032266427185747,0.9053560475466396,0.9965279072863366
taskonomy/edge_texture,encoder.layer3.5.relu,7AL,test,sub-08,linear_predictivity,5919,234,0.00343334072527427,"[0.004649635084711975, 0.004096484568857022, 0.008038664880741227, 0.0025472435054985604, -0.0021653244134374385]",,,,,
taskonomy/edge_texture,encoder.layer3.5.relu,VVC,train,sub-08,linear_predictivity,5919,199,0.006134818604858925,,"[100000.0, 100000.0, 31622.776601683796, 31622.776601683796, 100000.0]",0.16030267728847183,1.1784758554455577,0.8396599129573111,0.9906205658123051
taskonomy/edge_texture,encoder.layer3.5.relu,VVC,test,sub-08,linear_predictivity,5919,199,0.02830824068275769,"[0.01759096696238358, 0.024897523952011915, 0.028399608106738805, 0.04465448237233537, 0.025998622020318777]",,,,,
taskonomy/edge_texture,encoder.layer3.5.relu,VMV2,train,sub-08,linear_predictivity,5919,94,0.0036736913187231266,,"[31622.776601683796, 100000.0, 100000.0, 31622.776601683796, 100000.0]",0.15406948485055016,1.1712580882065264,0.8455855633259682,0.9922982164600578
taskonomy/edge_texture,encoder.layer3.5.relu,VMV2,test,sub-08,linear_predictivity,5919,94,-0.008626780337666538,"[-0.01774866127524061, -0.0032222622599191553, 0.0005355564796417479, -0.023512528353529457, 0.0008139937207147821]",,,,,
taskonomy/edge_texture,encoder.layer3.5.relu,VMV3,train,sub-08,linear_predictivity,5919,107,0.0055243749287833,,"[100000.0, 100000.0, 100000.0, 100000.0, 100000.0]",0.1013711468240815,1.1781379322756504,0.8985378627942812,0.9926007628310544
taskonomy/edge_texture,encoder.layer3.5.relu,VMV3,test,sub-08,linear_predictivity,5919,107,-0.004343963987475422,"[-0.005535123905639951, -0.004908403296820305, -0.008649614900701003, 0.0001452325001150001, -0.0027719103343308497]",,,,,
taskonomy/edge_texture,encoder.layer3.5.relu,VMV1,train,sub-08,linear_predictivity,5919,44,0.007323557399576659,,"[100000.0, 100000.0, 100000.0, 100000.0, 100000.0]",0.10318722198659676,1.179709833803343,0.8966527449853412,0.9899286790231804
taskonomy/edge_texture,encoder.layer3.5.relu,VMV1,test,sub-08,linear_predictivity,5919,44,0.014728502414217947,"[0.015498640260040634, 0.014697021084739203, 0.011209988864525454, 0.013035934629009295, 0.01920092723277515]",,,,,
taskonomy/edge_texture,encoder.layer3.5.relu,PHA2,train,sub-08,linear_predictivity,5919,13,0.0074956957343589245,,"[31622.776601683796, 31622.776601683796, 31622.776601683796, 100000.0, 100000.0]",0.1819117927941743,1.1766409317512896,0.8183080474388147,0.989133453953275
taskonomy/edge_texture,encoder.layer3.5.relu,PHA2,test,sub-08,linear_predictivity,5919,13,0.017952190877240586,"[0.013051837113305367, 0.008141917164262363, 0.030366017738162908, 0.02184080505626807, 0.01636037731420423]",,,,,
taskonomy/edge_texture,encoder.layer3.5.relu,PHA3,train,sub-08,linear_predictivity,5919,55,0.024473641740406202,,"[31622.776601683796, 31622.776601683796, 31622.776601683796, 31622.776601683796, 31622.776601683796]",0.24402063192518691,1.1695538122536062,0.7557800650086135,0.9713259666796281
taskonomy/edge_texture,encoder.layer3.5.relu,PHA3,test,sub-08,linear_predictivity,5919,55,0.006511933330044116,"[0.020694409265815034, -0.0025533372599408225, 0.006656686458425524, 0.007543079370439018, 0.00021882881548182268]",,,,,
taskonomy/edge_texture,encoder.layer3.5.relu,PH,train,sub-08,linear_predictivity,5919,350,0.028412050725290933,,"[31622.776601683796, 31622.776601683796, 31622.776601683796, 31622.776601683796, 31622.776601683796]",0.25806934558576,1.1421433432734442,0.7417025241631369,0.9669716612651953
taskonomy/edge_texture,encoder.layer3.5.relu,PH,test,sub-08,linear_predictivity,5919,350,0.03766610072184555,"[0.02532159181428821, 0.03615356928122068, 0.03924431091134307, 0.03971375028556587, 0.04789728131680993]",,,,,
taskonomy/edge_texture,encoder.layer4.0.relu,V1,train,sub-08,linear_predictivity,5919,560,0.07561122228992861,,"[31622.776601683796, 31622.776601683796, 31622.776601683796, 31622.776601683796, 31622.776601683796]",0.26425575747114627,1.1935007405315008,0.7355505529596087,0.9207854101089804
taskonomy/edge_texture,encoder.layer4.0.relu,V1,test,sub-08,linear_predictivity,5919,560,0.10239377289341181,"[0.09610546445396607, 0.10658565346350231, 0.10661648322907688, 0.10209211867084789, 0.10056914464966593]",,,,,
taskonomy/edge_texture,encoder.layer4.0.relu,V2,train,sub-08,linear_predictivity,5919,482,0.04693647395627943,,"[31622.776601683796, 31622.776601683796, 31622.776601683796, 31622.776601683796, 31622.776601683796]",0.23783074270348165,1.2282867132475452,0.7619803056312476,0.9495779932787473
taskonomy/edge_texture,encoder.layer4.0.relu,V2,test,sub-08,linear_predictivity,5919,482,0.050760459666156076,"[0.046531270546513216, 0.054577738353661795, 0.05263224760465503, 0.0531223837953733, 0.046938658030577014]",,,,,
taskonomy/edge_texture,encoder.layer4.0.relu,V3,train,sub-08,linear_predictivity,5919,458,0.019725852942468928,,"[31622.776601683796, 31622.776601683796, 31622.776601683796, 31622.776601683796, 31622.776601683796]",0.21773431273140567,1.253727717208967,0.7820975794920171,0.9770543062296015
taskonomy/edge_texture,encoder.layer4.0.relu,V3,test,sub-08,linear_predictivity,5919,458,0.02054763796241724,"[0.02121711556372536, 0.020471865898864832, 0.020510338629304986, 0.023319840806671883, 0.01721902891351913]",,,,,
taskonomy/edge_texture,encoder.layer4.0.relu,V4,train,sub-08,linear_predictivity,5919,604,0.013692367867091205,,"[100000.0, 100000.0, 100000.0, 100000.0, 31622.776601683796]",0.12070356374658094,1.272840972101184,0.8791857401571377,0.983631715736698
taskonomy/edge_texture,encoder.layer4.0.relu,V4,test,sub-08,linear_predictivity,5919,604,-0.01125065036012626,"[-0.011899025541450921, -0.012452655085704053, -0.009286220491699014, -0.007445120626119529, -0.015170230055657787]",,,,,
taskonomy/edge_texture,encoder.layer4.0.relu,V3A,train,sub-08,linear_predictivity,5919,226,0.0016385573468392634,,"[100000.0, 100000.0, 100000.0, 100000.0, 100000.0]",0.08736032991443601,1.2924710953809342,0.9124341484039089,0.9947750574222433
taskonomy/edge_texture,encoder.layer4.0.relu,V3A,test,sub-08,linear_predictivity,5919,226,0.008326899533700338,"[0.0080357702469061, 0.012575357246449871, 0.008692933840899659, 0.010814717967067173, 0.0015157183671788833]",,,,,
taskonomy/edge_texture,encoder.layer4.0.relu,V3B,train,sub-08,linear_predictivity,5919,147,0.0077836590466281086,,"[100000.0, 100000.0, 100000.0, 100000.0, 100000.0]",0.09256557419207583,1.2830280985629365,0.9072744363100786,0.9895906370576736
taskonomy/edge_texture,encoder.layer4.0.relu,V3B,test,sub-08,linear_predictivity,5919,147,-0.00993006533521935,"[-0.02380058077858255, -0.0038408882825585375, -0.008965400887255101, -0.0016609391885058123, -0.011382517539194748]",,,,,
taskonomy/edge_texture,encoder.layer4.0.relu,V6,train,sub-08,linear_predictivity,5919,105,-0.001223394745716811,,"[316227.7660168379, 316227.7660168379, 100000.0, 100000.0, 316227.7660168379]",0.058721889925080276,1.2999781805845179,0.9411885186153623,0.9976319808127725
taskonomy/edge_texture,encoder.layer4.0.relu,V6,test,sub-08,linear_predictivity,5919,105,0.023794825088057893,"[0.022742390229773063, 0.021587280747734815, 0.024541103178086537, 0.026231512251659858, 0.02387183903303517]",,,,,
taskonomy/edge_texture,encoder.layer4.0.relu,V6A,train,sub-08,linear_predictivity,5919,84,0.006730788528225192,,"[100000.0, 100000.0, 100000.0, 100000.0, 100000.0]",0.09610690061591635,1.2720265332679461,0.9036168147449951,0.9886217679858686
taskonomy/edge_texture,encoder.layer4.0.relu,V6A,test,sub-08,linear_predictivity,5919,84,0.017723217317636274,"[0.023296657051438047, 0.01735957794631085, 0.01597422510837478, 0.021627691216393213, 0.010357935265664489]",,,,,
taskonomy/edge_texture,encoder.layer4.0.relu,V7,train,sub-08,linear_predictivity,5919,78,0.004911218392813058,,"[100000.0, 100000.0, 31622.776601683796, 100000.0, 31622.776601683796]",0.13941401347223703,1.267896888793412,0.8598880719942985,0.990809833040049
taskonomy/edge_texture,encoder.layer4.0.relu,V7,test,sub-08,linear_predictivity,5919,78,-0.029705028752189118,"[-0.021282441969877844, -0.022395447522971457, -0.050542644622607456, -0.006416706172612914, -0.047887903472875915]",,,,,
taskonomy/edge_texture,encoder.layer4.0.relu,V8,train,sub-08,linear_predictivity,5919,112,0.01825168634492499,,"[100000.0, 100000.0, 100000.0, 100000.0, 100000.0]",0.10140161236046194,1.2759042433616608,0.8984937426989476,0.9798327358388637
taskonomy/edge_texture,encoder.layer4.0.relu,V8,test,sub-08,linear_predictivity,5919,112,-0.010316548876749192,"[-0.02143835106888059, -0.002954297195328273, -0.010462736360563177, -0.008836350012027275, -0.00789100974694664]",,,,,
taskonomy/edge_texture,encoder.layer4.0.relu,FFC,train,sub-08,linear_predictivity,5919,275,0.02476656956149785,,"[31622.776601683796, 31622.776601683796, 31622.776601683796, 31622.776601683796, 31622.776601683796]",0.22092905871424784,1.2332092951746891,0.7788726958367187,0.9713413364661347
taskonomy/edge_texture,encoder.layer4.0.relu,FFC,test,sub-08,linear_predictivity,5919,275,0.030066535169979498,"[0.024903745771479257, 0.028940461453087946, 0.027332594558533183, 0.02946682418974885, 0.039689049877048244]",,,,,
taskonomy/edge_texture,encoder.layer4.0.relu,PIT,train,sub-08,linear_predictivity,5919,117,0.0117182877329789,,"[31622.776601683796, 100000.0, 100000.0, 100000.0, 31622.776601683796]",0.14316133155208471,1.2535699293559257,0.8567221658696648,0.9856139231883404
taskonomy/edge_texture,encoder.layer4.0.relu,PIT,test,sub-08,linear_predictivity,5919,117,0.021353752736203983,"[0.017026177276438518, 0.015442415527987946, 0.023552630204575493, 0.01991489109807388, 0.03083264957394409]",,,,,
taskonomy/edge_texture,encoder.layer4.0.relu,IPS1,train,sub-08,linear_predictivity,5919,219,0.004081615775213593,,"[100000.0, 100000.0, 100000.0, 100000.0, 100000.0]",0.08917673185200214,1.3124234666716377,0.9106389248182992,0.9923941912716543
taskonomy/edge_texture,encoder.layer4.0.relu,IPS1,test,sub-08,linear_predictivity,5919,219,-0.010831766406092838,"[-0.01606994266175054, -0.008770901815715881, -0.008858990936096845, -0.0044886110236484365, -0.015970385593252492]",,,,,
taskonomy/edge_texture,encoder.layer4.0.relu,MST,train,sub-08,linear_predictivity,5919,140,0.016567243557736703,,"[100000.0, 100000.0, 100000.0, 100000.0, 100000.0]",0.10301819228735092,1.28720379865998,0.8968559430584302,0.9812162843744806
taskonomy/edge_texture,encoder.layer4.0.relu,MST,test,sub-08,linear_predictivity,5919,140,0.012638421638189835,"[0.010465650584566673, 0.012627997591388364, 0.007055663660847089, 0.014121372015306248, 0.018921424338840788]",,,,,
taskonomy/edge_texture,encoder.layer4.0.relu,MT,train,sub-08,linear_predictivity,5919,99,0.01274848418177787,,"[100000.0, 100000.0, 100000.0, 100000.0, 100000.0]",0.10016808076819843,1.2775550229204833,0.8996363510450754,0.9835637335557756
taskonomy/edge_texture,encoder.layer4.0.relu,MT,test,sub-08,linear_predictivity,5919,99,0.009983531796769338,"[0.007817454331741278, 0.008234347524491203, 0.01126065961974779, 0.013396418306468493, 0.009208779201397928]",,,,,
taskonomy/edge_texture,encoder.layer4.0.relu,FST,train,sub-08,linear_predictivity,5919,149,0.01935282220674567,,"[100000.0, 100000.0, 100000.0, 100000.0, 100000.0]",0.1072758825710735,1.2676473007966758,0.8925326645874939,0.9772757709056865
taskonomy/edge_texture,encoder.layer4.0.relu,FST,test,sub-08,linear_predictivity,5919,149,0.014191018694613658,"[0.007817047563379073, 0.015246214203342498, 0.006363900901875564, 0.019957078890871616, 0.021570851913599535]",,,,,
taskonomy/edge_texture,encoder.layer4.0.relu,LO1,train,sub-08,linear_predictivity,5919,79,0.0014888852002382736,,"[100000.0, 100000.0, 100000.0, 100000.0, 100000.0]",0.08988363166226708,1.294893111034648,0.9099282151440857,0.9951552903994554
taskonomy/edge_texture,encoder.layer4.0.relu,LO1,test,sub-08,linear_predictivity,5919,79,-0.03536537616796545,"[-0.048560664540561065, -0.04121605707536298, -0.03041437454051822, -0.023031288118088786, -0.03360449656529622]",,,,,
taskonomy/edge_texture,encoder.layer4.0.relu,LO2,train,sub-08,linear_predictivity,5919,83,0.047313731582240226,,"[31622.776601683796, 31622.776601683796, 31622.776601683796, 31622.776601683796, 31622.776601683796]",0.2391207352900567,1.1932950798812425,0.760680502504633,0.9490091193644659
taskonomy/edge_texture,encoder.layer4.0.relu,LO2,test,sub-08,linear_predictivity,5919,83,0.1004891974819433,"[0.09289261084867997, 0.09592279584530058, 0.10112808258088234, 0.10511567186143403, 0.10738682627341953]",,,,,
taskonomy/edge_texture,encoder.layer4.0.relu,LO3,train,sub-08,linear_predictivity,5919,125,0.008534305315181923,,"[100000.0, 100000.0, 100000.0, 100000.0, 100000.0]",0.0927182228972522,1.3040971301447026,0.9071592274005527,0.9889779304847268
taskonomy/edge_texture,encoder.layer4.0.relu,LO3,test,sub-08,linear_predictivity,5919,125,-8.459756961354277e-05,"[-0.004503678895703688, 0.0007887029949900972, 0.0011229669939272781, 0.005516919841153478, -0.0033478987824348792]",,,,,
taskonomy/edge_texture,encoder.layer4.0.relu,V7,train,sub-08,linear_predictivity,5919,78,0.004911218392813058,,"[100000.0, 100000.0, 31622.776601683796, 100000.0, 31622.776601683796]",0.13941401347223703,1.267896888793412,0.8598880719942985,0.990809833040049
taskonomy/edge_texture,encoder.layer4.0.relu,V7,test,sub-08,linear_predictivity,5919,78,-0.029705028752189118,"[-0.021282441969877844, -0.022395447522971457, -0.050542644622607456, -0.006416706172612914, -0.047887903472875915]",,,,,
taskonomy/edge_texture,encoder.layer4.0.relu,IP0,train,sub-08,linear_predictivity,5919,151,-0.002135617863182547,,"[316227.7660168379, 100000.0, 316227.7660168379, 316227.7660168379, 316227.7660168379]",0.04461377095998896,1.306356217908617,0.955248397105328,0.999527944962119
taskonomy/edge_texture,encoder.layer4.0.relu,IP0,test,sub-08,linear_predictivity,5919,151,-0.0025457399623360446,"[-0.005036731143932904, -0.007327783189513279, -0.0007091684041629436, 0.00034126813194279863, 3.7147939861069464e-06]",,,,,
taskonomy/edge_texture,encoder.layer4.0.relu,IP1,train,sub-08,linear_predictivity,5919,91,-0.005292586154461756,,"[316227.7660168379, 316227.7660168379, 316227.7660168379, 1000000.0, 316227.7660168379]",0.028504706300442544,1.3263871404102219,0.9712922099946386,1.0018119968146013
taskonomy/edge_texture,encoder.layer4.0.relu,IP1,test,sub-08,linear_predictivity,5919,91,-0.010062640379089275,"[-0.017515466121319438, -0.006148463105949307, -0.012135499445237247, -0.004244201556899016, -0.010269571666041371]",,,,,
taskonomy/edge_texture,encoder.layer4.0.relu,MIP,train,sub-08,linear_predictivity,5919,291,0.0010859262825540286,,"[316227.7660168379, 100000.0, 100000.0, 316227.7660168379, 100000.0]",0.06418399846848673,1.3198193233792785,0.935782225428599,0.9965965304989339
taskonomy/edge_texture,encoder.layer4.0.relu,MIP,test,sub-08,linear_predictivity,5919,291,-0.005943307715784283,"[-0.007073753109944866, -0.004177405713430873, -0.0029829393680672078, -0.0024344819272195317, -0.013047958460258932]",,,,,
taskonomy/edge_texture,encoder.layer4.0.relu,VIP,train,sub-08,linear_predictivity,5919,184,-0.0011613046992845612,,"[316227.7660168379, 100000.0, 100000.0, 316227.7660168379, 100000.0]",0.06429125647415924,1.3237734779952819,0.935612381024014,0.9975290141020636
taskonomy/edge_texture,encoder.layer4.0.relu,VIP,test,sub-08,linear_predictivity,5919,184,-0.004955733845198938,"[-0.00037085156217066506, -0.005859471631449559, -0.005263685795370312, -0.00243586593562296, -0.010848794301381198]",,,,,
taskonomy/edge_texture,encoder.layer4.0.relu,LIPd,train,sub-08,linear_predictivity,5919,77,-0.0026209724889217547,,"[316227.7660168379, 100000.0, 100000.0, 100000.0, 100000.0]",0.07527562805218904,1.3064003181279493,0.9247258752430525,0.99892730006596
taskonomy/edge_texture,encoder.layer4.0.relu,LIPd,test,sub-08,linear_predictivity,5919,77,-0.0068632988552407405,"[-0.008677629964948948, -0.008568155611835897, -0.008400264011936352, -0.004426651140451515, -0.004243793547030989]",,,,,
taskonomy/edge_texture,encoder.layer4.0.relu,LIPv,train,sub-08,linear_predictivity,5919,251,-0.0034462829760748518,,"[316227.7660168379, 100000.0, 100000.0, 316227.7660168379, 316227.7660168379]",0.05503511026220211,1.3038258105694072,0.9445872907734367,0.9996361174878187
taskonomy/edge_texture,encoder.layer4.0.relu,LIPv,test,sub-08,linear_predictivity,5919,251,-0.005816197097029364,"[-0.0044456272453105745, -0.0118193095547846, -0.009064133896627396, -0.0010463749942901536, -0.002705539794134099]",,,,,
taskonomy/edge_texture,encoder.layer4.0.relu,AIP,train,sub-08,linear_predictivity,5919,387,-0.004130420532797873,,"[316227.7660168379, 100000.0, 100000.0, 316227.7660168379, 316227.7660168379]",0.05396342575283155,1.3133948731068525,0.945727116592543,1.0009878106590697
taskonomy/edge_texture,encoder.layer4.0.relu,AIP,test,sub-08,linear_predictivity,5919,387,-0.004147686837169618,"[-0.003036996525043659, -0.008054706724660991, -0.00585471421760332, -0.0005174746603499057, -0.0032745420581902084]",,,,,
taskonomy/edge_texture,encoder.layer4.0.relu,7Pm,train,sub-08,linear_predictivity,5919,25,-0.003717837251388971,,"[316227.7660168379, 316227.7660168379, 316227.7660168379, 1000000.0, 316227.7660168379]",0.029945235384587994,1.311618519601574,0.9697964717805988,0.9994334933511633
taskonomy/edge_texture,encoder.layer4.0.relu,7Pm,test,sub-08,linear_predictivity,5919,25,-0.00400106413798024,"[-0.0038821209025196655, -0.0028412698986640538, -0.010926240069284927, 0.0012450973921125286, -0.0036007872115450777]",,,,,
taskonomy/edge_texture,encoder.layer4.0.relu,7PL,train,sub-08,linear_predictivity,5919,91,0.013755036985099282,,"[100000.0, 100000.0, 100000.0, 100000.0, 100000.0]",0.09570915016348357,1.3126992460065154,0.9040281125423842,0.9816651669861318
taskonomy/edge_texture,encoder.layer4.0.relu,7PL,test,sub-08,linear_predictivity,5919,91,0.022669305970613157,"[0.026318668686537115, 0.01896759250979964, 0.025878021938582414, 0.02097140439042217, 0.021210842327724445]",,,,,
taskonomy/edge_texture,encoder.layer4.0.relu,7PC,train,sub-08,linear_predictivity,5919,231,-0.0040715955382033394,,"[316227.7660168379, 100000.0, 100000.0, 316227.7660168379, 316227.7660168379]",0.05437477549339036,1.3074239995449077,0.9452643526708181,1.000315570325751
taskonomy/edge_texture,encoder.layer4.0.relu,7PC,test,sub-08,linear_predictivity,5919,231,-0.0024856006087853417,"[0.0005355801790511911, -0.010001211031556847, -0.004619752691710699, 0.002108233457190523, -0.00045085295690087637]",,,,,
taskonomy/edge_texture,encoder.layer4.0.relu,7Am,train,sub-08,linear_predictivity,5919,136,0.0013276708914303384,,"[316227.7660168379, 100000.0, 100000.0, 100000.0, 100000.0]",0.0782438683897561,1.304685944041866,0.9215729922730086,0.9942528957210662
taskonomy/edge_texture,encoder.layer4.0.relu,7Am,test,sub-08,linear_predictivity,5919,136,0.010787206962741411,"[0.013189686550204402, 0.009668229080503233, 0.008605205388945505, 0.013821559497713687, 0.008651354296340228]",,,,,
taskonomy/edge_texture,encoder.layer4.0.relu,7AL,train,sub-08,linear_predictivity,5919,234,-0.003341337697743429,,"[100000.0, 316227.7660168379, 100000.0, 316227.7660168379, 316227.7660168379]",0.05275573780120513,1.3271888927290911,0.9468353087012,0.999059480553521
taskonomy/edge_texture,encoder.layer4.0.relu,7AL,test,sub-08,linear_predictivity,5919,234,0.004648924270372999,"[0.003779952253818741, 0.006305619371320268, 0.005230299687154343, 0.006324198119727532, 0.0016045519198441085]",,,,,
taskonomy/edge_texture,encoder.layer4.0.relu,VVC,train,sub-08,linear_predictivity,5919,199,0.005144924078782592,,"[100000.0, 100000.0, 100000.0, 100000.0, 100000.0]",0.09161662854986732,1.2849402002474533,0.9082124808200482,0.991667918034332
taskonomy/edge_texture,encoder.layer4.0.relu,VVC,test,sub-08,linear_predictivity,5919,199,0.0004725257483977045,"[-0.012628093859880797, 0.0052025618395866524, 0.0002042901951803652, 0.0067132282720601, 0.0028706422950422017]",,,,,
taskonomy/edge_texture,encoder.layer4.0.relu,VMV2,train,sub-08,linear_predictivity,5919,94,0.002205622107164244,,"[100000.0, 100000.0, 100000.0, 100000.0, 100000.0]",0.0868695982349828,1.315446798634874,0.9129143394877268,0.9937650404199809
taskonomy/edge_texture,encoder.layer4.0.relu,VMV2,test,sub-08,linear_predictivity,5919,94,4.38687683474096e-05,"[-0.0017020530092625246, 0.000256984466142476, 0.0009834035425001296, -0.002278112252959885, 0.002959121095316852]",,,,,
taskonomy/edge_texture,encoder.layer4.0.relu,VMV3,train,sub-08,linear_predictivity,5919,107,0.0039801400971418285,,"[100000.0, 100000.0, 100000.0, 100000.0, 100000.0]",0.08738544219043451,1.3067592481917978,0.9125310178302998,0.9942155513670119
taskonomy/edge_texture,encoder.layer4.0.relu,VMV3,test,sub-08,linear_predictivity,5919,107,-0.017223831832896906,"[-0.02394631319428448, -0.010667522382541246, -0.021876580503268343, -0.013383570739650089, -0.016245172344740367]",,,,,
taskonomy/edge_texture,encoder.layer4.0.relu,VMV1,train,sub-08,linear_predictivity,5919,44,0.0052250201258484015,,"[100000.0, 100000.0, 100000.0, 100000.0, 100000.0]",0.08972905593094058,1.2853510707666689,0.910110032633213,0.9920011646735893
taskonomy/edge_texture,encoder.layer4.0.relu,VMV1,test,sub-08,linear_predictivity,5919,44,0.009585573078097067,"[0.008990491940023198, 0.005840275890463633, 0.007963206517109144, 0.010154423279311564, 0.014979467763577793]",,,,,
taskonomy/edge_texture,encoder.layer4.0.relu,PHA2,train,sub-08,linear_predictivity,5919,13,0.0036299027675035954,,"[100000.0, 100000.0, 100000.0, 100000.0, 100000.0]",0.08779897666551319,1.3052692875824095,0.9120217585689053,0.9931262507217518
taskonomy/edge_texture,encoder.layer4.0.relu,PHA2,test,sub-08,linear_predictivity,5919,13,0.01380818111335994,"[0.01291452936652211, 0.0069351685924108255, 0.027950140277400795, 0.013888477829791728, 0.007352589500674249]",,,,,
taskonomy/edge_texture,encoder.layer4.0.relu,PHA3,train,sub-08,linear_predictivity,5919,55,0.013781123237721533,,"[100000.0, 100000.0, 31622.776601683796, 31622.776601683796, 100000.0]",0.14187414397415699,1.289133197266683,0.8579120033792279,0.9820745789553813
taskonomy/edge_texture,encoder.layer4.0.relu,PHA3,test,sub-08,linear_predictivity,5919,55,0.004829546028980731,"[0.021796663051312098, 0.012073528129006477, -0.015441552844955493, -0.01702970186230364, 0.022748793671844212]",,,,,
taskonomy/edge_texture,encoder.layer4.0.relu,PH,train,sub-08,linear_predictivity,5919,350,0.019021628371949765,,"[31622.776601683796, 31622.776601683796, 31622.776601683796, 31622.776601683796, 31622.776601683796]",0.2161485871354519,1.2431054751398154,0.783626840712459,0.9764525227679692
taskonomy/edge_texture,encoder.layer4.0.relu,PH,test,sub-08,linear_predictivity,5919,350,0.009577398428697776,"[-0.002254123986964543, 0.003131506529704444, 0.014234155717134272, 0.009002000362748256, 0.02377345352086645]",,,,,
taskonomy/edge_texture,encoder.layer4.1.relu,V1,train,sub-08,linear_predictivity,5919,560,0.073532340463044,,"[31622.776601683796, 31622.776601683796, 31622.776601683796, 31622.776601683796, 31622.776601683796]",0.25593486040273394,1.2254633926095881,0.7438689712879664,0.9228410221165824
taskonomy/edge_texture,encoder.layer4.1.relu,V1,test,sub-08,linear_predictivity,5919,560,0.0996137223769827,"[0.0936808652056036, 0.10272252203680539, 0.10400163300472251, 0.09890402408491977, 0.09875956755286222]",,,,,
taskonomy/edge_texture,encoder.layer4.1.relu,V2,train,sub-08,linear_predictivity,5919,482,0.04390067400631102,,"[31622.776601683796, 31622.776601683796, 31622.776601683796, 31622.776601683796, 31622.776601683796]",0.22855426811566884,1.2602467622995115,0.7712557197545121,0.9526095344954457
taskonomy/edge_texture,encoder.layer4.1.relu,V2,test,sub-08,linear_predictivity,5919,482,0.04761161088698449,"[0.04402883512452911, 0.05173572336543148, 0.04901061097689174, 0.0480981019321616, 0.045184783035908505]",,,,,
taskonomy/edge_texture,encoder.layer4.1.relu,V3,train,sub-08,linear_predictivity,5919,458,0.016360687999290573,,"[31622.776601683796, 31622.776601683796, 31622.776601683796, 31622.776601683796, 31622.776601683796]",0.2082129872342807,1.2917368315078002,0.791618596071421,0.9804049228816011
taskonomy/edge_texture,encoder.layer4.1.relu,V3,test,sub-08,linear_predictivity,5919,458,0.01814133339279913,"[0.019534450286528848, 0.01927291260216643, 0.01668564168616413, 0.019246923938231048, 0.015966738450905193]",,,,,
taskonomy/edge_texture,encoder.layer4.1.relu,V4,train,sub-08,linear_predictivity,5919,604,0.012181691411799204,,"[100000.0, 100000.0, 100000.0, 100000.0, 100000.0]",0.0944128030004356,1.3124610743877523,0.9054328363708304,0.9851361302952792
taskonomy/edge_texture,encoder.layer4.1.relu,V4,test,sub-08,linear_predictivity,5919,604,-0.012910246037127916,"[-0.01474717329000807, -0.015065354119834127, -0.013293302824927524, -0.01079263667914769, -0.01065276327172216]",,,,,
taskonomy/edge_texture,encoder.layer4.1.relu,V3A,train,sub-08,linear_predictivity,5919,226,-0.0006536619049124605,,"[100000.0, 100000.0, 100000.0, 100000.0, 100000.0]",0.08284421242370564,1.3218378297570248,0.9169496297080609,0.9970625730092456
taskonomy/edge_texture,encoder.layer4.1.relu,V3A,test,sub-08,linear_predictivity,5919,226,0.007835931515400074,"[0.00849653992027552, 0.01197669179818778, 0.007980557008187854, 0.008902177113423745, 0.0018236917369254728]",,,,,
taskonomy/edge_texture,encoder.layer4.1.relu,V3B,train,sub-08,linear_predictivity,5919,147,0.006152615186211228,,"[100000.0, 100000.0, 100000.0, 100000.0, 100000.0]",0.08833193187146313,1.3180997691215581,0.9115084827663271,0.9912164212130776
taskonomy/edge_texture,encoder.layer4.1.relu,V3B,test,sub-08,linear_predictivity,5919,147,-0.010082549354812278,"[-0.02291430296803138, -0.004450860429223202, -0.009264566747221661, -0.0021863348775062225, -0.011596681752078914]",,,,,
taskonomy/edge_texture,encoder.layer4.1.relu,V6,train,sub-08,linear_predictivity,5919,105,-0.0010835064315536393,,"[316227.7660168379, 316227.7660168379, 100000.0, 316227.7660168379, 316227.7660168379]",0.04674225832671901,1.3355466971852015,0.9531576873299962,0.9975071150564876
taskonomy/edge_texture,encoder.layer4.1.relu,V6,test,sub-08,linear_predictivity,5919,105,0.023330436961916744,"[0.02260340921125917, 0.02166133829397902, 0.024583837191327788, 0.02386664458483741, 0.023936955528180332]",,,,,
taskonomy/edge_texture,encoder.layer4.1.relu,V6A,train,sub-08,linear_predictivity,5919,84,0.004392573733140132,,"[100000.0, 100000.0, 100000.0, 100000.0, 100000.0]",0.09152212920151752,1.316649476420572,0.9082011235312889,0.9909530542248604
taskonomy/edge_texture,encoder.layer4.1.relu,V6A,test,sub-08,linear_predictivity,5919,84,0.017597007853215014,"[0.02367689871036491, 0.016544330228305308, 0.0160116695654873, 0.021180687070990464, 0.010571453690927081]",,,,,
taskonomy/edge_texture,encoder.layer4.1.relu,V7,train,sub-08,linear_predictivity,5919,78,0.004806575283306593,,"[100000.0, 100000.0, 100000.0, 100000.0, 100000.0]",0.08981895616785593,1.3036188565716733,0.9099459982820035,0.9910904543715375
taskonomy/edge_texture,encoder.layer4.1.relu,V7,test,sub-08,linear_predictivity,5919,78,-0.016458062737424714,"[-0.019803841441749043, -0.020477952047203606, -0.020755328898461645, -0.004813983350261323, -0.01643920794944795]",,,,,
taskonomy/edge_texture,encoder.layer4.1.relu,V8,train,sub-08,linear_predictivity,5919,112,0.01616960011318218,,"[100000.0, 100000.0, 100000.0, 100000.0, 100000.0]",0.09671263144089401,1.3276277082049277,0.9031824078582762,0.9819020120961429
taskonomy/edge_texture,encoder.layer4.1.relu,V8,test,sub-08,linear_predictivity,5919,112,-0.012643742850727807,"[-0.023195500672383722, -0.0049443633759871, -0.012961673722926781, -0.0116926844097268, -0.010424492072614625]",,,,,
taskonomy/edge_texture,encoder.layer4.1.relu,FFC,train,sub-08,linear_predictivity,5919,275,0.019971618041286446,,"[31622.776601683796, 31622.776601683796, 31622.776601683796, 31622.776601683796, 31622.776601683796]",0.2106373938788583,1.2763893780489763,0.7891612316224773,0.9760805950496406
taskonomy/edge_texture,encoder.layer4.1.relu,FFC,test,sub-08,linear_predictivity,5919,275,0.02213744493083436,"[0.018491462660312114, 0.01974207066015884, 0.01840497940554683, 0.02042933310352556, 0.03361937882462846]",,,,,
taskonomy/edge_texture,encoder.layer4.1.relu,PIT,train,sub-08,linear_predictivity,5919,117,0.008800557026959328,,"[31622.776601683796, 100000.0, 100000.0, 100000.0, 100000.0]",0.11484002553152521,1.2995071012039086,0.8848440217642739,0.9884643098497105
taskonomy/edge_texture,encoder.layer4.1.relu,PIT,test,sub-08,linear_predictivity,5919,117,0.014206948481437378,"[0.011673951075162373, 0.0098145690730619, 0.015347507018403749, 0.013180791718044312, 0.02101792352251455]",,,,,
taskonomy/edge_texture,encoder.layer4.1.relu,IPS1,train,sub-08,linear_predictivity,5919,219,0.0029309871930988216,,"[100000.0, 100000.0, 100000.0, 100000.0, 100000.0]",0.08550031903918316,1.3462335016345204,0.9143164106779498,0.9935409917756898
taskonomy/edge_texture,encoder.layer4.1.relu,IPS1,test,sub-08,linear_predictivity,5919,219,-0.013348657079362605,"[-0.01851310573685333, -0.011470494504530212, -0.011321558174714825, -0.008018451007113217, -0.017419675973601435]",,,,,
taskonomy/edge_texture,encoder.layer4.1.relu,MST,train,sub-08,linear_predictivity,5919,140,0.013871649649631165,,"[100000.0, 100000.0, 100000.0, 100000.0, 100000.0]",0.09803274425551053,1.333279247690815,0.9018368092837935,0.9838690684428542
taskonomy/edge_texture,encoder.layer4.1.relu,MST,test,sub-08,linear_predictivity,5919,140,0.010578187834277655,"[0.007797084529530721, 0.01052848950797715, 0.005105310166226457, 0.012715308887574793, 0.01674474608007916]",,,,,
taskonomy/edge_texture,encoder.layer4.1.relu,MT,train,sub-08,linear_predictivity,5919,99,0.009940482901822468,,"[100000.0, 100000.0, 100000.0, 100000.0, 100000.0]",0.09508228895524111,1.318577999115234,0.904717709444989,0.9863191453157857
taskonomy/edge_texture,encoder.layer4.1.relu,MT,test,sub-08,linear_predictivity,5919,99,0.006614912053010467,"[0.004462813829163302, 0.0039158554042013, 0.00828641628419563, 0.010303917783557917, 0.006105556963934187]",,,,,
taskonomy/edge_texture,encoder.layer4.1.relu,FST,train,sub-08,linear_predictivity,5919,149,0.015385517988686172,,"[100000.0, 100000.0, 100000.0, 100000.0, 100000.0]",0.10136556767944857,1.3195084889151967,0.8984413484969498,0.9812181559605818
taskonomy/edge_texture,encoder.layer4.1.relu,FST,test,sub-08,linear_predictivity,5919,149,0.010223151647803384,"[0.0034255394135402654, 0.011042574542410926, 0.001871733190317205, 0.01658302794736858, 0.018192883145379944]",,,,,
taskonomy/edge_texture,encoder.layer4.1.relu,LO1,train,sub-08,linear_predictivity,5919,79,-0.000448923791598489,,"[316227.7660168379, 100000.0, 100000.0, 316227.7660168379, 100000.0]",0.0668268988588249,1.327700659348702,0.932968152969093,0.9970850479264941
taskonomy/edge_texture,encoder.layer4.1.relu,LO1,test,sub-08,linear_predictivity,5919,79,-0.03293328846471185,"[-0.03306065595577811, -0.04365815534680777, -0.03312774458391215, -0.01978368232866241, -0.03503620410839882]",,,,,
taskonomy/edge_texture,encoder.layer4.1.relu,LO2,train,sub-08,linear_predictivity,5919,83,0.03913784864333653,,"[31622.776601683796, 31622.776601683796, 31622.776601683796, 31622.776601683796, 31622.776601683796]",0.2256134630824837,1.2369842050663755,0.7741946096544499,0.9573250888882814
taskonomy/edge_texture,encoder.layer4.1.relu,LO2,test,sub-08,linear_predictivity,5919,83,0.08696146145282975,"[0.08150256352027078, 0.08320825527526116, 0.08534154797489593, 0.08969584105509217, 0.09505909943862874]",,,,,
taskonomy/edge_texture,encoder.layer4.1.relu,LO3,train,sub-08,linear_predictivity,5919,125,0.006194753513167191,,"[100000.0, 100000.0, 100000.0, 100000.0, 100000.0]",0.08784113710931542,1.3480882695348502,0.9120382105893252,0.9913231032957507
taskonomy/edge_texture,encoder.layer4.1.relu,LO3,test,sub-08,linear_predictivity,5919,125,-0.003036187442473097,"[-0.007184831658739291, -0.0025654854104670477, -0.0023286274311421665, 0.0021867604105117256, -0.005288753122528705]",,,,,
taskonomy/edge_texture,encoder.layer4.1.relu,V7,train,sub-08,linear_predictivity,5919,78,0.004806575283306593,,"[100000.0, 100000.0, 100000.0, 100000.0, 100000.0]",0.08981895616785593,1.3036188565716733,0.9099459982820035,0.9910904543715375
taskonomy/edge_texture,encoder.layer4.1.relu,V7,test,sub-08,linear_predictivity,5919,78,-0.016458062737424714,"[-0.019803841441749043, -0.020477952047203606, -0.020755328898461645, -0.004813983350261323, -0.01643920794944795]",,,,,
taskonomy/edge_texture,encoder.layer4.1.relu,IP0,train,sub-08,linear_predictivity,5919,151,-0.002459186572295128,,"[316227.7660168379, 100000.0, 316227.7660168379, 316227.7660168379, 316227.7660168379]",0.04322912073495064,1.3377574399450958,0.9566320205643468,0.9998495460169787
taskonomy/edge_texture,encoder.layer4.1.relu,IP0,test,sub-08,linear_predictivity,5919,151,-0.002747318643548453,"[-0.005228984107224911, -0.007731386088389143, -0.0006082846716230167, 0.00010461018372606252, -0.00027254853423125576]",,,,,
taskonomy/edge_texture,encoder.layer4.1.relu,IP1,train,sub-08,linear_predictivity,5919,91,-0.005367667704218803,,"[316227.7660168379, 316227.7660168379, 316227.7660168379, 1000000.0, 316227.7660168379]",0.027786267644144547,1.3591827829703855,0.9720117600128841,1.0018854565169115
taskonomy/edge_texture,encoder.layer4.1.relu,IP1,test,sub-08,linear_predictivity,5919,91,-0.010844900072746761,"[-0.018568608078973696, -0.0072310887463091925, -0.012853688040715202, -0.00461652718614636, -0.010954588311589354]",,,,,
taskonomy/edge_texture,encoder.layer4.1.relu,MIP,train,sub-08,linear_predictivity,5919,291,-6.720413768623178e-05,,"[316227.7660168379, 100000.0, 316227.7660168379, 316227.7660168379, 100000.0]",0.05187647711655814,1.3509350502278874,0.9480324134064964,0.9977704847711427
taskonomy/edge_texture,encoder.layer4.1.relu,MIP,test,sub-08,linear_predictivity,5919,291,-0.007034551870714334,"[-0.008214980117199646, -0.0064613207232340234, -0.001807120609578172, -0.0039281397532500775, -0.014761198150309752]",,,,,
taskonomy/edge_texture,encoder.layer4.1.relu,VIP,train,sub-08,linear_predictivity,5919,184,-0.0027499004048634605,,"[316227.7660168379, 316227.7660168379, 100000.0, 316227.7660168379, 100000.0]",0.05194476462044041,1.3606817291256676,0.9481028555991123,0.9990877024935552
taskonomy/edge_texture,encoder.layer4.1.relu,VIP,test,sub-08,linear_predictivity,5919,184,-0.006063332922782763,"[-0.002136727247109741, -0.0021145252065709053, -0.007910880938959109, -0.004417475430085755, -0.013737055791188306]",,,,,
taskonomy/edge_texture,encoder.layer4.1.relu,LIPd,train,sub-08,linear_predictivity,5919,77,-0.003639615181874558,,"[316227.7660168379, 100000.0, 100000.0, 316227.7660168379, 316227.7660168379]",0.05302088007208052,1.3349787482054805,0.9468032081422001,0.9999333791902382
taskonomy/edge_texture,encoder.layer4.1.relu,LIPd,test,sub-08,linear_predictivity,5919,77,-0.007151114271172823,"[-0.010002696531209157, -0.011935371795253166, -0.011259575651164396, -0.0008871935250549942, -0.001670733853182405]",,,,,
taskonomy/edge_texture,encoder.layer4.1.relu,LIPv,train,sub-08,linear_predictivity,5919,251,-0.0033583754698044803,,"[316227.7660168379, 100000.0, 316227.7660168379, 316227.7660168379, 316227.7660168379]",0.043004943096151174,1.3402499327881958,0.9566177861165175,0.9995499807305072
taskonomy/edge_texture,encoder.layer4.1.relu,LIPv,test,sub-08,linear_predictivity,5919,251,-0.005766319454007466,"[-0.005622888964701436, -0.014522315825799551, -0.0030221857306064323, -0.002303861271101964, -0.0033603454778279454]",,,,,
taskonomy/edge_texture,encoder.layer4.1.relu,AIP,train,sub-08,linear_predictivity,5919,387,-0.004588350029304814,,"[316227.7660168379, 100000.0, 316227.7660168379, 1000000.0, 316227.7660168379]",0.03814121216441731,1.3363992183044975,0.9615534956957763,1.0014903701327673
taskonomy/edge_texture,encoder.layer4.1.relu,AIP,test,sub-08,linear_predictivity,5919,387,-0.004150643566777595,"[-0.0038759808814822633, -0.010010677784495168, -0.0018441911286607951, -0.0009053616061781968, -0.004117006433071552]",,,,,
taskonomy/edge_texture,encoder.layer4.1.relu,7Pm,train,sub-08,linear_predictivity,5919,25,-0.0038176340691642593,,"[316227.7660168379, 316227.7660168379, 316227.7660168379, 1000000.0, 316227.7660168379]",0.028851714828320198,1.3319765647411979,0.970889332587473,0.9995322248233226
taskonomy/edge_texture,encoder.layer4.1.relu,7Pm,test,sub-08,linear_predictivity,5919,25,-0.004048454461164432,"[-0.003998910449928177, -0.0021109384718367295, -0.011901498668662396, 0.0013685797754967232, -0.003599504490891583]",,,,,
taskonomy/edge_texture,encoder.layer4.1.relu,7PL,train,sub-08,linear_predictivity,5919,91,0.010622833928569067,,"[100000.0, 100000.0, 100000.0, 100000.0, 100000.0]",0.0903176591559276,1.344369745950639,0.9094200552728564,0.9847875269718805
taskonomy/edge_texture,encoder.layer4.1.relu,7PL,test,sub-08,linear_predictivity,5919,91,0.017107142277159825,"[0.0210221805912566, 0.013072161470436059, 0.020247336711099937, 0.01484817919732809, 0.016345853415678444]",,,,,
taskonomy/edge_texture,encoder.layer4.1.relu,7PC,train,sub-08,linear_predictivity,5919,231,-0.003954275442132245,,"[316227.7660168379, 100000.0, 316227.7660168379, 316227.7660168379, 316227.7660168379]",0.04256598692858657,1.3388249547018733,0.9570485109006052,1.0001900358605031
taskonomy/edge_texture,encoder.layer4.1.relu,7PC,test,sub-08,linear_predictivity,5919,231,-0.002296361955296734,"[-0.0004793009845245415, -0.011477419803532654, 0.0003869215565558218, 0.0012080625760951423, -0.0011200731210774376]",,,,,
taskonomy/edge_texture,encoder.layer4.1.relu,7Am,train,sub-08,linear_predictivity,5919,136,0.0002260625401019366,,"[316227.7660168379, 100000.0, 100000.0, 100000.0, 100000.0]",0.07487608871605946,1.3401310306980212,0.9249386249875735,0.9953602929548009
taskonomy/edge_texture,encoder.layer4.1.relu,7Am,test,sub-08,linear_predictivity,5919,136,0.008343038938674368,"[0.011697448163353219, 0.005923943522918478, 0.005957240990556514, 0.011280504013812583, 0.006856058002731046]",,,,,
taskonomy/edge_texture,encoder.layer4.1.relu,7AL,train,sub-08,linear_predictivity,5919,234,-0.003996574670834495,,"[100000.0, 316227.7660168379, 100000.0, 316227.7660168379, 316227.7660168379]",0.05062240531982778,1.3844146713231498,0.9489766814821425,0.9997074097915615
taskonomy/edge_texture,encoder.layer4.1.relu,7AL,test,sub-08,linear_predictivity,5919,234,0.002507735917972543,"[0.000991196232033326, 0.004540351733360103, 0.002238314631790305, 0.004740354155435792, 2.8462837243187163e-05]",,,,,
taskonomy/edge_texture,encoder.layer4.1.relu,VVC,train,sub-08,linear_predictivity,5919,199,0.0034338884479109474,,"[100000.0, 100000.0, 100000.0, 100000.0, 100000.0]",0.08747526180769816,1.3142942638605586,0.9123519035307517,0.9933530850464523
taskonomy/edge_texture,encoder.layer4.1.relu,VVC,test,sub-08,linear_predictivity,5919,199,-0.0013008465927646768,"[-0.014400194547173728, 0.003123183898017446, -0.0015538048184921736, 0.004367493496808319, 0.001959089007016753]",,,,,
taskonomy/edge_texture,encoder.layer4.1.relu,VMV2,train,sub-08,linear_predictivity,5919,94,0.0001655529080382756,,"[100000.0, 316227.7660168379, 100000.0, 100000.0, 100000.0]",0.07355008374839334,1.361366295144795,0.9261823275934628,0.9958184930187499
taskonomy/edge_texture,encoder.layer4.1.relu,VMV2,test,sub-08,linear_predictivity,5919,94,-0.002369337488570453,"[-0.002867856109503503, -0.003695642208883581, -0.0014482185006599898, -0.005102056538834205, 0.0012670859150290135]",,,,,
taskonomy/edge_texture,encoder.layer4.1.relu,VMV3,train,sub-08,linear_predictivity,5919,107,0.00203544069012452,,"[316227.7660168379, 100000.0, 100000.0, 100000.0, 100000.0]",0.07383292330412446,1.3502410353568732,0.9260568482420005,0.9961051425457057
taskonomy/edge_texture,encoder.layer4.1.relu,VMV3,test,sub-08,linear_predictivity,5919,107,-0.018129730699329206,"[-0.025313522992794272, -0.010962470830561913, -0.023070425980519064, -0.014713855219673664, -0.016588378473097114]",,,,,
taskonomy/edge_texture,encoder.layer4.1.relu,VMV1,train,sub-08,linear_predictivity,5919,44,0.0031660979844540522,,"[100000.0, 100000.0, 316227.7660168379, 100000.0, 100000.0]",0.07611741262153206,1.3250810964604016,0.9236626712452247,0.9941054282438146
taskonomy/edge_texture,encoder.layer4.1.relu,VMV1,test,sub-08,linear_predictivity,5919,44,0.009091219679629597,"[0.007371013051994784, 0.004569910664025653, 0.010048982370752486, 0.009489151905748748, 0.013977040405626317]",,,,,
taskonomy/edge_texture,encoder.layer4.1.relu,PHA2,train,sub-08,linear_predictivity,5919,13,0.0010440377781816335,,"[100000.0, 100000.0, 100000.0, 100000.0, 100000.0]",0.08322948476298438,1.355774303394572,0.9165838915440897,0.9956481015560688
taskonomy/edge_texture,encoder.layer4.1.relu,PHA2,test,sub-08,linear_predictivity,5919,13,0.013292866792966368,"[0.011786828275104168, 0.007295254494381321, 0.027820728432990764, 0.0131883941498933, 0.006373128612462283]",,,,,
taskonomy/edge_texture,encoder.layer4.1.relu,PHA3,train,sub-08,linear_predictivity,5919,55,0.008689237832233066,,"[100000.0, 100000.0, 31622.776601683796, 31622.776601683796, 100000.0]",0.13359665978732788,1.33064733693951,0.8661847900317092,0.9870991534094287
taskonomy/edge_texture,encoder.layer4.1.relu,PHA3,test,sub-08,linear_predictivity,5919,55,0.002771053019236392,"[0.018262807443398647, 0.009219246668956177, -0.013989180516513927, -0.0193202825232374, 0.01968267402357846]",,,,,
taskonomy/edge_texture,encoder.layer4.1.relu,PH,train,sub-08,linear_predictivity,5919,350,0.012354775453756489,,"[31622.776601683796, 31622.776601683796, 31622.776601683796, 100000.0, 31622.776601683796]",0.1842449249150506,1.2878865055901811,0.8156895593985556,0.9830838769142509
taskonomy/edge_texture,encoder.layer4.1.relu,PH,test,sub-08,linear_predictivity,5919,350,0.005567834441480389,"[-0.006972919209578285, -0.004072757277499477, 0.00628287781600337, 0.012768370945686277, 0.019833599932790057]",,,,,
taskonomy/edge_texture,encoder.layer4.2.relu,V1,train,sub-08,linear_predictivity,5919,560,0.07215832465101323,,"[31622.776601683796, 31622.776601683796, 31622.776601683796, 31622.776601683796, 31622.776601683796]",0.24941312482282268,1.2790329085251249,0.7503916924803739,0.9242412452828728
taskonomy/edge_texture,encoder.layer4.2.relu,V1,test,sub-08,linear_predictivity,5919,560,0.09444723031269998,"[0.08833745220458784, 0.09759165900048623, 0.0986208064196332, 0.09313661113934452, 0.09454962279944812]",,,,,
taskonomy/edge_texture,encoder.layer4.2.relu,V2,train,sub-08,linear_predictivity,5919,482,0.0421970999616173,,"[31622.776601683796, 31622.776601683796, 31622.776601683796, 31622.776601683796, 31622.776601683796]",0.22200836274107866,1.3123482711389118,0.7778021655179691,0.9543256925350052
taskonomy/edge_texture,encoder.layer4.2.relu,V2,test,sub-08,linear_predictivity,5919,482,0.04199120456794021,"[0.0382458150615647, 0.04654083431262746, 0.043130153657286834, 0.042229174901164596, 0.03981004490705745]",,,,,
taskonomy/edge_texture,encoder.layer4.2.relu,V3,train,sub-08,linear_predictivity,5919,458,0.014423866944368107,,"[100000.0, 100000.0, 31622.776601683796, 100000.0, 31622.776601683796]",0.13893576701327456,1.335691405525368,0.8609917735145979,0.982415989769074
taskonomy/edge_texture,encoder.layer4.2.relu,V3,test,sub-08,linear_predictivity,5919,458,0.011510957769131927,"[0.011920032278570266, 0.014245743673929091, 0.008352675149782883, 0.014842663472493092, 0.008193674270884296]",,,,,
taskonomy/edge_texture,encoder.layer4.2.relu,V4,train,sub-08,linear_predictivity,5919,604,0.010157609397131787,,"[100000.0, 100000.0, 100000.0, 100000.0, 100000.0]",0.09008646111396212,1.3587508075119419,0.9097605257458875,0.9871658360287341
taskonomy/edge_texture,encoder.layer4.2.relu,V4,test,sub-08,linear_predictivity,5919,604,-0.017535321783391882,"[-0.0197885447734944, -0.01934761291632154, -0.018098993409759907, -0.01571238790381835, -0.014729069913565224]",,,,,
taskonomy/edge_texture,encoder.layer4.2.relu,V3A,train,sub-08,linear_predictivity,5919,226,-0.0026099163230819617,,"[316227.7660168379, 100000.0, 100000.0, 100000.0, 100000.0]",0.0703650908001677,1.36482418517878,0.9293963050430667,0.9990223610708577
taskonomy/edge_texture,encoder.layer4.2.relu,V3A,test,sub-08,linear_predictivity,5919,226,0.005065006126825464,"[0.004844618467736808, 0.00888286772698222, 0.005100587424788989, 0.006419502736702005, 7.745427791729675e-05]",,,,,
taskonomy/edge_texture,encoder.layer4.2.relu,V3B,train,sub-08,linear_predictivity,5919,147,0.005081649950867801,,"[100000.0, 100000.0, 100000.0, 100000.0, 100000.0]",0.08477812881459798,1.357956773350466,0.9150616368457456,0.9922830338733135
taskonomy/edge_texture,encoder.layer4.2.relu,V3B,test,sub-08,linear_predictivity,5919,147,-0.011079150852552547,"[-0.024207425118070523, -0.00534958382889044, -0.011055970219725436, -0.0034769178499865407, -0.01130585724608979]",,,,,
taskonomy/edge_texture,encoder.layer4.2.relu,V6,train,sub-08,linear_predictivity,5919,105,-0.0008123908016668505,,"[316227.7660168379, 316227.7660168379, 316227.7660168379, 316227.7660168379, 316227.7660168379]",0.03596497552729078,1.38266299358834,0.9638194212399543,0.9972084139596635
taskonomy/edge_texture,encoder.layer4.2.relu,V6,test,sub-08,linear_predictivity,5919,105,0.021953043975523952,"[0.021851482267256618, 0.020649667434238503, 0.021054576876567904, 0.02297468664663263, 0.02323480665292411]",,,,,
taskonomy/edge_texture,encoder.layer4.2.relu,V6A,train,sub-08,linear_predictivity,5919,84,0.002797074591428674,,"[100000.0, 100000.0, 100000.0, 100000.0, 100000.0]",0.08772720261979114,1.365722167314733,0.9119955763934074,0.9925502884439265
taskonomy/edge_texture,encoder.layer4.2.relu,V6A,test,sub-08,linear_predictivity,5919,84,0.017241921134991123,"[0.023414695630308135, 0.015694253241070294, 0.015323300083325836, 0.020732253266481267, 0.01104510345377007]",,,,,
taskonomy/edge_texture,encoder.layer4.2.relu,V7,train,sub-08,linear_predictivity,5919,78,0.0020615953654987886,,"[100000.0, 100000.0, 100000.0, 100000.0, 100000.0]",0.08498108740276354,1.3601184498395096,0.9147825363141108,0.993827835714711
taskonomy/edge_texture,encoder.layer4.2.relu,V7,test,sub-08,linear_predictivity,5919,78,-0.01618853967213158,"[-0.019831921433503295, -0.019297753017281562, -0.021003272252611616, -0.005600278901032502, -0.015209472756228927]",,,,,
taskonomy/edge_texture,encoder.layer4.2.relu,V8,train,sub-08,linear_predictivity,5919,112,0.014688577243067628,,"[100000.0, 100000.0, 100000.0, 100000.0, 100000.0]",0.09280269675631195,1.3661399277967068,0.9070930234225317,0.9833890330829511
taskonomy/edge_texture,encoder.layer4.2.relu,V8,test,sub-08,linear_predictivity,5919,112,-0.017506288721337783,"[-0.02826374525563489, -0.009746891927766113, -0.017376241204405708, -0.017156969764122794, -0.014987595454759414]",,,,,
taskonomy/edge_texture,encoder.layer4.2.relu,FFC,train,sub-08,linear_predictivity,5919,275,0.014571139247652836,,"[31622.776601683796, 31622.776601683796, 31622.776601683796, 31622.776601683796, 31622.776601683796]",0.2011300159745606,1.3262129751789544,0.7986708925639688,0.9814895628343713
taskonomy/edge_texture,encoder.layer4.2.relu,FFC,test,sub-08,linear_predictivity,5919,275,0.007727434111868267,"[0.0017638507485800657, 0.006408096752800217, 0.0038188956173051073, 0.00582918343969273, 0.02081714400096322]",,,,,
taskonomy/edge_texture,encoder.layer4.2.relu,PIT,train,sub-08,linear_predictivity,5919,117,0.007802172822188233,,"[100000.0, 100000.0, 100000.0, 100000.0, 100000.0]",0.08794038605410334,1.3609270338734756,0.9119002382175767,0.9894784498932729
taskonomy/edge_texture,encoder.layer4.2.relu,PIT,test,sub-08,linear_predictivity,5919,117,0.0060391576890585445,"[0.004975458246549168, 0.002418698500486961, 0.005709517273115338, 0.004312503057070195, 0.012779611368071058]",,,,,
taskonomy/edge_texture,encoder.layer4.2.relu,IPS1,train,sub-08,linear_predictivity,5919,219,0.0021595774179476285,,"[100000.0, 100000.0, 100000.0, 100000.0, 100000.0]",0.08245007144410214,1.4048203130405104,0.9173659715306822,0.9943061566829726
taskonomy/edge_texture,encoder.layer4.2.relu,IPS1,test,sub-08,linear_predictivity,5919,219,-0.015665237574453473,"[-0.021522538258470243, -0.013277296973311196, -0.01415804858110861, -0.01075411946557634, -0.018614184593800962]",,,,,
taskonomy/edge_texture,encoder.layer4.2.relu,MST,train,sub-08,linear_predictivity,5919,140,0.011414652126868055,,"[100000.0, 100000.0, 100000.0, 100000.0, 100000.0]",0.09376529250802278,1.3854567932189674,0.9061000688249413,0.9862873496391235
taskonomy/edge_texture,encoder.layer4.2.relu,MST,test,sub-08,linear_predictivity,5919,140,0.008152123899521541,"[0.005312024167140611, 0.008220855516164019, 0.0021898080194911137, 0.01045325333601817, 0.014584678458793797]",,,,,
taskonomy/edge_texture,encoder.layer4.2.relu,MT,train,sub-08,linear_predictivity,5919,99,0.007459965638790992,,"[100000.0, 100000.0, 100000.0, 100000.0, 100000.0]",0.09079825955774054,1.3791776856861766,0.9089971877273599,0.9887605230332559
taskonomy/edge_texture,encoder.layer4.2.relu,MT,test,sub-08,linear_predictivity,5919,99,0.0029673702792270126,"[0.0010255206218126426, -0.00016746264656245882, 0.0037767462012266322, 0.006765465636384165, 0.0034365815832740807]",,,,,
taskonomy/edge_texture,encoder.layer4.2.relu,FST,train,sub-08,linear_predictivity,5919,149,0.011006569170349268,,"[100000.0, 100000.0, 100000.0, 100000.0, 100000.0]",0.09536684662971183,1.3684431060006594,0.904436710043092,0.9855560760244083
taskonomy/edge_texture,encoder.layer4.2.relu,FST,test,sub-08,linear_predictivity,5919,149,0.005738794410694225,"[-0.001354986953441594, 0.007278365813146387, -0.0035743395478735744, 0.01191408439201417, 0.01443084834962574]",,,,,
taskonomy/edge_texture,encoder.layer4.2.relu,LO1,train,sub-08,linear_predictivity,5919,79,-0.001197675528281341,,"[316227.7660168379, 100000.0, 100000.0, 316227.7660168379, 100000.0]",0.06446622141765805,1.3910801827261055,0.935327533893742,0.9978206528513066
taskonomy/edge_texture,encoder.layer4.2.relu,LO1,test,sub-08,linear_predictivity,5919,79,-0.03338905190613506,"[-0.03347668866094246, -0.04416974525486957, -0.03419487121513137, -0.02041217249860639, -0.034691781901125526]",,,,,
taskonomy/edge_texture,encoder.layer4.2.relu,LO2,train,sub-08,linear_predictivity,5919,83,0.02897737144684972,,"[31622.776601683796, 31622.776601683796, 31622.776601683796, 31622.776601683796, 31622.776601683796]",0.21200986045015463,1.2895332945636926,0.7878034288710358,0.9675728752104773
taskonomy/edge_texture,encoder.layer4.2.relu,LO2,test,sub-08,linear_predictivity,5919,83,0.06547224733051583,"[0.05953785546886552, 0.06265017817920185, 0.062068969308589295, 0.06721563263743724, 0.07588860105848522]",,,,,
taskonomy/edge_texture,encoder.layer4.2.relu,LO3,train,sub-08,linear_predictivity,5919,125,0.003825907997772782,,"[100000.0, 100000.0, 100000.0, 100000.0, 100000.0]",0.08366323527128562,1.4094981227335723,0.91621614855482,0.9936854659014926
taskonomy/edge_texture,encoder.layer4.2.relu,LO3,test,sub-08,linear_predictivity,5919,125,-0.00683889837843184,"[-0.011237531075083506, -0.006323142419470432, -0.007022980872245605, -0.0019139019677168036, -0.007696935557642852]",,,,,
taskonomy/edge_texture,encoder.layer4.2.relu,V7,train,sub-08,linear_predictivity,5919,78,0.0020615953654987886,,"[100000.0, 100000.0, 100000.0, 100000.0, 100000.0]",0.08498108740276354,1.3601184498395096,0.9147825363141108,0.993827835714711
taskonomy/edge_texture,encoder.layer4.2.relu,V7,test,sub-08,linear_predictivity,5919,78,-0.01618853967213158,"[-0.019831921433503295, -0.019297753017281562, -0.021003272252611616, -0.005600278901032502, -0.015209472756228927]",,,,,
taskonomy/edge_texture,encoder.layer4.2.relu,IP0,train,sub-08,linear_predictivity,5919,151,-0.002689441316604906,,"[316227.7660168379, 100000.0, 316227.7660168379, 316227.7660168379, 316227.7660168379]",0.041879076407587666,1.3983201178610767,0.9579811436079538,1.000078989039833
taskonomy/edge_texture,encoder.layer4.2.relu,IP0,test,sub-08,linear_predictivity,5919,151,-0.0032565449336142715,"[-0.006238995105512799, -0.007739530906464021, -0.0013496667029317749, -0.00045569424738836796, -0.0004988377057743954]",,,,,
taskonomy/edge_texture,encoder.layer4.2.relu,IP1,train,sub-08,linear_predictivity,5919,91,-0.005482600157098971,,"[316227.7660168379, 316227.7660168379, 316227.7660168379, 1000000.0, 316227.7660168379]",0.027016558975138254,1.437836346333328,0.9727824570021613,1.002003378765755
taskonomy/edge_texture,encoder.layer4.2.relu,IP1,test,sub-08,linear_predictivity,5919,91,-0.01130516241742859,"[-0.019018668648687013, -0.008199296836701071, -0.013557019527501133, -0.0047755303799046364, -0.010975296694349105]",,,,,
taskonomy/edge_texture,encoder.layer4.2.relu,MIP,train,sub-08,linear_predictivity,5919,291,-0.000712325735728593,,"[316227.7660168379, 100000.0, 316227.7660168379, 316227.7660168379, 100000.0]",0.0498829873622588,1.4042517697576113,0.9500246453449901,0.9984096494658188
taskonomy/edge_texture,encoder.layer4.2.relu,MIP,test,sub-08,linear_predictivity,5919,291,-0.009005574847368063,"[-0.009565241316053167, -0.009700923144576488, -0.003325221354670803, -0.005373607747734112, -0.01706288067380575]",,,,,
taskonomy/edge_texture,encoder.layer4.2.relu,VIP,train,sub-08,linear_predictivity,5919,184,-0.0033277265489663455,,"[316227.7660168379, 316227.7660168379, 100000.0, 316227.7660168379, 100000.0]",0.04985844406181855,1.421050889645374,0.950179292705682,0.9996743201688165
taskonomy/edge_texture,encoder.layer4.2.relu,VIP,test,sub-08,linear_predictivity,5919,184,-0.00841330761325253,"[-0.003856833997251817, -0.0035389905750640243, -0.011828975836368782, -0.005986405799995848, -0.01685533185758218]",,,,,
taskonomy/edge_texture,encoder.layer4.2.relu,LIPd,train,sub-08,linear_predictivity,5919,77,-0.003985650506062083,,"[316227.7660168379, 100000.0, 316227.7660168379, 316227.7660168379, 316227.7660168379]",0.04164716523422023,1.3951888969112016,0.95812074690152,1.0002498909535957
taskonomy/edge_texture,encoder.layer4.2.relu,LIPd,test,sub-08,linear_predictivity,5919,77,-0.006498868570995751,"[-0.010972577785312392, -0.013458641571837364, -0.004220513091202439, -0.0016242933336984991, -0.0022183170729280634]",,,,,
taskonomy/edge_texture,encoder.layer4.2.relu,LIPv,train,sub-08,linear_predictivity,5919,251,-0.003917559760159336,,"[316227.7660168379, 100000.0, 316227.7660168379, 316227.7660168379, 316227.7660168379]",0.04129505434709324,1.405716905020174,0.9583349879235474,1.0001111849050295
taskonomy/edge_texture,encoder.layer4.2.relu,LIPv,test,sub-08,linear_predictivity,5919,251,-0.006764526911875929,"[-0.006707759247524344, -0.016088541842172434, -0.004166588610701518, -0.0029855601035824447, -0.0038741847553989068]",,,,,
taskonomy/edge_texture,encoder.layer4.2.relu,AIP,train,sub-08,linear_predictivity,5919,387,-0.004826532494252354,,"[316227.7660168379, 100000.0, 316227.7660168379, 1000000.0, 316227.7660168379]",0.036859981961046256,1.3961213764480918,0.9628391198087639,1.0017229277702304
taskonomy/edge_texture,encoder.layer4.2.relu,AIP,test,sub-08,linear_predictivity,5919,387,-0.004870439537262561,"[-0.00439604649803605, -0.011400950455975247, -0.003038913477377837, -0.0011604305697982269, -0.004355856685125444]",,,,,
taskonomy/edge_texture,encoder.layer4.2.relu,7Pm,train,sub-08,linear_predictivity,5919,25,-0.003669163194128239,,"[316227.7660168379, 316227.7660168379, 316227.7660168379, 1000000.0, 316227.7660168379]",0.027906684552438537,1.3964575265222003,0.9718339401888597,0.999381309439246
taskonomy/edge_texture,encoder.layer4.2.relu,7Pm,test,sub-08,linear_predictivity,5919,25,-0.00454567603274317,"[-0.004949706142298896, -0.0022235803699639156, -0.012968456110958008, 0.0011511267282427484, -0.0037377642687377844]",,,,,
taskonomy/edge_texture,encoder.layer4.2.relu,7PL,train,sub-08,linear_predictivity,5919,91,0.008394384493924368,,"[100000.0, 100000.0, 100000.0, 100000.0, 100000.0]",0.08587005056870098,1.4113853619888257,0.9138682246162226,0.9870161335459489
taskonomy/edge_texture,encoder.layer4.2.relu,7PL,test,sub-08,linear_predictivity,5919,91,0.012344439756862472,"[0.015643621660422966, 0.008768172955295599, 0.0147022927937037, 0.010480347545291839, 0.012127763829598256]",,,,,
taskonomy/edge_texture,encoder.layer4.2.relu,7PC,train,sub-08,linear_predictivity,5919,231,-0.0042107956728424985,,"[316227.7660168379, 100000.0, 316227.7660168379, 316227.7660168379, 316227.7660168379]",0.04105458610967998,1.405107035964398,0.9585670133196913,1.0004468097265182
taskonomy/edge_texture,encoder.layer4.2.relu,7PC,test,sub-08,linear_predictivity,5919,231,-0.0026567177404122973,"[-0.0010085950884155441, -0.011450711779796249, -0.0004052977079614348, 0.0008815879468979895, -0.0013005720727862474]",,,,,
taskonomy/edge_texture,encoder.layer4.2.relu,7Am,train,sub-08,linear_predictivity,5919,136,-0.000367289517991957,,"[316227.7660168379, 100000.0, 100000.0, 100000.0, 100000.0]",0.0721488708840333,1.4132095484635188,0.9276646093939933,0.9959688631910216
taskonomy/edge_texture,encoder.layer4.2.relu,7Am,test,sub-08,linear_predictivity,5919,136,0.006048126030307542,"[0.010245534361595582, 0.0030909362313754174, 0.0029734645540923236, 0.008826625772104765, 0.00510406923236962]",,,,,
taskonomy/edge_texture,encoder.layer4.2.relu,7AL,train,sub-08,linear_predictivity,5919,234,-0.003866909355314443,,"[316227.7660168379, 316227.7660168379, 316227.7660168379, 316227.7660168379, 316227.7660168379]",0.030553489126376503,1.4592932357692905,0.9692037347614202,0.9995851291335859
taskonomy/edge_texture,encoder.layer4.2.relu,7AL,test,sub-08,linear_predictivity,5919,234,0.0025504409373522784,"[0.004132771670599145, 0.003155204987951434, 0.003245176053327457, 0.0031749090183260252, -0.0009558570434426689]",,,,,
taskonomy/edge_texture,encoder.layer4.2.relu,VVC,train,sub-08,linear_predictivity,5919,199,0.0020780793218887657,,"[100000.0, 100000.0, 100000.0, 100000.0, 100000.0]",0.08385705022989219,1.3695333728009378,0.915968913313176,0.9946949898790693
taskonomy/edge_texture,encoder.layer4.2.relu,VVC,test,sub-08,linear_predictivity,5919,199,-0.0034538283906414427,"[-0.016832108022237946, 0.0013083770752060086, -0.0033744520380025104, 0.00172030046579615, -9.125943396891706e-05]",,,,,
taskonomy/edge_texture,encoder.layer4.2.relu,VMV2,train,sub-08,linear_predictivity,5919,94,-0.0005505928627454208,,"[100000.0, 316227.7660168379, 100000.0, 100000.0, 100000.0]",0.07087791764859783,1.4013923732055333,0.9288546400984548,0.9965140158695087
taskonomy/edge_texture,encoder.layer4.2.relu,VMV2,test,sub-08,linear_predictivity,5919,94,-0.0037168017009425237,"[-0.004802083280855567, -0.004872374893205136, -0.0031812161197993546, -0.007010188895237252, 0.001281854684384695]",,,,,
taskonomy/edge_texture,encoder.layer4.2.relu,VMV3,train,sub-08,linear_predictivity,5919,107,0.00010713051402814963,,"[316227.7660168379, 316227.7660168379, 316227.7660168379, 100000.0, 100000.0]",0.052091019976047516,1.3891362935344878,0.9479767909611156,0.9979773301590409
taskonomy/edge_texture,encoder.layer4.2.relu,VMV3,test,sub-08,linear_predictivity,5919,107,-0.023247718556846843,"[-0.027218171488011925, -0.022431242391388537, -0.028484342203720946, -0.018881992344174772, -0.019222844356938048]",,,,,
taskonomy/edge_texture,encoder.layer4.2.relu,VMV1,train,sub-08,linear_predictivity,5919,44,0.0017575179724568847,,"[316227.7660168379, 316227.7660168379, 316227.7660168379, 100000.0, 100000.0]",0.05455740529336345,1.3687308352245429,0.9453458162971063,0.9955261842242844
taskonomy/edge_texture,encoder.layer4.2.relu,VMV1,test,sub-08,linear_predictivity,5919,44,0.010072529989595697,"[0.009757042124212889, 0.010086821205069969, 0.009251286164037677, 0.008396828074170205, 0.012870672380487754]",,,,,
taskonomy/edge_texture,encoder.layer4.2.relu,PHA2,train,sub-08,linear_predictivity,5919,13,-0.00013164893986618962,,"[100000.0, 100000.0, 100000.0, 100000.0, 100000.0]",0.07976461543267654,1.4176096913497105,0.9200444594041223,0.9967912470502952
taskonomy/edge_texture,encoder.layer4.2.relu,PHA2,test,sub-08,linear_predictivity,5919,13,0.014098100353409948,"[0.011637903635145044, 0.008070839524265204, 0.02784999072764888, 0.014524044543797094, 0.008407723336193525]",,,,,
taskonomy/edge_texture,encoder.layer4.2.relu,PHA3,train,sub-08,linear_predictivity,5919,55,0.005243221608369702,,"[100000.0, 100000.0, 31622.776601683796, 31622.776601683796, 100000.0]",0.12692159428928113,1.3875194108919218,0.8728590764299238,0.9905361963980169
taskonomy/edge_texture,encoder.layer4.2.relu,PHA3,test,sub-08,linear_predictivity,5919,55,0.0009027772804884121,"[0.014529801426389826, 0.006247013903171562, -0.0163952102447317, -0.01742588156981315, 0.01755816288742552]",,,,,
taskonomy/edge_texture,encoder.layer4.2.relu,PH,train,sub-08,linear_predictivity,5919,350,0.006123497356395571,,"[31622.776601683796, 31622.776601683796, 31622.776601683796, 100000.0, 31622.776601683796]",0.1745078124482323,1.3418495841639777,0.8254227786667118,0.9893372986393695
taskonomy/edge_texture,encoder.layer4.2.relu,PH,test,sub-08,linear_predictivity,5919,350,-0.00536046791829434,"[-0.02045948655480128, -0.014096573707253805, -0.00750177273502462, 0.00409519805804953, 0.011160295347558477]",,,,,
