model,layer,roi,split,subject,n_features_1_model,n_features_2_brain,metric,score
taskonomy/autoencoding,encoder.layer1.0.relu,V1,train,sub-03,5919,361,rsa,0.03768084570765495
taskonomy/autoencoding,encoder.layer1.0.relu,V2,train,sub-03,5919,525,rsa,0.025047730654478073
taskonomy/autoencoding,encoder.layer1.0.relu,V3,train,sub-03,5919,361,rsa,0.030550558120012283
taskonomy/autoencoding,encoder.layer1.0.relu,V4,train,sub-03,5919,555,rsa,0.0232126172631979
taskonomy/autoencoding,encoder.layer1.0.relu,V3A,train,sub-03,5919,198,rsa,0.011901339516043663
taskonomy/autoencoding,encoder.layer1.0.relu,V3B,train,sub-03,5919,149,rsa,0.011878808960318565
taskonomy/autoencoding,encoder.layer1.0.relu,V6,train,sub-03,5919,157,rsa,0.01539929211139679
taskonomy/autoencoding,encoder.layer1.0.relu,V6A,train,sub-03,5919,68,rsa,0.01371169462800026
taskonomy/autoencoding,encoder.layer1.0.relu,V7,train,sub-03,5919,88,rsa,0.013297351077198982
taskonomy/autoencoding,encoder.layer1.0.relu,V8,train,sub-03,5919,111,rsa,0.017321700230240822
taskonomy/autoencoding,encoder.layer1.0.relu,FFC,train,sub-03,5919,301,rsa,0.028632862493395805
taskonomy/autoencoding,encoder.layer1.0.relu,PIT,train,sub-03,5919,105,rsa,0.017982397228479385
taskonomy/autoencoding,encoder.layer1.0.relu,IPS1,train,sub-03,5919,123,rsa,0.00944103579968214
taskonomy/autoencoding,encoder.layer1.0.relu,MST,train,sub-03,5919,147,rsa,0.028743339702486992
taskonomy/autoencoding,encoder.layer1.0.relu,MT,train,sub-03,5919,98,rsa,0.022985946387052536
taskonomy/autoencoding,encoder.layer1.0.relu,FST,train,sub-03,5919,166,rsa,0.018218372017145157
taskonomy/autoencoding,encoder.layer1.0.relu,LO1,train,sub-03,5919,74,rsa,0.019397027790546417
taskonomy/autoencoding,encoder.layer1.0.relu,LO2,train,sub-03,5919,75,rsa,0.014633825980126858
taskonomy/autoencoding,encoder.layer1.0.relu,LO3,train,sub-03,5919,124,rsa,0.016283567994832993
taskonomy/autoencoding,encoder.layer1.0.relu,V7,train,sub-03,5919,88,rsa,0.013297351077198982
taskonomy/autoencoding,encoder.layer1.0.relu,IP0,train,sub-03,5919,110,rsa,0.009507975541055202
taskonomy/autoencoding,encoder.layer1.0.relu,IP1,train,sub-03,5919,17,rsa,0.0005347367841750383
taskonomy/autoencoding,encoder.layer1.0.relu,MIP,train,sub-03,5919,176,rsa,0.006748528219759464
taskonomy/autoencoding,encoder.layer1.0.relu,VIP,train,sub-03,5919,150,rsa,0.004567462019622326
taskonomy/autoencoding,encoder.layer1.0.relu,LIPd,train,sub-03,5919,22,rsa,0.0015291445888578892
taskonomy/autoencoding,encoder.layer1.0.relu,LIPv,train,sub-03,5919,178,rsa,0.005698839668184519
taskonomy/autoencoding,encoder.layer1.0.relu,AIP,train,sub-03,5919,121,rsa,0.0004004980728495866
taskonomy/autoencoding,encoder.layer1.0.relu,7Pm,train,sub-03,5919,23,rsa,0.0017489244928583503
taskonomy/autoencoding,encoder.layer1.0.relu,7PL,train,sub-03,5919,32,rsa,0.0029934558551758528
taskonomy/autoencoding,encoder.layer1.0.relu,7PC,train,sub-03,5919,241,rsa,0.0033739248756319284
taskonomy/autoencoding,encoder.layer1.0.relu,7Am,train,sub-03,5919,115,rsa,0.006061652209609747
taskonomy/autoencoding,encoder.layer1.0.relu,7AL,train,sub-03,5919,210,rsa,0.005329311825335026
taskonomy/autoencoding,encoder.layer1.0.relu,VVC,train,sub-03,5919,185,rsa,0.018209252506494522
taskonomy/autoencoding,encoder.layer1.0.relu,VMV2,train,sub-03,5919,108,rsa,0.01810692995786667
taskonomy/autoencoding,encoder.layer1.0.relu,VMV3,train,sub-03,5919,111,rsa,0.01092724222689867
taskonomy/autoencoding,encoder.layer1.0.relu,VMV1,train,sub-03,5919,73,rsa,0.01895061507821083
taskonomy/autoencoding,encoder.layer1.0.relu,PHA2,train,sub-03,5919,17,rsa,0.007040936499834061
taskonomy/autoencoding,encoder.layer1.0.relu,PHA3,train,sub-03,5919,86,rsa,0.008633138611912727
taskonomy/autoencoding,encoder.layer1.0.relu,PH,train,sub-03,5919,280,rsa,0.020058579742908478
taskonomy/autoencoding,encoder.layer1.1.relu,V1,train,sub-03,5919,361,rsa,0.04012694209814072
taskonomy/autoencoding,encoder.layer1.1.relu,V2,train,sub-03,5919,525,rsa,0.027074789628386497
taskonomy/autoencoding,encoder.layer1.1.relu,V3,train,sub-03,5919,361,rsa,0.03378851339221001
taskonomy/autoencoding,encoder.layer1.1.relu,V4,train,sub-03,5919,555,rsa,0.02423946186900139
taskonomy/autoencoding,encoder.layer1.1.relu,V3A,train,sub-03,5919,198,rsa,0.010445852763950825
taskonomy/autoencoding,encoder.layer1.1.relu,V3B,train,sub-03,5919,149,rsa,0.012190875597298145
taskonomy/autoencoding,encoder.layer1.1.relu,V6,train,sub-03,5919,157,rsa,0.014976069331169128
taskonomy/autoencoding,encoder.layer1.1.relu,V6A,train,sub-03,5919,68,rsa,0.012429630383849144
taskonomy/autoencoding,encoder.layer1.1.relu,V7,train,sub-03,5919,88,rsa,0.01333266869187355
taskonomy/autoencoding,encoder.layer1.1.relu,V8,train,sub-03,5919,111,rsa,0.016873415559530258
taskonomy/autoencoding,encoder.layer1.1.relu,FFC,train,sub-03,5919,301,rsa,0.028792254626750946
taskonomy/autoencoding,encoder.layer1.1.relu,PIT,train,sub-03,5919,105,rsa,0.019088823348283768
taskonomy/autoencoding,encoder.layer1.1.relu,IPS1,train,sub-03,5919,123,rsa,0.00892961397767067
taskonomy/autoencoding,encoder.layer1.1.relu,MST,train,sub-03,5919,147,rsa,0.027704518288373947
taskonomy/autoencoding,encoder.layer1.1.relu,MT,train,sub-03,5919,98,rsa,0.023011336103081703
taskonomy/autoencoding,encoder.layer1.1.relu,FST,train,sub-03,5919,166,rsa,0.017232172191143036
taskonomy/autoencoding,encoder.layer1.1.relu,LO1,train,sub-03,5919,74,rsa,0.019251318648457527
taskonomy/autoencoding,encoder.layer1.1.relu,LO2,train,sub-03,5919,75,rsa,0.013906054198741913
taskonomy/autoencoding,encoder.layer1.1.relu,LO3,train,sub-03,5919,124,rsa,0.015075652860105038
taskonomy/autoencoding,encoder.layer1.1.relu,V7,train,sub-03,5919,88,rsa,0.01333266869187355
taskonomy/autoencoding,encoder.layer1.1.relu,IP0,train,sub-03,5919,110,rsa,0.008676375262439251
taskonomy/autoencoding,encoder.layer1.1.relu,IP1,train,sub-03,5919,17,rsa,0.0006603459478355944
taskonomy/autoencoding,encoder.layer1.1.relu,MIP,train,sub-03,5919,176,rsa,0.00598633848130703
taskonomy/autoencoding,encoder.layer1.1.relu,VIP,train,sub-03,5919,150,rsa,0.004516118206083775
taskonomy/autoencoding,encoder.layer1.1.relu,LIPd,train,sub-03,5919,22,rsa,0.0013213854981586337
taskonomy/autoencoding,encoder.layer1.1.relu,LIPv,train,sub-03,5919,178,rsa,0.006028064526617527
taskonomy/autoencoding,encoder.layer1.1.relu,AIP,train,sub-03,5919,121,rsa,6.228394340723753e-06
taskonomy/autoencoding,encoder.layer1.1.relu,7Pm,train,sub-03,5919,23,rsa,0.0016198487719520926
taskonomy/autoencoding,encoder.layer1.1.relu,7PL,train,sub-03,5919,32,rsa,0.0033234816510230303
taskonomy/autoencoding,encoder.layer1.1.relu,7PC,train,sub-03,5919,241,rsa,0.0033028863836079836
taskonomy/autoencoding,encoder.layer1.1.relu,7Am,train,sub-03,5919,115,rsa,0.0052508460357785225
taskonomy/autoencoding,encoder.layer1.1.relu,7AL,train,sub-03,5919,210,rsa,0.005035381764173508
taskonomy/autoencoding,encoder.layer1.1.relu,VVC,train,sub-03,5919,185,rsa,0.017359789460897446
taskonomy/autoencoding,encoder.layer1.1.relu,VMV2,train,sub-03,5919,108,rsa,0.016920192167162895
taskonomy/autoencoding,encoder.layer1.1.relu,VMV3,train,sub-03,5919,111,rsa,0.010084982961416245
taskonomy/autoencoding,encoder.layer1.1.relu,VMV1,train,sub-03,5919,73,rsa,0.0176988635212183
taskonomy/autoencoding,encoder.layer1.1.relu,PHA2,train,sub-03,5919,17,rsa,0.006044638808816671
taskonomy/autoencoding,encoder.layer1.1.relu,PHA3,train,sub-03,5919,86,rsa,0.00871423352509737
taskonomy/autoencoding,encoder.layer1.1.relu,PH,train,sub-03,5919,280,rsa,0.02003357745707035
taskonomy/autoencoding,encoder.layer1.2.relu,V1,train,sub-03,5919,361,rsa,0.03927159309387207
taskonomy/autoencoding,encoder.layer1.2.relu,V2,train,sub-03,5919,525,rsa,0.027159513905644417
taskonomy/autoencoding,encoder.layer1.2.relu,V3,train,sub-03,5919,361,rsa,0.03336022049188614
taskonomy/autoencoding,encoder.layer1.2.relu,V4,train,sub-03,5919,555,rsa,0.02369539812207222
taskonomy/autoencoding,encoder.layer1.2.relu,V3A,train,sub-03,5919,198,rsa,0.01119059044867754
taskonomy/autoencoding,encoder.layer1.2.relu,V3B,train,sub-03,5919,149,rsa,0.011336838826537132
taskonomy/autoencoding,encoder.layer1.2.relu,V6,train,sub-03,5919,157,rsa,0.01438828557729721
taskonomy/autoencoding,encoder.layer1.2.relu,V6A,train,sub-03,5919,68,rsa,0.013221311382949352
taskonomy/autoencoding,encoder.layer1.2.relu,V7,train,sub-03,5919,88,rsa,0.013188591226935387
taskonomy/autoencoding,encoder.layer1.2.relu,V8,train,sub-03,5919,111,rsa,0.017164848744869232
taskonomy/autoencoding,encoder.layer1.2.relu,FFC,train,sub-03,5919,301,rsa,0.028172267600893974
taskonomy/autoencoding,encoder.layer1.2.relu,PIT,train,sub-03,5919,105,rsa,0.018496306613087654
taskonomy/autoencoding,encoder.layer1.2.relu,IPS1,train,sub-03,5919,123,rsa,0.009443821385502815
taskonomy/autoencoding,encoder.layer1.2.relu,MST,train,sub-03,5919,147,rsa,0.02764698676764965
taskonomy/autoencoding,encoder.layer1.2.relu,MT,train,sub-03,5919,98,rsa,0.021950628608465195
taskonomy/autoencoding,encoder.layer1.2.relu,FST,train,sub-03,5919,166,rsa,0.01792612113058567
taskonomy/autoencoding,encoder.layer1.2.relu,LO1,train,sub-03,5919,74,rsa,0.018700312823057175
taskonomy/autoencoding,encoder.layer1.2.relu,LO2,train,sub-03,5919,75,rsa,0.01358727365732193
taskonomy/autoencoding,encoder.layer1.2.relu,LO3,train,sub-03,5919,124,rsa,0.015009550377726555
taskonomy/autoencoding,encoder.layer1.2.relu,V7,train,sub-03,5919,88,rsa,0.013188591226935387
taskonomy/autoencoding,encoder.layer1.2.relu,IP0,train,sub-03,5919,110,rsa,0.009317121468484402
taskonomy/autoencoding,encoder.layer1.2.relu,IP1,train,sub-03,5919,17,rsa,0.001312865992076695
taskonomy/autoencoding,encoder.layer1.2.relu,MIP,train,sub-03,5919,176,rsa,0.006448112428188324
taskonomy/autoencoding,encoder.layer1.2.relu,VIP,train,sub-03,5919,150,rsa,0.004801611416041851
taskonomy/autoencoding,encoder.layer1.2.relu,LIPd,train,sub-03,5919,22,rsa,0.0012690240982919931
taskonomy/autoencoding,encoder.layer1.2.relu,LIPv,train,sub-03,5919,178,rsa,0.005905249156057835
taskonomy/autoencoding,encoder.layer1.2.relu,AIP,train,sub-03,5919,121,rsa,5.6340795708820224e-05
taskonomy/autoencoding,encoder.layer1.2.relu,7Pm,train,sub-03,5919,23,rsa,0.0013226866722106934
taskonomy/autoencoding,encoder.layer1.2.relu,7PL,train,sub-03,5919,32,rsa,0.0028672926127910614
taskonomy/autoencoding,encoder.layer1.2.relu,7PC,train,sub-03,5919,241,rsa,0.003460909239947796
taskonomy/autoencoding,encoder.layer1.2.relu,7Am,train,sub-03,5919,115,rsa,0.0055223372764885426
taskonomy/autoencoding,encoder.layer1.2.relu,7AL,train,sub-03,5919,210,rsa,0.005204031243920326
taskonomy/autoencoding,encoder.layer1.2.relu,VVC,train,sub-03,5919,185,rsa,0.017655573785305023
taskonomy/autoencoding,encoder.layer1.2.relu,VMV2,train,sub-03,5919,108,rsa,0.0177781879901886
taskonomy/autoencoding,encoder.layer1.2.relu,VMV3,train,sub-03,5919,111,rsa,0.010040580295026302
taskonomy/autoencoding,encoder.layer1.2.relu,VMV1,train,sub-03,5919,73,rsa,0.018695702776312828
taskonomy/autoencoding,encoder.layer1.2.relu,PHA2,train,sub-03,5919,17,rsa,0.006920619867742062
taskonomy/autoencoding,encoder.layer1.2.relu,PHA3,train,sub-03,5919,86,rsa,0.008525618351995945
taskonomy/autoencoding,encoder.layer1.2.relu,PH,train,sub-03,5919,280,rsa,0.01987263932824135
taskonomy/autoencoding,encoder.layer2.0.relu,V1,train,sub-03,5919,361,rsa,0.043701548129320145
taskonomy/autoencoding,encoder.layer2.0.relu,V2,train,sub-03,5919,525,rsa,0.029336784034967422
taskonomy/autoencoding,encoder.layer2.0.relu,V3,train,sub-03,5919,361,rsa,0.03587953746318817
taskonomy/autoencoding,encoder.layer2.0.relu,V4,train,sub-03,5919,555,rsa,0.025963615626096725
taskonomy/autoencoding,encoder.layer2.0.relu,V3A,train,sub-03,5919,198,rsa,0.012834727764129639
taskonomy/autoencoding,encoder.layer2.0.relu,V3B,train,sub-03,5919,149,rsa,0.01149069331586361
taskonomy/autoencoding,encoder.layer2.0.relu,V6,train,sub-03,5919,157,rsa,0.017265010625123978
taskonomy/autoencoding,encoder.layer2.0.relu,V6A,train,sub-03,5919,68,rsa,0.015633806586265564
taskonomy/autoencoding,encoder.layer2.0.relu,V7,train,sub-03,5919,88,rsa,0.01421411707997322
taskonomy/autoencoding,encoder.layer2.0.relu,V8,train,sub-03,5919,111,rsa,0.01934506744146347
taskonomy/autoencoding,encoder.layer2.0.relu,FFC,train,sub-03,5919,301,rsa,0.033063896000385284
taskonomy/autoencoding,encoder.layer2.0.relu,PIT,train,sub-03,5919,105,rsa,0.020508863031864166
taskonomy/autoencoding,encoder.layer2.0.relu,IPS1,train,sub-03,5919,123,rsa,0.01093798503279686
taskonomy/autoencoding,encoder.layer2.0.relu,MST,train,sub-03,5919,147,rsa,0.030490219593048096
taskonomy/autoencoding,encoder.layer2.0.relu,MT,train,sub-03,5919,98,rsa,0.02400527149438858
taskonomy/autoencoding,encoder.layer2.0.relu,FST,train,sub-03,5919,166,rsa,0.019719306379556656
taskonomy/autoencoding,encoder.layer2.0.relu,LO1,train,sub-03,5919,74,rsa,0.020541468635201454
taskonomy/autoencoding,encoder.layer2.0.relu,LO2,train,sub-03,5919,75,rsa,0.015332312323153019
taskonomy/autoencoding,encoder.layer2.0.relu,LO3,train,sub-03,5919,124,rsa,0.01733514480292797
taskonomy/autoencoding,encoder.layer2.0.relu,V7,train,sub-03,5919,88,rsa,0.01421411707997322
taskonomy/autoencoding,encoder.layer2.0.relu,IP0,train,sub-03,5919,110,rsa,0.01038135401904583
taskonomy/autoencoding,encoder.layer2.0.relu,IP1,train,sub-03,5919,17,rsa,0.0010707015171647072
taskonomy/autoencoding,encoder.layer2.0.relu,MIP,train,sub-03,5919,176,rsa,0.006951912771910429
taskonomy/autoencoding,encoder.layer2.0.relu,VIP,train,sub-03,5919,150,rsa,0.005091574974358082
taskonomy/autoencoding,encoder.layer2.0.relu,LIPd,train,sub-03,5919,22,rsa,0.0010409392416477203
taskonomy/autoencoding,encoder.layer2.0.relu,LIPv,train,sub-03,5919,178,rsa,0.005656943190842867
taskonomy/autoencoding,encoder.layer2.0.relu,AIP,train,sub-03,5919,121,rsa,0.00046005568583495915
taskonomy/autoencoding,encoder.layer2.0.relu,7Pm,train,sub-03,5919,23,rsa,0.001620117574930191
taskonomy/autoencoding,encoder.layer2.0.relu,7PL,train,sub-03,5919,32,rsa,0.003249228233471513
taskonomy/autoencoding,encoder.layer2.0.relu,7PC,train,sub-03,5919,241,rsa,0.003536536358296871
taskonomy/autoencoding,encoder.layer2.0.relu,7Am,train,sub-03,5919,115,rsa,0.006517072208225727
taskonomy/autoencoding,encoder.layer2.0.relu,7AL,train,sub-03,5919,210,rsa,0.006358045618981123
taskonomy/autoencoding,encoder.layer2.0.relu,VVC,train,sub-03,5919,185,rsa,0.020273033529520035
taskonomy/autoencoding,encoder.layer2.0.relu,VMV2,train,sub-03,5919,108,rsa,0.020757220685482025
taskonomy/autoencoding,encoder.layer2.0.relu,VMV3,train,sub-03,5919,111,rsa,0.011053185909986496
taskonomy/autoencoding,encoder.layer2.0.relu,VMV1,train,sub-03,5919,73,rsa,0.020774774253368378
taskonomy/autoencoding,encoder.layer2.0.relu,PHA2,train,sub-03,5919,17,rsa,0.007427813019603491
taskonomy/autoencoding,encoder.layer2.0.relu,PHA3,train,sub-03,5919,86,rsa,0.009409185498952866
taskonomy/autoencoding,encoder.layer2.0.relu,PH,train,sub-03,5919,280,rsa,0.022301822900772095
taskonomy/autoencoding,encoder.layer2.1.relu,V1,train,sub-03,5919,361,rsa,0.04175381362438202
taskonomy/autoencoding,encoder.layer2.1.relu,V2,train,sub-03,5919,525,rsa,0.028514843434095383
taskonomy/autoencoding,encoder.layer2.1.relu,V3,train,sub-03,5919,361,rsa,0.035190433263778687
taskonomy/autoencoding,encoder.layer2.1.relu,V4,train,sub-03,5919,555,rsa,0.024710552766919136
taskonomy/autoencoding,encoder.layer2.1.relu,V3A,train,sub-03,5919,198,rsa,0.012442372739315033
taskonomy/autoencoding,encoder.layer2.1.relu,V3B,train,sub-03,5919,149,rsa,0.011257285252213478
taskonomy/autoencoding,encoder.layer2.1.relu,V6,train,sub-03,5919,157,rsa,0.017140258103609085
taskonomy/autoencoding,encoder.layer2.1.relu,V6A,train,sub-03,5919,68,rsa,0.015399465337395668
taskonomy/autoencoding,encoder.layer2.1.relu,V7,train,sub-03,5919,88,rsa,0.013829781673848629
taskonomy/autoencoding,encoder.layer2.1.relu,V8,train,sub-03,5919,111,rsa,0.017812171950936317
taskonomy/autoencoding,encoder.layer2.1.relu,FFC,train,sub-03,5919,301,rsa,0.03095870651304722
taskonomy/autoencoding,encoder.layer2.1.relu,PIT,train,sub-03,5919,105,rsa,0.019986774772405624
taskonomy/autoencoding,encoder.layer2.1.relu,IPS1,train,sub-03,5919,123,rsa,0.010543260723352432
taskonomy/autoencoding,encoder.layer2.1.relu,MST,train,sub-03,5919,147,rsa,0.03013548068702221
taskonomy/autoencoding,encoder.layer2.1.relu,MT,train,sub-03,5919,98,rsa,0.02363543026149273
taskonomy/autoencoding,encoder.layer2.1.relu,FST,train,sub-03,5919,166,rsa,0.01900334842503071
taskonomy/autoencoding,encoder.layer2.1.relu,LO1,train,sub-03,5919,74,rsa,0.01933097280561924
taskonomy/autoencoding,encoder.layer2.1.relu,LO2,train,sub-03,5919,75,rsa,0.014659254811704159
taskonomy/autoencoding,encoder.layer2.1.relu,LO3,train,sub-03,5919,124,rsa,0.01634358987212181
taskonomy/autoencoding,encoder.layer2.1.relu,V7,train,sub-03,5919,88,rsa,0.013829781673848629
taskonomy/autoencoding,encoder.layer2.1.relu,IP0,train,sub-03,5919,110,rsa,0.009763161651790142
taskonomy/autoencoding,encoder.layer2.1.relu,IP1,train,sub-03,5919,17,rsa,0.001183119835332036
taskonomy/autoencoding,encoder.layer2.1.relu,MIP,train,sub-03,5919,176,rsa,0.006807947997003794
taskonomy/autoencoding,encoder.layer2.1.relu,VIP,train,sub-03,5919,150,rsa,0.005039768759161234
taskonomy/autoencoding,encoder.layer2.1.relu,LIPd,train,sub-03,5919,22,rsa,0.0012110244715586305
taskonomy/autoencoding,encoder.layer2.1.relu,LIPv,train,sub-03,5919,178,rsa,0.005685079842805862
taskonomy/autoencoding,encoder.layer2.1.relu,AIP,train,sub-03,5919,121,rsa,0.0002888459712266922
taskonomy/autoencoding,encoder.layer2.1.relu,7Pm,train,sub-03,5919,23,rsa,0.001628764672204852
taskonomy/autoencoding,encoder.layer2.1.relu,7PL,train,sub-03,5919,32,rsa,0.003357032546773553
taskonomy/autoencoding,encoder.layer2.1.relu,7PC,train,sub-03,5919,241,rsa,0.003930978011339903
taskonomy/autoencoding,encoder.layer2.1.relu,7Am,train,sub-03,5919,115,rsa,0.005799361038953066
taskonomy/autoencoding,encoder.layer2.1.relu,7AL,train,sub-03,5919,210,rsa,0.006109950598329306
taskonomy/autoencoding,encoder.layer2.1.relu,VVC,train,sub-03,5919,185,rsa,0.018991272896528244
taskonomy/autoencoding,encoder.layer2.1.relu,VMV2,train,sub-03,5919,108,rsa,0.01843409240245819
taskonomy/autoencoding,encoder.layer2.1.relu,VMV3,train,sub-03,5919,111,rsa,0.0098347757011652
taskonomy/autoencoding,encoder.layer2.1.relu,VMV1,train,sub-03,5919,73,rsa,0.018894074484705925
taskonomy/autoencoding,encoder.layer2.1.relu,PHA2,train,sub-03,5919,17,rsa,0.006946549750864506
taskonomy/autoencoding,encoder.layer2.1.relu,PHA3,train,sub-03,5919,86,rsa,0.008372806012630463
taskonomy/autoencoding,encoder.layer2.1.relu,PH,train,sub-03,5919,280,rsa,0.02086660824716091
taskonomy/autoencoding,encoder.layer2.2.relu,V1,train,sub-03,5919,361,rsa,0.0393836572766304
taskonomy/autoencoding,encoder.layer2.2.relu,V2,train,sub-03,5919,525,rsa,0.027230720967054367
taskonomy/autoencoding,encoder.layer2.2.relu,V3,train,sub-03,5919,361,rsa,0.032756827771663666
taskonomy/autoencoding,encoder.layer2.2.relu,V4,train,sub-03,5919,555,rsa,0.02322322688996792
taskonomy/autoencoding,encoder.layer2.2.relu,V3A,train,sub-03,5919,198,rsa,0.011593028903007507
taskonomy/autoencoding,encoder.layer2.2.relu,V3B,train,sub-03,5919,149,rsa,0.01049238070845604
taskonomy/autoencoding,encoder.layer2.2.relu,V6,train,sub-03,5919,157,rsa,0.016475534066557884
taskonomy/autoencoding,encoder.layer2.2.relu,V6A,train,sub-03,5919,68,rsa,0.014888512901961803
taskonomy/autoencoding,encoder.layer2.2.relu,V7,train,sub-03,5919,88,rsa,0.013245366513729095
taskonomy/autoencoding,encoder.layer2.2.relu,V8,train,sub-03,5919,111,rsa,0.016453508287668228
taskonomy/autoencoding,encoder.layer2.2.relu,FFC,train,sub-03,5919,301,rsa,0.028869010508060455
taskonomy/autoencoding,encoder.layer2.2.relu,PIT,train,sub-03,5919,105,rsa,0.019107650965452194
taskonomy/autoencoding,encoder.layer2.2.relu,IPS1,train,sub-03,5919,123,rsa,0.010021617636084557
taskonomy/autoencoding,encoder.layer2.2.relu,MST,train,sub-03,5919,147,rsa,0.029246468096971512
taskonomy/autoencoding,encoder.layer2.2.relu,MT,train,sub-03,5919,98,rsa,0.022793995216488838
taskonomy/autoencoding,encoder.layer2.2.relu,FST,train,sub-03,5919,166,rsa,0.018476828932762146
taskonomy/autoencoding,encoder.layer2.2.relu,LO1,train,sub-03,5919,74,rsa,0.018535275012254715
taskonomy/autoencoding,encoder.layer2.2.relu,LO2,train,sub-03,5919,75,rsa,0.013865547254681587
taskonomy/autoencoding,encoder.layer2.2.relu,LO3,train,sub-03,5919,124,rsa,0.015330689027905464
taskonomy/autoencoding,encoder.layer2.2.relu,V7,train,sub-03,5919,88,rsa,0.013245366513729095
taskonomy/autoencoding,encoder.layer2.2.relu,IP0,train,sub-03,5919,110,rsa,0.009075140580534935
taskonomy/autoencoding,encoder.layer2.2.relu,IP1,train,sub-03,5919,17,rsa,0.0011933177011087537
taskonomy/autoencoding,encoder.layer2.2.relu,MIP,train,sub-03,5919,176,rsa,0.006339257583022118
taskonomy/autoencoding,encoder.layer2.2.relu,VIP,train,sub-03,5919,150,rsa,0.004797670990228653
taskonomy/autoencoding,encoder.layer2.2.relu,LIPd,train,sub-03,5919,22,rsa,0.0012913428945466876
taskonomy/autoencoding,encoder.layer2.2.relu,LIPv,train,sub-03,5919,178,rsa,0.005464803893119097
taskonomy/autoencoding,encoder.layer2.2.relu,AIP,train,sub-03,5919,121,rsa,0.0002461551339365542
taskonomy/autoencoding,encoder.layer2.2.relu,7Pm,train,sub-03,5919,23,rsa,0.0014480857644230127
taskonomy/autoencoding,encoder.layer2.2.relu,7PL,train,sub-03,5919,32,rsa,0.0033522758167237043
taskonomy/autoencoding,encoder.layer2.2.relu,7PC,train,sub-03,5919,241,rsa,0.004070639610290527
taskonomy/autoencoding,encoder.layer2.2.relu,7Am,train,sub-03,5919,115,rsa,0.00543040968477726
taskonomy/autoencoding,encoder.layer2.2.relu,7AL,train,sub-03,5919,210,rsa,0.005791841074824333
taskonomy/autoencoding,encoder.layer2.2.relu,VVC,train,sub-03,5919,185,rsa,0.018255509436130524
taskonomy/autoencoding,encoder.layer2.2.relu,VMV2,train,sub-03,5919,108,rsa,0.016936233267188072
taskonomy/autoencoding,encoder.layer2.2.relu,VMV3,train,sub-03,5919,111,rsa,0.00935361534357071
taskonomy/autoencoding,encoder.layer2.2.relu,VMV1,train,sub-03,5919,73,rsa,0.017523188143968582
taskonomy/autoencoding,encoder.layer2.2.relu,PHA2,train,sub-03,5919,17,rsa,0.00666109099984169
taskonomy/autoencoding,encoder.layer2.2.relu,PHA3,train,sub-03,5919,86,rsa,0.007882029749453068
taskonomy/autoencoding,encoder.layer2.2.relu,PH,train,sub-03,5919,280,rsa,0.019935283809900284
taskonomy/autoencoding,encoder.layer3.0.relu,V1,train,sub-03,5919,361,rsa,0.041480474174022675
taskonomy/autoencoding,encoder.layer3.0.relu,V2,train,sub-03,5919,525,rsa,0.02956794574856758
taskonomy/autoencoding,encoder.layer3.0.relu,V3,train,sub-03,5919,361,rsa,0.03524794429540634
taskonomy/autoencoding,encoder.layer3.0.relu,V4,train,sub-03,5919,555,rsa,0.025173138827085495
taskonomy/autoencoding,encoder.layer3.0.relu,V3A,train,sub-03,5919,198,rsa,0.012690968811511993
taskonomy/autoencoding,encoder.layer3.0.relu,V3B,train,sub-03,5919,149,rsa,0.011278090067207813
taskonomy/autoencoding,encoder.layer3.0.relu,V6,train,sub-03,5919,157,rsa,0.01844939775764942
taskonomy/autoencoding,encoder.layer3.0.relu,V6A,train,sub-03,5919,68,rsa,0.016027364879846573
taskonomy/autoencoding,encoder.layer3.0.relu,V7,train,sub-03,5919,88,rsa,0.014140507206320763
taskonomy/autoencoding,encoder.layer3.0.relu,V8,train,sub-03,5919,111,rsa,0.01811814308166504
taskonomy/autoencoding,encoder.layer3.0.relu,FFC,train,sub-03,5919,301,rsa,0.03061193972826004
taskonomy/autoencoding,encoder.layer3.0.relu,PIT,train,sub-03,5919,105,rsa,0.01975693181157112
taskonomy/autoencoding,encoder.layer3.0.relu,IPS1,train,sub-03,5919,123,rsa,0.010386652313172817
taskonomy/autoencoding,encoder.layer3.0.relu,MST,train,sub-03,5919,147,rsa,0.03031364642083645
taskonomy/autoencoding,encoder.layer3.0.relu,MT,train,sub-03,5919,98,rsa,0.024660438299179077
taskonomy/autoencoding,encoder.layer3.0.relu,FST,train,sub-03,5919,166,rsa,0.019589809700846672
taskonomy/autoencoding,encoder.layer3.0.relu,LO1,train,sub-03,5919,74,rsa,0.019555391743779182
taskonomy/autoencoding,encoder.layer3.0.relu,LO2,train,sub-03,5919,75,rsa,0.015137501992285252
taskonomy/autoencoding,encoder.layer3.0.relu,LO3,train,sub-03,5919,124,rsa,0.016414634883403778
taskonomy/autoencoding,encoder.layer3.0.relu,V7,train,sub-03,5919,88,rsa,0.014140507206320763
taskonomy/autoencoding,encoder.layer3.0.relu,IP0,train,sub-03,5919,110,rsa,0.009540826082229614
taskonomy/autoencoding,encoder.layer3.0.relu,IP1,train,sub-03,5919,17,rsa,0.0011202312307432294
taskonomy/autoencoding,encoder.layer3.0.relu,MIP,train,sub-03,5919,176,rsa,0.006644346285611391
taskonomy/autoencoding,encoder.layer3.0.relu,VIP,train,sub-03,5919,150,rsa,0.005053389817476273
taskonomy/autoencoding,encoder.layer3.0.relu,LIPd,train,sub-03,5919,22,rsa,0.0011258602607995272
taskonomy/autoencoding,encoder.layer3.0.relu,LIPv,train,sub-03,5919,178,rsa,0.005497510079294443
taskonomy/autoencoding,encoder.layer3.0.relu,AIP,train,sub-03,5919,121,rsa,0.0006557669839821756
taskonomy/autoencoding,encoder.layer3.0.relu,7Pm,train,sub-03,5919,23,rsa,0.001392820617184043
taskonomy/autoencoding,encoder.layer3.0.relu,7PL,train,sub-03,5919,32,rsa,0.0031760530546307564
taskonomy/autoencoding,encoder.layer3.0.relu,7PC,train,sub-03,5919,241,rsa,0.004510139115154743
taskonomy/autoencoding,encoder.layer3.0.relu,7Am,train,sub-03,5919,115,rsa,0.005798513535410166
taskonomy/autoencoding,encoder.layer3.0.relu,7AL,train,sub-03,5919,210,rsa,0.006014471407979727
taskonomy/autoencoding,encoder.layer3.0.relu,VVC,train,sub-03,5919,185,rsa,0.019556371495127678
taskonomy/autoencoding,encoder.layer3.0.relu,VMV2,train,sub-03,5919,108,rsa,0.017349783331155777
taskonomy/autoencoding,encoder.layer3.0.relu,VMV3,train,sub-03,5919,111,rsa,0.009623801335692406
taskonomy/autoencoding,encoder.layer3.0.relu,VMV1,train,sub-03,5919,73,rsa,0.018735172227025032
taskonomy/autoencoding,encoder.layer3.0.relu,PHA2,train,sub-03,5919,17,rsa,0.0069603146985173225
taskonomy/autoencoding,encoder.layer3.0.relu,PHA3,train,sub-03,5919,86,rsa,0.008304242044687271
taskonomy/autoencoding,encoder.layer3.0.relu,PH,train,sub-03,5919,280,rsa,0.021197179332375526
taskonomy/autoencoding,encoder.layer3.1.relu,V1,train,sub-03,5919,361,rsa,0.029756521806120872
taskonomy/autoencoding,encoder.layer3.1.relu,V2,train,sub-03,5919,525,rsa,0.022247377783060074
taskonomy/autoencoding,encoder.layer3.1.relu,V3,train,sub-03,5919,361,rsa,0.025716327130794525
taskonomy/autoencoding,encoder.layer3.1.relu,V4,train,sub-03,5919,555,rsa,0.01825457066297531
taskonomy/autoencoding,encoder.layer3.1.relu,V3A,train,sub-03,5919,198,rsa,0.008761486038565636
taskonomy/autoencoding,encoder.layer3.1.relu,V3B,train,sub-03,5919,149,rsa,0.00781648326665163
taskonomy/autoencoding,encoder.layer3.1.relu,V6,train,sub-03,5919,157,rsa,0.012788663618266582
taskonomy/autoencoding,encoder.layer3.1.relu,V6A,train,sub-03,5919,68,rsa,0.01170511357486248
taskonomy/autoencoding,encoder.layer3.1.relu,V7,train,sub-03,5919,88,rsa,0.010304243303835392
taskonomy/autoencoding,encoder.layer3.1.relu,V8,train,sub-03,5919,111,rsa,0.012989004142582417
taskonomy/autoencoding,encoder.layer3.1.relu,FFC,train,sub-03,5919,301,rsa,0.02185547724366188
taskonomy/autoencoding,encoder.layer3.1.relu,PIT,train,sub-03,5919,105,rsa,0.014618469402194023
taskonomy/autoencoding,encoder.layer3.1.relu,IPS1,train,sub-03,5919,123,rsa,0.007401574403047562
taskonomy/autoencoding,encoder.layer3.1.relu,MST,train,sub-03,5919,147,rsa,0.02204935997724533
taskonomy/autoencoding,encoder.layer3.1.relu,MT,train,sub-03,5919,98,rsa,0.018066830933094025
taskonomy/autoencoding,encoder.layer3.1.relu,FST,train,sub-03,5919,166,rsa,0.014304595068097115
taskonomy/autoencoding,encoder.layer3.1.relu,LO1,train,sub-03,5919,74,rsa,0.014395962469279766
taskonomy/autoencoding,encoder.layer3.1.relu,LO2,train,sub-03,5919,75,rsa,0.010905317030847073
taskonomy/autoencoding,encoder.layer3.1.relu,LO3,train,sub-03,5919,124,rsa,0.011418970301747322
taskonomy/autoencoding,encoder.layer3.1.relu,V7,train,sub-03,5919,88,rsa,0.010304243303835392
taskonomy/autoencoding,encoder.layer3.1.relu,IP0,train,sub-03,5919,110,rsa,0.006537029519677162
taskonomy/autoencoding,encoder.layer3.1.relu,IP1,train,sub-03,5919,17,rsa,0.001136253820732236
taskonomy/autoencoding,encoder.layer3.1.relu,MIP,train,sub-03,5919,176,rsa,0.005195876583456993
taskonomy/autoencoding,encoder.layer3.1.relu,VIP,train,sub-03,5919,150,rsa,0.003830624045804143
taskonomy/autoencoding,encoder.layer3.1.relu,LIPd,train,sub-03,5919,22,rsa,0.0009950643870979548
taskonomy/autoencoding,encoder.layer3.1.relu,LIPv,train,sub-03,5919,178,rsa,0.004261225461959839
taskonomy/autoencoding,encoder.layer3.1.relu,AIP,train,sub-03,5919,121,rsa,0.00016110858996398747
taskonomy/autoencoding,encoder.layer3.1.relu,7Pm,train,sub-03,5919,23,rsa,0.0010499306954443455
taskonomy/autoencoding,encoder.layer3.1.relu,7PL,train,sub-03,5919,32,rsa,0.0022194862831383944
taskonomy/autoencoding,encoder.layer3.1.relu,7PC,train,sub-03,5919,241,rsa,0.004153701011091471
taskonomy/autoencoding,encoder.layer3.1.relu,7Am,train,sub-03,5919,115,rsa,0.003714990336447954
taskonomy/autoencoding,encoder.layer3.1.relu,7AL,train,sub-03,5919,210,rsa,0.004152272362262011
taskonomy/autoencoding,encoder.layer3.1.relu,VVC,train,sub-03,5919,185,rsa,0.015019168145954609
taskonomy/autoencoding,encoder.layer3.1.relu,VMV2,train,sub-03,5919,108,rsa,0.011723384261131287
taskonomy/autoencoding,encoder.layer3.1.relu,VMV3,train,sub-03,5919,111,rsa,0.0066300914622843266
taskonomy/autoencoding,encoder.layer3.1.relu,VMV1,train,sub-03,5919,73,rsa,0.01326360646635294
taskonomy/autoencoding,encoder.layer3.1.relu,PHA2,train,sub-03,5919,17,rsa,0.005341552197933197
taskonomy/autoencoding,encoder.layer3.1.relu,PHA3,train,sub-03,5919,86,rsa,0.005569975357502699
taskonomy/autoencoding,encoder.layer3.1.relu,PH,train,sub-03,5919,280,rsa,0.015020710416138172
taskonomy/autoencoding,encoder.layer3.2.relu,V1,train,sub-03,5919,361,rsa,0.021859653294086456
taskonomy/autoencoding,encoder.layer3.2.relu,V2,train,sub-03,5919,525,rsa,0.016495585441589355
taskonomy/autoencoding,encoder.layer3.2.relu,V3,train,sub-03,5919,361,rsa,0.018896128982305527
taskonomy/autoencoding,encoder.layer3.2.relu,V4,train,sub-03,5919,555,rsa,0.013397160917520523
taskonomy/autoencoding,encoder.layer3.2.relu,V3A,train,sub-03,5919,198,rsa,0.006527334451675415
taskonomy/autoencoding,encoder.layer3.2.relu,V3B,train,sub-03,5919,149,rsa,0.00559932179749012
taskonomy/autoencoding,encoder.layer3.2.relu,V6,train,sub-03,5919,157,rsa,0.009032605215907097
taskonomy/autoencoding,encoder.layer3.2.relu,V6A,train,sub-03,5919,68,rsa,0.008834864012897015
taskonomy/autoencoding,encoder.layer3.2.relu,V7,train,sub-03,5919,88,rsa,0.0077208406291902065
taskonomy/autoencoding,encoder.layer3.2.relu,V8,train,sub-03,5919,111,rsa,0.0095945093780756
taskonomy/autoencoding,encoder.layer3.2.relu,FFC,train,sub-03,5919,301,rsa,0.016355179250240326
taskonomy/autoencoding,encoder.layer3.2.relu,PIT,train,sub-03,5919,105,rsa,0.011412561871111393
taskonomy/autoencoding,encoder.layer3.2.relu,IPS1,train,sub-03,5919,123,rsa,0.005605411250144243
taskonomy/autoencoding,encoder.layer3.2.relu,MST,train,sub-03,5919,147,rsa,0.016667373478412628
taskonomy/autoencoding,encoder.layer3.2.relu,MT,train,sub-03,5919,98,rsa,0.01381017453968525
taskonomy/autoencoding,encoder.layer3.2.relu,FST,train,sub-03,5919,166,rsa,0.010777092538774014
taskonomy/autoencoding,encoder.layer3.2.relu,LO1,train,sub-03,5919,74,rsa,0.010814033448696136
taskonomy/autoencoding,encoder.layer3.2.relu,LO2,train,sub-03,5919,75,rsa,0.008265704847872257
taskonomy/autoencoding,encoder.layer3.2.relu,LO3,train,sub-03,5919,124,rsa,0.008256619796156883
taskonomy/autoencoding,encoder.layer3.2.relu,V7,train,sub-03,5919,88,rsa,0.0077208406291902065
taskonomy/autoencoding,encoder.layer3.2.relu,IP0,train,sub-03,5919,110,rsa,0.004689601715654135
taskonomy/autoencoding,encoder.layer3.2.relu,IP1,train,sub-03,5919,17,rsa,0.0009885308099910617
taskonomy/autoencoding,encoder.layer3.2.relu,MIP,train,sub-03,5919,176,rsa,0.004099274519830942
taskonomy/autoencoding,encoder.layer3.2.relu,VIP,train,sub-03,5919,150,rsa,0.0027951605152338743
taskonomy/autoencoding,encoder.layer3.2.relu,LIPd,train,sub-03,5919,22,rsa,0.0009853341616690159
taskonomy/autoencoding,encoder.layer3.2.relu,LIPv,train,sub-03,5919,178,rsa,0.0032067373394966125
taskonomy/autoencoding,encoder.layer3.2.relu,AIP,train,sub-03,5919,121,rsa,-0.00015999125025700778
taskonomy/autoencoding,encoder.layer3.2.relu,7Pm,train,sub-03,5919,23,rsa,0.0008772613946348429
taskonomy/autoencoding,encoder.layer3.2.relu,7PL,train,sub-03,5919,32,rsa,0.001584962592460215
taskonomy/autoencoding,encoder.layer3.2.relu,7PC,train,sub-03,5919,241,rsa,0.0035185576416552067
taskonomy/autoencoding,encoder.layer3.2.relu,7Am,train,sub-03,5919,115,rsa,0.002480669878423214
taskonomy/autoencoding,encoder.layer3.2.relu,7AL,train,sub-03,5919,210,rsa,0.0030129121150821447
taskonomy/autoencoding,encoder.layer3.2.relu,VVC,train,sub-03,5919,185,rsa,0.011863547377288342
taskonomy/autoencoding,encoder.layer3.2.relu,VMV2,train,sub-03,5919,108,rsa,0.008312284015119076
taskonomy/autoencoding,encoder.layer3.2.relu,VMV3,train,sub-03,5919,111,rsa,0.004901147913187742
taskonomy/autoencoding,encoder.layer3.2.relu,VMV1,train,sub-03,5919,73,rsa,0.009679299779236317
taskonomy/autoencoding,encoder.layer3.2.relu,PHA2,train,sub-03,5919,17,rsa,0.004210666287690401
taskonomy/autoencoding,encoder.layer3.2.relu,PHA3,train,sub-03,5919,86,rsa,0.003933236468583345
taskonomy/autoencoding,encoder.layer3.2.relu,PH,train,sub-03,5919,280,rsa,0.01112527959048748
taskonomy/autoencoding,encoder.layer3.3.relu,V1,train,sub-03,5919,361,rsa,0.016694068908691406
taskonomy/autoencoding,encoder.layer3.3.relu,V2,train,sub-03,5919,525,rsa,0.01268537063151598
taskonomy/autoencoding,encoder.layer3.3.relu,V3,train,sub-03,5919,361,rsa,0.014363497495651245
taskonomy/autoencoding,encoder.layer3.3.relu,V4,train,sub-03,5919,555,rsa,0.01020417083054781
taskonomy/autoencoding,encoder.layer3.3.relu,V3A,train,sub-03,5919,198,rsa,0.005109846591949463
taskonomy/autoencoding,encoder.layer3.3.relu,V3B,train,sub-03,5919,149,rsa,0.004164036363363266
taskonomy/autoencoding,encoder.layer3.3.relu,V6,train,sub-03,5919,157,rsa,0.0066526951268315315
taskonomy/autoencoding,encoder.layer3.3.relu,V6A,train,sub-03,5919,68,rsa,0.0069221751764416695
taskonomy/autoencoding,encoder.layer3.3.relu,V7,train,sub-03,5919,88,rsa,0.006039797328412533
taskonomy/autoencoding,encoder.layer3.3.relu,V8,train,sub-03,5919,111,rsa,0.007355774287134409
taskonomy/autoencoding,encoder.layer3.3.relu,FFC,train,sub-03,5919,301,rsa,0.012745184823870659
taskonomy/autoencoding,encoder.layer3.3.relu,PIT,train,sub-03,5919,105,rsa,0.009244268760085106
taskonomy/autoencoding,encoder.layer3.3.relu,IPS1,train,sub-03,5919,123,rsa,0.004398540128022432
taskonomy/autoencoding,encoder.layer3.3.relu,MST,train,sub-03,5919,147,rsa,0.01306711882352829
taskonomy/autoencoding,encoder.layer3.3.relu,MT,train,sub-03,5919,98,rsa,0.011002910323441029
taskonomy/autoencoding,encoder.layer3.3.relu,FST,train,sub-03,5919,166,rsa,0.008398271165788174
taskonomy/autoencoding,encoder.layer3.3.relu,LO1,train,sub-03,5919,74,rsa,0.008391923271119595
taskonomy/autoencoding,encoder.layer3.3.relu,LO2,train,sub-03,5919,75,rsa,0.006484562531113625
taskonomy/autoencoding,encoder.layer3.3.relu,LO3,train,sub-03,5919,124,rsa,0.006261914037168026
taskonomy/autoencoding,encoder.layer3.3.relu,V7,train,sub-03,5919,88,rsa,0.006039797328412533
taskonomy/autoencoding,encoder.layer3.3.relu,IP0,train,sub-03,5919,110,rsa,0.0035240144934505224
taskonomy/autoencoding,encoder.layer3.3.relu,IP1,train,sub-03,5919,17,rsa,0.0008946716552600265
taskonomy/autoencoding,encoder.layer3.3.relu,MIP,train,sub-03,5919,176,rsa,0.003376799402758479
taskonomy/autoencoding,encoder.layer3.3.relu,VIP,train,sub-03,5919,150,rsa,0.00212946068495512
taskonomy/autoencoding,encoder.layer3.3.relu,LIPd,train,sub-03,5919,22,rsa,0.0010034999577328563
taskonomy/autoencoding,encoder.layer3.3.relu,LIPv,train,sub-03,5919,178,rsa,0.0024779990781098604
taskonomy/autoencoding,encoder.layer3.3.relu,AIP,train,sub-03,5919,121,rsa,-0.00030675192829221487
taskonomy/autoencoding,encoder.layer3.3.relu,7Pm,train,sub-03,5919,23,rsa,0.0007649356266483665
taskonomy/autoencoding,encoder.layer3.3.relu,7PL,train,sub-03,5919,32,rsa,0.0011751360725611448
taskonomy/autoencoding,encoder.layer3.3.relu,7PC,train,sub-03,5919,241,rsa,0.003004050813615322
taskonomy/autoencoding,encoder.layer3.3.relu,7Am,train,sub-03,5919,115,rsa,0.0016396123683080077
taskonomy/autoencoding,encoder.layer3.3.relu,7AL,train,sub-03,5919,210,rsa,0.0022426764480769634
taskonomy/autoencoding,encoder.layer3.3.relu,VVC,train,sub-03,5919,185,rsa,0.00965769961476326
taskonomy/autoencoding,encoder.layer3.3.relu,VMV2,train,sub-03,5919,108,rsa,0.006142567377537489
taskonomy/autoencoding,encoder.layer3.3.relu,VMV3,train,sub-03,5919,111,rsa,0.0037824134342372417
taskonomy/autoencoding,encoder.layer3.3.relu,VMV1,train,sub-03,5919,73,rsa,0.007365463301539421
taskonomy/autoencoding,encoder.layer3.3.relu,PHA2,train,sub-03,5919,17,rsa,0.0033788993023335934
taskonomy/autoencoding,encoder.layer3.3.relu,PHA3,train,sub-03,5919,86,rsa,0.0028860499151051044
taskonomy/autoencoding,encoder.layer3.3.relu,PH,train,sub-03,5919,280,rsa,0.008627966046333313
taskonomy/autoencoding,encoder.layer3.4.relu,V1,train,sub-03,5919,361,rsa,0.01412404514849186
taskonomy/autoencoding,encoder.layer3.4.relu,V2,train,sub-03,5919,525,rsa,0.010787500068545341
taskonomy/autoencoding,encoder.layer3.4.relu,V3,train,sub-03,5919,361,rsa,0.012183641083538532
taskonomy/autoencoding,encoder.layer3.4.relu,V4,train,sub-03,5919,555,rsa,0.008646294474601746
taskonomy/autoencoding,encoder.layer3.4.relu,V3A,train,sub-03,5919,198,rsa,0.004297570791095495
taskonomy/autoencoding,encoder.layer3.4.relu,V3B,train,sub-03,5919,149,rsa,0.0034911755938082933
taskonomy/autoencoding,encoder.layer3.4.relu,V6,train,sub-03,5919,157,rsa,0.005464020185172558
taskonomy/autoencoding,encoder.layer3.4.relu,V6A,train,sub-03,5919,68,rsa,0.005873731337487698
taskonomy/autoencoding,encoder.layer3.4.relu,V7,train,sub-03,5919,88,rsa,0.005116553977131844
taskonomy/autoencoding,encoder.layer3.4.relu,V8,train,sub-03,5919,111,rsa,0.006265370640903711
taskonomy/autoencoding,encoder.layer3.4.relu,FFC,train,sub-03,5919,301,rsa,0.010897242464125156
taskonomy/autoencoding,encoder.layer3.4.relu,PIT,train,sub-03,5919,105,rsa,0.008146041072905064
taskonomy/autoencoding,encoder.layer3.4.relu,IPS1,train,sub-03,5919,123,rsa,0.003743350738659501
taskonomy/autoencoding,encoder.layer3.4.relu,MST,train,sub-03,5919,147,rsa,0.011278006248176098
taskonomy/autoencoding,encoder.layer3.4.relu,MT,train,sub-03,5919,98,rsa,0.009606629610061646
taskonomy/autoencoding,encoder.layer3.4.relu,FST,train,sub-03,5919,166,rsa,0.0071686203591525555
taskonomy/autoencoding,encoder.layer3.4.relu,LO1,train,sub-03,5919,74,rsa,0.007256906013935804
taskonomy/autoencoding,encoder.layer3.4.relu,LO2,train,sub-03,5919,75,rsa,0.0055694421753287315
taskonomy/autoencoding,encoder.layer3.4.relu,LO3,train,sub-03,5919,124,rsa,0.005319604650139809
taskonomy/autoencoding,encoder.layer3.4.relu,V7,train,sub-03,5919,88,rsa,0.005116553977131844
taskonomy/autoencoding,encoder.layer3.4.relu,IP0,train,sub-03,5919,110,rsa,0.002915741875767708
taskonomy/autoencoding,encoder.layer3.4.relu,IP1,train,sub-03,5919,17,rsa,0.0007854932337068021
taskonomy/autoencoding,encoder.layer3.4.relu,MIP,train,sub-03,5919,176,rsa,0.0029909603763371706
taskonomy/autoencoding,encoder.layer3.4.relu,VIP,train,sub-03,5919,150,rsa,0.0018329881131649017
taskonomy/autoencoding,encoder.layer3.4.relu,LIPd,train,sub-03,5919,22,rsa,0.0009823287837207317
taskonomy/autoencoding,encoder.layer3.4.relu,LIPv,train,sub-03,5919,178,rsa,0.0021199043840169907
taskonomy/autoencoding,encoder.layer3.4.relu,AIP,train,sub-03,5919,121,rsa,-0.0004179531242698431
taskonomy/autoencoding,encoder.layer3.4.relu,7Pm,train,sub-03,5919,23,rsa,0.0006630171556025743
taskonomy/autoencoding,encoder.layer3.4.relu,7PL,train,sub-03,5919,32,rsa,0.000968966051004827
taskonomy/autoencoding,encoder.layer3.4.relu,7PC,train,sub-03,5919,241,rsa,0.002759306924417615
taskonomy/autoencoding,encoder.layer3.4.relu,7Am,train,sub-03,5919,115,rsa,0.0013039937475696206
taskonomy/autoencoding,encoder.layer3.4.relu,7AL,train,sub-03,5919,210,rsa,0.0018682597437873483
taskonomy/autoencoding,encoder.layer3.4.relu,VVC,train,sub-03,5919,185,rsa,0.008459370583295822
taskonomy/autoencoding,encoder.layer3.4.relu,VMV2,train,sub-03,5919,108,rsa,0.0051086717285215855
taskonomy/autoencoding,encoder.layer3.4.relu,VMV3,train,sub-03,5919,111,rsa,0.0032833791337907314
taskonomy/autoencoding,encoder.layer3.4.relu,VMV1,train,sub-03,5919,73,rsa,0.0062075648456811905
taskonomy/autoencoding,encoder.layer3.4.relu,PHA2,train,sub-03,5919,17,rsa,0.002951633185148239
taskonomy/autoencoding,encoder.layer3.4.relu,PHA3,train,sub-03,5919,86,rsa,0.0023886729031801224
taskonomy/autoencoding,encoder.layer3.4.relu,PH,train,sub-03,5919,280,rsa,0.0073249186389148235
taskonomy/autoencoding,encoder.layer3.5.relu,V1,train,sub-03,5919,361,rsa,0.013914564624428749
taskonomy/autoencoding,encoder.layer3.5.relu,V2,train,sub-03,5919,525,rsa,0.01068409439176321
taskonomy/autoencoding,encoder.layer3.5.relu,V3,train,sub-03,5919,361,rsa,0.01218617893755436
taskonomy/autoencoding,encoder.layer3.5.relu,V4,train,sub-03,5919,555,rsa,0.008525348268449306
taskonomy/autoencoding,encoder.layer3.5.relu,V3A,train,sub-03,5919,198,rsa,0.00394523935392499
taskonomy/autoencoding,encoder.layer3.5.relu,V3B,train,sub-03,5919,149,rsa,0.003609179286286235
taskonomy/autoencoding,encoder.layer3.5.relu,V6,train,sub-03,5919,157,rsa,0.005170195363461971
taskonomy/autoencoding,encoder.layer3.5.relu,V6A,train,sub-03,5919,68,rsa,0.005654511041939259
taskonomy/autoencoding,encoder.layer3.5.relu,V7,train,sub-03,5919,88,rsa,0.004872122313827276
taskonomy/autoencoding,encoder.layer3.5.relu,V8,train,sub-03,5919,111,rsa,0.006277528591454029
taskonomy/autoencoding,encoder.layer3.5.relu,FFC,train,sub-03,5919,301,rsa,0.01085601281374693
taskonomy/autoencoding,encoder.layer3.5.relu,PIT,train,sub-03,5919,105,rsa,0.007783488370478153
taskonomy/autoencoding,encoder.layer3.5.relu,IPS1,train,sub-03,5919,123,rsa,0.003673945087939501
taskonomy/autoencoding,encoder.layer3.5.relu,MST,train,sub-03,5919,147,rsa,0.011175011284649372
taskonomy/autoencoding,encoder.layer3.5.relu,MT,train,sub-03,5919,98,rsa,0.009384511969983578
taskonomy/autoencoding,encoder.layer3.5.relu,FST,train,sub-03,5919,166,rsa,0.006943794433027506
taskonomy/autoencoding,encoder.layer3.5.relu,LO1,train,sub-03,5919,74,rsa,0.007212049327790737
taskonomy/autoencoding,encoder.layer3.5.relu,LO2,train,sub-03,5919,75,rsa,0.005289267748594284
taskonomy/autoencoding,encoder.layer3.5.relu,LO3,train,sub-03,5919,124,rsa,0.00525773735716939
taskonomy/autoencoding,encoder.layer3.5.relu,V7,train,sub-03,5919,88,rsa,0.004872122313827276
taskonomy/autoencoding,encoder.layer3.5.relu,IP0,train,sub-03,5919,110,rsa,0.0028678078670054674
taskonomy/autoencoding,encoder.layer3.5.relu,IP1,train,sub-03,5919,17,rsa,0.0006842648144811392
taskonomy/autoencoding,encoder.layer3.5.relu,MIP,train,sub-03,5919,176,rsa,0.002975231735035777
taskonomy/autoencoding,encoder.layer3.5.relu,VIP,train,sub-03,5919,150,rsa,0.0018948575016111135
taskonomy/autoencoding,encoder.layer3.5.relu,LIPd,train,sub-03,5919,22,rsa,0.0009057463030330837
taskonomy/autoencoding,encoder.layer3.5.relu,LIPv,train,sub-03,5919,178,rsa,0.002211368875578046
taskonomy/autoencoding,encoder.layer3.5.relu,AIP,train,sub-03,5919,121,rsa,-0.0005524269072338939
taskonomy/autoencoding,encoder.layer3.5.relu,7Pm,train,sub-03,5919,23,rsa,0.0006781081319786608
taskonomy/autoencoding,encoder.layer3.5.relu,7PL,train,sub-03,5919,32,rsa,0.0009472152451053262
taskonomy/autoencoding,encoder.layer3.5.relu,7PC,train,sub-03,5919,241,rsa,0.002796255750581622
taskonomy/autoencoding,encoder.layer3.5.relu,7Am,train,sub-03,5919,115,rsa,0.0015263684326782823
taskonomy/autoencoding,encoder.layer3.5.relu,7AL,train,sub-03,5919,210,rsa,0.0018772388575598598
taskonomy/autoencoding,encoder.layer3.5.relu,VVC,train,sub-03,5919,185,rsa,0.008376927115023136
taskonomy/autoencoding,encoder.layer3.5.relu,VMV2,train,sub-03,5919,108,rsa,0.005326706450432539
taskonomy/autoencoding,encoder.layer3.5.relu,VMV3,train,sub-03,5919,111,rsa,0.0033765817061066628
taskonomy/autoencoding,encoder.layer3.5.relu,VMV1,train,sub-03,5919,73,rsa,0.0061560338363051414
taskonomy/autoencoding,encoder.layer3.5.relu,PHA2,train,sub-03,5919,17,rsa,0.0030848397873342037
taskonomy/autoencoding,encoder.layer3.5.relu,PHA3,train,sub-03,5919,86,rsa,0.002513812854886055
taskonomy/autoencoding,encoder.layer3.5.relu,PH,train,sub-03,5919,280,rsa,0.006962219253182411
taskonomy/autoencoding,encoder.layer4.0.relu,V1,train,sub-03,5919,361,rsa,0.0405069999396801
taskonomy/autoencoding,encoder.layer4.0.relu,V2,train,sub-03,5919,525,rsa,0.027898216620087624
taskonomy/autoencoding,encoder.layer4.0.relu,V3,train,sub-03,5919,361,rsa,0.034178055822849274
taskonomy/autoencoding,encoder.layer4.0.relu,V4,train,sub-03,5919,555,rsa,0.02441888116300106
taskonomy/autoencoding,encoder.layer4.0.relu,V3A,train,sub-03,5919,198,rsa,0.010515875183045864
taskonomy/autoencoding,encoder.layer4.0.relu,V3B,train,sub-03,5919,149,rsa,0.009717175737023354
taskonomy/autoencoding,encoder.layer4.0.relu,V6,train,sub-03,5919,157,rsa,0.014098089188337326
taskonomy/autoencoding,encoder.layer4.0.relu,V6A,train,sub-03,5919,68,rsa,0.01282141637057066
taskonomy/autoencoding,encoder.layer4.0.relu,V7,train,sub-03,5919,88,rsa,0.012061713263392448
taskonomy/autoencoding,encoder.layer4.0.relu,V8,train,sub-03,5919,111,rsa,0.016928374767303467
taskonomy/autoencoding,encoder.layer4.0.relu,FFC,train,sub-03,5919,301,rsa,0.02812160551548004
taskonomy/autoencoding,encoder.layer4.0.relu,PIT,train,sub-03,5919,105,rsa,0.019654985517263412
taskonomy/autoencoding,encoder.layer4.0.relu,IPS1,train,sub-03,5919,123,rsa,0.009076344780623913
taskonomy/autoencoding,encoder.layer4.0.relu,MST,train,sub-03,5919,147,rsa,0.025012856349349022
taskonomy/autoencoding,encoder.layer4.0.relu,MT,train,sub-03,5919,98,rsa,0.01931905560195446
taskonomy/autoencoding,encoder.layer4.0.relu,FST,train,sub-03,5919,166,rsa,0.01720837876200676
taskonomy/autoencoding,encoder.layer4.0.relu,LO1,train,sub-03,5919,74,rsa,0.01861717365682125
taskonomy/autoencoding,encoder.layer4.0.relu,LO2,train,sub-03,5919,75,rsa,0.013756509870290756
taskonomy/autoencoding,encoder.layer4.0.relu,LO3,train,sub-03,5919,124,rsa,0.015469114296138287
taskonomy/autoencoding,encoder.layer4.0.relu,V7,train,sub-03,5919,88,rsa,0.012061713263392448
taskonomy/autoencoding,encoder.layer4.0.relu,IP0,train,sub-03,5919,110,rsa,0.00946809258311987
taskonomy/autoencoding,encoder.layer4.0.relu,IP1,train,sub-03,5919,17,rsa,0.0015709007857367396
taskonomy/autoencoding,encoder.layer4.0.relu,MIP,train,sub-03,5919,176,rsa,0.006291045341640711
taskonomy/autoencoding,encoder.layer4.0.relu,VIP,train,sub-03,5919,150,rsa,0.0046487539075315
taskonomy/autoencoding,encoder.layer4.0.relu,LIPd,train,sub-03,5919,22,rsa,0.0009628088446334004
taskonomy/autoencoding,encoder.layer4.0.relu,LIPv,train,sub-03,5919,178,rsa,0.005516767501831055
taskonomy/autoencoding,encoder.layer4.0.relu,AIP,train,sub-03,5919,121,rsa,0.000511877064127475
taskonomy/autoencoding,encoder.layer4.0.relu,7Pm,train,sub-03,5919,23,rsa,0.001255672425031662
taskonomy/autoencoding,encoder.layer4.0.relu,7PL,train,sub-03,5919,32,rsa,0.0020438330247998238
taskonomy/autoencoding,encoder.layer4.0.relu,7PC,train,sub-03,5919,241,rsa,0.003234387608245015
taskonomy/autoencoding,encoder.layer4.0.relu,7Am,train,sub-03,5919,115,rsa,0.005427338648587465
taskonomy/autoencoding,encoder.layer4.0.relu,7AL,train,sub-03,5919,210,rsa,0.005043454002588987
taskonomy/autoencoding,encoder.layer4.0.relu,VVC,train,sub-03,5919,185,rsa,0.018821142613887787
taskonomy/autoencoding,encoder.layer4.0.relu,VMV2,train,sub-03,5919,108,rsa,0.019086668267846107
taskonomy/autoencoding,encoder.layer4.0.relu,VMV3,train,sub-03,5919,111,rsa,0.01068105362355709
taskonomy/autoencoding,encoder.layer4.0.relu,VMV1,train,sub-03,5919,73,rsa,0.019751431420445442
taskonomy/autoencoding,encoder.layer4.0.relu,PHA2,train,sub-03,5919,17,rsa,0.006879234686493874
taskonomy/autoencoding,encoder.layer4.0.relu,PHA3,train,sub-03,5919,86,rsa,0.00781298242509365
taskonomy/autoencoding,encoder.layer4.0.relu,PH,train,sub-03,5919,280,rsa,0.01978163979947567
taskonomy/autoencoding,encoder.layer4.1.relu,V1,train,sub-03,5919,361,rsa,0.03517082333564758
taskonomy/autoencoding,encoder.layer4.1.relu,V2,train,sub-03,5919,525,rsa,0.02484961226582527
taskonomy/autoencoding,encoder.layer4.1.relu,V3,train,sub-03,5919,361,rsa,0.030038421973586082
taskonomy/autoencoding,encoder.layer4.1.relu,V4,train,sub-03,5919,555,rsa,0.02094903029501438
taskonomy/autoencoding,encoder.layer4.1.relu,V3A,train,sub-03,5919,198,rsa,0.008245796896517277
taskonomy/autoencoding,encoder.layer4.1.relu,V3B,train,sub-03,5919,149,rsa,0.008186785504221916
taskonomy/autoencoding,encoder.layer4.1.relu,V6,train,sub-03,5919,157,rsa,0.01084138359874487
taskonomy/autoencoding,encoder.layer4.1.relu,V6A,train,sub-03,5919,68,rsa,0.009705090895295143
taskonomy/autoencoding,encoder.layer4.1.relu,V7,train,sub-03,5919,88,rsa,0.009839794598519802
taskonomy/autoencoding,encoder.layer4.1.relu,V8,train,sub-03,5919,111,rsa,0.013723937794566154
taskonomy/autoencoding,encoder.layer4.1.relu,FFC,train,sub-03,5919,301,rsa,0.023491600528359413
taskonomy/autoencoding,encoder.layer4.1.relu,PIT,train,sub-03,5919,105,rsa,0.017593128606677055
taskonomy/autoencoding,encoder.layer4.1.relu,IPS1,train,sub-03,5919,123,rsa,0.006997326854616404
taskonomy/autoencoding,encoder.layer4.1.relu,MST,train,sub-03,5919,147,rsa,0.019681110978126526
taskonomy/autoencoding,encoder.layer4.1.relu,MT,train,sub-03,5919,98,rsa,0.015940358862280846
taskonomy/autoencoding,encoder.layer4.1.relu,FST,train,sub-03,5919,166,rsa,0.014133364893496037
taskonomy/autoencoding,encoder.layer4.1.relu,LO1,train,sub-03,5919,74,rsa,0.015529327094554901
taskonomy/autoencoding,encoder.layer4.1.relu,LO2,train,sub-03,5919,75,rsa,0.012213386595249176
taskonomy/autoencoding,encoder.layer4.1.relu,LO3,train,sub-03,5919,124,rsa,0.01210024394094944
taskonomy/autoencoding,encoder.layer4.1.relu,V7,train,sub-03,5919,88,rsa,0.009839794598519802
taskonomy/autoencoding,encoder.layer4.1.relu,IP0,train,sub-03,5919,110,rsa,0.00746387941762805
taskonomy/autoencoding,encoder.layer4.1.relu,IP1,train,sub-03,5919,17,rsa,0.001724548521451652
taskonomy/autoencoding,encoder.layer4.1.relu,MIP,train,sub-03,5919,176,rsa,0.005249314941465855
taskonomy/autoencoding,encoder.layer4.1.relu,VIP,train,sub-03,5919,150,rsa,0.003517440054565668
taskonomy/autoencoding,encoder.layer4.1.relu,LIPd,train,sub-03,5919,22,rsa,0.0006128940149210393
taskonomy/autoencoding,encoder.layer4.1.relu,LIPv,train,sub-03,5919,178,rsa,0.00490107387304306
taskonomy/autoencoding,encoder.layer4.1.relu,AIP,train,sub-03,5919,121,rsa,0.0003579176845960319
taskonomy/autoencoding,encoder.layer4.1.relu,7Pm,train,sub-03,5919,23,rsa,0.0012967081274837255
taskonomy/autoencoding,encoder.layer4.1.relu,7PL,train,sub-03,5919,32,rsa,0.0016812970861792564
taskonomy/autoencoding,encoder.layer4.1.relu,7PC,train,sub-03,5919,241,rsa,0.002965927589684725
taskonomy/autoencoding,encoder.layer4.1.relu,7Am,train,sub-03,5919,115,rsa,0.0036812189500778913
taskonomy/autoencoding,encoder.layer4.1.relu,7AL,train,sub-03,5919,210,rsa,0.0035391277633607388
taskonomy/autoencoding,encoder.layer4.1.relu,VVC,train,sub-03,5919,185,rsa,0.016274040564894676
taskonomy/autoencoding,encoder.layer4.1.relu,VMV2,train,sub-03,5919,108,rsa,0.015472362749278545
taskonomy/autoencoding,encoder.layer4.1.relu,VMV3,train,sub-03,5919,111,rsa,0.009227536618709564
taskonomy/autoencoding,encoder.layer4.1.relu,VMV1,train,sub-03,5919,73,rsa,0.01611390896141529
taskonomy/autoencoding,encoder.layer4.1.relu,PHA2,train,sub-03,5919,17,rsa,0.005538981407880783
taskonomy/autoencoding,encoder.layer4.1.relu,PHA3,train,sub-03,5919,86,rsa,0.00620288448408246
taskonomy/autoencoding,encoder.layer4.1.relu,PH,train,sub-03,5919,280,rsa,0.0162384994328022
taskonomy/autoencoding,encoder.layer4.2.relu,V1,train,sub-03,5919,361,rsa,0.0324791818857193
taskonomy/autoencoding,encoder.layer4.2.relu,V2,train,sub-03,5919,525,rsa,0.023164799436926842
taskonomy/autoencoding,encoder.layer4.2.relu,V3,train,sub-03,5919,361,rsa,0.02764727734029293
taskonomy/autoencoding,encoder.layer4.2.relu,V4,train,sub-03,5919,555,rsa,0.018742280080914497
taskonomy/autoencoding,encoder.layer4.2.relu,V3A,train,sub-03,5919,198,rsa,0.00706059392541647
taskonomy/autoencoding,encoder.layer4.2.relu,V3B,train,sub-03,5919,149,rsa,0.007270816247910261
taskonomy/autoencoding,encoder.layer4.2.relu,V6,train,sub-03,5919,157,rsa,0.009519834071397781
taskonomy/autoencoding,encoder.layer4.2.relu,V6A,train,sub-03,5919,68,rsa,0.008227416314184666
taskonomy/autoencoding,encoder.layer4.2.relu,V7,train,sub-03,5919,88,rsa,0.008681531064212322
taskonomy/autoencoding,encoder.layer4.2.relu,V8,train,sub-03,5919,111,rsa,0.011831424199044704
taskonomy/autoencoding,encoder.layer4.2.relu,FFC,train,sub-03,5919,301,rsa,0.020886842161417007
taskonomy/autoencoding,encoder.layer4.2.relu,PIT,train,sub-03,5919,105,rsa,0.01617271825671196
taskonomy/autoencoding,encoder.layer4.2.relu,IPS1,train,sub-03,5919,123,rsa,0.006165189202874899
taskonomy/autoencoding,encoder.layer4.2.relu,MST,train,sub-03,5919,147,rsa,0.017536215484142303
taskonomy/autoencoding,encoder.layer4.2.relu,MT,train,sub-03,5919,98,rsa,0.01435838732868433
taskonomy/autoencoding,encoder.layer4.2.relu,FST,train,sub-03,5919,166,rsa,0.012701735831797123
taskonomy/autoencoding,encoder.layer4.2.relu,LO1,train,sub-03,5919,74,rsa,0.01358667854219675
taskonomy/autoencoding,encoder.layer4.2.relu,LO2,train,sub-03,5919,75,rsa,0.011300881393253803
taskonomy/autoencoding,encoder.layer4.2.relu,LO3,train,sub-03,5919,124,rsa,0.010147069580852985
taskonomy/autoencoding,encoder.layer4.2.relu,V7,train,sub-03,5919,88,rsa,0.008681531064212322
taskonomy/autoencoding,encoder.layer4.2.relu,IP0,train,sub-03,5919,110,rsa,0.0063153160735964775
taskonomy/autoencoding,encoder.layer4.2.relu,IP1,train,sub-03,5919,17,rsa,0.0017613944364711642
taskonomy/autoencoding,encoder.layer4.2.relu,MIP,train,sub-03,5919,176,rsa,0.004794281907379627
taskonomy/autoencoding,encoder.layer4.2.relu,VIP,train,sub-03,5919,150,rsa,0.0029325424693524837
taskonomy/autoencoding,encoder.layer4.2.relu,LIPd,train,sub-03,5919,22,rsa,0.0005374550819396973
taskonomy/autoencoding,encoder.layer4.2.relu,LIPv,train,sub-03,5919,178,rsa,0.004537610802799463
taskonomy/autoencoding,encoder.layer4.2.relu,AIP,train,sub-03,5919,121,rsa,0.0002468041784595698
taskonomy/autoencoding,encoder.layer4.2.relu,7Pm,train,sub-03,5919,23,rsa,0.001467502792365849
taskonomy/autoencoding,encoder.layer4.2.relu,7PL,train,sub-03,5919,32,rsa,0.0015149766113609076
taskonomy/autoencoding,encoder.layer4.2.relu,7PC,train,sub-03,5919,241,rsa,0.002657719422131777
taskonomy/autoencoding,encoder.layer4.2.relu,7Am,train,sub-03,5919,115,rsa,0.003107279073446989
taskonomy/autoencoding,encoder.layer4.2.relu,7AL,train,sub-03,5919,210,rsa,0.0029425225220620632
taskonomy/autoencoding,encoder.layer4.2.relu,VVC,train,sub-03,5919,185,rsa,0.014806692488491535
taskonomy/autoencoding,encoder.layer4.2.relu,VMV2,train,sub-03,5919,108,rsa,0.013384608551859856
taskonomy/autoencoding,encoder.layer4.2.relu,VMV3,train,sub-03,5919,111,rsa,0.008339500986039639
taskonomy/autoencoding,encoder.layer4.2.relu,VMV1,train,sub-03,5919,73,rsa,0.01405559852719307
taskonomy/autoencoding,encoder.layer4.2.relu,PHA2,train,sub-03,5919,17,rsa,0.004524023272097111
taskonomy/autoencoding,encoder.layer4.2.relu,PHA3,train,sub-03,5919,86,rsa,0.005285254679620266
taskonomy/autoencoding,encoder.layer4.2.relu,PH,train,sub-03,5919,280,rsa,0.01457890123128891
taskonomy/autoencoding,encoder.layer1.0.relu,V1,test,sub-03,5919,361,rsa,0.07591050118207932
taskonomy/autoencoding,encoder.layer1.0.relu,V2,test,sub-03,5919,525,rsa,0.04822225868701935
taskonomy/autoencoding,encoder.layer1.0.relu,V3,test,sub-03,5919,361,rsa,0.058996085077524185
taskonomy/autoencoding,encoder.layer1.0.relu,V4,test,sub-03,5919,555,rsa,0.030664555728435516
taskonomy/autoencoding,encoder.layer1.0.relu,V3A,test,sub-03,5919,198,rsa,0.032766327261924744
taskonomy/autoencoding,encoder.layer1.0.relu,V3B,test,sub-03,5919,149,rsa,-0.005093930289149284
taskonomy/autoencoding,encoder.layer1.0.relu,V6,test,sub-03,5919,157,rsa,0.04547315835952759
taskonomy/autoencoding,encoder.layer1.0.relu,V6A,test,sub-03,5919,68,rsa,0.08215099573135376
taskonomy/autoencoding,encoder.layer1.0.relu,V7,test,sub-03,5919,88,rsa,0.011640327051281929
taskonomy/autoencoding,encoder.layer1.0.relu,V8,test,sub-03,5919,111,rsa,0.022120807319879532
taskonomy/autoencoding,encoder.layer1.0.relu,FFC,test,sub-03,5919,301,rsa,0.04497530311346054
taskonomy/autoencoding,encoder.layer1.0.relu,PIT,test,sub-03,5919,105,rsa,0.04748097062110901
taskonomy/autoencoding,encoder.layer1.0.relu,IPS1,test,sub-03,5919,123,rsa,0.0378134585916996
taskonomy/autoencoding,encoder.layer1.0.relu,MST,test,sub-03,5919,147,rsa,0.037321534007787704
taskonomy/autoencoding,encoder.layer1.0.relu,MT,test,sub-03,5919,98,rsa,0.03550981730222702
taskonomy/autoencoding,encoder.layer1.0.relu,FST,test,sub-03,5919,166,rsa,-0.010698839090764523
taskonomy/autoencoding,encoder.layer1.0.relu,LO1,test,sub-03,5919,74,rsa,0.010932281613349915
taskonomy/autoencoding,encoder.layer1.0.relu,LO2,test,sub-03,5919,75,rsa,0.013571356423199177
taskonomy/autoencoding,encoder.layer1.0.relu,LO3,test,sub-03,5919,124,rsa,0.016107924282550812
taskonomy/autoencoding,encoder.layer1.0.relu,V7,test,sub-03,5919,88,rsa,0.011640327051281929
taskonomy/autoencoding,encoder.layer1.0.relu,IP0,test,sub-03,5919,110,rsa,0.01521181408315897
taskonomy/autoencoding,encoder.layer1.0.relu,IP1,test,sub-03,5919,17,rsa,0.0009953980334103107
taskonomy/autoencoding,encoder.layer1.0.relu,MIP,test,sub-03,5919,176,rsa,0.045461129397153854
taskonomy/autoencoding,encoder.layer1.0.relu,VIP,test,sub-03,5919,150,rsa,-0.010158761404454708
taskonomy/autoencoding,encoder.layer1.0.relu,LIPd,test,sub-03,5919,22,rsa,0.013698074035346508
taskonomy/autoencoding,encoder.layer1.0.relu,LIPv,test,sub-03,5919,178,rsa,0.011191228404641151
taskonomy/autoencoding,encoder.layer1.0.relu,AIP,test,sub-03,5919,121,rsa,0.022599734365940094
taskonomy/autoencoding,encoder.layer1.0.relu,7Pm,test,sub-03,5919,23,rsa,0.025529392063617706
taskonomy/autoencoding,encoder.layer1.0.relu,7PL,test,sub-03,5919,32,rsa,-0.01992579735815525
taskonomy/autoencoding,encoder.layer1.0.relu,7PC,test,sub-03,5919,241,rsa,0.011945875361561775
taskonomy/autoencoding,encoder.layer1.0.relu,7Am,test,sub-03,5919,115,rsa,0.007994848303496838
taskonomy/autoencoding,encoder.layer1.0.relu,7AL,test,sub-03,5919,210,rsa,0.005037117283791304
taskonomy/autoencoding,encoder.layer1.0.relu,VVC,test,sub-03,5919,185,rsa,0.011591318063437939
taskonomy/autoencoding,encoder.layer1.0.relu,VMV2,test,sub-03,5919,108,rsa,0.010800395160913467
taskonomy/autoencoding,encoder.layer1.0.relu,VMV3,test,sub-03,5919,111,rsa,-0.023602737113833427
taskonomy/autoencoding,encoder.layer1.0.relu,VMV1,test,sub-03,5919,73,rsa,0.04065973311662674
taskonomy/autoencoding,encoder.layer1.0.relu,PHA2,test,sub-03,5919,17,rsa,0.0007328104693442583
taskonomy/autoencoding,encoder.layer1.0.relu,PHA3,test,sub-03,5919,86,rsa,0.010622313246130943
taskonomy/autoencoding,encoder.layer1.0.relu,PH,test,sub-03,5919,280,rsa,0.04777248948812485
taskonomy/autoencoding,encoder.layer1.1.relu,V1,test,sub-03,5919,361,rsa,0.09135128557682037
taskonomy/autoencoding,encoder.layer1.1.relu,V2,test,sub-03,5919,525,rsa,0.04659578949213028
taskonomy/autoencoding,encoder.layer1.1.relu,V3,test,sub-03,5919,361,rsa,0.07216034829616547
taskonomy/autoencoding,encoder.layer1.1.relu,V4,test,sub-03,5919,555,rsa,0.03401847556233406
taskonomy/autoencoding,encoder.layer1.1.relu,V3A,test,sub-03,5919,198,rsa,0.027607643976807594
taskonomy/autoencoding,encoder.layer1.1.relu,V3B,test,sub-03,5919,149,rsa,-0.006957739591598511
taskonomy/autoencoding,encoder.layer1.1.relu,V6,test,sub-03,5919,157,rsa,0.04416082799434662
taskonomy/autoencoding,encoder.layer1.1.relu,V6A,test,sub-03,5919,68,rsa,0.07610611617565155
taskonomy/autoencoding,encoder.layer1.1.relu,V7,test,sub-03,5919,88,rsa,0.002176622860133648
taskonomy/autoencoding,encoder.layer1.1.relu,V8,test,sub-03,5919,111,rsa,0.02345236763358116
taskonomy/autoencoding,encoder.layer1.1.relu,FFC,test,sub-03,5919,301,rsa,0.04593024402856827
taskonomy/autoencoding,encoder.layer1.1.relu,PIT,test,sub-03,5919,105,rsa,0.04615769535303116
taskonomy/autoencoding,encoder.layer1.1.relu,IPS1,test,sub-03,5919,123,rsa,0.04064007103443146
taskonomy/autoencoding,encoder.layer1.1.relu,MST,test,sub-03,5919,147,rsa,0.039040714502334595
taskonomy/autoencoding,encoder.layer1.1.relu,MT,test,sub-03,5919,98,rsa,0.04234805330634117
taskonomy/autoencoding,encoder.layer1.1.relu,FST,test,sub-03,5919,166,rsa,-0.012018129229545593
taskonomy/autoencoding,encoder.layer1.1.relu,LO1,test,sub-03,5919,74,rsa,0.01256211195141077
taskonomy/autoencoding,encoder.layer1.1.relu,LO2,test,sub-03,5919,75,rsa,0.017312975600361824
taskonomy/autoencoding,encoder.layer1.1.relu,LO3,test,sub-03,5919,124,rsa,0.01667013019323349
taskonomy/autoencoding,encoder.layer1.1.relu,V7,test,sub-03,5919,88,rsa,0.002176622860133648
taskonomy/autoencoding,encoder.layer1.1.relu,IP0,test,sub-03,5919,110,rsa,0.016084590926766396
taskonomy/autoencoding,encoder.layer1.1.relu,IP1,test,sub-03,5919,17,rsa,0.0012046266347169876
taskonomy/autoencoding,encoder.layer1.1.relu,MIP,test,sub-03,5919,176,rsa,0.04561193659901619
taskonomy/autoencoding,encoder.layer1.1.relu,VIP,test,sub-03,5919,150,rsa,0.004938329104334116
taskonomy/autoencoding,encoder.layer1.1.relu,LIPd,test,sub-03,5919,22,rsa,0.015881739556789398
taskonomy/autoencoding,encoder.layer1.1.relu,LIPv,test,sub-03,5919,178,rsa,0.010725490748882294
taskonomy/autoencoding,encoder.layer1.1.relu,AIP,test,sub-03,5919,121,rsa,0.024908747524023056
taskonomy/autoencoding,encoder.layer1.1.relu,7Pm,test,sub-03,5919,23,rsa,0.0222286656498909
taskonomy/autoencoding,encoder.layer1.1.relu,7PL,test,sub-03,5919,32,rsa,-0.02121267095208168
taskonomy/autoencoding,encoder.layer1.1.relu,7PC,test,sub-03,5919,241,rsa,0.013967118225991726
taskonomy/autoencoding,encoder.layer1.1.relu,7Am,test,sub-03,5919,115,rsa,0.004909156821668148
taskonomy/autoencoding,encoder.layer1.1.relu,7AL,test,sub-03,5919,210,rsa,0.0017618164420127869
taskonomy/autoencoding,encoder.layer1.1.relu,VVC,test,sub-03,5919,185,rsa,0.009226085618138313
taskonomy/autoencoding,encoder.layer1.1.relu,VMV2,test,sub-03,5919,108,rsa,0.014682533219456673
taskonomy/autoencoding,encoder.layer1.1.relu,VMV3,test,sub-03,5919,111,rsa,-0.023656509816646576
taskonomy/autoencoding,encoder.layer1.1.relu,VMV1,test,sub-03,5919,73,rsa,0.035279396921396255
taskonomy/autoencoding,encoder.layer1.1.relu,PHA2,test,sub-03,5919,17,rsa,-0.0007351022213697433
taskonomy/autoencoding,encoder.layer1.1.relu,PHA3,test,sub-03,5919,86,rsa,0.009245642460882664
taskonomy/autoencoding,encoder.layer1.1.relu,PH,test,sub-03,5919,280,rsa,0.05222594365477562
taskonomy/autoencoding,encoder.layer1.2.relu,V1,test,sub-03,5919,361,rsa,0.08725465089082718
taskonomy/autoencoding,encoder.layer1.2.relu,V2,test,sub-03,5919,525,rsa,0.04321254417300224
taskonomy/autoencoding,encoder.layer1.2.relu,V3,test,sub-03,5919,361,rsa,0.06725162267684937
taskonomy/autoencoding,encoder.layer1.2.relu,V4,test,sub-03,5919,555,rsa,0.03515263646841049
taskonomy/autoencoding,encoder.layer1.2.relu,V3A,test,sub-03,5919,198,rsa,0.03260054811835289
taskonomy/autoencoding,encoder.layer1.2.relu,V3B,test,sub-03,5919,149,rsa,-0.009843409061431885
taskonomy/autoencoding,encoder.layer1.2.relu,V6,test,sub-03,5919,157,rsa,0.04214761033654213
taskonomy/autoencoding,encoder.layer1.2.relu,V6A,test,sub-03,5919,68,rsa,0.07764968276023865
taskonomy/autoencoding,encoder.layer1.2.relu,V7,test,sub-03,5919,88,rsa,0.00778578594326973
taskonomy/autoencoding,encoder.layer1.2.relu,V8,test,sub-03,5919,111,rsa,0.023505747318267822
taskonomy/autoencoding,encoder.layer1.2.relu,FFC,test,sub-03,5919,301,rsa,0.03947955369949341
taskonomy/autoencoding,encoder.layer1.2.relu,PIT,test,sub-03,5919,105,rsa,0.0433804914355278
taskonomy/autoencoding,encoder.layer1.2.relu,IPS1,test,sub-03,5919,123,rsa,0.0502718985080719
taskonomy/autoencoding,encoder.layer1.2.relu,MST,test,sub-03,5919,147,rsa,0.040268562734127045
taskonomy/autoencoding,encoder.layer1.2.relu,MT,test,sub-03,5919,98,rsa,0.042984869331121445
taskonomy/autoencoding,encoder.layer1.2.relu,FST,test,sub-03,5919,166,rsa,-0.005898690782487392
taskonomy/autoencoding,encoder.layer1.2.relu,LO1,test,sub-03,5919,74,rsa,0.016171177849173546
taskonomy/autoencoding,encoder.layer1.2.relu,LO2,test,sub-03,5919,75,rsa,0.020409829914569855
taskonomy/autoencoding,encoder.layer1.2.relu,LO3,test,sub-03,5919,124,rsa,0.021428022533655167
taskonomy/autoencoding,encoder.layer1.2.relu,V7,test,sub-03,5919,88,rsa,0.00778578594326973
taskonomy/autoencoding,encoder.layer1.2.relu,IP0,test,sub-03,5919,110,rsa,0.021721486002206802
taskonomy/autoencoding,encoder.layer1.2.relu,IP1,test,sub-03,5919,17,rsa,0.0010106959380209446
taskonomy/autoencoding,encoder.layer1.2.relu,MIP,test,sub-03,5919,176,rsa,0.04695912450551987
taskonomy/autoencoding,encoder.layer1.2.relu,VIP,test,sub-03,5919,150,rsa,0.0049432250671088696
taskonomy/autoencoding,encoder.layer1.2.relu,LIPd,test,sub-03,5919,22,rsa,0.010823850519955158
taskonomy/autoencoding,encoder.layer1.2.relu,LIPv,test,sub-03,5919,178,rsa,0.010311774909496307
taskonomy/autoencoding,encoder.layer1.2.relu,AIP,test,sub-03,5919,121,rsa,0.023560842499136925
taskonomy/autoencoding,encoder.layer1.2.relu,7Pm,test,sub-03,5919,23,rsa,0.018245771527290344
taskonomy/autoencoding,encoder.layer1.2.relu,7PL,test,sub-03,5919,32,rsa,-0.018040625378489494
taskonomy/autoencoding,encoder.layer1.2.relu,7PC,test,sub-03,5919,241,rsa,0.015335852280259132
taskonomy/autoencoding,encoder.layer1.2.relu,7Am,test,sub-03,5919,115,rsa,0.002669312059879303
taskonomy/autoencoding,encoder.layer1.2.relu,7AL,test,sub-03,5919,210,rsa,0.002512195613235235
taskonomy/autoencoding,encoder.layer1.2.relu,VVC,test,sub-03,5919,185,rsa,0.004856113810092211
taskonomy/autoencoding,encoder.layer1.2.relu,VMV2,test,sub-03,5919,108,rsa,0.011265018954873085
taskonomy/autoencoding,encoder.layer1.2.relu,VMV3,test,sub-03,5919,111,rsa,-0.017714042216539383
taskonomy/autoencoding,encoder.layer1.2.relu,VMV1,test,sub-03,5919,73,rsa,0.03598860651254654
taskonomy/autoencoding,encoder.layer1.2.relu,PHA2,test,sub-03,5919,17,rsa,1.2897886335849762e-05
taskonomy/autoencoding,encoder.layer1.2.relu,PHA3,test,sub-03,5919,86,rsa,0.015061609447002411
taskonomy/autoencoding,encoder.layer1.2.relu,PH,test,sub-03,5919,280,rsa,0.051289185881614685
taskonomy/autoencoding,encoder.layer2.0.relu,V1,test,sub-03,5919,361,rsa,0.09226179122924805
taskonomy/autoencoding,encoder.layer2.0.relu,V2,test,sub-03,5919,525,rsa,0.05551547929644585
taskonomy/autoencoding,encoder.layer2.0.relu,V3,test,sub-03,5919,361,rsa,0.06807292997837067
taskonomy/autoencoding,encoder.layer2.0.relu,V4,test,sub-03,5919,555,rsa,0.036139048635959625
taskonomy/autoencoding,encoder.layer2.0.relu,V3A,test,sub-03,5919,198,rsa,0.03144833818078041
taskonomy/autoencoding,encoder.layer2.0.relu,V3B,test,sub-03,5919,149,rsa,-0.00014718389138579369
taskonomy/autoencoding,encoder.layer2.0.relu,V6,test,sub-03,5919,157,rsa,0.0489199236035347
taskonomy/autoencoding,encoder.layer2.0.relu,V6A,test,sub-03,5919,68,rsa,0.08036421984434128
taskonomy/autoencoding,encoder.layer2.0.relu,V7,test,sub-03,5919,88,rsa,0.007390430197119713
taskonomy/autoencoding,encoder.layer2.0.relu,V8,test,sub-03,5919,111,rsa,0.033813804388046265
taskonomy/autoencoding,encoder.layer2.0.relu,FFC,test,sub-03,5919,301,rsa,0.05340930074453354
taskonomy/autoencoding,encoder.layer2.0.relu,PIT,test,sub-03,5919,105,rsa,0.050734855234622955
taskonomy/autoencoding,encoder.layer2.0.relu,IPS1,test,sub-03,5919,123,rsa,0.05357978865504265
taskonomy/autoencoding,encoder.layer2.0.relu,MST,test,sub-03,5919,147,rsa,0.04502267390489578
taskonomy/autoencoding,encoder.layer2.0.relu,MT,test,sub-03,5919,98,rsa,0.04456126689910889
taskonomy/autoencoding,encoder.layer2.0.relu,FST,test,sub-03,5919,166,rsa,-0.006391426082700491
taskonomy/autoencoding,encoder.layer2.0.relu,LO1,test,sub-03,5919,74,rsa,0.013882212340831757
taskonomy/autoencoding,encoder.layer2.0.relu,LO2,test,sub-03,5919,75,rsa,0.02176649123430252
taskonomy/autoencoding,encoder.layer2.0.relu,LO3,test,sub-03,5919,124,rsa,0.021291624754667282
taskonomy/autoencoding,encoder.layer2.0.relu,V7,test,sub-03,5919,88,rsa,0.007390430197119713
taskonomy/autoencoding,encoder.layer2.0.relu,IP0,test,sub-03,5919,110,rsa,0.026262316852808
taskonomy/autoencoding,encoder.layer2.0.relu,IP1,test,sub-03,5919,17,rsa,0.00450942013412714
taskonomy/autoencoding,encoder.layer2.0.relu,MIP,test,sub-03,5919,176,rsa,0.04992573708295822
taskonomy/autoencoding,encoder.layer2.0.relu,VIP,test,sub-03,5919,150,rsa,0.005035632289946079
taskonomy/autoencoding,encoder.layer2.0.relu,LIPd,test,sub-03,5919,22,rsa,0.011620049364864826
taskonomy/autoencoding,encoder.layer2.0.relu,LIPv,test,sub-03,5919,178,rsa,0.0105998320505023
taskonomy/autoencoding,encoder.layer2.0.relu,AIP,test,sub-03,5919,121,rsa,0.0250579584389925
taskonomy/autoencoding,encoder.layer2.0.relu,7Pm,test,sub-03,5919,23,rsa,0.022906877100467682
taskonomy/autoencoding,encoder.layer2.0.relu,7PL,test,sub-03,5919,32,rsa,-0.010719683021306992
taskonomy/autoencoding,encoder.layer2.0.relu,7PC,test,sub-03,5919,241,rsa,0.019644077867269516
taskonomy/autoencoding,encoder.layer2.0.relu,7Am,test,sub-03,5919,115,rsa,0.005219535902142525
taskonomy/autoencoding,encoder.layer2.0.relu,7AL,test,sub-03,5919,210,rsa,0.003917713649570942
taskonomy/autoencoding,encoder.layer2.0.relu,VVC,test,sub-03,5919,185,rsa,0.02096284180879593
taskonomy/autoencoding,encoder.layer2.0.relu,VMV2,test,sub-03,5919,108,rsa,0.01630021445453167
taskonomy/autoencoding,encoder.layer2.0.relu,VMV3,test,sub-03,5919,111,rsa,-0.012407928705215454
taskonomy/autoencoding,encoder.layer2.0.relu,VMV1,test,sub-03,5919,73,rsa,0.04551900178194046
taskonomy/autoencoding,encoder.layer2.0.relu,PHA2,test,sub-03,5919,17,rsa,0.005706727504730225
taskonomy/autoencoding,encoder.layer2.0.relu,PHA3,test,sub-03,5919,86,rsa,0.01907450146973133
taskonomy/autoencoding,encoder.layer2.0.relu,PH,test,sub-03,5919,280,rsa,0.05117771774530411
taskonomy/autoencoding,encoder.layer2.1.relu,V1,test,sub-03,5919,361,rsa,0.08676499873399734
taskonomy/autoencoding,encoder.layer2.1.relu,V2,test,sub-03,5919,525,rsa,0.049063727259635925
taskonomy/autoencoding,encoder.layer2.1.relu,V3,test,sub-03,5919,361,rsa,0.06884648650884628
taskonomy/autoencoding,encoder.layer2.1.relu,V4,test,sub-03,5919,555,rsa,0.03356855362653732
taskonomy/autoencoding,encoder.layer2.1.relu,V3A,test,sub-03,5919,198,rsa,0.027134759351611137
taskonomy/autoencoding,encoder.layer2.1.relu,V3B,test,sub-03,5919,149,rsa,-0.00011396827176213264
taskonomy/autoencoding,encoder.layer2.1.relu,V6,test,sub-03,5919,157,rsa,0.04522213339805603
taskonomy/autoencoding,encoder.layer2.1.relu,V6A,test,sub-03,5919,68,rsa,0.07262962311506271
taskonomy/autoencoding,encoder.layer2.1.relu,V7,test,sub-03,5919,88,rsa,0.0004783719778060913
taskonomy/autoencoding,encoder.layer2.1.relu,V8,test,sub-03,5919,111,rsa,0.02946428395807743
taskonomy/autoencoding,encoder.layer2.1.relu,FFC,test,sub-03,5919,301,rsa,0.04974118992686272
taskonomy/autoencoding,encoder.layer2.1.relu,PIT,test,sub-03,5919,105,rsa,0.04847671836614609
taskonomy/autoencoding,encoder.layer2.1.relu,IPS1,test,sub-03,5919,123,rsa,0.04910562187433243
taskonomy/autoencoding,encoder.layer2.1.relu,MST,test,sub-03,5919,147,rsa,0.039602722972631454
taskonomy/autoencoding,encoder.layer2.1.relu,MT,test,sub-03,5919,98,rsa,0.045131489634513855
taskonomy/autoencoding,encoder.layer2.1.relu,FST,test,sub-03,5919,166,rsa,-0.008321467787027359
taskonomy/autoencoding,encoder.layer2.1.relu,LO1,test,sub-03,5919,74,rsa,0.013337263837456703
taskonomy/autoencoding,encoder.layer2.1.relu,LO2,test,sub-03,5919,75,rsa,0.01899205893278122
taskonomy/autoencoding,encoder.layer2.1.relu,LO3,test,sub-03,5919,124,rsa,0.01741955615580082
taskonomy/autoencoding,encoder.layer2.1.relu,V7,test,sub-03,5919,88,rsa,0.0004783719778060913
taskonomy/autoencoding,encoder.layer2.1.relu,IP0,test,sub-03,5919,110,rsa,0.025927472859621048
taskonomy/autoencoding,encoder.layer2.1.relu,IP1,test,sub-03,5919,17,rsa,0.0022572947200387716
taskonomy/autoencoding,encoder.layer2.1.relu,MIP,test,sub-03,5919,176,rsa,0.04947082698345184
taskonomy/autoencoding,encoder.layer2.1.relu,VIP,test,sub-03,5919,150,rsa,0.006944436579942703
taskonomy/autoencoding,encoder.layer2.1.relu,LIPd,test,sub-03,5919,22,rsa,0.011693400330841541
taskonomy/autoencoding,encoder.layer2.1.relu,LIPv,test,sub-03,5919,178,rsa,0.01196518074721098
taskonomy/autoencoding,encoder.layer2.1.relu,AIP,test,sub-03,5919,121,rsa,0.02623581327497959
taskonomy/autoencoding,encoder.layer2.1.relu,7Pm,test,sub-03,5919,23,rsa,0.02396690845489502
taskonomy/autoencoding,encoder.layer2.1.relu,7PL,test,sub-03,5919,32,rsa,-0.012785997241735458
taskonomy/autoencoding,encoder.layer2.1.relu,7PC,test,sub-03,5919,241,rsa,0.01592329889535904
taskonomy/autoencoding,encoder.layer2.1.relu,7Am,test,sub-03,5919,115,rsa,0.0035907761193811893
taskonomy/autoencoding,encoder.layer2.1.relu,7AL,test,sub-03,5919,210,rsa,0.0006921300664544106
taskonomy/autoencoding,encoder.layer2.1.relu,VVC,test,sub-03,5919,185,rsa,0.010505068115890026
taskonomy/autoencoding,encoder.layer2.1.relu,VMV2,test,sub-03,5919,108,rsa,0.012384409084916115
taskonomy/autoencoding,encoder.layer2.1.relu,VMV3,test,sub-03,5919,111,rsa,-0.01807783730328083
taskonomy/autoencoding,encoder.layer2.1.relu,VMV1,test,sub-03,5919,73,rsa,0.03569658845663071
taskonomy/autoencoding,encoder.layer2.1.relu,PHA2,test,sub-03,5919,17,rsa,0.004616793245077133
taskonomy/autoencoding,encoder.layer2.1.relu,PHA3,test,sub-03,5919,86,rsa,0.015046738088130951
taskonomy/autoencoding,encoder.layer2.1.relu,PH,test,sub-03,5919,280,rsa,0.052074793726205826
taskonomy/autoencoding,encoder.layer2.2.relu,V1,test,sub-03,5919,361,rsa,0.08208645135164261
taskonomy/autoencoding,encoder.layer2.2.relu,V2,test,sub-03,5919,525,rsa,0.04321679100394249
taskonomy/autoencoding,encoder.layer2.2.relu,V3,test,sub-03,5919,361,rsa,0.0684087872505188
taskonomy/autoencoding,encoder.layer2.2.relu,V4,test,sub-03,5919,555,rsa,0.02887846529483795
taskonomy/autoencoding,encoder.layer2.2.relu,V3A,test,sub-03,5919,198,rsa,0.02732843905687332
taskonomy/autoencoding,encoder.layer2.2.relu,V3B,test,sub-03,5919,149,rsa,-0.003884038422256708
taskonomy/autoencoding,encoder.layer2.2.relu,V6,test,sub-03,5919,157,rsa,0.04083879292011261
taskonomy/autoencoding,encoder.layer2.2.relu,V6A,test,sub-03,5919,68,rsa,0.06943406164646149
taskonomy/autoencoding,encoder.layer2.2.relu,V7,test,sub-03,5919,88,rsa,-0.0013661514967679977
taskonomy/autoencoding,encoder.layer2.2.relu,V8,test,sub-03,5919,111,rsa,0.02769552543759346
taskonomy/autoencoding,encoder.layer2.2.relu,FFC,test,sub-03,5919,301,rsa,0.04299671947956085
taskonomy/autoencoding,encoder.layer2.2.relu,PIT,test,sub-03,5919,105,rsa,0.04082288593053818
taskonomy/autoencoding,encoder.layer2.2.relu,IPS1,test,sub-03,5919,123,rsa,0.0465371310710907
taskonomy/autoencoding,encoder.layer2.2.relu,MST,test,sub-03,5919,147,rsa,0.03947404772043228
taskonomy/autoencoding,encoder.layer2.2.relu,MT,test,sub-03,5919,98,rsa,0.04750897362828255
taskonomy/autoencoding,encoder.layer2.2.relu,FST,test,sub-03,5919,166,rsa,-0.007550759240984917
taskonomy/autoencoding,encoder.layer2.2.relu,LO1,test,sub-03,5919,74,rsa,0.013339728116989136
taskonomy/autoencoding,encoder.layer2.2.relu,LO2,test,sub-03,5919,75,rsa,0.01918388158082962
taskonomy/autoencoding,encoder.layer2.2.relu,LO3,test,sub-03,5919,124,rsa,0.015163591131567955
taskonomy/autoencoding,encoder.layer2.2.relu,V7,test,sub-03,5919,88,rsa,-0.0013661514967679977
taskonomy/autoencoding,encoder.layer2.2.relu,IP0,test,sub-03,5919,110,rsa,0.025993213057518005
taskonomy/autoencoding,encoder.layer2.2.relu,IP1,test,sub-03,5919,17,rsa,0.0025725094601511955
taskonomy/autoencoding,encoder.layer2.2.relu,MIP,test,sub-03,5919,176,rsa,0.046313218772411346
taskonomy/autoencoding,encoder.layer2.2.relu,VIP,test,sub-03,5919,150,rsa,0.010044092312455177
taskonomy/autoencoding,encoder.layer2.2.relu,LIPd,test,sub-03,5919,22,rsa,0.013854611665010452
taskonomy/autoencoding,encoder.layer2.2.relu,LIPv,test,sub-03,5919,178,rsa,0.013590410351753235
taskonomy/autoencoding,encoder.layer2.2.relu,AIP,test,sub-03,5919,121,rsa,0.029068976640701294
taskonomy/autoencoding,encoder.layer2.2.relu,7Pm,test,sub-03,5919,23,rsa,0.027197102084755898
taskonomy/autoencoding,encoder.layer2.2.relu,7PL,test,sub-03,5919,32,rsa,-0.01536464411765337
taskonomy/autoencoding,encoder.layer2.2.relu,7PC,test,sub-03,5919,241,rsa,0.017364636063575745
taskonomy/autoencoding,encoder.layer2.2.relu,7Am,test,sub-03,5919,115,rsa,0.003376985201612115
taskonomy/autoencoding,encoder.layer2.2.relu,7AL,test,sub-03,5919,210,rsa,0.002219652757048607
taskonomy/autoencoding,encoder.layer2.2.relu,VVC,test,sub-03,5919,185,rsa,0.00451635429635644
taskonomy/autoencoding,encoder.layer2.2.relu,VMV2,test,sub-03,5919,108,rsa,0.011058693751692772
taskonomy/autoencoding,encoder.layer2.2.relu,VMV3,test,sub-03,5919,111,rsa,-0.024298731237649918
taskonomy/autoencoding,encoder.layer2.2.relu,VMV1,test,sub-03,5919,73,rsa,0.033768944442272186
taskonomy/autoencoding,encoder.layer2.2.relu,PHA2,test,sub-03,5919,17,rsa,0.00534133892506361
taskonomy/autoencoding,encoder.layer2.2.relu,PHA3,test,sub-03,5919,86,rsa,0.012517951428890228
taskonomy/autoencoding,encoder.layer2.2.relu,PH,test,sub-03,5919,280,rsa,0.05169752985239029
taskonomy/autoencoding,encoder.layer3.0.relu,V1,test,sub-03,5919,361,rsa,0.08070988208055496
taskonomy/autoencoding,encoder.layer3.0.relu,V2,test,sub-03,5919,525,rsa,0.04413725808262825
taskonomy/autoencoding,encoder.layer3.0.relu,V3,test,sub-03,5919,361,rsa,0.0700240358710289
taskonomy/autoencoding,encoder.layer3.0.relu,V4,test,sub-03,5919,555,rsa,0.030093112960457802
taskonomy/autoencoding,encoder.layer3.0.relu,V3A,test,sub-03,5919,198,rsa,0.025739988312125206
taskonomy/autoencoding,encoder.layer3.0.relu,V3B,test,sub-03,5919,149,rsa,-0.002860601060092449
taskonomy/autoencoding,encoder.layer3.0.relu,V6,test,sub-03,5919,157,rsa,0.043773502111434937
taskonomy/autoencoding,encoder.layer3.0.relu,V6A,test,sub-03,5919,68,rsa,0.0732681080698967
taskonomy/autoencoding,encoder.layer3.0.relu,V7,test,sub-03,5919,88,rsa,-0.0010304497554898262
taskonomy/autoencoding,encoder.layer3.0.relu,V8,test,sub-03,5919,111,rsa,0.023925337940454483
taskonomy/autoencoding,encoder.layer3.0.relu,FFC,test,sub-03,5919,301,rsa,0.04252699390053749
taskonomy/autoencoding,encoder.layer3.0.relu,PIT,test,sub-03,5919,105,rsa,0.043687958270311356
taskonomy/autoencoding,encoder.layer3.0.relu,IPS1,test,sub-03,5919,123,rsa,0.04285934567451477
taskonomy/autoencoding,encoder.layer3.0.relu,MST,test,sub-03,5919,147,rsa,0.038658466190099716
taskonomy/autoencoding,encoder.layer3.0.relu,MT,test,sub-03,5919,98,rsa,0.04635384678840637
taskonomy/autoencoding,encoder.layer3.0.relu,FST,test,sub-03,5919,166,rsa,-0.0024433620274066925
taskonomy/autoencoding,encoder.layer3.0.relu,LO1,test,sub-03,5919,74,rsa,0.013984139077365398
taskonomy/autoencoding,encoder.layer3.0.relu,LO2,test,sub-03,5919,75,rsa,0.021507736295461655
taskonomy/autoencoding,encoder.layer3.0.relu,LO3,test,sub-03,5919,124,rsa,0.014016369357705116
taskonomy/autoencoding,encoder.layer3.0.relu,V7,test,sub-03,5919,88,rsa,-0.0010304497554898262
taskonomy/autoencoding,encoder.layer3.0.relu,IP0,test,sub-03,5919,110,rsa,0.022423788905143738
taskonomy/autoencoding,encoder.layer3.0.relu,IP1,test,sub-03,5919,17,rsa,0.004727283958345652
taskonomy/autoencoding,encoder.layer3.0.relu,MIP,test,sub-03,5919,176,rsa,0.04559226334095001
taskonomy/autoencoding,encoder.layer3.0.relu,VIP,test,sub-03,5919,150,rsa,0.006710094399750233
taskonomy/autoencoding,encoder.layer3.0.relu,LIPd,test,sub-03,5919,22,rsa,0.015723591670393944
taskonomy/autoencoding,encoder.layer3.0.relu,LIPv,test,sub-03,5919,178,rsa,0.013322992250323296
taskonomy/autoencoding,encoder.layer3.0.relu,AIP,test,sub-03,5919,121,rsa,0.027431869879364967
taskonomy/autoencoding,encoder.layer3.0.relu,7Pm,test,sub-03,5919,23,rsa,0.02848307602107525
taskonomy/autoencoding,encoder.layer3.0.relu,7PL,test,sub-03,5919,32,rsa,-0.018835032358765602
taskonomy/autoencoding,encoder.layer3.0.relu,7PC,test,sub-03,5919,241,rsa,0.014234266243875027
taskonomy/autoencoding,encoder.layer3.0.relu,7Am,test,sub-03,5919,115,rsa,0.0038538919761776924
taskonomy/autoencoding,encoder.layer3.0.relu,7AL,test,sub-03,5919,210,rsa,0.002177625894546509
taskonomy/autoencoding,encoder.layer3.0.relu,VVC,test,sub-03,5919,185,rsa,-0.0002421010285615921
taskonomy/autoencoding,encoder.layer3.0.relu,VMV2,test,sub-03,5919,108,rsa,0.007819736376404762
taskonomy/autoencoding,encoder.layer3.0.relu,VMV3,test,sub-03,5919,111,rsa,-0.027988538146018982
taskonomy/autoencoding,encoder.layer3.0.relu,VMV1,test,sub-03,5919,73,rsa,0.034971825778484344
taskonomy/autoencoding,encoder.layer3.0.relu,PHA2,test,sub-03,5919,17,rsa,0.011491702869534492
taskonomy/autoencoding,encoder.layer3.0.relu,PHA3,test,sub-03,5919,86,rsa,0.01325778104364872
taskonomy/autoencoding,encoder.layer3.0.relu,PH,test,sub-03,5919,280,rsa,0.04983668774366379
taskonomy/autoencoding,encoder.layer3.1.relu,V1,test,sub-03,5919,361,rsa,0.053234100341796875
taskonomy/autoencoding,encoder.layer3.1.relu,V2,test,sub-03,5919,525,rsa,0.029824189841747284
taskonomy/autoencoding,encoder.layer3.1.relu,V3,test,sub-03,5919,361,rsa,0.05507471039891243
taskonomy/autoencoding,encoder.layer3.1.relu,V4,test,sub-03,5919,555,rsa,0.015303222462534904
taskonomy/autoencoding,encoder.layer3.1.relu,V3A,test,sub-03,5919,198,rsa,0.02098461613059044
taskonomy/autoencoding,encoder.layer3.1.relu,V3B,test,sub-03,5919,149,rsa,0.007344098761677742
taskonomy/autoencoding,encoder.layer3.1.relu,V6,test,sub-03,5919,157,rsa,0.025143299251794815
taskonomy/autoencoding,encoder.layer3.1.relu,V6A,test,sub-03,5919,68,rsa,0.05287490412592888
taskonomy/autoencoding,encoder.layer3.1.relu,V7,test,sub-03,5919,88,rsa,-0.0067997886799275875
taskonomy/autoencoding,encoder.layer3.1.relu,V8,test,sub-03,5919,111,rsa,0.021618839353322983
taskonomy/autoencoding,encoder.layer3.1.relu,FFC,test,sub-03,5919,301,rsa,0.033097367733716965
taskonomy/autoencoding,encoder.layer3.1.relu,PIT,test,sub-03,5919,105,rsa,0.031710390001535416
taskonomy/autoencoding,encoder.layer3.1.relu,IPS1,test,sub-03,5919,123,rsa,0.026436392217874527
taskonomy/autoencoding,encoder.layer3.1.relu,MST,test,sub-03,5919,147,rsa,0.04134320095181465
taskonomy/autoencoding,encoder.layer3.1.relu,MT,test,sub-03,5919,98,rsa,0.04793468862771988
taskonomy/autoencoding,encoder.layer3.1.relu,FST,test,sub-03,5919,166,rsa,0.009651058353483677
taskonomy/autoencoding,encoder.layer3.1.relu,LO1,test,sub-03,5919,74,rsa,0.014021344482898712
taskonomy/autoencoding,encoder.layer3.1.relu,LO2,test,sub-03,5919,75,rsa,0.020179960876703262
taskonomy/autoencoding,encoder.layer3.1.relu,LO3,test,sub-03,5919,124,rsa,0.013466667383909225
taskonomy/autoencoding,encoder.layer3.1.relu,V7,test,sub-03,5919,88,rsa,-0.0067997886799275875
taskonomy/autoencoding,encoder.layer3.1.relu,IP0,test,sub-03,5919,110,rsa,0.02528344839811325
taskonomy/autoencoding,encoder.layer3.1.relu,IP1,test,sub-03,5919,17,rsa,0.006741526070982218
taskonomy/autoencoding,encoder.layer3.1.relu,MIP,test,sub-03,5919,176,rsa,0.046824246644973755
taskonomy/autoencoding,encoder.layer3.1.relu,VIP,test,sub-03,5919,150,rsa,0.018672265112400055
taskonomy/autoencoding,encoder.layer3.1.relu,LIPd,test,sub-03,5919,22,rsa,0.015594571828842163
taskonomy/autoencoding,encoder.layer3.1.relu,LIPv,test,sub-03,5919,178,rsa,0.017345329746603966
taskonomy/autoencoding,encoder.layer3.1.relu,AIP,test,sub-03,5919,121,rsa,0.021772954612970352
taskonomy/autoencoding,encoder.layer3.1.relu,7Pm,test,sub-03,5919,23,rsa,0.02934141829609871
taskonomy/autoencoding,encoder.layer3.1.relu,7PL,test,sub-03,5919,32,rsa,-0.017025230452418327
taskonomy/autoencoding,encoder.layer3.1.relu,7PC,test,sub-03,5919,241,rsa,0.0063870251178741455
taskonomy/autoencoding,encoder.layer3.1.relu,7Am,test,sub-03,5919,115,rsa,0.0044111218303442
taskonomy/autoencoding,encoder.layer3.1.relu,7AL,test,sub-03,5919,210,rsa,-0.003548347856849432
taskonomy/autoencoding,encoder.layer3.1.relu,VVC,test,sub-03,5919,185,rsa,-0.005407437682151794
taskonomy/autoencoding,encoder.layer3.1.relu,VMV2,test,sub-03,5919,108,rsa,0.0030316258780658245
taskonomy/autoencoding,encoder.layer3.1.relu,VMV3,test,sub-03,5919,111,rsa,-0.032746028155088425
taskonomy/autoencoding,encoder.layer3.1.relu,VMV1,test,sub-03,5919,73,rsa,0.022087033838033676
taskonomy/autoencoding,encoder.layer3.1.relu,PHA2,test,sub-03,5919,17,rsa,0.012928343378007412
taskonomy/autoencoding,encoder.layer3.1.relu,PHA3,test,sub-03,5919,86,rsa,0.004605220630764961
taskonomy/autoencoding,encoder.layer3.1.relu,PH,test,sub-03,5919,280,rsa,0.04686462879180908
taskonomy/autoencoding,encoder.layer3.2.relu,V1,test,sub-03,5919,361,rsa,0.03190884366631508
taskonomy/autoencoding,encoder.layer3.2.relu,V2,test,sub-03,5919,525,rsa,0.022346820682287216
taskonomy/autoencoding,encoder.layer3.2.relu,V3,test,sub-03,5919,361,rsa,0.04122737795114517
taskonomy/autoencoding,encoder.layer3.2.relu,V4,test,sub-03,5919,555,rsa,0.0056357188150286674
taskonomy/autoencoding,encoder.layer3.2.relu,V3A,test,sub-03,5919,198,rsa,0.016685567796230316
taskonomy/autoencoding,encoder.layer3.2.relu,V3B,test,sub-03,5919,149,rsa,0.017767013981938362
taskonomy/autoencoding,encoder.layer3.2.relu,V6,test,sub-03,5919,157,rsa,0.015327287837862968
taskonomy/autoencoding,encoder.layer3.2.relu,V6A,test,sub-03,5919,68,rsa,0.03938352316617966
taskonomy/autoencoding,encoder.layer3.2.relu,V7,test,sub-03,5919,88,rsa,-0.008181748911738396
taskonomy/autoencoding,encoder.layer3.2.relu,V8,test,sub-03,5919,111,rsa,0.018559996038675308
taskonomy/autoencoding,encoder.layer3.2.relu,FFC,test,sub-03,5919,301,rsa,0.027711227536201477
taskonomy/autoencoding,encoder.layer3.2.relu,PIT,test,sub-03,5919,105,rsa,0.025930866599082947
taskonomy/autoencoding,encoder.layer3.2.relu,IPS1,test,sub-03,5919,123,rsa,0.013927595689892769
taskonomy/autoencoding,encoder.layer3.2.relu,MST,test,sub-03,5919,147,rsa,0.04044444486498833
taskonomy/autoencoding,encoder.layer3.2.relu,MT,test,sub-03,5919,98,rsa,0.044815003871917725
taskonomy/autoencoding,encoder.layer3.2.relu,FST,test,sub-03,5919,166,rsa,0.016036739572882652
taskonomy/autoencoding,encoder.layer3.2.relu,LO1,test,sub-03,5919,74,rsa,0.014108330011367798
taskonomy/autoencoding,encoder.layer3.2.relu,LO2,test,sub-03,5919,75,rsa,0.018575415015220642
taskonomy/autoencoding,encoder.layer3.2.relu,LO3,test,sub-03,5919,124,rsa,0.014155065640807152
taskonomy/autoencoding,encoder.layer3.2.relu,V7,test,sub-03,5919,88,rsa,-0.008181748911738396
taskonomy/autoencoding,encoder.layer3.2.relu,IP0,test,sub-03,5919,110,rsa,0.02614942565560341
taskonomy/autoencoding,encoder.layer3.2.relu,IP1,test,sub-03,5919,17,rsa,0.006898324936628342
taskonomy/autoencoding,encoder.layer3.2.relu,MIP,test,sub-03,5919,176,rsa,0.042712174355983734
taskonomy/autoencoding,encoder.layer3.2.relu,VIP,test,sub-03,5919,150,rsa,0.019107040017843246
taskonomy/autoencoding,encoder.layer3.2.relu,LIPd,test,sub-03,5919,22,rsa,0.015156932175159454
taskonomy/autoencoding,encoder.layer3.2.relu,LIPv,test,sub-03,5919,178,rsa,0.017977889627218246
taskonomy/autoencoding,encoder.layer3.2.relu,AIP,test,sub-03,5919,121,rsa,0.016106674447655678
taskonomy/autoencoding,encoder.layer3.2.relu,7Pm,test,sub-03,5919,23,rsa,0.028920523822307587
taskonomy/autoencoding,encoder.layer3.2.relu,7PL,test,sub-03,5919,32,rsa,-0.014654161408543587
taskonomy/autoencoding,encoder.layer3.2.relu,7PC,test,sub-03,5919,241,rsa,0.0014116261154413223
taskonomy/autoencoding,encoder.layer3.2.relu,7Am,test,sub-03,5919,115,rsa,0.0036851130425930023
taskonomy/autoencoding,encoder.layer3.2.relu,7AL,test,sub-03,5919,210,rsa,-0.004184527322649956
taskonomy/autoencoding,encoder.layer3.2.relu,VVC,test,sub-03,5919,185,rsa,-0.007570350542664528
taskonomy/autoencoding,encoder.layer3.2.relu,VMV2,test,sub-03,5919,108,rsa,2.609752118587494e-05
taskonomy/autoencoding,encoder.layer3.2.relu,VMV3,test,sub-03,5919,111,rsa,-0.03399652987718582
taskonomy/autoencoding,encoder.layer3.2.relu,VMV1,test,sub-03,5919,73,rsa,0.013593249022960663
taskonomy/autoencoding,encoder.layer3.2.relu,PHA2,test,sub-03,5919,17,rsa,0.011369453743100166
taskonomy/autoencoding,encoder.layer3.2.relu,PHA3,test,sub-03,5919,86,rsa,0.0008080140687525272
taskonomy/autoencoding,encoder.layer3.2.relu,PH,test,sub-03,5919,280,rsa,0.042185910046100616
taskonomy/autoencoding,encoder.layer3.3.relu,V1,test,sub-03,5919,361,rsa,0.02014739066362381
taskonomy/autoencoding,encoder.layer3.3.relu,V2,test,sub-03,5919,525,rsa,0.018651995807886124
taskonomy/autoencoding,encoder.layer3.3.relu,V3,test,sub-03,5919,361,rsa,0.033441461622714996
taskonomy/autoencoding,encoder.layer3.3.relu,V4,test,sub-03,5919,555,rsa,0.00037073763087391853
taskonomy/autoencoding,encoder.layer3.3.relu,V3A,test,sub-03,5919,198,rsa,0.013448303565382957
taskonomy/autoencoding,encoder.layer3.3.relu,V3B,test,sub-03,5919,149,rsa,0.023744886741042137
taskonomy/autoencoding,encoder.layer3.3.relu,V6,test,sub-03,5919,157,rsa,0.009471258148550987
taskonomy/autoencoding,encoder.layer3.3.relu,V6A,test,sub-03,5919,68,rsa,0.03077182173728943
taskonomy/autoencoding,encoder.layer3.3.relu,V7,test,sub-03,5919,88,rsa,-0.009480562061071396
taskonomy/autoencoding,encoder.layer3.3.relu,V8,test,sub-03,5919,111,rsa,0.01626482605934143
taskonomy/autoencoding,encoder.layer3.3.relu,FFC,test,sub-03,5919,301,rsa,0.023983703926205635
taskonomy/autoencoding,encoder.layer3.3.relu,PIT,test,sub-03,5919,105,rsa,0.022221626713871956
taskonomy/autoencoding,encoder.layer3.3.relu,IPS1,test,sub-03,5919,123,rsa,0.006055835168808699
taskonomy/autoencoding,encoder.layer3.3.relu,MST,test,sub-03,5919,147,rsa,0.037641532719135284
taskonomy/autoencoding,encoder.layer3.3.relu,MT,test,sub-03,5919,98,rsa,0.04115932434797287
taskonomy/autoencoding,encoder.layer3.3.relu,FST,test,sub-03,5919,166,rsa,0.019052457064390182
taskonomy/autoencoding,encoder.layer3.3.relu,LO1,test,sub-03,5919,74,rsa,0.014141758903861046
taskonomy/autoencoding,encoder.layer3.3.relu,LO2,test,sub-03,5919,75,rsa,0.0177783016115427
taskonomy/autoencoding,encoder.layer3.3.relu,LO3,test,sub-03,5919,124,rsa,0.01396313775330782
taskonomy/autoencoding,encoder.layer3.3.relu,V7,test,sub-03,5919,88,rsa,-0.009480562061071396
taskonomy/autoencoding,encoder.layer3.3.relu,IP0,test,sub-03,5919,110,rsa,0.02662578597664833
taskonomy/autoencoding,encoder.layer3.3.relu,IP1,test,sub-03,5919,17,rsa,0.006588381715118885
taskonomy/autoencoding,encoder.layer3.3.relu,MIP,test,sub-03,5919,176,rsa,0.038424693048000336
taskonomy/autoencoding,encoder.layer3.3.relu,VIP,test,sub-03,5919,150,rsa,0.01800834760069847
taskonomy/autoencoding,encoder.layer3.3.relu,LIPd,test,sub-03,5919,22,rsa,0.01569458097219467
taskonomy/autoencoding,encoder.layer3.3.relu,LIPv,test,sub-03,5919,178,rsa,0.0174742192029953
taskonomy/autoencoding,encoder.layer3.3.relu,AIP,test,sub-03,5919,121,rsa,0.01324673742055893
taskonomy/autoencoding,encoder.layer3.3.relu,7Pm,test,sub-03,5919,23,rsa,0.02731408178806305
taskonomy/autoencoding,encoder.layer3.3.relu,7PL,test,sub-03,5919,32,rsa,-0.013043073005974293
taskonomy/autoencoding,encoder.layer3.3.relu,7PC,test,sub-03,5919,241,rsa,-0.0018902234733104706
taskonomy/autoencoding,encoder.layer3.3.relu,7Am,test,sub-03,5919,115,rsa,0.002878304570913315
taskonomy/autoencoding,encoder.layer3.3.relu,7AL,test,sub-03,5919,210,rsa,-0.004243100993335247
taskonomy/autoencoding,encoder.layer3.3.relu,VVC,test,sub-03,5919,185,rsa,-0.008362434804439545
taskonomy/autoencoding,encoder.layer3.3.relu,VMV2,test,sub-03,5919,108,rsa,-0.0018294211477041245
taskonomy/autoencoding,encoder.layer3.3.relu,VMV3,test,sub-03,5919,111,rsa,-0.03435909375548363
taskonomy/autoencoding,encoder.layer3.3.relu,VMV1,test,sub-03,5919,73,rsa,0.00846730824559927
taskonomy/autoencoding,encoder.layer3.3.relu,PHA2,test,sub-03,5919,17,rsa,0.010882675647735596
taskonomy/autoencoding,encoder.layer3.3.relu,PHA3,test,sub-03,5919,86,rsa,-0.002049376256763935
taskonomy/autoencoding,encoder.layer3.3.relu,PH,test,sub-03,5919,280,rsa,0.03872302174568176
taskonomy/autoencoding,encoder.layer3.4.relu,V1,test,sub-03,5919,361,rsa,0.013944137841463089
taskonomy/autoencoding,encoder.layer3.4.relu,V2,test,sub-03,5919,525,rsa,0.016982123255729675
taskonomy/autoencoding,encoder.layer3.4.relu,V3,test,sub-03,5919,361,rsa,0.027849748730659485
taskonomy/autoencoding,encoder.layer3.4.relu,V4,test,sub-03,5919,555,rsa,-0.0027756630443036556
taskonomy/autoencoding,encoder.layer3.4.relu,V3A,test,sub-03,5919,198,rsa,0.011710228398442268
taskonomy/autoencoding,encoder.layer3.4.relu,V3B,test,sub-03,5919,149,rsa,0.02717161364853382
taskonomy/autoencoding,encoder.layer3.4.relu,V6,test,sub-03,5919,157,rsa,0.006326303351670504
taskonomy/autoencoding,encoder.layer3.4.relu,V6A,test,sub-03,5919,68,rsa,0.02585005760192871
taskonomy/autoencoding,encoder.layer3.4.relu,V7,test,sub-03,5919,88,rsa,-0.010056591592729092
taskonomy/autoencoding,encoder.layer3.4.relu,V8,test,sub-03,5919,111,rsa,0.01550697535276413
taskonomy/autoencoding,encoder.layer3.4.relu,FFC,test,sub-03,5919,301,rsa,0.022508911788463593
taskonomy/autoencoding,encoder.layer3.4.relu,PIT,test,sub-03,5919,105,rsa,0.020635731518268585
taskonomy/autoencoding,encoder.layer3.4.relu,IPS1,test,sub-03,5919,123,rsa,0.00197600107640028
taskonomy/autoencoding,encoder.layer3.4.relu,MST,test,sub-03,5919,147,rsa,0.03718689829111099
taskonomy/autoencoding,encoder.layer3.4.relu,MT,test,sub-03,5919,98,rsa,0.03912309557199478
taskonomy/autoencoding,encoder.layer3.4.relu,FST,test,sub-03,5919,166,rsa,0.020580697804689407
taskonomy/autoencoding,encoder.layer3.4.relu,LO1,test,sub-03,5919,74,rsa,0.013888170942664146
taskonomy/autoencoding,encoder.layer3.4.relu,LO2,test,sub-03,5919,75,rsa,0.01690777577459812
taskonomy/autoencoding,encoder.layer3.4.relu,LO3,test,sub-03,5919,124,rsa,0.014170227572321892
taskonomy/autoencoding,encoder.layer3.4.relu,V7,test,sub-03,5919,88,rsa,-0.010056591592729092
taskonomy/autoencoding,encoder.layer3.4.relu,IP0,test,sub-03,5919,110,rsa,0.02645464986562729
taskonomy/autoencoding,encoder.layer3.4.relu,IP1,test,sub-03,5919,17,rsa,0.006427783519029617
taskonomy/autoencoding,encoder.layer3.4.relu,MIP,test,sub-03,5919,176,rsa,0.03630920499563217
taskonomy/autoencoding,encoder.layer3.4.relu,VIP,test,sub-03,5919,150,rsa,0.018143314868211746
taskonomy/autoencoding,encoder.layer3.4.relu,LIPd,test,sub-03,5919,22,rsa,0.01565980538725853
taskonomy/autoencoding,encoder.layer3.4.relu,LIPv,test,sub-03,5919,178,rsa,0.017239045351743698
taskonomy/autoencoding,encoder.layer3.4.relu,AIP,test,sub-03,5919,121,rsa,0.010960573330521584
taskonomy/autoencoding,encoder.layer3.4.relu,7Pm,test,sub-03,5919,23,rsa,0.026437729597091675
taskonomy/autoencoding,encoder.layer3.4.relu,7PL,test,sub-03,5919,32,rsa,-0.012043728493154049
taskonomy/autoencoding,encoder.layer3.4.relu,7PC,test,sub-03,5919,241,rsa,-0.0036833221092820168
taskonomy/autoencoding,encoder.layer3.4.relu,7Am,test,sub-03,5919,115,rsa,0.002644827589392662
taskonomy/autoencoding,encoder.layer3.4.relu,7AL,test,sub-03,5919,210,rsa,-0.004720225930213928
taskonomy/autoencoding,encoder.layer3.4.relu,VVC,test,sub-03,5919,185,rsa,-0.007965940050780773
taskonomy/autoencoding,encoder.layer3.4.relu,VMV2,test,sub-03,5919,108,rsa,-0.0019697286188602448
taskonomy/autoencoding,encoder.layer3.4.relu,VMV3,test,sub-03,5919,111,rsa,-0.033219076693058014
taskonomy/autoencoding,encoder.layer3.4.relu,VMV1,test,sub-03,5919,73,rsa,0.005320936441421509
taskonomy/autoencoding,encoder.layer3.4.relu,PHA2,test,sub-03,5919,17,rsa,0.010350790806114674
taskonomy/autoencoding,encoder.layer3.4.relu,PHA3,test,sub-03,5919,86,rsa,-0.0025887854862958193
taskonomy/autoencoding,encoder.layer3.4.relu,PH,test,sub-03,5919,280,rsa,0.0362921804189682
taskonomy/autoencoding,encoder.layer3.5.relu,V1,test,sub-03,5919,361,rsa,0.010430206544697285
taskonomy/autoencoding,encoder.layer3.5.relu,V2,test,sub-03,5919,525,rsa,0.016179252415895462
taskonomy/autoencoding,encoder.layer3.5.relu,V3,test,sub-03,5919,361,rsa,0.023344766348600388
taskonomy/autoencoding,encoder.layer3.5.relu,V4,test,sub-03,5919,555,rsa,-0.005246086977422237
taskonomy/autoencoding,encoder.layer3.5.relu,V3A,test,sub-03,5919,198,rsa,0.011084552854299545
taskonomy/autoencoding,encoder.layer3.5.relu,V3B,test,sub-03,5919,149,rsa,0.027499539777636528
taskonomy/autoencoding,encoder.layer3.5.relu,V6,test,sub-03,5919,157,rsa,0.005064979195594788
taskonomy/autoencoding,encoder.layer3.5.relu,V6A,test,sub-03,5919,68,rsa,0.024210765957832336
taskonomy/autoencoding,encoder.layer3.5.relu,V7,test,sub-03,5919,88,rsa,-0.009996283799409866
taskonomy/autoencoding,encoder.layer3.5.relu,V8,test,sub-03,5919,111,rsa,0.016664080321788788
taskonomy/autoencoding,encoder.layer3.5.relu,FFC,test,sub-03,5919,301,rsa,0.023685012012720108
taskonomy/autoencoding,encoder.layer3.5.relu,PIT,test,sub-03,5919,105,rsa,0.02052989974617958
taskonomy/autoencoding,encoder.layer3.5.relu,IPS1,test,sub-03,5919,123,rsa,0.003841359168291092
taskonomy/autoencoding,encoder.layer3.5.relu,MST,test,sub-03,5919,147,rsa,0.03861885890364647
taskonomy/autoencoding,encoder.layer3.5.relu,MT,test,sub-03,5919,98,rsa,0.03950311616063118
taskonomy/autoencoding,encoder.layer3.5.relu,FST,test,sub-03,5919,166,rsa,0.019061271101236343
taskonomy/autoencoding,encoder.layer3.5.relu,LO1,test,sub-03,5919,74,rsa,0.014194769784808159
taskonomy/autoencoding,encoder.layer3.5.relu,LO2,test,sub-03,5919,75,rsa,0.013811729848384857
taskonomy/autoencoding,encoder.layer3.5.relu,LO3,test,sub-03,5919,124,rsa,0.014371819794178009
taskonomy/autoencoding,encoder.layer3.5.relu,V7,test,sub-03,5919,88,rsa,-0.009996283799409866
taskonomy/autoencoding,encoder.layer3.5.relu,IP0,test,sub-03,5919,110,rsa,0.026554826647043228
taskonomy/autoencoding,encoder.layer3.5.relu,IP1,test,sub-03,5919,17,rsa,0.005299549549818039
taskonomy/autoencoding,encoder.layer3.5.relu,MIP,test,sub-03,5919,176,rsa,0.03728993237018585
taskonomy/autoencoding,encoder.layer3.5.relu,VIP,test,sub-03,5919,150,rsa,0.02261441946029663
taskonomy/autoencoding,encoder.layer3.5.relu,LIPd,test,sub-03,5919,22,rsa,0.014676420949399471
taskonomy/autoencoding,encoder.layer3.5.relu,LIPv,test,sub-03,5919,178,rsa,0.01844146102666855
taskonomy/autoencoding,encoder.layer3.5.relu,AIP,test,sub-03,5919,121,rsa,0.010218914598226547
taskonomy/autoencoding,encoder.layer3.5.relu,7Pm,test,sub-03,5919,23,rsa,0.025771740823984146
taskonomy/autoencoding,encoder.layer3.5.relu,7PL,test,sub-03,5919,32,rsa,-0.010673979297280312
taskonomy/autoencoding,encoder.layer3.5.relu,7PC,test,sub-03,5919,241,rsa,-0.003633856773376465
taskonomy/autoencoding,encoder.layer3.5.relu,7Am,test,sub-03,5919,115,rsa,0.002683524042367935
taskonomy/autoencoding,encoder.layer3.5.relu,7AL,test,sub-03,5919,210,rsa,-0.00582774356007576
taskonomy/autoencoding,encoder.layer3.5.relu,VVC,test,sub-03,5919,185,rsa,-0.00468038022518158
taskonomy/autoencoding,encoder.layer3.5.relu,VMV2,test,sub-03,5919,108,rsa,0.0020791664719581604
taskonomy/autoencoding,encoder.layer3.5.relu,VMV3,test,sub-03,5919,111,rsa,-0.02856939099729061
taskonomy/autoencoding,encoder.layer3.5.relu,VMV1,test,sub-03,5919,73,rsa,0.004535445477813482
taskonomy/autoencoding,encoder.layer3.5.relu,PHA2,test,sub-03,5919,17,rsa,0.009229390881955624
taskonomy/autoencoding,encoder.layer3.5.relu,PHA3,test,sub-03,5919,86,rsa,-0.0003435842227190733
taskonomy/autoencoding,encoder.layer3.5.relu,PH,test,sub-03,5919,280,rsa,0.035625893622636795
taskonomy/autoencoding,encoder.layer4.0.relu,V1,test,sub-03,5919,361,rsa,0.07147514820098877
taskonomy/autoencoding,encoder.layer4.0.relu,V2,test,sub-03,5919,525,rsa,0.05486726388335228
taskonomy/autoencoding,encoder.layer4.0.relu,V3,test,sub-03,5919,361,rsa,0.0601583793759346
taskonomy/autoencoding,encoder.layer4.0.relu,V4,test,sub-03,5919,555,rsa,0.02287876605987549
taskonomy/autoencoding,encoder.layer4.0.relu,V3A,test,sub-03,5919,198,rsa,0.031543418765068054
taskonomy/autoencoding,encoder.layer4.0.relu,V3B,test,sub-03,5919,149,rsa,0.013688672333955765
taskonomy/autoencoding,encoder.layer4.0.relu,V6,test,sub-03,5919,157,rsa,0.05330050736665726
taskonomy/autoencoding,encoder.layer4.0.relu,V6A,test,sub-03,5919,68,rsa,0.07918022572994232
taskonomy/autoencoding,encoder.layer4.0.relu,V7,test,sub-03,5919,88,rsa,0.011139081791043282
taskonomy/autoencoding,encoder.layer4.0.relu,V8,test,sub-03,5919,111,rsa,0.03715246543288231
taskonomy/autoencoding,encoder.layer4.0.relu,FFC,test,sub-03,5919,301,rsa,0.043618954718112946
taskonomy/autoencoding,encoder.layer4.0.relu,PIT,test,sub-03,5919,105,rsa,0.03882039338350296
taskonomy/autoencoding,encoder.layer4.0.relu,IPS1,test,sub-03,5919,123,rsa,0.03586159646511078
taskonomy/autoencoding,encoder.layer4.0.relu,MST,test,sub-03,5919,147,rsa,0.04661606252193451
taskonomy/autoencoding,encoder.layer4.0.relu,MT,test,sub-03,5919,98,rsa,0.03908553346991539
taskonomy/autoencoding,encoder.layer4.0.relu,FST,test,sub-03,5919,166,rsa,0.003591833170503378
taskonomy/autoencoding,encoder.layer4.0.relu,LO1,test,sub-03,5919,74,rsa,0.011350455693900585
taskonomy/autoencoding,encoder.layer4.0.relu,LO2,test,sub-03,5919,75,rsa,0.01950472593307495
taskonomy/autoencoding,encoder.layer4.0.relu,LO3,test,sub-03,5919,124,rsa,0.019562186673283577
taskonomy/autoencoding,encoder.layer4.0.relu,V7,test,sub-03,5919,88,rsa,0.011139081791043282
taskonomy/autoencoding,encoder.layer4.0.relu,IP0,test,sub-03,5919,110,rsa,0.02454061061143875
taskonomy/autoencoding,encoder.layer4.0.relu,IP1,test,sub-03,5919,17,rsa,0.008427700027823448
taskonomy/autoencoding,encoder.layer4.0.relu,MIP,test,sub-03,5919,176,rsa,0.05152750387787819
taskonomy/autoencoding,encoder.layer4.0.relu,VIP,test,sub-03,5919,150,rsa,-0.005870440974831581
taskonomy/autoencoding,encoder.layer4.0.relu,LIPd,test,sub-03,5919,22,rsa,0.015982285141944885
taskonomy/autoencoding,encoder.layer4.0.relu,LIPv,test,sub-03,5919,178,rsa,0.008643819019198418
taskonomy/autoencoding,encoder.layer4.0.relu,AIP,test,sub-03,5919,121,rsa,0.02311832644045353
taskonomy/autoencoding,encoder.layer4.0.relu,7Pm,test,sub-03,5919,23,rsa,0.03112374246120453
taskonomy/autoencoding,encoder.layer4.0.relu,7PL,test,sub-03,5919,32,rsa,-0.01607855223119259
taskonomy/autoencoding,encoder.layer4.0.relu,7PC,test,sub-03,5919,241,rsa,0.011380168609321117
taskonomy/autoencoding,encoder.layer4.0.relu,7Am,test,sub-03,5919,115,rsa,0.0072007314302027225
taskonomy/autoencoding,encoder.layer4.0.relu,7AL,test,sub-03,5919,210,rsa,0.004361937753856182
taskonomy/autoencoding,encoder.layer4.0.relu,VVC,test,sub-03,5919,185,rsa,0.009652053005993366
taskonomy/autoencoding,encoder.layer4.0.relu,VMV2,test,sub-03,5919,108,rsa,0.006770630832761526
taskonomy/autoencoding,encoder.layer4.0.relu,VMV3,test,sub-03,5919,111,rsa,-0.021078340709209442
taskonomy/autoencoding,encoder.layer4.0.relu,VMV1,test,sub-03,5919,73,rsa,0.03785277530550957
taskonomy/autoencoding,encoder.layer4.0.relu,PHA2,test,sub-03,5919,17,rsa,0.001293893437832594
taskonomy/autoencoding,encoder.layer4.0.relu,PHA3,test,sub-03,5919,86,rsa,0.010992826893925667
taskonomy/autoencoding,encoder.layer4.0.relu,PH,test,sub-03,5919,280,rsa,0.04413333535194397
taskonomy/autoencoding,encoder.layer4.1.relu,V1,test,sub-03,5919,361,rsa,0.06598107516765594
taskonomy/autoencoding,encoder.layer4.1.relu,V2,test,sub-03,5919,525,rsa,0.04464546591043472
taskonomy/autoencoding,encoder.layer4.1.relu,V3,test,sub-03,5919,361,rsa,0.06222467124462128
taskonomy/autoencoding,encoder.layer4.1.relu,V4,test,sub-03,5919,555,rsa,0.02148267813026905
taskonomy/autoencoding,encoder.layer4.1.relu,V3A,test,sub-03,5919,198,rsa,0.024190224707126617
taskonomy/autoencoding,encoder.layer4.1.relu,V3B,test,sub-03,5919,149,rsa,0.015468704514205456
taskonomy/autoencoding,encoder.layer4.1.relu,V6,test,sub-03,5919,157,rsa,0.04676603898406029
taskonomy/autoencoding,encoder.layer4.1.relu,V6A,test,sub-03,5919,68,rsa,0.06979647278785706
taskonomy/autoencoding,encoder.layer4.1.relu,V7,test,sub-03,5919,88,rsa,0.0027231331914663315
taskonomy/autoencoding,encoder.layer4.1.relu,V8,test,sub-03,5919,111,rsa,0.03361034393310547
taskonomy/autoencoding,encoder.layer4.1.relu,FFC,test,sub-03,5919,301,rsa,0.03566940128803253
taskonomy/autoencoding,encoder.layer4.1.relu,PIT,test,sub-03,5919,105,rsa,0.030291030183434486
taskonomy/autoencoding,encoder.layer4.1.relu,IPS1,test,sub-03,5919,123,rsa,0.0318291150033474
taskonomy/autoencoding,encoder.layer4.1.relu,MST,test,sub-03,5919,147,rsa,0.04079899936914444
taskonomy/autoencoding,encoder.layer4.1.relu,MT,test,sub-03,5919,98,rsa,0.03936777263879776
taskonomy/autoencoding,encoder.layer4.1.relu,FST,test,sub-03,5919,166,rsa,0.011048967950046062
taskonomy/autoencoding,encoder.layer4.1.relu,LO1,test,sub-03,5919,74,rsa,0.009334538131952286
taskonomy/autoencoding,encoder.layer4.1.relu,LO2,test,sub-03,5919,75,rsa,0.02415633387863636
taskonomy/autoencoding,encoder.layer4.1.relu,LO3,test,sub-03,5919,124,rsa,0.015465518459677696
taskonomy/autoencoding,encoder.layer4.1.relu,V7,test,sub-03,5919,88,rsa,0.0027231331914663315
taskonomy/autoencoding,encoder.layer4.1.relu,IP0,test,sub-03,5919,110,rsa,0.022455520927906036
taskonomy/autoencoding,encoder.layer4.1.relu,IP1,test,sub-03,5919,17,rsa,0.010495195165276527
taskonomy/autoencoding,encoder.layer4.1.relu,MIP,test,sub-03,5919,176,rsa,0.041248492896556854
taskonomy/autoencoding,encoder.layer4.1.relu,VIP,test,sub-03,5919,150,rsa,0.000840894179418683
taskonomy/autoencoding,encoder.layer4.1.relu,LIPd,test,sub-03,5919,22,rsa,0.015438973903656006
taskonomy/autoencoding,encoder.layer4.1.relu,LIPv,test,sub-03,5919,178,rsa,0.01094779558479786
taskonomy/autoencoding,encoder.layer4.1.relu,AIP,test,sub-03,5919,121,rsa,0.020052315667271614
taskonomy/autoencoding,encoder.layer4.1.relu,7Pm,test,sub-03,5919,23,rsa,0.031984686851501465
taskonomy/autoencoding,encoder.layer4.1.relu,7PL,test,sub-03,5919,32,rsa,-0.021329062059521675
taskonomy/autoencoding,encoder.layer4.1.relu,7PC,test,sub-03,5919,241,rsa,0.008683410473167896
taskonomy/autoencoding,encoder.layer4.1.relu,7Am,test,sub-03,5919,115,rsa,0.009142414666712284
taskonomy/autoencoding,encoder.layer4.1.relu,7AL,test,sub-03,5919,210,rsa,0.0018969124648720026
taskonomy/autoencoding,encoder.layer4.1.relu,VVC,test,sub-03,5919,185,rsa,-0.002390698529779911
taskonomy/autoencoding,encoder.layer4.1.relu,VMV2,test,sub-03,5919,108,rsa,0.000632045790553093
taskonomy/autoencoding,encoder.layer4.1.relu,VMV3,test,sub-03,5919,111,rsa,-0.029901040717959404
taskonomy/autoencoding,encoder.layer4.1.relu,VMV1,test,sub-03,5919,73,rsa,0.029795028269290924
taskonomy/autoencoding,encoder.layer4.1.relu,PHA2,test,sub-03,5919,17,rsa,0.003719283500686288
taskonomy/autoencoding,encoder.layer4.1.relu,PHA3,test,sub-03,5919,86,rsa,0.0010104861576110125
taskonomy/autoencoding,encoder.layer4.1.relu,PH,test,sub-03,5919,280,rsa,0.0420805886387825
taskonomy/autoencoding,encoder.layer4.2.relu,V1,test,sub-03,5919,361,rsa,0.06667919456958771
taskonomy/autoencoding,encoder.layer4.2.relu,V2,test,sub-03,5919,525,rsa,0.03658612072467804
taskonomy/autoencoding,encoder.layer4.2.relu,V3,test,sub-03,5919,361,rsa,0.06771569699048996
taskonomy/autoencoding,encoder.layer4.2.relu,V4,test,sub-03,5919,555,rsa,0.02689976617693901
taskonomy/autoencoding,encoder.layer4.2.relu,V3A,test,sub-03,5919,198,rsa,0.022068720310926437
taskonomy/autoencoding,encoder.layer4.2.relu,V3B,test,sub-03,5919,149,rsa,0.012592682614922523
taskonomy/autoencoding,encoder.layer4.2.relu,V6,test,sub-03,5919,157,rsa,0.041816432029008865
taskonomy/autoencoding,encoder.layer4.2.relu,V6A,test,sub-03,5919,68,rsa,0.06513277441263199
taskonomy/autoencoding,encoder.layer4.2.relu,V7,test,sub-03,5919,88,rsa,-0.001511082286015153
taskonomy/autoencoding,encoder.layer4.2.relu,V8,test,sub-03,5919,111,rsa,0.0292685367166996
taskonomy/autoencoding,encoder.layer4.2.relu,FFC,test,sub-03,5919,301,rsa,0.032083794474601746
taskonomy/autoencoding,encoder.layer4.2.relu,PIT,test,sub-03,5919,105,rsa,0.02523314766585827
taskonomy/autoencoding,encoder.layer4.2.relu,IPS1,test,sub-03,5919,123,rsa,0.03262673318386078
taskonomy/autoencoding,encoder.layer4.2.relu,MST,test,sub-03,5919,147,rsa,0.037338241934776306
taskonomy/autoencoding,encoder.layer4.2.relu,MT,test,sub-03,5919,98,rsa,0.03995741158723831
taskonomy/autoencoding,encoder.layer4.2.relu,FST,test,sub-03,5919,166,rsa,0.018029257655143738
taskonomy/autoencoding,encoder.layer4.2.relu,LO1,test,sub-03,5919,74,rsa,0.00934494100511074
taskonomy/autoencoding,encoder.layer4.2.relu,LO2,test,sub-03,5919,75,rsa,0.029503848403692245
taskonomy/autoencoding,encoder.layer4.2.relu,LO3,test,sub-03,5919,124,rsa,0.015588737092912197
taskonomy/autoencoding,encoder.layer4.2.relu,V7,test,sub-03,5919,88,rsa,-0.001511082286015153
taskonomy/autoencoding,encoder.layer4.2.relu,IP0,test,sub-03,5919,110,rsa,0.020532898604869843
taskonomy/autoencoding,encoder.layer4.2.relu,IP1,test,sub-03,5919,17,rsa,0.011100675910711288
taskonomy/autoencoding,encoder.layer4.2.relu,MIP,test,sub-03,5919,176,rsa,0.02954413928091526
taskonomy/autoencoding,encoder.layer4.2.relu,VIP,test,sub-03,5919,150,rsa,0.0059369346126914024
taskonomy/autoencoding,encoder.layer4.2.relu,LIPd,test,sub-03,5919,22,rsa,0.011034047231078148
taskonomy/autoencoding,encoder.layer4.2.relu,LIPv,test,sub-03,5919,178,rsa,0.0150617565959692
taskonomy/autoencoding,encoder.layer4.2.relu,AIP,test,sub-03,5919,121,rsa,0.016073573380708694
taskonomy/autoencoding,encoder.layer4.2.relu,7Pm,test,sub-03,5919,23,rsa,0.03070235252380371
taskonomy/autoencoding,encoder.layer4.2.relu,7PL,test,sub-03,5919,32,rsa,-0.02608119510114193
taskonomy/autoencoding,encoder.layer4.2.relu,7PC,test,sub-03,5919,241,rsa,0.006715958938002586
taskonomy/autoencoding,encoder.layer4.2.relu,7Am,test,sub-03,5919,115,rsa,0.009989660233259201
taskonomy/autoencoding,encoder.layer4.2.relu,7AL,test,sub-03,5919,210,rsa,0.001730166608467698
taskonomy/autoencoding,encoder.layer4.2.relu,VVC,test,sub-03,5919,185,rsa,-0.01016820315271616
taskonomy/autoencoding,encoder.layer4.2.relu,VMV2,test,sub-03,5919,108,rsa,-0.0038310717791318893
taskonomy/autoencoding,encoder.layer4.2.relu,VMV3,test,sub-03,5919,111,rsa,-0.03585818409919739
taskonomy/autoencoding,encoder.layer4.2.relu,VMV1,test,sub-03,5919,73,rsa,0.024854253977537155
taskonomy/autoencoding,encoder.layer4.2.relu,PHA2,test,sub-03,5919,17,rsa,0.006794947665184736
taskonomy/autoencoding,encoder.layer4.2.relu,PHA3,test,sub-03,5919,86,rsa,-0.007867151871323586
taskonomy/autoencoding,encoder.layer4.2.relu,PH,test,sub-03,5919,280,rsa,0.04299970716238022
