model,layer,roi,split,subject,n_features_1_model,n_features_2_brain,metric,score
taskonomy/autoencoding,encoder.layer1.0.relu,V1,train,sub-04,5919,523,rsa,0.044951703399419785
taskonomy/autoencoding,encoder.layer1.0.relu,V2,train,sub-04,5919,638,rsa,0.02964167669415474
taskonomy/autoencoding,encoder.layer1.0.relu,V3,train,sub-04,5919,520,rsa,0.02327834628522396
taskonomy/autoencoding,encoder.layer1.0.relu,V4,train,sub-04,5919,610,rsa,0.035992998629808426
taskonomy/autoencoding,encoder.layer1.0.relu,V3A,train,sub-04,5919,232,rsa,0.004732184577733278
taskonomy/autoencoding,encoder.layer1.0.relu,V3B,train,sub-04,5919,150,rsa,0.011766708455979824
taskonomy/autoencoding,encoder.layer1.0.relu,V6,train,sub-04,5919,58,rsa,0.005046899896115065
taskonomy/autoencoding,encoder.layer1.0.relu,V6A,train,sub-04,5919,38,rsa,0.007125610485672951
taskonomy/autoencoding,encoder.layer1.0.relu,V7,train,sub-04,5919,77,rsa,0.011212092824280262
taskonomy/autoencoding,encoder.layer1.0.relu,V8,train,sub-04,5919,111,rsa,0.027983063831925392
taskonomy/autoencoding,encoder.layer1.0.relu,FFC,train,sub-04,5919,312,rsa,0.03661609813570976
taskonomy/autoencoding,encoder.layer1.0.relu,PIT,train,sub-04,5919,118,rsa,0.015500243753194809
taskonomy/autoencoding,encoder.layer1.0.relu,IPS1,train,sub-04,5919,232,rsa,0.020675722509622574
taskonomy/autoencoding,encoder.layer1.0.relu,MST,train,sub-04,5919,142,rsa,0.04276503622531891
taskonomy/autoencoding,encoder.layer1.0.relu,MT,train,sub-04,5919,100,rsa,0.020228058099746704
taskonomy/autoencoding,encoder.layer1.0.relu,FST,train,sub-04,5919,175,rsa,0.032281048595905304
taskonomy/autoencoding,encoder.layer1.0.relu,LO1,train,sub-04,5919,80,rsa,0.017100287601351738
taskonomy/autoencoding,encoder.layer1.0.relu,LO2,train,sub-04,5919,83,rsa,0.021298861131072044
taskonomy/autoencoding,encoder.layer1.0.relu,LO3,train,sub-04,5919,118,rsa,0.024715136736631393
taskonomy/autoencoding,encoder.layer1.0.relu,V7,train,sub-04,5919,77,rsa,0.011212092824280262
taskonomy/autoencoding,encoder.layer1.0.relu,IP0,train,sub-04,5919,196,rsa,0.021314984187483788
taskonomy/autoencoding,encoder.layer1.0.relu,IP1,train,sub-04,5919,49,rsa,0.007400952745229006
taskonomy/autoencoding,encoder.layer1.0.relu,MIP,train,sub-04,5919,237,rsa,0.007595981005579233
taskonomy/autoencoding,encoder.layer1.0.relu,VIP,train,sub-04,5919,198,rsa,0.00443213852122426
taskonomy/autoencoding,encoder.layer1.0.relu,LIPd,train,sub-04,5919,28,rsa,0.0069409641437232494
taskonomy/autoencoding,encoder.layer1.0.relu,LIPv,train,sub-04,5919,149,rsa,0.004753376357257366
taskonomy/autoencoding,encoder.layer1.0.relu,AIP,train,sub-04,5919,221,rsa,0.0010761050507426262
taskonomy/autoencoding,encoder.layer1.0.relu,7Pm,train,sub-04,5919,39,rsa,0.003985319286584854
taskonomy/autoencoding,encoder.layer1.0.relu,7PL,train,sub-04,5919,104,rsa,0.0044260285794734955
taskonomy/autoencoding,encoder.layer1.0.relu,7PC,train,sub-04,5919,260,rsa,0.004676444921642542
taskonomy/autoencoding,encoder.layer1.0.relu,7Am,train,sub-04,5919,207,rsa,0.006132554728537798
taskonomy/autoencoding,encoder.layer1.0.relu,7AL,train,sub-04,5919,180,rsa,0.004283539019525051
taskonomy/autoencoding,encoder.layer1.0.relu,VVC,train,sub-04,5919,170,rsa,0.0261294636875391
taskonomy/autoencoding,encoder.layer1.0.relu,VMV2,train,sub-04,5919,115,rsa,0.017221465706825256
taskonomy/autoencoding,encoder.layer1.0.relu,VMV3,train,sub-04,5919,115,rsa,0.013236274011433125
taskonomy/autoencoding,encoder.layer1.0.relu,VMV1,train,sub-04,5919,53,rsa,0.01793731562793255
taskonomy/autoencoding,encoder.layer1.0.relu,PHA2,train,sub-04,5919,11,rsa,0.013311333023011684
taskonomy/autoencoding,encoder.layer1.0.relu,PHA3,train,sub-04,5919,87,rsa,0.007333305198699236
taskonomy/autoencoding,encoder.layer1.0.relu,PH,train,sub-04,5919,340,rsa,0.031648922711610794
taskonomy/autoencoding,encoder.layer1.1.relu,V1,train,sub-04,5919,523,rsa,0.048838213086128235
taskonomy/autoencoding,encoder.layer1.1.relu,V2,train,sub-04,5919,638,rsa,0.032506637275218964
taskonomy/autoencoding,encoder.layer1.1.relu,V3,train,sub-04,5919,520,rsa,0.025397781282663345
taskonomy/autoencoding,encoder.layer1.1.relu,V4,train,sub-04,5919,610,rsa,0.037413861602544785
taskonomy/autoencoding,encoder.layer1.1.relu,V3A,train,sub-04,5919,232,rsa,0.004312552511692047
taskonomy/autoencoding,encoder.layer1.1.relu,V3B,train,sub-04,5919,150,rsa,0.01040339469909668
taskonomy/autoencoding,encoder.layer1.1.relu,V6,train,sub-04,5919,58,rsa,0.005281481891870499
taskonomy/autoencoding,encoder.layer1.1.relu,V6A,train,sub-04,5919,38,rsa,0.006706621497869492
taskonomy/autoencoding,encoder.layer1.1.relu,V7,train,sub-04,5919,77,rsa,0.010239801369607449
taskonomy/autoencoding,encoder.layer1.1.relu,V8,train,sub-04,5919,111,rsa,0.02839791029691696
taskonomy/autoencoding,encoder.layer1.1.relu,FFC,train,sub-04,5919,312,rsa,0.03581838682293892
taskonomy/autoencoding,encoder.layer1.1.relu,PIT,train,sub-04,5919,118,rsa,0.01614384539425373
taskonomy/autoencoding,encoder.layer1.1.relu,IPS1,train,sub-04,5919,232,rsa,0.020369263365864754
taskonomy/autoencoding,encoder.layer1.1.relu,MST,train,sub-04,5919,142,rsa,0.04179758206009865
taskonomy/autoencoding,encoder.layer1.1.relu,MT,train,sub-04,5919,100,rsa,0.020601173862814903
taskonomy/autoencoding,encoder.layer1.1.relu,FST,train,sub-04,5919,175,rsa,0.031379878520965576
taskonomy/autoencoding,encoder.layer1.1.relu,LO1,train,sub-04,5919,80,rsa,0.017478926107287407
taskonomy/autoencoding,encoder.layer1.1.relu,LO2,train,sub-04,5919,83,rsa,0.02146151289343834
taskonomy/autoencoding,encoder.layer1.1.relu,LO3,train,sub-04,5919,118,rsa,0.023681212216615677
taskonomy/autoencoding,encoder.layer1.1.relu,V7,train,sub-04,5919,77,rsa,0.010239801369607449
taskonomy/autoencoding,encoder.layer1.1.relu,IP0,train,sub-04,5919,196,rsa,0.021107524633407593
taskonomy/autoencoding,encoder.layer1.1.relu,IP1,train,sub-04,5919,49,rsa,0.006424297112971544
taskonomy/autoencoding,encoder.layer1.1.relu,MIP,train,sub-04,5919,237,rsa,0.006817607209086418
taskonomy/autoencoding,encoder.layer1.1.relu,VIP,train,sub-04,5919,198,rsa,0.004183290526270866
taskonomy/autoencoding,encoder.layer1.1.relu,LIPd,train,sub-04,5919,28,rsa,0.00673228083178401
taskonomy/autoencoding,encoder.layer1.1.relu,LIPv,train,sub-04,5919,149,rsa,0.0039300438947975636
taskonomy/autoencoding,encoder.layer1.1.relu,AIP,train,sub-04,5919,221,rsa,0.0013489341363310814
taskonomy/autoencoding,encoder.layer1.1.relu,7Pm,train,sub-04,5919,39,rsa,0.003990916535258293
taskonomy/autoencoding,encoder.layer1.1.relu,7PL,train,sub-04,5919,104,rsa,0.003090938087552786
taskonomy/autoencoding,encoder.layer1.1.relu,7PC,train,sub-04,5919,260,rsa,0.004059033002704382
taskonomy/autoencoding,encoder.layer1.1.relu,7Am,train,sub-04,5919,207,rsa,0.005661611910909414
taskonomy/autoencoding,encoder.layer1.1.relu,7AL,train,sub-04,5919,180,rsa,0.0038732674438506365
taskonomy/autoencoding,encoder.layer1.1.relu,VVC,train,sub-04,5919,170,rsa,0.024695269763469696
taskonomy/autoencoding,encoder.layer1.1.relu,VMV2,train,sub-04,5919,115,rsa,0.017502278089523315
taskonomy/autoencoding,encoder.layer1.1.relu,VMV3,train,sub-04,5919,115,rsa,0.013751874677836895
taskonomy/autoencoding,encoder.layer1.1.relu,VMV1,train,sub-04,5919,53,rsa,0.01658576726913452
taskonomy/autoencoding,encoder.layer1.1.relu,PHA2,train,sub-04,5919,11,rsa,0.012555950321257114
taskonomy/autoencoding,encoder.layer1.1.relu,PHA3,train,sub-04,5919,87,rsa,0.007166041526943445
taskonomy/autoencoding,encoder.layer1.1.relu,PH,train,sub-04,5919,340,rsa,0.030976232141256332
taskonomy/autoencoding,encoder.layer1.2.relu,V1,train,sub-04,5919,523,rsa,0.047450993210077286
taskonomy/autoencoding,encoder.layer1.2.relu,V2,train,sub-04,5919,638,rsa,0.03228573501110077
taskonomy/autoencoding,encoder.layer1.2.relu,V3,train,sub-04,5919,520,rsa,0.024546176195144653
taskonomy/autoencoding,encoder.layer1.2.relu,V4,train,sub-04,5919,610,rsa,0.03568793088197708
taskonomy/autoencoding,encoder.layer1.2.relu,V3A,train,sub-04,5919,232,rsa,0.004102421458810568
taskonomy/autoencoding,encoder.layer1.2.relu,V3B,train,sub-04,5919,150,rsa,0.01044175773859024
taskonomy/autoencoding,encoder.layer1.2.relu,V6,train,sub-04,5919,58,rsa,0.005290387198328972
taskonomy/autoencoding,encoder.layer1.2.relu,V6A,train,sub-04,5919,38,rsa,0.0059565105475485325
taskonomy/autoencoding,encoder.layer1.2.relu,V7,train,sub-04,5919,77,rsa,0.01095624640583992
taskonomy/autoencoding,encoder.layer1.2.relu,V8,train,sub-04,5919,111,rsa,0.026946034282445908
taskonomy/autoencoding,encoder.layer1.2.relu,FFC,train,sub-04,5919,312,rsa,0.035322465002536774
taskonomy/autoencoding,encoder.layer1.2.relu,PIT,train,sub-04,5919,118,rsa,0.01527891494333744
taskonomy/autoencoding,encoder.layer1.2.relu,IPS1,train,sub-04,5919,232,rsa,0.01971047930419445
taskonomy/autoencoding,encoder.layer1.2.relu,MST,train,sub-04,5919,142,rsa,0.041704580187797546
taskonomy/autoencoding,encoder.layer1.2.relu,MT,train,sub-04,5919,100,rsa,0.02063135989010334
taskonomy/autoencoding,encoder.layer1.2.relu,FST,train,sub-04,5919,175,rsa,0.03121623396873474
taskonomy/autoencoding,encoder.layer1.2.relu,LO1,train,sub-04,5919,80,rsa,0.016954835504293442
taskonomy/autoencoding,encoder.layer1.2.relu,LO2,train,sub-04,5919,83,rsa,0.01986599527299404
taskonomy/autoencoding,encoder.layer1.2.relu,LO3,train,sub-04,5919,118,rsa,0.02355724759399891
taskonomy/autoencoding,encoder.layer1.2.relu,V7,train,sub-04,5919,77,rsa,0.01095624640583992
taskonomy/autoencoding,encoder.layer1.2.relu,IP0,train,sub-04,5919,196,rsa,0.020009977743029594
taskonomy/autoencoding,encoder.layer1.2.relu,IP1,train,sub-04,5919,49,rsa,0.006886471528559923
taskonomy/autoencoding,encoder.layer1.2.relu,MIP,train,sub-04,5919,237,rsa,0.0065527320839464664
taskonomy/autoencoding,encoder.layer1.2.relu,VIP,train,sub-04,5919,198,rsa,0.00352371740154922
taskonomy/autoencoding,encoder.layer1.2.relu,LIPd,train,sub-04,5919,28,rsa,0.006876075174659491
taskonomy/autoencoding,encoder.layer1.2.relu,LIPv,train,sub-04,5919,149,rsa,0.00429884810000658
taskonomy/autoencoding,encoder.layer1.2.relu,AIP,train,sub-04,5919,221,rsa,0.001078297384083271
taskonomy/autoencoding,encoder.layer1.2.relu,7Pm,train,sub-04,5919,39,rsa,0.003876876551657915
taskonomy/autoencoding,encoder.layer1.2.relu,7PL,train,sub-04,5919,104,rsa,0.0033508166670799255
taskonomy/autoencoding,encoder.layer1.2.relu,7PC,train,sub-04,5919,260,rsa,0.004451722372323275
taskonomy/autoencoding,encoder.layer1.2.relu,7Am,train,sub-04,5919,207,rsa,0.005529915913939476
taskonomy/autoencoding,encoder.layer1.2.relu,7AL,train,sub-04,5919,180,rsa,0.0035133061464875937
taskonomy/autoencoding,encoder.layer1.2.relu,VVC,train,sub-04,5919,170,rsa,0.024672074243426323
taskonomy/autoencoding,encoder.layer1.2.relu,VMV2,train,sub-04,5919,115,rsa,0.01716514863073826
taskonomy/autoencoding,encoder.layer1.2.relu,VMV3,train,sub-04,5919,115,rsa,0.01284482330083847
taskonomy/autoencoding,encoder.layer1.2.relu,VMV1,train,sub-04,5919,53,rsa,0.01689102314412594
taskonomy/autoencoding,encoder.layer1.2.relu,PHA2,train,sub-04,5919,11,rsa,0.012889042496681213
taskonomy/autoencoding,encoder.layer1.2.relu,PHA3,train,sub-04,5919,87,rsa,0.006709340028464794
taskonomy/autoencoding,encoder.layer1.2.relu,PH,train,sub-04,5919,340,rsa,0.030533647164702415
taskonomy/autoencoding,encoder.layer2.0.relu,V1,train,sub-04,5919,523,rsa,0.051257986575365067
taskonomy/autoencoding,encoder.layer2.0.relu,V2,train,sub-04,5919,638,rsa,0.034665949642658234
taskonomy/autoencoding,encoder.layer2.0.relu,V3,train,sub-04,5919,520,rsa,0.025693140923976898
taskonomy/autoencoding,encoder.layer2.0.relu,V4,train,sub-04,5919,610,rsa,0.03998618572950363
taskonomy/autoencoding,encoder.layer2.0.relu,V3A,train,sub-04,5919,232,rsa,0.0062850601971149445
taskonomy/autoencoding,encoder.layer2.0.relu,V3B,train,sub-04,5919,150,rsa,0.01309027336537838
taskonomy/autoencoding,encoder.layer2.0.relu,V6,train,sub-04,5919,58,rsa,0.005747206509113312
taskonomy/autoencoding,encoder.layer2.0.relu,V6A,train,sub-04,5919,38,rsa,0.008014621213078499
taskonomy/autoencoding,encoder.layer2.0.relu,V7,train,sub-04,5919,77,rsa,0.012202311307191849
taskonomy/autoencoding,encoder.layer2.0.relu,V8,train,sub-04,5919,111,rsa,0.03127225115895271
taskonomy/autoencoding,encoder.layer2.0.relu,FFC,train,sub-04,5919,312,rsa,0.03922966867685318
taskonomy/autoencoding,encoder.layer2.0.relu,PIT,train,sub-04,5919,118,rsa,0.01689700037240982
taskonomy/autoencoding,encoder.layer2.0.relu,IPS1,train,sub-04,5919,232,rsa,0.02310488559305668
taskonomy/autoencoding,encoder.layer2.0.relu,MST,train,sub-04,5919,142,rsa,0.044726256281137466
taskonomy/autoencoding,encoder.layer2.0.relu,MT,train,sub-04,5919,100,rsa,0.021819503977894783
taskonomy/autoencoding,encoder.layer2.0.relu,FST,train,sub-04,5919,175,rsa,0.03406199812889099
taskonomy/autoencoding,encoder.layer2.0.relu,LO1,train,sub-04,5919,80,rsa,0.018551623448729515
taskonomy/autoencoding,encoder.layer2.0.relu,LO2,train,sub-04,5919,83,rsa,0.023047298192977905
taskonomy/autoencoding,encoder.layer2.0.relu,LO3,train,sub-04,5919,118,rsa,0.02733648382127285
taskonomy/autoencoding,encoder.layer2.0.relu,V7,train,sub-04,5919,77,rsa,0.012202311307191849
taskonomy/autoencoding,encoder.layer2.0.relu,IP0,train,sub-04,5919,196,rsa,0.023073406890034676
taskonomy/autoencoding,encoder.layer2.0.relu,IP1,train,sub-04,5919,49,rsa,0.00838630273938179
taskonomy/autoencoding,encoder.layer2.0.relu,MIP,train,sub-04,5919,237,rsa,0.00882209837436676
taskonomy/autoencoding,encoder.layer2.0.relu,VIP,train,sub-04,5919,198,rsa,0.005458782892674208
taskonomy/autoencoding,encoder.layer2.0.relu,LIPd,train,sub-04,5919,28,rsa,0.006857637315988541
taskonomy/autoencoding,encoder.layer2.0.relu,LIPv,train,sub-04,5919,149,rsa,0.005130810663104057
taskonomy/autoencoding,encoder.layer2.0.relu,AIP,train,sub-04,5919,221,rsa,0.0012159707257524133
taskonomy/autoencoding,encoder.layer2.0.relu,7Pm,train,sub-04,5919,39,rsa,0.004289723467081785
taskonomy/autoencoding,encoder.layer2.0.relu,7PL,train,sub-04,5919,104,rsa,0.0052619874477386475
taskonomy/autoencoding,encoder.layer2.0.relu,7PC,train,sub-04,5919,260,rsa,0.005229581613093615
taskonomy/autoencoding,encoder.layer2.0.relu,7Am,train,sub-04,5919,207,rsa,0.00688031455501914
taskonomy/autoencoding,encoder.layer2.0.relu,7AL,train,sub-04,5919,180,rsa,0.004996186587959528
taskonomy/autoencoding,encoder.layer2.0.relu,VVC,train,sub-04,5919,170,rsa,0.028499163687229156
taskonomy/autoencoding,encoder.layer2.0.relu,VMV2,train,sub-04,5919,115,rsa,0.0202215276658535
taskonomy/autoencoding,encoder.layer2.0.relu,VMV3,train,sub-04,5919,115,rsa,0.014754429459571838
taskonomy/autoencoding,encoder.layer2.0.relu,VMV1,train,sub-04,5919,53,rsa,0.019755331799387932
taskonomy/autoencoding,encoder.layer2.0.relu,PHA2,train,sub-04,5919,11,rsa,0.015769703313708305
taskonomy/autoencoding,encoder.layer2.0.relu,PHA3,train,sub-04,5919,87,rsa,0.009234544821083546
taskonomy/autoencoding,encoder.layer2.0.relu,PH,train,sub-04,5919,340,rsa,0.03305879607796669
taskonomy/autoencoding,encoder.layer2.1.relu,V1,train,sub-04,5919,523,rsa,0.049237992614507675
taskonomy/autoencoding,encoder.layer2.1.relu,V2,train,sub-04,5919,638,rsa,0.03362957760691643
taskonomy/autoencoding,encoder.layer2.1.relu,V3,train,sub-04,5919,520,rsa,0.0251194778829813
taskonomy/autoencoding,encoder.layer2.1.relu,V4,train,sub-04,5919,610,rsa,0.03833485022187233
taskonomy/autoencoding,encoder.layer2.1.relu,V3A,train,sub-04,5919,232,rsa,0.005335128400474787
taskonomy/autoencoding,encoder.layer2.1.relu,V3B,train,sub-04,5919,150,rsa,0.011815455742180347
taskonomy/autoencoding,encoder.layer2.1.relu,V6,train,sub-04,5919,58,rsa,0.005422074813395739
taskonomy/autoencoding,encoder.layer2.1.relu,V6A,train,sub-04,5919,38,rsa,0.007343843579292297
taskonomy/autoencoding,encoder.layer2.1.relu,V7,train,sub-04,5919,77,rsa,0.011057173833251
taskonomy/autoencoding,encoder.layer2.1.relu,V8,train,sub-04,5919,111,rsa,0.030127236619591713
taskonomy/autoencoding,encoder.layer2.1.relu,FFC,train,sub-04,5919,312,rsa,0.038313720375299454
taskonomy/autoencoding,encoder.layer2.1.relu,PIT,train,sub-04,5919,118,rsa,0.016439354047179222
taskonomy/autoencoding,encoder.layer2.1.relu,IPS1,train,sub-04,5919,232,rsa,0.02180786244571209
taskonomy/autoencoding,encoder.layer2.1.relu,MST,train,sub-04,5919,142,rsa,0.045176636427640915
taskonomy/autoencoding,encoder.layer2.1.relu,MT,train,sub-04,5919,100,rsa,0.02183479070663452
taskonomy/autoencoding,encoder.layer2.1.relu,FST,train,sub-04,5919,175,rsa,0.03384041041135788
taskonomy/autoencoding,encoder.layer2.1.relu,LO1,train,sub-04,5919,80,rsa,0.01730971410870552
taskonomy/autoencoding,encoder.layer2.1.relu,LO2,train,sub-04,5919,83,rsa,0.022555360570549965
taskonomy/autoencoding,encoder.layer2.1.relu,LO3,train,sub-04,5919,118,rsa,0.026786506175994873
taskonomy/autoencoding,encoder.layer2.1.relu,V7,train,sub-04,5919,77,rsa,0.011057173833251
taskonomy/autoencoding,encoder.layer2.1.relu,IP0,train,sub-04,5919,196,rsa,0.02173430845141411
taskonomy/autoencoding,encoder.layer2.1.relu,IP1,train,sub-04,5919,49,rsa,0.007505658082664013
taskonomy/autoencoding,encoder.layer2.1.relu,MIP,train,sub-04,5919,237,rsa,0.007785084657371044
taskonomy/autoencoding,encoder.layer2.1.relu,VIP,train,sub-04,5919,198,rsa,0.004497852176427841
taskonomy/autoencoding,encoder.layer2.1.relu,LIPd,train,sub-04,5919,28,rsa,0.006273285485804081
taskonomy/autoencoding,encoder.layer2.1.relu,LIPv,train,sub-04,5919,149,rsa,0.004596826620399952
taskonomy/autoencoding,encoder.layer2.1.relu,AIP,train,sub-04,5919,221,rsa,0.0010524808894842863
taskonomy/autoencoding,encoder.layer2.1.relu,7Pm,train,sub-04,5919,39,rsa,0.0038307500071823597
taskonomy/autoencoding,encoder.layer2.1.relu,7PL,train,sub-04,5919,104,rsa,0.0041474890895187855
taskonomy/autoencoding,encoder.layer2.1.relu,7PC,train,sub-04,5919,260,rsa,0.004446760751307011
taskonomy/autoencoding,encoder.layer2.1.relu,7Am,train,sub-04,5919,207,rsa,0.00631258450448513
taskonomy/autoencoding,encoder.layer2.1.relu,7AL,train,sub-04,5919,180,rsa,0.004388818051666021
taskonomy/autoencoding,encoder.layer2.1.relu,VVC,train,sub-04,5919,170,rsa,0.026450790464878082
taskonomy/autoencoding,encoder.layer2.1.relu,VMV2,train,sub-04,5919,115,rsa,0.018957119435071945
taskonomy/autoencoding,encoder.layer2.1.relu,VMV3,train,sub-04,5919,115,rsa,0.01426024828106165
taskonomy/autoencoding,encoder.layer2.1.relu,VMV1,train,sub-04,5919,53,rsa,0.017653852701187134
taskonomy/autoencoding,encoder.layer2.1.relu,PHA2,train,sub-04,5919,11,rsa,0.014360719360411167
taskonomy/autoencoding,encoder.layer2.1.relu,PHA3,train,sub-04,5919,87,rsa,0.00817252229899168
taskonomy/autoencoding,encoder.layer2.1.relu,PH,train,sub-04,5919,340,rsa,0.031971611082553864
taskonomy/autoencoding,encoder.layer2.2.relu,V1,train,sub-04,5919,523,rsa,0.04614778235554695
taskonomy/autoencoding,encoder.layer2.2.relu,V2,train,sub-04,5919,638,rsa,0.03162474185228348
taskonomy/autoencoding,encoder.layer2.2.relu,V3,train,sub-04,5919,520,rsa,0.02431674674153328
taskonomy/autoencoding,encoder.layer2.2.relu,V4,train,sub-04,5919,610,rsa,0.03572038933634758
taskonomy/autoencoding,encoder.layer2.2.relu,V3A,train,sub-04,5919,232,rsa,0.00421617366373539
taskonomy/autoencoding,encoder.layer2.2.relu,V3B,train,sub-04,5919,150,rsa,0.01030975766479969
taskonomy/autoencoding,encoder.layer2.2.relu,V6,train,sub-04,5919,58,rsa,0.005168757401406765
taskonomy/autoencoding,encoder.layer2.2.relu,V6A,train,sub-04,5919,38,rsa,0.006329252850264311
taskonomy/autoencoding,encoder.layer2.2.relu,V7,train,sub-04,5919,77,rsa,0.010158538818359375
taskonomy/autoencoding,encoder.layer2.2.relu,V8,train,sub-04,5919,111,rsa,0.02841823920607567
taskonomy/autoencoding,encoder.layer2.2.relu,FFC,train,sub-04,5919,312,rsa,0.03688649833202362
taskonomy/autoencoding,encoder.layer2.2.relu,PIT,train,sub-04,5919,118,rsa,0.01533527858555317
taskonomy/autoencoding,encoder.layer2.2.relu,IPS1,train,sub-04,5919,232,rsa,0.02094062604010105
taskonomy/autoencoding,encoder.layer2.2.relu,MST,train,sub-04,5919,142,rsa,0.04516085237264633
taskonomy/autoencoding,encoder.layer2.2.relu,MT,train,sub-04,5919,100,rsa,0.021464519202709198
taskonomy/autoencoding,encoder.layer2.2.relu,FST,train,sub-04,5919,175,rsa,0.03274577111005783
taskonomy/autoencoding,encoder.layer2.2.relu,LO1,train,sub-04,5919,80,rsa,0.01632527820765972
taskonomy/autoencoding,encoder.layer2.2.relu,LO2,train,sub-04,5919,83,rsa,0.021669471636414528
taskonomy/autoencoding,encoder.layer2.2.relu,LO3,train,sub-04,5919,118,rsa,0.02553262561559677
taskonomy/autoencoding,encoder.layer2.2.relu,V7,train,sub-04,5919,77,rsa,0.010158538818359375
taskonomy/autoencoding,encoder.layer2.2.relu,IP0,train,sub-04,5919,196,rsa,0.020378166809678078
taskonomy/autoencoding,encoder.layer2.2.relu,IP1,train,sub-04,5919,49,rsa,0.007277481257915497
taskonomy/autoencoding,encoder.layer2.2.relu,MIP,train,sub-04,5919,237,rsa,0.006644460838288069
taskonomy/autoencoding,encoder.layer2.2.relu,VIP,train,sub-04,5919,198,rsa,0.003487983951345086
taskonomy/autoencoding,encoder.layer2.2.relu,LIPd,train,sub-04,5919,28,rsa,0.006457867566496134
taskonomy/autoencoding,encoder.layer2.2.relu,LIPv,train,sub-04,5919,149,rsa,0.0041582416743040085
taskonomy/autoencoding,encoder.layer2.2.relu,AIP,train,sub-04,5919,221,rsa,0.0010312297381460667
taskonomy/autoencoding,encoder.layer2.2.relu,7Pm,train,sub-04,5919,39,rsa,0.0036091916263103485
taskonomy/autoencoding,encoder.layer2.2.relu,7PL,train,sub-04,5919,104,rsa,0.003398836823180318
taskonomy/autoencoding,encoder.layer2.2.relu,7PC,train,sub-04,5919,260,rsa,0.00396316172555089
taskonomy/autoencoding,encoder.layer2.2.relu,7Am,train,sub-04,5919,207,rsa,0.005365796387195587
taskonomy/autoencoding,encoder.layer2.2.relu,7AL,train,sub-04,5919,180,rsa,0.003343229414895177
taskonomy/autoencoding,encoder.layer2.2.relu,VVC,train,sub-04,5919,170,rsa,0.02448023110628128
taskonomy/autoencoding,encoder.layer2.2.relu,VMV2,train,sub-04,5919,115,rsa,0.017823897302150726
taskonomy/autoencoding,encoder.layer2.2.relu,VMV3,train,sub-04,5919,115,rsa,0.013755202293395996
taskonomy/autoencoding,encoder.layer2.2.relu,VMV1,train,sub-04,5919,53,rsa,0.016382915899157524
taskonomy/autoencoding,encoder.layer2.2.relu,PHA2,train,sub-04,5919,11,rsa,0.013421500101685524
taskonomy/autoencoding,encoder.layer2.2.relu,PHA3,train,sub-04,5919,87,rsa,0.007192485965788364
taskonomy/autoencoding,encoder.layer2.2.relu,PH,train,sub-04,5919,340,rsa,0.030539194121956825
taskonomy/autoencoding,encoder.layer3.0.relu,V1,train,sub-04,5919,523,rsa,0.049060530960559845
taskonomy/autoencoding,encoder.layer3.0.relu,V2,train,sub-04,5919,638,rsa,0.034784115850925446
taskonomy/autoencoding,encoder.layer3.0.relu,V3,train,sub-04,5919,520,rsa,0.026641888543963432
taskonomy/autoencoding,encoder.layer3.0.relu,V4,train,sub-04,5919,610,rsa,0.03824537247419357
taskonomy/autoencoding,encoder.layer3.0.relu,V3A,train,sub-04,5919,232,rsa,0.005673196166753769
taskonomy/autoencoding,encoder.layer3.0.relu,V3B,train,sub-04,5919,150,rsa,0.011530221439898014
taskonomy/autoencoding,encoder.layer3.0.relu,V6,train,sub-04,5919,58,rsa,0.00591716542840004
taskonomy/autoencoding,encoder.layer3.0.relu,V6A,train,sub-04,5919,38,rsa,0.006729344371706247
taskonomy/autoencoding,encoder.layer3.0.relu,V7,train,sub-04,5919,77,rsa,0.010928546078503132
taskonomy/autoencoding,encoder.layer3.0.relu,V8,train,sub-04,5919,111,rsa,0.03172004595398903
taskonomy/autoencoding,encoder.layer3.0.relu,FFC,train,sub-04,5919,312,rsa,0.03856687992811203
taskonomy/autoencoding,encoder.layer3.0.relu,PIT,train,sub-04,5919,118,rsa,0.016177542507648468
taskonomy/autoencoding,encoder.layer3.0.relu,IPS1,train,sub-04,5919,232,rsa,0.022383268922567368
taskonomy/autoencoding,encoder.layer3.0.relu,MST,train,sub-04,5919,142,rsa,0.04790543019771576
taskonomy/autoencoding,encoder.layer3.0.relu,MT,train,sub-04,5919,100,rsa,0.022286085411906242
taskonomy/autoencoding,encoder.layer3.0.relu,FST,train,sub-04,5919,175,rsa,0.03425123542547226
taskonomy/autoencoding,encoder.layer3.0.relu,LO1,train,sub-04,5919,80,rsa,0.01730753853917122
taskonomy/autoencoding,encoder.layer3.0.relu,LO2,train,sub-04,5919,83,rsa,0.022651024162769318
taskonomy/autoencoding,encoder.layer3.0.relu,LO3,train,sub-04,5919,118,rsa,0.026572324335575104
taskonomy/autoencoding,encoder.layer3.0.relu,V7,train,sub-04,5919,77,rsa,0.010928546078503132
taskonomy/autoencoding,encoder.layer3.0.relu,IP0,train,sub-04,5919,196,rsa,0.021148763597011566
taskonomy/autoencoding,encoder.layer3.0.relu,IP1,train,sub-04,5919,49,rsa,0.008062089793384075
taskonomy/autoencoding,encoder.layer3.0.relu,MIP,train,sub-04,5919,237,rsa,0.0072303656488657
taskonomy/autoencoding,encoder.layer3.0.relu,VIP,train,sub-04,5919,198,rsa,0.0036599873565137386
taskonomy/autoencoding,encoder.layer3.0.relu,LIPd,train,sub-04,5919,28,rsa,0.006416057702153921
taskonomy/autoencoding,encoder.layer3.0.relu,LIPv,train,sub-04,5919,149,rsa,0.0044546001590788364
taskonomy/autoencoding,encoder.layer3.0.relu,AIP,train,sub-04,5919,221,rsa,0.0010302350856363773
taskonomy/autoencoding,encoder.layer3.0.relu,7Pm,train,sub-04,5919,39,rsa,0.003946989309042692
taskonomy/autoencoding,encoder.layer3.0.relu,7PL,train,sub-04,5919,104,rsa,0.0039467280730605125
taskonomy/autoencoding,encoder.layer3.0.relu,7PC,train,sub-04,5919,260,rsa,0.00441400334239006
taskonomy/autoencoding,encoder.layer3.0.relu,7Am,train,sub-04,5919,207,rsa,0.0061982604674994946
taskonomy/autoencoding,encoder.layer3.0.relu,7AL,train,sub-04,5919,180,rsa,0.003944857511669397
taskonomy/autoencoding,encoder.layer3.0.relu,VVC,train,sub-04,5919,170,rsa,0.025586310774087906
taskonomy/autoencoding,encoder.layer3.0.relu,VMV2,train,sub-04,5919,115,rsa,0.01896706037223339
taskonomy/autoencoding,encoder.layer3.0.relu,VMV3,train,sub-04,5919,115,rsa,0.016193002462387085
taskonomy/autoencoding,encoder.layer3.0.relu,VMV1,train,sub-04,5919,53,rsa,0.01713259518146515
taskonomy/autoencoding,encoder.layer3.0.relu,PHA2,train,sub-04,5919,11,rsa,0.013491099700331688
taskonomy/autoencoding,encoder.layer3.0.relu,PHA3,train,sub-04,5919,87,rsa,0.007842553779482841
taskonomy/autoencoding,encoder.layer3.0.relu,PH,train,sub-04,5919,340,rsa,0.03194378316402435
taskonomy/autoencoding,encoder.layer3.1.relu,V1,train,sub-04,5919,523,rsa,0.03522226959466934
taskonomy/autoencoding,encoder.layer3.1.relu,V2,train,sub-04,5919,638,rsa,0.0260086040943861
taskonomy/autoencoding,encoder.layer3.1.relu,V3,train,sub-04,5919,520,rsa,0.02076532691717148
taskonomy/autoencoding,encoder.layer3.1.relu,V4,train,sub-04,5919,610,rsa,0.02723415195941925
taskonomy/autoencoding,encoder.layer3.1.relu,V3A,train,sub-04,5919,232,rsa,0.002780793234705925
taskonomy/autoencoding,encoder.layer3.1.relu,V3B,train,sub-04,5919,150,rsa,0.007568778470158577
taskonomy/autoencoding,encoder.layer3.1.relu,V6,train,sub-04,5919,58,rsa,0.004421846475452185
taskonomy/autoencoding,encoder.layer3.1.relu,V6A,train,sub-04,5919,38,rsa,0.0042795357294380665
taskonomy/autoencoding,encoder.layer3.1.relu,V7,train,sub-04,5919,77,rsa,0.007232519797980785
taskonomy/autoencoding,encoder.layer3.1.relu,V8,train,sub-04,5919,111,rsa,0.02317083068192005
taskonomy/autoencoding,encoder.layer3.1.relu,FFC,train,sub-04,5919,312,rsa,0.02884148247539997
taskonomy/autoencoding,encoder.layer3.1.relu,PIT,train,sub-04,5919,118,rsa,0.011679849587380886
taskonomy/autoencoding,encoder.layer3.1.relu,IPS1,train,sub-04,5919,232,rsa,0.016348151490092278
taskonomy/autoencoding,encoder.layer3.1.relu,MST,train,sub-04,5919,142,rsa,0.03675663843750954
taskonomy/autoencoding,encoder.layer3.1.relu,MT,train,sub-04,5919,100,rsa,0.01612444780766964
taskonomy/autoencoding,encoder.layer3.1.relu,FST,train,sub-04,5919,175,rsa,0.02545374259352684
taskonomy/autoencoding,encoder.layer3.1.relu,LO1,train,sub-04,5919,80,rsa,0.012066957540810108
taskonomy/autoencoding,encoder.layer3.1.relu,LO2,train,sub-04,5919,83,rsa,0.016240479424595833
taskonomy/autoencoding,encoder.layer3.1.relu,LO3,train,sub-04,5919,118,rsa,0.018946651369333267
taskonomy/autoencoding,encoder.layer3.1.relu,V7,train,sub-04,5919,77,rsa,0.007232519797980785
taskonomy/autoencoding,encoder.layer3.1.relu,IP0,train,sub-04,5919,196,rsa,0.0149316918104887
taskonomy/autoencoding,encoder.layer3.1.relu,IP1,train,sub-04,5919,49,rsa,0.0058640725910663605
taskonomy/autoencoding,encoder.layer3.1.relu,MIP,train,sub-04,5919,237,rsa,0.004259547684341669
taskonomy/autoencoding,encoder.layer3.1.relu,VIP,train,sub-04,5919,198,rsa,0.0012252186425030231
taskonomy/autoencoding,encoder.layer3.1.relu,LIPd,train,sub-04,5919,28,rsa,0.004883355926722288
taskonomy/autoencoding,encoder.layer3.1.relu,LIPv,train,sub-04,5919,149,rsa,0.0028319410048425198
taskonomy/autoencoding,encoder.layer3.1.relu,AIP,train,sub-04,5919,221,rsa,0.0007629822357557714
taskonomy/autoencoding,encoder.layer3.1.relu,7Pm,train,sub-04,5919,39,rsa,0.002715843264013529
taskonomy/autoencoding,encoder.layer3.1.relu,7PL,train,sub-04,5919,104,rsa,0.0018218857003375888
taskonomy/autoencoding,encoder.layer3.1.relu,7PC,train,sub-04,5919,260,rsa,0.0027888831682503223
taskonomy/autoencoding,encoder.layer3.1.relu,7Am,train,sub-04,5919,207,rsa,0.003777129342779517
taskonomy/autoencoding,encoder.layer3.1.relu,7AL,train,sub-04,5919,180,rsa,0.001371818478219211
taskonomy/autoencoding,encoder.layer3.1.relu,VVC,train,sub-04,5919,170,rsa,0.01808157190680504
taskonomy/autoencoding,encoder.layer3.1.relu,VMV2,train,sub-04,5919,115,rsa,0.014582531526684761
taskonomy/autoencoding,encoder.layer3.1.relu,VMV3,train,sub-04,5919,115,rsa,0.01203904114663601
taskonomy/autoencoding,encoder.layer3.1.relu,VMV1,train,sub-04,5919,53,rsa,0.011672857217490673
taskonomy/autoencoding,encoder.layer3.1.relu,PHA2,train,sub-04,5919,11,rsa,0.009601987898349762
taskonomy/autoencoding,encoder.layer3.1.relu,PHA3,train,sub-04,5919,87,rsa,0.004653437528759241
taskonomy/autoencoding,encoder.layer3.1.relu,PH,train,sub-04,5919,340,rsa,0.023790232837200165
taskonomy/autoencoding,encoder.layer3.2.relu,V1,train,sub-04,5919,523,rsa,0.025442978367209435
taskonomy/autoencoding,encoder.layer3.2.relu,V2,train,sub-04,5919,638,rsa,0.01899709738790989
taskonomy/autoencoding,encoder.layer3.2.relu,V3,train,sub-04,5919,520,rsa,0.015663905069231987
taskonomy/autoencoding,encoder.layer3.2.relu,V4,train,sub-04,5919,610,rsa,0.019736532121896744
taskonomy/autoencoding,encoder.layer3.2.relu,V3A,train,sub-04,5919,232,rsa,0.001258530537597835
taskonomy/autoencoding,encoder.layer3.2.relu,V3B,train,sub-04,5919,150,rsa,0.005169838201254606
taskonomy/autoencoding,encoder.layer3.2.relu,V6,train,sub-04,5919,58,rsa,0.003336152760311961
taskonomy/autoencoding,encoder.layer3.2.relu,V6A,train,sub-04,5919,38,rsa,0.0031023076735436916
taskonomy/autoencoding,encoder.layer3.2.relu,V7,train,sub-04,5919,77,rsa,0.005191606003791094
taskonomy/autoencoding,encoder.layer3.2.relu,V8,train,sub-04,5919,111,rsa,0.01710597425699234
taskonomy/autoencoding,encoder.layer3.2.relu,FFC,train,sub-04,5919,312,rsa,0.02248619683086872
taskonomy/autoencoding,encoder.layer3.2.relu,PIT,train,sub-04,5919,118,rsa,0.00859865453094244
taskonomy/autoencoding,encoder.layer3.2.relu,IPS1,train,sub-04,5919,232,rsa,0.012152195908129215
taskonomy/autoencoding,encoder.layer3.2.relu,MST,train,sub-04,5919,142,rsa,0.028176702558994293
taskonomy/autoencoding,encoder.layer3.2.relu,MT,train,sub-04,5919,100,rsa,0.011859823018312454
taskonomy/autoencoding,encoder.layer3.2.relu,FST,train,sub-04,5919,175,rsa,0.019562141969799995
taskonomy/autoencoding,encoder.layer3.2.relu,LO1,train,sub-04,5919,80,rsa,0.008572977036237717
taskonomy/autoencoding,encoder.layer3.2.relu,LO2,train,sub-04,5919,83,rsa,0.012239634990692139
taskonomy/autoencoding,encoder.layer3.2.relu,LO3,train,sub-04,5919,118,rsa,0.014093643054366112
taskonomy/autoencoding,encoder.layer3.2.relu,V7,train,sub-04,5919,77,rsa,0.005191606003791094
taskonomy/autoencoding,encoder.layer3.2.relu,IP0,train,sub-04,5919,196,rsa,0.010776447132229805
taskonomy/autoencoding,encoder.layer3.2.relu,IP1,train,sub-04,5919,49,rsa,0.004362515639513731
taskonomy/autoencoding,encoder.layer3.2.relu,MIP,train,sub-04,5919,237,rsa,0.0028008047956973314
taskonomy/autoencoding,encoder.layer3.2.relu,VIP,train,sub-04,5919,198,rsa,9.994691936299205e-05
taskonomy/autoencoding,encoder.layer3.2.relu,LIPd,train,sub-04,5919,28,rsa,0.0037309196777641773
taskonomy/autoencoding,encoder.layer3.2.relu,LIPv,train,sub-04,5919,149,rsa,0.0019556384067982435
taskonomy/autoencoding,encoder.layer3.2.relu,AIP,train,sub-04,5919,221,rsa,0.0004736508708447218
taskonomy/autoencoding,encoder.layer3.2.relu,7Pm,train,sub-04,5919,39,rsa,0.001819139695726335
taskonomy/autoencoding,encoder.layer3.2.relu,7PL,train,sub-04,5919,104,rsa,0.0008973691146820784
taskonomy/autoencoding,encoder.layer3.2.relu,7PC,train,sub-04,5919,260,rsa,0.0016876169247552752
taskonomy/autoencoding,encoder.layer3.2.relu,7Am,train,sub-04,5919,207,rsa,0.002186631551012397
taskonomy/autoencoding,encoder.layer3.2.relu,7AL,train,sub-04,5919,180,rsa,0.00024035709793679416
taskonomy/autoencoding,encoder.layer3.2.relu,VVC,train,sub-04,5919,170,rsa,0.013647548854351044
taskonomy/autoencoding,encoder.layer3.2.relu,VMV2,train,sub-04,5919,115,rsa,0.011532643809914589
taskonomy/autoencoding,encoder.layer3.2.relu,VMV3,train,sub-04,5919,115,rsa,0.008988545276224613
taskonomy/autoencoding,encoder.layer3.2.relu,VMV1,train,sub-04,5919,53,rsa,0.00827999971807003
taskonomy/autoencoding,encoder.layer3.2.relu,PHA2,train,sub-04,5919,11,rsa,0.007034147623926401
taskonomy/autoencoding,encoder.layer3.2.relu,PHA3,train,sub-04,5919,87,rsa,0.0028104078955948353
taskonomy/autoencoding,encoder.layer3.2.relu,PH,train,sub-04,5919,340,rsa,0.018383437767624855
taskonomy/autoencoding,encoder.layer3.3.relu,V1,train,sub-04,5919,523,rsa,0.019052373245358467
taskonomy/autoencoding,encoder.layer3.3.relu,V2,train,sub-04,5919,638,rsa,0.014363045804202557
taskonomy/autoencoding,encoder.layer3.3.relu,V3,train,sub-04,5919,520,rsa,0.012148531153798103
taskonomy/autoencoding,encoder.layer3.3.relu,V4,train,sub-04,5919,610,rsa,0.014872109517455101
taskonomy/autoencoding,encoder.layer3.3.relu,V3A,train,sub-04,5919,232,rsa,0.0004957002820447087
taskonomy/autoencoding,encoder.layer3.3.relu,V3B,train,sub-04,5919,150,rsa,0.003719872562214732
taskonomy/autoencoding,encoder.layer3.3.relu,V6,train,sub-04,5919,58,rsa,0.002562758047133684
taskonomy/autoencoding,encoder.layer3.3.relu,V6A,train,sub-04,5919,38,rsa,0.0024558790028095245
taskonomy/autoencoding,encoder.layer3.3.relu,V7,train,sub-04,5919,77,rsa,0.003969484940171242
taskonomy/autoencoding,encoder.layer3.3.relu,V8,train,sub-04,5919,111,rsa,0.013102126307785511
taskonomy/autoencoding,encoder.layer3.3.relu,FFC,train,sub-04,5919,312,rsa,0.018216440454125404
taskonomy/autoencoding,encoder.layer3.3.relu,PIT,train,sub-04,5919,118,rsa,0.006655591074377298
taskonomy/autoencoding,encoder.layer3.3.relu,IPS1,train,sub-04,5919,232,rsa,0.009459873661398888
taskonomy/autoencoding,encoder.layer3.3.relu,MST,train,sub-04,5919,142,rsa,0.022458432242274284
taskonomy/autoencoding,encoder.layer3.3.relu,MT,train,sub-04,5919,100,rsa,0.009013417176902294
taskonomy/autoencoding,encoder.layer3.3.relu,FST,train,sub-04,5919,175,rsa,0.01577071286737919
taskonomy/autoencoding,encoder.layer3.3.relu,LO1,train,sub-04,5919,80,rsa,0.006398752797394991
taskonomy/autoencoding,encoder.layer3.3.relu,LO2,train,sub-04,5919,83,rsa,0.009706202894449234
taskonomy/autoencoding,encoder.layer3.3.relu,LO3,train,sub-04,5919,118,rsa,0.010931356810033321
taskonomy/autoencoding,encoder.layer3.3.relu,V7,train,sub-04,5919,77,rsa,0.003969484940171242
taskonomy/autoencoding,encoder.layer3.3.relu,IP0,train,sub-04,5919,196,rsa,0.008067510090768337
taskonomy/autoencoding,encoder.layer3.3.relu,IP1,train,sub-04,5919,49,rsa,0.003391365287825465
taskonomy/autoencoding,encoder.layer3.3.relu,MIP,train,sub-04,5919,237,rsa,0.002017915714532137
taskonomy/autoencoding,encoder.layer3.3.relu,VIP,train,sub-04,5919,198,rsa,-0.00046073441626504064
taskonomy/autoencoding,encoder.layer3.3.relu,LIPd,train,sub-04,5919,28,rsa,0.0030078052077442408
taskonomy/autoencoding,encoder.layer3.3.relu,LIPv,train,sub-04,5919,149,rsa,0.0014818799681961536
taskonomy/autoencoding,encoder.layer3.3.relu,AIP,train,sub-04,5919,221,rsa,0.0003604376979637891
taskonomy/autoencoding,encoder.layer3.3.relu,7Pm,train,sub-04,5919,39,rsa,0.0012258192291483283
taskonomy/autoencoding,encoder.layer3.3.relu,7PL,train,sub-04,5919,104,rsa,0.00035018863854929805
taskonomy/autoencoding,encoder.layer3.3.relu,7PC,train,sub-04,5919,260,rsa,0.001082570175640285
taskonomy/autoencoding,encoder.layer3.3.relu,7Am,train,sub-04,5919,207,rsa,0.0012335439678281546
taskonomy/autoencoding,encoder.layer3.3.relu,7AL,train,sub-04,5919,180,rsa,-0.0003822247381322086
taskonomy/autoencoding,encoder.layer3.3.relu,VVC,train,sub-04,5919,170,rsa,0.01070102583616972
taskonomy/autoencoding,encoder.layer3.3.relu,VMV2,train,sub-04,5919,115,rsa,0.009342435747385025
taskonomy/autoencoding,encoder.layer3.3.relu,VMV3,train,sub-04,5919,115,rsa,0.006909074727445841
taskonomy/autoencoding,encoder.layer3.3.relu,VMV1,train,sub-04,5919,53,rsa,0.0060833836905658245
taskonomy/autoencoding,encoder.layer3.3.relu,PHA2,train,sub-04,5919,11,rsa,0.005302483215928078
taskonomy/autoencoding,encoder.layer3.3.relu,PHA3,train,sub-04,5919,87,rsa,0.0017114378279075027
taskonomy/autoencoding,encoder.layer3.3.relu,PH,train,sub-04,5919,340,rsa,0.014733538962900639
taskonomy/autoencoding,encoder.layer3.4.relu,V1,train,sub-04,5919,523,rsa,0.015986042097210884
taskonomy/autoencoding,encoder.layer3.4.relu,V2,train,sub-04,5919,638,rsa,0.012095280922949314
taskonomy/autoencoding,encoder.layer3.4.relu,V3,train,sub-04,5919,520,rsa,0.010468646883964539
taskonomy/autoencoding,encoder.layer3.4.relu,V4,train,sub-04,5919,610,rsa,0.0125481728464365
taskonomy/autoencoding,encoder.layer3.4.relu,V3A,train,sub-04,5919,232,rsa,6.5679269027896225e-06
taskonomy/autoencoding,encoder.layer3.4.relu,V3B,train,sub-04,5919,150,rsa,0.002978521166369319
taskonomy/autoencoding,encoder.layer3.4.relu,V6,train,sub-04,5919,58,rsa,0.002221837406978011
taskonomy/autoencoding,encoder.layer3.4.relu,V6A,train,sub-04,5919,38,rsa,0.00203559547662735
taskonomy/autoencoding,encoder.layer3.4.relu,V7,train,sub-04,5919,77,rsa,0.0033069904893636703
taskonomy/autoencoding,encoder.layer3.4.relu,V8,train,sub-04,5919,111,rsa,0.011113259010016918
taskonomy/autoencoding,encoder.layer3.4.relu,FFC,train,sub-04,5919,312,rsa,0.01584247127175331
taskonomy/autoencoding,encoder.layer3.4.relu,PIT,train,sub-04,5919,118,rsa,0.00561800180003047
taskonomy/autoencoding,encoder.layer3.4.relu,IPS1,train,sub-04,5919,232,rsa,0.007931604981422424
taskonomy/autoencoding,encoder.layer3.4.relu,MST,train,sub-04,5919,142,rsa,0.01931004598736763
taskonomy/autoencoding,encoder.layer3.4.relu,MT,train,sub-04,5919,100,rsa,0.007625272497534752
taskonomy/autoencoding,encoder.layer3.4.relu,FST,train,sub-04,5919,175,rsa,0.013739480637013912
taskonomy/autoencoding,encoder.layer3.4.relu,LO1,train,sub-04,5919,80,rsa,0.005380675196647644
taskonomy/autoencoding,encoder.layer3.4.relu,LO2,train,sub-04,5919,83,rsa,0.008393948897719383
taskonomy/autoencoding,encoder.layer3.4.relu,LO3,train,sub-04,5919,118,rsa,0.009307933039963245
taskonomy/autoencoding,encoder.layer3.4.relu,V7,train,sub-04,5919,77,rsa,0.0033069904893636703
taskonomy/autoencoding,encoder.layer3.4.relu,IP0,train,sub-04,5919,196,rsa,0.006686942186206579
taskonomy/autoencoding,encoder.layer3.4.relu,IP1,train,sub-04,5919,49,rsa,0.002861522138118744
taskonomy/autoencoding,encoder.layer3.4.relu,MIP,train,sub-04,5919,237,rsa,0.0016564108664169908
taskonomy/autoencoding,encoder.layer3.4.relu,VIP,train,sub-04,5919,198,rsa,-0.0007203416898846626
taskonomy/autoencoding,encoder.layer3.4.relu,LIPd,train,sub-04,5919,28,rsa,0.0025642956607043743
taskonomy/autoencoding,encoder.layer3.4.relu,LIPv,train,sub-04,5919,149,rsa,0.0012045917101204395
taskonomy/autoencoding,encoder.layer3.4.relu,AIP,train,sub-04,5919,221,rsa,0.0002411783061688766
taskonomy/autoencoding,encoder.layer3.4.relu,7Pm,train,sub-04,5919,39,rsa,0.0009291977621614933
taskonomy/autoencoding,encoder.layer3.4.relu,7PL,train,sub-04,5919,104,rsa,0.00019106734544038773
taskonomy/autoencoding,encoder.layer3.4.relu,7PC,train,sub-04,5919,260,rsa,0.0007166156428866088
taskonomy/autoencoding,encoder.layer3.4.relu,7Am,train,sub-04,5919,207,rsa,0.0007643553544767201
taskonomy/autoencoding,encoder.layer3.4.relu,7AL,train,sub-04,5919,180,rsa,-0.0006672741728834808
taskonomy/autoencoding,encoder.layer3.4.relu,VVC,train,sub-04,5919,170,rsa,0.009316499345004559
taskonomy/autoencoding,encoder.layer3.4.relu,VMV2,train,sub-04,5919,115,rsa,0.008221437223255634
taskonomy/autoencoding,encoder.layer3.4.relu,VMV3,train,sub-04,5919,115,rsa,0.00585527578368783
taskonomy/autoencoding,encoder.layer3.4.relu,VMV1,train,sub-04,5919,53,rsa,0.005027461796998978
taskonomy/autoencoding,encoder.layer3.4.relu,PHA2,train,sub-04,5919,11,rsa,0.004401516169309616
taskonomy/autoencoding,encoder.layer3.4.relu,PHA3,train,sub-04,5919,87,rsa,0.0012059953296557069
taskonomy/autoencoding,encoder.layer3.4.relu,PH,train,sub-04,5919,340,rsa,0.012771433219313622
taskonomy/autoencoding,encoder.layer3.5.relu,V1,train,sub-04,5919,523,rsa,0.015775397419929504
taskonomy/autoencoding,encoder.layer3.5.relu,V2,train,sub-04,5919,638,rsa,0.011940163560211658
taskonomy/autoencoding,encoder.layer3.5.relu,V3,train,sub-04,5919,520,rsa,0.010558338835835457
taskonomy/autoencoding,encoder.layer3.5.relu,V4,train,sub-04,5919,610,rsa,0.01256180927157402
taskonomy/autoencoding,encoder.layer3.5.relu,V3A,train,sub-04,5919,232,rsa,-0.0005347557016648352
taskonomy/autoencoding,encoder.layer3.5.relu,V3B,train,sub-04,5919,150,rsa,0.0027396033983677626
taskonomy/autoencoding,encoder.layer3.5.relu,V6,train,sub-04,5919,58,rsa,0.0022353697568178177
taskonomy/autoencoding,encoder.layer3.5.relu,V6A,train,sub-04,5919,38,rsa,0.001586557598784566
taskonomy/autoencoding,encoder.layer3.5.relu,V7,train,sub-04,5919,77,rsa,0.002932901494204998
taskonomy/autoencoding,encoder.layer3.5.relu,V8,train,sub-04,5919,111,rsa,0.011179394088685513
taskonomy/autoencoding,encoder.layer3.5.relu,FFC,train,sub-04,5919,312,rsa,0.014946538023650646
taskonomy/autoencoding,encoder.layer3.5.relu,PIT,train,sub-04,5919,118,rsa,0.005286532919853926
taskonomy/autoencoding,encoder.layer3.5.relu,IPS1,train,sub-04,5919,232,rsa,0.007590330671519041
taskonomy/autoencoding,encoder.layer3.5.relu,MST,train,sub-04,5919,142,rsa,0.018476562574505806
taskonomy/autoencoding,encoder.layer3.5.relu,MT,train,sub-04,5919,100,rsa,0.007621385622769594
taskonomy/autoencoding,encoder.layer3.5.relu,FST,train,sub-04,5919,175,rsa,0.013145390897989273
taskonomy/autoencoding,encoder.layer3.5.relu,LO1,train,sub-04,5919,80,rsa,0.005407863296568394
taskonomy/autoencoding,encoder.layer3.5.relu,LO2,train,sub-04,5919,83,rsa,0.007925334386527538
taskonomy/autoencoding,encoder.layer3.5.relu,LO3,train,sub-04,5919,118,rsa,0.00917842984199524
taskonomy/autoencoding,encoder.layer3.5.relu,V7,train,sub-04,5919,77,rsa,0.002932901494204998
taskonomy/autoencoding,encoder.layer3.5.relu,IP0,train,sub-04,5919,196,rsa,0.006446726154536009
taskonomy/autoencoding,encoder.layer3.5.relu,IP1,train,sub-04,5919,49,rsa,0.0028262773994356394
taskonomy/autoencoding,encoder.layer3.5.relu,MIP,train,sub-04,5919,237,rsa,0.0016434512799605727
taskonomy/autoencoding,encoder.layer3.5.relu,VIP,train,sub-04,5919,198,rsa,-0.0008915235521271825
taskonomy/autoencoding,encoder.layer3.5.relu,LIPd,train,sub-04,5919,28,rsa,0.002353837015107274
taskonomy/autoencoding,encoder.layer3.5.relu,LIPv,train,sub-04,5919,149,rsa,0.00104319688398391
taskonomy/autoencoding,encoder.layer3.5.relu,AIP,train,sub-04,5919,221,rsa,2.3580214474350214e-05
taskonomy/autoencoding,encoder.layer3.5.relu,7Pm,train,sub-04,5919,39,rsa,0.0008319105254486203
taskonomy/autoencoding,encoder.layer3.5.relu,7PL,train,sub-04,5919,104,rsa,0.0003171935386490077
taskonomy/autoencoding,encoder.layer3.5.relu,7PC,train,sub-04,5919,260,rsa,0.00048446672735735774
taskonomy/autoencoding,encoder.layer3.5.relu,7Am,train,sub-04,5919,207,rsa,0.0006240528891794384
taskonomy/autoencoding,encoder.layer3.5.relu,7AL,train,sub-04,5919,180,rsa,-0.0007506156107410789
taskonomy/autoencoding,encoder.layer3.5.relu,VVC,train,sub-04,5919,170,rsa,0.009420063346624374
taskonomy/autoencoding,encoder.layer3.5.relu,VMV2,train,sub-04,5919,115,rsa,0.008155202493071556
taskonomy/autoencoding,encoder.layer3.5.relu,VMV3,train,sub-04,5919,115,rsa,0.0057320320047438145
taskonomy/autoencoding,encoder.layer3.5.relu,VMV1,train,sub-04,5919,53,rsa,0.005056632682681084
taskonomy/autoencoding,encoder.layer3.5.relu,PHA2,train,sub-04,5919,11,rsa,0.004286845214664936
taskonomy/autoencoding,encoder.layer3.5.relu,PHA3,train,sub-04,5919,87,rsa,0.0011625770712271333
taskonomy/autoencoding,encoder.layer3.5.relu,PH,train,sub-04,5919,340,rsa,0.012269049882888794
taskonomy/autoencoding,encoder.layer4.0.relu,V1,train,sub-04,5919,523,rsa,0.0483190082013607
taskonomy/autoencoding,encoder.layer4.0.relu,V2,train,sub-04,5919,638,rsa,0.033688344061374664
taskonomy/autoencoding,encoder.layer4.0.relu,V3,train,sub-04,5919,520,rsa,0.02463395707309246
taskonomy/autoencoding,encoder.layer4.0.relu,V4,train,sub-04,5919,610,rsa,0.03608424589037895
taskonomy/autoencoding,encoder.layer4.0.relu,V3A,train,sub-04,5919,232,rsa,0.0076192887499928474
taskonomy/autoencoding,encoder.layer4.0.relu,V3B,train,sub-04,5919,150,rsa,0.012059951201081276
taskonomy/autoencoding,encoder.layer4.0.relu,V6,train,sub-04,5919,58,rsa,0.004514147061854601
taskonomy/autoencoding,encoder.layer4.0.relu,V6A,train,sub-04,5919,38,rsa,0.007543419022113085
taskonomy/autoencoding,encoder.layer4.0.relu,V7,train,sub-04,5919,77,rsa,0.011600499972701073
taskonomy/autoencoding,encoder.layer4.0.relu,V8,train,sub-04,5919,111,rsa,0.02640744298696518
taskonomy/autoencoding,encoder.layer4.0.relu,FFC,train,sub-04,5919,312,rsa,0.035258032381534576
taskonomy/autoencoding,encoder.layer4.0.relu,PIT,train,sub-04,5919,118,rsa,0.014568785205483437
taskonomy/autoencoding,encoder.layer4.0.relu,IPS1,train,sub-04,5919,232,rsa,0.020255930721759796
taskonomy/autoencoding,encoder.layer4.0.relu,MST,train,sub-04,5919,142,rsa,0.0386982224881649
taskonomy/autoencoding,encoder.layer4.0.relu,MT,train,sub-04,5919,100,rsa,0.018746118992567062
taskonomy/autoencoding,encoder.layer4.0.relu,FST,train,sub-04,5919,175,rsa,0.029422936961054802
taskonomy/autoencoding,encoder.layer4.0.relu,LO1,train,sub-04,5919,80,rsa,0.016498522832989693
taskonomy/autoencoding,encoder.layer4.0.relu,LO2,train,sub-04,5919,83,rsa,0.01894679106771946
taskonomy/autoencoding,encoder.layer4.0.relu,LO3,train,sub-04,5919,118,rsa,0.023035405203700066
taskonomy/autoencoding,encoder.layer4.0.relu,V7,train,sub-04,5919,77,rsa,0.011600499972701073
taskonomy/autoencoding,encoder.layer4.0.relu,IP0,train,sub-04,5919,196,rsa,0.019905855879187584
taskonomy/autoencoding,encoder.layer4.0.relu,IP1,train,sub-04,5919,49,rsa,0.007178265601396561
taskonomy/autoencoding,encoder.layer4.0.relu,MIP,train,sub-04,5919,237,rsa,0.007596842013299465
taskonomy/autoencoding,encoder.layer4.0.relu,VIP,train,sub-04,5919,198,rsa,0.004587001167237759
taskonomy/autoencoding,encoder.layer4.0.relu,LIPd,train,sub-04,5919,28,rsa,0.005564308259636164
taskonomy/autoencoding,encoder.layer4.0.relu,LIPv,train,sub-04,5919,149,rsa,0.005005132872611284
taskonomy/autoencoding,encoder.layer4.0.relu,AIP,train,sub-04,5919,221,rsa,0.0008568918565288186
taskonomy/autoencoding,encoder.layer4.0.relu,7Pm,train,sub-04,5919,39,rsa,0.00449522677809
taskonomy/autoencoding,encoder.layer4.0.relu,7PL,train,sub-04,5919,104,rsa,0.004481499083340168
taskonomy/autoencoding,encoder.layer4.0.relu,7PC,train,sub-04,5919,260,rsa,0.004626072943210602
taskonomy/autoencoding,encoder.layer4.0.relu,7Am,train,sub-04,5919,207,rsa,0.005402794573456049
taskonomy/autoencoding,encoder.layer4.0.relu,7AL,train,sub-04,5919,180,rsa,0.003776904661208391
taskonomy/autoencoding,encoder.layer4.0.relu,VVC,train,sub-04,5919,170,rsa,0.025519754737615585
taskonomy/autoencoding,encoder.layer4.0.relu,VMV2,train,sub-04,5919,115,rsa,0.01762937568128109
taskonomy/autoencoding,encoder.layer4.0.relu,VMV3,train,sub-04,5919,115,rsa,0.01247220579534769
taskonomy/autoencoding,encoder.layer4.0.relu,VMV1,train,sub-04,5919,53,rsa,0.01762518659234047
taskonomy/autoencoding,encoder.layer4.0.relu,PHA2,train,sub-04,5919,11,rsa,0.01423132698982954
taskonomy/autoencoding,encoder.layer4.0.relu,PHA3,train,sub-04,5919,87,rsa,0.007241263519972563
taskonomy/autoencoding,encoder.layer4.0.relu,PH,train,sub-04,5919,340,rsa,0.02909843996167183
taskonomy/autoencoding,encoder.layer4.1.relu,V1,train,sub-04,5919,523,rsa,0.042783647775650024
taskonomy/autoencoding,encoder.layer4.1.relu,V2,train,sub-04,5919,638,rsa,0.03070998378098011
taskonomy/autoencoding,encoder.layer4.1.relu,V3,train,sub-04,5919,520,rsa,0.02247166447341442
taskonomy/autoencoding,encoder.layer4.1.relu,V4,train,sub-04,5919,610,rsa,0.030753472819924355
taskonomy/autoencoding,encoder.layer4.1.relu,V3A,train,sub-04,5919,232,rsa,0.006710283923894167
taskonomy/autoencoding,encoder.layer4.1.relu,V3B,train,sub-04,5919,150,rsa,0.010034674778580666
taskonomy/autoencoding,encoder.layer4.1.relu,V6,train,sub-04,5919,58,rsa,0.003700049826875329
taskonomy/autoencoding,encoder.layer4.1.relu,V6A,train,sub-04,5919,38,rsa,0.006483777891844511
taskonomy/autoencoding,encoder.layer4.1.relu,V7,train,sub-04,5919,77,rsa,0.00990220531821251
taskonomy/autoencoding,encoder.layer4.1.relu,V8,train,sub-04,5919,111,rsa,0.021753983572125435
taskonomy/autoencoding,encoder.layer4.1.relu,FFC,train,sub-04,5919,312,rsa,0.029719140380620956
taskonomy/autoencoding,encoder.layer4.1.relu,PIT,train,sub-04,5919,118,rsa,0.012176106683909893
taskonomy/autoencoding,encoder.layer4.1.relu,IPS1,train,sub-04,5919,232,rsa,0.01685951091349125
taskonomy/autoencoding,encoder.layer4.1.relu,MST,train,sub-04,5919,142,rsa,0.032334085553884506
taskonomy/autoencoding,encoder.layer4.1.relu,MT,train,sub-04,5919,100,rsa,0.015149323269724846
taskonomy/autoencoding,encoder.layer4.1.relu,FST,train,sub-04,5919,175,rsa,0.02424965612590313
taskonomy/autoencoding,encoder.layer4.1.relu,LO1,train,sub-04,5919,80,rsa,0.014456737786531448
taskonomy/autoencoding,encoder.layer4.1.relu,LO2,train,sub-04,5919,83,rsa,0.01589302159845829
taskonomy/autoencoding,encoder.layer4.1.relu,LO3,train,sub-04,5919,118,rsa,0.01854010485112667
taskonomy/autoencoding,encoder.layer4.1.relu,V7,train,sub-04,5919,77,rsa,0.00990220531821251
taskonomy/autoencoding,encoder.layer4.1.relu,IP0,train,sub-04,5919,196,rsa,0.01684964820742607
taskonomy/autoencoding,encoder.layer4.1.relu,IP1,train,sub-04,5919,49,rsa,0.00583212124183774
taskonomy/autoencoding,encoder.layer4.1.relu,MIP,train,sub-04,5919,237,rsa,0.005991595331579447
taskonomy/autoencoding,encoder.layer4.1.relu,VIP,train,sub-04,5919,198,rsa,0.0034003641922026873
taskonomy/autoencoding,encoder.layer4.1.relu,LIPd,train,sub-04,5919,28,rsa,0.004323925357311964
taskonomy/autoencoding,encoder.layer4.1.relu,LIPv,train,sub-04,5919,149,rsa,0.004106422420591116
taskonomy/autoencoding,encoder.layer4.1.relu,AIP,train,sub-04,5919,221,rsa,0.000924537016544491
taskonomy/autoencoding,encoder.layer4.1.relu,7Pm,train,sub-04,5919,39,rsa,0.003513799514621496
taskonomy/autoencoding,encoder.layer4.1.relu,7PL,train,sub-04,5919,104,rsa,0.003215923672541976
taskonomy/autoencoding,encoder.layer4.1.relu,7PC,train,sub-04,5919,260,rsa,0.003976061008870602
taskonomy/autoencoding,encoder.layer4.1.relu,7Am,train,sub-04,5919,207,rsa,0.004143178462982178
taskonomy/autoencoding,encoder.layer4.1.relu,7AL,train,sub-04,5919,180,rsa,0.0023961823899298906
taskonomy/autoencoding,encoder.layer4.1.relu,VVC,train,sub-04,5919,170,rsa,0.0210187416523695
taskonomy/autoencoding,encoder.layer4.1.relu,VMV2,train,sub-04,5919,115,rsa,0.015395165421068668
taskonomy/autoencoding,encoder.layer4.1.relu,VMV3,train,sub-04,5919,115,rsa,0.010519090108573437
taskonomy/autoencoding,encoder.layer4.1.relu,VMV1,train,sub-04,5919,53,rsa,0.014101254753768444
taskonomy/autoencoding,encoder.layer4.1.relu,PHA2,train,sub-04,5919,11,rsa,0.012224665842950344
taskonomy/autoencoding,encoder.layer4.1.relu,PHA3,train,sub-04,5919,87,rsa,0.005650571081787348
taskonomy/autoencoding,encoder.layer4.1.relu,PH,train,sub-04,5919,340,rsa,0.02507801540195942
taskonomy/autoencoding,encoder.layer4.2.relu,V1,train,sub-04,5919,523,rsa,0.0395374558866024
taskonomy/autoencoding,encoder.layer4.2.relu,V2,train,sub-04,5919,638,rsa,0.028395643457770348
taskonomy/autoencoding,encoder.layer4.2.relu,V3,train,sub-04,5919,520,rsa,0.021008022129535675
taskonomy/autoencoding,encoder.layer4.2.relu,V4,train,sub-04,5919,610,rsa,0.02734018675982952
taskonomy/autoencoding,encoder.layer4.2.relu,V3A,train,sub-04,5919,232,rsa,0.006113986950367689
taskonomy/autoencoding,encoder.layer4.2.relu,V3B,train,sub-04,5919,150,rsa,0.008734719827771187
taskonomy/autoencoding,encoder.layer4.2.relu,V6,train,sub-04,5919,58,rsa,0.0032121092081069946
taskonomy/autoencoding,encoder.layer4.2.relu,V6A,train,sub-04,5919,38,rsa,0.006262719165533781
taskonomy/autoencoding,encoder.layer4.2.relu,V7,train,sub-04,5919,77,rsa,0.008913461118936539
taskonomy/autoencoding,encoder.layer4.2.relu,V8,train,sub-04,5919,111,rsa,0.01881915144622326
taskonomy/autoencoding,encoder.layer4.2.relu,FFC,train,sub-04,5919,312,rsa,0.02667137421667576
taskonomy/autoencoding,encoder.layer4.2.relu,PIT,train,sub-04,5919,118,rsa,0.010986052453517914
taskonomy/autoencoding,encoder.layer4.2.relu,IPS1,train,sub-04,5919,232,rsa,0.014799368567764759
taskonomy/autoencoding,encoder.layer4.2.relu,MST,train,sub-04,5919,142,rsa,0.02960095927119255
taskonomy/autoencoding,encoder.layer4.2.relu,MT,train,sub-04,5919,100,rsa,0.013343284837901592
taskonomy/autoencoding,encoder.layer4.2.relu,FST,train,sub-04,5919,175,rsa,0.021886339411139488
taskonomy/autoencoding,encoder.layer4.2.relu,LO1,train,sub-04,5919,80,rsa,0.01333816722035408
taskonomy/autoencoding,encoder.layer4.2.relu,LO2,train,sub-04,5919,83,rsa,0.014336800202727318
taskonomy/autoencoding,encoder.layer4.2.relu,LO3,train,sub-04,5919,118,rsa,0.01631118543446064
taskonomy/autoencoding,encoder.layer4.2.relu,V7,train,sub-04,5919,77,rsa,0.008913461118936539
taskonomy/autoencoding,encoder.layer4.2.relu,IP0,train,sub-04,5919,196,rsa,0.014969917014241219
taskonomy/autoencoding,encoder.layer4.2.relu,IP1,train,sub-04,5919,49,rsa,0.005120475776493549
taskonomy/autoencoding,encoder.layer4.2.relu,MIP,train,sub-04,5919,237,rsa,0.004887182265520096
taskonomy/autoencoding,encoder.layer4.2.relu,VIP,train,sub-04,5919,198,rsa,0.0029163870494812727
taskonomy/autoencoding,encoder.layer4.2.relu,LIPd,train,sub-04,5919,28,rsa,0.003951540682464838
taskonomy/autoencoding,encoder.layer4.2.relu,LIPv,train,sub-04,5919,149,rsa,0.0035807352978736162
taskonomy/autoencoding,encoder.layer4.2.relu,AIP,train,sub-04,5919,221,rsa,0.001101188943721354
taskonomy/autoencoding,encoder.layer4.2.relu,7Pm,train,sub-04,5919,39,rsa,0.00296533340588212
taskonomy/autoencoding,encoder.layer4.2.relu,7PL,train,sub-04,5919,104,rsa,0.0026130108162760735
taskonomy/autoencoding,encoder.layer4.2.relu,7PC,train,sub-04,5919,260,rsa,0.0037867713253945112
taskonomy/autoencoding,encoder.layer4.2.relu,7Am,train,sub-04,5919,207,rsa,0.003574907314032316
taskonomy/autoencoding,encoder.layer4.2.relu,7AL,train,sub-04,5919,180,rsa,0.001890233950689435
taskonomy/autoencoding,encoder.layer4.2.relu,VVC,train,sub-04,5919,170,rsa,0.01822812668979168
taskonomy/autoencoding,encoder.layer4.2.relu,VMV2,train,sub-04,5919,115,rsa,0.01360136829316616
taskonomy/autoencoding,encoder.layer4.2.relu,VMV3,train,sub-04,5919,115,rsa,0.009508609771728516
taskonomy/autoencoding,encoder.layer4.2.relu,VMV1,train,sub-04,5919,53,rsa,0.012111488729715347
taskonomy/autoencoding,encoder.layer4.2.relu,PHA2,train,sub-04,5919,11,rsa,0.010567125864326954
taskonomy/autoencoding,encoder.layer4.2.relu,PHA3,train,sub-04,5919,87,rsa,0.004691729322075844
taskonomy/autoencoding,encoder.layer4.2.relu,PH,train,sub-04,5919,340,rsa,0.02316807396709919
taskonomy/autoencoding,encoder.layer1.0.relu,V1,test,sub-04,5919,523,rsa,0.06466106325387955
taskonomy/autoencoding,encoder.layer1.0.relu,V2,test,sub-04,5919,638,rsa,0.03610391169786453
taskonomy/autoencoding,encoder.layer1.0.relu,V3,test,sub-04,5919,520,rsa,0.04787978157401085
taskonomy/autoencoding,encoder.layer1.0.relu,V4,test,sub-04,5919,610,rsa,0.061394743621349335
taskonomy/autoencoding,encoder.layer1.0.relu,V3A,test,sub-04,5919,232,rsa,-0.03775280341506004
taskonomy/autoencoding,encoder.layer1.0.relu,V3B,test,sub-04,5919,150,rsa,-0.0036225514486432076
taskonomy/autoencoding,encoder.layer1.0.relu,V6,test,sub-04,5919,58,rsa,0.015337475575506687
taskonomy/autoencoding,encoder.layer1.0.relu,V6A,test,sub-04,5919,38,rsa,0.0003143982030451298
taskonomy/autoencoding,encoder.layer1.0.relu,V7,test,sub-04,5919,77,rsa,-0.01359662227332592
taskonomy/autoencoding,encoder.layer1.0.relu,V8,test,sub-04,5919,111,rsa,0.028630226850509644
taskonomy/autoencoding,encoder.layer1.0.relu,FFC,test,sub-04,5919,312,rsa,0.04983259737491608
taskonomy/autoencoding,encoder.layer1.0.relu,PIT,test,sub-04,5919,118,rsa,0.04272608086466789
taskonomy/autoencoding,encoder.layer1.0.relu,IPS1,test,sub-04,5919,232,rsa,0.043069783598184586
taskonomy/autoencoding,encoder.layer1.0.relu,MST,test,sub-04,5919,142,rsa,0.032736316323280334
taskonomy/autoencoding,encoder.layer1.0.relu,MT,test,sub-04,5919,100,rsa,0.050783492624759674
taskonomy/autoencoding,encoder.layer1.0.relu,FST,test,sub-04,5919,175,rsa,0.022105447947978973
taskonomy/autoencoding,encoder.layer1.0.relu,LO1,test,sub-04,5919,80,rsa,0.04113910347223282
taskonomy/autoencoding,encoder.layer1.0.relu,LO2,test,sub-04,5919,83,rsa,0.07084198296070099
taskonomy/autoencoding,encoder.layer1.0.relu,LO3,test,sub-04,5919,118,rsa,0.05237570405006409
taskonomy/autoencoding,encoder.layer1.0.relu,V7,test,sub-04,5919,77,rsa,-0.01359662227332592
taskonomy/autoencoding,encoder.layer1.0.relu,IP0,test,sub-04,5919,196,rsa,0.041831664741039276
taskonomy/autoencoding,encoder.layer1.0.relu,IP1,test,sub-04,5919,49,rsa,0.0583622008562088
taskonomy/autoencoding,encoder.layer1.0.relu,MIP,test,sub-04,5919,237,rsa,0.0401897132396698
taskonomy/autoencoding,encoder.layer1.0.relu,VIP,test,sub-04,5919,198,rsa,-0.013704605400562286
taskonomy/autoencoding,encoder.layer1.0.relu,LIPd,test,sub-04,5919,28,rsa,0.020262517035007477
taskonomy/autoencoding,encoder.layer1.0.relu,LIPv,test,sub-04,5919,149,rsa,-0.006533678621053696
taskonomy/autoencoding,encoder.layer1.0.relu,AIP,test,sub-04,5919,221,rsa,-0.004400107078254223
taskonomy/autoencoding,encoder.layer1.0.relu,7Pm,test,sub-04,5919,39,rsa,0.004532555118203163
taskonomy/autoencoding,encoder.layer1.0.relu,7PL,test,sub-04,5919,104,rsa,0.022133540362119675
taskonomy/autoencoding,encoder.layer1.0.relu,7PC,test,sub-04,5919,260,rsa,0.030894318595528603
taskonomy/autoencoding,encoder.layer1.0.relu,7Am,test,sub-04,5919,207,rsa,0.005086630582809448
taskonomy/autoencoding,encoder.layer1.0.relu,7AL,test,sub-04,5919,180,rsa,0.019300684332847595
taskonomy/autoencoding,encoder.layer1.0.relu,VVC,test,sub-04,5919,170,rsa,0.008711992762982845
taskonomy/autoencoding,encoder.layer1.0.relu,VMV2,test,sub-04,5919,115,rsa,0.023068774491548538
taskonomy/autoencoding,encoder.layer1.0.relu,VMV3,test,sub-04,5919,115,rsa,0.051396436989307404
taskonomy/autoencoding,encoder.layer1.0.relu,VMV1,test,sub-04,5919,53,rsa,0.010208649560809135
taskonomy/autoencoding,encoder.layer1.0.relu,PHA2,test,sub-04,5919,11,rsa,-0.0018858867697417736
taskonomy/autoencoding,encoder.layer1.0.relu,PHA3,test,sub-04,5919,87,rsa,-0.0030948049388825893
taskonomy/autoencoding,encoder.layer1.0.relu,PH,test,sub-04,5919,340,rsa,0.025981495156884193
taskonomy/autoencoding,encoder.layer1.1.relu,V1,test,sub-04,5919,523,rsa,0.06606573611497879
taskonomy/autoencoding,encoder.layer1.1.relu,V2,test,sub-04,5919,638,rsa,0.03168630599975586
taskonomy/autoencoding,encoder.layer1.1.relu,V3,test,sub-04,5919,520,rsa,0.042557068169116974
taskonomy/autoencoding,encoder.layer1.1.relu,V4,test,sub-04,5919,610,rsa,0.06867504864931107
taskonomy/autoencoding,encoder.layer1.1.relu,V3A,test,sub-04,5919,232,rsa,-0.05446730926632881
taskonomy/autoencoding,encoder.layer1.1.relu,V3B,test,sub-04,5919,150,rsa,-0.008706897497177124
taskonomy/autoencoding,encoder.layer1.1.relu,V6,test,sub-04,5919,58,rsa,0.008440591394901276
taskonomy/autoencoding,encoder.layer1.1.relu,V6A,test,sub-04,5919,38,rsa,-0.0019036950543522835
taskonomy/autoencoding,encoder.layer1.1.relu,V7,test,sub-04,5919,77,rsa,-0.021979449316859245
taskonomy/autoencoding,encoder.layer1.1.relu,V8,test,sub-04,5919,111,rsa,0.033573053777217865
taskonomy/autoencoding,encoder.layer1.1.relu,FFC,test,sub-04,5919,312,rsa,0.049053870141506195
taskonomy/autoencoding,encoder.layer1.1.relu,PIT,test,sub-04,5919,118,rsa,0.04704214632511139
taskonomy/autoencoding,encoder.layer1.1.relu,IPS1,test,sub-04,5919,232,rsa,0.04194670170545578
taskonomy/autoencoding,encoder.layer1.1.relu,MST,test,sub-04,5919,142,rsa,0.027172202244400978
taskonomy/autoencoding,encoder.layer1.1.relu,MT,test,sub-04,5919,100,rsa,0.054829783737659454
taskonomy/autoencoding,encoder.layer1.1.relu,FST,test,sub-04,5919,175,rsa,0.014709463343024254
taskonomy/autoencoding,encoder.layer1.1.relu,LO1,test,sub-04,5919,80,rsa,0.04563682898879051
taskonomy/autoencoding,encoder.layer1.1.relu,LO2,test,sub-04,5919,83,rsa,0.07438020408153534
taskonomy/autoencoding,encoder.layer1.1.relu,LO3,test,sub-04,5919,118,rsa,0.04739290475845337
taskonomy/autoencoding,encoder.layer1.1.relu,V7,test,sub-04,5919,77,rsa,-0.021979449316859245
taskonomy/autoencoding,encoder.layer1.1.relu,IP0,test,sub-04,5919,196,rsa,0.0389862060546875
taskonomy/autoencoding,encoder.layer1.1.relu,IP1,test,sub-04,5919,49,rsa,0.05325955152511597
taskonomy/autoencoding,encoder.layer1.1.relu,MIP,test,sub-04,5919,237,rsa,0.037884969264268875
taskonomy/autoencoding,encoder.layer1.1.relu,VIP,test,sub-04,5919,198,rsa,-0.0134105971083045
taskonomy/autoencoding,encoder.layer1.1.relu,LIPd,test,sub-04,5919,28,rsa,0.020603856071829796
taskonomy/autoencoding,encoder.layer1.1.relu,LIPv,test,sub-04,5919,149,rsa,-0.005029383581131697
taskonomy/autoencoding,encoder.layer1.1.relu,AIP,test,sub-04,5919,221,rsa,-0.0002570943906903267
taskonomy/autoencoding,encoder.layer1.1.relu,7Pm,test,sub-04,5919,39,rsa,0.0008620766457170248
taskonomy/autoencoding,encoder.layer1.1.relu,7PL,test,sub-04,5919,104,rsa,0.021530788391828537
taskonomy/autoencoding,encoder.layer1.1.relu,7PC,test,sub-04,5919,260,rsa,0.03058893233537674
taskonomy/autoencoding,encoder.layer1.1.relu,7Am,test,sub-04,5919,207,rsa,0.005505988374352455
taskonomy/autoencoding,encoder.layer1.1.relu,7AL,test,sub-04,5919,180,rsa,0.02319125086069107
taskonomy/autoencoding,encoder.layer1.1.relu,VVC,test,sub-04,5919,170,rsa,0.012636980041861534
taskonomy/autoencoding,encoder.layer1.1.relu,VMV2,test,sub-04,5919,115,rsa,0.02699628658592701
taskonomy/autoencoding,encoder.layer1.1.relu,VMV3,test,sub-04,5919,115,rsa,0.0454980805516243
taskonomy/autoencoding,encoder.layer1.1.relu,VMV1,test,sub-04,5919,53,rsa,0.01547231711447239
taskonomy/autoencoding,encoder.layer1.1.relu,PHA2,test,sub-04,5919,11,rsa,-0.005960613489151001
taskonomy/autoencoding,encoder.layer1.1.relu,PHA3,test,sub-04,5919,87,rsa,-0.007961487397551537
taskonomy/autoencoding,encoder.layer1.1.relu,PH,test,sub-04,5919,340,rsa,0.027618354186415672
taskonomy/autoencoding,encoder.layer1.2.relu,V1,test,sub-04,5919,523,rsa,0.06251710653305054
taskonomy/autoencoding,encoder.layer1.2.relu,V2,test,sub-04,5919,638,rsa,0.023607153445482254
taskonomy/autoencoding,encoder.layer1.2.relu,V3,test,sub-04,5919,520,rsa,0.03700347617268562
taskonomy/autoencoding,encoder.layer1.2.relu,V4,test,sub-04,5919,610,rsa,0.0629919171333313
taskonomy/autoencoding,encoder.layer1.2.relu,V3A,test,sub-04,5919,232,rsa,-0.056909434497356415
taskonomy/autoencoding,encoder.layer1.2.relu,V3B,test,sub-04,5919,150,rsa,-0.0012614065781235695
taskonomy/autoencoding,encoder.layer1.2.relu,V6,test,sub-04,5919,58,rsa,0.011100487783551216
taskonomy/autoencoding,encoder.layer1.2.relu,V6A,test,sub-04,5919,38,rsa,-0.005615192465484142
taskonomy/autoencoding,encoder.layer1.2.relu,V7,test,sub-04,5919,77,rsa,-0.02151256799697876
taskonomy/autoencoding,encoder.layer1.2.relu,V8,test,sub-04,5919,111,rsa,0.028902824968099594
taskonomy/autoencoding,encoder.layer1.2.relu,FFC,test,sub-04,5919,312,rsa,0.052380532026290894
taskonomy/autoencoding,encoder.layer1.2.relu,PIT,test,sub-04,5919,118,rsa,0.0452791228890419
taskonomy/autoencoding,encoder.layer1.2.relu,IPS1,test,sub-04,5919,232,rsa,0.04556825011968613
taskonomy/autoencoding,encoder.layer1.2.relu,MST,test,sub-04,5919,142,rsa,0.03269169479608536
taskonomy/autoencoding,encoder.layer1.2.relu,MT,test,sub-04,5919,100,rsa,0.054694078862667084
taskonomy/autoencoding,encoder.layer1.2.relu,FST,test,sub-04,5919,175,rsa,0.021377932280302048
taskonomy/autoencoding,encoder.layer1.2.relu,LO1,test,sub-04,5919,80,rsa,0.04154641181230545
taskonomy/autoencoding,encoder.layer1.2.relu,LO2,test,sub-04,5919,83,rsa,0.07162261009216309
taskonomy/autoencoding,encoder.layer1.2.relu,LO3,test,sub-04,5919,118,rsa,0.04843568056821823
taskonomy/autoencoding,encoder.layer1.2.relu,V7,test,sub-04,5919,77,rsa,-0.02151256799697876
taskonomy/autoencoding,encoder.layer1.2.relu,IP0,test,sub-04,5919,196,rsa,0.04508045315742493
taskonomy/autoencoding,encoder.layer1.2.relu,IP1,test,sub-04,5919,49,rsa,0.0584106408059597
taskonomy/autoencoding,encoder.layer1.2.relu,MIP,test,sub-04,5919,237,rsa,0.03837141394615173
taskonomy/autoencoding,encoder.layer1.2.relu,VIP,test,sub-04,5919,198,rsa,-0.015966838225722313
taskonomy/autoencoding,encoder.layer1.2.relu,LIPd,test,sub-04,5919,28,rsa,0.015339167788624763
taskonomy/autoencoding,encoder.layer1.2.relu,LIPv,test,sub-04,5919,149,rsa,-0.009061445482075214
taskonomy/autoencoding,encoder.layer1.2.relu,AIP,test,sub-04,5919,221,rsa,-0.004856599494814873
taskonomy/autoencoding,encoder.layer1.2.relu,7Pm,test,sub-04,5919,39,rsa,0.0033924386370927095
taskonomy/autoencoding,encoder.layer1.2.relu,7PL,test,sub-04,5919,104,rsa,0.0187574103474617
taskonomy/autoencoding,encoder.layer1.2.relu,7PC,test,sub-04,5919,260,rsa,0.02983975037932396
taskonomy/autoencoding,encoder.layer1.2.relu,7Am,test,sub-04,5919,207,rsa,0.0036220885813236237
taskonomy/autoencoding,encoder.layer1.2.relu,7AL,test,sub-04,5919,180,rsa,0.023049626499414444
taskonomy/autoencoding,encoder.layer1.2.relu,VVC,test,sub-04,5919,170,rsa,0.013840539380908012
taskonomy/autoencoding,encoder.layer1.2.relu,VMV2,test,sub-04,5919,115,rsa,0.01720372587442398
taskonomy/autoencoding,encoder.layer1.2.relu,VMV3,test,sub-04,5919,115,rsa,0.05008723586797714
taskonomy/autoencoding,encoder.layer1.2.relu,VMV1,test,sub-04,5919,53,rsa,0.011643918231129646
taskonomy/autoencoding,encoder.layer1.2.relu,PHA2,test,sub-04,5919,11,rsa,-0.0056252675130963326
taskonomy/autoencoding,encoder.layer1.2.relu,PHA3,test,sub-04,5919,87,rsa,-0.0076093534007668495
taskonomy/autoencoding,encoder.layer1.2.relu,PH,test,sub-04,5919,340,rsa,0.033316031098365784
taskonomy/autoencoding,encoder.layer2.0.relu,V1,test,sub-04,5919,523,rsa,0.06789934635162354
taskonomy/autoencoding,encoder.layer2.0.relu,V2,test,sub-04,5919,638,rsa,0.034020379185676575
taskonomy/autoencoding,encoder.layer2.0.relu,V3,test,sub-04,5919,520,rsa,0.04466155916452408
taskonomy/autoencoding,encoder.layer2.0.relu,V4,test,sub-04,5919,610,rsa,0.07069382071495056
taskonomy/autoencoding,encoder.layer2.0.relu,V3A,test,sub-04,5919,232,rsa,-0.037760548293590546
taskonomy/autoencoding,encoder.layer2.0.relu,V3B,test,sub-04,5919,150,rsa,0.0033375374041497707
taskonomy/autoencoding,encoder.layer2.0.relu,V6,test,sub-04,5919,58,rsa,0.009858982637524605
taskonomy/autoencoding,encoder.layer2.0.relu,V6A,test,sub-04,5919,38,rsa,-0.0017784461379051208
taskonomy/autoencoding,encoder.layer2.0.relu,V7,test,sub-04,5919,77,rsa,-0.02113395929336548
taskonomy/autoencoding,encoder.layer2.0.relu,V8,test,sub-04,5919,111,rsa,0.04138271510601044
taskonomy/autoencoding,encoder.layer2.0.relu,FFC,test,sub-04,5919,312,rsa,0.05746685713529587
taskonomy/autoencoding,encoder.layer2.0.relu,PIT,test,sub-04,5919,118,rsa,0.04528724402189255
taskonomy/autoencoding,encoder.layer2.0.relu,IPS1,test,sub-04,5919,232,rsa,0.04523147642612457
taskonomy/autoencoding,encoder.layer2.0.relu,MST,test,sub-04,5919,142,rsa,0.041254859417676926
taskonomy/autoencoding,encoder.layer2.0.relu,MT,test,sub-04,5919,100,rsa,0.04545137658715248
taskonomy/autoencoding,encoder.layer2.0.relu,FST,test,sub-04,5919,175,rsa,0.023396402597427368
taskonomy/autoencoding,encoder.layer2.0.relu,LO1,test,sub-04,5919,80,rsa,0.04825296625494957
taskonomy/autoencoding,encoder.layer2.0.relu,LO2,test,sub-04,5919,83,rsa,0.07619552314281464
taskonomy/autoencoding,encoder.layer2.0.relu,LO3,test,sub-04,5919,118,rsa,0.05232857167720795
taskonomy/autoencoding,encoder.layer2.0.relu,V7,test,sub-04,5919,77,rsa,-0.02113395929336548
taskonomy/autoencoding,encoder.layer2.0.relu,IP0,test,sub-04,5919,196,rsa,0.05657602846622467
taskonomy/autoencoding,encoder.layer2.0.relu,IP1,test,sub-04,5919,49,rsa,0.05992531031370163
taskonomy/autoencoding,encoder.layer2.0.relu,MIP,test,sub-04,5919,237,rsa,0.050408512353897095
taskonomy/autoencoding,encoder.layer2.0.relu,VIP,test,sub-04,5919,198,rsa,-0.013794759288430214
taskonomy/autoencoding,encoder.layer2.0.relu,LIPd,test,sub-04,5919,28,rsa,0.01886565424501896
taskonomy/autoencoding,encoder.layer2.0.relu,LIPv,test,sub-04,5919,149,rsa,-0.008973255753517151
taskonomy/autoencoding,encoder.layer2.0.relu,AIP,test,sub-04,5919,221,rsa,-0.007621769793331623
taskonomy/autoencoding,encoder.layer2.0.relu,7Pm,test,sub-04,5919,39,rsa,0.008562932722270489
taskonomy/autoencoding,encoder.layer2.0.relu,7PL,test,sub-04,5919,104,rsa,0.029612047597765923
taskonomy/autoencoding,encoder.layer2.0.relu,7PC,test,sub-04,5919,260,rsa,0.028655773028731346
taskonomy/autoencoding,encoder.layer2.0.relu,7Am,test,sub-04,5919,207,rsa,0.011174101382493973
taskonomy/autoencoding,encoder.layer2.0.relu,7AL,test,sub-04,5919,180,rsa,0.02458597719669342
taskonomy/autoencoding,encoder.layer2.0.relu,VVC,test,sub-04,5919,170,rsa,0.022720512002706528
taskonomy/autoencoding,encoder.layer2.0.relu,VMV2,test,sub-04,5919,115,rsa,0.03227722644805908
taskonomy/autoencoding,encoder.layer2.0.relu,VMV3,test,sub-04,5919,115,rsa,0.05430877208709717
taskonomy/autoencoding,encoder.layer2.0.relu,VMV1,test,sub-04,5919,53,rsa,0.029473334550857544
taskonomy/autoencoding,encoder.layer2.0.relu,PHA2,test,sub-04,5919,11,rsa,0.005328861530870199
taskonomy/autoencoding,encoder.layer2.0.relu,PHA3,test,sub-04,5919,87,rsa,0.0052981507033109665
taskonomy/autoencoding,encoder.layer2.0.relu,PH,test,sub-04,5919,340,rsa,0.030786065384745598
taskonomy/autoencoding,encoder.layer2.1.relu,V1,test,sub-04,5919,523,rsa,0.06547831743955612
taskonomy/autoencoding,encoder.layer2.1.relu,V2,test,sub-04,5919,638,rsa,0.03040958195924759
taskonomy/autoencoding,encoder.layer2.1.relu,V3,test,sub-04,5919,520,rsa,0.042927198112010956
taskonomy/autoencoding,encoder.layer2.1.relu,V4,test,sub-04,5919,610,rsa,0.06988130509853363
taskonomy/autoencoding,encoder.layer2.1.relu,V3A,test,sub-04,5919,232,rsa,-0.05243253335356712
taskonomy/autoencoding,encoder.layer2.1.relu,V3B,test,sub-04,5919,150,rsa,-0.002262236550450325
taskonomy/autoencoding,encoder.layer2.1.relu,V6,test,sub-04,5919,58,rsa,0.0058210380375385284
taskonomy/autoencoding,encoder.layer2.1.relu,V6A,test,sub-04,5919,38,rsa,-0.003708713687956333
taskonomy/autoencoding,encoder.layer2.1.relu,V7,test,sub-04,5919,77,rsa,-0.023028314113616943
taskonomy/autoencoding,encoder.layer2.1.relu,V8,test,sub-04,5919,111,rsa,0.04436513036489487
taskonomy/autoencoding,encoder.layer2.1.relu,FFC,test,sub-04,5919,312,rsa,0.05593722313642502
taskonomy/autoencoding,encoder.layer2.1.relu,PIT,test,sub-04,5919,118,rsa,0.04987374320626259
taskonomy/autoencoding,encoder.layer2.1.relu,IPS1,test,sub-04,5919,232,rsa,0.04182518273591995
taskonomy/autoencoding,encoder.layer2.1.relu,MST,test,sub-04,5919,142,rsa,0.03388374671339989
taskonomy/autoencoding,encoder.layer2.1.relu,MT,test,sub-04,5919,100,rsa,0.05281981825828552
taskonomy/autoencoding,encoder.layer2.1.relu,FST,test,sub-04,5919,175,rsa,0.019823342561721802
taskonomy/autoencoding,encoder.layer2.1.relu,LO1,test,sub-04,5919,80,rsa,0.0532047264277935
taskonomy/autoencoding,encoder.layer2.1.relu,LO2,test,sub-04,5919,83,rsa,0.0799131840467453
taskonomy/autoencoding,encoder.layer2.1.relu,LO3,test,sub-04,5919,118,rsa,0.046902939677238464
taskonomy/autoencoding,encoder.layer2.1.relu,V7,test,sub-04,5919,77,rsa,-0.023028314113616943
taskonomy/autoencoding,encoder.layer2.1.relu,IP0,test,sub-04,5919,196,rsa,0.047291915863752365
taskonomy/autoencoding,encoder.layer2.1.relu,IP1,test,sub-04,5919,49,rsa,0.05579344183206558
taskonomy/autoencoding,encoder.layer2.1.relu,MIP,test,sub-04,5919,237,rsa,0.04652474448084831
taskonomy/autoencoding,encoder.layer2.1.relu,VIP,test,sub-04,5919,198,rsa,-0.011791887693107128
taskonomy/autoencoding,encoder.layer2.1.relu,LIPd,test,sub-04,5919,28,rsa,0.01769326627254486
taskonomy/autoencoding,encoder.layer2.1.relu,LIPv,test,sub-04,5919,149,rsa,-0.005441662855446339
taskonomy/autoencoding,encoder.layer2.1.relu,AIP,test,sub-04,5919,221,rsa,-0.007158523425459862
taskonomy/autoencoding,encoder.layer2.1.relu,7Pm,test,sub-04,5919,39,rsa,0.005508744157850742
taskonomy/autoencoding,encoder.layer2.1.relu,7PL,test,sub-04,5919,104,rsa,0.021711723878979683
taskonomy/autoencoding,encoder.layer2.1.relu,7PC,test,sub-04,5919,260,rsa,0.028298310935497284
taskonomy/autoencoding,encoder.layer2.1.relu,7Am,test,sub-04,5919,207,rsa,0.006843641400337219
taskonomy/autoencoding,encoder.layer2.1.relu,7AL,test,sub-04,5919,180,rsa,0.026496611535549164
taskonomy/autoencoding,encoder.layer2.1.relu,VVC,test,sub-04,5919,170,rsa,0.020981373265385628
taskonomy/autoencoding,encoder.layer2.1.relu,VMV2,test,sub-04,5919,115,rsa,0.0317484587430954
taskonomy/autoencoding,encoder.layer2.1.relu,VMV3,test,sub-04,5919,115,rsa,0.055295687168836594
taskonomy/autoencoding,encoder.layer2.1.relu,VMV1,test,sub-04,5919,53,rsa,0.025540025904774666
taskonomy/autoencoding,encoder.layer2.1.relu,PHA2,test,sub-04,5919,11,rsa,0.0011043515987694263
taskonomy/autoencoding,encoder.layer2.1.relu,PHA3,test,sub-04,5919,87,rsa,0.00028834864497184753
taskonomy/autoencoding,encoder.layer2.1.relu,PH,test,sub-04,5919,340,rsa,0.029595689848065376
taskonomy/autoencoding,encoder.layer2.2.relu,V1,test,sub-04,5919,523,rsa,0.06129348278045654
taskonomy/autoencoding,encoder.layer2.2.relu,V2,test,sub-04,5919,638,rsa,0.023847326636314392
taskonomy/autoencoding,encoder.layer2.2.relu,V3,test,sub-04,5919,520,rsa,0.038573041558265686
taskonomy/autoencoding,encoder.layer2.2.relu,V4,test,sub-04,5919,610,rsa,0.06301966309547424
taskonomy/autoencoding,encoder.layer2.2.relu,V3A,test,sub-04,5919,232,rsa,-0.06757218390703201
taskonomy/autoencoding,encoder.layer2.2.relu,V3B,test,sub-04,5919,150,rsa,-0.006999787408858538
taskonomy/autoencoding,encoder.layer2.2.relu,V6,test,sub-04,5919,58,rsa,0.0026785070076584816
taskonomy/autoencoding,encoder.layer2.2.relu,V6A,test,sub-04,5919,38,rsa,-0.006774040404707193
taskonomy/autoencoding,encoder.layer2.2.relu,V7,test,sub-04,5919,77,rsa,-0.028464118018746376
taskonomy/autoencoding,encoder.layer2.2.relu,V8,test,sub-04,5919,111,rsa,0.035385631024837494
taskonomy/autoencoding,encoder.layer2.2.relu,FFC,test,sub-04,5919,312,rsa,0.052548568695783615
taskonomy/autoencoding,encoder.layer2.2.relu,PIT,test,sub-04,5919,118,rsa,0.04753778874874115
taskonomy/autoencoding,encoder.layer2.2.relu,IPS1,test,sub-04,5919,232,rsa,0.03981613367795944
taskonomy/autoencoding,encoder.layer2.2.relu,MST,test,sub-04,5919,142,rsa,0.028065377846360207
taskonomy/autoencoding,encoder.layer2.2.relu,MT,test,sub-04,5919,100,rsa,0.05834668129682541
taskonomy/autoencoding,encoder.layer2.2.relu,FST,test,sub-04,5919,175,rsa,0.020181944593787193
taskonomy/autoencoding,encoder.layer2.2.relu,LO1,test,sub-04,5919,80,rsa,0.05214698612689972
taskonomy/autoencoding,encoder.layer2.2.relu,LO2,test,sub-04,5919,83,rsa,0.0782548263669014
taskonomy/autoencoding,encoder.layer2.2.relu,LO3,test,sub-04,5919,118,rsa,0.042690061032772064
taskonomy/autoencoding,encoder.layer2.2.relu,V7,test,sub-04,5919,77,rsa,-0.028464118018746376
taskonomy/autoencoding,encoder.layer2.2.relu,IP0,test,sub-04,5919,196,rsa,0.03897609934210777
taskonomy/autoencoding,encoder.layer2.2.relu,IP1,test,sub-04,5919,49,rsa,0.054883792996406555
taskonomy/autoencoding,encoder.layer2.2.relu,MIP,test,sub-04,5919,237,rsa,0.0398840494453907
taskonomy/autoencoding,encoder.layer2.2.relu,VIP,test,sub-04,5919,198,rsa,-0.015868157148361206
taskonomy/autoencoding,encoder.layer2.2.relu,LIPd,test,sub-04,5919,28,rsa,0.015128007158637047
taskonomy/autoencoding,encoder.layer2.2.relu,LIPv,test,sub-04,5919,149,rsa,-0.00632795225828886
taskonomy/autoencoding,encoder.layer2.2.relu,AIP,test,sub-04,5919,221,rsa,-0.006514581851661205
taskonomy/autoencoding,encoder.layer2.2.relu,7Pm,test,sub-04,5919,39,rsa,0.0034688229206949472
taskonomy/autoencoding,encoder.layer2.2.relu,7PL,test,sub-04,5919,104,rsa,0.017364099621772766
taskonomy/autoencoding,encoder.layer2.2.relu,7PC,test,sub-04,5919,260,rsa,0.02855352684855461
taskonomy/autoencoding,encoder.layer2.2.relu,7Am,test,sub-04,5919,207,rsa,0.0026185885071754456
taskonomy/autoencoding,encoder.layer2.2.relu,7AL,test,sub-04,5919,180,rsa,0.025066612288355827
taskonomy/autoencoding,encoder.layer2.2.relu,VVC,test,sub-04,5919,170,rsa,0.019773196429014206
taskonomy/autoencoding,encoder.layer2.2.relu,VMV2,test,sub-04,5919,115,rsa,0.02648482657968998
taskonomy/autoencoding,encoder.layer2.2.relu,VMV3,test,sub-04,5919,115,rsa,0.050876278430223465
taskonomy/autoencoding,encoder.layer2.2.relu,VMV1,test,sub-04,5919,53,rsa,0.019710473716259003
taskonomy/autoencoding,encoder.layer2.2.relu,PHA2,test,sub-04,5919,11,rsa,-0.00613809609785676
taskonomy/autoencoding,encoder.layer2.2.relu,PHA3,test,sub-04,5919,87,rsa,-0.004790266510099173
taskonomy/autoencoding,encoder.layer2.2.relu,PH,test,sub-04,5919,340,rsa,0.02699103392660618
taskonomy/autoencoding,encoder.layer3.0.relu,V1,test,sub-04,5919,523,rsa,0.0620904341340065
taskonomy/autoencoding,encoder.layer3.0.relu,V2,test,sub-04,5919,638,rsa,0.027114182710647583
taskonomy/autoencoding,encoder.layer3.0.relu,V3,test,sub-04,5919,520,rsa,0.03891254961490631
taskonomy/autoencoding,encoder.layer3.0.relu,V4,test,sub-04,5919,610,rsa,0.05778602510690689
taskonomy/autoencoding,encoder.layer3.0.relu,V3A,test,sub-04,5919,232,rsa,-0.06299929320812225
taskonomy/autoencoding,encoder.layer3.0.relu,V3B,test,sub-04,5919,150,rsa,-0.009165736846625805
taskonomy/autoencoding,encoder.layer3.0.relu,V6,test,sub-04,5919,58,rsa,0.007645152509212494
taskonomy/autoencoding,encoder.layer3.0.relu,V6A,test,sub-04,5919,38,rsa,-0.006998329423367977
taskonomy/autoencoding,encoder.layer3.0.relu,V7,test,sub-04,5919,77,rsa,-0.02284577675163746
taskonomy/autoencoding,encoder.layer3.0.relu,V8,test,sub-04,5919,111,rsa,0.026408888399600983
taskonomy/autoencoding,encoder.layer3.0.relu,FFC,test,sub-04,5919,312,rsa,0.05460663139820099
taskonomy/autoencoding,encoder.layer3.0.relu,PIT,test,sub-04,5919,118,rsa,0.048873066902160645
taskonomy/autoencoding,encoder.layer3.0.relu,IPS1,test,sub-04,5919,232,rsa,0.04169806092977524
taskonomy/autoencoding,encoder.layer3.0.relu,MST,test,sub-04,5919,142,rsa,0.029105983674526215
taskonomy/autoencoding,encoder.layer3.0.relu,MT,test,sub-04,5919,100,rsa,0.05394352972507477
taskonomy/autoencoding,encoder.layer3.0.relu,FST,test,sub-04,5919,175,rsa,0.024162426590919495
taskonomy/autoencoding,encoder.layer3.0.relu,LO1,test,sub-04,5919,80,rsa,0.048717472702264786
taskonomy/autoencoding,encoder.layer3.0.relu,LO2,test,sub-04,5919,83,rsa,0.07764661312103271
taskonomy/autoencoding,encoder.layer3.0.relu,LO3,test,sub-04,5919,118,rsa,0.04237104207277298
taskonomy/autoencoding,encoder.layer3.0.relu,V7,test,sub-04,5919,77,rsa,-0.02284577675163746
taskonomy/autoencoding,encoder.layer3.0.relu,IP0,test,sub-04,5919,196,rsa,0.03762118145823479
taskonomy/autoencoding,encoder.layer3.0.relu,IP1,test,sub-04,5919,49,rsa,0.06357061117887497
taskonomy/autoencoding,encoder.layer3.0.relu,MIP,test,sub-04,5919,237,rsa,0.037548262625932693
taskonomy/autoencoding,encoder.layer3.0.relu,VIP,test,sub-04,5919,198,rsa,-0.019946526736021042
taskonomy/autoencoding,encoder.layer3.0.relu,LIPd,test,sub-04,5919,28,rsa,0.020115338265895844
taskonomy/autoencoding,encoder.layer3.0.relu,LIPv,test,sub-04,5919,149,rsa,-0.009195646271109581
taskonomy/autoencoding,encoder.layer3.0.relu,AIP,test,sub-04,5919,221,rsa,-0.005429511424154043
taskonomy/autoencoding,encoder.layer3.0.relu,7Pm,test,sub-04,5919,39,rsa,0.006435607559978962
taskonomy/autoencoding,encoder.layer3.0.relu,7PL,test,sub-04,5919,104,rsa,0.01840171590447426
taskonomy/autoencoding,encoder.layer3.0.relu,7PC,test,sub-04,5919,260,rsa,0.030761677771806717
taskonomy/autoencoding,encoder.layer3.0.relu,7Am,test,sub-04,5919,207,rsa,0.0013228431344032288
taskonomy/autoencoding,encoder.layer3.0.relu,7AL,test,sub-04,5919,180,rsa,0.01654841937124729
taskonomy/autoencoding,encoder.layer3.0.relu,VVC,test,sub-04,5919,170,rsa,0.017952274531126022
taskonomy/autoencoding,encoder.layer3.0.relu,VMV2,test,sub-04,5919,115,rsa,0.025113409385085106
taskonomy/autoencoding,encoder.layer3.0.relu,VMV3,test,sub-04,5919,115,rsa,0.046287745237350464
taskonomy/autoencoding,encoder.layer3.0.relu,VMV1,test,sub-04,5919,53,rsa,0.014921683818101883
taskonomy/autoencoding,encoder.layer3.0.relu,PHA2,test,sub-04,5919,11,rsa,-0.00848071277141571
taskonomy/autoencoding,encoder.layer3.0.relu,PHA3,test,sub-04,5919,87,rsa,-0.009084507822990417
taskonomy/autoencoding,encoder.layer3.0.relu,PH,test,sub-04,5919,340,rsa,0.028063137084245682
taskonomy/autoencoding,encoder.layer3.1.relu,V1,test,sub-04,5919,523,rsa,0.05125199258327484
taskonomy/autoencoding,encoder.layer3.1.relu,V2,test,sub-04,5919,638,rsa,0.02512647956609726
taskonomy/autoencoding,encoder.layer3.1.relu,V3,test,sub-04,5919,520,rsa,0.028987303376197815
taskonomy/autoencoding,encoder.layer3.1.relu,V4,test,sub-04,5919,610,rsa,0.04672621935606003
taskonomy/autoencoding,encoder.layer3.1.relu,V3A,test,sub-04,5919,232,rsa,-0.08210775256156921
taskonomy/autoencoding,encoder.layer3.1.relu,V3B,test,sub-04,5919,150,rsa,-0.012364017777144909
taskonomy/autoencoding,encoder.layer3.1.relu,V6,test,sub-04,5919,58,rsa,-0.006432618014514446
taskonomy/autoencoding,encoder.layer3.1.relu,V6A,test,sub-04,5919,38,rsa,-0.0064035383984446526
taskonomy/autoencoding,encoder.layer3.1.relu,V7,test,sub-04,5919,77,rsa,-0.0213089007884264
taskonomy/autoencoding,encoder.layer3.1.relu,V8,test,sub-04,5919,111,rsa,0.023034116253256798
taskonomy/autoencoding,encoder.layer3.1.relu,FFC,test,sub-04,5919,312,rsa,0.046837739646434784
taskonomy/autoencoding,encoder.layer3.1.relu,PIT,test,sub-04,5919,118,rsa,0.05255641043186188
taskonomy/autoencoding,encoder.layer3.1.relu,IPS1,test,sub-04,5919,232,rsa,0.039426788687705994
taskonomy/autoencoding,encoder.layer3.1.relu,MST,test,sub-04,5919,142,rsa,0.021571269258856773
taskonomy/autoencoding,encoder.layer3.1.relu,MT,test,sub-04,5919,100,rsa,0.04568515717983246
taskonomy/autoencoding,encoder.layer3.1.relu,FST,test,sub-04,5919,175,rsa,0.020389895886182785
taskonomy/autoencoding,encoder.layer3.1.relu,LO1,test,sub-04,5919,80,rsa,0.0569160096347332
taskonomy/autoencoding,encoder.layer3.1.relu,LO2,test,sub-04,5919,83,rsa,0.06964868307113647
taskonomy/autoencoding,encoder.layer3.1.relu,LO3,test,sub-04,5919,118,rsa,0.022744741290807724
taskonomy/autoencoding,encoder.layer3.1.relu,V7,test,sub-04,5919,77,rsa,-0.0213089007884264
taskonomy/autoencoding,encoder.layer3.1.relu,IP0,test,sub-04,5919,196,rsa,0.025076692923903465
taskonomy/autoencoding,encoder.layer3.1.relu,IP1,test,sub-04,5919,49,rsa,0.05661645159125328
taskonomy/autoencoding,encoder.layer3.1.relu,MIP,test,sub-04,5919,237,rsa,0.02244821935892105
taskonomy/autoencoding,encoder.layer3.1.relu,VIP,test,sub-04,5919,198,rsa,-0.018264247104525566
taskonomy/autoencoding,encoder.layer3.1.relu,LIPd,test,sub-04,5919,28,rsa,0.01323031261563301
taskonomy/autoencoding,encoder.layer3.1.relu,LIPv,test,sub-04,5919,149,rsa,-0.009193755686283112
taskonomy/autoencoding,encoder.layer3.1.relu,AIP,test,sub-04,5919,221,rsa,-0.003951302729547024
taskonomy/autoencoding,encoder.layer3.1.relu,7Pm,test,sub-04,5919,39,rsa,0.009512914344668388
taskonomy/autoencoding,encoder.layer3.1.relu,7PL,test,sub-04,5919,104,rsa,0.01240790355950594
taskonomy/autoencoding,encoder.layer3.1.relu,7PC,test,sub-04,5919,260,rsa,0.028887638822197914
taskonomy/autoencoding,encoder.layer3.1.relu,7Am,test,sub-04,5919,207,rsa,-0.006149839609861374
taskonomy/autoencoding,encoder.layer3.1.relu,7AL,test,sub-04,5919,180,rsa,0.011934994719922543
taskonomy/autoencoding,encoder.layer3.1.relu,VVC,test,sub-04,5919,170,rsa,0.03292294591665268
taskonomy/autoencoding,encoder.layer3.1.relu,VMV2,test,sub-04,5919,115,rsa,0.02979435957968235
taskonomy/autoencoding,encoder.layer3.1.relu,VMV3,test,sub-04,5919,115,rsa,0.036358222365379333
taskonomy/autoencoding,encoder.layer3.1.relu,VMV1,test,sub-04,5919,53,rsa,0.012876380234956741
taskonomy/autoencoding,encoder.layer3.1.relu,PHA2,test,sub-04,5919,11,rsa,-0.009974643588066101
taskonomy/autoencoding,encoder.layer3.1.relu,PHA3,test,sub-04,5919,87,rsa,-0.0067893750965595245
taskonomy/autoencoding,encoder.layer3.1.relu,PH,test,sub-04,5919,340,rsa,0.026866119354963303
taskonomy/autoencoding,encoder.layer3.2.relu,V1,test,sub-04,5919,523,rsa,0.0444352850317955
taskonomy/autoencoding,encoder.layer3.2.relu,V2,test,sub-04,5919,638,rsa,0.02766476199030876
taskonomy/autoencoding,encoder.layer3.2.relu,V3,test,sub-04,5919,520,rsa,0.026758423075079918
taskonomy/autoencoding,encoder.layer3.2.relu,V4,test,sub-04,5919,610,rsa,0.04080011695623398
taskonomy/autoencoding,encoder.layer3.2.relu,V3A,test,sub-04,5919,232,rsa,-0.07648397237062454
taskonomy/autoencoding,encoder.layer3.2.relu,V3B,test,sub-04,5919,150,rsa,-0.011247331276535988
taskonomy/autoencoding,encoder.layer3.2.relu,V6,test,sub-04,5919,58,rsa,-0.012295903638005257
taskonomy/autoencoding,encoder.layer3.2.relu,V6A,test,sub-04,5919,38,rsa,-0.00273734237998724
taskonomy/autoencoding,encoder.layer3.2.relu,V7,test,sub-04,5919,77,rsa,-0.014353050850331783
taskonomy/autoencoding,encoder.layer3.2.relu,V8,test,sub-04,5919,111,rsa,0.020738083869218826
taskonomy/autoencoding,encoder.layer3.2.relu,FFC,test,sub-04,5919,312,rsa,0.03967519849538803
taskonomy/autoencoding,encoder.layer3.2.relu,PIT,test,sub-04,5919,118,rsa,0.0534430555999279
taskonomy/autoencoding,encoder.layer3.2.relu,IPS1,test,sub-04,5919,232,rsa,0.035726819187402725
taskonomy/autoencoding,encoder.layer3.2.relu,MST,test,sub-04,5919,142,rsa,0.017950084060430527
taskonomy/autoencoding,encoder.layer3.2.relu,MT,test,sub-04,5919,100,rsa,0.03609519079327583
taskonomy/autoencoding,encoder.layer3.2.relu,FST,test,sub-04,5919,175,rsa,0.017707467079162598
taskonomy/autoencoding,encoder.layer3.2.relu,LO1,test,sub-04,5919,80,rsa,0.05942637100815773
taskonomy/autoencoding,encoder.layer3.2.relu,LO2,test,sub-04,5919,83,rsa,0.0622042715549469
taskonomy/autoencoding,encoder.layer3.2.relu,LO3,test,sub-04,5919,118,rsa,0.010177697986364365
taskonomy/autoencoding,encoder.layer3.2.relu,V7,test,sub-04,5919,77,rsa,-0.014353050850331783
taskonomy/autoencoding,encoder.layer3.2.relu,IP0,test,sub-04,5919,196,rsa,0.01862175390124321
taskonomy/autoencoding,encoder.layer3.2.relu,IP1,test,sub-04,5919,49,rsa,0.050631292164325714
taskonomy/autoencoding,encoder.layer3.2.relu,MIP,test,sub-04,5919,237,rsa,0.013652365654706955
taskonomy/autoencoding,encoder.layer3.2.relu,VIP,test,sub-04,5919,198,rsa,-0.016662169247865677
taskonomy/autoencoding,encoder.layer3.2.relu,LIPd,test,sub-04,5919,28,rsa,0.008098271675407887
taskonomy/autoencoding,encoder.layer3.2.relu,LIPv,test,sub-04,5919,149,rsa,-0.00958636961877346
taskonomy/autoencoding,encoder.layer3.2.relu,AIP,test,sub-04,5919,221,rsa,-0.003210204653441906
taskonomy/autoencoding,encoder.layer3.2.relu,7Pm,test,sub-04,5919,39,rsa,0.009090367704629898
taskonomy/autoencoding,encoder.layer3.2.relu,7PL,test,sub-04,5919,104,rsa,0.008784253150224686
taskonomy/autoencoding,encoder.layer3.2.relu,7PC,test,sub-04,5919,260,rsa,0.02476290427148342
taskonomy/autoencoding,encoder.layer3.2.relu,7Am,test,sub-04,5919,207,rsa,-0.010321209207177162
taskonomy/autoencoding,encoder.layer3.2.relu,7AL,test,sub-04,5919,180,rsa,0.009140622802078724
taskonomy/autoencoding,encoder.layer3.2.relu,VVC,test,sub-04,5919,170,rsa,0.04170387238264084
taskonomy/autoencoding,encoder.layer3.2.relu,VMV2,test,sub-04,5919,115,rsa,0.03265820071101189
taskonomy/autoencoding,encoder.layer3.2.relu,VMV3,test,sub-04,5919,115,rsa,0.029788842424750328
taskonomy/autoencoding,encoder.layer3.2.relu,VMV1,test,sub-04,5919,53,rsa,0.010837757959961891
taskonomy/autoencoding,encoder.layer3.2.relu,PHA2,test,sub-04,5919,11,rsa,-0.0086443442851305
taskonomy/autoencoding,encoder.layer3.2.relu,PHA3,test,sub-04,5919,87,rsa,-0.0018977101426571608
taskonomy/autoencoding,encoder.layer3.2.relu,PH,test,sub-04,5919,340,rsa,0.024052118882536888
taskonomy/autoencoding,encoder.layer3.3.relu,V1,test,sub-04,5919,523,rsa,0.040764108300209045
taskonomy/autoencoding,encoder.layer3.3.relu,V2,test,sub-04,5919,638,rsa,0.029835408553481102
taskonomy/autoencoding,encoder.layer3.3.relu,V3,test,sub-04,5919,520,rsa,0.026072552427649498
taskonomy/autoencoding,encoder.layer3.3.relu,V4,test,sub-04,5919,610,rsa,0.0373833067715168
taskonomy/autoencoding,encoder.layer3.3.relu,V3A,test,sub-04,5919,232,rsa,-0.06826888769865036
taskonomy/autoencoding,encoder.layer3.3.relu,V3B,test,sub-04,5919,150,rsa,-0.008898096159100533
taskonomy/autoencoding,encoder.layer3.3.relu,V6,test,sub-04,5919,58,rsa,-0.014941073954105377
taskonomy/autoencoding,encoder.layer3.3.relu,V6A,test,sub-04,5919,38,rsa,0.000258665531873703
taskonomy/autoencoding,encoder.layer3.3.relu,V7,test,sub-04,5919,77,rsa,-0.008831707760691643
taskonomy/autoencoding,encoder.layer3.3.relu,V8,test,sub-04,5919,111,rsa,0.018967336043715477
taskonomy/autoencoding,encoder.layer3.3.relu,FFC,test,sub-04,5919,312,rsa,0.03440306708216667
taskonomy/autoencoding,encoder.layer3.3.relu,PIT,test,sub-04,5919,118,rsa,0.05290311202406883
taskonomy/autoencoding,encoder.layer3.3.relu,IPS1,test,sub-04,5919,232,rsa,0.032831139862537384
taskonomy/autoencoding,encoder.layer3.3.relu,MST,test,sub-04,5919,142,rsa,0.014916250482201576
taskonomy/autoencoding,encoder.layer3.3.relu,MT,test,sub-04,5919,100,rsa,0.030046537518501282
taskonomy/autoencoding,encoder.layer3.3.relu,FST,test,sub-04,5919,175,rsa,0.016284113749861717
taskonomy/autoencoding,encoder.layer3.3.relu,LO1,test,sub-04,5919,80,rsa,0.05892382562160492
taskonomy/autoencoding,encoder.layer3.3.relu,LO2,test,sub-04,5919,83,rsa,0.056861475110054016
taskonomy/autoencoding,encoder.layer3.3.relu,LO3,test,sub-04,5919,118,rsa,0.0025315461680293083
taskonomy/autoencoding,encoder.layer3.3.relu,V7,test,sub-04,5919,77,rsa,-0.008831707760691643
taskonomy/autoencoding,encoder.layer3.3.relu,IP0,test,sub-04,5919,196,rsa,0.014666958712041378
taskonomy/autoencoding,encoder.layer3.3.relu,IP1,test,sub-04,5919,49,rsa,0.046747446060180664
taskonomy/autoencoding,encoder.layer3.3.relu,MIP,test,sub-04,5919,237,rsa,0.009768948890268803
taskonomy/autoencoding,encoder.layer3.3.relu,VIP,test,sub-04,5919,198,rsa,-0.0149944256991148
taskonomy/autoencoding,encoder.layer3.3.relu,LIPd,test,sub-04,5919,28,rsa,0.004322417546063662
taskonomy/autoencoding,encoder.layer3.3.relu,LIPv,test,sub-04,5919,149,rsa,-0.009441881440579891
taskonomy/autoencoding,encoder.layer3.3.relu,AIP,test,sub-04,5919,221,rsa,-0.00199498375877738
taskonomy/autoencoding,encoder.layer3.3.relu,7Pm,test,sub-04,5919,39,rsa,0.00838893000036478
taskonomy/autoencoding,encoder.layer3.3.relu,7PL,test,sub-04,5919,104,rsa,0.006765400990843773
taskonomy/autoencoding,encoder.layer3.3.relu,7PC,test,sub-04,5919,260,rsa,0.022110119462013245
taskonomy/autoencoding,encoder.layer3.3.relu,7Am,test,sub-04,5919,207,rsa,-0.011639850214123726
taskonomy/autoencoding,encoder.layer3.3.relu,7AL,test,sub-04,5919,180,rsa,0.007226997520774603
taskonomy/autoencoding,encoder.layer3.3.relu,VVC,test,sub-04,5919,170,rsa,0.0449705645442009
taskonomy/autoencoding,encoder.layer3.3.relu,VMV2,test,sub-04,5919,115,rsa,0.033640578389167786
taskonomy/autoencoding,encoder.layer3.3.relu,VMV3,test,sub-04,5919,115,rsa,0.025946544483304024
taskonomy/autoencoding,encoder.layer3.3.relu,VMV1,test,sub-04,5919,53,rsa,0.009383497759699821
taskonomy/autoencoding,encoder.layer3.3.relu,PHA2,test,sub-04,5919,11,rsa,-0.008299419656395912
taskonomy/autoencoding,encoder.layer3.3.relu,PHA3,test,sub-04,5919,87,rsa,0.0010543896351009607
taskonomy/autoencoding,encoder.layer3.3.relu,PH,test,sub-04,5919,340,rsa,0.022084340453147888
taskonomy/autoencoding,encoder.layer3.4.relu,V1,test,sub-04,5919,523,rsa,0.03844156861305237
taskonomy/autoencoding,encoder.layer3.4.relu,V2,test,sub-04,5919,638,rsa,0.031018659472465515
taskonomy/autoencoding,encoder.layer3.4.relu,V3,test,sub-04,5919,520,rsa,0.025415582582354546
taskonomy/autoencoding,encoder.layer3.4.relu,V4,test,sub-04,5919,610,rsa,0.035615473985672
taskonomy/autoencoding,encoder.layer3.4.relu,V3A,test,sub-04,5919,232,rsa,-0.06413958221673965
taskonomy/autoencoding,encoder.layer3.4.relu,V3B,test,sub-04,5919,150,rsa,-0.008171262219548225
taskonomy/autoencoding,encoder.layer3.4.relu,V6,test,sub-04,5919,58,rsa,-0.016420036554336548
taskonomy/autoencoding,encoder.layer3.4.relu,V6A,test,sub-04,5919,38,rsa,0.0013119615614414215
taskonomy/autoencoding,encoder.layer3.4.relu,V7,test,sub-04,5919,77,rsa,-0.006174459122121334
taskonomy/autoencoding,encoder.layer3.4.relu,V8,test,sub-04,5919,111,rsa,0.01873037964105606
taskonomy/autoencoding,encoder.layer3.4.relu,FFC,test,sub-04,5919,312,rsa,0.03157700598239899
taskonomy/autoencoding,encoder.layer3.4.relu,PIT,test,sub-04,5919,118,rsa,0.051597557961940765
taskonomy/autoencoding,encoder.layer3.4.relu,IPS1,test,sub-04,5919,232,rsa,0.030811624601483345
taskonomy/autoencoding,encoder.layer3.4.relu,MST,test,sub-04,5919,142,rsa,0.013871139846742153
taskonomy/autoencoding,encoder.layer3.4.relu,MT,test,sub-04,5919,100,rsa,0.025671852752566338
taskonomy/autoencoding,encoder.layer3.4.relu,FST,test,sub-04,5919,175,rsa,0.014716600067913532
taskonomy/autoencoding,encoder.layer3.4.relu,LO1,test,sub-04,5919,80,rsa,0.059047941118478775
taskonomy/autoencoding,encoder.layer3.4.relu,LO2,test,sub-04,5919,83,rsa,0.05283311754465103
taskonomy/autoencoding,encoder.layer3.4.relu,LO3,test,sub-04,5919,118,rsa,-0.0019559478387236595
taskonomy/autoencoding,encoder.layer3.4.relu,V7,test,sub-04,5919,77,rsa,-0.006174459122121334
taskonomy/autoencoding,encoder.layer3.4.relu,IP0,test,sub-04,5919,196,rsa,0.01304415613412857
taskonomy/autoencoding,encoder.layer3.4.relu,IP1,test,sub-04,5919,49,rsa,0.043601974844932556
taskonomy/autoencoding,encoder.layer3.4.relu,MIP,test,sub-04,5919,237,rsa,0.006192573346197605
taskonomy/autoencoding,encoder.layer3.4.relu,VIP,test,sub-04,5919,198,rsa,-0.013781854882836342
taskonomy/autoencoding,encoder.layer3.4.relu,LIPd,test,sub-04,5919,28,rsa,0.002774148713797331
taskonomy/autoencoding,encoder.layer3.4.relu,LIPv,test,sub-04,5919,149,rsa,-0.008986765518784523
taskonomy/autoencoding,encoder.layer3.4.relu,AIP,test,sub-04,5919,221,rsa,-0.0017066077562049031
taskonomy/autoencoding,encoder.layer3.4.relu,7Pm,test,sub-04,5919,39,rsa,0.008539222180843353
taskonomy/autoencoding,encoder.layer3.4.relu,7PL,test,sub-04,5919,104,rsa,0.0056178453378379345
taskonomy/autoencoding,encoder.layer3.4.relu,7PC,test,sub-04,5919,260,rsa,0.02011057734489441
taskonomy/autoencoding,encoder.layer3.4.relu,7Am,test,sub-04,5919,207,rsa,-0.012064182199537754
taskonomy/autoencoding,encoder.layer3.4.relu,7AL,test,sub-04,5919,180,rsa,0.006330669857561588
taskonomy/autoencoding,encoder.layer3.4.relu,VVC,test,sub-04,5919,170,rsa,0.04744657874107361
taskonomy/autoencoding,encoder.layer3.4.relu,VMV2,test,sub-04,5919,115,rsa,0.0344647541642189
taskonomy/autoencoding,encoder.layer3.4.relu,VMV3,test,sub-04,5919,115,rsa,0.023773662745952606
taskonomy/autoencoding,encoder.layer3.4.relu,VMV1,test,sub-04,5919,53,rsa,0.008775155059993267
taskonomy/autoencoding,encoder.layer3.4.relu,PHA2,test,sub-04,5919,11,rsa,-0.007170653901994228
taskonomy/autoencoding,encoder.layer3.4.relu,PHA3,test,sub-04,5919,87,rsa,0.0031118947081267834
taskonomy/autoencoding,encoder.layer3.4.relu,PH,test,sub-04,5919,340,rsa,0.02101469598710537
taskonomy/autoencoding,encoder.layer3.5.relu,V1,test,sub-04,5919,523,rsa,0.03636015206575394
taskonomy/autoencoding,encoder.layer3.5.relu,V2,test,sub-04,5919,638,rsa,0.030007826164364815
taskonomy/autoencoding,encoder.layer3.5.relu,V3,test,sub-04,5919,520,rsa,0.02388174831867218
taskonomy/autoencoding,encoder.layer3.5.relu,V4,test,sub-04,5919,610,rsa,0.03529959172010422
taskonomy/autoencoding,encoder.layer3.5.relu,V3A,test,sub-04,5919,232,rsa,-0.06861332058906555
taskonomy/autoencoding,encoder.layer3.5.relu,V3B,test,sub-04,5919,150,rsa,-0.009092562831938267
taskonomy/autoencoding,encoder.layer3.5.relu,V6,test,sub-04,5919,58,rsa,-0.01740381307899952
taskonomy/autoencoding,encoder.layer3.5.relu,V6A,test,sub-04,5919,38,rsa,-0.0011415556073188782
taskonomy/autoencoding,encoder.layer3.5.relu,V7,test,sub-04,5919,77,rsa,-0.011138924397528172
taskonomy/autoencoding,encoder.layer3.5.relu,V8,test,sub-04,5919,111,rsa,0.021984437480568886
taskonomy/autoencoding,encoder.layer3.5.relu,FFC,test,sub-04,5919,312,rsa,0.030725881457328796
taskonomy/autoencoding,encoder.layer3.5.relu,PIT,test,sub-04,5919,118,rsa,0.05005278438329697
taskonomy/autoencoding,encoder.layer3.5.relu,IPS1,test,sub-04,5919,232,rsa,0.030626248568296432
taskonomy/autoencoding,encoder.layer3.5.relu,MST,test,sub-04,5919,142,rsa,0.015339069068431854
taskonomy/autoencoding,encoder.layer3.5.relu,MT,test,sub-04,5919,100,rsa,0.025620881468057632
taskonomy/autoencoding,encoder.layer3.5.relu,FST,test,sub-04,5919,175,rsa,0.011916764080524445
taskonomy/autoencoding,encoder.layer3.5.relu,LO1,test,sub-04,5919,80,rsa,0.06073277071118355
taskonomy/autoencoding,encoder.layer3.5.relu,LO2,test,sub-04,5919,83,rsa,0.050845321267843246
taskonomy/autoencoding,encoder.layer3.5.relu,LO3,test,sub-04,5919,118,rsa,-0.002616618759930134
taskonomy/autoencoding,encoder.layer3.5.relu,V7,test,sub-04,5919,77,rsa,-0.011138924397528172
taskonomy/autoencoding,encoder.layer3.5.relu,IP0,test,sub-04,5919,196,rsa,0.014410663396120071
taskonomy/autoencoding,encoder.layer3.5.relu,IP1,test,sub-04,5919,49,rsa,0.039672739803791046
taskonomy/autoencoding,encoder.layer3.5.relu,MIP,test,sub-04,5919,237,rsa,0.004170362837612629
taskonomy/autoencoding,encoder.layer3.5.relu,VIP,test,sub-04,5919,198,rsa,-0.013086603954434395
taskonomy/autoencoding,encoder.layer3.5.relu,LIPd,test,sub-04,5919,28,rsa,0.0025571072474122047
taskonomy/autoencoding,encoder.layer3.5.relu,LIPv,test,sub-04,5919,149,rsa,-0.007719540968537331
taskonomy/autoencoding,encoder.layer3.5.relu,AIP,test,sub-04,5919,221,rsa,-0.003920895047485828
taskonomy/autoencoding,encoder.layer3.5.relu,7Pm,test,sub-04,5919,39,rsa,0.00929369404911995
taskonomy/autoencoding,encoder.layer3.5.relu,7PL,test,sub-04,5919,104,rsa,0.005074847489595413
taskonomy/autoencoding,encoder.layer3.5.relu,7PC,test,sub-04,5919,260,rsa,0.019596345722675323
taskonomy/autoencoding,encoder.layer3.5.relu,7Am,test,sub-04,5919,207,rsa,-0.013375054113566875
taskonomy/autoencoding,encoder.layer3.5.relu,7AL,test,sub-04,5919,180,rsa,0.006936235819011927
taskonomy/autoencoding,encoder.layer3.5.relu,VVC,test,sub-04,5919,170,rsa,0.047052688896656036
taskonomy/autoencoding,encoder.layer3.5.relu,VMV2,test,sub-04,5919,115,rsa,0.036130376160144806
taskonomy/autoencoding,encoder.layer3.5.relu,VMV3,test,sub-04,5919,115,rsa,0.024199895560741425
taskonomy/autoencoding,encoder.layer3.5.relu,VMV1,test,sub-04,5919,53,rsa,0.010722198523581028
taskonomy/autoencoding,encoder.layer3.5.relu,PHA2,test,sub-04,5919,11,rsa,-0.006354712415486574
taskonomy/autoencoding,encoder.layer3.5.relu,PHA3,test,sub-04,5919,87,rsa,0.005467772483825684
taskonomy/autoencoding,encoder.layer3.5.relu,PH,test,sub-04,5919,340,rsa,0.01983604207634926
taskonomy/autoencoding,encoder.layer4.0.relu,V1,test,sub-04,5919,523,rsa,0.08360341936349869
taskonomy/autoencoding,encoder.layer4.0.relu,V2,test,sub-04,5919,638,rsa,0.05563093349337578
taskonomy/autoencoding,encoder.layer4.0.relu,V3,test,sub-04,5919,520,rsa,0.05428090691566467
taskonomy/autoencoding,encoder.layer4.0.relu,V4,test,sub-04,5919,610,rsa,0.06942500174045563
taskonomy/autoencoding,encoder.layer4.0.relu,V3A,test,sub-04,5919,232,rsa,-0.03202349692583084
taskonomy/autoencoding,encoder.layer4.0.relu,V3B,test,sub-04,5919,150,rsa,-3.8236845284700394e-05
taskonomy/autoencoding,encoder.layer4.0.relu,V6,test,sub-04,5919,58,rsa,0.007748027797788382
taskonomy/autoencoding,encoder.layer4.0.relu,V6A,test,sub-04,5919,38,rsa,0.002784423530101776
taskonomy/autoencoding,encoder.layer4.0.relu,V7,test,sub-04,5919,77,rsa,-0.0024889446794986725
taskonomy/autoencoding,encoder.layer4.0.relu,V8,test,sub-04,5919,111,rsa,0.029185563325881958
taskonomy/autoencoding,encoder.layer4.0.relu,FFC,test,sub-04,5919,312,rsa,0.04911454766988754
taskonomy/autoencoding,encoder.layer4.0.relu,PIT,test,sub-04,5919,118,rsa,0.046509258449077606
taskonomy/autoencoding,encoder.layer4.0.relu,IPS1,test,sub-04,5919,232,rsa,0.04762866348028183
taskonomy/autoencoding,encoder.layer4.0.relu,MST,test,sub-04,5919,142,rsa,0.035699497908353806
taskonomy/autoencoding,encoder.layer4.0.relu,MT,test,sub-04,5919,100,rsa,0.04437581077218056
taskonomy/autoencoding,encoder.layer4.0.relu,FST,test,sub-04,5919,175,rsa,0.025327127426862717
taskonomy/autoencoding,encoder.layer4.0.relu,LO1,test,sub-04,5919,80,rsa,0.06781022995710373
taskonomy/autoencoding,encoder.layer4.0.relu,LO2,test,sub-04,5919,83,rsa,0.07791213691234589
taskonomy/autoencoding,encoder.layer4.0.relu,LO3,test,sub-04,5919,118,rsa,0.04036269336938858
taskonomy/autoencoding,encoder.layer4.0.relu,V7,test,sub-04,5919,77,rsa,-0.0024889446794986725
taskonomy/autoencoding,encoder.layer4.0.relu,IP0,test,sub-04,5919,196,rsa,0.045898228883743286
taskonomy/autoencoding,encoder.layer4.0.relu,IP1,test,sub-04,5919,49,rsa,0.06783343106508255
taskonomy/autoencoding,encoder.layer4.0.relu,MIP,test,sub-04,5919,237,rsa,0.04429006576538086
taskonomy/autoencoding,encoder.layer4.0.relu,VIP,test,sub-04,5919,198,rsa,-0.018471576273441315
taskonomy/autoencoding,encoder.layer4.0.relu,LIPd,test,sub-04,5919,28,rsa,0.022306792438030243
taskonomy/autoencoding,encoder.layer4.0.relu,LIPv,test,sub-04,5919,149,rsa,-0.014818217605352402
taskonomy/autoencoding,encoder.layer4.0.relu,AIP,test,sub-04,5919,221,rsa,0.0009170621633529663
taskonomy/autoencoding,encoder.layer4.0.relu,7Pm,test,sub-04,5919,39,rsa,0.015351925976574421
taskonomy/autoencoding,encoder.layer4.0.relu,7PL,test,sub-04,5919,104,rsa,0.027071010321378708
taskonomy/autoencoding,encoder.layer4.0.relu,7PC,test,sub-04,5919,260,rsa,0.027383703738451004
taskonomy/autoencoding,encoder.layer4.0.relu,7Am,test,sub-04,5919,207,rsa,0.010267403908073902
taskonomy/autoencoding,encoder.layer4.0.relu,7AL,test,sub-04,5919,180,rsa,0.016425317153334618
taskonomy/autoencoding,encoder.layer4.0.relu,VVC,test,sub-04,5919,170,rsa,0.03271951153874397
taskonomy/autoencoding,encoder.layer4.0.relu,VMV2,test,sub-04,5919,115,rsa,0.0422792062163353
taskonomy/autoencoding,encoder.layer4.0.relu,VMV3,test,sub-04,5919,115,rsa,0.05064039304852486
taskonomy/autoencoding,encoder.layer4.0.relu,VMV1,test,sub-04,5919,53,rsa,0.023328833281993866
taskonomy/autoencoding,encoder.layer4.0.relu,PHA2,test,sub-04,5919,11,rsa,0.006758339703083038
taskonomy/autoencoding,encoder.layer4.0.relu,PHA3,test,sub-04,5919,87,rsa,0.004051504656672478
taskonomy/autoencoding,encoder.layer4.0.relu,PH,test,sub-04,5919,340,rsa,0.02456764504313469
taskonomy/autoencoding,encoder.layer4.1.relu,V1,test,sub-04,5919,523,rsa,0.07338432222604752
taskonomy/autoencoding,encoder.layer4.1.relu,V2,test,sub-04,5919,638,rsa,0.04914464056491852
taskonomy/autoencoding,encoder.layer4.1.relu,V3,test,sub-04,5919,520,rsa,0.04226800426840782
taskonomy/autoencoding,encoder.layer4.1.relu,V4,test,sub-04,5919,610,rsa,0.06136307120323181
taskonomy/autoencoding,encoder.layer4.1.relu,V3A,test,sub-04,5919,232,rsa,-0.03237404674291611
taskonomy/autoencoding,encoder.layer4.1.relu,V3B,test,sub-04,5919,150,rsa,-0.00275542214512825
taskonomy/autoencoding,encoder.layer4.1.relu,V6,test,sub-04,5919,58,rsa,0.00513029471039772
taskonomy/autoencoding,encoder.layer4.1.relu,V6A,test,sub-04,5919,38,rsa,0.007441449444741011
taskonomy/autoencoding,encoder.layer4.1.relu,V7,test,sub-04,5919,77,rsa,0.0015964284539222717
taskonomy/autoencoding,encoder.layer4.1.relu,V8,test,sub-04,5919,111,rsa,0.021461937576532364
taskonomy/autoencoding,encoder.layer4.1.relu,FFC,test,sub-04,5919,312,rsa,0.04427216947078705
taskonomy/autoencoding,encoder.layer4.1.relu,PIT,test,sub-04,5919,118,rsa,0.04977167397737503
taskonomy/autoencoding,encoder.layer4.1.relu,IPS1,test,sub-04,5919,232,rsa,0.04151874780654907
taskonomy/autoencoding,encoder.layer4.1.relu,MST,test,sub-04,5919,142,rsa,0.02283303439617157
taskonomy/autoencoding,encoder.layer4.1.relu,MT,test,sub-04,5919,100,rsa,0.03698613867163658
taskonomy/autoencoding,encoder.layer4.1.relu,FST,test,sub-04,5919,175,rsa,0.023724110797047615
taskonomy/autoencoding,encoder.layer4.1.relu,LO1,test,sub-04,5919,80,rsa,0.06229047477245331
taskonomy/autoencoding,encoder.layer4.1.relu,LO2,test,sub-04,5919,83,rsa,0.07330205291509628
taskonomy/autoencoding,encoder.layer4.1.relu,LO3,test,sub-04,5919,118,rsa,0.026550376787781715
taskonomy/autoencoding,encoder.layer4.1.relu,V7,test,sub-04,5919,77,rsa,0.0015964284539222717
taskonomy/autoencoding,encoder.layer4.1.relu,IP0,test,sub-04,5919,196,rsa,0.03577127680182457
taskonomy/autoencoding,encoder.layer4.1.relu,IP1,test,sub-04,5919,49,rsa,0.06751267611980438
taskonomy/autoencoding,encoder.layer4.1.relu,MIP,test,sub-04,5919,237,rsa,0.042223572731018066
taskonomy/autoencoding,encoder.layer4.1.relu,VIP,test,sub-04,5919,198,rsa,-0.01677803136408329
taskonomy/autoencoding,encoder.layer4.1.relu,LIPd,test,sub-04,5919,28,rsa,0.02625562623143196
taskonomy/autoencoding,encoder.layer4.1.relu,LIPv,test,sub-04,5919,149,rsa,-0.0161680206656456
taskonomy/autoencoding,encoder.layer4.1.relu,AIP,test,sub-04,5919,221,rsa,0.00989501178264618
taskonomy/autoencoding,encoder.layer4.1.relu,7Pm,test,sub-04,5919,39,rsa,0.01475222036242485
taskonomy/autoencoding,encoder.layer4.1.relu,7PL,test,sub-04,5919,104,rsa,0.02458937279880047
taskonomy/autoencoding,encoder.layer4.1.relu,7PC,test,sub-04,5919,260,rsa,0.027479154989123344
taskonomy/autoencoding,encoder.layer4.1.relu,7Am,test,sub-04,5919,207,rsa,0.008752362802624702
taskonomy/autoencoding,encoder.layer4.1.relu,7AL,test,sub-04,5919,180,rsa,0.016513457521796227
taskonomy/autoencoding,encoder.layer4.1.relu,VVC,test,sub-04,5919,170,rsa,0.03776179999113083
taskonomy/autoencoding,encoder.layer4.1.relu,VMV2,test,sub-04,5919,115,rsa,0.046285420656204224
taskonomy/autoencoding,encoder.layer4.1.relu,VMV3,test,sub-04,5919,115,rsa,0.0411517396569252
taskonomy/autoencoding,encoder.layer4.1.relu,VMV1,test,sub-04,5919,53,rsa,0.021044710651040077
taskonomy/autoencoding,encoder.layer4.1.relu,PHA2,test,sub-04,5919,11,rsa,0.004687046632170677
taskonomy/autoencoding,encoder.layer4.1.relu,PHA3,test,sub-04,5919,87,rsa,0.00603845389559865
taskonomy/autoencoding,encoder.layer4.1.relu,PH,test,sub-04,5919,340,rsa,0.024591565132141113
taskonomy/autoencoding,encoder.layer4.2.relu,V1,test,sub-04,5919,523,rsa,0.0658649355173111
taskonomy/autoencoding,encoder.layer4.2.relu,V2,test,sub-04,5919,638,rsa,0.038947321474552155
taskonomy/autoencoding,encoder.layer4.2.relu,V3,test,sub-04,5919,520,rsa,0.03210335224866867
taskonomy/autoencoding,encoder.layer4.2.relu,V4,test,sub-04,5919,610,rsa,0.055914610624313354
taskonomy/autoencoding,encoder.layer4.2.relu,V3A,test,sub-04,5919,232,rsa,-0.030981358140707016
taskonomy/autoencoding,encoder.layer4.2.relu,V3B,test,sub-04,5919,150,rsa,-0.00183761864900589
taskonomy/autoencoding,encoder.layer4.2.relu,V6,test,sub-04,5919,58,rsa,0.006411304697394371
taskonomy/autoencoding,encoder.layer4.2.relu,V6A,test,sub-04,5919,38,rsa,0.010377300903201103
taskonomy/autoencoding,encoder.layer4.2.relu,V7,test,sub-04,5919,77,rsa,0.005555409938097
taskonomy/autoencoding,encoder.layer4.2.relu,V8,test,sub-04,5919,111,rsa,0.014065179973840714
taskonomy/autoencoding,encoder.layer4.2.relu,FFC,test,sub-04,5919,312,rsa,0.04352249205112457
taskonomy/autoencoding,encoder.layer4.2.relu,PIT,test,sub-04,5919,118,rsa,0.05108223482966423
taskonomy/autoencoding,encoder.layer4.2.relu,IPS1,test,sub-04,5919,232,rsa,0.036082714796066284
taskonomy/autoencoding,encoder.layer4.2.relu,MST,test,sub-04,5919,142,rsa,0.013115613721311092
taskonomy/autoencoding,encoder.layer4.2.relu,MT,test,sub-04,5919,100,rsa,0.03468361869454384
taskonomy/autoencoding,encoder.layer4.2.relu,FST,test,sub-04,5919,175,rsa,0.025052601471543312
taskonomy/autoencoding,encoder.layer4.2.relu,LO1,test,sub-04,5919,80,rsa,0.05099174752831459
taskonomy/autoencoding,encoder.layer4.2.relu,LO2,test,sub-04,5919,83,rsa,0.0692637637257576
taskonomy/autoencoding,encoder.layer4.2.relu,LO3,test,sub-04,5919,118,rsa,0.018829170614480972
taskonomy/autoencoding,encoder.layer4.2.relu,V7,test,sub-04,5919,77,rsa,0.005555409938097
taskonomy/autoencoding,encoder.layer4.2.relu,IP0,test,sub-04,5919,196,rsa,0.026641441509127617
taskonomy/autoencoding,encoder.layer4.2.relu,IP1,test,sub-04,5919,49,rsa,0.06869138032197952
taskonomy/autoencoding,encoder.layer4.2.relu,MIP,test,sub-04,5919,237,rsa,0.038516897708177567
taskonomy/autoencoding,encoder.layer4.2.relu,VIP,test,sub-04,5919,198,rsa,-0.015346843749284744
taskonomy/autoencoding,encoder.layer4.2.relu,LIPd,test,sub-04,5919,28,rsa,0.03027983382344246
taskonomy/autoencoding,encoder.layer4.2.relu,LIPv,test,sub-04,5919,149,rsa,-0.015930235385894775
taskonomy/autoencoding,encoder.layer4.2.relu,AIP,test,sub-04,5919,221,rsa,0.014913946390151978
taskonomy/autoencoding,encoder.layer4.2.relu,7Pm,test,sub-04,5919,39,rsa,0.012037395499646664
taskonomy/autoencoding,encoder.layer4.2.relu,7PL,test,sub-04,5919,104,rsa,0.021545138210058212
taskonomy/autoencoding,encoder.layer4.2.relu,7PC,test,sub-04,5919,260,rsa,0.02613820508122444
taskonomy/autoencoding,encoder.layer4.2.relu,7Am,test,sub-04,5919,207,rsa,0.009736876003444195
taskonomy/autoencoding,encoder.layer4.2.relu,7AL,test,sub-04,5919,180,rsa,0.017109308391809464
taskonomy/autoencoding,encoder.layer4.2.relu,VVC,test,sub-04,5919,170,rsa,0.041845984756946564
taskonomy/autoencoding,encoder.layer4.2.relu,VMV2,test,sub-04,5919,115,rsa,0.044827669858932495
taskonomy/autoencoding,encoder.layer4.2.relu,VMV3,test,sub-04,5919,115,rsa,0.0321260467171669
taskonomy/autoencoding,encoder.layer4.2.relu,VMV1,test,sub-04,5919,53,rsa,0.01675732620060444
taskonomy/autoencoding,encoder.layer4.2.relu,PHA2,test,sub-04,5919,11,rsa,0.0002847844734787941
taskonomy/autoencoding,encoder.layer4.2.relu,PHA3,test,sub-04,5919,87,rsa,0.007252051029354334
taskonomy/autoencoding,encoder.layer4.2.relu,PH,test,sub-04,5919,340,rsa,0.025890639051795006
