model,layer,roi,split,subject,n_features_1_model,n_features_2_brain,metric,score
mmaction2/timesformer_jointST_8xb8-8x32x1-15e_kinetics400-rgb,backbone.transformer_layers.layers.0,V1,train,sub-10,5919,553,rsa,0.06266319751739502
mmaction2/timesformer_jointST_8xb8-8x32x1-15e_kinetics400-rgb,backbone.transformer_layers.layers.0,V2,train,sub-10,5919,516,rsa,0.0431726798415184
mmaction2/timesformer_jointST_8xb8-8x32x1-15e_kinetics400-rgb,backbone.transformer_layers.layers.0,V3,train,sub-10,5919,400,rsa,0.039400093257427216
mmaction2/timesformer_jointST_8xb8-8x32x1-15e_kinetics400-rgb,backbone.transformer_layers.layers.0,V4,train,sub-10,5919,574,rsa,0.05215417966246605
mmaction2/timesformer_jointST_8xb8-8x32x1-15e_kinetics400-rgb,backbone.transformer_layers.layers.0,V3A,train,sub-10,5919,85,rsa,0.02852950245141983
mmaction2/timesformer_jointST_8xb8-8x32x1-15e_kinetics400-rgb,backbone.transformer_layers.layers.0,V3B,train,sub-10,5919,99,rsa,0.016985755413770676
mmaction2/timesformer_jointST_8xb8-8x32x1-15e_kinetics400-rgb,backbone.transformer_layers.layers.0,V6,train,sub-10,5919,11,rsa,0.009765350259840488
mmaction2/timesformer_jointST_8xb8-8x32x1-15e_kinetics400-rgb,backbone.transformer_layers.layers.0,V6A,train,sub-10,5919,45,rsa,0.013589616864919662
mmaction2/timesformer_jointST_8xb8-8x32x1-15e_kinetics400-rgb,backbone.transformer_layers.layers.0,V7,train,sub-10,5919,61,rsa,0.010579295456409454
mmaction2/timesformer_jointST_8xb8-8x32x1-15e_kinetics400-rgb,backbone.transformer_layers.layers.0,V8,train,sub-10,5919,96,rsa,0.037836380302906036
mmaction2/timesformer_jointST_8xb8-8x32x1-15e_kinetics400-rgb,backbone.transformer_layers.layers.0,FFC,train,sub-10,5919,244,rsa,0.039738208055496216
mmaction2/timesformer_jointST_8xb8-8x32x1-15e_kinetics400-rgb,backbone.transformer_layers.layers.0,PIT,train,sub-10,5919,100,rsa,0.022515656426548958
mmaction2/timesformer_jointST_8xb8-8x32x1-15e_kinetics400-rgb,backbone.transformer_layers.layers.0,IPS1,train,sub-10,5919,166,rsa,0.005113310646265745
mmaction2/timesformer_jointST_8xb8-8x32x1-15e_kinetics400-rgb,backbone.transformer_layers.layers.0,MST,train,sub-10,5919,135,rsa,0.033668339252471924
mmaction2/timesformer_jointST_8xb8-8x32x1-15e_kinetics400-rgb,backbone.transformer_layers.layers.0,MT,train,sub-10,5919,86,rsa,0.03520902246236801
mmaction2/timesformer_jointST_8xb8-8x32x1-15e_kinetics400-rgb,backbone.transformer_layers.layers.0,FST,train,sub-10,5919,167,rsa,0.013650808483362198
mmaction2/timesformer_jointST_8xb8-8x32x1-15e_kinetics400-rgb,backbone.transformer_layers.layers.0,LO1,train,sub-10,5919,78,rsa,0.02193593606352806
mmaction2/timesformer_jointST_8xb8-8x32x1-15e_kinetics400-rgb,backbone.transformer_layers.layers.0,LO2,train,sub-10,5919,80,rsa,0.021703330799937248
mmaction2/timesformer_jointST_8xb8-8x32x1-15e_kinetics400-rgb,backbone.transformer_layers.layers.0,LO3,train,sub-10,5919,113,rsa,0.02202712744474411
mmaction2/timesformer_jointST_8xb8-8x32x1-15e_kinetics400-rgb,backbone.transformer_layers.layers.0,V7,train,sub-10,5919,61,rsa,0.010579295456409454
mmaction2/timesformer_jointST_8xb8-8x32x1-15e_kinetics400-rgb,backbone.transformer_layers.layers.0,IP0,train,sub-10,5919,103,rsa,0.01615358516573906
mmaction2/timesformer_jointST_8xb8-8x32x1-15e_kinetics400-rgb,backbone.transformer_layers.layers.0,IP1,train,sub-10,5919,33,rsa,0.000684429774992168
mmaction2/timesformer_jointST_8xb8-8x32x1-15e_kinetics400-rgb,backbone.transformer_layers.layers.0,MIP,train,sub-10,5919,178,rsa,0.003335828660055995
mmaction2/timesformer_jointST_8xb8-8x32x1-15e_kinetics400-rgb,backbone.transformer_layers.layers.0,VIP,train,sub-10,5919,100,rsa,0.0021109965164214373
mmaction2/timesformer_jointST_8xb8-8x32x1-15e_kinetics400-rgb,backbone.transformer_layers.layers.0,LIPd,train,sub-10,5919,31,rsa,0.0006871602381579578
mmaction2/timesformer_jointST_8xb8-8x32x1-15e_kinetics400-rgb,backbone.transformer_layers.layers.0,LIPv,train,sub-10,5919,75,rsa,0.0031978210899978876
mmaction2/timesformer_jointST_8xb8-8x32x1-15e_kinetics400-rgb,backbone.transformer_layers.layers.0,AIP,train,sub-10,5919,409,rsa,0.003582158125936985
mmaction2/timesformer_jointST_8xb8-8x32x1-15e_kinetics400-rgb,backbone.transformer_layers.layers.0,7Pm,train,sub-10,5919,21,rsa,0.004053651820868254
mmaction2/timesformer_jointST_8xb8-8x32x1-15e_kinetics400-rgb,backbone.transformer_layers.layers.0,7PL,train,sub-10,5919,106,rsa,0.002142468234524131
mmaction2/timesformer_jointST_8xb8-8x32x1-15e_kinetics400-rgb,backbone.transformer_layers.layers.0,7PC,train,sub-10,5919,224,rsa,0.0030842043925076723
mmaction2/timesformer_jointST_8xb8-8x32x1-15e_kinetics400-rgb,backbone.transformer_layers.layers.0,7Am,train,sub-10,5919,186,rsa,0.005789642222225666
mmaction2/timesformer_jointST_8xb8-8x32x1-15e_kinetics400-rgb,backbone.transformer_layers.layers.0,7AL,train,sub-10,5919,158,rsa,0.003886737395077944
mmaction2/timesformer_jointST_8xb8-8x32x1-15e_kinetics400-rgb,backbone.transformer_layers.layers.0,VVC,train,sub-10,5919,196,rsa,0.03955059498548508
mmaction2/timesformer_jointST_8xb8-8x32x1-15e_kinetics400-rgb,backbone.transformer_layers.layers.0,VMV2,train,sub-10,5919,94,rsa,0.0299626924097538
mmaction2/timesformer_jointST_8xb8-8x32x1-15e_kinetics400-rgb,backbone.transformer_layers.layers.0,VMV3,train,sub-10,5919,98,rsa,0.021534323692321777
mmaction2/timesformer_jointST_8xb8-8x32x1-15e_kinetics400-rgb,backbone.transformer_layers.layers.0,VMV1,train,sub-10,5919,42,rsa,0.017139865085482597
mmaction2/timesformer_jointST_8xb8-8x32x1-15e_kinetics400-rgb,backbone.transformer_layers.layers.0,PHA2,train,sub-10,5919,21,rsa,0.010683595202863216
mmaction2/timesformer_jointST_8xb8-8x32x1-15e_kinetics400-rgb,backbone.transformer_layers.layers.0,PHA3,train,sub-10,5919,104,rsa,0.024337315931916237
mmaction2/timesformer_jointST_8xb8-8x32x1-15e_kinetics400-rgb,backbone.transformer_layers.layers.0,PH,train,sub-10,5919,261,rsa,0.030422508716583252
mmaction2/timesformer_jointST_8xb8-8x32x1-15e_kinetics400-rgb,backbone.transformer_layers.layers.1,V1,train,sub-10,5919,553,rsa,0.09250938147306442
mmaction2/timesformer_jointST_8xb8-8x32x1-15e_kinetics400-rgb,backbone.transformer_layers.layers.1,V2,train,sub-10,5919,516,rsa,0.06711014360189438
mmaction2/timesformer_jointST_8xb8-8x32x1-15e_kinetics400-rgb,backbone.transformer_layers.layers.1,V3,train,sub-10,5919,400,rsa,0.06399327516555786
mmaction2/timesformer_jointST_8xb8-8x32x1-15e_kinetics400-rgb,backbone.transformer_layers.layers.1,V4,train,sub-10,5919,574,rsa,0.07911153137683868
mmaction2/timesformer_jointST_8xb8-8x32x1-15e_kinetics400-rgb,backbone.transformer_layers.layers.1,V3A,train,sub-10,5919,85,rsa,0.04095963388681412
mmaction2/timesformer_jointST_8xb8-8x32x1-15e_kinetics400-rgb,backbone.transformer_layers.layers.1,V3B,train,sub-10,5919,99,rsa,0.021422259509563446
mmaction2/timesformer_jointST_8xb8-8x32x1-15e_kinetics400-rgb,backbone.transformer_layers.layers.1,V6,train,sub-10,5919,11,rsa,0.014400430023670197
mmaction2/timesformer_jointST_8xb8-8x32x1-15e_kinetics400-rgb,backbone.transformer_layers.layers.1,V6A,train,sub-10,5919,45,rsa,0.019421255216002464
mmaction2/timesformer_jointST_8xb8-8x32x1-15e_kinetics400-rgb,backbone.transformer_layers.layers.1,V7,train,sub-10,5919,61,rsa,0.019103700295090675
mmaction2/timesformer_jointST_8xb8-8x32x1-15e_kinetics400-rgb,backbone.transformer_layers.layers.1,V8,train,sub-10,5919,96,rsa,0.054352425038814545
mmaction2/timesformer_jointST_8xb8-8x32x1-15e_kinetics400-rgb,backbone.transformer_layers.layers.1,FFC,train,sub-10,5919,244,rsa,0.06120821833610535
mmaction2/timesformer_jointST_8xb8-8x32x1-15e_kinetics400-rgb,backbone.transformer_layers.layers.1,PIT,train,sub-10,5919,100,rsa,0.03482988104224205
mmaction2/timesformer_jointST_8xb8-8x32x1-15e_kinetics400-rgb,backbone.transformer_layers.layers.1,IPS1,train,sub-10,5919,166,rsa,0.00997983943670988
mmaction2/timesformer_jointST_8xb8-8x32x1-15e_kinetics400-rgb,backbone.transformer_layers.layers.1,MST,train,sub-10,5919,135,rsa,0.05438973382115364
mmaction2/timesformer_jointST_8xb8-8x32x1-15e_kinetics400-rgb,backbone.transformer_layers.layers.1,MT,train,sub-10,5919,86,rsa,0.05352671444416046
mmaction2/timesformer_jointST_8xb8-8x32x1-15e_kinetics400-rgb,backbone.transformer_layers.layers.1,FST,train,sub-10,5919,167,rsa,0.0247458815574646
mmaction2/timesformer_jointST_8xb8-8x32x1-15e_kinetics400-rgb,backbone.transformer_layers.layers.1,LO1,train,sub-10,5919,78,rsa,0.03794668987393379
mmaction2/timesformer_jointST_8xb8-8x32x1-15e_kinetics400-rgb,backbone.transformer_layers.layers.1,LO2,train,sub-10,5919,80,rsa,0.03590007498860359
mmaction2/timesformer_jointST_8xb8-8x32x1-15e_kinetics400-rgb,backbone.transformer_layers.layers.1,LO3,train,sub-10,5919,113,rsa,0.0351346954703331
mmaction2/timesformer_jointST_8xb8-8x32x1-15e_kinetics400-rgb,backbone.transformer_layers.layers.1,V7,train,sub-10,5919,61,rsa,0.019103700295090675
mmaction2/timesformer_jointST_8xb8-8x32x1-15e_kinetics400-rgb,backbone.transformer_layers.layers.1,IP0,train,sub-10,5919,103,rsa,0.022300798445940018
mmaction2/timesformer_jointST_8xb8-8x32x1-15e_kinetics400-rgb,backbone.transformer_layers.layers.1,IP1,train,sub-10,5919,33,rsa,0.0027376473881304264
mmaction2/timesformer_jointST_8xb8-8x32x1-15e_kinetics400-rgb,backbone.transformer_layers.layers.1,MIP,train,sub-10,5919,178,rsa,0.0062284623272717
mmaction2/timesformer_jointST_8xb8-8x32x1-15e_kinetics400-rgb,backbone.transformer_layers.layers.1,VIP,train,sub-10,5919,100,rsa,0.007192283868789673
mmaction2/timesformer_jointST_8xb8-8x32x1-15e_kinetics400-rgb,backbone.transformer_layers.layers.1,LIPd,train,sub-10,5919,31,rsa,0.002463890938088298
mmaction2/timesformer_jointST_8xb8-8x32x1-15e_kinetics400-rgb,backbone.transformer_layers.layers.1,LIPv,train,sub-10,5919,75,rsa,0.005709775257855654
mmaction2/timesformer_jointST_8xb8-8x32x1-15e_kinetics400-rgb,backbone.transformer_layers.layers.1,AIP,train,sub-10,5919,409,rsa,0.006614697631448507
mmaction2/timesformer_jointST_8xb8-8x32x1-15e_kinetics400-rgb,backbone.transformer_layers.layers.1,7Pm,train,sub-10,5919,21,rsa,0.005869728047400713
mmaction2/timesformer_jointST_8xb8-8x32x1-15e_kinetics400-rgb,backbone.transformer_layers.layers.1,7PL,train,sub-10,5919,106,rsa,0.00542891351506114
mmaction2/timesformer_jointST_8xb8-8x32x1-15e_kinetics400-rgb,backbone.transformer_layers.layers.1,7PC,train,sub-10,5919,224,rsa,0.006319929379969835
mmaction2/timesformer_jointST_8xb8-8x32x1-15e_kinetics400-rgb,backbone.transformer_layers.layers.1,7Am,train,sub-10,5919,186,rsa,0.011981443502008915
mmaction2/timesformer_jointST_8xb8-8x32x1-15e_kinetics400-rgb,backbone.transformer_layers.layers.1,7AL,train,sub-10,5919,158,rsa,0.007443961687386036
mmaction2/timesformer_jointST_8xb8-8x32x1-15e_kinetics400-rgb,backbone.transformer_layers.layers.1,VVC,train,sub-10,5919,196,rsa,0.05384525656700134
mmaction2/timesformer_jointST_8xb8-8x32x1-15e_kinetics400-rgb,backbone.transformer_layers.layers.1,VMV2,train,sub-10,5919,94,rsa,0.04238499701023102
mmaction2/timesformer_jointST_8xb8-8x32x1-15e_kinetics400-rgb,backbone.transformer_layers.layers.1,VMV3,train,sub-10,5919,98,rsa,0.02886742167174816
mmaction2/timesformer_jointST_8xb8-8x32x1-15e_kinetics400-rgb,backbone.transformer_layers.layers.1,VMV1,train,sub-10,5919,42,rsa,0.025164227932691574
mmaction2/timesformer_jointST_8xb8-8x32x1-15e_kinetics400-rgb,backbone.transformer_layers.layers.1,PHA2,train,sub-10,5919,21,rsa,0.017358509823679924
mmaction2/timesformer_jointST_8xb8-8x32x1-15e_kinetics400-rgb,backbone.transformer_layers.layers.1,PHA3,train,sub-10,5919,104,rsa,0.03880016505718231
mmaction2/timesformer_jointST_8xb8-8x32x1-15e_kinetics400-rgb,backbone.transformer_layers.layers.1,PH,train,sub-10,5919,261,rsa,0.04978465661406517
mmaction2/timesformer_jointST_8xb8-8x32x1-15e_kinetics400-rgb,backbone.transformer_layers.layers.2,V1,train,sub-10,5919,553,rsa,0.103483185172081
mmaction2/timesformer_jointST_8xb8-8x32x1-15e_kinetics400-rgb,backbone.transformer_layers.layers.2,V2,train,sub-10,5919,516,rsa,0.0791076272726059
mmaction2/timesformer_jointST_8xb8-8x32x1-15e_kinetics400-rgb,backbone.transformer_layers.layers.2,V3,train,sub-10,5919,400,rsa,0.07850753515958786
mmaction2/timesformer_jointST_8xb8-8x32x1-15e_kinetics400-rgb,backbone.transformer_layers.layers.2,V4,train,sub-10,5919,574,rsa,0.09570032358169556
mmaction2/timesformer_jointST_8xb8-8x32x1-15e_kinetics400-rgb,backbone.transformer_layers.layers.2,V3A,train,sub-10,5919,85,rsa,0.04733126983046532
mmaction2/timesformer_jointST_8xb8-8x32x1-15e_kinetics400-rgb,backbone.transformer_layers.layers.2,V3B,train,sub-10,5919,99,rsa,0.02665446139872074
mmaction2/timesformer_jointST_8xb8-8x32x1-15e_kinetics400-rgb,backbone.transformer_layers.layers.2,V6,train,sub-10,5919,11,rsa,0.016294408589601517
mmaction2/timesformer_jointST_8xb8-8x32x1-15e_kinetics400-rgb,backbone.transformer_layers.layers.2,V6A,train,sub-10,5919,45,rsa,0.02354728989303112
mmaction2/timesformer_jointST_8xb8-8x32x1-15e_kinetics400-rgb,backbone.transformer_layers.layers.2,V7,train,sub-10,5919,61,rsa,0.024349898099899292
mmaction2/timesformer_jointST_8xb8-8x32x1-15e_kinetics400-rgb,backbone.transformer_layers.layers.2,V8,train,sub-10,5919,96,rsa,0.0626983493566513
mmaction2/timesformer_jointST_8xb8-8x32x1-15e_kinetics400-rgb,backbone.transformer_layers.layers.2,FFC,train,sub-10,5919,244,rsa,0.07413537800312042
mmaction2/timesformer_jointST_8xb8-8x32x1-15e_kinetics400-rgb,backbone.transformer_layers.layers.2,PIT,train,sub-10,5919,100,rsa,0.042203228920698166
mmaction2/timesformer_jointST_8xb8-8x32x1-15e_kinetics400-rgb,backbone.transformer_layers.layers.2,IPS1,train,sub-10,5919,166,rsa,0.014380117878317833
mmaction2/timesformer_jointST_8xb8-8x32x1-15e_kinetics400-rgb,backbone.transformer_layers.layers.2,MST,train,sub-10,5919,135,rsa,0.06502671539783478
mmaction2/timesformer_jointST_8xb8-8x32x1-15e_kinetics400-rgb,backbone.transformer_layers.layers.2,MT,train,sub-10,5919,86,rsa,0.06440618634223938
mmaction2/timesformer_jointST_8xb8-8x32x1-15e_kinetics400-rgb,backbone.transformer_layers.layers.2,FST,train,sub-10,5919,167,rsa,0.031949371099472046
mmaction2/timesformer_jointST_8xb8-8x32x1-15e_kinetics400-rgb,backbone.transformer_layers.layers.2,LO1,train,sub-10,5919,78,rsa,0.04977008327841759
mmaction2/timesformer_jointST_8xb8-8x32x1-15e_kinetics400-rgb,backbone.transformer_layers.layers.2,LO2,train,sub-10,5919,80,rsa,0.04431852698326111
mmaction2/timesformer_jointST_8xb8-8x32x1-15e_kinetics400-rgb,backbone.transformer_layers.layers.2,LO3,train,sub-10,5919,113,rsa,0.04548721760511398
mmaction2/timesformer_jointST_8xb8-8x32x1-15e_kinetics400-rgb,backbone.transformer_layers.layers.2,V7,train,sub-10,5919,61,rsa,0.024349898099899292
mmaction2/timesformer_jointST_8xb8-8x32x1-15e_kinetics400-rgb,backbone.transformer_layers.layers.2,IP0,train,sub-10,5919,103,rsa,0.027802156284451485
mmaction2/timesformer_jointST_8xb8-8x32x1-15e_kinetics400-rgb,backbone.transformer_layers.layers.2,IP1,train,sub-10,5919,33,rsa,0.005352622829377651
mmaction2/timesformer_jointST_8xb8-8x32x1-15e_kinetics400-rgb,backbone.transformer_layers.layers.2,MIP,train,sub-10,5919,178,rsa,0.0082583948969841
mmaction2/timesformer_jointST_8xb8-8x32x1-15e_kinetics400-rgb,backbone.transformer_layers.layers.2,VIP,train,sub-10,5919,100,rsa,0.010301439091563225
mmaction2/timesformer_jointST_8xb8-8x32x1-15e_kinetics400-rgb,backbone.transformer_layers.layers.2,LIPd,train,sub-10,5919,31,rsa,0.004148066975176334
mmaction2/timesformer_jointST_8xb8-8x32x1-15e_kinetics400-rgb,backbone.transformer_layers.layers.2,LIPv,train,sub-10,5919,75,rsa,0.007800715509802103
mmaction2/timesformer_jointST_8xb8-8x32x1-15e_kinetics400-rgb,backbone.transformer_layers.layers.2,AIP,train,sub-10,5919,409,rsa,0.009119538590312004
mmaction2/timesformer_jointST_8xb8-8x32x1-15e_kinetics400-rgb,backbone.transformer_layers.layers.2,7Pm,train,sub-10,5919,21,rsa,0.007594272028654814
mmaction2/timesformer_jointST_8xb8-8x32x1-15e_kinetics400-rgb,backbone.transformer_layers.layers.2,7PL,train,sub-10,5919,106,rsa,0.00783309806138277
mmaction2/timesformer_jointST_8xb8-8x32x1-15e_kinetics400-rgb,backbone.transformer_layers.layers.2,7PC,train,sub-10,5919,224,rsa,0.008770095184445381
mmaction2/timesformer_jointST_8xb8-8x32x1-15e_kinetics400-rgb,backbone.transformer_layers.layers.2,7Am,train,sub-10,5919,186,rsa,0.016045989468693733
mmaction2/timesformer_jointST_8xb8-8x32x1-15e_kinetics400-rgb,backbone.transformer_layers.layers.2,7AL,train,sub-10,5919,158,rsa,0.010174557566642761
mmaction2/timesformer_jointST_8xb8-8x32x1-15e_kinetics400-rgb,backbone.transformer_layers.layers.2,VVC,train,sub-10,5919,196,rsa,0.06233823299407959
mmaction2/timesformer_jointST_8xb8-8x32x1-15e_kinetics400-rgb,backbone.transformer_layers.layers.2,VMV2,train,sub-10,5919,94,rsa,0.05003846436738968
mmaction2/timesformer_jointST_8xb8-8x32x1-15e_kinetics400-rgb,backbone.transformer_layers.layers.2,VMV3,train,sub-10,5919,98,rsa,0.03306688368320465
mmaction2/timesformer_jointST_8xb8-8x32x1-15e_kinetics400-rgb,backbone.transformer_layers.layers.2,VMV1,train,sub-10,5919,42,rsa,0.03094399720430374
mmaction2/timesformer_jointST_8xb8-8x32x1-15e_kinetics400-rgb,backbone.transformer_layers.layers.2,PHA2,train,sub-10,5919,21,rsa,0.02195662073791027
mmaction2/timesformer_jointST_8xb8-8x32x1-15e_kinetics400-rgb,backbone.transformer_layers.layers.2,PHA3,train,sub-10,5919,104,rsa,0.045905087143182755
mmaction2/timesformer_jointST_8xb8-8x32x1-15e_kinetics400-rgb,backbone.transformer_layers.layers.2,PH,train,sub-10,5919,261,rsa,0.05976022034883499
mmaction2/timesformer_jointST_8xb8-8x32x1-15e_kinetics400-rgb,backbone.transformer_layers.layers.3,V1,train,sub-10,5919,553,rsa,0.11651796847581863
mmaction2/timesformer_jointST_8xb8-8x32x1-15e_kinetics400-rgb,backbone.transformer_layers.layers.3,V2,train,sub-10,5919,516,rsa,0.0916924998164177
mmaction2/timesformer_jointST_8xb8-8x32x1-15e_kinetics400-rgb,backbone.transformer_layers.layers.3,V3,train,sub-10,5919,400,rsa,0.09120349586009979
mmaction2/timesformer_jointST_8xb8-8x32x1-15e_kinetics400-rgb,backbone.transformer_layers.layers.3,V4,train,sub-10,5919,574,rsa,0.1098734512925148
mmaction2/timesformer_jointST_8xb8-8x32x1-15e_kinetics400-rgb,backbone.transformer_layers.layers.3,V3A,train,sub-10,5919,85,rsa,0.052586544305086136
mmaction2/timesformer_jointST_8xb8-8x32x1-15e_kinetics400-rgb,backbone.transformer_layers.layers.3,V3B,train,sub-10,5919,99,rsa,0.029583251103758812
mmaction2/timesformer_jointST_8xb8-8x32x1-15e_kinetics400-rgb,backbone.transformer_layers.layers.3,V6,train,sub-10,5919,11,rsa,0.018691493198275566
mmaction2/timesformer_jointST_8xb8-8x32x1-15e_kinetics400-rgb,backbone.transformer_layers.layers.3,V6A,train,sub-10,5919,45,rsa,0.0265586469322443
mmaction2/timesformer_jointST_8xb8-8x32x1-15e_kinetics400-rgb,backbone.transformer_layers.layers.3,V7,train,sub-10,5919,61,rsa,0.02547832578420639
mmaction2/timesformer_jointST_8xb8-8x32x1-15e_kinetics400-rgb,backbone.transformer_layers.layers.3,V8,train,sub-10,5919,96,rsa,0.06714468449354172
mmaction2/timesformer_jointST_8xb8-8x32x1-15e_kinetics400-rgb,backbone.transformer_layers.layers.3,FFC,train,sub-10,5919,244,rsa,0.08375570178031921
mmaction2/timesformer_jointST_8xb8-8x32x1-15e_kinetics400-rgb,backbone.transformer_layers.layers.3,PIT,train,sub-10,5919,100,rsa,0.04697228968143463
mmaction2/timesformer_jointST_8xb8-8x32x1-15e_kinetics400-rgb,backbone.transformer_layers.layers.3,IPS1,train,sub-10,5919,166,rsa,0.01840311661362648
mmaction2/timesformer_jointST_8xb8-8x32x1-15e_kinetics400-rgb,backbone.transformer_layers.layers.3,MST,train,sub-10,5919,135,rsa,0.0692823976278305
mmaction2/timesformer_jointST_8xb8-8x32x1-15e_kinetics400-rgb,backbone.transformer_layers.layers.3,MT,train,sub-10,5919,86,rsa,0.07070235908031464
mmaction2/timesformer_jointST_8xb8-8x32x1-15e_kinetics400-rgb,backbone.transformer_layers.layers.3,FST,train,sub-10,5919,167,rsa,0.035936757922172546
mmaction2/timesformer_jointST_8xb8-8x32x1-15e_kinetics400-rgb,backbone.transformer_layers.layers.3,LO1,train,sub-10,5919,78,rsa,0.05719403922557831
mmaction2/timesformer_jointST_8xb8-8x32x1-15e_kinetics400-rgb,backbone.transformer_layers.layers.3,LO2,train,sub-10,5919,80,rsa,0.0506286546587944
mmaction2/timesformer_jointST_8xb8-8x32x1-15e_kinetics400-rgb,backbone.transformer_layers.layers.3,LO3,train,sub-10,5919,113,rsa,0.05234396457672119
mmaction2/timesformer_jointST_8xb8-8x32x1-15e_kinetics400-rgb,backbone.transformer_layers.layers.3,V7,train,sub-10,5919,61,rsa,0.02547832578420639
mmaction2/timesformer_jointST_8xb8-8x32x1-15e_kinetics400-rgb,backbone.transformer_layers.layers.3,IP0,train,sub-10,5919,103,rsa,0.032210901379585266
mmaction2/timesformer_jointST_8xb8-8x32x1-15e_kinetics400-rgb,backbone.transformer_layers.layers.3,IP1,train,sub-10,5919,33,rsa,0.007700987160205841
mmaction2/timesformer_jointST_8xb8-8x32x1-15e_kinetics400-rgb,backbone.transformer_layers.layers.3,MIP,train,sub-10,5919,178,rsa,0.010668103583157063
mmaction2/timesformer_jointST_8xb8-8x32x1-15e_kinetics400-rgb,backbone.transformer_layers.layers.3,VIP,train,sub-10,5919,100,rsa,0.012663576751947403
mmaction2/timesformer_jointST_8xb8-8x32x1-15e_kinetics400-rgb,backbone.transformer_layers.layers.3,LIPd,train,sub-10,5919,31,rsa,0.005006409250199795
mmaction2/timesformer_jointST_8xb8-8x32x1-15e_kinetics400-rgb,backbone.transformer_layers.layers.3,LIPv,train,sub-10,5919,75,rsa,0.008432616479694843
mmaction2/timesformer_jointST_8xb8-8x32x1-15e_kinetics400-rgb,backbone.transformer_layers.layers.3,AIP,train,sub-10,5919,409,rsa,0.010651658289134502
mmaction2/timesformer_jointST_8xb8-8x32x1-15e_kinetics400-rgb,backbone.transformer_layers.layers.3,7Pm,train,sub-10,5919,21,rsa,0.008691035211086273
mmaction2/timesformer_jointST_8xb8-8x32x1-15e_kinetics400-rgb,backbone.transformer_layers.layers.3,7PL,train,sub-10,5919,106,rsa,0.010251566767692566
mmaction2/timesformer_jointST_8xb8-8x32x1-15e_kinetics400-rgb,backbone.transformer_layers.layers.3,7PC,train,sub-10,5919,224,rsa,0.010926523245871067
mmaction2/timesformer_jointST_8xb8-8x32x1-15e_kinetics400-rgb,backbone.transformer_layers.layers.3,7Am,train,sub-10,5919,186,rsa,0.018310721963644028
mmaction2/timesformer_jointST_8xb8-8x32x1-15e_kinetics400-rgb,backbone.transformer_layers.layers.3,7AL,train,sub-10,5919,158,rsa,0.010675114579498768
mmaction2/timesformer_jointST_8xb8-8x32x1-15e_kinetics400-rgb,backbone.transformer_layers.layers.3,VVC,train,sub-10,5919,196,rsa,0.06590332090854645
mmaction2/timesformer_jointST_8xb8-8x32x1-15e_kinetics400-rgb,backbone.transformer_layers.layers.3,VMV2,train,sub-10,5919,94,rsa,0.055022597312927246
mmaction2/timesformer_jointST_8xb8-8x32x1-15e_kinetics400-rgb,backbone.transformer_layers.layers.3,VMV3,train,sub-10,5919,98,rsa,0.037398841232061386
mmaction2/timesformer_jointST_8xb8-8x32x1-15e_kinetics400-rgb,backbone.transformer_layers.layers.3,VMV1,train,sub-10,5919,42,rsa,0.03627445548772812
mmaction2/timesformer_jointST_8xb8-8x32x1-15e_kinetics400-rgb,backbone.transformer_layers.layers.3,PHA2,train,sub-10,5919,21,rsa,0.0239430982619524
mmaction2/timesformer_jointST_8xb8-8x32x1-15e_kinetics400-rgb,backbone.transformer_layers.layers.3,PHA3,train,sub-10,5919,104,rsa,0.04897916316986084
mmaction2/timesformer_jointST_8xb8-8x32x1-15e_kinetics400-rgb,backbone.transformer_layers.layers.3,PH,train,sub-10,5919,261,rsa,0.06734411418437958
mmaction2/timesformer_jointST_8xb8-8x32x1-15e_kinetics400-rgb,backbone.transformer_layers.layers.4,V1,train,sub-10,5919,553,rsa,0.06611087918281555
mmaction2/timesformer_jointST_8xb8-8x32x1-15e_kinetics400-rgb,backbone.transformer_layers.layers.4,V2,train,sub-10,5919,516,rsa,0.05350324138998985
mmaction2/timesformer_jointST_8xb8-8x32x1-15e_kinetics400-rgb,backbone.transformer_layers.layers.4,V3,train,sub-10,5919,400,rsa,0.049916841089725494
mmaction2/timesformer_jointST_8xb8-8x32x1-15e_kinetics400-rgb,backbone.transformer_layers.layers.4,V4,train,sub-10,5919,574,rsa,0.054520368576049805
mmaction2/timesformer_jointST_8xb8-8x32x1-15e_kinetics400-rgb,backbone.transformer_layers.layers.4,V3A,train,sub-10,5919,85,rsa,0.024579236283898354
mmaction2/timesformer_jointST_8xb8-8x32x1-15e_kinetics400-rgb,backbone.transformer_layers.layers.4,V3B,train,sub-10,5919,99,rsa,0.009116923436522484
mmaction2/timesformer_jointST_8xb8-8x32x1-15e_kinetics400-rgb,backbone.transformer_layers.layers.4,V6,train,sub-10,5919,11,rsa,0.009416015818715096
mmaction2/timesformer_jointST_8xb8-8x32x1-15e_kinetics400-rgb,backbone.transformer_layers.layers.4,V6A,train,sub-10,5919,45,rsa,0.009689426980912685
mmaction2/timesformer_jointST_8xb8-8x32x1-15e_kinetics400-rgb,backbone.transformer_layers.layers.4,V7,train,sub-10,5919,61,rsa,0.007603905629366636
mmaction2/timesformer_jointST_8xb8-8x32x1-15e_kinetics400-rgb,backbone.transformer_layers.layers.4,V8,train,sub-10,5919,96,rsa,0.02864806354045868
mmaction2/timesformer_jointST_8xb8-8x32x1-15e_kinetics400-rgb,backbone.transformer_layers.layers.4,FFC,train,sub-10,5919,244,rsa,0.034045204520225525
mmaction2/timesformer_jointST_8xb8-8x32x1-15e_kinetics400-rgb,backbone.transformer_layers.layers.4,PIT,train,sub-10,5919,100,rsa,0.01916901208460331
mmaction2/timesformer_jointST_8xb8-8x32x1-15e_kinetics400-rgb,backbone.transformer_layers.layers.4,IPS1,train,sub-10,5919,166,rsa,0.007897124625742435
mmaction2/timesformer_jointST_8xb8-8x32x1-15e_kinetics400-rgb,backbone.transformer_layers.layers.4,MST,train,sub-10,5919,135,rsa,0.029299838468432426
mmaction2/timesformer_jointST_8xb8-8x32x1-15e_kinetics400-rgb,backbone.transformer_layers.layers.4,MT,train,sub-10,5919,86,rsa,0.026057753711938858
mmaction2/timesformer_jointST_8xb8-8x32x1-15e_kinetics400-rgb,backbone.transformer_layers.layers.4,FST,train,sub-10,5919,167,rsa,0.013680284842848778
mmaction2/timesformer_jointST_8xb8-8x32x1-15e_kinetics400-rgb,backbone.transformer_layers.layers.4,LO1,train,sub-10,5919,78,rsa,0.023277677595615387
mmaction2/timesformer_jointST_8xb8-8x32x1-15e_kinetics400-rgb,backbone.transformer_layers.layers.4,LO2,train,sub-10,5919,80,rsa,0.01908227615058422
mmaction2/timesformer_jointST_8xb8-8x32x1-15e_kinetics400-rgb,backbone.transformer_layers.layers.4,LO3,train,sub-10,5919,113,rsa,0.0185126680880785
mmaction2/timesformer_jointST_8xb8-8x32x1-15e_kinetics400-rgb,backbone.transformer_layers.layers.4,V7,train,sub-10,5919,61,rsa,0.007603905629366636
mmaction2/timesformer_jointST_8xb8-8x32x1-15e_kinetics400-rgb,backbone.transformer_layers.layers.4,IP0,train,sub-10,5919,103,rsa,0.01367072481662035
mmaction2/timesformer_jointST_8xb8-8x32x1-15e_kinetics400-rgb,backbone.transformer_layers.layers.4,IP1,train,sub-10,5919,33,rsa,0.005146990064531565
mmaction2/timesformer_jointST_8xb8-8x32x1-15e_kinetics400-rgb,backbone.transformer_layers.layers.4,MIP,train,sub-10,5919,178,rsa,0.004742720164358616
mmaction2/timesformer_jointST_8xb8-8x32x1-15e_kinetics400-rgb,backbone.transformer_layers.layers.4,VIP,train,sub-10,5919,100,rsa,0.00404596421867609
mmaction2/timesformer_jointST_8xb8-8x32x1-15e_kinetics400-rgb,backbone.transformer_layers.layers.4,LIPd,train,sub-10,5919,31,rsa,0.0020967114251106977
mmaction2/timesformer_jointST_8xb8-8x32x1-15e_kinetics400-rgb,backbone.transformer_layers.layers.4,LIPv,train,sub-10,5919,75,rsa,0.0009910771623253822
mmaction2/timesformer_jointST_8xb8-8x32x1-15e_kinetics400-rgb,backbone.transformer_layers.layers.4,AIP,train,sub-10,5919,409,rsa,0.003853041213005781
mmaction2/timesformer_jointST_8xb8-8x32x1-15e_kinetics400-rgb,backbone.transformer_layers.layers.4,7Pm,train,sub-10,5919,21,rsa,0.001556840492412448
mmaction2/timesformer_jointST_8xb8-8x32x1-15e_kinetics400-rgb,backbone.transformer_layers.layers.4,7PL,train,sub-10,5919,106,rsa,0.005158910062164068
mmaction2/timesformer_jointST_8xb8-8x32x1-15e_kinetics400-rgb,backbone.transformer_layers.layers.4,7PC,train,sub-10,5919,224,rsa,0.0027049677446484566
mmaction2/timesformer_jointST_8xb8-8x32x1-15e_kinetics400-rgb,backbone.transformer_layers.layers.4,7Am,train,sub-10,5919,186,rsa,0.005892426706850529
mmaction2/timesformer_jointST_8xb8-8x32x1-15e_kinetics400-rgb,backbone.transformer_layers.layers.4,7AL,train,sub-10,5919,158,rsa,0.0013570993905887008
mmaction2/timesformer_jointST_8xb8-8x32x1-15e_kinetics400-rgb,backbone.transformer_layers.layers.4,VVC,train,sub-10,5919,196,rsa,0.020634150132536888
mmaction2/timesformer_jointST_8xb8-8x32x1-15e_kinetics400-rgb,backbone.transformer_layers.layers.4,VMV2,train,sub-10,5919,94,rsa,0.02106974646449089
mmaction2/timesformer_jointST_8xb8-8x32x1-15e_kinetics400-rgb,backbone.transformer_layers.layers.4,VMV3,train,sub-10,5919,98,rsa,0.015421870164573193
mmaction2/timesformer_jointST_8xb8-8x32x1-15e_kinetics400-rgb,backbone.transformer_layers.layers.4,VMV1,train,sub-10,5919,42,rsa,0.013784627430140972
mmaction2/timesformer_jointST_8xb8-8x32x1-15e_kinetics400-rgb,backbone.transformer_layers.layers.4,PHA2,train,sub-10,5919,21,rsa,0.008389038033783436
mmaction2/timesformer_jointST_8xb8-8x32x1-15e_kinetics400-rgb,backbone.transformer_layers.layers.4,PHA3,train,sub-10,5919,104,rsa,0.017027651891112328
mmaction2/timesformer_jointST_8xb8-8x32x1-15e_kinetics400-rgb,backbone.transformer_layers.layers.4,PH,train,sub-10,5919,261,rsa,0.02731592208147049
mmaction2/timesformer_jointST_8xb8-8x32x1-15e_kinetics400-rgb,backbone.transformer_layers.layers.5,V1,train,sub-10,5919,553,rsa,0.052009936422109604
mmaction2/timesformer_jointST_8xb8-8x32x1-15e_kinetics400-rgb,backbone.transformer_layers.layers.5,V2,train,sub-10,5919,516,rsa,0.041828978806734085
mmaction2/timesformer_jointST_8xb8-8x32x1-15e_kinetics400-rgb,backbone.transformer_layers.layers.5,V3,train,sub-10,5919,400,rsa,0.03895730525255203
mmaction2/timesformer_jointST_8xb8-8x32x1-15e_kinetics400-rgb,backbone.transformer_layers.layers.5,V4,train,sub-10,5919,574,rsa,0.03666095808148384
mmaction2/timesformer_jointST_8xb8-8x32x1-15e_kinetics400-rgb,backbone.transformer_layers.layers.5,V3A,train,sub-10,5919,85,rsa,0.015534350648522377
mmaction2/timesformer_jointST_8xb8-8x32x1-15e_kinetics400-rgb,backbone.transformer_layers.layers.5,V3B,train,sub-10,5919,99,rsa,0.003307328326627612
mmaction2/timesformer_jointST_8xb8-8x32x1-15e_kinetics400-rgb,backbone.transformer_layers.layers.5,V6,train,sub-10,5919,11,rsa,0.006674052681773901
mmaction2/timesformer_jointST_8xb8-8x32x1-15e_kinetics400-rgb,backbone.transformer_layers.layers.5,V6A,train,sub-10,5919,45,rsa,0.004585861694067717
mmaction2/timesformer_jointST_8xb8-8x32x1-15e_kinetics400-rgb,backbone.transformer_layers.layers.5,V7,train,sub-10,5919,61,rsa,0.0023638729471713305
mmaction2/timesformer_jointST_8xb8-8x32x1-15e_kinetics400-rgb,backbone.transformer_layers.layers.5,V8,train,sub-10,5919,96,rsa,0.01792762614786625
mmaction2/timesformer_jointST_8xb8-8x32x1-15e_kinetics400-rgb,backbone.transformer_layers.layers.5,FFC,train,sub-10,5919,244,rsa,0.01757604070007801
mmaction2/timesformer_jointST_8xb8-8x32x1-15e_kinetics400-rgb,backbone.transformer_layers.layers.5,PIT,train,sub-10,5919,100,rsa,0.010164989158511162
mmaction2/timesformer_jointST_8xb8-8x32x1-15e_kinetics400-rgb,backbone.transformer_layers.layers.5,IPS1,train,sub-10,5919,166,rsa,0.0036850725300610065
mmaction2/timesformer_jointST_8xb8-8x32x1-15e_kinetics400-rgb,backbone.transformer_layers.layers.5,MST,train,sub-10,5919,135,rsa,0.015790600329637527
mmaction2/timesformer_jointST_8xb8-8x32x1-15e_kinetics400-rgb,backbone.transformer_layers.layers.5,MT,train,sub-10,5919,86,rsa,0.011774989776313305
mmaction2/timesformer_jointST_8xb8-8x32x1-15e_kinetics400-rgb,backbone.transformer_layers.layers.5,FST,train,sub-10,5919,167,rsa,0.006120356265455484
mmaction2/timesformer_jointST_8xb8-8x32x1-15e_kinetics400-rgb,backbone.transformer_layers.layers.5,LO1,train,sub-10,5919,78,rsa,0.012637893669307232
mmaction2/timesformer_jointST_8xb8-8x32x1-15e_kinetics400-rgb,backbone.transformer_layers.layers.5,LO2,train,sub-10,5919,80,rsa,0.009274039417505264
mmaction2/timesformer_jointST_8xb8-8x32x1-15e_kinetics400-rgb,backbone.transformer_layers.layers.5,LO3,train,sub-10,5919,113,rsa,0.008208348415791988
mmaction2/timesformer_jointST_8xb8-8x32x1-15e_kinetics400-rgb,backbone.transformer_layers.layers.5,V7,train,sub-10,5919,61,rsa,0.0023638729471713305
mmaction2/timesformer_jointST_8xb8-8x32x1-15e_kinetics400-rgb,backbone.transformer_layers.layers.5,IP0,train,sub-10,5919,103,rsa,0.008618450723588467
mmaction2/timesformer_jointST_8xb8-8x32x1-15e_kinetics400-rgb,backbone.transformer_layers.layers.5,IP1,train,sub-10,5919,33,rsa,0.0032969312742352486
mmaction2/timesformer_jointST_8xb8-8x32x1-15e_kinetics400-rgb,backbone.transformer_layers.layers.5,MIP,train,sub-10,5919,178,rsa,0.0035079524386674166
mmaction2/timesformer_jointST_8xb8-8x32x1-15e_kinetics400-rgb,backbone.transformer_layers.layers.5,VIP,train,sub-10,5919,100,rsa,0.0019305683672428131
mmaction2/timesformer_jointST_8xb8-8x32x1-15e_kinetics400-rgb,backbone.transformer_layers.layers.5,LIPd,train,sub-10,5919,31,rsa,0.0005649906815961003
mmaction2/timesformer_jointST_8xb8-8x32x1-15e_kinetics400-rgb,backbone.transformer_layers.layers.5,LIPv,train,sub-10,5919,75,rsa,-0.0009935969719663262
mmaction2/timesformer_jointST_8xb8-8x32x1-15e_kinetics400-rgb,backbone.transformer_layers.layers.5,AIP,train,sub-10,5919,409,rsa,0.002294306643307209
mmaction2/timesformer_jointST_8xb8-8x32x1-15e_kinetics400-rgb,backbone.transformer_layers.layers.5,7Pm,train,sub-10,5919,21,rsa,-0.0007047681719996035
mmaction2/timesformer_jointST_8xb8-8x32x1-15e_kinetics400-rgb,backbone.transformer_layers.layers.5,7PL,train,sub-10,5919,106,rsa,0.003928603604435921
mmaction2/timesformer_jointST_8xb8-8x32x1-15e_kinetics400-rgb,backbone.transformer_layers.layers.5,7PC,train,sub-10,5919,224,rsa,0.0002584016474429518
mmaction2/timesformer_jointST_8xb8-8x32x1-15e_kinetics400-rgb,backbone.transformer_layers.layers.5,7Am,train,sub-10,5919,186,rsa,0.002308855066075921
mmaction2/timesformer_jointST_8xb8-8x32x1-15e_kinetics400-rgb,backbone.transformer_layers.layers.5,7AL,train,sub-10,5919,158,rsa,-0.000810996862128377
mmaction2/timesformer_jointST_8xb8-8x32x1-15e_kinetics400-rgb,backbone.transformer_layers.layers.5,VVC,train,sub-10,5919,196,rsa,0.0069476100616157055
mmaction2/timesformer_jointST_8xb8-8x32x1-15e_kinetics400-rgb,backbone.transformer_layers.layers.5,VMV2,train,sub-10,5919,94,rsa,0.009394332766532898
mmaction2/timesformer_jointST_8xb8-8x32x1-15e_kinetics400-rgb,backbone.transformer_layers.layers.5,VMV3,train,sub-10,5919,98,rsa,0.008665497414767742
mmaction2/timesformer_jointST_8xb8-8x32x1-15e_kinetics400-rgb,backbone.transformer_layers.layers.5,VMV1,train,sub-10,5919,42,rsa,0.005382462404668331
mmaction2/timesformer_jointST_8xb8-8x32x1-15e_kinetics400-rgb,backbone.transformer_layers.layers.5,PHA2,train,sub-10,5919,21,rsa,0.0022098112385720015
mmaction2/timesformer_jointST_8xb8-8x32x1-15e_kinetics400-rgb,backbone.transformer_layers.layers.5,PHA3,train,sub-10,5919,104,rsa,0.0067727211862802505
mmaction2/timesformer_jointST_8xb8-8x32x1-15e_kinetics400-rgb,backbone.transformer_layers.layers.5,PH,train,sub-10,5919,261,rsa,0.014234205707907677
mmaction2/timesformer_jointST_8xb8-8x32x1-15e_kinetics400-rgb,backbone.transformer_layers.layers.6,V1,train,sub-10,5919,553,rsa,0.0522143617272377
mmaction2/timesformer_jointST_8xb8-8x32x1-15e_kinetics400-rgb,backbone.transformer_layers.layers.6,V2,train,sub-10,5919,516,rsa,0.041813187301158905
mmaction2/timesformer_jointST_8xb8-8x32x1-15e_kinetics400-rgb,backbone.transformer_layers.layers.6,V3,train,sub-10,5919,400,rsa,0.039087727665901184
mmaction2/timesformer_jointST_8xb8-8x32x1-15e_kinetics400-rgb,backbone.transformer_layers.layers.6,V4,train,sub-10,5919,574,rsa,0.036455459892749786
mmaction2/timesformer_jointST_8xb8-8x32x1-15e_kinetics400-rgb,backbone.transformer_layers.layers.6,V3A,train,sub-10,5919,85,rsa,0.015256915241479874
mmaction2/timesformer_jointST_8xb8-8x32x1-15e_kinetics400-rgb,backbone.transformer_layers.layers.6,V3B,train,sub-10,5919,99,rsa,0.0033755444455891848
mmaction2/timesformer_jointST_8xb8-8x32x1-15e_kinetics400-rgb,backbone.transformer_layers.layers.6,V6,train,sub-10,5919,11,rsa,0.006581019144505262
mmaction2/timesformer_jointST_8xb8-8x32x1-15e_kinetics400-rgb,backbone.transformer_layers.layers.6,V6A,train,sub-10,5919,45,rsa,0.004650604911148548
mmaction2/timesformer_jointST_8xb8-8x32x1-15e_kinetics400-rgb,backbone.transformer_layers.layers.6,V7,train,sub-10,5919,61,rsa,0.002156293485313654
mmaction2/timesformer_jointST_8xb8-8x32x1-15e_kinetics400-rgb,backbone.transformer_layers.layers.6,V8,train,sub-10,5919,96,rsa,0.017847830429673195
mmaction2/timesformer_jointST_8xb8-8x32x1-15e_kinetics400-rgb,backbone.transformer_layers.layers.6,FFC,train,sub-10,5919,244,rsa,0.017019661143422127
mmaction2/timesformer_jointST_8xb8-8x32x1-15e_kinetics400-rgb,backbone.transformer_layers.layers.6,PIT,train,sub-10,5919,100,rsa,0.00975764449685812
mmaction2/timesformer_jointST_8xb8-8x32x1-15e_kinetics400-rgb,backbone.transformer_layers.layers.6,IPS1,train,sub-10,5919,166,rsa,0.0033828725572675467
mmaction2/timesformer_jointST_8xb8-8x32x1-15e_kinetics400-rgb,backbone.transformer_layers.layers.6,MST,train,sub-10,5919,135,rsa,0.015258869156241417
mmaction2/timesformer_jointST_8xb8-8x32x1-15e_kinetics400-rgb,backbone.transformer_layers.layers.6,MT,train,sub-10,5919,86,rsa,0.011378793977200985
mmaction2/timesformer_jointST_8xb8-8x32x1-15e_kinetics400-rgb,backbone.transformer_layers.layers.6,FST,train,sub-10,5919,167,rsa,0.005608008708804846
mmaction2/timesformer_jointST_8xb8-8x32x1-15e_kinetics400-rgb,backbone.transformer_layers.layers.6,LO1,train,sub-10,5919,78,rsa,0.01220684964209795
mmaction2/timesformer_jointST_8xb8-8x32x1-15e_kinetics400-rgb,backbone.transformer_layers.layers.6,LO2,train,sub-10,5919,80,rsa,0.008742354810237885
mmaction2/timesformer_jointST_8xb8-8x32x1-15e_kinetics400-rgb,backbone.transformer_layers.layers.6,LO3,train,sub-10,5919,113,rsa,0.00810973346233368
mmaction2/timesformer_jointST_8xb8-8x32x1-15e_kinetics400-rgb,backbone.transformer_layers.layers.6,V7,train,sub-10,5919,61,rsa,0.002156293485313654
mmaction2/timesformer_jointST_8xb8-8x32x1-15e_kinetics400-rgb,backbone.transformer_layers.layers.6,IP0,train,sub-10,5919,103,rsa,0.0083236088976264
mmaction2/timesformer_jointST_8xb8-8x32x1-15e_kinetics400-rgb,backbone.transformer_layers.layers.6,IP1,train,sub-10,5919,33,rsa,0.0029397434554994106
mmaction2/timesformer_jointST_8xb8-8x32x1-15e_kinetics400-rgb,backbone.transformer_layers.layers.6,MIP,train,sub-10,5919,178,rsa,0.0035445711109787226
mmaction2/timesformer_jointST_8xb8-8x32x1-15e_kinetics400-rgb,backbone.transformer_layers.layers.6,VIP,train,sub-10,5919,100,rsa,0.0019889632239937782
mmaction2/timesformer_jointST_8xb8-8x32x1-15e_kinetics400-rgb,backbone.transformer_layers.layers.6,LIPd,train,sub-10,5919,31,rsa,0.00048647806397639215
mmaction2/timesformer_jointST_8xb8-8x32x1-15e_kinetics400-rgb,backbone.transformer_layers.layers.6,LIPv,train,sub-10,5919,75,rsa,-0.0009051458328031003
mmaction2/timesformer_jointST_8xb8-8x32x1-15e_kinetics400-rgb,backbone.transformer_layers.layers.6,AIP,train,sub-10,5919,409,rsa,0.0021885219030082226
mmaction2/timesformer_jointST_8xb8-8x32x1-15e_kinetics400-rgb,backbone.transformer_layers.layers.6,7Pm,train,sub-10,5919,21,rsa,-0.0007070674328133464
mmaction2/timesformer_jointST_8xb8-8x32x1-15e_kinetics400-rgb,backbone.transformer_layers.layers.6,7PL,train,sub-10,5919,106,rsa,0.0038370059337466955
mmaction2/timesformer_jointST_8xb8-8x32x1-15e_kinetics400-rgb,backbone.transformer_layers.layers.6,7PC,train,sub-10,5919,224,rsa,0.0002763087395578623
mmaction2/timesformer_jointST_8xb8-8x32x1-15e_kinetics400-rgb,backbone.transformer_layers.layers.6,7Am,train,sub-10,5919,186,rsa,0.0023063120897859335
mmaction2/timesformer_jointST_8xb8-8x32x1-15e_kinetics400-rgb,backbone.transformer_layers.layers.6,7AL,train,sub-10,5919,158,rsa,-0.0008564000600017607
mmaction2/timesformer_jointST_8xb8-8x32x1-15e_kinetics400-rgb,backbone.transformer_layers.layers.6,VVC,train,sub-10,5919,196,rsa,0.006286976393312216
mmaction2/timesformer_jointST_8xb8-8x32x1-15e_kinetics400-rgb,backbone.transformer_layers.layers.6,VMV2,train,sub-10,5919,94,rsa,0.008700015023350716
mmaction2/timesformer_jointST_8xb8-8x32x1-15e_kinetics400-rgb,backbone.transformer_layers.layers.6,VMV3,train,sub-10,5919,98,rsa,0.008381239138543606
mmaction2/timesformer_jointST_8xb8-8x32x1-15e_kinetics400-rgb,backbone.transformer_layers.layers.6,VMV1,train,sub-10,5919,42,rsa,0.004859372973442078
mmaction2/timesformer_jointST_8xb8-8x32x1-15e_kinetics400-rgb,backbone.transformer_layers.layers.6,PHA2,train,sub-10,5919,21,rsa,0.001485568005591631
mmaction2/timesformer_jointST_8xb8-8x32x1-15e_kinetics400-rgb,backbone.transformer_layers.layers.6,PHA3,train,sub-10,5919,104,rsa,0.005987827200442553
mmaction2/timesformer_jointST_8xb8-8x32x1-15e_kinetics400-rgb,backbone.transformer_layers.layers.6,PH,train,sub-10,5919,261,rsa,0.013612561859190464
mmaction2/timesformer_jointST_8xb8-8x32x1-15e_kinetics400-rgb,backbone.transformer_layers.layers.7,V1,train,sub-10,5919,553,rsa,0.05251028388738632
mmaction2/timesformer_jointST_8xb8-8x32x1-15e_kinetics400-rgb,backbone.transformer_layers.layers.7,V2,train,sub-10,5919,516,rsa,0.04209320619702339
mmaction2/timesformer_jointST_8xb8-8x32x1-15e_kinetics400-rgb,backbone.transformer_layers.layers.7,V3,train,sub-10,5919,400,rsa,0.03950300067663193
mmaction2/timesformer_jointST_8xb8-8x32x1-15e_kinetics400-rgb,backbone.transformer_layers.layers.7,V4,train,sub-10,5919,574,rsa,0.03692873194813728
mmaction2/timesformer_jointST_8xb8-8x32x1-15e_kinetics400-rgb,backbone.transformer_layers.layers.7,V3A,train,sub-10,5919,85,rsa,0.015510069206357002
mmaction2/timesformer_jointST_8xb8-8x32x1-15e_kinetics400-rgb,backbone.transformer_layers.layers.7,V3B,train,sub-10,5919,99,rsa,0.0035887446720153093
mmaction2/timesformer_jointST_8xb8-8x32x1-15e_kinetics400-rgb,backbone.transformer_layers.layers.7,V6,train,sub-10,5919,11,rsa,0.006613422185182571
mmaction2/timesformer_jointST_8xb8-8x32x1-15e_kinetics400-rgb,backbone.transformer_layers.layers.7,V6A,train,sub-10,5919,45,rsa,0.0048409090377390385
mmaction2/timesformer_jointST_8xb8-8x32x1-15e_kinetics400-rgb,backbone.transformer_layers.layers.7,V7,train,sub-10,5919,61,rsa,0.002339140046387911
mmaction2/timesformer_jointST_8xb8-8x32x1-15e_kinetics400-rgb,backbone.transformer_layers.layers.7,V8,train,sub-10,5919,96,rsa,0.018188780173659325
mmaction2/timesformer_jointST_8xb8-8x32x1-15e_kinetics400-rgb,backbone.transformer_layers.layers.7,FFC,train,sub-10,5919,244,rsa,0.017511434853076935
mmaction2/timesformer_jointST_8xb8-8x32x1-15e_kinetics400-rgb,backbone.transformer_layers.layers.7,PIT,train,sub-10,5919,100,rsa,0.009899151511490345
mmaction2/timesformer_jointST_8xb8-8x32x1-15e_kinetics400-rgb,backbone.transformer_layers.layers.7,IPS1,train,sub-10,5919,166,rsa,0.0034731386695057154
mmaction2/timesformer_jointST_8xb8-8x32x1-15e_kinetics400-rgb,backbone.transformer_layers.layers.7,MST,train,sub-10,5919,135,rsa,0.015767114236950874
mmaction2/timesformer_jointST_8xb8-8x32x1-15e_kinetics400-rgb,backbone.transformer_layers.layers.7,MT,train,sub-10,5919,86,rsa,0.011781874112784863
mmaction2/timesformer_jointST_8xb8-8x32x1-15e_kinetics400-rgb,backbone.transformer_layers.layers.7,FST,train,sub-10,5919,167,rsa,0.005818517878651619
mmaction2/timesformer_jointST_8xb8-8x32x1-15e_kinetics400-rgb,backbone.transformer_layers.layers.7,LO1,train,sub-10,5919,78,rsa,0.012620121240615845
mmaction2/timesformer_jointST_8xb8-8x32x1-15e_kinetics400-rgb,backbone.transformer_layers.layers.7,LO2,train,sub-10,5919,80,rsa,0.009021244011819363
mmaction2/timesformer_jointST_8xb8-8x32x1-15e_kinetics400-rgb,backbone.transformer_layers.layers.7,LO3,train,sub-10,5919,113,rsa,0.008573937229812145
mmaction2/timesformer_jointST_8xb8-8x32x1-15e_kinetics400-rgb,backbone.transformer_layers.layers.7,V7,train,sub-10,5919,61,rsa,0.002339140046387911
mmaction2/timesformer_jointST_8xb8-8x32x1-15e_kinetics400-rgb,backbone.transformer_layers.layers.7,IP0,train,sub-10,5919,103,rsa,0.008520878851413727
mmaction2/timesformer_jointST_8xb8-8x32x1-15e_kinetics400-rgb,backbone.transformer_layers.layers.7,IP1,train,sub-10,5919,33,rsa,0.002968228654935956
mmaction2/timesformer_jointST_8xb8-8x32x1-15e_kinetics400-rgb,backbone.transformer_layers.layers.7,MIP,train,sub-10,5919,178,rsa,0.003584102028980851
mmaction2/timesformer_jointST_8xb8-8x32x1-15e_kinetics400-rgb,backbone.transformer_layers.layers.7,VIP,train,sub-10,5919,100,rsa,0.0020980786066502333
mmaction2/timesformer_jointST_8xb8-8x32x1-15e_kinetics400-rgb,backbone.transformer_layers.layers.7,LIPd,train,sub-10,5919,31,rsa,0.0005057092639617622
mmaction2/timesformer_jointST_8xb8-8x32x1-15e_kinetics400-rgb,backbone.transformer_layers.layers.7,LIPv,train,sub-10,5919,75,rsa,-0.0008327838149853051
mmaction2/timesformer_jointST_8xb8-8x32x1-15e_kinetics400-rgb,backbone.transformer_layers.layers.7,AIP,train,sub-10,5919,409,rsa,0.002205481054261327
mmaction2/timesformer_jointST_8xb8-8x32x1-15e_kinetics400-rgb,backbone.transformer_layers.layers.7,7Pm,train,sub-10,5919,21,rsa,-0.000653681461699307
mmaction2/timesformer_jointST_8xb8-8x32x1-15e_kinetics400-rgb,backbone.transformer_layers.layers.7,7PL,train,sub-10,5919,106,rsa,0.0038814435247331858
mmaction2/timesformer_jointST_8xb8-8x32x1-15e_kinetics400-rgb,backbone.transformer_layers.layers.7,7PC,train,sub-10,5919,224,rsa,0.00036735102185048163
mmaction2/timesformer_jointST_8xb8-8x32x1-15e_kinetics400-rgb,backbone.transformer_layers.layers.7,7Am,train,sub-10,5919,186,rsa,0.002504052361473441
mmaction2/timesformer_jointST_8xb8-8x32x1-15e_kinetics400-rgb,backbone.transformer_layers.layers.7,7AL,train,sub-10,5919,158,rsa,-0.0007882158388383687
mmaction2/timesformer_jointST_8xb8-8x32x1-15e_kinetics400-rgb,backbone.transformer_layers.layers.7,VVC,train,sub-10,5919,196,rsa,0.006667161826044321
mmaction2/timesformer_jointST_8xb8-8x32x1-15e_kinetics400-rgb,backbone.transformer_layers.layers.7,VMV2,train,sub-10,5919,94,rsa,0.009092970751225948
mmaction2/timesformer_jointST_8xb8-8x32x1-15e_kinetics400-rgb,backbone.transformer_layers.layers.7,VMV3,train,sub-10,5919,98,rsa,0.008694351650774479
mmaction2/timesformer_jointST_8xb8-8x32x1-15e_kinetics400-rgb,backbone.transformer_layers.layers.7,VMV1,train,sub-10,5919,42,rsa,0.005067652557045221
mmaction2/timesformer_jointST_8xb8-8x32x1-15e_kinetics400-rgb,backbone.transformer_layers.layers.7,PHA2,train,sub-10,5919,21,rsa,0.0016066298121586442
mmaction2/timesformer_jointST_8xb8-8x32x1-15e_kinetics400-rgb,backbone.transformer_layers.layers.7,PHA3,train,sub-10,5919,104,rsa,0.00620605843141675
mmaction2/timesformer_jointST_8xb8-8x32x1-15e_kinetics400-rgb,backbone.transformer_layers.layers.7,PH,train,sub-10,5919,261,rsa,0.013898603618144989
mmaction2/timesformer_jointST_8xb8-8x32x1-15e_kinetics400-rgb,backbone.transformer_layers.layers.8,V1,train,sub-10,5919,553,rsa,0.05303727462887764
mmaction2/timesformer_jointST_8xb8-8x32x1-15e_kinetics400-rgb,backbone.transformer_layers.layers.8,V2,train,sub-10,5919,516,rsa,0.0426144041121006
mmaction2/timesformer_jointST_8xb8-8x32x1-15e_kinetics400-rgb,backbone.transformer_layers.layers.8,V3,train,sub-10,5919,400,rsa,0.04013665020465851
mmaction2/timesformer_jointST_8xb8-8x32x1-15e_kinetics400-rgb,backbone.transformer_layers.layers.8,V4,train,sub-10,5919,574,rsa,0.03781251609325409
mmaction2/timesformer_jointST_8xb8-8x32x1-15e_kinetics400-rgb,backbone.transformer_layers.layers.8,V3A,train,sub-10,5919,85,rsa,0.015954770147800446
mmaction2/timesformer_jointST_8xb8-8x32x1-15e_kinetics400-rgb,backbone.transformer_layers.layers.8,V3B,train,sub-10,5919,99,rsa,0.003961246460676193
mmaction2/timesformer_jointST_8xb8-8x32x1-15e_kinetics400-rgb,backbone.transformer_layers.layers.8,V6,train,sub-10,5919,11,rsa,0.0068207550793886185
mmaction2/timesformer_jointST_8xb8-8x32x1-15e_kinetics400-rgb,backbone.transformer_layers.layers.8,V6A,train,sub-10,5919,45,rsa,0.005007871426641941
mmaction2/timesformer_jointST_8xb8-8x32x1-15e_kinetics400-rgb,backbone.transformer_layers.layers.8,V7,train,sub-10,5919,61,rsa,0.0025477095041424036
mmaction2/timesformer_jointST_8xb8-8x32x1-15e_kinetics400-rgb,backbone.transformer_layers.layers.8,V8,train,sub-10,5919,96,rsa,0.018641607835888863
mmaction2/timesformer_jointST_8xb8-8x32x1-15e_kinetics400-rgb,backbone.transformer_layers.layers.8,FFC,train,sub-10,5919,244,rsa,0.01824500784277916
mmaction2/timesformer_jointST_8xb8-8x32x1-15e_kinetics400-rgb,backbone.transformer_layers.layers.8,PIT,train,sub-10,5919,100,rsa,0.010328036732971668
mmaction2/timesformer_jointST_8xb8-8x32x1-15e_kinetics400-rgb,backbone.transformer_layers.layers.8,IPS1,train,sub-10,5919,166,rsa,0.0036420298274606466
mmaction2/timesformer_jointST_8xb8-8x32x1-15e_kinetics400-rgb,backbone.transformer_layers.layers.8,MST,train,sub-10,5919,135,rsa,0.016500551253557205
mmaction2/timesformer_jointST_8xb8-8x32x1-15e_kinetics400-rgb,backbone.transformer_layers.layers.8,MT,train,sub-10,5919,86,rsa,0.01230517216026783
mmaction2/timesformer_jointST_8xb8-8x32x1-15e_kinetics400-rgb,backbone.transformer_layers.layers.8,FST,train,sub-10,5919,167,rsa,0.006192374974489212
mmaction2/timesformer_jointST_8xb8-8x32x1-15e_kinetics400-rgb,backbone.transformer_layers.layers.8,LO1,train,sub-10,5919,78,rsa,0.01306393276900053
mmaction2/timesformer_jointST_8xb8-8x32x1-15e_kinetics400-rgb,backbone.transformer_layers.layers.8,LO2,train,sub-10,5919,80,rsa,0.009479541331529617
mmaction2/timesformer_jointST_8xb8-8x32x1-15e_kinetics400-rgb,backbone.transformer_layers.layers.8,LO3,train,sub-10,5919,113,rsa,0.009052752517163754
mmaction2/timesformer_jointST_8xb8-8x32x1-15e_kinetics400-rgb,backbone.transformer_layers.layers.8,V7,train,sub-10,5919,61,rsa,0.0025477095041424036
mmaction2/timesformer_jointST_8xb8-8x32x1-15e_kinetics400-rgb,backbone.transformer_layers.layers.8,IP0,train,sub-10,5919,103,rsa,0.008832340128719807
mmaction2/timesformer_jointST_8xb8-8x32x1-15e_kinetics400-rgb,backbone.transformer_layers.layers.8,IP1,train,sub-10,5919,33,rsa,0.0031226298306137323
mmaction2/timesformer_jointST_8xb8-8x32x1-15e_kinetics400-rgb,backbone.transformer_layers.layers.8,MIP,train,sub-10,5919,178,rsa,0.003667751094326377
mmaction2/timesformer_jointST_8xb8-8x32x1-15e_kinetics400-rgb,backbone.transformer_layers.layers.8,VIP,train,sub-10,5919,100,rsa,0.002201511524617672
mmaction2/timesformer_jointST_8xb8-8x32x1-15e_kinetics400-rgb,backbone.transformer_layers.layers.8,LIPd,train,sub-10,5919,31,rsa,0.0005918714450672269
mmaction2/timesformer_jointST_8xb8-8x32x1-15e_kinetics400-rgb,backbone.transformer_layers.layers.8,LIPv,train,sub-10,5919,75,rsa,-0.0007200631080195308
mmaction2/timesformer_jointST_8xb8-8x32x1-15e_kinetics400-rgb,backbone.transformer_layers.layers.8,AIP,train,sub-10,5919,409,rsa,0.002299071056768298
mmaction2/timesformer_jointST_8xb8-8x32x1-15e_kinetics400-rgb,backbone.transformer_layers.layers.8,7Pm,train,sub-10,5919,21,rsa,-0.000533075537532568
mmaction2/timesformer_jointST_8xb8-8x32x1-15e_kinetics400-rgb,backbone.transformer_layers.layers.8,7PL,train,sub-10,5919,106,rsa,0.003952382132411003
mmaction2/timesformer_jointST_8xb8-8x32x1-15e_kinetics400-rgb,backbone.transformer_layers.layers.8,7PC,train,sub-10,5919,224,rsa,0.0004921637009829283
mmaction2/timesformer_jointST_8xb8-8x32x1-15e_kinetics400-rgb,backbone.transformer_layers.layers.8,7Am,train,sub-10,5919,186,rsa,0.002801591996103525
mmaction2/timesformer_jointST_8xb8-8x32x1-15e_kinetics400-rgb,backbone.transformer_layers.layers.8,7AL,train,sub-10,5919,158,rsa,-0.0006246287957765162
mmaction2/timesformer_jointST_8xb8-8x32x1-15e_kinetics400-rgb,backbone.transformer_layers.layers.8,VVC,train,sub-10,5919,196,rsa,0.007102761417627335
mmaction2/timesformer_jointST_8xb8-8x32x1-15e_kinetics400-rgb,backbone.transformer_layers.layers.8,VMV2,train,sub-10,5919,94,rsa,0.009472849778831005
mmaction2/timesformer_jointST_8xb8-8x32x1-15e_kinetics400-rgb,backbone.transformer_layers.layers.8,VMV3,train,sub-10,5919,98,rsa,0.009011540561914444
mmaction2/timesformer_jointST_8xb8-8x32x1-15e_kinetics400-rgb,backbone.transformer_layers.layers.8,VMV1,train,sub-10,5919,42,rsa,0.005263457074761391
mmaction2/timesformer_jointST_8xb8-8x32x1-15e_kinetics400-rgb,backbone.transformer_layers.layers.8,PHA2,train,sub-10,5919,21,rsa,0.0017494038911536336
mmaction2/timesformer_jointST_8xb8-8x32x1-15e_kinetics400-rgb,backbone.transformer_layers.layers.8,PHA3,train,sub-10,5919,104,rsa,0.0065352884121239185
mmaction2/timesformer_jointST_8xb8-8x32x1-15e_kinetics400-rgb,backbone.transformer_layers.layers.8,PH,train,sub-10,5919,261,rsa,0.01454069372266531
mmaction2/timesformer_jointST_8xb8-8x32x1-15e_kinetics400-rgb,backbone.transformer_layers.layers.9,V1,train,sub-10,5919,553,rsa,0.05336809903383255
mmaction2/timesformer_jointST_8xb8-8x32x1-15e_kinetics400-rgb,backbone.transformer_layers.layers.9,V2,train,sub-10,5919,516,rsa,0.04295388236641884
mmaction2/timesformer_jointST_8xb8-8x32x1-15e_kinetics400-rgb,backbone.transformer_layers.layers.9,V3,train,sub-10,5919,400,rsa,0.04061419144272804
mmaction2/timesformer_jointST_8xb8-8x32x1-15e_kinetics400-rgb,backbone.transformer_layers.layers.9,V4,train,sub-10,5919,574,rsa,0.03884515538811684
mmaction2/timesformer_jointST_8xb8-8x32x1-15e_kinetics400-rgb,backbone.transformer_layers.layers.9,V3A,train,sub-10,5919,85,rsa,0.016463911160826683
mmaction2/timesformer_jointST_8xb8-8x32x1-15e_kinetics400-rgb,backbone.transformer_layers.layers.9,V3B,train,sub-10,5919,99,rsa,0.0044005378149449825
mmaction2/timesformer_jointST_8xb8-8x32x1-15e_kinetics400-rgb,backbone.transformer_layers.layers.9,V6,train,sub-10,5919,11,rsa,0.007130663841962814
mmaction2/timesformer_jointST_8xb8-8x32x1-15e_kinetics400-rgb,backbone.transformer_layers.layers.9,V6A,train,sub-10,5919,45,rsa,0.005316546652466059
mmaction2/timesformer_jointST_8xb8-8x32x1-15e_kinetics400-rgb,backbone.transformer_layers.layers.9,V7,train,sub-10,5919,61,rsa,0.002897564321756363
mmaction2/timesformer_jointST_8xb8-8x32x1-15e_kinetics400-rgb,backbone.transformer_layers.layers.9,V8,train,sub-10,5919,96,rsa,0.019342973828315735
mmaction2/timesformer_jointST_8xb8-8x32x1-15e_kinetics400-rgb,backbone.transformer_layers.layers.9,FFC,train,sub-10,5919,244,rsa,0.019331887364387512
mmaction2/timesformer_jointST_8xb8-8x32x1-15e_kinetics400-rgb,backbone.transformer_layers.layers.9,PIT,train,sub-10,5919,100,rsa,0.01084693893790245
mmaction2/timesformer_jointST_8xb8-8x32x1-15e_kinetics400-rgb,backbone.transformer_layers.layers.9,IPS1,train,sub-10,5919,166,rsa,0.003959638997912407
mmaction2/timesformer_jointST_8xb8-8x32x1-15e_kinetics400-rgb,backbone.transformer_layers.layers.9,MST,train,sub-10,5919,135,rsa,0.017452338710427284
mmaction2/timesformer_jointST_8xb8-8x32x1-15e_kinetics400-rgb,backbone.transformer_layers.layers.9,MT,train,sub-10,5919,86,rsa,0.01316025946289301
mmaction2/timesformer_jointST_8xb8-8x32x1-15e_kinetics400-rgb,backbone.transformer_layers.layers.9,FST,train,sub-10,5919,167,rsa,0.006751416716724634
mmaction2/timesformer_jointST_8xb8-8x32x1-15e_kinetics400-rgb,backbone.transformer_layers.layers.9,LO1,train,sub-10,5919,78,rsa,0.013826939277350903
mmaction2/timesformer_jointST_8xb8-8x32x1-15e_kinetics400-rgb,backbone.transformer_layers.layers.9,LO2,train,sub-10,5919,80,rsa,0.010112554766237736
mmaction2/timesformer_jointST_8xb8-8x32x1-15e_kinetics400-rgb,backbone.transformer_layers.layers.9,LO3,train,sub-10,5919,113,rsa,0.009981715120375156
mmaction2/timesformer_jointST_8xb8-8x32x1-15e_kinetics400-rgb,backbone.transformer_layers.layers.9,V7,train,sub-10,5919,61,rsa,0.002897564321756363
mmaction2/timesformer_jointST_8xb8-8x32x1-15e_kinetics400-rgb,backbone.transformer_layers.layers.9,IP0,train,sub-10,5919,103,rsa,0.009291669353842735
mmaction2/timesformer_jointST_8xb8-8x32x1-15e_kinetics400-rgb,backbone.transformer_layers.layers.9,IP1,train,sub-10,5919,33,rsa,0.0032560171093791723
mmaction2/timesformer_jointST_8xb8-8x32x1-15e_kinetics400-rgb,backbone.transformer_layers.layers.9,MIP,train,sub-10,5919,178,rsa,0.00383816659450531
mmaction2/timesformer_jointST_8xb8-8x32x1-15e_kinetics400-rgb,backbone.transformer_layers.layers.9,VIP,train,sub-10,5919,100,rsa,0.0023980997502803802
mmaction2/timesformer_jointST_8xb8-8x32x1-15e_kinetics400-rgb,backbone.transformer_layers.layers.9,LIPd,train,sub-10,5919,31,rsa,0.0007476454484276474
mmaction2/timesformer_jointST_8xb8-8x32x1-15e_kinetics400-rgb,backbone.transformer_layers.layers.9,LIPv,train,sub-10,5919,75,rsa,-0.0005747318500652909
mmaction2/timesformer_jointST_8xb8-8x32x1-15e_kinetics400-rgb,backbone.transformer_layers.layers.9,AIP,train,sub-10,5919,409,rsa,0.002454065717756748
mmaction2/timesformer_jointST_8xb8-8x32x1-15e_kinetics400-rgb,backbone.transformer_layers.layers.9,7Pm,train,sub-10,5919,21,rsa,-0.00040555940358899534
mmaction2/timesformer_jointST_8xb8-8x32x1-15e_kinetics400-rgb,backbone.transformer_layers.layers.9,7PL,train,sub-10,5919,106,rsa,0.0041763498447835445
mmaction2/timesformer_jointST_8xb8-8x32x1-15e_kinetics400-rgb,backbone.transformer_layers.layers.9,7PC,train,sub-10,5919,224,rsa,0.0006630235584452748
mmaction2/timesformer_jointST_8xb8-8x32x1-15e_kinetics400-rgb,backbone.transformer_layers.layers.9,7Am,train,sub-10,5919,186,rsa,0.00324948295019567
mmaction2/timesformer_jointST_8xb8-8x32x1-15e_kinetics400-rgb,backbone.transformer_layers.layers.9,7AL,train,sub-10,5919,158,rsa,-0.0004018208710476756
mmaction2/timesformer_jointST_8xb8-8x32x1-15e_kinetics400-rgb,backbone.transformer_layers.layers.9,VVC,train,sub-10,5919,196,rsa,0.007925032638013363
mmaction2/timesformer_jointST_8xb8-8x32x1-15e_kinetics400-rgb,backbone.transformer_layers.layers.9,VMV2,train,sub-10,5919,94,rsa,0.010169126093387604
mmaction2/timesformer_jointST_8xb8-8x32x1-15e_kinetics400-rgb,backbone.transformer_layers.layers.9,VMV3,train,sub-10,5919,98,rsa,0.009399617090821266
mmaction2/timesformer_jointST_8xb8-8x32x1-15e_kinetics400-rgb,backbone.transformer_layers.layers.9,VMV1,train,sub-10,5919,42,rsa,0.005778252147138119
mmaction2/timesformer_jointST_8xb8-8x32x1-15e_kinetics400-rgb,backbone.transformer_layers.layers.9,PHA2,train,sub-10,5919,21,rsa,0.0021326884161680937
mmaction2/timesformer_jointST_8xb8-8x32x1-15e_kinetics400-rgb,backbone.transformer_layers.layers.9,PHA3,train,sub-10,5919,104,rsa,0.007229969371110201
mmaction2/timesformer_jointST_8xb8-8x32x1-15e_kinetics400-rgb,backbone.transformer_layers.layers.9,PH,train,sub-10,5919,261,rsa,0.015378843992948532
mmaction2/timesformer_jointST_8xb8-8x32x1-15e_kinetics400-rgb,backbone.transformer_layers.layers.10,V1,train,sub-10,5919,553,rsa,0.05420280992984772
mmaction2/timesformer_jointST_8xb8-8x32x1-15e_kinetics400-rgb,backbone.transformer_layers.layers.10,V2,train,sub-10,5919,516,rsa,0.04368528723716736
mmaction2/timesformer_jointST_8xb8-8x32x1-15e_kinetics400-rgb,backbone.transformer_layers.layers.10,V3,train,sub-10,5919,400,rsa,0.04152727127075195
mmaction2/timesformer_jointST_8xb8-8x32x1-15e_kinetics400-rgb,backbone.transformer_layers.layers.10,V4,train,sub-10,5919,574,rsa,0.040742773562669754
mmaction2/timesformer_jointST_8xb8-8x32x1-15e_kinetics400-rgb,backbone.transformer_layers.layers.10,V3A,train,sub-10,5919,85,rsa,0.01746978797018528
mmaction2/timesformer_jointST_8xb8-8x32x1-15e_kinetics400-rgb,backbone.transformer_layers.layers.10,V3B,train,sub-10,5919,99,rsa,0.005344737321138382
mmaction2/timesformer_jointST_8xb8-8x32x1-15e_kinetics400-rgb,backbone.transformer_layers.layers.10,V6,train,sub-10,5919,11,rsa,0.007352898828685284
mmaction2/timesformer_jointST_8xb8-8x32x1-15e_kinetics400-rgb,backbone.transformer_layers.layers.10,V6A,train,sub-10,5919,45,rsa,0.005927270278334618
mmaction2/timesformer_jointST_8xb8-8x32x1-15e_kinetics400-rgb,backbone.transformer_layers.layers.10,V7,train,sub-10,5919,61,rsa,0.0037697444204241037
mmaction2/timesformer_jointST_8xb8-8x32x1-15e_kinetics400-rgb,backbone.transformer_layers.layers.10,V8,train,sub-10,5919,96,rsa,0.020483147352933884
mmaction2/timesformer_jointST_8xb8-8x32x1-15e_kinetics400-rgb,backbone.transformer_layers.layers.10,FFC,train,sub-10,5919,244,rsa,0.021491726860404015
mmaction2/timesformer_jointST_8xb8-8x32x1-15e_kinetics400-rgb,backbone.transformer_layers.layers.10,PIT,train,sub-10,5919,100,rsa,0.012081226333975792
mmaction2/timesformer_jointST_8xb8-8x32x1-15e_kinetics400-rgb,backbone.transformer_layers.layers.10,IPS1,train,sub-10,5919,166,rsa,0.004539493005722761
mmaction2/timesformer_jointST_8xb8-8x32x1-15e_kinetics400-rgb,backbone.transformer_layers.layers.10,MST,train,sub-10,5919,135,rsa,0.018937839195132256
mmaction2/timesformer_jointST_8xb8-8x32x1-15e_kinetics400-rgb,backbone.transformer_layers.layers.10,MT,train,sub-10,5919,86,rsa,0.014677832834422588
mmaction2/timesformer_jointST_8xb8-8x32x1-15e_kinetics400-rgb,backbone.transformer_layers.layers.10,FST,train,sub-10,5919,167,rsa,0.007722922600805759
mmaction2/timesformer_jointST_8xb8-8x32x1-15e_kinetics400-rgb,backbone.transformer_layers.layers.10,LO1,train,sub-10,5919,78,rsa,0.015409947372972965
mmaction2/timesformer_jointST_8xb8-8x32x1-15e_kinetics400-rgb,backbone.transformer_layers.layers.10,LO2,train,sub-10,5919,80,rsa,0.011467691510915756
mmaction2/timesformer_jointST_8xb8-8x32x1-15e_kinetics400-rgb,backbone.transformer_layers.layers.10,LO3,train,sub-10,5919,113,rsa,0.011715991422533989
mmaction2/timesformer_jointST_8xb8-8x32x1-15e_kinetics400-rgb,backbone.transformer_layers.layers.10,V7,train,sub-10,5919,61,rsa,0.0037697444204241037
mmaction2/timesformer_jointST_8xb8-8x32x1-15e_kinetics400-rgb,backbone.transformer_layers.layers.10,IP0,train,sub-10,5919,103,rsa,0.010050731711089611
mmaction2/timesformer_jointST_8xb8-8x32x1-15e_kinetics400-rgb,backbone.transformer_layers.layers.10,IP1,train,sub-10,5919,33,rsa,0.0034586810506880283
mmaction2/timesformer_jointST_8xb8-8x32x1-15e_kinetics400-rgb,backbone.transformer_layers.layers.10,MIP,train,sub-10,5919,178,rsa,0.004187427461147308
mmaction2/timesformer_jointST_8xb8-8x32x1-15e_kinetics400-rgb,backbone.transformer_layers.layers.10,VIP,train,sub-10,5919,100,rsa,0.002898888662457466
mmaction2/timesformer_jointST_8xb8-8x32x1-15e_kinetics400-rgb,backbone.transformer_layers.layers.10,LIPd,train,sub-10,5919,31,rsa,0.0009018140845000744
mmaction2/timesformer_jointST_8xb8-8x32x1-15e_kinetics400-rgb,backbone.transformer_layers.layers.10,LIPv,train,sub-10,5919,75,rsa,-0.0002953582734335214
mmaction2/timesformer_jointST_8xb8-8x32x1-15e_kinetics400-rgb,backbone.transformer_layers.layers.10,AIP,train,sub-10,5919,409,rsa,0.0027628529351204634
mmaction2/timesformer_jointST_8xb8-8x32x1-15e_kinetics400-rgb,backbone.transformer_layers.layers.10,7Pm,train,sub-10,5919,21,rsa,-0.00019537216576281935
mmaction2/timesformer_jointST_8xb8-8x32x1-15e_kinetics400-rgb,backbone.transformer_layers.layers.10,7PL,train,sub-10,5919,106,rsa,0.004558800719678402
mmaction2/timesformer_jointST_8xb8-8x32x1-15e_kinetics400-rgb,backbone.transformer_layers.layers.10,7PC,train,sub-10,5919,224,rsa,0.0010359168518334627
mmaction2/timesformer_jointST_8xb8-8x32x1-15e_kinetics400-rgb,backbone.transformer_layers.layers.10,7Am,train,sub-10,5919,186,rsa,0.004099786281585693
mmaction2/timesformer_jointST_8xb8-8x32x1-15e_kinetics400-rgb,backbone.transformer_layers.layers.10,7AL,train,sub-10,5919,158,rsa,0.00011387612903490663
mmaction2/timesformer_jointST_8xb8-8x32x1-15e_kinetics400-rgb,backbone.transformer_layers.layers.10,VVC,train,sub-10,5919,196,rsa,0.009501988068223
mmaction2/timesformer_jointST_8xb8-8x32x1-15e_kinetics400-rgb,backbone.transformer_layers.layers.10,VMV2,train,sub-10,5919,94,rsa,0.011427504010498524
mmaction2/timesformer_jointST_8xb8-8x32x1-15e_kinetics400-rgb,backbone.transformer_layers.layers.10,VMV3,train,sub-10,5919,98,rsa,0.010408728383481503
mmaction2/timesformer_jointST_8xb8-8x32x1-15e_kinetics400-rgb,backbone.transformer_layers.layers.10,VMV1,train,sub-10,5919,42,rsa,0.006708634551614523
mmaction2/timesformer_jointST_8xb8-8x32x1-15e_kinetics400-rgb,backbone.transformer_layers.layers.10,PHA2,train,sub-10,5919,21,rsa,0.0027264109812676907
mmaction2/timesformer_jointST_8xb8-8x32x1-15e_kinetics400-rgb,backbone.transformer_layers.layers.10,PHA3,train,sub-10,5919,104,rsa,0.008403261192142963
mmaction2/timesformer_jointST_8xb8-8x32x1-15e_kinetics400-rgb,backbone.transformer_layers.layers.10,PH,train,sub-10,5919,261,rsa,0.017118683084845543
mmaction2/timesformer_jointST_8xb8-8x32x1-15e_kinetics400-rgb,backbone.transformer_layers.layers.11,V1,train,sub-10,5919,553,rsa,0.058674540370702744
mmaction2/timesformer_jointST_8xb8-8x32x1-15e_kinetics400-rgb,backbone.transformer_layers.layers.11,V2,train,sub-10,5919,516,rsa,0.04771116003394127
mmaction2/timesformer_jointST_8xb8-8x32x1-15e_kinetics400-rgb,backbone.transformer_layers.layers.11,V3,train,sub-10,5919,400,rsa,0.04581344872713089
mmaction2/timesformer_jointST_8xb8-8x32x1-15e_kinetics400-rgb,backbone.transformer_layers.layers.11,V4,train,sub-10,5919,574,rsa,0.05049222707748413
mmaction2/timesformer_jointST_8xb8-8x32x1-15e_kinetics400-rgb,backbone.transformer_layers.layers.11,V3A,train,sub-10,5919,85,rsa,0.021818485110998154
mmaction2/timesformer_jointST_8xb8-8x32x1-15e_kinetics400-rgb,backbone.transformer_layers.layers.11,V3B,train,sub-10,5919,99,rsa,0.009764667600393295
mmaction2/timesformer_jointST_8xb8-8x32x1-15e_kinetics400-rgb,backbone.transformer_layers.layers.11,V6,train,sub-10,5919,11,rsa,0.009352621622383595
mmaction2/timesformer_jointST_8xb8-8x32x1-15e_kinetics400-rgb,backbone.transformer_layers.layers.11,V6A,train,sub-10,5919,45,rsa,0.008784727193415165
mmaction2/timesformer_jointST_8xb8-8x32x1-15e_kinetics400-rgb,backbone.transformer_layers.layers.11,V7,train,sub-10,5919,61,rsa,0.007347432430833578
mmaction2/timesformer_jointST_8xb8-8x32x1-15e_kinetics400-rgb,backbone.transformer_layers.layers.11,V8,train,sub-10,5919,96,rsa,0.027102898806333542
mmaction2/timesformer_jointST_8xb8-8x32x1-15e_kinetics400-rgb,backbone.transformer_layers.layers.11,FFC,train,sub-10,5919,244,rsa,0.03413816913962364
mmaction2/timesformer_jointST_8xb8-8x32x1-15e_kinetics400-rgb,backbone.transformer_layers.layers.11,PIT,train,sub-10,5919,100,rsa,0.018694575875997543
mmaction2/timesformer_jointST_8xb8-8x32x1-15e_kinetics400-rgb,backbone.transformer_layers.layers.11,IPS1,train,sub-10,5919,166,rsa,0.007861550897359848
mmaction2/timesformer_jointST_8xb8-8x32x1-15e_kinetics400-rgb,backbone.transformer_layers.layers.11,MST,train,sub-10,5919,135,rsa,0.02763419784605503
mmaction2/timesformer_jointST_8xb8-8x32x1-15e_kinetics400-rgb,backbone.transformer_layers.layers.11,MT,train,sub-10,5919,86,rsa,0.023836500942707062
mmaction2/timesformer_jointST_8xb8-8x32x1-15e_kinetics400-rgb,backbone.transformer_layers.layers.11,FST,train,sub-10,5919,167,rsa,0.0137513168156147
mmaction2/timesformer_jointST_8xb8-8x32x1-15e_kinetics400-rgb,backbone.transformer_layers.layers.11,LO1,train,sub-10,5919,78,rsa,0.02518679015338421
mmaction2/timesformer_jointST_8xb8-8x32x1-15e_kinetics400-rgb,backbone.transformer_layers.layers.11,LO2,train,sub-10,5919,80,rsa,0.01925242505967617
mmaction2/timesformer_jointST_8xb8-8x32x1-15e_kinetics400-rgb,backbone.transformer_layers.layers.11,LO3,train,sub-10,5919,113,rsa,0.022453460842370987
mmaction2/timesformer_jointST_8xb8-8x32x1-15e_kinetics400-rgb,backbone.transformer_layers.layers.11,V7,train,sub-10,5919,61,rsa,0.007347432430833578
mmaction2/timesformer_jointST_8xb8-8x32x1-15e_kinetics400-rgb,backbone.transformer_layers.layers.11,IP0,train,sub-10,5919,103,rsa,0.014488812536001205
mmaction2/timesformer_jointST_8xb8-8x32x1-15e_kinetics400-rgb,backbone.transformer_layers.layers.11,IP1,train,sub-10,5919,33,rsa,0.004529109690338373
mmaction2/timesformer_jointST_8xb8-8x32x1-15e_kinetics400-rgb,backbone.transformer_layers.layers.11,MIP,train,sub-10,5919,178,rsa,0.006053985562175512
mmaction2/timesformer_jointST_8xb8-8x32x1-15e_kinetics400-rgb,backbone.transformer_layers.layers.11,VIP,train,sub-10,5919,100,rsa,0.00529193039983511
mmaction2/timesformer_jointST_8xb8-8x32x1-15e_kinetics400-rgb,backbone.transformer_layers.layers.11,LIPd,train,sub-10,5919,31,rsa,0.0016480648191645741
mmaction2/timesformer_jointST_8xb8-8x32x1-15e_kinetics400-rgb,backbone.transformer_layers.layers.11,LIPv,train,sub-10,5919,75,rsa,0.001163806882686913
mmaction2/timesformer_jointST_8xb8-8x32x1-15e_kinetics400-rgb,backbone.transformer_layers.layers.11,AIP,train,sub-10,5919,409,rsa,0.004298781044781208
mmaction2/timesformer_jointST_8xb8-8x32x1-15e_kinetics400-rgb,backbone.transformer_layers.layers.11,7Pm,train,sub-10,5919,21,rsa,0.0012193541042506695
mmaction2/timesformer_jointST_8xb8-8x32x1-15e_kinetics400-rgb,backbone.transformer_layers.layers.11,7PL,train,sub-10,5919,106,rsa,0.007195168174803257
mmaction2/timesformer_jointST_8xb8-8x32x1-15e_kinetics400-rgb,backbone.transformer_layers.layers.11,7PC,train,sub-10,5919,224,rsa,0.00266332202591002
mmaction2/timesformer_jointST_8xb8-8x32x1-15e_kinetics400-rgb,backbone.transformer_layers.layers.11,7Am,train,sub-10,5919,186,rsa,0.008630629628896713
mmaction2/timesformer_jointST_8xb8-8x32x1-15e_kinetics400-rgb,backbone.transformer_layers.layers.11,7AL,train,sub-10,5919,158,rsa,0.002766170771792531
mmaction2/timesformer_jointST_8xb8-8x32x1-15e_kinetics400-rgb,backbone.transformer_layers.layers.11,VVC,train,sub-10,5919,196,rsa,0.018476180732250214
mmaction2/timesformer_jointST_8xb8-8x32x1-15e_kinetics400-rgb,backbone.transformer_layers.layers.11,VMV2,train,sub-10,5919,94,rsa,0.018657280132174492
mmaction2/timesformer_jointST_8xb8-8x32x1-15e_kinetics400-rgb,backbone.transformer_layers.layers.11,VMV3,train,sub-10,5919,98,rsa,0.015535883605480194
mmaction2/timesformer_jointST_8xb8-8x32x1-15e_kinetics400-rgb,backbone.transformer_layers.layers.11,VMV1,train,sub-10,5919,42,rsa,0.012474368326365948
mmaction2/timesformer_jointST_8xb8-8x32x1-15e_kinetics400-rgb,backbone.transformer_layers.layers.11,PHA2,train,sub-10,5919,21,rsa,0.007032326888293028
mmaction2/timesformer_jointST_8xb8-8x32x1-15e_kinetics400-rgb,backbone.transformer_layers.layers.11,PHA3,train,sub-10,5919,104,rsa,0.014946968294680119
mmaction2/timesformer_jointST_8xb8-8x32x1-15e_kinetics400-rgb,backbone.transformer_layers.layers.11,PH,train,sub-10,5919,261,rsa,0.027020933106541634
mmaction2/timesformer_jointST_8xb8-8x32x1-15e_kinetics400-rgb,backbone.transformer_layers.layers.0,V1,test,sub-10,5919,553,rsa,0.08003676682710648
mmaction2/timesformer_jointST_8xb8-8x32x1-15e_kinetics400-rgb,backbone.transformer_layers.layers.0,V2,test,sub-10,5919,516,rsa,0.08229532092809677
mmaction2/timesformer_jointST_8xb8-8x32x1-15e_kinetics400-rgb,backbone.transformer_layers.layers.0,V3,test,sub-10,5919,400,rsa,0.054200686514377594
mmaction2/timesformer_jointST_8xb8-8x32x1-15e_kinetics400-rgb,backbone.transformer_layers.layers.0,V4,test,sub-10,5919,574,rsa,0.0320008248090744
mmaction2/timesformer_jointST_8xb8-8x32x1-15e_kinetics400-rgb,backbone.transformer_layers.layers.0,V3A,test,sub-10,5919,85,rsa,0.02751530334353447
mmaction2/timesformer_jointST_8xb8-8x32x1-15e_kinetics400-rgb,backbone.transformer_layers.layers.0,V3B,test,sub-10,5919,99,rsa,-0.000769960053730756
mmaction2/timesformer_jointST_8xb8-8x32x1-15e_kinetics400-rgb,backbone.transformer_layers.layers.0,V6,test,sub-10,5919,11,rsa,-0.025666894391179085
mmaction2/timesformer_jointST_8xb8-8x32x1-15e_kinetics400-rgb,backbone.transformer_layers.layers.0,V6A,test,sub-10,5919,45,rsa,0.01837911270558834
mmaction2/timesformer_jointST_8xb8-8x32x1-15e_kinetics400-rgb,backbone.transformer_layers.layers.0,V7,test,sub-10,5919,61,rsa,0.011460569687187672
mmaction2/timesformer_jointST_8xb8-8x32x1-15e_kinetics400-rgb,backbone.transformer_layers.layers.0,V8,test,sub-10,5919,96,rsa,-0.00610792962834239
mmaction2/timesformer_jointST_8xb8-8x32x1-15e_kinetics400-rgb,backbone.transformer_layers.layers.0,FFC,test,sub-10,5919,244,rsa,0.028680820018053055
mmaction2/timesformer_jointST_8xb8-8x32x1-15e_kinetics400-rgb,backbone.transformer_layers.layers.0,PIT,test,sub-10,5919,100,rsa,0.014121913351118565
mmaction2/timesformer_jointST_8xb8-8x32x1-15e_kinetics400-rgb,backbone.transformer_layers.layers.0,IPS1,test,sub-10,5919,166,rsa,0.02002248726785183
mmaction2/timesformer_jointST_8xb8-8x32x1-15e_kinetics400-rgb,backbone.transformer_layers.layers.0,MST,test,sub-10,5919,135,rsa,0.009600830264389515
mmaction2/timesformer_jointST_8xb8-8x32x1-15e_kinetics400-rgb,backbone.transformer_layers.layers.0,MT,test,sub-10,5919,86,rsa,0.05431314557790756
mmaction2/timesformer_jointST_8xb8-8x32x1-15e_kinetics400-rgb,backbone.transformer_layers.layers.0,FST,test,sub-10,5919,167,rsa,0.009727776050567627
mmaction2/timesformer_jointST_8xb8-8x32x1-15e_kinetics400-rgb,backbone.transformer_layers.layers.0,LO1,test,sub-10,5919,78,rsa,0.03090360201895237
mmaction2/timesformer_jointST_8xb8-8x32x1-15e_kinetics400-rgb,backbone.transformer_layers.layers.0,LO2,test,sub-10,5919,80,rsa,0.022188618779182434
mmaction2/timesformer_jointST_8xb8-8x32x1-15e_kinetics400-rgb,backbone.transformer_layers.layers.0,LO3,test,sub-10,5919,113,rsa,0.005267167463898659
mmaction2/timesformer_jointST_8xb8-8x32x1-15e_kinetics400-rgb,backbone.transformer_layers.layers.0,V7,test,sub-10,5919,61,rsa,0.011460569687187672
mmaction2/timesformer_jointST_8xb8-8x32x1-15e_kinetics400-rgb,backbone.transformer_layers.layers.0,IP0,test,sub-10,5919,103,rsa,-0.01555630099028349
mmaction2/timesformer_jointST_8xb8-8x32x1-15e_kinetics400-rgb,backbone.transformer_layers.layers.0,IP1,test,sub-10,5919,33,rsa,-0.02008111961185932
mmaction2/timesformer_jointST_8xb8-8x32x1-15e_kinetics400-rgb,backbone.transformer_layers.layers.0,MIP,test,sub-10,5919,178,rsa,0.028272628784179688
mmaction2/timesformer_jointST_8xb8-8x32x1-15e_kinetics400-rgb,backbone.transformer_layers.layers.0,VIP,test,sub-10,5919,100,rsa,0.01418229192495346
mmaction2/timesformer_jointST_8xb8-8x32x1-15e_kinetics400-rgb,backbone.transformer_layers.layers.0,LIPd,test,sub-10,5919,31,rsa,-0.008524921722710133
mmaction2/timesformer_jointST_8xb8-8x32x1-15e_kinetics400-rgb,backbone.transformer_layers.layers.0,LIPv,test,sub-10,5919,75,rsa,0.007387036923319101
mmaction2/timesformer_jointST_8xb8-8x32x1-15e_kinetics400-rgb,backbone.transformer_layers.layers.0,AIP,test,sub-10,5919,409,rsa,-0.0003353232750669122
mmaction2/timesformer_jointST_8xb8-8x32x1-15e_kinetics400-rgb,backbone.transformer_layers.layers.0,7Pm,test,sub-10,5919,21,rsa,0.01300757098942995
mmaction2/timesformer_jointST_8xb8-8x32x1-15e_kinetics400-rgb,backbone.transformer_layers.layers.0,7PL,test,sub-10,5919,106,rsa,0.02432251162827015
mmaction2/timesformer_jointST_8xb8-8x32x1-15e_kinetics400-rgb,backbone.transformer_layers.layers.0,7PC,test,sub-10,5919,224,rsa,-0.03782040998339653
mmaction2/timesformer_jointST_8xb8-8x32x1-15e_kinetics400-rgb,backbone.transformer_layers.layers.0,7Am,test,sub-10,5919,186,rsa,0.0067266980186104774
mmaction2/timesformer_jointST_8xb8-8x32x1-15e_kinetics400-rgb,backbone.transformer_layers.layers.0,7AL,test,sub-10,5919,158,rsa,-0.0012437697732821107
mmaction2/timesformer_jointST_8xb8-8x32x1-15e_kinetics400-rgb,backbone.transformer_layers.layers.0,VVC,test,sub-10,5919,196,rsa,0.06417681276798248
mmaction2/timesformer_jointST_8xb8-8x32x1-15e_kinetics400-rgb,backbone.transformer_layers.layers.0,VMV2,test,sub-10,5919,94,rsa,0.04973350837826729
mmaction2/timesformer_jointST_8xb8-8x32x1-15e_kinetics400-rgb,backbone.transformer_layers.layers.0,VMV3,test,sub-10,5919,98,rsa,0.1140735074877739
mmaction2/timesformer_jointST_8xb8-8x32x1-15e_kinetics400-rgb,backbone.transformer_layers.layers.0,VMV1,test,sub-10,5919,42,rsa,0.04562857747077942
mmaction2/timesformer_jointST_8xb8-8x32x1-15e_kinetics400-rgb,backbone.transformer_layers.layers.0,PHA2,test,sub-10,5919,21,rsa,0.007662000600248575
mmaction2/timesformer_jointST_8xb8-8x32x1-15e_kinetics400-rgb,backbone.transformer_layers.layers.0,PHA3,test,sub-10,5919,104,rsa,0.036651886999607086
mmaction2/timesformer_jointST_8xb8-8x32x1-15e_kinetics400-rgb,backbone.transformer_layers.layers.0,PH,test,sub-10,5919,261,rsa,0.03362693265080452
mmaction2/timesformer_jointST_8xb8-8x32x1-15e_kinetics400-rgb,backbone.transformer_layers.layers.1,V1,test,sub-10,5919,553,rsa,0.12097670882940292
mmaction2/timesformer_jointST_8xb8-8x32x1-15e_kinetics400-rgb,backbone.transformer_layers.layers.1,V2,test,sub-10,5919,516,rsa,0.11844009160995483
mmaction2/timesformer_jointST_8xb8-8x32x1-15e_kinetics400-rgb,backbone.transformer_layers.layers.1,V3,test,sub-10,5919,400,rsa,0.08917710185050964
mmaction2/timesformer_jointST_8xb8-8x32x1-15e_kinetics400-rgb,backbone.transformer_layers.layers.1,V4,test,sub-10,5919,574,rsa,0.06785513460636139
mmaction2/timesformer_jointST_8xb8-8x32x1-15e_kinetics400-rgb,backbone.transformer_layers.layers.1,V3A,test,sub-10,5919,85,rsa,0.0596432238817215
mmaction2/timesformer_jointST_8xb8-8x32x1-15e_kinetics400-rgb,backbone.transformer_layers.layers.1,V3B,test,sub-10,5919,99,rsa,0.019403208047151566
mmaction2/timesformer_jointST_8xb8-8x32x1-15e_kinetics400-rgb,backbone.transformer_layers.layers.1,V6,test,sub-10,5919,11,rsa,-0.004549030214548111
mmaction2/timesformer_jointST_8xb8-8x32x1-15e_kinetics400-rgb,backbone.transformer_layers.layers.1,V6A,test,sub-10,5919,45,rsa,0.05448627844452858
mmaction2/timesformer_jointST_8xb8-8x32x1-15e_kinetics400-rgb,backbone.transformer_layers.layers.1,V7,test,sub-10,5919,61,rsa,0.05635217949748039
mmaction2/timesformer_jointST_8xb8-8x32x1-15e_kinetics400-rgb,backbone.transformer_layers.layers.1,V8,test,sub-10,5919,96,rsa,0.04016513377428055
mmaction2/timesformer_jointST_8xb8-8x32x1-15e_kinetics400-rgb,backbone.transformer_layers.layers.1,FFC,test,sub-10,5919,244,rsa,0.06980240345001221
mmaction2/timesformer_jointST_8xb8-8x32x1-15e_kinetics400-rgb,backbone.transformer_layers.layers.1,PIT,test,sub-10,5919,100,rsa,0.03303367644548416
mmaction2/timesformer_jointST_8xb8-8x32x1-15e_kinetics400-rgb,backbone.transformer_layers.layers.1,IPS1,test,sub-10,5919,166,rsa,0.04096885025501251
mmaction2/timesformer_jointST_8xb8-8x32x1-15e_kinetics400-rgb,backbone.transformer_layers.layers.1,MST,test,sub-10,5919,135,rsa,0.06808048486709595
mmaction2/timesformer_jointST_8xb8-8x32x1-15e_kinetics400-rgb,backbone.transformer_layers.layers.1,MT,test,sub-10,5919,86,rsa,0.07970689237117767
mmaction2/timesformer_jointST_8xb8-8x32x1-15e_kinetics400-rgb,backbone.transformer_layers.layers.1,FST,test,sub-10,5919,167,rsa,0.036629632115364075
mmaction2/timesformer_jointST_8xb8-8x32x1-15e_kinetics400-rgb,backbone.transformer_layers.layers.1,LO1,test,sub-10,5919,78,rsa,0.05337260290980339
mmaction2/timesformer_jointST_8xb8-8x32x1-15e_kinetics400-rgb,backbone.transformer_layers.layers.1,LO2,test,sub-10,5919,80,rsa,0.04094092175364494
mmaction2/timesformer_jointST_8xb8-8x32x1-15e_kinetics400-rgb,backbone.transformer_layers.layers.1,LO3,test,sub-10,5919,113,rsa,0.029655296355485916
mmaction2/timesformer_jointST_8xb8-8x32x1-15e_kinetics400-rgb,backbone.transformer_layers.layers.1,V7,test,sub-10,5919,61,rsa,0.05635217949748039
mmaction2/timesformer_jointST_8xb8-8x32x1-15e_kinetics400-rgb,backbone.transformer_layers.layers.1,IP0,test,sub-10,5919,103,rsa,0.014625081792473793
mmaction2/timesformer_jointST_8xb8-8x32x1-15e_kinetics400-rgb,backbone.transformer_layers.layers.1,IP1,test,sub-10,5919,33,rsa,-0.01640419475734234
mmaction2/timesformer_jointST_8xb8-8x32x1-15e_kinetics400-rgb,backbone.transformer_layers.layers.1,MIP,test,sub-10,5919,178,rsa,0.043671365827322006
mmaction2/timesformer_jointST_8xb8-8x32x1-15e_kinetics400-rgb,backbone.transformer_layers.layers.1,VIP,test,sub-10,5919,100,rsa,0.03885280340909958
mmaction2/timesformer_jointST_8xb8-8x32x1-15e_kinetics400-rgb,backbone.transformer_layers.layers.1,LIPd,test,sub-10,5919,31,rsa,-0.009128210134804249
mmaction2/timesformer_jointST_8xb8-8x32x1-15e_kinetics400-rgb,backbone.transformer_layers.layers.1,LIPv,test,sub-10,5919,75,rsa,0.026654332876205444
mmaction2/timesformer_jointST_8xb8-8x32x1-15e_kinetics400-rgb,backbone.transformer_layers.layers.1,AIP,test,sub-10,5919,409,rsa,0.014987937174737453
mmaction2/timesformer_jointST_8xb8-8x32x1-15e_kinetics400-rgb,backbone.transformer_layers.layers.1,7Pm,test,sub-10,5919,21,rsa,0.02354666218161583
mmaction2/timesformer_jointST_8xb8-8x32x1-15e_kinetics400-rgb,backbone.transformer_layers.layers.1,7PL,test,sub-10,5919,106,rsa,0.036698464304208755
mmaction2/timesformer_jointST_8xb8-8x32x1-15e_kinetics400-rgb,backbone.transformer_layers.layers.1,7PC,test,sub-10,5919,224,rsa,-0.011444270610809326
mmaction2/timesformer_jointST_8xb8-8x32x1-15e_kinetics400-rgb,backbone.transformer_layers.layers.1,7Am,test,sub-10,5919,186,rsa,0.01864524558186531
mmaction2/timesformer_jointST_8xb8-8x32x1-15e_kinetics400-rgb,backbone.transformer_layers.layers.1,7AL,test,sub-10,5919,158,rsa,0.006173068657517433
mmaction2/timesformer_jointST_8xb8-8x32x1-15e_kinetics400-rgb,backbone.transformer_layers.layers.1,VVC,test,sub-10,5919,196,rsa,0.10445669293403625
mmaction2/timesformer_jointST_8xb8-8x32x1-15e_kinetics400-rgb,backbone.transformer_layers.layers.1,VMV2,test,sub-10,5919,94,rsa,0.07160566747188568
mmaction2/timesformer_jointST_8xb8-8x32x1-15e_kinetics400-rgb,backbone.transformer_layers.layers.1,VMV3,test,sub-10,5919,98,rsa,0.11824499070644379
mmaction2/timesformer_jointST_8xb8-8x32x1-15e_kinetics400-rgb,backbone.transformer_layers.layers.1,VMV1,test,sub-10,5919,42,rsa,0.06815748661756516
mmaction2/timesformer_jointST_8xb8-8x32x1-15e_kinetics400-rgb,backbone.transformer_layers.layers.1,PHA2,test,sub-10,5919,21,rsa,0.02830067090690136
mmaction2/timesformer_jointST_8xb8-8x32x1-15e_kinetics400-rgb,backbone.transformer_layers.layers.1,PHA3,test,sub-10,5919,104,rsa,0.08110645413398743
mmaction2/timesformer_jointST_8xb8-8x32x1-15e_kinetics400-rgb,backbone.transformer_layers.layers.1,PH,test,sub-10,5919,261,rsa,0.06440988183021545
mmaction2/timesformer_jointST_8xb8-8x32x1-15e_kinetics400-rgb,backbone.transformer_layers.layers.2,V1,test,sub-10,5919,553,rsa,0.14913740754127502
mmaction2/timesformer_jointST_8xb8-8x32x1-15e_kinetics400-rgb,backbone.transformer_layers.layers.2,V2,test,sub-10,5919,516,rsa,0.14512458443641663
mmaction2/timesformer_jointST_8xb8-8x32x1-15e_kinetics400-rgb,backbone.transformer_layers.layers.2,V3,test,sub-10,5919,400,rsa,0.1176932081580162
mmaction2/timesformer_jointST_8xb8-8x32x1-15e_kinetics400-rgb,backbone.transformer_layers.layers.2,V4,test,sub-10,5919,574,rsa,0.10538476705551147
mmaction2/timesformer_jointST_8xb8-8x32x1-15e_kinetics400-rgb,backbone.transformer_layers.layers.2,V3A,test,sub-10,5919,85,rsa,0.07725527137517929
mmaction2/timesformer_jointST_8xb8-8x32x1-15e_kinetics400-rgb,backbone.transformer_layers.layers.2,V3B,test,sub-10,5919,99,rsa,0.043809182941913605
mmaction2/timesformer_jointST_8xb8-8x32x1-15e_kinetics400-rgb,backbone.transformer_layers.layers.2,V6,test,sub-10,5919,11,rsa,0.013764426112174988
mmaction2/timesformer_jointST_8xb8-8x32x1-15e_kinetics400-rgb,backbone.transformer_layers.layers.2,V6A,test,sub-10,5919,45,rsa,0.08357345312833786
mmaction2/timesformer_jointST_8xb8-8x32x1-15e_kinetics400-rgb,backbone.transformer_layers.layers.2,V7,test,sub-10,5919,61,rsa,0.07751597464084625
mmaction2/timesformer_jointST_8xb8-8x32x1-15e_kinetics400-rgb,backbone.transformer_layers.layers.2,V8,test,sub-10,5919,96,rsa,0.07399879395961761
mmaction2/timesformer_jointST_8xb8-8x32x1-15e_kinetics400-rgb,backbone.transformer_layers.layers.2,FFC,test,sub-10,5919,244,rsa,0.09801828116178513
mmaction2/timesformer_jointST_8xb8-8x32x1-15e_kinetics400-rgb,backbone.transformer_layers.layers.2,PIT,test,sub-10,5919,100,rsa,0.05115000903606415
mmaction2/timesformer_jointST_8xb8-8x32x1-15e_kinetics400-rgb,backbone.transformer_layers.layers.2,IPS1,test,sub-10,5919,166,rsa,0.05258532240986824
mmaction2/timesformer_jointST_8xb8-8x32x1-15e_kinetics400-rgb,backbone.transformer_layers.layers.2,MST,test,sub-10,5919,135,rsa,0.10739553719758987
mmaction2/timesformer_jointST_8xb8-8x32x1-15e_kinetics400-rgb,backbone.transformer_layers.layers.2,MT,test,sub-10,5919,86,rsa,0.10437513142824173
mmaction2/timesformer_jointST_8xb8-8x32x1-15e_kinetics400-rgb,backbone.transformer_layers.layers.2,FST,test,sub-10,5919,167,rsa,0.04791831225156784
mmaction2/timesformer_jointST_8xb8-8x32x1-15e_kinetics400-rgb,backbone.transformer_layers.layers.2,LO1,test,sub-10,5919,78,rsa,0.07371833175420761
mmaction2/timesformer_jointST_8xb8-8x32x1-15e_kinetics400-rgb,backbone.transformer_layers.layers.2,LO2,test,sub-10,5919,80,rsa,0.06187809631228447
mmaction2/timesformer_jointST_8xb8-8x32x1-15e_kinetics400-rgb,backbone.transformer_layers.layers.2,LO3,test,sub-10,5919,113,rsa,0.05779523774981499
mmaction2/timesformer_jointST_8xb8-8x32x1-15e_kinetics400-rgb,backbone.transformer_layers.layers.2,V7,test,sub-10,5919,61,rsa,0.07751597464084625
mmaction2/timesformer_jointST_8xb8-8x32x1-15e_kinetics400-rgb,backbone.transformer_layers.layers.2,IP0,test,sub-10,5919,103,rsa,0.041139617562294006
mmaction2/timesformer_jointST_8xb8-8x32x1-15e_kinetics400-rgb,backbone.transformer_layers.layers.2,IP1,test,sub-10,5919,33,rsa,-0.006451835855841637
mmaction2/timesformer_jointST_8xb8-8x32x1-15e_kinetics400-rgb,backbone.transformer_layers.layers.2,MIP,test,sub-10,5919,178,rsa,0.042795579880476
mmaction2/timesformer_jointST_8xb8-8x32x1-15e_kinetics400-rgb,backbone.transformer_layers.layers.2,VIP,test,sub-10,5919,100,rsa,0.051324717700481415
mmaction2/timesformer_jointST_8xb8-8x32x1-15e_kinetics400-rgb,backbone.transformer_layers.layers.2,LIPd,test,sub-10,5919,31,rsa,-0.012232458218932152
mmaction2/timesformer_jointST_8xb8-8x32x1-15e_kinetics400-rgb,backbone.transformer_layers.layers.2,LIPv,test,sub-10,5919,75,rsa,0.03339264914393425
mmaction2/timesformer_jointST_8xb8-8x32x1-15e_kinetics400-rgb,backbone.transformer_layers.layers.2,AIP,test,sub-10,5919,409,rsa,0.014622829854488373
mmaction2/timesformer_jointST_8xb8-8x32x1-15e_kinetics400-rgb,backbone.transformer_layers.layers.2,7Pm,test,sub-10,5919,21,rsa,0.02789359539747238
mmaction2/timesformer_jointST_8xb8-8x32x1-15e_kinetics400-rgb,backbone.transformer_layers.layers.2,7PL,test,sub-10,5919,106,rsa,0.041094835847616196
mmaction2/timesformer_jointST_8xb8-8x32x1-15e_kinetics400-rgb,backbone.transformer_layers.layers.2,7PC,test,sub-10,5919,224,rsa,0.010920931585133076
mmaction2/timesformer_jointST_8xb8-8x32x1-15e_kinetics400-rgb,backbone.transformer_layers.layers.2,7Am,test,sub-10,5919,186,rsa,0.0176167543977499
mmaction2/timesformer_jointST_8xb8-8x32x1-15e_kinetics400-rgb,backbone.transformer_layers.layers.2,7AL,test,sub-10,5919,158,rsa,0.004639113321900368
mmaction2/timesformer_jointST_8xb8-8x32x1-15e_kinetics400-rgb,backbone.transformer_layers.layers.2,VVC,test,sub-10,5919,196,rsa,0.12728357315063477
mmaction2/timesformer_jointST_8xb8-8x32x1-15e_kinetics400-rgb,backbone.transformer_layers.layers.2,VMV2,test,sub-10,5919,94,rsa,0.08416300266981125
mmaction2/timesformer_jointST_8xb8-8x32x1-15e_kinetics400-rgb,backbone.transformer_layers.layers.2,VMV3,test,sub-10,5919,98,rsa,0.11592913419008255
mmaction2/timesformer_jointST_8xb8-8x32x1-15e_kinetics400-rgb,backbone.transformer_layers.layers.2,VMV1,test,sub-10,5919,42,rsa,0.08384755998849869
mmaction2/timesformer_jointST_8xb8-8x32x1-15e_kinetics400-rgb,backbone.transformer_layers.layers.2,PHA2,test,sub-10,5919,21,rsa,0.05711725726723671
mmaction2/timesformer_jointST_8xb8-8x32x1-15e_kinetics400-rgb,backbone.transformer_layers.layers.2,PHA3,test,sub-10,5919,104,rsa,0.11630091816186905
mmaction2/timesformer_jointST_8xb8-8x32x1-15e_kinetics400-rgb,backbone.transformer_layers.layers.2,PH,test,sub-10,5919,261,rsa,0.09229021519422531
mmaction2/timesformer_jointST_8xb8-8x32x1-15e_kinetics400-rgb,backbone.transformer_layers.layers.3,V1,test,sub-10,5919,553,rsa,0.17503271996974945
mmaction2/timesformer_jointST_8xb8-8x32x1-15e_kinetics400-rgb,backbone.transformer_layers.layers.3,V2,test,sub-10,5919,516,rsa,0.15657559037208557
mmaction2/timesformer_jointST_8xb8-8x32x1-15e_kinetics400-rgb,backbone.transformer_layers.layers.3,V3,test,sub-10,5919,400,rsa,0.1302458941936493
mmaction2/timesformer_jointST_8xb8-8x32x1-15e_kinetics400-rgb,backbone.transformer_layers.layers.3,V4,test,sub-10,5919,574,rsa,0.13625334203243256
mmaction2/timesformer_jointST_8xb8-8x32x1-15e_kinetics400-rgb,backbone.transformer_layers.layers.3,V3A,test,sub-10,5919,85,rsa,0.09720849245786667
mmaction2/timesformer_jointST_8xb8-8x32x1-15e_kinetics400-rgb,backbone.transformer_layers.layers.3,V3B,test,sub-10,5919,99,rsa,0.05168181285262108
mmaction2/timesformer_jointST_8xb8-8x32x1-15e_kinetics400-rgb,backbone.transformer_layers.layers.3,V6,test,sub-10,5919,11,rsa,0.02063092216849327
mmaction2/timesformer_jointST_8xb8-8x32x1-15e_kinetics400-rgb,backbone.transformer_layers.layers.3,V6A,test,sub-10,5919,45,rsa,0.0879499688744545
mmaction2/timesformer_jointST_8xb8-8x32x1-15e_kinetics400-rgb,backbone.transformer_layers.layers.3,V7,test,sub-10,5919,61,rsa,0.08907557278871536
mmaction2/timesformer_jointST_8xb8-8x32x1-15e_kinetics400-rgb,backbone.transformer_layers.layers.3,V8,test,sub-10,5919,96,rsa,0.08614915609359741
mmaction2/timesformer_jointST_8xb8-8x32x1-15e_kinetics400-rgb,backbone.transformer_layers.layers.3,FFC,test,sub-10,5919,244,rsa,0.11691335588693619
mmaction2/timesformer_jointST_8xb8-8x32x1-15e_kinetics400-rgb,backbone.transformer_layers.layers.3,PIT,test,sub-10,5919,100,rsa,0.07215847074985504
mmaction2/timesformer_jointST_8xb8-8x32x1-15e_kinetics400-rgb,backbone.transformer_layers.layers.3,IPS1,test,sub-10,5919,166,rsa,0.06641252338886261
mmaction2/timesformer_jointST_8xb8-8x32x1-15e_kinetics400-rgb,backbone.transformer_layers.layers.3,MST,test,sub-10,5919,135,rsa,0.12456369400024414
mmaction2/timesformer_jointST_8xb8-8x32x1-15e_kinetics400-rgb,backbone.transformer_layers.layers.3,MT,test,sub-10,5919,86,rsa,0.11753598600625992
mmaction2/timesformer_jointST_8xb8-8x32x1-15e_kinetics400-rgb,backbone.transformer_layers.layers.3,FST,test,sub-10,5919,167,rsa,0.06769666075706482
mmaction2/timesformer_jointST_8xb8-8x32x1-15e_kinetics400-rgb,backbone.transformer_layers.layers.3,LO1,test,sub-10,5919,78,rsa,0.07427433878183365
mmaction2/timesformer_jointST_8xb8-8x32x1-15e_kinetics400-rgb,backbone.transformer_layers.layers.3,LO2,test,sub-10,5919,80,rsa,0.08192819356918335
mmaction2/timesformer_jointST_8xb8-8x32x1-15e_kinetics400-rgb,backbone.transformer_layers.layers.3,LO3,test,sub-10,5919,113,rsa,0.07570121437311172
mmaction2/timesformer_jointST_8xb8-8x32x1-15e_kinetics400-rgb,backbone.transformer_layers.layers.3,V7,test,sub-10,5919,61,rsa,0.08907557278871536
mmaction2/timesformer_jointST_8xb8-8x32x1-15e_kinetics400-rgb,backbone.transformer_layers.layers.3,IP0,test,sub-10,5919,103,rsa,0.04945605248212814
mmaction2/timesformer_jointST_8xb8-8x32x1-15e_kinetics400-rgb,backbone.transformer_layers.layers.3,IP1,test,sub-10,5919,33,rsa,0.001176237827166915
mmaction2/timesformer_jointST_8xb8-8x32x1-15e_kinetics400-rgb,backbone.transformer_layers.layers.3,MIP,test,sub-10,5919,178,rsa,0.04558344930410385
mmaction2/timesformer_jointST_8xb8-8x32x1-15e_kinetics400-rgb,backbone.transformer_layers.layers.3,VIP,test,sub-10,5919,100,rsa,0.05550408363342285
mmaction2/timesformer_jointST_8xb8-8x32x1-15e_kinetics400-rgb,backbone.transformer_layers.layers.3,LIPd,test,sub-10,5919,31,rsa,-0.007741943001747131
mmaction2/timesformer_jointST_8xb8-8x32x1-15e_kinetics400-rgb,backbone.transformer_layers.layers.3,LIPv,test,sub-10,5919,75,rsa,0.03753045201301575
mmaction2/timesformer_jointST_8xb8-8x32x1-15e_kinetics400-rgb,backbone.transformer_layers.layers.3,AIP,test,sub-10,5919,409,rsa,0.011958212591707706
mmaction2/timesformer_jointST_8xb8-8x32x1-15e_kinetics400-rgb,backbone.transformer_layers.layers.3,7Pm,test,sub-10,5919,21,rsa,0.02866879478096962
mmaction2/timesformer_jointST_8xb8-8x32x1-15e_kinetics400-rgb,backbone.transformer_layers.layers.3,7PL,test,sub-10,5919,106,rsa,0.03990209475159645
mmaction2/timesformer_jointST_8xb8-8x32x1-15e_kinetics400-rgb,backbone.transformer_layers.layers.3,7PC,test,sub-10,5919,224,rsa,0.01724943146109581
mmaction2/timesformer_jointST_8xb8-8x32x1-15e_kinetics400-rgb,backbone.transformer_layers.layers.3,7Am,test,sub-10,5919,186,rsa,0.03143869712948799
mmaction2/timesformer_jointST_8xb8-8x32x1-15e_kinetics400-rgb,backbone.transformer_layers.layers.3,7AL,test,sub-10,5919,158,rsa,0.014841116033494473
mmaction2/timesformer_jointST_8xb8-8x32x1-15e_kinetics400-rgb,backbone.transformer_layers.layers.3,VVC,test,sub-10,5919,196,rsa,0.13003185391426086
mmaction2/timesformer_jointST_8xb8-8x32x1-15e_kinetics400-rgb,backbone.transformer_layers.layers.3,VMV2,test,sub-10,5919,94,rsa,0.08952154964208603
mmaction2/timesformer_jointST_8xb8-8x32x1-15e_kinetics400-rgb,backbone.transformer_layers.layers.3,VMV3,test,sub-10,5919,98,rsa,0.10748433321714401
mmaction2/timesformer_jointST_8xb8-8x32x1-15e_kinetics400-rgb,backbone.transformer_layers.layers.3,VMV1,test,sub-10,5919,42,rsa,0.09067638218402863
mmaction2/timesformer_jointST_8xb8-8x32x1-15e_kinetics400-rgb,backbone.transformer_layers.layers.3,PHA2,test,sub-10,5919,21,rsa,0.057632334530353546
mmaction2/timesformer_jointST_8xb8-8x32x1-15e_kinetics400-rgb,backbone.transformer_layers.layers.3,PHA3,test,sub-10,5919,104,rsa,0.1336255520582199
mmaction2/timesformer_jointST_8xb8-8x32x1-15e_kinetics400-rgb,backbone.transformer_layers.layers.3,PH,test,sub-10,5919,261,rsa,0.11173072457313538
mmaction2/timesformer_jointST_8xb8-8x32x1-15e_kinetics400-rgb,backbone.transformer_layers.layers.4,V1,test,sub-10,5919,553,rsa,0.0857139378786087
mmaction2/timesformer_jointST_8xb8-8x32x1-15e_kinetics400-rgb,backbone.transformer_layers.layers.4,V2,test,sub-10,5919,516,rsa,0.0724046528339386
mmaction2/timesformer_jointST_8xb8-8x32x1-15e_kinetics400-rgb,backbone.transformer_layers.layers.4,V3,test,sub-10,5919,400,rsa,0.07565566152334213
mmaction2/timesformer_jointST_8xb8-8x32x1-15e_kinetics400-rgb,backbone.transformer_layers.layers.4,V4,test,sub-10,5919,574,rsa,0.07967018336057663
mmaction2/timesformer_jointST_8xb8-8x32x1-15e_kinetics400-rgb,backbone.transformer_layers.layers.4,V3A,test,sub-10,5919,85,rsa,0.059709496796131134
mmaction2/timesformer_jointST_8xb8-8x32x1-15e_kinetics400-rgb,backbone.transformer_layers.layers.4,V3B,test,sub-10,5919,99,rsa,0.027380814775824547
mmaction2/timesformer_jointST_8xb8-8x32x1-15e_kinetics400-rgb,backbone.transformer_layers.layers.4,V6,test,sub-10,5919,11,rsa,-0.014494824223220348
mmaction2/timesformer_jointST_8xb8-8x32x1-15e_kinetics400-rgb,backbone.transformer_layers.layers.4,V6A,test,sub-10,5919,45,rsa,0.03324821591377258
mmaction2/timesformer_jointST_8xb8-8x32x1-15e_kinetics400-rgb,backbone.transformer_layers.layers.4,V7,test,sub-10,5919,61,rsa,0.040956154465675354
mmaction2/timesformer_jointST_8xb8-8x32x1-15e_kinetics400-rgb,backbone.transformer_layers.layers.4,V8,test,sub-10,5919,96,rsa,0.03627190738916397
mmaction2/timesformer_jointST_8xb8-8x32x1-15e_kinetics400-rgb,backbone.transformer_layers.layers.4,FFC,test,sub-10,5919,244,rsa,0.044563230127096176
mmaction2/timesformer_jointST_8xb8-8x32x1-15e_kinetics400-rgb,backbone.transformer_layers.layers.4,PIT,test,sub-10,5919,100,rsa,0.028825031593441963
mmaction2/timesformer_jointST_8xb8-8x32x1-15e_kinetics400-rgb,backbone.transformer_layers.layers.4,IPS1,test,sub-10,5919,166,rsa,0.03217405453324318
mmaction2/timesformer_jointST_8xb8-8x32x1-15e_kinetics400-rgb,backbone.transformer_layers.layers.4,MST,test,sub-10,5919,135,rsa,0.053922317922115326
mmaction2/timesformer_jointST_8xb8-8x32x1-15e_kinetics400-rgb,backbone.transformer_layers.layers.4,MT,test,sub-10,5919,86,rsa,0.05188349634408951
mmaction2/timesformer_jointST_8xb8-8x32x1-15e_kinetics400-rgb,backbone.transformer_layers.layers.4,FST,test,sub-10,5919,167,rsa,0.04839499667286873
mmaction2/timesformer_jointST_8xb8-8x32x1-15e_kinetics400-rgb,backbone.transformer_layers.layers.4,LO1,test,sub-10,5919,78,rsa,0.0305948443710804
mmaction2/timesformer_jointST_8xb8-8x32x1-15e_kinetics400-rgb,backbone.transformer_layers.layers.4,LO2,test,sub-10,5919,80,rsa,0.04368004947900772
mmaction2/timesformer_jointST_8xb8-8x32x1-15e_kinetics400-rgb,backbone.transformer_layers.layers.4,LO3,test,sub-10,5919,113,rsa,0.029444802552461624
mmaction2/timesformer_jointST_8xb8-8x32x1-15e_kinetics400-rgb,backbone.transformer_layers.layers.4,V7,test,sub-10,5919,61,rsa,0.040956154465675354
mmaction2/timesformer_jointST_8xb8-8x32x1-15e_kinetics400-rgb,backbone.transformer_layers.layers.4,IP0,test,sub-10,5919,103,rsa,0.026024105027318
mmaction2/timesformer_jointST_8xb8-8x32x1-15e_kinetics400-rgb,backbone.transformer_layers.layers.4,IP1,test,sub-10,5919,33,rsa,-0.0005540914135053754
mmaction2/timesformer_jointST_8xb8-8x32x1-15e_kinetics400-rgb,backbone.transformer_layers.layers.4,MIP,test,sub-10,5919,178,rsa,0.037602126598358154
mmaction2/timesformer_jointST_8xb8-8x32x1-15e_kinetics400-rgb,backbone.transformer_layers.layers.4,VIP,test,sub-10,5919,100,rsa,0.025109652429819107
mmaction2/timesformer_jointST_8xb8-8x32x1-15e_kinetics400-rgb,backbone.transformer_layers.layers.4,LIPd,test,sub-10,5919,31,rsa,0.006515583023428917
mmaction2/timesformer_jointST_8xb8-8x32x1-15e_kinetics400-rgb,backbone.transformer_layers.layers.4,LIPv,test,sub-10,5919,75,rsa,0.025066807866096497
mmaction2/timesformer_jointST_8xb8-8x32x1-15e_kinetics400-rgb,backbone.transformer_layers.layers.4,AIP,test,sub-10,5919,409,rsa,-0.002870074473321438
mmaction2/timesformer_jointST_8xb8-8x32x1-15e_kinetics400-rgb,backbone.transformer_layers.layers.4,7Pm,test,sub-10,5919,21,rsa,-0.0072771706618368626
mmaction2/timesformer_jointST_8xb8-8x32x1-15e_kinetics400-rgb,backbone.transformer_layers.layers.4,7PL,test,sub-10,5919,106,rsa,0.025089938193559647
mmaction2/timesformer_jointST_8xb8-8x32x1-15e_kinetics400-rgb,backbone.transformer_layers.layers.4,7PC,test,sub-10,5919,224,rsa,0.006632297299802303
mmaction2/timesformer_jointST_8xb8-8x32x1-15e_kinetics400-rgb,backbone.transformer_layers.layers.4,7Am,test,sub-10,5919,186,rsa,0.0268270131200552
mmaction2/timesformer_jointST_8xb8-8x32x1-15e_kinetics400-rgb,backbone.transformer_layers.layers.4,7AL,test,sub-10,5919,158,rsa,0.002438930794596672
mmaction2/timesformer_jointST_8xb8-8x32x1-15e_kinetics400-rgb,backbone.transformer_layers.layers.4,VVC,test,sub-10,5919,196,rsa,0.03678274527192116
mmaction2/timesformer_jointST_8xb8-8x32x1-15e_kinetics400-rgb,backbone.transformer_layers.layers.4,VMV2,test,sub-10,5919,94,rsa,0.024096088483929634
mmaction2/timesformer_jointST_8xb8-8x32x1-15e_kinetics400-rgb,backbone.transformer_layers.layers.4,VMV3,test,sub-10,5919,98,rsa,0.04532366991043091
mmaction2/timesformer_jointST_8xb8-8x32x1-15e_kinetics400-rgb,backbone.transformer_layers.layers.4,VMV1,test,sub-10,5919,42,rsa,0.04765962064266205
mmaction2/timesformer_jointST_8xb8-8x32x1-15e_kinetics400-rgb,backbone.transformer_layers.layers.4,PHA2,test,sub-10,5919,21,rsa,0.02326100692152977
mmaction2/timesformer_jointST_8xb8-8x32x1-15e_kinetics400-rgb,backbone.transformer_layers.layers.4,PHA3,test,sub-10,5919,104,rsa,0.07623312622308731
mmaction2/timesformer_jointST_8xb8-8x32x1-15e_kinetics400-rgb,backbone.transformer_layers.layers.4,PH,test,sub-10,5919,261,rsa,0.04639928787946701
mmaction2/timesformer_jointST_8xb8-8x32x1-15e_kinetics400-rgb,backbone.transformer_layers.layers.5,V1,test,sub-10,5919,553,rsa,0.07592635601758957
mmaction2/timesformer_jointST_8xb8-8x32x1-15e_kinetics400-rgb,backbone.transformer_layers.layers.5,V2,test,sub-10,5919,516,rsa,0.07289057970046997
mmaction2/timesformer_jointST_8xb8-8x32x1-15e_kinetics400-rgb,backbone.transformer_layers.layers.5,V3,test,sub-10,5919,400,rsa,0.07484780251979828
mmaction2/timesformer_jointST_8xb8-8x32x1-15e_kinetics400-rgb,backbone.transformer_layers.layers.5,V4,test,sub-10,5919,574,rsa,0.06245211884379387
mmaction2/timesformer_jointST_8xb8-8x32x1-15e_kinetics400-rgb,backbone.transformer_layers.layers.5,V3A,test,sub-10,5919,85,rsa,0.054041214287281036
mmaction2/timesformer_jointST_8xb8-8x32x1-15e_kinetics400-rgb,backbone.transformer_layers.layers.5,V3B,test,sub-10,5919,99,rsa,0.023540768772363663
mmaction2/timesformer_jointST_8xb8-8x32x1-15e_kinetics400-rgb,backbone.transformer_layers.layers.5,V6,test,sub-10,5919,11,rsa,-0.030951019376516342
mmaction2/timesformer_jointST_8xb8-8x32x1-15e_kinetics400-rgb,backbone.transformer_layers.layers.5,V6A,test,sub-10,5919,45,rsa,0.01990366354584694
mmaction2/timesformer_jointST_8xb8-8x32x1-15e_kinetics400-rgb,backbone.transformer_layers.layers.5,V7,test,sub-10,5919,61,rsa,0.019427604973316193
mmaction2/timesformer_jointST_8xb8-8x32x1-15e_kinetics400-rgb,backbone.transformer_layers.layers.5,V8,test,sub-10,5919,96,rsa,0.011553257703781128
mmaction2/timesformer_jointST_8xb8-8x32x1-15e_kinetics400-rgb,backbone.transformer_layers.layers.5,FFC,test,sub-10,5919,244,rsa,0.02814042568206787
mmaction2/timesformer_jointST_8xb8-8x32x1-15e_kinetics400-rgb,backbone.transformer_layers.layers.5,PIT,test,sub-10,5919,100,rsa,0.01969227008521557
mmaction2/timesformer_jointST_8xb8-8x32x1-15e_kinetics400-rgb,backbone.transformer_layers.layers.5,IPS1,test,sub-10,5919,166,rsa,0.01939963549375534
mmaction2/timesformer_jointST_8xb8-8x32x1-15e_kinetics400-rgb,backbone.transformer_layers.layers.5,MST,test,sub-10,5919,135,rsa,0.03202657029032707
mmaction2/timesformer_jointST_8xb8-8x32x1-15e_kinetics400-rgb,backbone.transformer_layers.layers.5,MT,test,sub-10,5919,86,rsa,0.02128053456544876
mmaction2/timesformer_jointST_8xb8-8x32x1-15e_kinetics400-rgb,backbone.transformer_layers.layers.5,FST,test,sub-10,5919,167,rsa,0.03629697859287262
mmaction2/timesformer_jointST_8xb8-8x32x1-15e_kinetics400-rgb,backbone.transformer_layers.layers.5,LO1,test,sub-10,5919,78,rsa,0.02169990912079811
mmaction2/timesformer_jointST_8xb8-8x32x1-15e_kinetics400-rgb,backbone.transformer_layers.layers.5,LO2,test,sub-10,5919,80,rsa,0.031142422929406166
mmaction2/timesformer_jointST_8xb8-8x32x1-15e_kinetics400-rgb,backbone.transformer_layers.layers.5,LO3,test,sub-10,5919,113,rsa,0.005935340188443661
mmaction2/timesformer_jointST_8xb8-8x32x1-15e_kinetics400-rgb,backbone.transformer_layers.layers.5,V7,test,sub-10,5919,61,rsa,0.019427604973316193
mmaction2/timesformer_jointST_8xb8-8x32x1-15e_kinetics400-rgb,backbone.transformer_layers.layers.5,IP0,test,sub-10,5919,103,rsa,0.014700031839311123
mmaction2/timesformer_jointST_8xb8-8x32x1-15e_kinetics400-rgb,backbone.transformer_layers.layers.5,IP1,test,sub-10,5919,33,rsa,0.000735319044906646
mmaction2/timesformer_jointST_8xb8-8x32x1-15e_kinetics400-rgb,backbone.transformer_layers.layers.5,MIP,test,sub-10,5919,178,rsa,0.02453186921775341
mmaction2/timesformer_jointST_8xb8-8x32x1-15e_kinetics400-rgb,backbone.transformer_layers.layers.5,VIP,test,sub-10,5919,100,rsa,0.011411169543862343
mmaction2/timesformer_jointST_8xb8-8x32x1-15e_kinetics400-rgb,backbone.transformer_layers.layers.5,LIPd,test,sub-10,5919,31,rsa,0.0012536603026092052
mmaction2/timesformer_jointST_8xb8-8x32x1-15e_kinetics400-rgb,backbone.transformer_layers.layers.5,LIPv,test,sub-10,5919,75,rsa,0.0221257247030735
mmaction2/timesformer_jointST_8xb8-8x32x1-15e_kinetics400-rgb,backbone.transformer_layers.layers.5,AIP,test,sub-10,5919,409,rsa,-0.0020090399775654078
mmaction2/timesformer_jointST_8xb8-8x32x1-15e_kinetics400-rgb,backbone.transformer_layers.layers.5,7Pm,test,sub-10,5919,21,rsa,-0.015142813324928284
mmaction2/timesformer_jointST_8xb8-8x32x1-15e_kinetics400-rgb,backbone.transformer_layers.layers.5,7PL,test,sub-10,5919,106,rsa,0.02906562201678753
mmaction2/timesformer_jointST_8xb8-8x32x1-15e_kinetics400-rgb,backbone.transformer_layers.layers.5,7PC,test,sub-10,5919,224,rsa,0.0010011623380705714
mmaction2/timesformer_jointST_8xb8-8x32x1-15e_kinetics400-rgb,backbone.transformer_layers.layers.5,7Am,test,sub-10,5919,186,rsa,0.017185956239700317
mmaction2/timesformer_jointST_8xb8-8x32x1-15e_kinetics400-rgb,backbone.transformer_layers.layers.5,7AL,test,sub-10,5919,158,rsa,0.006344249472022057
mmaction2/timesformer_jointST_8xb8-8x32x1-15e_kinetics400-rgb,backbone.transformer_layers.layers.5,VVC,test,sub-10,5919,196,rsa,0.013248958624899387
mmaction2/timesformer_jointST_8xb8-8x32x1-15e_kinetics400-rgb,backbone.transformer_layers.layers.5,VMV2,test,sub-10,5919,94,rsa,0.008097360841929913
mmaction2/timesformer_jointST_8xb8-8x32x1-15e_kinetics400-rgb,backbone.transformer_layers.layers.5,VMV3,test,sub-10,5919,98,rsa,0.03129836171865463
mmaction2/timesformer_jointST_8xb8-8x32x1-15e_kinetics400-rgb,backbone.transformer_layers.layers.5,VMV1,test,sub-10,5919,42,rsa,0.026259642094373703
mmaction2/timesformer_jointST_8xb8-8x32x1-15e_kinetics400-rgb,backbone.transformer_layers.layers.5,PHA2,test,sub-10,5919,21,rsa,0.01478735450655222
mmaction2/timesformer_jointST_8xb8-8x32x1-15e_kinetics400-rgb,backbone.transformer_layers.layers.5,PHA3,test,sub-10,5919,104,rsa,0.04093291237950325
mmaction2/timesformer_jointST_8xb8-8x32x1-15e_kinetics400-rgb,backbone.transformer_layers.layers.5,PH,test,sub-10,5919,261,rsa,0.02304915525019169
mmaction2/timesformer_jointST_8xb8-8x32x1-15e_kinetics400-rgb,backbone.transformer_layers.layers.6,V1,test,sub-10,5919,553,rsa,0.07668675482273102
mmaction2/timesformer_jointST_8xb8-8x32x1-15e_kinetics400-rgb,backbone.transformer_layers.layers.6,V2,test,sub-10,5919,516,rsa,0.07398659735918045
mmaction2/timesformer_jointST_8xb8-8x32x1-15e_kinetics400-rgb,backbone.transformer_layers.layers.6,V3,test,sub-10,5919,400,rsa,0.07557308673858643
mmaction2/timesformer_jointST_8xb8-8x32x1-15e_kinetics400-rgb,backbone.transformer_layers.layers.6,V4,test,sub-10,5919,574,rsa,0.06242765113711357
mmaction2/timesformer_jointST_8xb8-8x32x1-15e_kinetics400-rgb,backbone.transformer_layers.layers.6,V3A,test,sub-10,5919,85,rsa,0.05601779744029045
mmaction2/timesformer_jointST_8xb8-8x32x1-15e_kinetics400-rgb,backbone.transformer_layers.layers.6,V3B,test,sub-10,5919,99,rsa,0.028818029910326004
mmaction2/timesformer_jointST_8xb8-8x32x1-15e_kinetics400-rgb,backbone.transformer_layers.layers.6,V6,test,sub-10,5919,11,rsa,-0.03020508587360382
mmaction2/timesformer_jointST_8xb8-8x32x1-15e_kinetics400-rgb,backbone.transformer_layers.layers.6,V6A,test,sub-10,5919,45,rsa,0.01894974522292614
mmaction2/timesformer_jointST_8xb8-8x32x1-15e_kinetics400-rgb,backbone.transformer_layers.layers.6,V7,test,sub-10,5919,61,rsa,0.017576999962329865
mmaction2/timesformer_jointST_8xb8-8x32x1-15e_kinetics400-rgb,backbone.transformer_layers.layers.6,V8,test,sub-10,5919,96,rsa,0.012752601876854897
mmaction2/timesformer_jointST_8xb8-8x32x1-15e_kinetics400-rgb,backbone.transformer_layers.layers.6,FFC,test,sub-10,5919,244,rsa,0.030225446447730064
mmaction2/timesformer_jointST_8xb8-8x32x1-15e_kinetics400-rgb,backbone.transformer_layers.layers.6,PIT,test,sub-10,5919,100,rsa,0.020651800557971
mmaction2/timesformer_jointST_8xb8-8x32x1-15e_kinetics400-rgb,backbone.transformer_layers.layers.6,IPS1,test,sub-10,5919,166,rsa,0.019621731713414192
mmaction2/timesformer_jointST_8xb8-8x32x1-15e_kinetics400-rgb,backbone.transformer_layers.layers.6,MST,test,sub-10,5919,135,rsa,0.032881300896406174
mmaction2/timesformer_jointST_8xb8-8x32x1-15e_kinetics400-rgb,backbone.transformer_layers.layers.6,MT,test,sub-10,5919,86,rsa,0.021978864446282387
mmaction2/timesformer_jointST_8xb8-8x32x1-15e_kinetics400-rgb,backbone.transformer_layers.layers.6,FST,test,sub-10,5919,167,rsa,0.034609630703926086
mmaction2/timesformer_jointST_8xb8-8x32x1-15e_kinetics400-rgb,backbone.transformer_layers.layers.6,LO1,test,sub-10,5919,78,rsa,0.022542105987668037
mmaction2/timesformer_jointST_8xb8-8x32x1-15e_kinetics400-rgb,backbone.transformer_layers.layers.6,LO2,test,sub-10,5919,80,rsa,0.029581114649772644
mmaction2/timesformer_jointST_8xb8-8x32x1-15e_kinetics400-rgb,backbone.transformer_layers.layers.6,LO3,test,sub-10,5919,113,rsa,0.005287102423608303
mmaction2/timesformer_jointST_8xb8-8x32x1-15e_kinetics400-rgb,backbone.transformer_layers.layers.6,V7,test,sub-10,5919,61,rsa,0.017576999962329865
mmaction2/timesformer_jointST_8xb8-8x32x1-15e_kinetics400-rgb,backbone.transformer_layers.layers.6,IP0,test,sub-10,5919,103,rsa,0.01723189279437065
mmaction2/timesformer_jointST_8xb8-8x32x1-15e_kinetics400-rgb,backbone.transformer_layers.layers.6,IP1,test,sub-10,5919,33,rsa,0.0005038345116190612
mmaction2/timesformer_jointST_8xb8-8x32x1-15e_kinetics400-rgb,backbone.transformer_layers.layers.6,MIP,test,sub-10,5919,178,rsa,0.02190977893769741
mmaction2/timesformer_jointST_8xb8-8x32x1-15e_kinetics400-rgb,backbone.transformer_layers.layers.6,VIP,test,sub-10,5919,100,rsa,0.00962050911039114
mmaction2/timesformer_jointST_8xb8-8x32x1-15e_kinetics400-rgb,backbone.transformer_layers.layers.6,LIPd,test,sub-10,5919,31,rsa,-0.0002710233093239367
mmaction2/timesformer_jointST_8xb8-8x32x1-15e_kinetics400-rgb,backbone.transformer_layers.layers.6,LIPv,test,sub-10,5919,75,rsa,0.02310224249958992
mmaction2/timesformer_jointST_8xb8-8x32x1-15e_kinetics400-rgb,backbone.transformer_layers.layers.6,AIP,test,sub-10,5919,409,rsa,-0.002057544654235244
mmaction2/timesformer_jointST_8xb8-8x32x1-15e_kinetics400-rgb,backbone.transformer_layers.layers.6,7Pm,test,sub-10,5919,21,rsa,-0.01560907531529665
mmaction2/timesformer_jointST_8xb8-8x32x1-15e_kinetics400-rgb,backbone.transformer_layers.layers.6,7PL,test,sub-10,5919,106,rsa,0.028481993824243546
mmaction2/timesformer_jointST_8xb8-8x32x1-15e_kinetics400-rgb,backbone.transformer_layers.layers.6,7PC,test,sub-10,5919,224,rsa,0.003259438555687666
mmaction2/timesformer_jointST_8xb8-8x32x1-15e_kinetics400-rgb,backbone.transformer_layers.layers.6,7Am,test,sub-10,5919,186,rsa,0.016719810664653778
mmaction2/timesformer_jointST_8xb8-8x32x1-15e_kinetics400-rgb,backbone.transformer_layers.layers.6,7AL,test,sub-10,5919,158,rsa,0.007634222041815519
mmaction2/timesformer_jointST_8xb8-8x32x1-15e_kinetics400-rgb,backbone.transformer_layers.layers.6,VVC,test,sub-10,5919,196,rsa,0.015589935705065727
mmaction2/timesformer_jointST_8xb8-8x32x1-15e_kinetics400-rgb,backbone.transformer_layers.layers.6,VMV2,test,sub-10,5919,94,rsa,0.009523247368633747
mmaction2/timesformer_jointST_8xb8-8x32x1-15e_kinetics400-rgb,backbone.transformer_layers.layers.6,VMV3,test,sub-10,5919,98,rsa,0.03421667218208313
mmaction2/timesformer_jointST_8xb8-8x32x1-15e_kinetics400-rgb,backbone.transformer_layers.layers.6,VMV1,test,sub-10,5919,42,rsa,0.026384124532341957
mmaction2/timesformer_jointST_8xb8-8x32x1-15e_kinetics400-rgb,backbone.transformer_layers.layers.6,PHA2,test,sub-10,5919,21,rsa,0.011550807394087315
mmaction2/timesformer_jointST_8xb8-8x32x1-15e_kinetics400-rgb,backbone.transformer_layers.layers.6,PHA3,test,sub-10,5919,104,rsa,0.038522131741046906
mmaction2/timesformer_jointST_8xb8-8x32x1-15e_kinetics400-rgb,backbone.transformer_layers.layers.6,PH,test,sub-10,5919,261,rsa,0.023130325600504875
mmaction2/timesformer_jointST_8xb8-8x32x1-15e_kinetics400-rgb,backbone.transformer_layers.layers.7,V1,test,sub-10,5919,553,rsa,0.07745504379272461
mmaction2/timesformer_jointST_8xb8-8x32x1-15e_kinetics400-rgb,backbone.transformer_layers.layers.7,V2,test,sub-10,5919,516,rsa,0.0748259574174881
mmaction2/timesformer_jointST_8xb8-8x32x1-15e_kinetics400-rgb,backbone.transformer_layers.layers.7,V3,test,sub-10,5919,400,rsa,0.07637584954500198
mmaction2/timesformer_jointST_8xb8-8x32x1-15e_kinetics400-rgb,backbone.transformer_layers.layers.7,V4,test,sub-10,5919,574,rsa,0.06329450011253357
mmaction2/timesformer_jointST_8xb8-8x32x1-15e_kinetics400-rgb,backbone.transformer_layers.layers.7,V3A,test,sub-10,5919,85,rsa,0.056811027228832245
mmaction2/timesformer_jointST_8xb8-8x32x1-15e_kinetics400-rgb,backbone.transformer_layers.layers.7,V3B,test,sub-10,5919,99,rsa,0.029542524367570877
mmaction2/timesformer_jointST_8xb8-8x32x1-15e_kinetics400-rgb,backbone.transformer_layers.layers.7,V6,test,sub-10,5919,11,rsa,-0.0306088887155056
mmaction2/timesformer_jointST_8xb8-8x32x1-15e_kinetics400-rgb,backbone.transformer_layers.layers.7,V6A,test,sub-10,5919,45,rsa,0.01968403160572052
mmaction2/timesformer_jointST_8xb8-8x32x1-15e_kinetics400-rgb,backbone.transformer_layers.layers.7,V7,test,sub-10,5919,61,rsa,0.01862434111535549
mmaction2/timesformer_jointST_8xb8-8x32x1-15e_kinetics400-rgb,backbone.transformer_layers.layers.7,V8,test,sub-10,5919,96,rsa,0.013182352297008038
mmaction2/timesformer_jointST_8xb8-8x32x1-15e_kinetics400-rgb,backbone.transformer_layers.layers.7,FFC,test,sub-10,5919,244,rsa,0.031517282128334045
mmaction2/timesformer_jointST_8xb8-8x32x1-15e_kinetics400-rgb,backbone.transformer_layers.layers.7,PIT,test,sub-10,5919,100,rsa,0.021319210529327393
mmaction2/timesformer_jointST_8xb8-8x32x1-15e_kinetics400-rgb,backbone.transformer_layers.layers.7,IPS1,test,sub-10,5919,166,rsa,0.01965055987238884
mmaction2/timesformer_jointST_8xb8-8x32x1-15e_kinetics400-rgb,backbone.transformer_layers.layers.7,MST,test,sub-10,5919,135,rsa,0.03385642170906067
mmaction2/timesformer_jointST_8xb8-8x32x1-15e_kinetics400-rgb,backbone.transformer_layers.layers.7,MT,test,sub-10,5919,86,rsa,0.02292775735259056
mmaction2/timesformer_jointST_8xb8-8x32x1-15e_kinetics400-rgb,backbone.transformer_layers.layers.7,FST,test,sub-10,5919,167,rsa,0.035368412733078
mmaction2/timesformer_jointST_8xb8-8x32x1-15e_kinetics400-rgb,backbone.transformer_layers.layers.7,LO1,test,sub-10,5919,78,rsa,0.023631881922483444
mmaction2/timesformer_jointST_8xb8-8x32x1-15e_kinetics400-rgb,backbone.transformer_layers.layers.7,LO2,test,sub-10,5919,80,rsa,0.02984706126153469
mmaction2/timesformer_jointST_8xb8-8x32x1-15e_kinetics400-rgb,backbone.transformer_layers.layers.7,LO3,test,sub-10,5919,113,rsa,0.006077333353459835
mmaction2/timesformer_jointST_8xb8-8x32x1-15e_kinetics400-rgb,backbone.transformer_layers.layers.7,V7,test,sub-10,5919,61,rsa,0.01862434111535549
mmaction2/timesformer_jointST_8xb8-8x32x1-15e_kinetics400-rgb,backbone.transformer_layers.layers.7,IP0,test,sub-10,5919,103,rsa,0.018093004822731018
mmaction2/timesformer_jointST_8xb8-8x32x1-15e_kinetics400-rgb,backbone.transformer_layers.layers.7,IP1,test,sub-10,5919,33,rsa,3.3708394767018035e-05
mmaction2/timesformer_jointST_8xb8-8x32x1-15e_kinetics400-rgb,backbone.transformer_layers.layers.7,MIP,test,sub-10,5919,178,rsa,0.02180895395576954
mmaction2/timesformer_jointST_8xb8-8x32x1-15e_kinetics400-rgb,backbone.transformer_layers.layers.7,VIP,test,sub-10,5919,100,rsa,0.009471994824707508
mmaction2/timesformer_jointST_8xb8-8x32x1-15e_kinetics400-rgb,backbone.transformer_layers.layers.7,LIPd,test,sub-10,5919,31,rsa,-0.0004215870867483318
mmaction2/timesformer_jointST_8xb8-8x32x1-15e_kinetics400-rgb,backbone.transformer_layers.layers.7,LIPv,test,sub-10,5919,75,rsa,0.023130321875214577
mmaction2/timesformer_jointST_8xb8-8x32x1-15e_kinetics400-rgb,backbone.transformer_layers.layers.7,AIP,test,sub-10,5919,409,rsa,-0.0022493056021630764
mmaction2/timesformer_jointST_8xb8-8x32x1-15e_kinetics400-rgb,backbone.transformer_layers.layers.7,7Pm,test,sub-10,5919,21,rsa,-0.015681225806474686
mmaction2/timesformer_jointST_8xb8-8x32x1-15e_kinetics400-rgb,backbone.transformer_layers.layers.7,7PL,test,sub-10,5919,106,rsa,0.02828390523791313
mmaction2/timesformer_jointST_8xb8-8x32x1-15e_kinetics400-rgb,backbone.transformer_layers.layers.7,7PC,test,sub-10,5919,224,rsa,0.0041251820512115955
mmaction2/timesformer_jointST_8xb8-8x32x1-15e_kinetics400-rgb,backbone.transformer_layers.layers.7,7Am,test,sub-10,5919,186,rsa,0.01665816269814968
mmaction2/timesformer_jointST_8xb8-8x32x1-15e_kinetics400-rgb,backbone.transformer_layers.layers.7,7AL,test,sub-10,5919,158,rsa,0.007730027195066214
mmaction2/timesformer_jointST_8xb8-8x32x1-15e_kinetics400-rgb,backbone.transformer_layers.layers.7,VVC,test,sub-10,5919,196,rsa,0.016688792034983635
mmaction2/timesformer_jointST_8xb8-8x32x1-15e_kinetics400-rgb,backbone.transformer_layers.layers.7,VMV2,test,sub-10,5919,94,rsa,0.01053010206669569
mmaction2/timesformer_jointST_8xb8-8x32x1-15e_kinetics400-rgb,backbone.transformer_layers.layers.7,VMV3,test,sub-10,5919,98,rsa,0.03523234277963638
mmaction2/timesformer_jointST_8xb8-8x32x1-15e_kinetics400-rgb,backbone.transformer_layers.layers.7,VMV1,test,sub-10,5919,42,rsa,0.026664448902010918
mmaction2/timesformer_jointST_8xb8-8x32x1-15e_kinetics400-rgb,backbone.transformer_layers.layers.7,PHA2,test,sub-10,5919,21,rsa,0.011609451845288277
mmaction2/timesformer_jointST_8xb8-8x32x1-15e_kinetics400-rgb,backbone.transformer_layers.layers.7,PHA3,test,sub-10,5919,104,rsa,0.03923071548342705
mmaction2/timesformer_jointST_8xb8-8x32x1-15e_kinetics400-rgb,backbone.transformer_layers.layers.7,PH,test,sub-10,5919,261,rsa,0.02447430044412613
mmaction2/timesformer_jointST_8xb8-8x32x1-15e_kinetics400-rgb,backbone.transformer_layers.layers.8,V1,test,sub-10,5919,553,rsa,0.07904335111379623
mmaction2/timesformer_jointST_8xb8-8x32x1-15e_kinetics400-rgb,backbone.transformer_layers.layers.8,V2,test,sub-10,5919,516,rsa,0.07693993300199509
mmaction2/timesformer_jointST_8xb8-8x32x1-15e_kinetics400-rgb,backbone.transformer_layers.layers.8,V3,test,sub-10,5919,400,rsa,0.0784432590007782
mmaction2/timesformer_jointST_8xb8-8x32x1-15e_kinetics400-rgb,backbone.transformer_layers.layers.8,V4,test,sub-10,5919,574,rsa,0.06518525630235672
mmaction2/timesformer_jointST_8xb8-8x32x1-15e_kinetics400-rgb,backbone.transformer_layers.layers.8,V3A,test,sub-10,5919,85,rsa,0.057448290288448334
mmaction2/timesformer_jointST_8xb8-8x32x1-15e_kinetics400-rgb,backbone.transformer_layers.layers.8,V3B,test,sub-10,5919,99,rsa,0.03054875135421753
mmaction2/timesformer_jointST_8xb8-8x32x1-15e_kinetics400-rgb,backbone.transformer_layers.layers.8,V6,test,sub-10,5919,11,rsa,-0.03173613175749779
mmaction2/timesformer_jointST_8xb8-8x32x1-15e_kinetics400-rgb,backbone.transformer_layers.layers.8,V6A,test,sub-10,5919,45,rsa,0.02006298303604126
mmaction2/timesformer_jointST_8xb8-8x32x1-15e_kinetics400-rgb,backbone.transformer_layers.layers.8,V7,test,sub-10,5919,61,rsa,0.019578542560338974
mmaction2/timesformer_jointST_8xb8-8x32x1-15e_kinetics400-rgb,backbone.transformer_layers.layers.8,V8,test,sub-10,5919,96,rsa,0.013333196751773357
mmaction2/timesformer_jointST_8xb8-8x32x1-15e_kinetics400-rgb,backbone.transformer_layers.layers.8,FFC,test,sub-10,5919,244,rsa,0.032945334911346436
mmaction2/timesformer_jointST_8xb8-8x32x1-15e_kinetics400-rgb,backbone.transformer_layers.layers.8,PIT,test,sub-10,5919,100,rsa,0.02268124930560589
mmaction2/timesformer_jointST_8xb8-8x32x1-15e_kinetics400-rgb,backbone.transformer_layers.layers.8,IPS1,test,sub-10,5919,166,rsa,0.02018067054450512
mmaction2/timesformer_jointST_8xb8-8x32x1-15e_kinetics400-rgb,backbone.transformer_layers.layers.8,MST,test,sub-10,5919,135,rsa,0.03410040959715843
mmaction2/timesformer_jointST_8xb8-8x32x1-15e_kinetics400-rgb,backbone.transformer_layers.layers.8,MT,test,sub-10,5919,86,rsa,0.02478649839758873
mmaction2/timesformer_jointST_8xb8-8x32x1-15e_kinetics400-rgb,backbone.transformer_layers.layers.8,FST,test,sub-10,5919,167,rsa,0.0357692688703537
mmaction2/timesformer_jointST_8xb8-8x32x1-15e_kinetics400-rgb,backbone.transformer_layers.layers.8,LO1,test,sub-10,5919,78,rsa,0.025168808177113533
mmaction2/timesformer_jointST_8xb8-8x32x1-15e_kinetics400-rgb,backbone.transformer_layers.layers.8,LO2,test,sub-10,5919,80,rsa,0.030598167330026627
mmaction2/timesformer_jointST_8xb8-8x32x1-15e_kinetics400-rgb,backbone.transformer_layers.layers.8,LO3,test,sub-10,5919,113,rsa,0.007076558656990528
mmaction2/timesformer_jointST_8xb8-8x32x1-15e_kinetics400-rgb,backbone.transformer_layers.layers.8,V7,test,sub-10,5919,61,rsa,0.019578542560338974
mmaction2/timesformer_jointST_8xb8-8x32x1-15e_kinetics400-rgb,backbone.transformer_layers.layers.8,IP0,test,sub-10,5919,103,rsa,0.01927780918776989
mmaction2/timesformer_jointST_8xb8-8x32x1-15e_kinetics400-rgb,backbone.transformer_layers.layers.8,IP1,test,sub-10,5919,33,rsa,0.0004436654853634536
mmaction2/timesformer_jointST_8xb8-8x32x1-15e_kinetics400-rgb,backbone.transformer_layers.layers.8,MIP,test,sub-10,5919,178,rsa,0.022512920200824738
mmaction2/timesformer_jointST_8xb8-8x32x1-15e_kinetics400-rgb,backbone.transformer_layers.layers.8,VIP,test,sub-10,5919,100,rsa,0.009369848296046257
mmaction2/timesformer_jointST_8xb8-8x32x1-15e_kinetics400-rgb,backbone.transformer_layers.layers.8,LIPd,test,sub-10,5919,31,rsa,0.00024164977367036045
mmaction2/timesformer_jointST_8xb8-8x32x1-15e_kinetics400-rgb,backbone.transformer_layers.layers.8,LIPv,test,sub-10,5919,75,rsa,0.023793451488018036
mmaction2/timesformer_jointST_8xb8-8x32x1-15e_kinetics400-rgb,backbone.transformer_layers.layers.8,AIP,test,sub-10,5919,409,rsa,-0.0021082854364067316
mmaction2/timesformer_jointST_8xb8-8x32x1-15e_kinetics400-rgb,backbone.transformer_layers.layers.8,7Pm,test,sub-10,5919,21,rsa,-0.015033707022666931
mmaction2/timesformer_jointST_8xb8-8x32x1-15e_kinetics400-rgb,backbone.transformer_layers.layers.8,7PL,test,sub-10,5919,106,rsa,0.029284263029694557
mmaction2/timesformer_jointST_8xb8-8x32x1-15e_kinetics400-rgb,backbone.transformer_layers.layers.8,7PC,test,sub-10,5919,224,rsa,0.003971821162849665
mmaction2/timesformer_jointST_8xb8-8x32x1-15e_kinetics400-rgb,backbone.transformer_layers.layers.8,7Am,test,sub-10,5919,186,rsa,0.017275482416152954
mmaction2/timesformer_jointST_8xb8-8x32x1-15e_kinetics400-rgb,backbone.transformer_layers.layers.8,7AL,test,sub-10,5919,158,rsa,0.0078960582613945
mmaction2/timesformer_jointST_8xb8-8x32x1-15e_kinetics400-rgb,backbone.transformer_layers.layers.8,VVC,test,sub-10,5919,196,rsa,0.017956675961613655
mmaction2/timesformer_jointST_8xb8-8x32x1-15e_kinetics400-rgb,backbone.transformer_layers.layers.8,VMV2,test,sub-10,5919,94,rsa,0.011164925061166286
mmaction2/timesformer_jointST_8xb8-8x32x1-15e_kinetics400-rgb,backbone.transformer_layers.layers.8,VMV3,test,sub-10,5919,98,rsa,0.03583202138543129
mmaction2/timesformer_jointST_8xb8-8x32x1-15e_kinetics400-rgb,backbone.transformer_layers.layers.8,VMV1,test,sub-10,5919,42,rsa,0.02748759277164936
mmaction2/timesformer_jointST_8xb8-8x32x1-15e_kinetics400-rgb,backbone.transformer_layers.layers.8,PHA2,test,sub-10,5919,21,rsa,0.01211004238575697
mmaction2/timesformer_jointST_8xb8-8x32x1-15e_kinetics400-rgb,backbone.transformer_layers.layers.8,PHA3,test,sub-10,5919,104,rsa,0.03995196521282196
mmaction2/timesformer_jointST_8xb8-8x32x1-15e_kinetics400-rgb,backbone.transformer_layers.layers.8,PH,test,sub-10,5919,261,rsa,0.026390405371785164
mmaction2/timesformer_jointST_8xb8-8x32x1-15e_kinetics400-rgb,backbone.transformer_layers.layers.9,V1,test,sub-10,5919,553,rsa,0.08000434935092926
mmaction2/timesformer_jointST_8xb8-8x32x1-15e_kinetics400-rgb,backbone.transformer_layers.layers.9,V2,test,sub-10,5919,516,rsa,0.07835264503955841
mmaction2/timesformer_jointST_8xb8-8x32x1-15e_kinetics400-rgb,backbone.transformer_layers.layers.9,V3,test,sub-10,5919,400,rsa,0.07982175052165985
mmaction2/timesformer_jointST_8xb8-8x32x1-15e_kinetics400-rgb,backbone.transformer_layers.layers.9,V4,test,sub-10,5919,574,rsa,0.06727586686611176
mmaction2/timesformer_jointST_8xb8-8x32x1-15e_kinetics400-rgb,backbone.transformer_layers.layers.9,V3A,test,sub-10,5919,85,rsa,0.058389049023389816
mmaction2/timesformer_jointST_8xb8-8x32x1-15e_kinetics400-rgb,backbone.transformer_layers.layers.9,V3B,test,sub-10,5919,99,rsa,0.03126462921500206
mmaction2/timesformer_jointST_8xb8-8x32x1-15e_kinetics400-rgb,backbone.transformer_layers.layers.9,V6,test,sub-10,5919,11,rsa,-0.03193019703030586
mmaction2/timesformer_jointST_8xb8-8x32x1-15e_kinetics400-rgb,backbone.transformer_layers.layers.9,V6A,test,sub-10,5919,45,rsa,0.020894324406981468
mmaction2/timesformer_jointST_8xb8-8x32x1-15e_kinetics400-rgb,backbone.transformer_layers.layers.9,V7,test,sub-10,5919,61,rsa,0.020441196858882904
mmaction2/timesformer_jointST_8xb8-8x32x1-15e_kinetics400-rgb,backbone.transformer_layers.layers.9,V8,test,sub-10,5919,96,rsa,0.014319589361548424
mmaction2/timesformer_jointST_8xb8-8x32x1-15e_kinetics400-rgb,backbone.transformer_layers.layers.9,FFC,test,sub-10,5919,244,rsa,0.034703634679317474
mmaction2/timesformer_jointST_8xb8-8x32x1-15e_kinetics400-rgb,backbone.transformer_layers.layers.9,PIT,test,sub-10,5919,100,rsa,0.02397284470498562
mmaction2/timesformer_jointST_8xb8-8x32x1-15e_kinetics400-rgb,backbone.transformer_layers.layers.9,IPS1,test,sub-10,5919,166,rsa,0.020626790821552277
mmaction2/timesformer_jointST_8xb8-8x32x1-15e_kinetics400-rgb,backbone.transformer_layers.layers.9,MST,test,sub-10,5919,135,rsa,0.03547115996479988
mmaction2/timesformer_jointST_8xb8-8x32x1-15e_kinetics400-rgb,backbone.transformer_layers.layers.9,MT,test,sub-10,5919,86,rsa,0.026725787669420242
mmaction2/timesformer_jointST_8xb8-8x32x1-15e_kinetics400-rgb,backbone.transformer_layers.layers.9,FST,test,sub-10,5919,167,rsa,0.036377642303705215
mmaction2/timesformer_jointST_8xb8-8x32x1-15e_kinetics400-rgb,backbone.transformer_layers.layers.9,LO1,test,sub-10,5919,78,rsa,0.026531729847192764
mmaction2/timesformer_jointST_8xb8-8x32x1-15e_kinetics400-rgb,backbone.transformer_layers.layers.9,LO2,test,sub-10,5919,80,rsa,0.03174200654029846
mmaction2/timesformer_jointST_8xb8-8x32x1-15e_kinetics400-rgb,backbone.transformer_layers.layers.9,LO3,test,sub-10,5919,113,rsa,0.00795263797044754
mmaction2/timesformer_jointST_8xb8-8x32x1-15e_kinetics400-rgb,backbone.transformer_layers.layers.9,V7,test,sub-10,5919,61,rsa,0.020441196858882904
mmaction2/timesformer_jointST_8xb8-8x32x1-15e_kinetics400-rgb,backbone.transformer_layers.layers.9,IP0,test,sub-10,5919,103,rsa,0.020523110404610634
mmaction2/timesformer_jointST_8xb8-8x32x1-15e_kinetics400-rgb,backbone.transformer_layers.layers.9,IP1,test,sub-10,5919,33,rsa,0.00046281542745418847
mmaction2/timesformer_jointST_8xb8-8x32x1-15e_kinetics400-rgb,backbone.transformer_layers.layers.9,MIP,test,sub-10,5919,178,rsa,0.022221021354198456
mmaction2/timesformer_jointST_8xb8-8x32x1-15e_kinetics400-rgb,backbone.transformer_layers.layers.9,VIP,test,sub-10,5919,100,rsa,0.009683255106210709
mmaction2/timesformer_jointST_8xb8-8x32x1-15e_kinetics400-rgb,backbone.transformer_layers.layers.9,LIPd,test,sub-10,5919,31,rsa,0.0004635455261450261
mmaction2/timesformer_jointST_8xb8-8x32x1-15e_kinetics400-rgb,backbone.transformer_layers.layers.9,LIPv,test,sub-10,5919,75,rsa,0.023480184376239777
mmaction2/timesformer_jointST_8xb8-8x32x1-15e_kinetics400-rgb,backbone.transformer_layers.layers.9,AIP,test,sub-10,5919,409,rsa,-0.0020791178103536367
mmaction2/timesformer_jointST_8xb8-8x32x1-15e_kinetics400-rgb,backbone.transformer_layers.layers.9,7Pm,test,sub-10,5919,21,rsa,-0.014499697834253311
mmaction2/timesformer_jointST_8xb8-8x32x1-15e_kinetics400-rgb,backbone.transformer_layers.layers.9,7PL,test,sub-10,5919,106,rsa,0.02955923229455948
mmaction2/timesformer_jointST_8xb8-8x32x1-15e_kinetics400-rgb,backbone.transformer_layers.layers.9,7PC,test,sub-10,5919,224,rsa,0.0038555532228201628
mmaction2/timesformer_jointST_8xb8-8x32x1-15e_kinetics400-rgb,backbone.transformer_layers.layers.9,7Am,test,sub-10,5919,186,rsa,0.01726543717086315
mmaction2/timesformer_jointST_8xb8-8x32x1-15e_kinetics400-rgb,backbone.transformer_layers.layers.9,7AL,test,sub-10,5919,158,rsa,0.007919958792626858
mmaction2/timesformer_jointST_8xb8-8x32x1-15e_kinetics400-rgb,backbone.transformer_layers.layers.9,VVC,test,sub-10,5919,196,rsa,0.019048718735575676
mmaction2/timesformer_jointST_8xb8-8x32x1-15e_kinetics400-rgb,backbone.transformer_layers.layers.9,VMV2,test,sub-10,5919,94,rsa,0.012327405624091625
mmaction2/timesformer_jointST_8xb8-8x32x1-15e_kinetics400-rgb,backbone.transformer_layers.layers.9,VMV3,test,sub-10,5919,98,rsa,0.03690167888998985
mmaction2/timesformer_jointST_8xb8-8x32x1-15e_kinetics400-rgb,backbone.transformer_layers.layers.9,VMV1,test,sub-10,5919,42,rsa,0.028113126754760742
mmaction2/timesformer_jointST_8xb8-8x32x1-15e_kinetics400-rgb,backbone.transformer_layers.layers.9,PHA2,test,sub-10,5919,21,rsa,0.012777634896337986
mmaction2/timesformer_jointST_8xb8-8x32x1-15e_kinetics400-rgb,backbone.transformer_layers.layers.9,PHA3,test,sub-10,5919,104,rsa,0.040593139827251434
mmaction2/timesformer_jointST_8xb8-8x32x1-15e_kinetics400-rgb,backbone.transformer_layers.layers.9,PH,test,sub-10,5919,261,rsa,0.027634432539343834
mmaction2/timesformer_jointST_8xb8-8x32x1-15e_kinetics400-rgb,backbone.transformer_layers.layers.10,V1,test,sub-10,5919,553,rsa,0.08287772536277771
mmaction2/timesformer_jointST_8xb8-8x32x1-15e_kinetics400-rgb,backbone.transformer_layers.layers.10,V2,test,sub-10,5919,516,rsa,0.08149455487728119
mmaction2/timesformer_jointST_8xb8-8x32x1-15e_kinetics400-rgb,backbone.transformer_layers.layers.10,V3,test,sub-10,5919,400,rsa,0.08364873379468918
mmaction2/timesformer_jointST_8xb8-8x32x1-15e_kinetics400-rgb,backbone.transformer_layers.layers.10,V4,test,sub-10,5919,574,rsa,0.07134366035461426
mmaction2/timesformer_jointST_8xb8-8x32x1-15e_kinetics400-rgb,backbone.transformer_layers.layers.10,V3A,test,sub-10,5919,85,rsa,0.060747772455215454
mmaction2/timesformer_jointST_8xb8-8x32x1-15e_kinetics400-rgb,backbone.transformer_layers.layers.10,V3B,test,sub-10,5919,99,rsa,0.033407215029001236
mmaction2/timesformer_jointST_8xb8-8x32x1-15e_kinetics400-rgb,backbone.transformer_layers.layers.10,V6,test,sub-10,5919,11,rsa,-0.03208260238170624
mmaction2/timesformer_jointST_8xb8-8x32x1-15e_kinetics400-rgb,backbone.transformer_layers.layers.10,V6A,test,sub-10,5919,45,rsa,0.02342996560037136
mmaction2/timesformer_jointST_8xb8-8x32x1-15e_kinetics400-rgb,backbone.transformer_layers.layers.10,V7,test,sub-10,5919,61,rsa,0.022963281720876694
mmaction2/timesformer_jointST_8xb8-8x32x1-15e_kinetics400-rgb,backbone.transformer_layers.layers.10,V8,test,sub-10,5919,96,rsa,0.0168911200016737
mmaction2/timesformer_jointST_8xb8-8x32x1-15e_kinetics400-rgb,backbone.transformer_layers.layers.10,FFC,test,sub-10,5919,244,rsa,0.03903934359550476
mmaction2/timesformer_jointST_8xb8-8x32x1-15e_kinetics400-rgb,backbone.transformer_layers.layers.10,PIT,test,sub-10,5919,100,rsa,0.025388816371560097
mmaction2/timesformer_jointST_8xb8-8x32x1-15e_kinetics400-rgb,backbone.transformer_layers.layers.10,IPS1,test,sub-10,5919,166,rsa,0.02302977815270424
mmaction2/timesformer_jointST_8xb8-8x32x1-15e_kinetics400-rgb,backbone.transformer_layers.layers.10,MST,test,sub-10,5919,135,rsa,0.03860832378268242
mmaction2/timesformer_jointST_8xb8-8x32x1-15e_kinetics400-rgb,backbone.transformer_layers.layers.10,MT,test,sub-10,5919,86,rsa,0.030727947130799294
mmaction2/timesformer_jointST_8xb8-8x32x1-15e_kinetics400-rgb,backbone.transformer_layers.layers.10,FST,test,sub-10,5919,167,rsa,0.038738932460546494
mmaction2/timesformer_jointST_8xb8-8x32x1-15e_kinetics400-rgb,backbone.transformer_layers.layers.10,LO1,test,sub-10,5919,78,rsa,0.031006131321191788
mmaction2/timesformer_jointST_8xb8-8x32x1-15e_kinetics400-rgb,backbone.transformer_layers.layers.10,LO2,test,sub-10,5919,80,rsa,0.03450971096754074
mmaction2/timesformer_jointST_8xb8-8x32x1-15e_kinetics400-rgb,backbone.transformer_layers.layers.10,LO3,test,sub-10,5919,113,rsa,0.012765447609126568
mmaction2/timesformer_jointST_8xb8-8x32x1-15e_kinetics400-rgb,backbone.transformer_layers.layers.10,V7,test,sub-10,5919,61,rsa,0.022963281720876694
mmaction2/timesformer_jointST_8xb8-8x32x1-15e_kinetics400-rgb,backbone.transformer_layers.layers.10,IP0,test,sub-10,5919,103,rsa,0.023802902549505234
mmaction2/timesformer_jointST_8xb8-8x32x1-15e_kinetics400-rgb,backbone.transformer_layers.layers.10,IP1,test,sub-10,5919,33,rsa,0.001077100052498281
mmaction2/timesformer_jointST_8xb8-8x32x1-15e_kinetics400-rgb,backbone.transformer_layers.layers.10,MIP,test,sub-10,5919,178,rsa,0.02279156632721424
mmaction2/timesformer_jointST_8xb8-8x32x1-15e_kinetics400-rgb,backbone.transformer_layers.layers.10,VIP,test,sub-10,5919,100,rsa,0.011954590678215027
mmaction2/timesformer_jointST_8xb8-8x32x1-15e_kinetics400-rgb,backbone.transformer_layers.layers.10,LIPd,test,sub-10,5919,31,rsa,0.0011716040316969156
mmaction2/timesformer_jointST_8xb8-8x32x1-15e_kinetics400-rgb,backbone.transformer_layers.layers.10,LIPv,test,sub-10,5919,75,rsa,0.025138922035694122
mmaction2/timesformer_jointST_8xb8-8x32x1-15e_kinetics400-rgb,backbone.transformer_layers.layers.10,AIP,test,sub-10,5919,409,rsa,-0.0010656208032742143
mmaction2/timesformer_jointST_8xb8-8x32x1-15e_kinetics400-rgb,backbone.transformer_layers.layers.10,7Pm,test,sub-10,5919,21,rsa,-0.012429953552782536
mmaction2/timesformer_jointST_8xb8-8x32x1-15e_kinetics400-rgb,backbone.transformer_layers.layers.10,7PL,test,sub-10,5919,106,rsa,0.030784115195274353
mmaction2/timesformer_jointST_8xb8-8x32x1-15e_kinetics400-rgb,backbone.transformer_layers.layers.10,7PC,test,sub-10,5919,224,rsa,0.005938215181231499
mmaction2/timesformer_jointST_8xb8-8x32x1-15e_kinetics400-rgb,backbone.transformer_layers.layers.10,7Am,test,sub-10,5919,186,rsa,0.017614174634218216
mmaction2/timesformer_jointST_8xb8-8x32x1-15e_kinetics400-rgb,backbone.transformer_layers.layers.10,7AL,test,sub-10,5919,158,rsa,0.007838286459445953
mmaction2/timesformer_jointST_8xb8-8x32x1-15e_kinetics400-rgb,backbone.transformer_layers.layers.10,VVC,test,sub-10,5919,196,rsa,0.022871408611536026
mmaction2/timesformer_jointST_8xb8-8x32x1-15e_kinetics400-rgb,backbone.transformer_layers.layers.10,VMV2,test,sub-10,5919,94,rsa,0.01591254025697708
mmaction2/timesformer_jointST_8xb8-8x32x1-15e_kinetics400-rgb,backbone.transformer_layers.layers.10,VMV3,test,sub-10,5919,98,rsa,0.03943141549825668
mmaction2/timesformer_jointST_8xb8-8x32x1-15e_kinetics400-rgb,backbone.transformer_layers.layers.10,VMV1,test,sub-10,5919,42,rsa,0.03080960176885128
mmaction2/timesformer_jointST_8xb8-8x32x1-15e_kinetics400-rgb,backbone.transformer_layers.layers.10,PHA2,test,sub-10,5919,21,rsa,0.014799291267991066
mmaction2/timesformer_jointST_8xb8-8x32x1-15e_kinetics400-rgb,backbone.transformer_layers.layers.10,PHA3,test,sub-10,5919,104,rsa,0.04354093596339226
mmaction2/timesformer_jointST_8xb8-8x32x1-15e_kinetics400-rgb,backbone.transformer_layers.layers.10,PH,test,sub-10,5919,261,rsa,0.03246483579277992
mmaction2/timesformer_jointST_8xb8-8x32x1-15e_kinetics400-rgb,backbone.transformer_layers.layers.11,V1,test,sub-10,5919,553,rsa,0.09348979592323303
mmaction2/timesformer_jointST_8xb8-8x32x1-15e_kinetics400-rgb,backbone.transformer_layers.layers.11,V2,test,sub-10,5919,516,rsa,0.09167152643203735
mmaction2/timesformer_jointST_8xb8-8x32x1-15e_kinetics400-rgb,backbone.transformer_layers.layers.11,V3,test,sub-10,5919,400,rsa,0.09306652098894119
mmaction2/timesformer_jointST_8xb8-8x32x1-15e_kinetics400-rgb,backbone.transformer_layers.layers.11,V4,test,sub-10,5919,574,rsa,0.09359075874090195
mmaction2/timesformer_jointST_8xb8-8x32x1-15e_kinetics400-rgb,backbone.transformer_layers.layers.11,V3A,test,sub-10,5919,85,rsa,0.0693664699792862
mmaction2/timesformer_jointST_8xb8-8x32x1-15e_kinetics400-rgb,backbone.transformer_layers.layers.11,V3B,test,sub-10,5919,99,rsa,0.04816828668117523
mmaction2/timesformer_jointST_8xb8-8x32x1-15e_kinetics400-rgb,backbone.transformer_layers.layers.11,V6,test,sub-10,5919,11,rsa,-0.021122662350535393
mmaction2/timesformer_jointST_8xb8-8x32x1-15e_kinetics400-rgb,backbone.transformer_layers.layers.11,V6A,test,sub-10,5919,45,rsa,0.03196971118450165
mmaction2/timesformer_jointST_8xb8-8x32x1-15e_kinetics400-rgb,backbone.transformer_layers.layers.11,V7,test,sub-10,5919,61,rsa,0.03750314936041832
mmaction2/timesformer_jointST_8xb8-8x32x1-15e_kinetics400-rgb,backbone.transformer_layers.layers.11,V8,test,sub-10,5919,96,rsa,0.03233258053660393
mmaction2/timesformer_jointST_8xb8-8x32x1-15e_kinetics400-rgb,backbone.transformer_layers.layers.11,FFC,test,sub-10,5919,244,rsa,0.0633290559053421
mmaction2/timesformer_jointST_8xb8-8x32x1-15e_kinetics400-rgb,backbone.transformer_layers.layers.11,PIT,test,sub-10,5919,100,rsa,0.03903382271528244
mmaction2/timesformer_jointST_8xb8-8x32x1-15e_kinetics400-rgb,backbone.transformer_layers.layers.11,IPS1,test,sub-10,5919,166,rsa,0.03222661092877388
mmaction2/timesformer_jointST_8xb8-8x32x1-15e_kinetics400-rgb,backbone.transformer_layers.layers.11,MST,test,sub-10,5919,135,rsa,0.058015093207359314
mmaction2/timesformer_jointST_8xb8-8x32x1-15e_kinetics400-rgb,backbone.transformer_layers.layers.11,MT,test,sub-10,5919,86,rsa,0.05077628046274185
mmaction2/timesformer_jointST_8xb8-8x32x1-15e_kinetics400-rgb,backbone.transformer_layers.layers.11,FST,test,sub-10,5919,167,rsa,0.05086594074964523
mmaction2/timesformer_jointST_8xb8-8x32x1-15e_kinetics400-rgb,backbone.transformer_layers.layers.11,LO1,test,sub-10,5919,78,rsa,0.049702126532793045
mmaction2/timesformer_jointST_8xb8-8x32x1-15e_kinetics400-rgb,backbone.transformer_layers.layers.11,LO2,test,sub-10,5919,80,rsa,0.05351286754012108
mmaction2/timesformer_jointST_8xb8-8x32x1-15e_kinetics400-rgb,backbone.transformer_layers.layers.11,LO3,test,sub-10,5919,113,rsa,0.035380735993385315
mmaction2/timesformer_jointST_8xb8-8x32x1-15e_kinetics400-rgb,backbone.transformer_layers.layers.11,V7,test,sub-10,5919,61,rsa,0.03750314936041832
mmaction2/timesformer_jointST_8xb8-8x32x1-15e_kinetics400-rgb,backbone.transformer_layers.layers.11,IP0,test,sub-10,5919,103,rsa,0.04115783050656319
mmaction2/timesformer_jointST_8xb8-8x32x1-15e_kinetics400-rgb,backbone.transformer_layers.layers.11,IP1,test,sub-10,5919,33,rsa,0.004095279611647129
mmaction2/timesformer_jointST_8xb8-8x32x1-15e_kinetics400-rgb,backbone.transformer_layers.layers.11,MIP,test,sub-10,5919,178,rsa,0.026986343786120415
mmaction2/timesformer_jointST_8xb8-8x32x1-15e_kinetics400-rgb,backbone.transformer_layers.layers.11,VIP,test,sub-10,5919,100,rsa,0.02244531363248825
mmaction2/timesformer_jointST_8xb8-8x32x1-15e_kinetics400-rgb,backbone.transformer_layers.layers.11,LIPd,test,sub-10,5919,31,rsa,0.0027862845454365015
mmaction2/timesformer_jointST_8xb8-8x32x1-15e_kinetics400-rgb,backbone.transformer_layers.layers.11,LIPv,test,sub-10,5919,75,rsa,0.0328700952231884
mmaction2/timesformer_jointST_8xb8-8x32x1-15e_kinetics400-rgb,backbone.transformer_layers.layers.11,AIP,test,sub-10,5919,409,rsa,7.40929608582519e-05
mmaction2/timesformer_jointST_8xb8-8x32x1-15e_kinetics400-rgb,backbone.transformer_layers.layers.11,7Pm,test,sub-10,5919,21,rsa,-0.0041543180122971535
mmaction2/timesformer_jointST_8xb8-8x32x1-15e_kinetics400-rgb,backbone.transformer_layers.layers.11,7PL,test,sub-10,5919,106,rsa,0.037957362830638885
mmaction2/timesformer_jointST_8xb8-8x32x1-15e_kinetics400-rgb,backbone.transformer_layers.layers.11,7PC,test,sub-10,5919,224,rsa,0.012863625772297382
mmaction2/timesformer_jointST_8xb8-8x32x1-15e_kinetics400-rgb,backbone.transformer_layers.layers.11,7Am,test,sub-10,5919,186,rsa,0.02504928968846798
mmaction2/timesformer_jointST_8xb8-8x32x1-15e_kinetics400-rgb,backbone.transformer_layers.layers.11,7AL,test,sub-10,5919,158,rsa,0.011611155234277248
mmaction2/timesformer_jointST_8xb8-8x32x1-15e_kinetics400-rgb,backbone.transformer_layers.layers.11,VVC,test,sub-10,5919,196,rsa,0.03599324822425842
mmaction2/timesformer_jointST_8xb8-8x32x1-15e_kinetics400-rgb,backbone.transformer_layers.layers.11,VMV2,test,sub-10,5919,94,rsa,0.030684731900691986
mmaction2/timesformer_jointST_8xb8-8x32x1-15e_kinetics400-rgb,backbone.transformer_layers.layers.11,VMV3,test,sub-10,5919,98,rsa,0.04698588699102402
mmaction2/timesformer_jointST_8xb8-8x32x1-15e_kinetics400-rgb,backbone.transformer_layers.layers.11,VMV1,test,sub-10,5919,42,rsa,0.042865823954343796
mmaction2/timesformer_jointST_8xb8-8x32x1-15e_kinetics400-rgb,backbone.transformer_layers.layers.11,PHA2,test,sub-10,5919,21,rsa,0.03115830384194851
mmaction2/timesformer_jointST_8xb8-8x32x1-15e_kinetics400-rgb,backbone.transformer_layers.layers.11,PHA3,test,sub-10,5919,104,rsa,0.06634940207004547
mmaction2/timesformer_jointST_8xb8-8x32x1-15e_kinetics400-rgb,backbone.transformer_layers.layers.11,PH,test,sub-10,5919,261,rsa,0.05499652773141861
